start_date,end_date,observations,total_return,twr,annualized_return,xirr,xirr_note,annualized_volatility,maximum_drawdown,maximum_drawdown_duration_sessions,sharpe_zero_rf,annualized_downside_deviation,annualized_gross_turnover,average_positions,average_cash_exposure,average_weight_hhi,average_top5_weight,top5_period_positive_contribution_share,SPY_total_return,SPY_annualized_return,active_annualized_return_vs_SPY,drawdown_difference_vs_SPY,rolling_12m_win_rate_vs_SPY,rolling_24m_win_rate_vs_SPY,rolling_36m_win_rate_vs_SPY,QQQ_total_return,QQQ_annualized_return,active_annualized_return_vs_QQQ,drawdown_difference_vs_QQQ,rolling_12m_win_rate_vs_QQQ,rolling_24m_win_rate_vs_QQQ,rolling_36m_win_rate_vs_QQQ,top5_stock_positive_contribution_share,top5_stock_contributors,configuration_id,candidate,portfolio_size,review_schedule,retention_multiple,version,weighting,fold_id,fold_role,train_start,train_end,test_year
2021-01-04,2021-12-31,252,0.18544728851159054,0.18544728851159054,0.18544728851159054,,not_applicable_no_external_contributions,0.17699473505766875,-0.0905993411032554,51,1.0497559981359146,0.12285805906726559,6.190691466236011,20.0,0.0,0.05006183758615705,0.25962789017624366,0.8751698356886963,0.28728769487345307,0.28728769487345307,-0.10184040636186253,-0.03945789307975445,0.0,,,0.2741976405176627,0.2741976405176627,-0.08875035200607218,0.017916032872778986,0.0,,,,,P1_N20_biweekly_B1.5_C_EW,P1,20,biweekly,1.5,current_classification_constrained,equal,E1,evaluation,2010-01-01,2020-12-31,2021
2022-01-03,2022-12-30,251,-0.04443970119124574,-0.04443970119124574,-0.04461274247956937,,not_applicable_no_external_contributions,0.21424450388989416,-0.181103464698951,191,-0.10597598798723924,0.1575943330938698,4.123501555595826,20.0,0.0,0.050072312670658176,0.2597079832650585,1.0,-0.18175361295122916,-0.18240727005194868,0.1377945275723793,0.06386047391045824,1.0,,,-0.32577015948669175,-0.326828176140617,0.2822154336610476,0.16717618261086253,1.0,,,,,P1_N20_biweekly_B1.5_C_EW,P1,20,biweekly,1.5,current_classification_constrained,equal,E2,evaluation,2010-01-01,2021-12-31,2022
2023-01-03,2023-12-29,250,0.20040744730079374,0.20040744730079374,0.20216287094679974,,not_applicable_no_external_contributions,0.14269600201716326,-0.10295088272347441,99,1.3618686894480847,0.09597568750920656,5.972638651880416,20.0,0.0,0.050045311191450524,0.25782881855915446,0.8727270390975674,0.26175777831245095,0.2641068904875523,-0.06194401954075257,-0.0032076740695561323,0.0,,,0.5485557706092534,0.5539830080583357,-0.3518201371115359,0.004848506598390756,0.0,,,,,P1_N20_biweekly_B1.5_C_EW,P1,20,biweekly,1.5,current_classification_constrained,equal,E3,evaluation,2010-01-01,2022-12-31,2023
2024-01-02,2024-12-31,252,0.45754620666333823,0.45754620666333823,0.45754620666333823,,not_applicable_no_external_contributions,0.16759438064100143,-0.09842743036991997,26,2.333026818737018,0.10484623986378737,4.957024319526551,20.0,0.0,0.05007395748889589,0.25989698237442543,0.7824765205185201,0.24886449847111503,0.24886449847111503,0.2086817081922232,-0.014371231706151955,1.0,,,0.2557827307615481,0.2557827307615481,0.2017634759017901,0.03715002094491748,1.0,,,,,P1_N20_biweekly_B1.5_C_EW,P1,20,biweekly,1.5,current_classification_constrained,equal,E4,evaluation,2010-01-01,2023-12-31,2024
2025-01-02,2025-12-31,250,0.2923715269614182,0.2923715269614182,0.2950259777377724,,not_applicable_no_external_contributions,0.21860951282563607,-0.18917702130600478,60,1.2913068454186034,0.14503403452208094,3.815560005383856,20.0,0.0,0.05008898832896446,0.26099523472432756,0.8972802867387285,0.1771908045051671,0.17872809721523475,0.11629788052253764,-0.0016246764117312518,1.0,,,0.2077254840592302,0.20955041897086812,0.08547555876690427,0.038506026699554385,1.0,,,,,P1_N20_biweekly_B1.5_C_EW,P1,20,biweekly,1.5,current_classification_constrained,equal,E5,evaluation,2010-01-01,2024-12-31,2025
2021-01-04,2021-12-31,252,0.1856162004446127,0.1856162004446127,0.1856162004446127,,not_applicable_no_external_contributions,0.20149403474679517,-0.1050779033372885,51,0.9457660690583805,0.13908896651886282,4.2614913201496325,20.0,0.0,0.05006783156790777,0.25989979792027346,0.8531809526393056,0.28728769487345307,0.28728769487345307,-0.10167149442884038,-0.053936455313787546,0.0,,,0.2741976405176627,0.2741976405176627,-0.08858144007305002,0.0034374706387458875,0.0,,,,,P1_N20_biweekly_B1.5_U_EW,P1,20,biweekly,1.5,unconstrained,equal,E1,evaluation,2010-01-01,2020-12-31,2021
2022-01-03,2022-12-30,251,0.013723858006095657,0.013723858006095657,0.013778909709141418,,not_applicable_no_external_contributions,0.21701193428257964,-0.17439663953668327,164,0.17144923096488626,0.15745302409642098,3.5717551385762416,20.0,0.0,0.050067996816651514,0.25961666209566414,1.0,-0.18175361295122916,-0.18240727005194868,0.1961861797610901,0.07056729907272596,1.0,,,-0.32577015948669175,-0.326828176140617,0.3406070858497584,0.17388300777313026,1.0,,,,,P1_N20_biweekly_B1.5_U_EW,P1,20,biweekly,1.5,unconstrained,equal,E2,evaluation,2010-01-01,2021-12-31,2022
2023-01-03,2023-12-29,250,0.2123414631036078,0.2123414631036078,0.21421042777968546,,not_applicable_no_external_contributions,0.1623595913465786,-0.11327760050636504,100,1.2768363250955423,0.11143952630448416,4.4078212433042685,20.0,0.0,0.05004825112117848,0.2581212707702232,0.913518594118232,0.26175777831245095,0.2641068904875523,-0.04989646270786685,-0.013534391852446759,0.0,,,0.5485557706092534,0.5539830080583357,-0.3397725802786502,-0.0054782111844998704,0.0,,,,,P1_N20_biweekly_B1.5_U_EW,P1,20,biweekly,1.5,unconstrained,equal,E3,evaluation,2010-01-01,2022-12-31,2023
2024-01-02,2024-12-31,252,0.35221814222410597,0.35221814222410597,0.35221814222410597,,not_applicable_no_external_contributions,0.21792375110703263,-0.16096113979096094,63,1.4941556402300198,0.14821073800302492,3.5595331275340207,20.0,0.0,0.05008786635993149,0.2606979437946561,0.8247025448669156,0.24886449847111503,0.24886449847111503,0.10335364375299094,-0.07690494112719293,1.0,,,0.2557827307615481,0.2557827307615481,0.09643541146255785,-0.02538368847612349,1.0,,,,,P1_N20_biweekly_B1.5_U_EW,P1,20,biweekly,1.5,unconstrained,equal,E4,evaluation,2010-01-01,2023-12-31,2024
2025-01-02,2025-12-31,250,0.29606323500134235,0.29606323500134235,0.29875490520776027,,not_applicable_no_external_contributions,0.22503040284586798,-0.19095563351806422,60,1.2736038093949429,0.15011800725163624,3.8429222014736824,20.0,0.0,0.05009221004366888,0.2611974297292384,0.8730772851692121,0.1771908045051671,0.17872809721523475,0.12002680799252552,-0.00340328862379069,1.0,,,0.2077254840592302,0.20955041897086812,0.08920448623689214,0.03672741448749495,1.0,,,,,P1_N20_biweekly_B1.5_U_EW,P1,20,biweekly,1.5,unconstrained,equal,E5,evaluation,2010-01-01,2024-12-31,2025
2021-01-04,2021-12-31,252,0.13125604317875794,0.13125604317875794,0.13125604317875794,,not_applicable_no_external_contributions,0.17483125517567133,-0.09119003754160326,69,0.7927372600956711,0.12140550818369618,8.525070157046361,20.0,0.0,0.050057997377671665,0.2592749665913305,0.9029680441356968,0.28728769487345307,0.28728769487345307,-0.15603165169469513,-0.04004858951810231,0.0,,,0.2741976405176627,0.2741976405176627,-0.14294159733890477,0.017325336434431127,0.0,,,,,P1_N20_biweekly_B1_C_EW,P1,20,biweekly,1.0,current_classification_constrained,equal,E1,evaluation,2010-01-01,2020-12-31,2021
2022-01-03,2022-12-30,251,-0.0663491805434564,-0.0663491805434564,-0.06660451498878417,,not_applicable_no_external_contributions,0.20776836910057983,-0.18083609756945884,191,-0.22791871458673862,0.15368322916340643,7.954394801288898,20.0,0.0,0.05006781320298379,0.2595681846905802,1.0,-0.18175361295122916,-0.18240727005194868,0.11580275506316451,0.0641278410399504,1.0,,,-0.32577015948669175,-0.326828176140617,0.2602236611518328,0.1674435497403547,1.0,,,,,P1_N20_biweekly_B1_C_EW,P1,20,biweekly,1.0,current_classification_constrained,equal,E2,evaluation,2010-01-01,2021-12-31,2022
2023-01-03,2023-12-29,250,0.18680554623506773,0.18680554623506773,0.1884327293994681,,not_applicable_no_external_contributions,0.1410107108587417,-0.10295088272347441,90,1.2949413059393993,0.09540569715912768,7.938300072782254,20.0,0.0,0.05004420015677014,0.257752848525681,0.8556307494945269,0.26175777831245095,0.2641068904875523,-0.07567416108808422,-0.0032076740695561323,0.0,,,0.5485557706092534,0.5539830080583357,-0.3655502786588676,0.004848506598390756,0.0,,,,,P1_N20_biweekly_B1_C_EW,P1,20,biweekly,1.0,current_classification_constrained,equal,E3,evaluation,2010-01-01,2022-12-31,2023
2024-01-02,2024-12-31,252,0.38385287489625286,0.38385287489625286,0.38385287489625286,,not_applicable_no_external_contributions,0.16878038045938293,-0.1134807431075634,46,2.010051353288564,0.10870407696779429,7.062183223459289,20.0,0.0,0.050080572112404444,0.26019725464135407,0.8215992210975076,0.24886449847111503,0.24886449847111503,0.13498837642513783,-0.029424544443795386,1.0,,,0.2557827307615481,0.2557827307615481,0.12807014413470474,0.02209670820727405,1.0,,,,,P1_N20_biweekly_B1_C_EW,P1,20,biweekly,1.0,current_classification_constrained,equal,E4,evaluation,2010-01-01,2023-12-31,2024
2025-01-02,2025-12-31,250,0.3091258954665326,0.3091258954665326,0.31194994275109034,,not_applicable_no_external_contributions,0.21046635951966966,-0.17234085841515123,59,1.3950655841718258,0.13987562185254437,7.865066445018669,20.0,0.0,0.05009452344739768,0.26122158991902744,0.8636833724824041,0.1771908045051671,0.17872809721523475,0.1332218455358556,0.015211486479122294,1.0,,,0.2077254840592302,0.20955041897086812,0.10239952378022221,0.05534218959040793,1.0,,,,,P1_N20_biweekly_B1_C_EW,P1,20,biweekly,1.0,current_classification_constrained,equal,E5,evaluation,2010-01-01,2024-12-31,2025
2021-01-04,2021-12-31,252,0.20857322677256795,0.20857322677256795,0.20857322677256795,,not_applicable_no_external_contributions,0.19894044503640917,-0.10252824151747819,48,1.0518329378893803,0.1374414110670645,8.996261231879672,20.0,0.0,0.05006918260745446,0.2600151504218642,0.8498329391714947,0.28728769487345307,0.28728769487345307,-0.07871446810088512,-0.051386793493977234,0.0,,,0.2741976405176627,0.2741976405176627,-0.06562441374509476,0.005987132458556199,0.0,,,,,P1_N20_biweekly_B1_U_EW,P1,20,biweekly,1.0,unconstrained,equal,E1,evaluation,2010-01-01,2020-12-31,2021
2022-01-03,2022-12-30,251,-0.07508970493786926,-0.07508970493786926,-0.07537729819594807,,not_applicable_no_external_contributions,0.21076693049735543,-0.19330646982837552,191,-0.2665404526910126,0.15541750074602262,9.032152738672714,20.0,0.0,0.05006713247953751,0.25943711170775585,1.0,-0.18175361295122916,-0.18240727005194868,0.1070299718560006,0.05165746878103372,1.0,,,-0.32577015948669175,-0.326828176140617,0.2514508779446689,0.15497317748143802,1.0,,,,,P1_N20_biweekly_B1_U_EW,P1,20,biweekly,1.0,unconstrained,equal,E2,evaluation,2010-01-01,2021-12-31,2022
2023-01-03,2023-12-29,250,0.2736394813799716,0.2736394813799716,0.27610639580444607,,not_applicable_no_external_contributions,0.1638434241459052,-0.10585381686631345,90,1.5704565211940154,0.11065344351393946,7.573285667353768,20.0,0.0,0.05004839099464485,0.25816501824032445,0.8834526588503464,0.26175777831245095,0.2641068904875523,0.011999505316893755,-0.006110608212395174,1.0,,,0.5485557706092534,0.5539830080583357,-0.2778766122538896,0.001945572455551714,0.0,,,,,P1_N20_biweekly_B1_U_EW,P1,20,biweekly,1.0,unconstrained,equal,E3,evaluation,2010-01-01,2022-12-31,2023
2024-01-02,2024-12-31,252,0.32641933423986047,0.32641933423986047,0.32641933423986047,,not_applicable_no_external_contributions,0.21675617026596897,-0.16273254898004408,66,1.4119525914473887,0.1462236554172559,7.885172202623444,20.0,0.0,0.0500874596830321,0.26076330788996255,0.8582453163287519,0.24886449847111503,0.24886449847111503,0.07755483576874544,-0.07867635031627607,1.0,,,0.2557827307615481,0.2557827307615481,0.07063660347831235,-0.02715509766520663,1.0,,,,,P1_N20_biweekly_B1_U_EW,P1,20,biweekly,1.0,unconstrained,equal,E4,evaluation,2010-01-01,2023-12-31,2024
2025-01-02,2025-12-31,250,0.2893833171124276,0.2893833171124276,0.2920077034488764,,not_applicable_no_external_contributions,0.22298363971232543,-0.1883511775385538,62,1.2602384861156615,0.15193299635815433,8.860238079754325,20.0,0.0,0.05009261350537722,0.26116671879954767,0.8330939045691079,0.1771908045051671,0.17872809721523475,0.11327960623364164,-0.0007988326442802673,1.0,,,0.2077254840592302,0.20955041897086812,0.08245728447800826,0.03933187046700537,1.0,,,,,P1_N20_biweekly_B1_U_EW,P1,20,biweekly,1.0,unconstrained,equal,E5,evaluation,2010-01-01,2024-12-31,2025
2021-01-04,2021-12-31,252,0.2800962191245706,0.2800962191245706,0.2800962191245706,,not_applicable_no_external_contributions,0.17922882030049705,-0.08931077642431073,37,1.4678561573498055,0.12283669658077466,3.493540330789922,20.0,0.0,0.05006283177891974,0.25971707017364287,0.7890172556957623,0.28728769487345307,0.28728769487345307,-0.007191475748882459,-0.03816932840080978,0.0,,,0.2741976405176627,0.2741976405176627,0.0058985786069079005,0.019204597551723657,1.0,,,,,P1_N20_biweekly_B2_C_EW,P1,20,biweekly,2.0,current_classification_constrained,equal,E1,evaluation,2010-01-01,2020-12-31,2021
2022-01-03,2022-12-30,251,-0.049690795417856926,-0.049690795417856926,-0.049883744890427906,,not_applicable_no_external_contributions,0.21971220695798918,-0.18583539500435975,249,-0.12315803342424912,0.16066439577991273,3.397027828060214,20.0,0.0,0.050074953770247864,0.2599684840212748,1.0,-0.18175361295122916,-0.18240727005194868,0.13252352516152077,0.05912854360504949,1.0,,,-0.32577015948669175,-0.326828176140617,0.2769444312501891,0.16244425230545378,1.0,,,,,P1_N20_biweekly_B2_C_EW,P1,20,biweekly,2.0,current_classification_constrained,equal,E2,evaluation,2010-01-01,2021-12-31,2022
2023-01-03,2023-12-29,250,0.17551270091549842,0.17551270091549842,0.17703436949333162,,not_applicable_no_external_contributions,0.1332175529967184,-0.10196475641144731,65,1.2903282882401155,0.0911810299196824,3.4919001652243984,20.0,0.0,0.050042701687585386,0.25755450465769847,0.8922180658102805,0.26175777831245095,0.2641068904875523,-0.08707252099422069,-0.00222154775752903,0.0,,,0.5485557706092534,0.5539830080583357,-0.37694863856500405,0.0058346329104178585,0.0,,,,,P1_N20_biweekly_B2_C_EW,P1,20,biweekly,2.0,current_classification_constrained,equal,E3,evaluation,2010-01-01,2022-12-31,2023
2024-01-02,2024-12-31,252,0.3643076846043112,0.3643076846043112,0.3643076846043112,,not_applicable_no_external_contributions,0.17106225515990794,-0.1179574092312925,51,1.9022989622511743,0.11259849607241564,2.927675611352004,20.0,0.0,0.05007562209983274,0.259996945771523,0.7644168004203479,0.24886449847111503,0.24886449847111503,0.11544318613319615,-0.03390121056752449,1.0,,,0.2557827307615481,0.2557827307615481,0.10852495384276306,0.01762004208354495,1.0,,,,,P1_N20_biweekly_B2_C_EW,P1,20,biweekly,2.0,current_classification_constrained,equal,E4,evaluation,2010-01-01,2023-12-31,2024
2025-01-02,2025-12-31,250,0.35879761412379607,0.35879761412379607,0.3621345658686874,,not_applicable_no_external_contributions,0.2150263108896388,-0.17978369973236596,57,1.5443067857436583,0.13905721925187625,2.5402499776792795,20.0,0.0,0.05009076705752372,0.2611506554299981,0.897591713928602,0.1771908045051671,0.17872809721523475,0.18340646865345267,0.007768645161907561,1.0,,,0.2077254840592302,0.20955041897086812,0.1525841468978193,0.0478993482731932,1.0,,,,,P1_N20_biweekly_B2_C_EW,P1,20,biweekly,2.0,current_classification_constrained,equal,E5,evaluation,2010-01-01,2024-12-31,2025
2021-01-04,2021-12-31,252,0.24503038568261104,0.24503038568261104,0.24503038568261104,,not_applicable_no_external_contributions,0.19283928242805287,-0.11429701389920033,48,1.2330961648037568,0.13085761816181615,3.721206343383729,20.0,0.0,0.05006739869267583,0.2598000516280446,0.8690769989371695,0.28728769487345307,0.28728769487345307,-0.04225730919084203,-0.06315556587569937,0.0,,,0.2741976405176627,0.2741976405176627,-0.02916725483505167,-0.005781639923165938,0.0,,,,,P1_N20_biweekly_B2_U_EW,P1,20,biweekly,2.0,unconstrained,equal,E1,evaluation,2010-01-01,2020-12-31,2021
2022-01-03,2022-12-30,251,-0.06021227425970721,-0.06021227425970721,-0.06044476340710869,,not_applicable_no_external_contributions,0.2275616742784311,-0.20633196487634908,250,-0.1603094373871244,0.16659441072158301,3.3814141183260253,20.0,0.0,0.050070019487258845,0.25988846495678336,1.0,-0.18175361295122916,-0.18240727005194868,0.12196250664483999,0.038631973733060154,1.0,,,-0.32577015948669175,-0.326828176140617,0.2663834127335083,0.14194768243346445,1.0,,,,,P1_N20_biweekly_B2_U_EW,P1,20,biweekly,2.0,unconstrained,equal,E2,evaluation,2010-01-01,2021-12-31,2022
2023-01-03,2023-12-29,250,0.21323887055710067,0.21323887055710067,0.21511641169978657,,not_applicable_no_external_contributions,0.14911321904465613,-0.09656919133007946,100,1.3814244564600398,0.10019748453046844,3.327162187741252,20.0,0.0,0.05004621745752375,0.2578879304999013,0.9273103948719685,0.26175777831245095,0.2641068904875523,-0.048990478787765745,0.003174017323838818,0.0,,,0.5485557706092534,0.5539830080583357,-0.3388665963585491,0.011230197991785706,0.0,,,,,P1_N20_biweekly_B2_U_EW,P1,20,biweekly,2.0,unconstrained,equal,E3,evaluation,2010-01-01,2022-12-31,2023
2024-01-02,2024-12-31,252,0.38374777056407616,0.38374777056407616,0.38374777056407616,,not_applicable_no_external_contributions,0.2204936177137709,-0.15818877215606753,63,1.5839718617705822,0.14963171487584276,2.800306539883233,20.0,0.0,0.05008643074404174,0.2606673711664019,0.8044031910796401,0.24886449847111503,0.24886449847111503,0.13488327209296114,-0.07413257349229951,1.0,,,0.2557827307615481,0.2557827307615481,0.12796503980252805,-0.022611320841230076,1.0,,,,,P1_N20_biweekly_B2_U_EW,P1,20,biweekly,2.0,unconstrained,equal,E4,evaluation,2010-01-01,2023-12-31,2024
2025-01-02,2025-12-31,250,0.33714829169638594,0.33714829169638594,0.3402598584449652,,not_applicable_no_external_contributions,0.22742574559009704,-0.18870491290339086,57,1.4006581440461081,0.1477431442314052,2.4831896190865126,20.0,0.0,0.050095022155527275,0.261350588363288,0.9069412141708456,0.1771908045051671,0.17872809721523475,0.16153176122973045,-0.0011525680091173385,1.0,,,0.2077254840592302,0.20955041897086812,0.13070943947409708,0.0389781351021683,1.0,,,,,P1_N20_biweekly_B2_U_EW,P1,20,biweekly,2.0,unconstrained,equal,E5,evaluation,2010-01-01,2024-12-31,2025
2021-01-04,2021-12-31,252,0.16076930205945006,0.16076930205945006,0.16076930205945006,,not_applicable_no_external_contributions,0.17667319496946093,-0.09171724438714679,54,0.9321347104326801,0.12141320186952273,13.866769997144154,20.0,0.0,0.05,0.25,0.88916867880403,0.28728769487345307,0.28728769487345307,-0.126518392814003,-0.04057579636364583,0.0,,,0.2741976405176627,0.2741976405176627,-0.11342833845821265,0.0167981295888876,0.0,,,,,P1_N20_daily_B1.5_C_EW,P1,20,daily,1.5,current_classification_constrained,equal,E1,evaluation,2010-01-01,2020-12-31,2021
2022-01-03,2022-12-30,251,-0.057587478490463195,-0.057587478490463195,-0.05781014756112457,,not_applicable_no_external_contributions,0.2066684000512788,-0.18905691724356444,191,-0.1848621623166632,0.15281922942097512,7.919156742106758,20.0,0.0,0.05,0.25,1.0,-0.18175361295122916,-0.18240727005194868,0.12459712249082411,0.0559070213658448,1.0,,,-0.32577015948669175,-0.326828176140617,0.2690180285794924,0.1592227300662491,1.0,,,,,P1_N20_daily_B1.5_C_EW,P1,20,daily,1.5,current_classification_constrained,equal,E2,evaluation,2010-01-01,2021-12-31,2022
2023-01-03,2023-12-29,250,0.19161462236635995,0.19161462236635995,0.19328700300020096,,not_applicable_no_external_contributions,0.14442053584363357,-0.10432504336838422,90,1.2959634007822545,0.09767135347913398,13.931419930755954,20.0,0.0,0.05000000000000001,0.25,0.9050875242434372,0.26175777831245095,0.2641068904875523,-0.07081988748735135,-0.004581834714465938,0.0,,,0.5485557706092534,0.5539830080583357,-0.3606960050581347,0.0034743459534809507,0.0,,,,,P1_N20_daily_B1.5_C_EW,P1,20,daily,1.5,current_classification_constrained,equal,E3,evaluation,2010-01-01,2022-12-31,2023
2024-01-02,2024-12-31,252,0.4599696549140735,0.4599696549140735,0.4599696549140735,,not_applicable_no_external_contributions,0.1662369694373339,-0.09939093827349077,37,2.3607070081344683,0.10307798823861469,12.939014961120904,20.0,0.0,0.05,0.25,0.7908060359058848,0.24886449847111503,0.24886449847111503,0.21110515644295846,-0.015334739609722758,1.0,,,0.2557827307615481,0.2557827307615481,0.20418692415252537,0.03618651304134668,1.0,,,,,P1_N20_daily_B1.5_C_EW,P1,20,daily,1.5,current_classification_constrained,equal,E4,evaluation,2010-01-01,2023-12-31,2024
2025-01-02,2025-12-31,250,0.22214227587165136,0.22214227587165136,0.22410519611277202,,not_applicable_no_external_contributions,0.2123963134869678,-0.19304410719550336,63,1.0577121209076445,0.1442767077840842,8.349640740104693,20.0,0.0,0.05000000000000001,0.25,0.9496795201396614,0.1771908045051671,0.17872809721523475,0.04537709889753727,-0.00549176230122983,1.0,,,0.2077254840592302,0.20955041897086812,0.014554777141903896,0.03463894081005581,1.0,,,,,P1_N20_daily_B1.5_C_EW,P1,20,daily,1.5,current_classification_constrained,equal,E5,evaluation,2010-01-01,2024-12-31,2025
2021-01-04,2021-12-31,252,0.1754481525938829,0.1754481525938829,0.1754481525938829,,not_applicable_no_external_contributions,0.20265613156910858,-0.11189417443686922,129,0.8989087312855899,0.13894933855313477,7.4326850359740435,20.0,0.0,0.05,0.25,0.8483740555454407,0.28728769487345307,0.28728769487345307,-0.11183954227957016,-0.06075272641336826,0.0,,,0.2741976405176627,0.2741976405176627,-0.0987494879237798,-0.00337880046083483,0.0,,,,,P1_N20_daily_B1.5_U_EW,P1,20,daily,1.5,unconstrained,equal,E1,evaluation,2010-01-01,2020-12-31,2021
2022-01-03,2022-12-30,251,-0.018571974880504216,-0.018571974880504216,-0.018645272693423198,,not_applicable_no_external_contributions,0.20545209695233016,-0.17511853559358248,191,0.01096546602719139,0.14968811904150614,7.2121797704099455,20.0,0.0,0.05,0.25,1.0,-0.18175361295122916,-0.18240727005194868,0.16376199735852548,0.06984540301582676,1.0,,,-0.32577015948669175,-0.326828176140617,0.3081829034471938,0.17316111171623105,1.0,,,,,P1_N20_daily_B1.5_U_EW,P1,20,daily,1.5,unconstrained,equal,E2,evaluation,2010-01-01,2021-12-31,2022
2023-01-03,2023-12-29,250,0.2448675356450134,0.2448675356450134,0.24705074583123787,,not_applicable_no_external_contributions,0.15970449260933134,-0.10057415486407195,90,1.4626156711157254,0.10834055692354819,7.454830371851507,20.0,0.0,0.05000000000000001,0.25,0.8978462105382453,0.26175777831245095,0.2641068904875523,-0.017056144656314443,-0.0008309462101536713,0.0,,,0.5485557706092534,0.5539830080583357,-0.3069322622270978,0.007225234457793217,0.0,,,,,P1_N20_daily_B1.5_U_EW,P1,20,daily,1.5,unconstrained,equal,E3,evaluation,2010-01-01,2022-12-31,2023
2024-01-02,2024-12-31,252,0.3670192155537104,0.3670192155537104,0.3670192155537104,,not_applicable_no_external_contributions,0.21792355918873849,-0.16543231277459647,65,1.544117866299462,0.1474743379141126,6.39531247723043,20.0,0.0,0.05,0.25,0.8341745513368789,0.24886449847111503,0.24886449847111503,0.1181547170825954,-0.08137611411082846,1.0,,,0.2557827307615481,0.2557827307615481,0.1112364847921623,-0.02985486145975902,1.0,,,,,P1_N20_daily_B1.5_U_EW,P1,20,daily,1.5,unconstrained,equal,E4,evaluation,2010-01-01,2023-12-31,2024
2025-01-02,2025-12-31,250,0.18674100740205124,0.18674100740205124,0.18836758507536766,,not_applicable_no_external_contributions,0.2287911932216468,-0.20343150497192353,70,0.8680236187617284,0.15743917715168365,7.528946168439271,20.0,0.0,0.05000000000000001,0.25,0.9594079211468098,0.1771908045051671,0.17872809721523475,0.009639487860132911,-0.01587916007765,1.0,,,0.2077254840592302,0.20955041897086812,-0.021182833895500464,0.024251543033635636,0.0,,,,,P1_N20_daily_B1.5_U_EW,P1,20,daily,1.5,unconstrained,equal,E5,evaluation,2010-01-01,2024-12-31,2025
2021-01-04,2021-12-31,252,0.16773743838962862,0.16773743838962862,0.16773743838962862,,not_applicable_no_external_contributions,0.17767334130340584,-0.09340900728918111,38,0.9616362350681285,0.12287005975003966,25.335114111995104,20.0,0.0,0.05,0.25,0.8638085990355746,0.28728769487345307,0.28728769487345307,-0.11955025648382445,-0.042267559265680155,0.0,,,0.2741976405176627,0.2741976405176627,-0.10646020212803409,0.015106366686853279,0.0,,,,,P1_N20_daily_B1_C_EW,P1,20,daily,1.0,current_classification_constrained,equal,E1,evaluation,2010-01-01,2020-12-31,2021
2022-01-03,2022-12-30,251,-0.06092958473991539,-0.06092958473991539,-0.06116475244435515,,not_applicable_no_external_contributions,0.20694226557342435,-0.19087853307982383,191,-0.20162404483000576,0.15217650425470136,23.744363195274556,20.0,0.0,0.05,0.25,1.0,-0.18175361295122916,-0.18240727005194868,0.12124251760759353,0.054085405529585406,1.0,,,-0.32577015948669175,-0.326828176140617,0.26566342369626184,0.1574011142299897,1.0,,,,,P1_N20_daily_B1_C_EW,P1,20,daily,1.0,current_classification_constrained,equal,E2,evaluation,2010-01-01,2021-12-31,2022
2023-01-03,2023-12-29,250,0.21967125740233628,0.21967125740233628,0.22161042915691542,,not_applicable_no_external_contributions,0.14365764082718507,-0.11044705422355494,76,1.4654913238730858,0.09620225103638481,23.67434569703743,20.0,0.0,0.05000000000000001,0.25,0.8957493960695427,0.26175777831245095,0.2641068904875523,-0.04249646133063689,-0.01070384556963666,0.0,,,0.5485557706092534,0.5539830080583357,-0.33237257890142025,-0.0026476649016897724,0.0,,,,,P1_N20_daily_B1_C_EW,P1,20,daily,1.0,current_classification_constrained,equal,E3,evaluation,2010-01-01,2022-12-31,2023
2024-01-02,2024-12-31,252,0.4091909689876365,0.4091909689876365,0.4091909689876365,,not_applicable_no_external_contributions,0.1680993931185037,-0.11278236608113246,45,2.125545784710705,0.1066903150616046,21.14941035784267,20.0,0.0,0.05,0.25,0.7834937863952598,0.24886449847111503,0.24886449847111503,0.1603264705165215,-0.028726167417364445,1.0,,,0.2557827307615481,0.2557827307615481,0.1534082382260884,0.022795085233704993,1.0,,,,,P1_N20_daily_B1_C_EW,P1,20,daily,1.0,current_classification_constrained,equal,E4,evaluation,2010-01-01,2023-12-31,2024
2025-01-02,2025-12-31,250,0.28415316423471637,0.28415316423471637,0.2867250646603028,,not_applicable_no_external_contributions,0.21033702998582168,-0.17106582471961107,60,1.3035335135911308,0.14143599974033644,24.80574276570483,20.0,0.0,0.05000000000000001,0.25,0.8700617982995825,0.1771908045051671,0.17872809721523475,0.10799696744506804,0.016486520174662456,1.0,,,0.2077254840592302,0.20955041897086812,0.07717464568943466,0.05661722328594809,1.0,,,,,P1_N20_daily_B1_C_EW,P1,20,daily,1.0,current_classification_constrained,equal,E5,evaluation,2010-01-01,2024-12-31,2025
2021-01-04,2021-12-31,252,0.22567351141411596,0.22567351141411596,0.22567351141411596,,not_applicable_no_external_contributions,0.2033847512924552,-0.09394146495006295,54,1.1023420172213632,0.13978429100765094,29.64543646421754,20.0,0.0,0.05,0.25,0.7860427434267556,0.28728769487345307,0.28728769487345307,-0.06161418345933711,-0.04280001692656199,0.0,,,0.2741976405176627,0.2741976405176627,-0.048524129103546754,0.014573909025971443,0.0,,,,,P1_N20_daily_B1_U_EW,P1,20,daily,1.0,unconstrained,equal,E1,evaluation,2010-01-01,2020-12-31,2021
2022-01-03,2022-12-30,251,-0.05290039599719254,-0.05290039599719254,-0.053105456753890556,,not_applicable_no_external_contributions,0.2099162957876592,-0.19356887782913235,250,-0.1550748299113961,0.1547368760673933,29.409199830953185,20.0,0.0,0.05,0.25,1.0,-0.18175361295122916,-0.18240727005194868,0.12930181329805812,0.05139506078027689,1.0,,,-0.32577015948669175,-0.326828176140617,0.27372271938672643,0.1547107694806812,1.0,,,,,P1_N20_daily_B1_U_EW,P1,20,daily,1.0,unconstrained,equal,E2,evaluation,2010-01-01,2021-12-31,2022
2023-01-03,2023-12-29,250,0.31037239424894514,0.31037239424894514,0.31320912877764395,,not_applicable_no_external_contributions,0.1671982697757232,-0.10247722985968599,77,1.713808832412676,0.11125806720219872,28.195484741658575,20.0,0.0,0.05000000000000001,0.25,0.9049773656306922,0.26175777831245095,0.2641068904875523,0.04910223829009164,-0.0027340212057677116,1.0,,,0.5485557706092534,0.5539830080583357,-0.24077387928069172,0.005322159462179177,0.0,,,,,P1_N20_daily_B1_U_EW,P1,20,daily,1.0,unconstrained,equal,E3,evaluation,2010-01-01,2022-12-31,2023
2024-01-02,2024-12-31,252,0.39381481756925885,0.39381481756925885,0.39381481756925885,,not_applicable_no_external_contributions,0.21672301595789167,-0.15741660012358405,63,1.6410576654276863,0.1441082378537985,23.359740169477984,20.0,0.0,0.05,0.25,0.834898247533481,0.24886449847111503,0.24886449847111503,0.14495031909814382,-0.07336040145981604,1.0,,,0.2557827307615481,0.2557827307615481,0.13803208680771073,-0.0218391488087466,1.0,,,,,P1_N20_daily_B1_U_EW,P1,20,daily,1.0,unconstrained,equal,E4,evaluation,2010-01-01,2023-12-31,2024
2025-01-02,2025-12-31,250,0.29687495915655693,0.29687495915655693,0.2995748244887211,,not_applicable_no_external_contributions,0.22209373474941438,-0.1706248501085007,60,1.2908003380028052,0.15136609170773965,29.545751788279063,20.0,0.0,0.05000000000000001,0.25,0.8766853138100693,0.1771908045051671,0.17872809721523475,0.12084672727348633,0.016927494785772823,1.0,,,0.2077254840592302,0.20955041897086812,0.09002440551785296,0.05705819789705846,1.0,,,,,P1_N20_daily_B1_U_EW,P1,20,daily,1.0,unconstrained,equal,E5,evaluation,2010-01-01,2024-12-31,2025
2021-01-04,2021-12-31,252,0.23921304839089408,0.23921304839089408,0.23921304839089408,,not_applicable_no_external_contributions,0.17909747982399346,-0.09358070132630547,68,1.2873706610036866,0.12356538704583003,7.188389302684033,20.0,0.0,0.05,0.25,0.8391471097377413,0.28728769487345307,0.28728769487345307,-0.04807464648255899,-0.042439253302804514,0.0,,,0.2741976405176627,0.2741976405176627,-0.03498459212676863,0.01493467264972892,0.0,,,,,P1_N20_daily_B2_C_EW,P1,20,daily,2.0,current_classification_constrained,equal,E1,evaluation,2010-01-01,2020-12-31,2021
2022-01-03,2022-12-30,251,-0.0648134489045823,-0.0648134489045823,-0.06506308151376827,,not_applicable_no_external_contributions,0.21883483107151283,-0.19579266533293493,191,-0.19810559163625166,0.16015567488211377,5.723245379997442,20.0,0.0,0.05,0.25,1.0,-0.18175361295122916,-0.18240727005194868,0.1173441885381804,0.0491712732764743,1.0,,,-0.32577015948669175,-0.326828176140617,0.2617650946268487,0.1524869819768786,1.0,,,,,P1_N20_daily_B2_C_EW,P1,20,daily,2.0,current_classification_constrained,equal,E2,evaluation,2010-01-01,2021-12-31,2022
2023-01-03,2023-12-29,250,0.22381924758072347,0.22381924758072347,0.225798307867364,,not_applicable_no_external_contributions,0.13786856961624497,-0.10142994018856277,90,1.5459642456183957,0.09127973531494295,6.123430441115676,20.0,0.0,0.05000000000000001,0.25,0.8830546959185104,0.26175777831245095,0.2641068904875523,-0.038308582620188325,-0.0016867315346444922,0.0,,,0.5485557706092534,0.5539830080583357,-0.3281847001909717,0.006369449133302396,0.0,,,,,P1_N20_daily_B2_C_EW,P1,20,daily,2.0,current_classification_constrained,equal,E3,evaluation,2010-01-01,2022-12-31,2023
2024-01-02,2024-12-31,252,0.39948549607344175,0.39948549607344175,0.39948549607344175,,not_applicable_no_external_contributions,0.16936668630474935,-0.11007440509977506,36,2.0700800240200947,0.10863752975178612,5.653790095077598,20.0,0.0,0.05,0.25,0.7667024930540283,0.24886449847111503,0.24886449847111503,0.15062099760232672,-0.026018206436007052,1.0,,,0.2557827307615481,0.2557827307615481,0.14370276531189363,0.025503046215062386,1.0,,,,,P1_N20_daily_B2_C_EW,P1,20,daily,2.0,current_classification_constrained,equal,E4,evaluation,2010-01-01,2023-12-31,2024
2025-01-02,2025-12-31,250,0.36515474766880085,0.36515474766880085,0.3685584133315891,,not_applicable_no_external_contributions,0.20574397694372543,-0.1671709036315039,57,1.627761159119112,0.13503847439973027,5.135748273013054,20.0,0.0,0.05000000000000001,0.25,0.8717937233073783,0.1771908045051671,0.17872809721523475,0.18983031611635437,0.02038144126276964,1.0,,,0.2077254840592302,0.20955041897086812,0.159007994360721,0.06051214437405528,1.0,,,,,P1_N20_daily_B2_C_EW,P1,20,daily,2.0,current_classification_constrained,equal,E5,evaluation,2010-01-01,2024-12-31,2025
2021-01-04,2021-12-31,252,0.19556249241524992,0.19556249241524992,0.19556249241524992,,not_applicable_no_external_contributions,0.19902237480411447,-0.11828584625019134,54,0.9969353569540237,0.13544694035054042,6.276228818014666,20.0,0.0,0.05,0.25,0.8282512076075621,0.28728769487345307,0.28728769487345307,-0.09172520245820315,-0.06714439822669038,0.0,,,0.2741976405176627,0.2741976405176627,-0.07863514810241279,-0.00977047227415695,0.0,,,,,P1_N20_daily_B2_U_EW,P1,20,daily,2.0,unconstrained,equal,E1,evaluation,2010-01-01,2020-12-31,2021
2022-01-03,2022-12-30,251,-0.06587554701420084,-0.06587554701420084,-0.06612912403819193,,not_applicable_no_external_contributions,0.2243475121443766,-0.20577535034867134,249,-0.19283613461736565,0.165448067668672,5.605150171535517,20.0,0.0,0.05,0.25,1.0,-0.18175361295122916,-0.18240727005194868,0.11627814601375674,0.0391885882607379,1.0,,,-0.32577015948669175,-0.326828176140617,0.26069905210242506,0.1425042969611422,1.0,,,,,P1_N20_daily_B2_U_EW,P1,20,daily,2.0,unconstrained,equal,E2,evaluation,2010-01-01,2021-12-31,2022
2023-01-03,2023-12-29,250,0.23032727040454604,0.23032727040454604,0.23236914283076437,,not_applicable_no_external_contributions,0.15446206920879774,-0.10572224632942107,99,1.4301345811645716,0.10248272029299688,5.730842706869129,20.0,0.0,0.05000000000000001,0.25,0.9128092931955182,0.26175777831245095,0.2641068904875523,-0.03173774765678794,-0.005979037675502785,0.0,,,0.5485557706092534,0.5539830080583357,-0.3216138652275713,0.002077142992444103,0.0,,,,,P1_N20_daily_B2_U_EW,P1,20,daily,2.0,unconstrained,equal,E3,evaluation,2010-01-01,2022-12-31,2023
2024-01-02,2024-12-31,252,0.3160103212646508,0.3160103212646508,0.3160103212646508,,not_applicable_no_external_contributions,0.22126908362408199,-0.16514963355606638,66,1.3521214605276413,0.15197302041479513,5.200426977304193,20.0,0.0,0.05,0.25,0.8138536119086124,0.24886449847111503,0.24886449847111503,0.06714582279353576,-0.08109343489229837,1.0,,,0.2557827307615481,0.2557827307615481,0.06022759050310267,-0.029572182241228928,1.0,,,,,P1_N20_daily_B2_U_EW,P1,20,daily,2.0,unconstrained,equal,E4,evaluation,2010-01-01,2023-12-31,2024
2025-01-02,2025-12-31,250,0.3510448269457971,0.3510448269457971,0.35430074381860543,,not_applicable_no_external_contributions,0.21516652718292129,-0.17151490756551502,57,1.5169278769205532,0.1423980464721006,5.098695593793658,20.0,0.0,0.05000000000000001,0.25,0.8963081992368171,0.1771908045051671,0.17872809721523475,0.17557264660337069,0.016037437328758508,1.0,,,0.2077254840592302,0.20955041897086812,0.1447503248477373,0.056168140440044145,1.0,,,,,P1_N20_daily_B2_U_EW,P1,20,daily,2.0,unconstrained,equal,E5,evaluation,2010-01-01,2024-12-31,2025
2021-01-04,2021-12-31,252,0.22908291660591273,0.22908291660591273,0.22908291660591273,,not_applicable_no_external_contributions,0.17896368762784037,-0.0871214098819505,50,1.2423020108542815,0.12300109119911676,4.374683334923446,20.0,0.0,0.05013472091345341,0.2653536361900157,0.8345034208877572,0.28728769487345307,0.28728769487345307,-0.058204778267540336,-0.03597996185844954,0.0,,,0.2741976405176627,0.2741976405176627,-0.04511472391174998,0.021393964094083895,0.0,,,,,P1_N20_monthly_B1.5_C_EW,P1,20,monthly,1.5,current_classification_constrained,equal,E1,evaluation,2010-01-01,2020-12-31,2021
2022-01-03,2022-12-30,251,-0.0629565490924705,-0.0629565490924705,-0.06319927397080494,,not_applicable_no_external_contributions,0.20637820802331047,-0.18447749218048526,249,-0.21318023883012524,0.1529686847837643,3.6870433531479674,20.0,0.0,0.050144375306137454,0.26439723600237874,1.0,-0.18175361295122916,-0.18240727005194868,0.11920799608114374,0.06048644642892398,1.0,,,-0.32577015948669175,-0.326828176140617,0.26362890216981205,0.16380215512932828,1.0,,,,,P1_N20_monthly_B1.5_C_EW,P1,20,monthly,1.5,current_classification_constrained,equal,E2,evaluation,2010-01-01,2021-12-31,2022
2023-01-03,2023-12-29,250,0.20984798427761975,0.20984798427761975,0.21169314710890652,,not_applicable_no_external_contributions,0.14440469636411973,-0.10416585206918294,74,1.4021354326924915,0.09597957554947986,4.222001158788523,20.0,0.0,0.050131092745487604,0.2643163930931161,0.8662847037603615,0.26175777831245095,0.2641068904875523,-0.052413743378645794,-0.00442264341526466,0.0,,,0.5485557706092534,0.5539830080583357,-0.34228986094942915,0.0036335372526822285,0.0,,,,,P1_N20_monthly_B1.5_C_EW,P1,20,monthly,1.5,current_classification_constrained,equal,E3,evaluation,2010-01-01,2022-12-31,2023
2024-01-02,2024-12-31,252,0.4455432096178058,0.4455432096178058,0.4455432096178058,,not_applicable_no_external_contributions,0.17398907597569627,-0.09937009715190981,43,2.205973450166373,0.11060573946836258,3.551494554587515,20.0,0.0,0.050233984081227694,0.26909932085374916,0.7615197747481912,0.24886449847111503,0.24886449847111503,0.19667871114669078,-0.015313898488141797,1.0,,,0.2557827307615481,0.2557827307615481,0.18976047885625769,0.03620735416292764,1.0,,,,,P1_N20_monthly_B1.5_C_EW,P1,20,monthly,1.5,current_classification_constrained,equal,E4,evaluation,2010-01-01,2023-12-31,2024
2025-01-02,2025-12-31,250,0.3094284720380449,0.3094284720380449,0.31225559815787163,,not_applicable_no_external_contributions,0.21157756317007634,-0.17320537734035035,70,1.3897585211783614,0.13983777499734973,2.83455866965295,20.0,0.0,0.050183423644460656,0.2677167575984051,0.8485631287510802,0.1771908045051671,0.17872809721523475,0.13352750094263688,0.014346967553923173,1.0,,,0.2077254840592302,0.20955041897086812,0.1027051791870035,0.05447767066520881,1.0,,,,,P1_N20_monthly_B1.5_C_EW,P1,20,monthly,1.5,current_classification_constrained,equal,E5,evaluation,2010-01-01,2024-12-31,2025
2021-01-04,2021-12-31,252,0.18896277372093828,0.18896277372093828,0.18896277372093828,,not_applicable_no_external_contributions,0.1978345897433789,-0.12019607290541001,52,0.9737817460031938,0.1358461486314228,3.5077237885364685,20.0,0.0,0.05013717643269805,0.2652568799862166,0.9312920341939782,0.28728769487345307,0.28728769487345307,-0.09832492115251479,-0.06905462488190905,0.0,,,0.2741976405176627,0.2741976405176627,-0.08523486679672443,-0.011680698929375621,0.0,,,,,P1_N20_monthly_B1.5_U_EW,P1,20,monthly,1.5,unconstrained,equal,E1,evaluation,2010-01-01,2020-12-31,2021
2022-01-03,2022-12-30,251,-0.05126101042558617,-0.05126101042558617,-0.05145989045966337,,not_applicable_no_external_contributions,0.20979930433409047,-0.18605772079903848,250,-0.14698535993215728,0.15471292086773947,3.686274359403945,20.0,0.0,0.05014787128995161,0.26453444625284944,1.0,-0.18175361295122916,-0.18240727005194868,0.1309473795922853,0.05890621781037075,1.0,,,-0.32577015948669175,-0.326828176140617,0.2753682856809536,0.16222192651077505,1.0,,,,,P1_N20_monthly_B1.5_U_EW,P1,20,monthly,1.5,unconstrained,equal,E2,evaluation,2010-01-01,2021-12-31,2022
2023-01-03,2023-12-29,250,0.21145686596256685,0.21145686596256685,0.21331738185008953,,not_applicable_no_external_contributions,0.1587653392023264,-0.11494670893843828,99,1.297433694681819,0.10737429878613622,3.5180291465723235,20.0,0.0,0.05012663431889357,0.2642689496261138,0.896759794941327,0.26175777831245095,0.2641068904875523,-0.05078950863746279,-0.01520350028452,0.0,,,0.5485557706092534,0.5539830080583357,-0.34066562620824614,-0.007147319616573111,0.0,,,,,P1_N20_monthly_B1.5_U_EW,P1,20,monthly,1.5,unconstrained,equal,E3,evaluation,2010-01-01,2022-12-31,2023
2024-01-02,2024-12-31,252,0.3422367504999968,0.3422367504999968,0.3422367504999968,,not_applicable_no_external_contributions,0.21969383308549945,-0.1530553655452831,63,1.4500874022481627,0.14923611512986637,2.572201806371552,20.0,0.0,0.05023633735115698,0.26906644988026956,0.8344807486186014,0.24886449847111503,0.24886449847111503,0.09337225202888177,-0.06899916688151508,1.0,,,0.2557827307615481,0.2557827307615481,0.08645401973844868,-0.017477914230445646,1.0,,,,,P1_N20_monthly_B1.5_U_EW,P1,20,monthly,1.5,unconstrained,equal,E4,evaluation,2010-01-01,2023-12-31,2024
2025-01-02,2025-12-31,250,0.3085447570668389,0.3085447570668389,0.3113628926255376,,not_applicable_no_external_contributions,0.22449152126376792,-0.18637858953689812,70,1.319091275605056,0.1482157076228465,2.9404115433393274,20.0,0.0,0.05018675790973114,0.267898583765676,0.8434102997894346,0.1771908045051671,0.17872809721523475,0.13263479541030287,0.0011737553573754056,1.0,,,0.2077254840592302,0.20955041897086812,0.1018124736546695,0.04130445846866104,1.0,,,,,P1_N20_monthly_B1.5_U_EW,P1,20,monthly,1.5,unconstrained,equal,E5,evaluation,2010-01-01,2024-12-31,2025
2021-01-04,2021-12-31,252,0.1392023712718915,0.1392023712718915,0.1392023712718915,,not_applicable_no_external_contributions,0.17700980471216604,-0.08996568748663492,74,0.8247319814687624,0.12319588476312222,5.601803543934869,20.0,0.0,0.05013675345638395,0.2651944479153868,0.9445432567631757,0.28728769487345307,0.28728769487345307,-0.14808532360156157,-0.03882423946313396,0.0,,,0.2741976405176627,0.2741976405176627,-0.1349952692457712,0.018549686489399475,0.0,,,,,P1_N20_monthly_B1_C_EW,P1,20,monthly,1.0,current_classification_constrained,equal,E1,evaluation,2010-01-01,2020-12-31,2021
2022-01-03,2022-12-30,251,-0.0784029740307044,-0.0784029740307044,-0.07870270946723246,,not_applicable_no_external_contributions,0.20488354826509458,-0.19215731407876158,250,-0.2976939265498417,0.15186237111672296,5.70679340275997,20.0,0.0,0.050143109492124305,0.26426887869671195,1.0,-0.18175361295122916,-0.18240727005194868,0.10370456058471622,0.05280662453064766,1.0,,,-0.32577015948669175,-0.326828176140617,0.24812546667338453,0.15612233323105196,1.0,,,,,P1_N20_monthly_B1_C_EW,P1,20,monthly,1.0,current_classification_constrained,equal,E2,evaluation,2010-01-01,2021-12-31,2022
2023-01-03,2023-12-29,250,0.22595532001914753,0.22595532001914753,0.2279549658492679,,not_applicable_no_external_contributions,0.14530289940248467,-0.10603434356655483,74,1.4861695605750487,0.09615363759787808,5.316171119042001,20.0,0.0,0.05013347973549668,0.2643636155456486,0.8498678817267082,0.26175777831245095,0.2641068904875523,-0.03615192463828443,-0.0062911349126365534,0.0,,,0.5485557706092534,0.5539830080583357,-0.3260280422090678,0.001765045755310335,0.0,,,,,P1_N20_monthly_B1_C_EW,P1,20,monthly,1.0,current_classification_constrained,equal,E3,evaluation,2010-01-01,2022-12-31,2023
2024-01-02,2024-12-31,252,0.43649100502858507,0.43649100502858507,0.43649100502858507,,not_applicable_no_external_contributions,0.17173797694726028,-0.09825512972413897,44,2.195996781425564,0.10902786228777835,4.73105781933399,20.0,0.0,0.05023343459012252,0.2690991993663304,0.7677214868236873,0.24886449847111503,0.24886449847111503,0.18762650655747004,-0.014198931060370956,1.0,,,0.2557827307615481,0.2557827307615481,0.18070827426703695,0.03732232159069848,1.0,,,,,P1_N20_monthly_B1_C_EW,P1,20,monthly,1.0,current_classification_constrained,equal,E4,evaluation,2010-01-01,2023-12-31,2024
2025-01-02,2025-12-31,250,0.23322737417536477,0.23322737417536477,0.2352973265859266,,not_applicable_no_external_contributions,0.2163468315840954,-0.20196954135371215,71,1.0844269689299035,0.14731920222077716,5.186571562848561,20.0,0.0,0.0501888858018969,0.2677390891238723,0.8770355534550637,0.1771908045051671,0.17872809721523475,0.056569229370691865,-0.01441719645943862,1.0,,,0.2077254840592302,0.20955041897086812,0.02574690761505849,0.025713506651847018,1.0,,,,,P1_N20_monthly_B1_C_EW,P1,20,monthly,1.0,current_classification_constrained,equal,E5,evaluation,2010-01-01,2024-12-31,2025
2021-01-04,2021-12-31,252,0.1968553577463643,0.1968553577463643,0.1968553577463643,,not_applicable_no_external_contributions,0.19646408633918866,-0.10344211609096943,52,1.0129799488852897,0.13594357764315684,5.319228317065335,20.0,0.0,0.05014635822121,0.2659659805247872,0.8784371923265397,0.28728769487345307,0.28728769487345307,-0.09043233712708876,-0.05230066806746847,0.0,,,0.2741976405176627,0.2741976405176627,-0.0773422827712984,0.0050732578850649634,0.0,,,,,P1_N20_monthly_B1_U_EW,P1,20,monthly,1.0,unconstrained,equal,E1,evaluation,2010-01-01,2020-12-31,2021
2022-01-03,2022-12-30,251,-0.08150605976911174,-0.08150605976911174,-0.08181712393177043,,not_applicable_no_external_contributions,0.20671963375275862,-0.20331615977706463,250,-0.3096063743158881,0.1535047478453884,6.095672864293223,20.0,0.0,0.050142043557223896,0.26400022567724557,1.0,-0.18175361295122916,-0.18240727005194868,0.10059014612017825,0.041647778832344606,1.0,,,-0.32577015948669175,-0.326828176140617,0.24501105220884656,0.1449634875327489,1.0,,,,,P1_N20_monthly_B1_U_EW,P1,20,monthly,1.0,unconstrained,equal,E2,evaluation,2010-01-01,2021-12-31,2022
2023-01-03,2023-12-29,250,0.27805245569114834,0.27805245569114834,0.28056335148664635,,not_applicable_no_external_contributions,0.165358969450288,-0.1141280728414451,89,1.5786177693249734,0.11019313838696808,5.381136608122109,20.0,0.0,0.0501284873428387,0.26417322899919654,0.8791598533911411,0.26175777831245095,0.2641068904875523,0.016456460999094036,-0.014384864187526825,1.0,,,0.5485557706092534,0.5539830080583357,-0.2734196565716893,-0.006328683519579936,0.0,,,,,P1_N20_monthly_B1_U_EW,P1,20,monthly,1.0,unconstrained,equal,E3,evaluation,2010-01-01,2022-12-31,2023
2024-01-02,2024-12-31,252,0.3438387550867834,0.3438387550867834,0.3438387550867834,,not_applicable_no_external_contributions,0.21920497858686672,-0.16188014022182784,83,1.4582441745207448,0.1482838620903445,5.189595658646329,20.0,0.0,0.05022439372932239,0.2687063462144588,0.8716307923155955,0.24886449847111503,0.24886449847111503,0.09497425661566838,-0.07782394155805983,1.0,,,0.2557827307615481,0.2557827307615481,0.0880560243252353,-0.02630268890699039,1.0,,,,,P1_N20_monthly_B1_U_EW,P1,20,monthly,1.0,unconstrained,equal,E4,evaluation,2010-01-01,2023-12-31,2024
2025-01-02,2025-12-31,250,0.25411561674056826,0.25411561674056826,0.2563894371461335,,not_applicable_no_external_contributions,0.22580904961560744,-0.20037300483846232,71,1.1233130744083033,0.15451025185635314,5.571517398062961,20.0,0.0,0.050185837728175656,0.26761792321034844,0.8422940427933238,0.1771908045051671,0.17872809721523475,0.07766133993089874,-0.012820659944188795,1.0,,,0.2077254840592302,0.20955041897086812,0.04683901817526537,0.027310043167096842,1.0,,,,,P1_N20_monthly_B1_U_EW,P1,20,monthly,1.0,unconstrained,equal,E5,evaluation,2010-01-01,2024-12-31,2025
2021-01-04,2021-12-31,252,0.21509590808783274,0.21509590808783274,0.21509590808783274,,not_applicable_no_external_contributions,0.17565706100969722,-0.09904381514205751,43,1.1971464935254814,0.12116970616813827,2.93631743380236,20.0,0.0,0.050125928841392414,0.26457693514981084,0.8402353855872362,0.28728769487345307,0.28728769487345307,-0.07219178678562033,-0.047902367118556555,0.0,,,0.2741976405176627,0.2741976405176627,-0.05910173242982997,0.009471558833976879,0.0,,,,,P1_N20_monthly_B2_C_EW,P1,20,monthly,2.0,current_classification_constrained,equal,E1,evaluation,2010-01-01,2020-12-31,2021
2022-01-03,2022-12-30,251,-0.05103296001977953,-0.05103296001977953,-0.0512309793725777,,not_applicable_no_external_contributions,0.21677549679588595,-0.19278725709297728,249,-0.1342760674891265,0.15967046033581533,2.4781196914263908,20.0,0.0,0.05015709524125829,0.2653048434436185,1.0,-0.18175361295122916,-0.18240727005194868,0.13117629067937098,0.052176681516431955,1.0,,,-0.32577015948669175,-0.326828176140617,0.2755971967680393,0.15549239021683625,1.0,,,,,P1_N20_monthly_B2_C_EW,P1,20,monthly,2.0,current_classification_constrained,equal,E2,evaluation,2010-01-01,2021-12-31,2022
2023-01-03,2023-12-29,250,0.2067974253953062,0.2067974253953062,0.20861352515533205,,not_applicable_no_external_contributions,0.14365413346949144,-0.10256455174488677,73,1.3909925680769664,0.09590857072569216,3.161278258247792,20.0,0.0,0.05013244509435931,0.2647132425992746,0.936372141733462,0.26175777831245095,0.2641068904875523,-0.05549336533222027,-0.0028213430909684867,0.0,,,0.5485557706092534,0.5539830080583357,-0.3453694829030036,0.005234837576978402,0.0,,,,,P1_N20_monthly_B2_C_EW,P1,20,monthly,2.0,current_classification_constrained,equal,E3,evaluation,2010-01-01,2022-12-31,2023
2024-01-02,2024-12-31,252,0.4506121100218501,0.4506121100218501,0.4506121100218501,,not_applicable_no_external_contributions,0.17399589046841665,-0.11259155617711114,36,2.2260563023929,0.11125652916521127,1.9759866360086076,20.0,0.0,0.05023121682369974,0.26893551259741383,0.7673413333790887,0.24886449847111503,0.24886449847111503,0.20174761155073506,-0.02853535751334313,1.0,,,0.2557827307615481,0.2557827307615481,0.19482937926030197,0.02298589513772631,1.0,,,,,P1_N20_monthly_B2_C_EW,P1,20,monthly,2.0,current_classification_constrained,equal,E4,evaluation,2010-01-01,2023-12-31,2024
2025-01-02,2025-12-31,250,0.3137542491119769,0.3137542491119769,0.31662545342978143,,not_applicable_no_external_contributions,0.21711462351338462,-0.18786221486859267,58,1.3749545879421923,0.14292441995424396,2.052084459564236,20.0,0.0,0.05019493647724426,0.26817973731276495,0.9208695218324658,0.1771908045051671,0.17872809721523475,0.13789735621454668,-0.00030986997431914354,1.0,,,0.2077254840592302,0.20955041897086812,0.10707503445891331,0.039820833136966494,1.0,,,,,P1_N20_monthly_B2_C_EW,P1,20,monthly,2.0,current_classification_constrained,equal,E5,evaluation,2010-01-01,2024-12-31,2025
2021-01-04,2021-12-31,252,0.22718848049942664,0.22718848049942664,0.22718848049942664,,not_applicable_no_external_contributions,0.1991561658014256,-0.12072439470136098,52,1.1276750076336899,0.13662433828389883,2.8476412083909937,20.0,0.0,0.05014277689109081,0.2655716676218268,0.904190120175785,0.28728769487345307,0.28728769487345307,-0.06009921437402643,-0.06958294667786002,0.0,,,0.2741976405176627,0.2741976405176627,-0.047009160018236074,-0.012209020725326591,0.0,,,,,P1_N20_monthly_B2_U_EW,P1,20,monthly,2.0,unconstrained,equal,E1,evaluation,2010-01-01,2020-12-31,2021
2022-01-03,2022-12-30,251,-0.08241490891081038,-0.08241490891081038,-0.08272928316375205,,not_applicable_no_external_contributions,0.22962771173191635,-0.22300064133651953,250,-0.2612587761734122,0.16991077603169882,2.5395335711309626,20.0,0.0,0.05015298350614584,0.2651867745050638,1.0,-0.18175361295122916,-0.18240727005194868,0.09967798688819662,0.021963297272889704,1.0,,,-0.32577015948669175,-0.326828176140617,0.24409889297686493,0.125279005973294,1.0,,,,,P1_N20_monthly_B2_U_EW,P1,20,monthly,2.0,unconstrained,equal,E2,evaluation,2010-01-01,2021-12-31,2022
2023-01-03,2023-12-29,250,0.25148261346803746,0.25148261346803746,0.2537305801378551,,not_applicable_no_external_contributions,0.1572555689038378,-0.10748131225291158,97,1.5168839311262596,0.10463658921895562,3.1603549895075584,20.0,0.0,0.050129450979091085,0.2645261485969222,0.9164673090340039,0.26175777831245095,0.2641068904875523,-0.010376310349697215,-0.007738103598993296,0.0,,,0.5485557706092534,0.5539830080583357,-0.30025242792048057,0.0003180770689535928,0.0,,,,,P1_N20_monthly_B2_U_EW,P1,20,monthly,2.0,unconstrained,equal,E3,evaluation,2010-01-01,2022-12-31,2023
2024-01-02,2024-12-31,252,0.37789714201020885,0.37789714201020885,0.37789714201020885,,not_applicable_no_external_contributions,0.22433910474724303,-0.15415497027920122,54,1.541703026822014,0.15226744830370773,1.8325050644064242,20.0,0.0,0.05023967457782527,0.2694331512760757,0.7881701635364916,0.24886449847111503,0.24886449847111503,0.12903264353909383,-0.07009877161543321,1.0,,,0.2557827307615481,0.2557827307615481,0.12211441124866074,-0.01857751896436377,1.0,,,,,P1_N20_monthly_B2_U_EW,P1,20,monthly,2.0,unconstrained,equal,E4,evaluation,2010-01-01,2023-12-31,2024
2025-01-02,2025-12-31,250,0.2882595260125618,0.2882595260125618,0.2908726203367713,,not_applicable_no_external_contributions,0.23302330784698594,-0.2001045960825294,70,1.2110786346390092,0.1525295835356147,2.32197229530109,20.0,0.0,0.05019607682547708,0.26834014885882174,0.8766794557345697,0.1771908045051671,0.17872809721523475,0.11214452312153655,-0.01255225118825587,1.0,,,0.2077254840592302,0.20955041897086812,0.08132220136590318,0.027578451923029768,1.0,,,,,P1_N20_monthly_B2_U_EW,P1,20,monthly,2.0,unconstrained,equal,E5,evaluation,2010-01-01,2024-12-31,2025
2021-01-04,2021-12-31,252,0.17420413735791151,0.17420413735791151,0.17420413735791151,,not_applicable_no_external_contributions,0.17733746528157948,-0.09105045335462747,73,0.9942845036954929,0.12292063993246848,7.805035026172825,20.0,0.0,0.05002518908059979,0.25560354725168977,0.9218475629513753,0.28728769487345307,0.28728769487345307,-0.11308355751554156,-0.03990900533112651,0.0,,,0.2741976405176627,0.2741976405176627,-0.0999935031597512,0.01746492062140692,0.0,,,,,P1_N20_weekly_B1.5_C_EW,P1,20,weekly,1.5,current_classification_constrained,equal,E1,evaluation,2010-01-01,2020-12-31,2021
2022-01-03,2022-12-30,251,-0.055991150506398246,-0.055991150506398246,-0.05620783297707033,,not_applicable_no_external_contributions,0.21127345329768618,-0.18595144632842275,191,-0.16825893033081327,0.1552779572481812,4.836166758070361,20.0,0.0,0.050028437837255364,0.25581271677677536,1.0,-0.18175361295122916,-0.18240727005194868,0.12619943707487835,0.059012492280986484,1.0,,,-0.32577015948669175,-0.326828176140617,0.27062034316354666,0.16232820098139078,1.0,,,,,P1_N20_weekly_B1.5_C_EW,P1,20,weekly,1.5,current_classification_constrained,equal,E2,evaluation,2010-01-01,2021-12-31,2022
2023-01-03,2023-12-29,250,0.23030022035274422,0.23030022035274422,0.23234183112907436,,not_applicable_no_external_contributions,0.1428236244382817,-0.10587153167676355,90,1.5344828777053887,0.09450792708595686,7.752324632795692,20.0,0.0,0.05002246007219191,0.2549362644775202,0.8342419239063845,0.26175777831245095,0.2641068904875523,-0.031765059358477954,-0.006128323022845272,0.0,,,0.5485557706092534,0.5539830080583357,-0.3216411769292613,0.001927857645101616,0.0,,,,,P1_N20_weekly_B1.5_C_EW,P1,20,weekly,1.5,current_classification_constrained,equal,E3,evaluation,2010-01-01,2022-12-31,2023
2024-01-02,2024-12-31,252,0.47537089028057355,0.47537089028057355,0.47537089028057355,,not_applicable_no_external_contributions,0.16938651045823439,-0.10089644317254776,26,2.381971568762988,0.10559825487809203,7.1962593989935435,20.0,0.0,0.05003827491334156,0.2563164157189843,0.8161340872574803,0.24886449847111503,0.24886449847111503,0.22650639180945853,-0.016840244508779745,1.0,,,0.2557827307615481,0.2557827307615481,0.21958815951902544,0.03468100814228969,1.0,,,,,P1_N20_weekly_B1.5_C_EW,P1,20,weekly,1.5,current_classification_constrained,equal,E4,evaluation,2010-01-01,2023-12-31,2024
2025-01-02,2025-12-31,250,0.270911673520263,0.270911673520263,0.2733514633366856,,not_applicable_no_external_contributions,0.21094639101558244,-0.17767676114948583,58,1.2505698584293727,0.1408266343513997,4.928394145827998,20.0,0.0,0.05004000331172138,0.2567255763544264,0.8871684753534788,0.1771908045051671,0.17872809721523475,0.09462336612145084,0.009875583744787697,1.0,,,0.2077254840592302,0.20955041897086812,0.06380104436581746,0.050006286856073334,1.0,,,,,P1_N20_weekly_B1.5_C_EW,P1,20,weekly,1.5,current_classification_constrained,equal,E5,evaluation,2010-01-01,2024-12-31,2025
2021-01-04,2021-12-31,252,0.14614214869705933,0.14614214869705933,0.14614214869705933,,not_applicable_no_external_contributions,0.20227015630560033,-0.1042657946683675,133,0.7753830699713601,0.14008835659687366,5.2517859190490235,20.0,0.0,0.05002665757087562,0.2557657149156349,0.8743804873514553,0.28728769487345307,0.28728769487345307,-0.14114554617639374,-0.05312434664486654,0.0,,,0.2741976405176627,0.2741976405176627,-0.12805549182060338,0.004249579307666895,0.0,,,,,P1_N20_weekly_B1.5_U_EW,P1,20,weekly,1.5,unconstrained,equal,E1,evaluation,2010-01-01,2020-12-31,2021
2022-01-03,2022-12-30,251,-0.024452373311463438,-0.024452373311463438,-0.024548587479061523,,not_applicable_no_external_contributions,0.21694117106676672,-0.1800411833298805,191,-0.006216667386338425,0.1586127899955697,4.261573691638397,20.0,0.0,0.0500286203376027,0.2558607828059518,1.0,-0.18175361295122916,-0.18240727005194868,0.15785868257288715,0.06492275527952873,1.0,,,-0.32577015948669175,-0.326828176140617,0.30227958866155547,0.16823846397993303,1.0,,,,,P1_N20_weekly_B1.5_U_EW,P1,20,weekly,1.5,unconstrained,equal,E2,evaluation,2010-01-01,2021-12-31,2022
2023-01-03,2023-12-29,250,0.24292047742457057,0.24292047742457057,0.24508468144369533,,not_applicable_no_external_contributions,0.16134657700081337,-0.10742179317226674,90,1.4395428671949737,0.1086025616188268,5.7099788588224465,20.0,0.0,0.05002420907914552,0.25510695295152874,0.8587788361252255,0.26175777831245095,0.2641068904875523,-0.019022209043856986,-0.0076785845183484636,0.0,,,0.5485557706092534,0.5539830080583357,-0.30889832661464034,0.0003775961495984248,0.0,,,,,P1_N20_weekly_B1.5_U_EW,P1,20,weekly,1.5,unconstrained,equal,E3,evaluation,2010-01-01,2022-12-31,2023
2024-01-02,2024-12-31,252,0.3251996824046075,0.3251996824046075,0.3251996824046075,,not_applicable_no_external_contributions,0.21715593120065582,-0.16554527517365591,70,1.4055968458058818,0.148095466826787,4.27714603976904,20.0,0.0,0.05004084191712897,0.25653202295273775,0.8592028710762672,0.24886449847111503,0.24886449847111503,0.07633518393349248,-0.0814890765098879,1.0,,,0.2557827307615481,0.2557827307615481,0.06941695164305939,-0.029967823858818465,1.0,,,,,P1_N20_weekly_B1.5_U_EW,P1,20,weekly,1.5,unconstrained,equal,E4,evaluation,2010-01-01,2023-12-31,2024
2025-01-02,2025-12-31,250,0.27004513090260507,0.27004513090260507,0.2724763139413462,,not_applicable_no_external_contributions,0.2269383263534548,-0.1932861856807604,60,1.1746888078107154,0.15324900936058763,4.575440442210193,20.0,0.0,0.050042094408503913,0.25691010766546035,0.9088856204809714,0.1771908045051671,0.17872809721523475,0.09374821672611144,-0.005733840786486866,1.0,,,0.2077254840592302,0.20955041897086812,0.06292589497047807,0.03439686232479877,1.0,,,,,P1_N20_weekly_B1.5_U_EW,P1,20,weekly,1.5,unconstrained,equal,E5,evaluation,2010-01-01,2024-12-31,2025
2021-01-04,2021-12-31,252,0.13586610807369115,0.13586610807369115,0.13586610807369115,,not_applicable_no_external_contributions,0.17538579756739311,-0.0935862638976358,68,0.8139899443405408,0.12177575859124627,11.93834672322323,20.0,0.0,0.050025276091895984,0.2556156424703338,0.8910272304636628,0.28728769487345307,0.28728769487345307,-0.15142158679976192,-0.042444815874134845,0.0,,,0.2741976405176627,0.2741976405176627,-0.13833153244397156,0.014929110078398589,0.0,,,,,P1_N20_weekly_B1_C_EW,P1,20,weekly,1.0,current_classification_constrained,equal,E1,evaluation,2010-01-01,2020-12-31,2021
2022-01-03,2022-12-30,251,-0.032438773782168084,-0.032438773782168084,-0.032565884370571174,,not_applicable_no_external_contributions,0.20862301162769656,-0.18005792681430388,191,-0.05447855384963218,0.15337518035753187,11.472252084553507,20.0,0.0,0.050027716877130604,0.25574837314651033,1.0,-0.18175361295122916,-0.18240727005194868,0.1498413856813775,0.06490601179510536,1.0,,,-0.32577015948669175,-0.326828176140617,0.2942622917700458,0.16822172049550965,1.0,,,,,P1_N20_weekly_B1_C_EW,P1,20,weekly,1.0,current_classification_constrained,equal,E2,evaluation,2010-01-01,2021-12-31,2022
2023-01-03,2023-12-29,250,0.21091837235878685,0.21091837235878685,0.21277374764731039,,not_applicable_no_external_contributions,0.14360373294769477,-0.10811572469000064,89,1.4153766820560671,0.09572542830470963,11.309314280682567,20.0,0.0,0.05002225547286441,0.25494058374258166,0.8245861955617659,0.26175777831245095,0.2641068904875523,-0.05133314284024193,-0.008372516036082356,0.0,,,0.5485557706092534,0.5539830080583357,-0.3412092604110253,-0.0003163353681354675,0.0,,,,,P1_N20_weekly_B1_C_EW,P1,20,weekly,1.0,current_classification_constrained,equal,E3,evaluation,2010-01-01,2022-12-31,2023
2024-01-02,2024-12-31,252,0.42797583310368137,0.42797583310368137,0.42797583310368137,,not_applicable_no_external_contributions,0.16897964526320663,-0.11445890166155259,45,2.1938292685631593,0.10715512261516896,10.586382355837348,20.0,0.0,0.05003863867976924,0.256330638887961,0.7961488232813024,0.24886449847111503,0.24886449847111503,0.17911133463256634,-0.03040270299778458,1.0,,,0.2557827307615481,0.2557827307615481,0.17219310234213325,0.021118549653284857,1.0,,,,,P1_N20_weekly_B1_C_EW,P1,20,weekly,1.0,current_classification_constrained,equal,E4,evaluation,2010-01-01,2023-12-31,2024
2025-01-02,2025-12-31,250,0.2633204472255637,0.2633204472255637,0.2656850011830747,,not_applicable_no_external_contributions,0.2119927678429822,-0.1868762467573738,62,1.21709339911653,0.1433436719241141,11.711652210283393,20.0,0.0,0.050041565245428674,0.2568790619921823,0.864814913990678,0.1771908045051671,0.17872809721523475,0.08695690396783995,0.0006760981368997276,1.0,,,0.2077254840592302,0.20955041897086812,0.056134582212206574,0.040806801248185365,1.0,,,,,P1_N20_weekly_B1_C_EW,P1,20,weekly,1.0,current_classification_constrained,equal,E5,evaluation,2010-01-01,2024-12-31,2025
2021-01-04,2021-12-31,252,0.22438535603336573,0.22438535603336573,0.22438535603336573,,not_applicable_no_external_contributions,0.20148750331893042,-0.09201733318225291,69,1.10557597575261,0.13808758832655244,13.016654276827776,20.0,0.0,0.05002798859307351,0.25590955311814706,0.8011401701583193,0.28728769487345307,0.28728769487345307,-0.06290233884008734,-0.04087588515875196,0.0,,,0.2741976405176627,0.2741976405176627,-0.049812284484296976,0.016498040793781477,0.0,,,,,P1_N20_weekly_B1_U_EW,P1,20,weekly,1.0,unconstrained,equal,E1,evaluation,2010-01-01,2020-12-31,2021
2022-01-03,2022-12-30,251,-0.027031600378090714,-0.027031600378090714,-0.027137821310198262,,not_applicable_no_external_contributions,0.21158801285030565,-0.17558058478403848,191,-0.024371952210543894,0.1549286378852002,12.460883629019328,20.0,0.0,0.050026907561922074,0.2556834427312337,1.0,-0.18175361295122916,-0.18240727005194868,0.15526944874175042,0.06938335382537075,1.0,,,-0.32577015948669175,-0.326828176140617,0.2996903548304187,0.17269906252577505,1.0,,,,,P1_N20_weekly_B1_U_EW,P1,20,weekly,1.0,unconstrained,equal,E2,evaluation,2010-01-01,2021-12-31,2022
2023-01-03,2023-12-29,250,0.2888352335453863,0.2888352335453863,0.29145411167133983,,not_applicable_no_external_contributions,0.1667211219487999,-0.10552244006142308,90,1.6179402888200523,0.11146855161439029,11.560796419349494,20.0,0.0,0.05002474850457607,0.25517155062854907,0.8511118856992865,0.26175777831245095,0.2641068904875523,0.027347221183787518,-0.0057792314075048035,1.0,,,0.5485557706092534,0.5539830080583357,-0.26252889638699584,0.002276949260442085,0.0,,,,,P1_N20_weekly_B1_U_EW,P1,20,weekly,1.0,unconstrained,equal,E3,evaluation,2010-01-01,2022-12-31,2023
2024-01-02,2024-12-31,252,0.36734099992077685,0.36734099992077685,0.36734099992077685,,not_applicable_no_external_contributions,0.21624313877667836,-0.16587476972958126,63,1.555532396593842,0.14625842254535948,11.49928451454199,20.0,0.0,0.05003940914452576,0.2564064366355769,0.8351465296410592,0.24886449847111503,0.24886449847111503,0.11847650144966182,-0.08181857106581325,1.0,,,0.2557827307615481,0.2557827307615481,0.11155826915922873,-0.030297318414743812,1.0,,,,,P1_N20_weekly_B1_U_EW,P1,20,weekly,1.0,unconstrained,equal,E4,evaluation,2010-01-01,2023-12-31,2024
2025-01-02,2025-12-31,250,0.25203231755590205,0.25203231755590205,0.2542856781348113,,not_applicable_no_external_contributions,0.22322050734579857,-0.19367165236151818,63,1.1262923292195315,0.15345618841640885,13.297715167975136,20.0,0.0,0.050041978782579905,0.2569496731448669,0.856407913591719,0.1771908045051671,0.17872809721523475,0.07555758091957654,-0.00611930746724465,1.0,,,0.2077254840592302,0.20955041897086812,0.044735259163943164,0.03401139564404099,1.0,,,,,P1_N20_weekly_B1_U_EW,P1,20,weekly,1.0,unconstrained,equal,E5,evaluation,2010-01-01,2024-12-31,2025
2021-01-04,2021-12-31,252,0.24886824153509868,0.24886824153509868,0.24886824153509868,,not_applicable_no_external_contributions,0.17933391363495313,-0.08479954400182721,72,1.329199438915233,0.12277629558948296,4.470300634158714,20.0,0.0,0.05002491825597298,0.25563069966288454,0.8267657158308045,0.28728769487345307,0.28728769487345307,-0.03841945333835439,-0.03365809597832625,0.0,,,0.2741976405176627,0.2741976405176627,-0.025329398982564033,0.02371582997420718,0.0,,,,,P1_N20_weekly_B2_C_EW,P1,20,weekly,2.0,current_classification_constrained,equal,E1,evaluation,2010-01-01,2020-12-31,2021
2022-01-03,2022-12-30,251,-0.03783606658438976,-0.03783606658438976,-0.03798390813476682,,not_applicable_no_external_contributions,0.22037642008293268,-0.19717891798758203,249,-0.06568674709804016,0.1600257731151859,3.672147626283083,20.0,0.0,0.05003012152806622,0.25589403055021154,1.0,-0.18175361295122916,-0.18240727005194868,0.14442336191718186,0.04778502062182721,1.0,,,-0.32577015948669175,-0.326828176140617,0.28884426800585017,0.1511007293222315,1.0,,,,,P1_N20_weekly_B2_C_EW,P1,20,weekly,2.0,current_classification_constrained,equal,E2,evaluation,2010-01-01,2021-12-31,2022
2023-01-03,2023-12-29,250,0.22038938845620648,0.22038938845620648,0.22233545786680242,,not_applicable_no_external_contributions,0.13692727617392236,-0.09299652200375907,68,1.5349780772576305,0.09129812033856988,4.322466779591195,20.0,0.0,0.05002189574030665,0.2548629560343533,0.8919362997592157,0.26175777831245095,0.2641068904875523,-0.04177143262074989,0.006746686650159206,0.0,,,0.5485557706092534,0.5539830080583357,-0.33164755019153325,0.014802867318106094,0.0,,,,,P1_N20_weekly_B2_C_EW,P1,20,weekly,2.0,current_classification_constrained,equal,E3,evaluation,2010-01-01,2022-12-31,2023
2024-01-02,2024-12-31,252,0.3548138416277222,0.3548138416277222,0.3548138416277222,,not_applicable_no_external_contributions,0.1701564177868523,-0.1202126916865357,51,1.8704357715371727,0.11209657750177156,3.682105624298009,20.0,0.0,0.0500319935663002,0.2560306679009256,0.7541863019171755,0.24886449847111503,0.24886449847111503,0.1059493431566072,-0.03615649302276769,1.0,,,0.2557827307615481,0.2557827307615481,0.09903111086617411,0.01536475962830175,1.0,,,,,P1_N20_weekly_B2_C_EW,P1,20,weekly,2.0,current_classification_constrained,equal,E4,evaluation,2010-01-01,2023-12-31,2024
2025-01-02,2025-12-31,250,0.34530944363567917,0.34530944363567917,0.34850564356721514,,not_applicable_no_external_contributions,0.2107314625329217,-0.18238058383546107,58,1.523989049868041,0.13895527021716791,3.159620052634437,20.0,0.0,0.050039872651587415,0.25671290391765716,0.8715419580304383,0.1771908045051671,0.17872809721523475,0.1697775463519804,0.005171761058812452,1.0,,,0.2077254840592302,0.20955041897086812,0.13895522459634702,0.04530246417009809,1.0,,,,,P1_N20_weekly_B2_C_EW,P1,20,weekly,2.0,current_classification_constrained,equal,E5,evaluation,2010-01-01,2024-12-31,2025
2021-01-04,2021-12-31,252,0.2303568159828342,0.2303568159828342,0.2303568159828342,,not_applicable_no_external_contributions,0.19806267791653812,-0.11479484081208713,69,1.1457569594636177,0.13363755483425604,4.205667815125978,20.0,0.0,0.050026973003651595,0.2557507408047992,0.9277443065858507,0.28728769487345307,0.28728769487345307,-0.056930878890618875,-0.06365339278858617,0.0,,,0.2741976405176627,0.2741976405176627,-0.043840824534828515,-0.006279466836052738,0.0,,,,,P1_N20_weekly_B2_U_EW,P1,20,weekly,2.0,unconstrained,equal,E1,evaluation,2010-01-01,2020-12-31,2021
2022-01-03,2022-12-30,251,-0.050562651141162984,-0.050562651141162984,-0.0507588948169706,,not_applicable_no_external_contributions,0.22514113945423117,-0.1968903545707028,249,-0.11890415672733345,0.1649540626434863,3.8220535841368566,20.0,0.0,0.05002981778089691,0.2559868484638338,1.0,-0.18175361295122916,-0.18240727005194868,0.13164837523497808,0.04807358403870643,1.0,,,-0.32577015948669175,-0.326828176140617,0.2760692813236464,0.15138929273911073,1.0,,,,,P1_N20_weekly_B2_U_EW,P1,20,weekly,2.0,unconstrained,equal,E2,evaluation,2010-01-01,2021-12-31,2022
2023-01-03,2023-12-29,250,0.2415650180353377,0.2415650180353377,0.2437160053110894,,not_applicable_no_external_contributions,0.1553755264688846,-0.10021188762438105,100,1.4816910956798162,0.10385515183613482,3.905464258947645,20.0,0.0,0.050023605349857204,0.25509949981571556,0.9388452373395774,0.26175777831245095,0.2641068904875523,-0.020390885176462925,-0.00046867897046276585,0.0,,,0.5485557706092534,0.5539830080583357,-0.3102670027472463,0.0075875016974841225,0.0,,,,,P1_N20_weekly_B2_U_EW,P1,20,weekly,2.0,unconstrained,equal,E3,evaluation,2010-01-01,2022-12-31,2023
2024-01-02,2024-12-31,252,0.3255991884501648,0.3255991884501648,0.3255991884501648,,not_applicable_no_external_contributions,0.22220609989957632,-0.16846071714199173,65,1.3800874199196154,0.1528459494541671,3.2077396140452725,20.0,0.0,0.050041600230256146,0.25661458590010866,0.7998480970124403,0.24886449847111503,0.24886449847111503,0.07673468997904975,-0.08440451847822372,1.0,,,0.2557827307615481,0.2557827307615481,0.06981645768861666,-0.032883265827154284,1.0,,,,,P1_N20_weekly_B2_U_EW,P1,20,weekly,2.0,unconstrained,equal,E4,evaluation,2010-01-01,2023-12-31,2024
2025-01-02,2025-12-31,250,0.3215538767232371,0.3215538767232371,0.32450484722930395,,not_applicable_no_external_contributions,0.21743076315392051,-0.18344619394725614,58,1.4009302183796697,0.144955227246289,3.2156401033551183,20.0,0.0,0.05004143377066487,0.25689301518153856,0.9020255138691055,0.1771908045051671,0.17872809721523475,0.1457767500140692,0.004106150947017384,1.0,,,0.2077254840592302,0.20955041897086812,0.11495442825843583,0.04423685405830302,1.0,,,,,P1_N20_weekly_B2_U_EW,P1,20,weekly,2.0,unconstrained,equal,E5,evaluation,2010-01-01,2024-12-31,2025
2021-01-04,2021-12-31,252,0.2097998407272672,0.2097998407272672,0.2097998407272672,,not_applicable_no_external_contributions,0.15931719502196015,-0.07483891009331445,33,1.275372047634123,0.10984096158976774,3.8788902143419857,30.0,0.0,0.033371860492948074,0.17428687895134046,0.832528212960815,0.28728769487345307,0.28728769487345307,-0.07748785414618586,-0.02369746206981349,0.0,,,0.2741976405176627,0.2741976405176627,-0.0643977997903955,0.03367646388271994,0.0,,,,,P1_N30_biweekly_B1.5_C_EW,P1,30,biweekly,1.5,current_classification_constrained,equal,E1,evaluation,2010-01-01,2020-12-31,2021
2022-01-03,2022-12-30,251,-0.07989534355719863,-0.07989534355719863,-0.08020053255055226,,not_applicable_no_external_contributions,0.20689735448071192,-0.19859125030527025,249,-0.3007229746835779,0.15189739404264044,2.9168168190451076,30.0,0.0,0.03337735047410066,0.17421022186290003,1.0,-0.18175361295122916,-0.18240727005194868,0.10220673750139642,0.04637268830413899,1.0,,,-0.32577015948669175,-0.326828176140617,0.24662764359006473,0.14968839700454328,1.0,,,,,P1_N30_biweekly_B1.5_C_EW,P1,30,biweekly,1.5,current_classification_constrained,equal,E2,evaluation,2010-01-01,2021-12-31,2022
2023-01-03,2023-12-29,250,0.15542155059735818,0.15542155059735818,0.15675766870235397,,not_applicable_no_external_contributions,0.12817130677356847,-0.09577704088445138,105,1.200289950337956,0.08639037741451387,4.163918709399457,30.0,0.0,0.033361282543876825,0.17280373738393673,0.9445900297070754,0.26175777831245095,0.2641068904875523,-0.10734922178519835,0.0039661677694668995,0.0,,,0.5485557706092534,0.5539830080583357,-0.3972253393559817,0.012022348437413788,0.0,,,,,P1_N30_biweekly_B1.5_C_EW,P1,30,biweekly,1.5,current_classification_constrained,equal,E3,evaluation,2010-01-01,2022-12-31,2023
2024-01-02,2024-12-31,252,0.3017799464075379,0.3017799464075379,0.3017799464075379,,not_applicable_no_external_contributions,0.14315487706624436,-0.09034351671934349,33,1.914488097866341,0.09209149556670536,3.4893965850092146,30.0,0.0,0.03338467522990981,0.17494398330262872,0.7609580185488725,0.24886449847111503,0.24886449847111503,0.05291544793642289,-0.006287318055575475,1.0,,,0.2557827307615481,0.2557827307615481,0.0459972156459898,0.04523393459549396,1.0,,,,,P1_N30_biweekly_B1.5_C_EW,P1,30,biweekly,1.5,current_classification_constrained,equal,E4,evaluation,2010-01-01,2023-12-31,2024
2025-01-02,2025-12-31,250,0.25286167038397656,0.25286167038397656,0.2551231725831289,,not_applicable_no_external_contributions,0.1884703628702887,-0.16782785505903408,62,1.2992853322808624,0.1234452795726374,3.2978243239733014,30.0,0.0,0.03339048725028885,0.17550984572198997,0.8810151770984146,0.1771908045051671,0.17872809721523475,0.07639507536789414,0.019724489835239445,1.0,,,0.2077254840592302,0.20955041897086812,0.045572753612260763,0.05985519294652508,1.0,,,,,P1_N30_biweekly_B1.5_C_EW,P1,30,biweekly,1.5,current_classification_constrained,equal,E5,evaluation,2010-01-01,2024-12-31,2025
2021-01-04,2021-12-31,252,0.21851186772544562,0.21851186772544562,0.21851186772544562,,not_applicable_no_external_contributions,0.17597378942972133,-0.10548814104928983,40,1.2112610718216308,0.12101165013646681,3.349394343813263,30.0,0.0,0.03337249173444314,0.1742783620780366,0.8381800211761051,0.28728769487345307,0.28728769487345307,-0.06877582714800745,-0.05434669302578887,0.0,,,0.2741976405176627,0.2741976405176627,-0.05568577279221709,0.003027232926744561,0.0,,,,,P1_N30_biweekly_B1.5_U_EW,P1,30,biweekly,1.5,unconstrained,equal,E1,evaluation,2010-01-01,2020-12-31,2021
2022-01-03,2022-12-30,251,-0.085776445763324,-0.085776445763324,-0.08610303165634514,,not_applicable_no_external_contributions,0.21439527284433202,-0.2048233287671395,250,-0.3128642640789664,0.15757237137567015,2.8831679046797567,30.0,0.0,0.03337951414997989,0.174381103967121,1.0,-0.18175361295122916,-0.18240727005194868,0.09630423839560354,0.04014060984226975,1.0,,,-0.32577015948669175,-0.326828176140617,0.24072514448427185,0.14345631854267404,1.0,,,,,P1_N30_biweekly_B1.5_U_EW,P1,30,biweekly,1.5,unconstrained,equal,E2,evaluation,2010-01-01,2021-12-31,2022
2023-01-03,2023-12-29,250,0.19388633670324906,0.19388633670324906,0.19558012228806332,,not_applicable_no_external_contributions,0.13837311425088,-0.09348118208258216,105,1.3603082124610149,0.09308013853496526,3.176765739002504,30.0,0.0,0.03336182956972152,0.17286097305643763,0.9266655803282552,0.26175777831245095,0.2641068904875523,-0.068526768199489,0.006262026571336121,0.0,,,0.5485557706092534,0.5539830080583357,-0.35840288577027235,0.01431820723928301,0.0,,,,,P1_N30_biweekly_B1.5_U_EW,P1,30,biweekly,1.5,unconstrained,equal,E3,evaluation,2010-01-01,2022-12-31,2023
2024-01-02,2024-12-31,252,0.29448636783666027,0.29448636783666027,0.29448636783666027,,not_applicable_no_external_contributions,0.18328167075414536,-0.11551566616839493,45,1.5003343350489136,0.12361277237835207,2.7144289318133423,30.0,0.0,0.033386146950789904,0.17501521618400098,0.77318813035265,0.24886449847111503,0.24886449847111503,0.04562186936554524,-0.031459467504626915,1.0,,,0.2557827307615481,0.2557827307615481,0.03870363707511215,0.020061785146442523,1.0,,,,,P1_N30_biweekly_B1.5_U_EW,P1,30,biweekly,1.5,unconstrained,equal,E4,evaluation,2010-01-01,2023-12-31,2024
2025-01-02,2025-12-31,250,0.2320658271073257,0.2320658271073257,0.23412452632599634,,not_applicable_no_external_contributions,0.19625668272839533,-0.1758408909640612,60,1.169393132312894,0.13116803491044948,3.372318528425237,30.0,0.0,0.03338995404863662,0.17544211694023604,0.8892695415489598,0.1771908045051671,0.17872809721523475,0.05539642911076159,0.011711453930212334,1.0,,,0.2077254840592302,0.20955041897086812,0.024574107355128216,0.05184215704149797,1.0,,,,,P1_N30_biweekly_B1.5_U_EW,P1,30,biweekly,1.5,unconstrained,equal,E5,evaluation,2010-01-01,2024-12-31,2025
2021-01-04,2021-12-31,252,0.20753276843095203,0.20753276843095203,0.20753276843095203,,not_applicable_no_external_contributions,0.16177288897854125,-0.08065300871205205,37,1.2468091638404852,0.1109886621707107,6.538191397360054,30.0,0.0,0.03337222435220729,0.17417080063403872,0.8052475730328778,0.28728769487345307,0.28728769487345307,-0.07975492644250104,-0.029511560688551097,0.0,,,0.2741976405176627,0.2741976405176627,-0.06666487208671068,0.027862365263982336,0.0,,,,,P1_N30_biweekly_B1_C_EW,P1,30,biweekly,1.0,current_classification_constrained,equal,E1,evaluation,2010-01-01,2020-12-31,2021
2022-01-03,2022-12-30,251,-0.09062780090301481,-0.09062780090301481,-0.09097192340220284,,not_applicable_no_external_contributions,0.2017751309813102,-0.1971011185506124,250,-0.37190018483004783,0.14865285897534777,5.824932821269562,30.0,0.0,0.03337896365918547,0.1741524585162525,1.0,-0.18175361295122916,-0.18240727005194868,0.09143534664974584,0.04786282005879683,1.0,,,-0.32577015948669175,-0.326828176140617,0.23585625273841415,0.15117852875920113,1.0,,,,,P1_N30_biweekly_B1_C_EW,P1,30,biweekly,1.0,current_classification_constrained,equal,E2,evaluation,2010-01-01,2021-12-31,2022
2023-01-03,2023-12-29,250,0.18576103286112122,0.18576103286112122,0.1873784200826274,,not_applicable_no_external_contributions,0.12994336065574205,-0.08935740616460142,90,1.3868705833561263,0.08711419511829273,7.287522545026553,30.0,0.0,0.03336150363514074,0.17284577398013612,0.9129252558020708,0.26175777831245095,0.2641068904875523,-0.07672847040492492,0.010385802489316864,0.0,,,0.5485557706092534,0.5539830080583357,-0.3666045879757083,0.018441983157263753,0.0,,,,,P1_N30_biweekly_B1_C_EW,P1,30,biweekly,1.0,current_classification_constrained,equal,E3,evaluation,2010-01-01,2022-12-31,2023
2024-01-02,2024-12-31,252,0.3016872365795884,0.3016872365795884,0.3016872365795884,,not_applicable_no_external_contributions,0.14395772438753524,-0.09065825351664225,47,1.9041296186182286,0.0928581765165828,6.853486607643868,30.0,0.0,0.033382786911690464,0.17477413400229047,0.771788200597242,0.24886449847111503,0.24886449847111503,0.05282273810847338,-0.0066020548528742395,1.0,,,0.2557827307615481,0.2557827307615481,0.045904505818040287,0.0449191977981952,1.0,,,,,P1_N30_biweekly_B1_C_EW,P1,30,biweekly,1.0,current_classification_constrained,equal,E4,evaluation,2010-01-01,2023-12-31,2024
2025-01-02,2025-12-31,250,0.270081204203658,0.270081204203658,0.2725127454386653,,not_applicable_no_external_contributions,0.18379329265030667,-0.1614127905270767,60,1.403004153291906,0.1238337764816686,6.476343463717897,30.0,0.0,0.03339053126484698,0.17547237464093665,0.7697509821101047,0.1771908045051671,0.17872809721523475,0.09378464822343058,0.026139554367196838,1.0,,,0.2077254840592302,0.20955041897086812,0.0629623264677972,0.06627025747848247,1.0,,,,,P1_N30_biweekly_B1_C_EW,P1,30,biweekly,1.0,current_classification_constrained,equal,E5,evaluation,2010-01-01,2024-12-31,2025
2021-01-04,2021-12-31,252,0.20277228201245245,0.20277228201245245,0.20277228201245245,,not_applicable_no_external_contributions,0.1802894779443108,-0.0902882196943201,48,1.1143332369909627,0.12365573387190701,7.321016574891493,30.0,0.0,0.033373462182182824,0.1742722672442505,0.7810451414416735,0.28728769487345307,0.28728769487345307,-0.08451541286100062,-0.03914677167081915,0.0,,,0.2741976405176627,0.2741976405176627,-0.07142535850521026,0.018227154281714286,0.0,,,,,P1_N30_biweekly_B1_U_EW,P1,30,biweekly,1.0,unconstrained,equal,E1,evaluation,2010-01-01,2020-12-31,2021
2022-01-03,2022-12-30,251,-0.06629073491263104,-0.06629073491263104,-0.06654585254689227,,not_applicable_no_external_contributions,0.20450988285217805,-0.1857617618073475,250,-0.234620216086128,0.14985246564782526,6.228675488449682,30.0,0.0,0.033376818346599564,0.17414764433001384,1.0,-0.18175361295122916,-0.18240727005194868,0.11586141750505641,0.059202176802061746,1.0,,,-0.32577015948669175,-0.326828176140617,0.2602823235937247,0.16251788550246604,1.0,,,,,P1_N30_biweekly_B1_U_EW,P1,30,biweekly,1.0,unconstrained,equal,E2,evaluation,2010-01-01,2021-12-31,2022
2023-01-03,2023-12-29,250,0.23607771015512724,0.23607771015512724,0.23817531435760375,,not_applicable_no_external_contributions,0.14712137058088828,-0.09524322896900983,100,1.5260318563971622,0.09888836114420424,7.09412151709368,30.0,0.0,0.03336377580942361,0.1731589284372056,0.9067882680145608,0.26175777831245095,0.2641068904875523,-0.025931576129948564,0.004499979684908451,0.0,,,0.5485557706092534,0.5539830080583357,-0.3158076937007319,0.012556160352855339,0.0,,,,,P1_N30_biweekly_B1_U_EW,P1,30,biweekly,1.0,unconstrained,equal,E3,evaluation,2010-01-01,2022-12-31,2023
2024-01-02,2024-12-31,252,0.31083885498771546,0.31083885498771546,0.31083885498771546,,not_applicable_no_external_contributions,0.17754236978360724,-0.10226195639044033,54,1.6137224339602945,0.11749444712336737,6.940539506042225,30.0,0.0,0.033385695142949735,0.1750973713170744,0.7905373066030508,0.24886449847111503,0.24886449847111503,0.06197435651660044,-0.018205757726672323,1.0,,,0.2557827307615481,0.2557827307615481,0.05505612422616735,0.033315494924397115,1.0,,,,,P1_N30_biweekly_B1_U_EW,P1,30,biweekly,1.0,unconstrained,equal,E4,evaluation,2010-01-01,2023-12-31,2024
2025-01-02,2025-12-31,250,0.26129694294423933,0.26129694294423933,0.2636415042796969,,not_applicable_no_external_contributions,0.1930282747972098,-0.17366349345732324,70,1.3086953462361186,0.13251165827373995,7.091485311310322,30.0,0.0,0.03339218309646614,0.17565363983419863,0.8257754025134215,0.1771908045051671,0.17872809721523475,0.08491340706446215,0.013888851436950289,1.0,,,0.2077254840592302,0.20955041897086812,0.05409108530882878,0.054019554548235926,1.0,,,,,P1_N30_biweekly_B1_U_EW,P1,30,biweekly,1.0,unconstrained,equal,E5,evaluation,2010-01-01,2024-12-31,2025
2021-01-04,2021-12-31,252,0.28101303910996434,0.28101303910996434,0.28101303910996434,,not_applicable_no_external_contributions,0.15573831664626095,-0.08424234366500305,45,1.6686577485921736,0.1067401449126002,2.3153926668844855,30.0,0.0,0.03336987909408033,0.17406201058001092,0.7878863939847283,0.28728769487345307,0.28728769487345307,-0.0062746557634887346,-0.03310089564150209,0.0,,,0.2741976405176627,0.2741976405176627,0.006815398592301625,0.02427303031103134,1.0,,,,,P1_N30_biweekly_B2_C_EW,P1,30,biweekly,2.0,current_classification_constrained,equal,E1,evaluation,2010-01-01,2020-12-31,2021
2022-01-03,2022-12-30,251,-0.09832284738268826,-0.09832284738268826,-0.098694573348871,,not_applicable_no_external_contributions,0.22417028613514073,-0.20960283835587157,249,-0.3515212533798326,0.16438484326659866,2.2134512994546265,30.0,0.0,0.03338010565833964,0.174354079870689,1.0,-0.18175361295122916,-0.18240727005194868,0.08371269670307768,0.03536110025353767,1.0,,,-0.32577015948669175,-0.326828176140617,0.228133602791746,0.13867680895394197,1.0,,,,,P1_N30_biweekly_B2_C_EW,P1,30,biweekly,2.0,current_classification_constrained,equal,E2,evaluation,2010-01-01,2021-12-31,2022
2023-01-03,2023-12-29,250,0.16318104219416418,0.16318104219416418,0.1645884909029549,,not_applicable_no_external_contributions,0.12941161046213068,-0.09618551143294685,73,1.242178560751236,0.08671997618965478,2.677683830042163,30.0,0.0,0.03336338919649455,0.17293724864774584,0.9633174926930977,0.26175777831245095,0.2641068904875523,-0.0995183995845974,0.003557697220971434,0.0,,,0.5485557706092534,0.5539830080583357,-0.38939451715538076,0.011613877888918323,0.0,,,,,P1_N30_biweekly_B2_C_EW,P1,30,biweekly,2.0,current_classification_constrained,equal,E3,evaluation,2010-01-01,2022-12-31,2023
2024-01-02,2024-12-31,252,0.32112073471222113,0.32112073471222113,0.32112073471222113,,not_applicable_no_external_contributions,0.15082981961932765,-0.10375005689358108,41,1.9224306763152326,0.09819638210064635,2.4747343848493646,30.0,0.0,0.03338397842598153,0.1749503141662283,0.7767530434275322,0.24886449847111503,0.24886449847111503,0.07225623624110611,-0.019693858229813066,1.0,,,0.2557827307615481,0.2557827307615481,0.06533800395067302,0.03182739442125637,1.0,,,,,P1_N30_biweekly_B2_C_EW,P1,30,biweekly,2.0,current_classification_constrained,equal,E4,evaluation,2010-01-01,2023-12-31,2024
2025-01-02,2025-12-31,250,0.2785047181343041,0.2785047181343041,0.28102012831084733,,not_applicable_no_external_contributions,0.18684967301193656,-0.1650577523098049,58,1.4185323429244663,0.1227021798823037,2.3938816240047087,30.0,0.0,0.033392973889239015,0.17577316164353557,0.8161113893297932,0.1771908045051671,0.17872809721523475,0.10229203109561258,0.02249459258446862,1.0,,,0.2077254840592302,0.20955041897086812,0.0714697093399792,0.06262529569575426,1.0,,,,,P1_N30_biweekly_B2_C_EW,P1,30,biweekly,2.0,current_classification_constrained,equal,E5,evaluation,2010-01-01,2024-12-31,2025
2021-01-04,2021-12-31,252,0.27799292794241937,0.27799292794241937,0.27799292794241937,,not_applicable_no_external_contributions,0.1723854436330163,-0.10452329159955787,46,1.5095897833280052,0.1178458310343291,2.4544158662520075,30.0,0.0,0.0333733882159208,0.17432605384773783,0.7886897940037998,0.28728769487345307,0.28728769487345307,-0.009294766931033704,-0.05338184357605691,0.0,,,0.2741976405176627,0.2741976405176627,0.003795287424756655,0.0039920823764765245,1.0,,,,,P1_N30_biweekly_B2_U_EW,P1,30,biweekly,2.0,unconstrained,equal,E1,evaluation,2010-01-01,2020-12-31,2021
2022-01-03,2022-12-30,251,-0.11629466150278844,-0.11629466150278844,-0.11672982884132788,,not_applicable_no_external_contributions,0.23899449339975626,-0.21988062722643742,249,-0.39994208640747864,0.17440858829382533,2.209787442605692,30.0,0.0,0.033378093092653154,0.1744296909100149,1.0,-0.18175361295122916,-0.18240727005194868,0.0656774412106208,0.025083311382971818,1.0,,,-0.32577015948669175,-0.326828176140617,0.2100983472992891,0.12839902008337611,1.0,,,,,P1_N30_biweekly_B2_U_EW,P1,30,biweekly,2.0,unconstrained,equal,E2,evaluation,2010-01-01,2021-12-31,2022
2023-01-03,2023-12-29,250,0.13851403606469326,0.13851403606469326,0.139696189539529,,not_applicable_no_external_contributions,0.13345919781127588,-0.09763856863109033,73,1.0465108048343934,0.09099964610763106,2.5166562779372854,30.0,0.0,0.033361247856759146,0.17279324838705926,0.974797651046073,0.26175777831245095,0.2641068904875523,-0.12441070094802331,0.0021046400228279527,0.0,,,0.5485557706092534,0.5539830080583357,-0.41428681851880667,0.010160820690774841,0.0,,,,,P1_N30_biweekly_B2_U_EW,P1,30,biweekly,2.0,unconstrained,equal,E3,evaluation,2010-01-01,2022-12-31,2023
2024-01-02,2024-12-31,252,0.3182128339258352,0.3182128339258352,0.3182128339258352,,not_applicable_no_external_contributions,0.1861195013812537,-0.120639197173944,52,1.5779672442189954,0.1256635081165888,2.184462108162714,30.0,0.0,0.03338707773573989,0.17504081353100182,0.7940429942874442,0.24886449847111503,0.24886449847111503,0.06934833545472019,-0.03658299851017599,1.0,,,0.2557827307615481,0.2557827307615481,0.0624301031642871,0.014938254140893448,1.0,,,,,P1_N30_biweekly_B2_U_EW,P1,30,biweekly,2.0,unconstrained,equal,E4,evaluation,2010-01-01,2023-12-31,2024
2025-01-02,2025-12-31,250,0.22822696477206583,0.22822696477206583,0.23024853565275705,,not_applicable_no_external_contributions,0.20460035033545235,-0.18778111697546973,61,1.1144848568978034,0.13768608630880466,2.5317990604170624,30.0,0.0,0.03339429480981304,0.1759097680087659,0.8648450724694045,0.1771908045051671,0.17872809721523475,0.0515204384375223,-0.00022877208119620462,1.0,,,0.2077254840592302,0.20955041897086812,0.020698116681888923,0.03990193103008943,1.0,,,,,P1_N30_biweekly_B2_U_EW,P1,30,biweekly,2.0,unconstrained,equal,E5,evaluation,2010-01-01,2024-12-31,2025
2021-01-04,2021-12-31,252,0.20740849639020786,0.20740849639020786,0.20740849639020786,,not_applicable_no_external_contributions,0.157896962645266,-0.07571126751401491,35,1.2728606904341195,0.1088270164598547,6.834654076888798,30.0,0.0,0.033333333333333326,0.16666666666666663,0.815745494314828,0.28728769487345307,0.28728769487345307,-0.0798791984832452,-0.024569819490513956,0.0,,,0.2741976405176627,0.2741976405176627,-0.06678914412745485,0.03280410646201948,0.0,,,,,P1_N30_daily_B1.5_C_EW,P1,30,daily,1.5,current_classification_constrained,equal,E1,evaluation,2010-01-01,2020-12-31,2021
2022-01-03,2022-12-30,251,-0.06666229742184537,-0.06666229742184537,-0.06691879316255889,,not_applicable_no_external_contributions,0.20122771836186512,-0.18661574402376535,249,-0.2437410247996787,0.1470068562818018,4.9089848497320645,30.0,0.0,0.033333333333333326,0.16666666666666666,1.0,-0.18175361295122916,-0.18240727005194868,0.11548847688938979,0.05834819458564389,1.0,,,-0.32577015948669175,-0.326828176140617,0.2599093829780581,0.16166390328604818,1.0,,,,,P1_N30_daily_B1.5_C_EW,P1,30,daily,1.5,current_classification_constrained,equal,E2,evaluation,2010-01-01,2021-12-31,2022
2023-01-03,2023-12-29,250,0.18257032436114695,0.18257032436114695,0.18415783364212435,,not_applicable_no_external_contributions,0.12840638743036553,-0.10093331525544891,90,1.3807782757299236,0.08647412696640269,8.084499816205607,30.0,0.0,0.033333333333333326,0.16666666666666663,0.9137835054416753,0.26175777831245095,0.2641068904875523,-0.07994905684542797,-0.0011901066015306272,0.0,,,0.5485557706092534,0.5539830080583357,-0.3698251744162113,0.006866074066416261,0.0,,,,,P1_N30_daily_B1.5_C_EW,P1,30,daily,1.5,current_classification_constrained,equal,E3,evaluation,2010-01-01,2022-12-31,2023
2024-01-02,2024-12-31,252,0.28969893088607956,0.28969893088607956,0.28969893088607956,,not_applicable_no_external_contributions,0.1443041307962539,-0.08819706921416459,33,1.8357087366761755,0.09313064621279134,6.406255990826288,30.0,0.0,0.033333333333333326,0.16666666666666663,0.7341382968494351,0.24886449847111503,0.24886449847111503,0.04083443241496454,-0.00414087055039658,1.0,,,0.2557827307615481,0.2557827307615481,0.03391620012453145,0.04738038210067286,1.0,,,,,P1_N30_daily_B1.5_C_EW,P1,30,daily,1.5,current_classification_constrained,equal,E4,evaluation,2010-01-01,2023-12-31,2024
2025-01-02,2025-12-31,250,0.23145582879660775,0.23145582879660775,0.23350862182841414,,not_applicable_no_external_contributions,0.18992880237588475,-0.1777022251236925,61,1.199301146300697,0.12634474951977515,5.761728681287626,30.0,0.0,0.033333333333333326,0.16666666666666663,0.9049533022248304,0.1771908045051671,0.17872809721523475,0.05478052461317939,0.009850119770581034,1.0,,,0.2077254840592302,0.20955041897086812,0.023958202857546018,0.04998082288186667,1.0,,,,,P1_N30_daily_B1.5_C_EW,P1,30,daily,1.5,current_classification_constrained,equal,E5,evaluation,2010-01-01,2024-12-31,2025
2021-01-04,2021-12-31,252,0.21219102195298412,0.21219102195298412,0.21219102195298412,,not_applicable_no_external_contributions,0.18043313793228397,-0.10183205933877437,48,1.156837543180651,0.12360136535370887,5.653874083129638,30.0,0.0,0.033333333333333326,0.16666666666666663,0.8399185361868493,0.28728769487345307,0.28728769487345307,-0.07509667292046895,-0.050690611315273415,0.0,,,0.2741976405176627,0.2741976405176627,-0.062006618564678595,0.006683314637260018,0.0,,,,,P1_N30_daily_B1.5_U_EW,P1,30,daily,1.5,unconstrained,equal,E1,evaluation,2010-01-01,2020-12-31,2021
2022-01-03,2022-12-30,251,-0.057916904282713455,-0.057916904282713455,-0.05814080743108352,,not_applicable_no_external_contributions,0.20914170597268755,-0.18893527125131593,250,-0.18199282867013883,0.15280269862049317,4.904893342216073,30.0,0.0,0.033333333333333326,0.16666666666666666,1.0,-0.18175361295122916,-0.18240727005194868,0.12426646262086516,0.05602866735809331,1.0,,,-0.32577015948669175,-0.326828176140617,0.26868736870953347,0.1593443760584976,1.0,,,,,P1_N30_daily_B1.5_U_EW,P1,30,daily,1.5,unconstrained,equal,E2,evaluation,2010-01-01,2021-12-31,2022
2023-01-03,2023-12-29,250,0.2383298891178891,0.2383298891178891,0.24044937980284575,,not_applicable_no_external_contributions,0.14098184422830023,-0.09318944027098697,100,1.5992371224684054,0.09377832296175978,5.847589825108516,30.0,0.0,0.033333333333333326,0.16666666666666663,0.9211330118145544,0.26175777831245095,0.2641068904875523,-0.023657510684706562,0.006553768382931313,0.0,,,0.5485557706092534,0.5539830080583357,-0.3135336282554899,0.014609949050878202,0.0,,,,,P1_N30_daily_B1.5_U_EW,P1,30,daily,1.5,unconstrained,equal,E3,evaluation,2010-01-01,2022-12-31,2023
2024-01-02,2024-12-31,252,0.28169700427815747,0.28169700427815747,0.28169700427815747,,not_applicable_no_external_contributions,0.18392020478484666,-0.11510850229057656,49,1.441694205646986,0.12336942148981131,5.043300618101755,30.0,0.0,0.033333333333333326,0.16666666666666663,0.7874602712615377,0.24886449847111503,0.24886449847111503,0.032832505807042445,-0.031052303626808553,1.0,,,0.2557827307615481,0.2557827307615481,0.025914273516609354,0.020468949024260885,1.0,,,,,P1_N30_daily_B1.5_U_EW,P1,30,daily,1.5,unconstrained,equal,E4,evaluation,2010-01-01,2023-12-31,2024
2025-01-02,2025-12-31,250,0.2468742942157507,0.2468742942157507,0.24907711907601215,,not_applicable_no_external_contributions,0.1965235550758379,-0.174855760342696,61,1.2294405604352212,0.1320170298906746,5.789390041256923,30.0,0.0,0.033333333333333326,0.16666666666666663,0.8555140050363853,0.1771908045051671,0.17872809721523475,0.0703490218607774,0.012696584551577517,1.0,,,0.2077254840592302,0.20955041897086812,0.03952670010514403,0.052827287662863154,1.0,,,,,P1_N30_daily_B1.5_U_EW,P1,30,daily,1.5,unconstrained,equal,E5,evaluation,2010-01-01,2024-12-31,2025
2021-01-04,2021-12-31,252,0.19721879248436158,0.19721879248436158,0.19721879248436158,,not_applicable_no_external_contributions,0.1621112314116923,-0.07718090288748902,34,1.1915894800044127,0.11165846485748813,22.03236595261574,30.0,0.0,0.033333333333333326,0.16666666666666663,0.7722899768899337,0.28728769487345307,0.28728769487345307,-0.09006890238909149,-0.026039454863988065,0.0,,,0.2741976405176627,0.2741976405176627,-0.07697884803330113,0.03133447108854537,0.0,,,,,P1_N30_daily_B1_C_EW,P1,30,daily,1.0,current_classification_constrained,equal,E1,evaluation,2010-01-01,2020-12-31,2021
2022-01-03,2022-12-30,251,-0.09561553184016658,-0.09561553184016658,-0.09597757602040435,,not_applicable_no_external_contributions,0.19996326463449188,-0.20402137951853794,250,-0.4047106013057091,0.14695594454079877,16.15944757143196,30.0,0.0,0.033333333333333326,0.16666666666666666,1.0,-0.18175361295122916,-0.18240727005194868,0.08642969403154432,0.0409425590908713,1.0,,,-0.32577015948669175,-0.326828176140617,0.23085060012021263,0.1442582677912756,1.0,,,,,P1_N30_daily_B1_C_EW,P1,30,daily,1.0,current_classification_constrained,equal,E2,evaluation,2010-01-01,2021-12-31,2022
2023-01-03,2023-12-29,250,0.18233227335542068,0.18233227335542068,0.18391755630023532,,not_applicable_no_external_contributions,0.1337544400362576,-0.0997241261419437,90,1.3292214660902828,0.0884046755398109,22.369485412617433,30.0,0.0,0.033333333333333326,0.16666666666666663,0.9194390112583153,0.26175777831245095,0.2641068904875523,-0.080189334187317,1.9082511974577443e-05,0.0,,,0.5485557706092534,0.5539830080583357,-0.37006545175810035,0.008075263179921466,0.0,,,,,P1_N30_daily_B1_C_EW,P1,30,daily,1.0,current_classification_constrained,equal,E3,evaluation,2010-01-01,2022-12-31,2023
2024-01-02,2024-12-31,252,0.3408651329163288,0.3408651329163288,0.3408651329163288,,not_applicable_no_external_contributions,0.14555227187512926,-0.08782304374759775,33,2.088784182913416,0.09272585662134825,17.787531146797807,30.0,0.0,0.033333333333333326,0.16666666666666663,0.784605159688904,0.24886449847111503,0.24886449847111503,0.09200063444521378,-0.0037668450838297396,1.0,,,0.2557827307615481,0.2557827307615481,0.08508240215478069,0.0477544075672397,1.0,,,,,P1_N30_daily_B1_C_EW,P1,30,daily,1.0,current_classification_constrained,equal,E4,evaluation,2010-01-01,2023-12-31,2024
2025-01-02,2025-12-31,250,0.2677872020784795,0.2677872020784795,0.2701959810958485,,not_applicable_no_external_contributions,0.18242229967438872,-0.16260700068503453,61,1.402277549259946,0.12344559485115983,17.1385563038295,30.0,0.0,0.033333333333333326,0.16666666666666663,0.8243824909060379,0.1771908045051671,0.17872809721523475,0.09146788388061378,0.024945344209238995,1.0,,,0.2077254840592302,0.20955041897086812,0.0606455621249804,0.06507604732052463,1.0,,,,,P1_N30_daily_B1_C_EW,P1,30,daily,1.0,current_classification_constrained,equal,E5,evaluation,2010-01-01,2024-12-31,2025
2021-01-04,2021-12-31,252,0.2170942725739311,0.2170942725739311,0.2170942725739311,,not_applicable_no_external_contributions,0.18144347523172594,-0.08986059531671309,50,1.173647461754974,0.12334735986632853,24.391834209030506,30.0,0.0,0.033333333333333326,0.16666666666666663,0.7568611599403883,0.28728769487345307,0.28728769487345307,-0.07019342229952197,-0.03871914729321213,0.0,,,0.2741976405176627,0.2741976405176627,-0.05710336794373161,0.018654778659321303,0.0,,,,,P1_N30_daily_B1_U_EW,P1,30,daily,1.0,unconstrained,equal,E1,evaluation,2010-01-01,2020-12-31,2021
2022-01-03,2022-12-30,251,-0.07116414065757148,-0.07116414065757148,-0.0714372864377838,,not_applicable_no_external_contributions,0.19888284121458544,-0.19047879624176,250,-0.27338276128581207,0.14554241690671246,20.528691315855912,30.0,0.0,0.033333333333333326,0.16666666666666666,1.0,-0.18175361295122916,-0.18240727005194868,0.11096998361416488,0.05448514236764923,1.0,,,-0.32577015948669175,-0.326828176140617,0.2553908897028332,0.15780085106805353,1.0,,,,,P1_N30_daily_B1_U_EW,P1,30,daily,1.0,unconstrained,equal,E2,evaluation,2010-01-01,2021-12-31,2022
2023-01-03,2023-12-29,250,0.24638103651001608,0.24638103651001608,0.2485790376981425,,not_applicable_no_external_contributions,0.1496080106925308,-0.09841193379601243,90,1.5591040298588137,0.10030655550752485,24.316635389498963,30.0,0.0,0.033333333333333326,0.16666666666666663,0.902730037039289,0.26175777831245095,0.2641068904875523,-0.015527852789409824,0.0013312748579058509,0.0,,,0.5485557706092534,0.5539830080583357,-0.3054039703601932,0.00938745552585274,0.0,,,,,P1_N30_daily_B1_U_EW,P1,30,daily,1.0,unconstrained,equal,E3,evaluation,2010-01-01,2022-12-31,2023
2024-01-02,2024-12-31,252,0.30903282762933926,0.30903282762933926,0.30903282762933926,,not_applicable_no_external_contributions,0.177610553999089,-0.11889351285621674,54,1.6054160807648976,0.11808578557493415,18.46854745922178,30.0,0.0,0.033333333333333326,0.16666666666666663,0.7864836159570431,0.24886449847111503,0.24886449847111503,0.06016832915822423,-0.03483731419244873,1.0,,,0.2557827307615481,0.2557827307615481,0.05325009686779114,0.016683938458620706,1.0,,,,,P1_N30_daily_B1_U_EW,P1,30,daily,1.0,unconstrained,equal,E4,evaluation,2010-01-01,2023-12-31,2024
2025-01-02,2025-12-31,250,0.2578132628246399,0.2578132628246399,0.260123466179611,,not_applicable_no_external_contributions,0.1905536211061789,-0.16628527649690938,62,1.3086039503619313,0.1306507688944087,19.45563566584665,30.0,0.0,0.033333333333333326,0.16666666666666663,0.8515292255964754,0.1771908045051671,0.17872809721523475,0.08139536896437627,0.02126706839736414,1.0,,,0.2077254840592302,0.20955041897086812,0.050573047208742894,0.06139777150864978,1.0,,,,,P1_N30_daily_B1_U_EW,P1,30,daily,1.0,unconstrained,equal,E5,evaluation,2010-01-01,2024-12-31,2025
2021-01-04,2021-12-31,252,0.2725634091253024,0.2725634091253024,0.2725634091253024,,not_applicable_no_external_contributions,0.15716094654717133,-0.08661587811374305,35,1.6127696960594602,0.10695299807890642,4.618260137863749,30.0,0.0,0.033333333333333326,0.16666666666666663,0.7878277516878915,0.28728769487345307,0.28728769487345307,-0.014724285748150656,-0.03547443009024209,0.0,,,0.2741976405176627,0.2741976405176627,-0.001634231392360297,0.02189949586229134,0.0,,,,,P1_N30_daily_B2_C_EW,P1,30,daily,2.0,current_classification_constrained,equal,E1,evaluation,2010-01-01,2020-12-31,2021
2022-01-03,2022-12-30,251,-0.0732708155520797,-0.0732708155520797,-0.0735517229139756,,not_applicable_no_external_contributions,0.22279049968473874,-0.1973196538267571,249,-0.23169618921041965,0.1614702642982262,4.345538458168696,30.0,0.0,0.033333333333333326,0.16666666666666666,1.0,-0.18175361295122916,-0.18240727005194868,0.10885554713797307,0.047644284782652147,1.0,,,-0.32577015948669175,-0.326828176140617,0.2532764532266414,0.15095999348305644,1.0,,,,,P1_N30_daily_B2_C_EW,P1,30,daily,2.0,current_classification_constrained,equal,E2,evaluation,2010-01-01,2021-12-31,2022
2023-01-03,2023-12-29,250,0.15791698400127707,0.15791698400127707,0.15927599609390408,,not_applicable_no_external_contributions,0.12688145934320239,-0.0989913092401501,73,1.2283446422118764,0.08505395961635442,4.4370325967554125,30.0,0.0,0.033333333333333326,0.16666666666666663,0.9172226586196585,0.26175777831245095,0.2641068904875523,-0.10483089439364823,0.0007518994137681867,0.0,,,0.5485557706092534,0.5539830080583357,-0.3947070119644316,0.008808080081715075,0.0,,,,,P1_N30_daily_B2_C_EW,P1,30,daily,2.0,current_classification_constrained,equal,E3,evaluation,2010-01-01,2022-12-31,2023
2024-01-02,2024-12-31,252,0.29164450353127647,0.29164450353127647,0.29164450353127647,,not_applicable_no_external_contributions,0.14405398996648253,-0.10116914353619877,41,1.8491082761912205,0.09297450799313826,4.610800751785884,30.0,0.0,0.033333333333333326,0.16666666666666663,0.7523099561500969,0.24886449847111503,0.24886449847111503,0.04278000506016144,-0.017112944872430758,1.0,,,0.2557827307615481,0.2557827307615481,0.03586177276972835,0.03440830777863868,1.0,,,,,P1_N30_daily_B2_C_EW,P1,30,daily,2.0,current_classification_constrained,equal,E4,evaluation,2010-01-01,2023-12-31,2024
2025-01-02,2025-12-31,250,0.26411892751753663,0.26411892751753663,0.2664913778254545,,not_applicable_no_external_contributions,0.18661365520048126,-0.16555681967379487,57,1.358819304679003,0.12231630899932734,4.62926105194106,30.0,0.0,0.033333333333333326,0.16666666666666663,0.8332656787214916,0.1771908045051671,0.17872809721523475,0.08776328061021976,0.02199552522047865,1.0,,,0.2077254840592302,0.20955041897086812,0.05694095885458639,0.06212622833176429,1.0,,,,,P1_N30_daily_B2_C_EW,P1,30,daily,2.0,current_classification_constrained,equal,E5,evaluation,2010-01-01,2024-12-31,2025
2021-01-04,2021-12-31,252,0.24774702042391095,0.24774702042391095,0.24774702042391095,,not_applicable_no_external_contributions,0.17016663763866152,-0.10310718081841652,47,1.3861309709364573,0.11617509754624109,4.756865261631092,30.0,0.0,0.033333333333333326,0.16666666666666663,0.826983986300331,0.28728769487345307,0.28728769487345307,-0.039540674449542124,-0.051965732794915565,0.0,,,0.2741976405176627,0.2741976405176627,-0.026450620093751764,0.005408193157617869,0.0,,,,,P1_N30_daily_B2_U_EW,P1,30,daily,2.0,unconstrained,equal,E1,evaluation,2010-01-01,2020-12-31,2021
2022-01-03,2022-12-30,251,-0.07633273221035064,-0.07633273221035064,-0.07662488637780751,,not_applicable_no_external_contributions,0.2264340647381017,-0.2072541414227731,249,-0.23900649631854784,0.16460286509881292,4.463015139670415,30.0,0.0,0.033333333333333326,0.16666666666666666,1.0,-0.18175361295122916,-0.18240727005194868,0.10578238367414117,0.03770979718663614,1.0,,,-0.32577015948669175,-0.326828176140617,0.2502032897628095,0.14102550588704044,1.0,,,,,P1_N30_daily_B2_U_EW,P1,30,daily,2.0,unconstrained,equal,E2,evaluation,2010-01-01,2021-12-31,2022
2023-01-03,2023-12-29,250,0.18713196584015046,0.18713196584015046,0.18876221184546327,,not_applicable_no_external_contributions,0.13329504981042017,-0.09546106751950789,71,1.3640407360611755,0.08959581322747749,4.254375026812139,30.0,0.0,0.033333333333333326,0.16666666666666663,0.9300870058441165,0.26175777831245095,0.2641068904875523,-0.07534467864208905,0.004282141134410389,0.0,,,0.5485557706092534,0.5539830080583357,-0.3652207962128724,0.012338321802357277,0.0,,,,,P1_N30_daily_B2_U_EW,P1,30,daily,2.0,unconstrained,equal,E3,evaluation,2010-01-01,2022-12-31,2023
2024-01-02,2024-12-31,252,0.3264878217170746,0.3264878217170746,0.3264878217170746,,not_applicable_no_external_contributions,0.18504012361491662,-0.1140830457126355,49,1.6199090184370721,0.12385138024826423,4.1763315179069735,30.0,0.0,0.033333333333333326,0.16666666666666663,0.7822261159159869,0.24886449847111503,0.24886449847111503,0.07762332324595955,-0.03002684704886749,1.0,,,0.2557827307615481,0.2557827307615481,0.07070509095552646,0.02149440560220195,1.0,,,,,P1_N30_daily_B2_U_EW,P1,30,daily,2.0,unconstrained,equal,E4,evaluation,2010-01-01,2023-12-31,2024
2025-01-02,2025-12-31,250,0.2711221907969965,0.2711221907969965,0.27356407225900226,,not_applicable_no_external_contributions,0.19504407443040095,-0.18004373383537808,60,1.3368375319201624,0.12925701853136956,4.637161217896319,30.0,0.0,0.033333333333333326,0.16666666666666663,0.8535935463906331,0.1771908045051671,0.17872809721523475,0.0948359750437675,0.0075086110588954424,1.0,,,0.2077254840592302,0.20955041897086812,0.06401365328813413,0.04763931417018108,1.0,,,,,P1_N30_daily_B2_U_EW,P1,30,daily,2.0,unconstrained,equal,E5,evaluation,2010-01-01,2024-12-31,2025
2021-01-04,2021-12-31,252,0.23897808631821826,0.23897808631821826,0.23897808631821826,,not_applicable_no_external_contributions,0.160867714383881,-0.07692717959076412,37,1.412899717009041,0.11122553101599819,3.0105362349694316,30.0,0.0,0.03342072769123408,0.17871089536189413,0.8222082874183402,0.28728769487345307,0.28728769487345307,-0.048309608555234806,-0.02578573156726316,0.0,,,0.2741976405176627,0.2741976405176627,-0.03521955419944445,0.031588194385270274,0.0,,,,,P1_N30_monthly_B1.5_C_EW,P1,30,monthly,1.5,current_classification_constrained,equal,E1,evaluation,2010-01-01,2020-12-31,2021
2022-01-03,2022-12-30,251,-0.06690150722415988,-0.06690150722415988,-0.06715888986889595,,not_applicable_no_external_contributions,0.20972521738941333,-0.1951315822772155,249,-0.22673307992207958,0.15372773101933343,2.4333740813871616,30.0,0.0,0.03343138755843568,0.17804763389152964,1.0,-0.18175361295122916,-0.18240727005194868,0.11524838018305272,0.04983235633219374,1.0,,,-0.32577015948669175,-0.326828176140617,0.25966928627172103,0.15314806503259804,1.0,,,,,P1_N30_monthly_B1.5_C_EW,P1,30,monthly,1.5,current_classification_constrained,equal,E2,evaluation,2010-01-01,2021-12-31,2022
2023-01-03,2023-12-29,250,0.19191430961581646,0.19191430961581646,0.19358951201509145,,not_applicable_no_external_contributions,0.1263942288903315,-0.09762088998500162,90,1.4635159589499207,0.083541950093841,3.178754011937599,30.0,0.0,0.03340214521527875,0.1772962936637567,0.8685830463223113,0.26175777831245095,0.2641068904875523,-0.07051737847246087,0.002122318668916656,0.0,,,0.5485557706092534,0.5539830080583357,-0.3603934960432442,0.010178499336863545,0.0,,,,,P1_N30_monthly_B1.5_C_EW,P1,30,monthly,1.5,current_classification_constrained,equal,E3,evaluation,2010-01-01,2022-12-31,2023
2024-01-02,2024-12-31,252,0.31381418094825597,0.31381418094825597,0.31381418094825597,,not_applicable_no_external_contributions,0.1416276346429537,-0.08469279187934364,33,1.99865164812276,0.09074297546601368,2.647173304472722,30.0,0.0,0.033453102294932466,0.18088034164915645,0.7419894269754909,0.24886449847111503,0.24886449847111503,0.06494968247714095,-0.0006365932155756315,1.0,,,0.2557827307615481,0.2557827307615481,0.058031450186707856,0.050884659435493806,1.0,,,,,P1_N30_monthly_B1.5_C_EW,P1,30,monthly,1.5,current_classification_constrained,equal,E4,evaluation,2010-01-01,2023-12-31,2024
2025-01-02,2025-12-31,250,0.22346728416578743,0.22346728416578743,0.22544295543418813,,not_applicable_no_external_contributions,0.1867356594088819,-0.16518398989712768,58,1.181480691419901,0.12361591333453849,2.431506503896843,30.0,0.0,0.03344624041437611,0.18069323325751982,0.8622072858477542,0.1771908045051671,0.17872809721523475,0.04671485821895338,0.022368354997145845,1.0,,,0.2077254840592302,0.20955041897086812,0.015892536463320006,0.06249905810843148,1.0,,,,,P1_N30_monthly_B1.5_C_EW,P1,30,monthly,1.5,current_classification_constrained,equal,E5,evaluation,2010-01-01,2024-12-31,2025
2021-01-04,2021-12-31,252,0.23882281455797072,0.23882281455797072,0.23882281455797072,,not_applicable_no_external_contributions,0.17306210771144706,-0.10068531670025249,46,1.3243618576674947,0.11987992105499702,2.6140396916854174,30.0,0.0,0.033421205997329936,0.17879059623358476,0.8656472532241077,0.28728769487345307,0.28728769487345307,-0.04846488031548235,-0.049543868676751535,0.0,,,0.2741976405176627,0.2741976405176627,-0.03537482595969199,0.007830057275781899,0.0,,,,,P1_N30_monthly_B1.5_U_EW,P1,30,monthly,1.5,unconstrained,equal,E1,evaluation,2010-01-01,2020-12-31,2021
2022-01-03,2022-12-30,251,-0.07744239651354201,-0.07744239651354201,-0.07773861660489512,,not_applicable_no_external_contributions,0.2149174626441366,-0.19497812083641797,250,-0.26920971310841557,0.1572087625688829,2.29522505152754,30.0,0.0,0.0334282662909566,0.1783780508907601,1.0,-0.18175361295122916,-0.18240727005194868,0.10466865344705356,0.04998581777299127,1.0,,,-0.32577015948669175,-0.326828176140617,0.24908955953572187,0.15330152647339557,1.0,,,,,P1_N30_monthly_B1.5_U_EW,P1,30,monthly,1.5,unconstrained,equal,E2,evaluation,2010-01-01,2021-12-31,2022
2023-01-03,2023-12-29,250,0.2081723263059725,0.2081723263059725,0.21000151722617977,,not_applicable_no_external_contributions,0.13915539528690218,-0.0999474261678156,100,1.4396475070981858,0.0925270245694349,2.8660031675186586,30.0,0.0,0.03341253215111928,0.17794980064751997,0.920606332945488,0.26175777831245095,0.2641068904875523,-0.05410537326137255,-0.00020421751389732012,0.0,,,0.5485557706092534,0.5539830080583357,-0.3439814908321559,0.007851963154049568,0.0,,,,,P1_N30_monthly_B1.5_U_EW,P1,30,monthly,1.5,unconstrained,equal,E3,evaluation,2010-01-01,2022-12-31,2023
2024-01-02,2024-12-31,252,0.3303482542548466,0.3303482542548466,0.3303482542548466,,not_applicable_no_external_contributions,0.18855609853107808,-0.11848061630548945,49,1.6086403406611522,0.12710296856280043,1.9157027236072175,30.0,0.0,0.033471275501247025,0.1816592454386399,0.7634414684171019,0.24886449847111503,0.24886449847111503,0.08148375578373157,-0.03442441764172144,1.0,,,0.2557827307615481,0.2557827307615481,0.07456552349329848,0.017096835009348,1.0,,,,,P1_N30_monthly_B1.5_U_EW,P1,30,monthly,1.5,unconstrained,equal,E4,evaluation,2010-01-01,2023-12-31,2024
2025-01-02,2025-12-31,250,0.23183053004584853,0.23183053004584853,0.23388695075861987,,not_applicable_no_external_contributions,0.1948070568368587,-0.17258429258382713,58,1.175587997177918,0.12916094352678165,2.415130951466996,30.0,0.0,0.03344660564027466,0.1806405788097013,0.893627121986659,0.1771908045051671,0.17872809721523475,0.05515885354338512,0.0149680523104464,1.0,,,0.2077254840592302,0.20955041897086812,0.024336531787751747,0.05509875542173204,1.0,,,,,P1_N30_monthly_B1.5_U_EW,P1,30,monthly,1.5,unconstrained,equal,E5,evaluation,2010-01-01,2024-12-31,2025
2021-01-04,2021-12-31,252,0.2176419022550946,0.2176419022550946,0.2176419022550946,,not_applicable_no_external_contributions,0.15808255289151432,-0.0763029050054207,37,1.3250070116226074,0.10929199520847754,4.592501581004823,30.0,0.0,0.03342027808028974,0.1785843371236566,0.8341096267263188,0.28728769487345307,0.28728769487345307,-0.06964579261835846,-0.02516145698191974,0.0,,,0.2741976405176627,0.2741976405176627,-0.0565557382625681,0.032212468970613695,0.0,,,,,P1_N30_monthly_B1_C_EW,P1,30,monthly,1.0,current_classification_constrained,equal,E1,evaluation,2010-01-01,2020-12-31,2021
2022-01-03,2022-12-30,251,-0.07733124530762758,-0.07733124530762758,-0.07762705836997252,,not_applicable_no_external_contributions,0.20032361360726855,-0.1919349774089133,249,-0.30332376575375813,0.1472949176272768,4.6874924189321066,30.0,0.0,0.03342971665640938,0.17797027701999496,1.0,-0.18175361295122916,-0.18240727005194868,0.10478021168197615,0.05302896120049594,1.0,,,-0.32577015948669175,-0.326828176140617,0.24920111777064446,0.15634466990090023,1.0,,,,,P1_N30_monthly_B1_C_EW,P1,30,monthly,1.0,current_classification_constrained,equal,E2,evaluation,2010-01-01,2021-12-31,2022
2023-01-03,2023-12-29,250,0.19868934061615207,0.19868934061615207,0.2004284967584964,,not_applicable_no_external_contributions,0.129179497657184,-0.0972941589964782,74,1.4789302235241804,0.08425276462684252,4.812609056993248,30.0,0.0,0.03340501797515031,0.17750889810065865,0.8627128116296853,0.26175777831245095,0.2641068904875523,-0.06367839372905593,0.0024490496574400833,0.0,,,0.5485557706092534,0.5539830080583357,-0.3535545112998393,0.010505230325386972,0.0,,,,,P1_N30_monthly_B1_C_EW,P1,30,monthly,1.0,current_classification_constrained,equal,E3,evaluation,2010-01-01,2022-12-31,2023
2024-01-02,2024-12-31,252,0.3567737935094695,0.3567737935094695,0.3567737935094695,,not_applicable_no_external_contributions,0.14163602525560565,-0.07325779035768487,33,2.225950841359037,0.08944816301086064,3.9896210340048928,30.0,0.0,0.03346647019916636,0.18158040371132758,0.7345565966024333,0.24886449847111503,0.24886449847111503,0.10790929503835445,0.01079840830608314,1.0,,,0.2557827307615481,0.2557827307615481,0.10099106274792136,0.06231966095715258,1.0,,,,,P1_N30_monthly_B1_C_EW,P1,30,monthly,1.0,current_classification_constrained,equal,E4,evaluation,2010-01-01,2023-12-31,2024
2025-01-02,2025-12-31,250,0.24234535764171072,0.24234535764171072,0.2445039523534316,,not_applicable_no_external_contributions,0.18493067738631083,-0.17014970143688812,61,1.2751070163565748,0.12532986334883559,4.284870672853636,30.0,0.0,0.03345010982954995,0.18067189311614856,0.8595480870937117,0.1771908045051671,0.17872809721523475,0.06577585513819684,0.017402643457385403,1.0,,,0.2077254840592302,0.20955041897086812,0.03495353338256346,0.05753334656867104,1.0,,,,,P1_N30_monthly_B1_C_EW,P1,30,monthly,1.0,current_classification_constrained,equal,E5,evaluation,2010-01-01,2024-12-31,2025
2021-01-04,2021-12-31,252,0.21778248401582756,0.21778248401582756,0.21778248401582756,,not_applicable_no_external_contributions,0.18109386224590807,-0.08637629003083291,50,1.1787418192140804,0.12424555383210707,4.712216152597378,30.0,0.0,0.03341982385323465,0.17864519087293948,0.8024365892902542,0.28728769487345307,0.28728769487345307,-0.06950521085762551,-0.03523484200733196,0.0,,,0.2741976405176627,0.2741976405176627,-0.05641515650183515,0.022139083945201476,0.0,,,,,P1_N30_monthly_B1_U_EW,P1,30,monthly,1.0,unconstrained,equal,E1,evaluation,2010-01-01,2020-12-31,2021
2022-01-03,2022-12-30,251,-0.0796150312086168,-0.0796150312086168,-0.07991919659605529,,not_applicable_no_external_contributions,0.19672996705084328,-0.19075774483722807,250,-0.32511988167436756,0.14549340006217365,4.806600351884488,30.0,0.0,0.03342692750771893,0.17784162634011325,1.0,-0.18175361295122916,-0.18240727005194868,0.10248807345589339,0.054206193772181166,1.0,,,-0.32577015948669175,-0.326828176140617,0.2469089795445617,0.15752190247258546,1.0,,,,,P1_N30_monthly_B1_U_EW,P1,30,monthly,1.0,unconstrained,equal,E2,evaluation,2010-01-01,2021-12-31,2022
2023-01-03,2023-12-29,250,0.2507300586710848,0.2507300586710848,0.2529706441454591,,not_applicable_no_external_contributions,0.14682878404431102,-0.10574795858428276,90,1.6097523801652844,0.09829268811734886,5.013078360990137,30.0,0.0,0.03340854816920843,0.1774888913704956,0.8680800545606694,0.26175777831245095,0.2641068904875523,-0.011136246342093203,-0.006004749930364484,0.0,,,0.5485557706092534,0.5539830080583357,-0.30101236391287656,0.002051430737582405,0.0,,,,,P1_N30_monthly_B1_U_EW,P1,30,monthly,1.0,unconstrained,equal,E3,evaluation,2010-01-01,2022-12-31,2023
2024-01-02,2024-12-31,252,0.2862887720008762,0.2862887720008762,0.2862887720008762,,not_applicable_no_external_contributions,0.180455596735016,-0.10613196505838574,45,1.485726773088727,0.12126293850844172,4.162977154956348,30.0,0.0,0.03347104851252199,0.18178204955658653,0.7969601686390533,0.24886449847111503,0.24886449847111503,0.03742427352976119,-0.022075766394617724,1.0,,,0.2557827307615481,0.2557827307615481,0.030506041239328097,0.029445486256451714,1.0,,,,,P1_N30_monthly_B1_U_EW,P1,30,monthly,1.0,unconstrained,equal,E4,evaluation,2010-01-01,2023-12-31,2024
2025-01-02,2025-12-31,250,0.23573126239343267,0.23573126239343267,0.23782550278636427,,not_applicable_no_external_contributions,0.190795162690794,-0.1702443430634586,61,1.2133832347799336,0.1293749634285803,4.272255323636028,30.0,0.0,0.03344991476308246,0.18074309163547964,0.8795828824125386,0.1771908045051671,0.17872809721523475,0.059097405571129524,0.017308001830814934,1.0,,,0.2077254840592302,0.20955041897086812,0.02827508381549615,0.05743870494210057,1.0,,,,,P1_N30_monthly_B1_U_EW,P1,30,monthly,1.0,unconstrained,equal,E5,evaluation,2010-01-01,2024-12-31,2025
2021-01-04,2021-12-31,252,0.24568757435410937,0.24568757435410937,0.24568757435410937,,not_applicable_no_external_contributions,0.15321160253795046,-0.08903897763818447,37,1.510923665655565,0.10512473112846098,1.6020152557019587,30.0,0.0,0.033409285580204735,0.17747255526034916,0.8348482350611124,0.28728769487345307,0.28728769487345307,-0.0416001205193437,-0.03789752961468351,0.0,,,0.2741976405176627,0.2741976405176627,-0.028510066163553338,0.01947639633784992,0.0,,,,,P1_N30_monthly_B2_C_EW,P1,30,monthly,2.0,current_classification_constrained,equal,E1,evaluation,2010-01-01,2020-12-31,2021
2022-01-03,2022-12-30,251,-0.13946741739545776,-0.13946741739545776,-0.13998222455277898,,not_applicable_no_external_contributions,0.24058252935112778,-0.23548269333696892,249,-0.5065299516953897,0.1765482987143303,1.8784787552614783,30.0,0.0,0.033444701272214286,0.1791102458700609,1.0,-0.18175361295122916,-0.18240727005194868,0.0424250454991697,0.00948124527244032,1.0,,,-0.32577015948669175,-0.326828176140617,0.186845951587838,0.11279695397284462,1.0,,,,,P1_N30_monthly_B2_C_EW,P1,30,monthly,2.0,current_classification_constrained,equal,E2,evaluation,2010-01-01,2021-12-31,2022
2023-01-03,2023-12-29,250,0.1558381010268517,0.1558381010268517,0.1571780376897869,,not_applicable_no_external_contributions,0.12395837763076435,-0.0861020474402614,73,1.2397118004700092,0.08216448632992998,1.8087364357039004,30.0,0.0,0.03341141104264477,0.17775842448140064,0.9531573754316136,0.26175777831245095,0.2641068904875523,-0.10692885279776543,0.013641161213656883,0.0,,,0.5485557706092534,0.5539830080583357,-0.3968049703685488,0.02169734188160377,0.0,,,,,P1_N30_monthly_B2_C_EW,P1,30,monthly,2.0,current_classification_constrained,equal,E3,evaluation,2010-01-01,2022-12-31,2023
2024-01-02,2024-12-31,252,0.4001425641756928,0.4001425641756928,0.4001425641756928,,not_applicable_no_external_contributions,0.14290808822439138,-0.08456193833210734,36,2.427865466438758,0.09023425556926211,1.4912877007718828,30.0,0.0,0.033464196947893925,0.1816372885325626,0.7561198001533777,0.24886449847111503,0.24886449847111503,0.1512780657045778,-0.0005057396683393334,1.0,,,0.2557827307615481,0.2557827307615481,0.1443598334141447,0.051015512982730105,1.0,,,,,P1_N30_monthly_B2_C_EW,P1,30,monthly,2.0,current_classification_constrained,equal,E4,evaluation,2010-01-01,2023-12-31,2024
2025-01-02,2025-12-31,250,0.24669133495105355,0.24669133495105355,0.24889237042976742,,not_applicable_no_external_contributions,0.1892010274667154,-0.1795866252746373,62,1.2689033490795982,0.12585156085915833,1.7339631989504385,30.0,0.0,0.03345049409380162,0.180774706337327,0.8508259948292922,0.1771908045051671,0.17872809721523475,0.07016427321453267,0.007965719619636213,1.0,,,0.2077254840592302,0.20955041897086812,0.039341951458899294,0.04809642273092185,1.0,,,,,P1_N30_monthly_B2_C_EW,P1,30,monthly,2.0,current_classification_constrained,equal,E5,evaluation,2010-01-01,2024-12-31,2025
2021-01-04,2021-12-31,252,0.2752443797395896,0.2752443797395896,0.2752443797395896,,not_applicable_no_external_contributions,0.17758315819178044,-0.10320150089271896,42,1.4584105742338753,0.12227925017697264,1.8307127388994042,30.0,0.0,0.03341898039010233,0.17848084012802248,0.7956781937375309,0.28728769487345307,0.28728769487345307,-0.012043315133863475,-0.052060052869218,0.0,,,0.2741976405176627,0.2741976405176627,0.0010467392219268845,0.005313873083315435,1.0,,,,,P1_N30_monthly_B2_U_EW,P1,30,monthly,2.0,unconstrained,equal,E1,evaluation,2010-01-01,2020-12-31,2021
2022-01-03,2022-12-30,251,-0.12052825403187628,-0.12052825403187628,-0.1209781545904034,,not_applicable_no_external_contributions,0.24094979334867211,-0.2222721721363915,249,-0.41476001938765605,0.17587315318710686,1.7369663052348916,30.0,0.0,0.03343482559418914,0.1790162517394603,1.0,-0.18175361295122916,-0.18240727005194868,0.06142911546154528,0.022691766473017738,1.0,,,-0.32577015948669175,-0.326828176140617,0.2058500215502136,0.12600747517342203,1.0,,,,,P1_N30_monthly_B2_U_EW,P1,30,monthly,2.0,unconstrained,equal,E2,evaluation,2010-01-01,2021-12-31,2022
2023-01-03,2023-12-29,250,0.16605124571879326,0.16605124571879326,0.16748518535207335,,not_applicable_no_external_contributions,0.1295239200194538,-0.09185804584866797,99,1.260376207703467,0.08639608355045689,1.804126938098755,30.0,0.0,0.033411386027325275,0.17773071643719174,0.9822140483902835,0.26175777831245095,0.2641068904875523,-0.09662170513547896,0.007885162805250312,0.0,,,0.5485557706092534,0.5539830080583357,-0.3864978227062623,0.0159413434731972,0.0,,,,,P1_N30_monthly_B2_U_EW,P1,30,monthly,2.0,unconstrained,equal,E3,evaluation,2010-01-01,2022-12-31,2023
2024-01-02,2024-12-31,252,0.3194877616136276,0.3194877616136276,0.3194877616136276,,not_applicable_no_external_contributions,0.19139860843334047,-0.12968432343552916,55,1.5447326293929498,0.12995386314633134,1.4550863748911036,30.0,0.0,0.0334709896653112,0.18185771933530448,0.8128308541520678,0.24886449847111503,0.24886449847111503,0.07062326314251255,-0.04562812477176115,1.0,,,0.2557827307615481,0.2557827307615481,0.06370503085207946,0.005893127879308291,1.0,,,,,P1_N30_monthly_B2_U_EW,P1,30,monthly,2.0,unconstrained,equal,E4,evaluation,2010-01-01,2023-12-31,2024
2025-01-02,2025-12-31,250,0.2026521239196062,0.2026521239196062,0.20442883069430828,,not_applicable_no_external_contributions,0.21352519648226503,-0.21335887858433,79,0.97705316424686,0.14436126123915372,1.9993255290738885,30.0,0.0,0.033453639170617985,0.18104576592747668,0.8855209958595406,0.1771908045051671,0.17872809721523475,0.025700733479073534,-0.025806533690056477,1.0,,,0.2077254840592302,0.20955041897086812,-0.005121588276559841,0.01432416942122916,0.0,,,,,P1_N30_monthly_B2_U_EW,P1,30,monthly,2.0,unconstrained,equal,E5,evaluation,2010-01-01,2024-12-31,2025
2021-01-04,2021-12-31,252,0.2172575147583915,0.2172575147583915,0.2172575147583915,,not_applicable_no_external_contributions,0.16020704591992127,-0.07898579849577536,34,1.3075592275698267,0.11057128256558776,4.705470609441496,30.0,0.0,0.03334888705017816,0.17112613115781294,0.8409036712791793,0.28728769487345307,0.28728769487345307,-0.07003018011506157,-0.027844350472274404,0.0,,,0.2741976405176627,0.2741976405176627,-0.05694012575927121,0.02952957548025903,0.0,,,,,P1_N30_weekly_B1.5_C_EW,P1,30,weekly,1.5,current_classification_constrained,equal,E1,evaluation,2010-01-01,2020-12-31,2021
2022-01-03,2022-12-30,251,-0.06448924392733413,-0.06448924392733413,-0.06473767154447807,,not_applicable_no_external_contributions,0.2030367787669226,-0.1900492638952902,249,-0.22827134520590486,0.14832365687753638,3.216276501294795,30.0,0.0,0.0333509286813725,0.17118262882970425,1.0,-0.18175361295122916,-0.18240727005194868,0.11766959850747061,0.05491467471411904,1.0,,,-0.32577015948669175,-0.326828176140617,0.2620905045961389,0.15823038341452333,1.0,,,,,P1_N30_weekly_B1.5_C_EW,P1,30,weekly,1.5,current_classification_constrained,equal,E2,evaluation,2010-01-01,2021-12-31,2022
2023-01-03,2023-12-29,250,0.17361941519595536,0.17361941519595536,0.17512347939314088,,not_applicable_no_external_contributions,0.12933651980243466,-0.09402159345750372,90,1.3125010954090692,0.08679445956637001,5.232761787286054,30.0,0.0,0.03334765515792324,0.17060847641163598,0.9084134124846205,0.26175777831245095,0.2641068904875523,-0.08898341109441144,0.0057216151964145645,0.0,,,0.5485557706092534,0.5539830080583357,-0.3788595286651948,0.013777795864361453,0.0,,,,,P1_N30_weekly_B1.5_C_EW,P1,30,weekly,1.5,current_classification_constrained,equal,E3,evaluation,2010-01-01,2022-12-31,2023
2024-01-02,2024-12-31,252,0.2962635489340264,0.2962635489340264,0.2962635489340264,,not_applicable_no_external_contributions,0.14462393783063238,-0.08859077544197413,33,1.86712342616989,0.0938149255589513,4.4367115539785145,30.0,0.0,0.03335822142997275,0.17192819754725341,0.7594463929089772,0.24886449847111503,0.24886449847111503,0.047399050462911374,-0.004534576778206123,1.0,,,0.2557827307615481,0.2557827307615481,0.04048081817247828,0.046986675872863315,1.0,,,,,P1_N30_weekly_B1.5_C_EW,P1,30,weekly,1.5,current_classification_constrained,equal,E4,evaluation,2010-01-01,2023-12-31,2024
2025-01-02,2025-12-31,250,0.23953631331820557,0.23953631331820557,0.24166754154317838,,not_applicable_no_external_contributions,0.19103425974758917,-0.17439835471502874,61,1.2279898154709898,0.1267773916421479,3.662653052190464,30.0,0.0,0.0333582597235678,0.17203610685186682,0.8981766462883373,0.1771908045051671,0.17872809721523475,0.06293944432794363,0.01315399017924479,1.0,,,0.2077254840592302,0.20955041897086812,0.03211712257231025,0.05328469329053043,1.0,,,,,P1_N30_weekly_B1.5_C_EW,P1,30,weekly,1.5,current_classification_constrained,equal,E5,evaluation,2010-01-01,2024-12-31,2025
2021-01-04,2021-12-31,252,0.21430487335645032,0.21430487335645032,0.21430487335645032,,not_applicable_no_external_contributions,0.17815396302793002,-0.1091742821745848,41,1.179155973320107,0.12219953778636655,3.918399329344979,30.0,0.0,0.03334976750753731,0.17121047028633635,0.8354783654372806,0.28728769487345307,0.28728769487345307,-0.07298282151700275,-0.058032834151083845,0.0,,,0.2741976405176627,0.2741976405176627,-0.05989276716121239,-0.0006589081985504119,0.0,,,,,P1_N30_weekly_B1.5_U_EW,P1,30,weekly,1.5,unconstrained,equal,E1,evaluation,2010-01-01,2020-12-31,2021
2022-01-03,2022-12-30,251,-0.06953800304214663,-0.06953800304214663,-0.06980514460643428,,not_applicable_no_external_contributions,0.20574531503185903,-0.19413670606838407,250,-0.24896440915933585,0.1509193187760839,3.235301999318539,30.0,0.0,0.03335117099834451,0.17123692248493955,1.0,-0.18175361295122916,-0.18240727005194868,0.1126021254455144,0.05082723254102517,1.0,,,-0.32577015948669175,-0.326828176140617,0.2570230315341827,0.15414294124142947,1.0,,,,,P1_N30_weekly_B1.5_U_EW,P1,30,weekly,1.5,unconstrained,equal,E2,evaluation,2010-01-01,2021-12-31,2022
2023-01-03,2023-12-29,250,0.24833710206237458,0.24833710206237458,0.25055424129871406,,not_applicable_no_external_contributions,0.1400089571310501,-0.09909430442309775,90,1.6673533657414037,0.09198951908311369,4.088503737181248,30.0,0.0,0.033348290227452435,0.17073172078883453,0.8844509708341977,0.26175777831245095,0.2641068904875523,-0.01355264918883825,0.0006489042308205351,0.0,,,0.5485557706092534,0.5539830080583357,-0.3034287667596216,0.008705084898767423,0.0,,,,,P1_N30_weekly_B1.5_U_EW,P1,30,weekly,1.5,unconstrained,equal,E3,evaluation,2010-01-01,2022-12-31,2023
2024-01-02,2024-12-31,252,0.31129907300337645,0.31129907300337645,0.31129907300337645,,not_applicable_no_external_contributions,0.18457602374787432,-0.11653059305602775,49,1.5610833845614545,0.12424759045138185,2.9993528353696615,30.0,0.0,0.033358451895230776,0.17189950235453633,0.7735188334908842,0.24886449847111503,0.24886449847111503,0.06243457453226142,-0.03247439439225974,1.0,,,0.2557827307615481,0.2557827307615481,0.05551634224182833,0.019046858258809696,1.0,,,,,P1_N30_weekly_B1.5_U_EW,P1,30,weekly,1.5,unconstrained,equal,E4,evaluation,2010-01-01,2023-12-31,2024
2025-01-02,2025-12-31,250,0.2483306770316429,0.2483306770316429,0.2505477533652485,,not_applicable_no_external_contributions,0.19630141884420277,-0.17407904809832753,60,1.236594311347964,0.13135908727553913,3.613115371699453,30.0,0.0,0.03335854573112772,0.17205658843333618,0.8717912677038777,0.1771908045051671,0.17872809721523475,0.07181965615001373,0.013473296795946,1.0,,,0.2077254840592302,0.20955041897086812,0.04099733439438036,0.053603999907231636,1.0,,,,,P1_N30_weekly_B1.5_U_EW,P1,30,weekly,1.5,unconstrained,equal,E5,evaluation,2010-01-01,2024-12-31,2025
2021-01-04,2021-12-31,252,0.19533276414963252,0.19533276414963252,0.19533276414963252,,not_applicable_no_external_contributions,0.16284668557589843,-0.07745510391225707,33,1.1772549037469036,0.11219276447998988,10.011295094224488,30.0,0.0,0.03334983881347487,0.17117934032829318,0.8196477831182079,0.28728769487345307,0.28728769487345307,-0.09195493072382055,-0.026313655888756116,0.0,,,0.2741976405176627,0.2741976405176627,-0.07886487636803019,0.031060270063777318,0.0,,,,,P1_N30_weekly_B1_C_EW,P1,30,weekly,1.0,current_classification_constrained,equal,E1,evaluation,2010-01-01,2020-12-31,2021
2022-01-03,2022-12-30,251,-0.08848466440395564,-0.08848466440395564,-0.08882105265281859,,not_applicable_no_external_contributions,0.20077336458215747,-0.2029300282558525,250,-0.3630037368094413,0.1476901344504155,7.591568186254967,30.0,0.0,0.033351856277658416,0.1711687813330411,1.0,-0.18175361295122916,-0.18240727005194868,0.09358621739913009,0.04203391035355675,1.0,,,-0.32577015948669175,-0.326828176140617,0.2380071234877984,0.14534961905396104,1.0,,,,,P1_N30_weekly_B1_C_EW,P1,30,weekly,1.0,current_classification_constrained,equal,E2,evaluation,2010-01-01,2021-12-31,2022
2023-01-03,2023-12-29,250,0.2049210500576042,0.2049210500576042,0.20671930426977125,,not_applicable_no_external_contributions,0.13214497641504347,-0.09093130494656831,90,1.4882674105595206,0.08712791967547012,9.940682470327618,30.0,0.0,0.03334758787877596,0.17059755770106252,0.8871408853865331,0.26175777831245095,0.2641068904875523,-0.05738758621778106,0.008811903707349966,0.0,,,0.5485557706092534,0.5539830080583357,-0.3472637037885644,0.016868084375296855,0.0,,,,,P1_N30_weekly_B1_C_EW,P1,30,weekly,1.0,current_classification_constrained,equal,E3,evaluation,2010-01-01,2022-12-31,2023
2024-01-02,2024-12-31,252,0.3158683943367282,0.3158683943367282,0.3158683943367282,,not_applicable_no_external_contributions,0.14381877875339147,-0.09090931437217975,47,1.9812601711210196,0.09294179342993072,8.937646374882565,30.0,0.0,0.0333567485450617,0.17175182070377762,0.7888992427855537,0.24886449847111503,0.24886449847111503,0.06700389586561317,-0.006853115708411739,1.0,,,0.2557827307615481,0.2557827307615481,0.06008566357518008,0.0446681369426577,1.0,,,,,P1_N30_weekly_B1_C_EW,P1,30,weekly,1.0,current_classification_constrained,equal,E4,evaluation,2010-01-01,2023-12-31,2024
2025-01-02,2025-12-31,250,0.24670389118184088,0.24670389118184088,0.248905049456301,,not_applicable_no_external_contributions,0.18343470172602439,-0.16755478361901277,69,1.303254580646681,0.12423208768244688,8.85164082597549,30.0,0.0,0.033359741888005515,0.17209291412710603,0.7815504486313164,0.1771908045051671,0.17872809721523475,0.07017695224106624,0.019997561275260756,1.0,,,0.2077254840592302,0.20955041897086812,0.03935463048543286,0.06012826438654639,1.0,,,,,P1_N30_weekly_B1_C_EW,P1,30,weekly,1.0,current_classification_constrained,equal,E5,evaluation,2010-01-01,2024-12-31,2025
2021-01-04,2021-12-31,252,0.18603973263412277,0.18603973263412277,0.18603973263412277,,not_applicable_no_external_contributions,0.17972330564847805,-0.09096746638327513,48,1.0392807394206915,0.12382857788853914,10.181984066869507,30.0,0.0,0.033350295549831536,0.17123332996334628,0.8102167818643748,0.28728769487345307,0.28728769487345307,-0.1012479622393303,-0.039826018359774173,0.0,,,0.2741976405176627,0.2741976405176627,-0.08815790788353994,0.01754790759275926,0.0,,,,,P1_N30_weekly_B1_U_EW,P1,30,weekly,1.0,unconstrained,equal,E1,evaluation,2010-01-01,2020-12-31,2021
2022-01-03,2022-12-30,251,-0.07370961147337562,-0.07370961147337562,-0.07399213307432462,,not_applicable_no_external_contributions,0.2025345472522968,-0.19601542362366786,250,-0.2784100260031867,0.149071112644328,8.320316797649424,30.0,0.0,0.0333512885965764,0.17118462687572636,1.0,-0.18175361295122916,-0.18240727005194868,0.10841513697762406,0.048948514985741376,1.0,,,-0.32577015948669175,-0.326828176140617,0.25283604306629237,0.15226422368614567,1.0,,,,,P1_N30_weekly_B1_U_EW,P1,30,weekly,1.0,unconstrained,equal,E2,evaluation,2010-01-01,2021-12-31,2022
2023-01-03,2023-12-29,250,0.2597132037043819,0.2597132037043819,0.26204213567770607,,not_applicable_no_external_contributions,0.1487321893762238,-0.09334115152718292,90,1.6395557071958504,0.09861329938088347,10.215365278690275,30.0,0.0,0.03334843724419255,0.17074748946752638,0.8701826680722775,0.26175777831245095,0.2641068904875523,-0.0020647548098462476,0.006402057126735361,0.0,,,0.5485557706092534,0.5539830080583357,-0.2919408723806296,0.01445823779468225,0.0,,,,,P1_N30_weekly_B1_U_EW,P1,30,weekly,1.0,unconstrained,equal,E3,evaluation,2010-01-01,2022-12-31,2023
2024-01-02,2024-12-31,252,0.3022624236363325,0.3022624236363325,0.3022624236363325,,not_applicable_no_external_contributions,0.17711136476289424,-0.11404740787742784,54,1.5801091061711434,0.11748821824384711,8.945951534456277,30.0,0.0,0.03335762236930684,0.17184744220212445,0.7916719508419978,0.24886449847111503,0.24886449847111503,0.053397925165217464,-0.02999120921365983,1.0,,,0.2557827307615481,0.2557827307615481,0.04647969287478437,0.021530043437409607,1.0,,,,,P1_N30_weekly_B1_U_EW,P1,30,weekly,1.0,unconstrained,equal,E4,evaluation,2010-01-01,2023-12-31,2024
2025-01-02,2025-12-31,250,0.23544505738488142,0.23544505738488142,0.23753651948272303,,not_applicable_no_external_contributions,0.19074050414232016,-0.1741706922830366,84,1.2125274607080014,0.13060121691812895,9.129994596401328,30.0,0.0,0.033360790283313506,0.172260156589024,0.7983588027086381,0.1771908045051671,0.17872809721523475,0.05880842226748828,0.013381652611236916,1.0,,,0.2077254840592302,0.20955041897086812,0.027986100511854906,0.05351235572252255,1.0,,,,,P1_N30_weekly_B1_U_EW,P1,30,weekly,1.0,unconstrained,equal,E5,evaluation,2010-01-01,2024-12-31,2025
2021-01-04,2021-12-31,252,0.25235448837376184,0.25235448837376184,0.25235448837376184,,not_applicable_no_external_contributions,0.15812214070232097,-0.08662867614176017,33,1.5026215970344046,0.10862286250685808,2.953851564789029,30.0,0.0,0.033348486406599064,0.17104217688241372,0.790953109727307,0.28728769487345307,0.28728769487345307,-0.03493320649969123,-0.03548722811825922,0.0,,,0.2741976405176627,0.2741976405176627,-0.021843152143900868,0.021886697834274216,0.0,,,,,P1_N30_weekly_B2_C_EW,P1,30,weekly,2.0,current_classification_constrained,equal,E1,evaluation,2010-01-01,2020-12-31,2021
2022-01-03,2022-12-30,251,-0.09528090406484269,-0.09528090406484269,-0.0956417493114543,,not_applicable_no_external_contributions,0.22524362733208114,-0.21026471110637235,249,-0.33380921913012784,0.16422456724999218,2.6321568498211962,30.0,0.0,0.033352682571961736,0.17139288949471676,1.0,-0.18175361295122916,-0.18240727005194868,0.08676552074049437,0.03469922750303689,1.0,,,-0.32577015948669175,-0.326828176140617,0.23118642682916268,0.13801493620344119,1.0,,,,,P1_N30_weekly_B2_C_EW,P1,30,weekly,2.0,current_classification_constrained,equal,E2,evaluation,2010-01-01,2021-12-31,2022
2023-01-03,2023-12-29,250,0.16076052966884946,0.16076052966884946,0.16214568237500848,,not_applicable_no_external_contributions,0.12767133872707584,-0.09658803772926272,73,1.2409225751851054,0.0859022930681435,3.291653933895501,30.0,0.0,0.03334767482948738,0.17064936268469824,0.9482322322139468,0.26175777831245095,0.2641068904875523,-0.10196120811254383,0.0031551709246555593,0.0,,,0.5485557706092534,0.5539830080583357,-0.3918373256833272,0.011211351592602448,0.0,,,,,P1_N30_weekly_B2_C_EW,P1,30,weekly,2.0,current_classification_constrained,equal,E3,evaluation,2010-01-01,2022-12-31,2023
2024-01-02,2024-12-31,252,0.314226842876113,0.314226842876113,0.314226842876113,,not_applicable_no_external_contributions,0.14878603434369903,-0.10013638803919556,33,1.9115666552573272,0.09639361399772972,2.778480526569925,30.0,0.0,0.03335773683246207,0.17185142847634918,0.7568646021044897,0.24886449847111503,0.24886449847111503,0.065362344404998,-0.016080189375427545,1.0,,,0.2557827307615481,0.2557827307615481,0.058444112114564906,0.03544106327564189,1.0,,,,,P1_N30_weekly_B2_C_EW,P1,30,weekly,2.0,current_classification_constrained,equal,E4,evaluation,2010-01-01,2023-12-31,2024
2025-01-02,2025-12-31,250,0.2764344007591655,0.2764344007591655,0.2789291560898097,,not_applicable_no_external_contributions,0.1843150376374312,-0.15558770480958561,56,1.4266501383434713,0.12099578816462243,2.7715756485438163,30.0,0.0,0.03335844799080838,0.17208027953820285,0.8242901835876794,0.1771908045051671,0.17872809721523475,0.10020105887457498,0.03196464008468791,1.0,,,0.2077254840592302,0.20955041897086812,0.0693787371189416,0.07209534319597355,1.0,,,,,P1_N30_weekly_B2_C_EW,P1,30,weekly,2.0,current_classification_constrained,equal,E5,evaluation,2010-01-01,2024-12-31,2025
2021-01-04,2021-12-31,252,0.2707529501088759,0.2707529501088759,0.2707529501088759,,not_applicable_no_external_contributions,0.1792338482457202,-0.11031548511760303,45,1.4268592714283002,0.12236208792006151,2.7473740956810673,30.0,0.0,0.033349496771754285,0.17116820779835049,0.8238700688685551,0.28728769487345307,0.28728769487345307,-0.01653474476457717,-0.05917403709410207,0.0,,,0.2741976405176627,0.2741976405176627,-0.00344469040878681,-0.0018001111415686388,0.0,,,,,P1_N30_weekly_B2_U_EW,P1,30,weekly,2.0,unconstrained,equal,E1,evaluation,2010-01-01,2020-12-31,2021
2022-01-03,2022-12-30,251,-0.1058326672080604,-0.1058326672080604,-0.1062310790495461,,not_applicable_no_external_contributions,0.23473244890560033,-0.2265293355798519,249,-0.3611691963773242,0.1716800295916565,2.735029909619383,30.0,0.0,0.03335332762234143,0.17144602657717126,1.0,-0.18175361295122916,-0.18240727005194868,0.07617619100240258,0.01843460302955735,1.0,,,-0.32577015948669175,-0.326828176140617,0.2205970970910709,0.12175031172996165,1.0,,,,,P1_N30_weekly_B2_U_EW,P1,30,weekly,2.0,unconstrained,equal,E2,evaluation,2010-01-01,2021-12-31,2022
2023-01-03,2023-12-29,250,0.17845941953741096,0.17845941953741096,0.1800085366222941,,not_applicable_no_external_contributions,0.132313822707331,-0.0981974910957607,73,1.3172805678259547,0.08893025854804629,3.0950595465007815,30.0,0.0,0.033347812822749276,0.1706869759598311,0.9473279128453878,0.26175777831245095,0.2641068904875523,-0.08409835386525821,0.0015457175581575777,0.0,,,0.5485557706092534,0.5539830080583357,-0.37397447143604157,0.009601898226104466,0.0,,,,,P1_N30_weekly_B2_U_EW,P1,30,weekly,2.0,unconstrained,equal,E3,evaluation,2010-01-01,2022-12-31,2023
2024-01-02,2024-12-31,252,0.3141932201722746,0.3141932201722746,0.3141932201722746,,not_applicable_no_external_contributions,0.1846585586170036,-0.11728326540385015,49,1.5724113914972835,0.12427950985712954,2.617958883629351,30.0,0.0,0.033358268840818696,0.17185215720202457,0.7854098936708894,0.24886449847111503,0.24886449847111503,0.06532872170115955,-0.033227066740082134,1.0,,,0.2557827307615481,0.2557827307615481,0.05841048941072646,0.018294185910987304,1.0,,,,,P1_N30_weekly_B2_U_EW,P1,30,weekly,2.0,unconstrained,equal,E4,evaluation,2010-01-01,2023-12-31,2024
2025-01-02,2025-12-31,250,0.2500291639982679,0.2500291639982679,0.252262878259057,,not_applicable_no_external_contributions,0.20027545317256565,-0.18298896330956294,61,1.2228107272934232,0.13440231225805474,2.9125245257172985,30.0,0.0,0.03335881310896822,0.17213541380386255,0.8626913763669732,0.1771908045051671,0.17872809721523475,0.07353478104382227,0.004563381584710591,1.0,,,0.2077254840592302,0.20955041897086812,0.0427124592881889,0.04469408469599623,1.0,,,,,P1_N30_weekly_B2_U_EW,P1,30,weekly,2.0,unconstrained,equal,E5,evaluation,2010-01-01,2024-12-31,2025
2021-01-04,2021-12-31,252,0.2694289878893592,0.2694289878893592,0.2694289878893592,,not_applicable_no_external_contributions,0.14853227428510135,-0.07423893476663856,32,1.6810031703284531,0.10108991716485415,2.5252555992701238,40.0,0.0,0.025027192378963566,0.13128797931359465,0.790508990993988,0.28728769487345307,0.28728769487345307,-0.017858706984093864,-0.023097486743137607,0.0,,,0.2741976405176627,0.2741976405176627,-0.004768652628303505,0.034276439209395826,0.0,,,,,P1_N40_biweekly_B1.5_C_EW,P1,40,biweekly,1.5,current_classification_constrained,equal,E1,evaluation,2010-01-01,2020-12-31,2021
2022-01-03,2022-12-30,251,-0.08570425338119325,-0.08570425338119325,-0.0860305775356226,,not_applicable_no_external_contributions,0.21179263634591844,-0.20413088188880002,249,-0.3189986251427396,0.154131223949816,2.0373294466587457,40.0,0.0,0.025033711931822963,0.13127330802976192,1.0,-0.18175361295122916,-0.18240727005194868,0.09637669251632608,0.04083305672060922,1.0,,,-0.32577015948669175,-0.326828176140617,0.2407975986049944,0.1441487654210135,1.0,,,,,P1_N40_biweekly_B1.5_C_EW,P1,40,biweekly,1.5,current_classification_constrained,equal,E2,evaluation,2010-01-01,2021-12-31,2022
2023-01-03,2023-12-29,250,0.16590464362457813,0.16590464362457813,0.1673372287908248,,not_applicable_no_external_contributions,0.12317741934561946,-0.09931118898383728,78,1.317832994772796,0.08245480659417936,2.5157732384355347,40.0,0.0,0.02502033965799901,0.13007654321438214,0.9465034185131503,0.26175777831245095,0.2641068904875523,-0.09676966169672752,0.0004320196700809964,0.0,,,0.5485557706092534,0.5539830080583357,-0.38664577926751087,0.008488200338027885,0.0,,,,,P1_N40_biweekly_B1.5_C_EW,P1,40,biweekly,1.5,current_classification_constrained,equal,E3,evaluation,2010-01-01,2022-12-31,2023
2024-01-02,2024-12-31,252,0.24867992432777553,0.24867992432777553,0.24867992432777553,,not_applicable_no_external_contributions,0.13648169347008796,-0.09021378467031482,42,1.6958889401568171,0.08930822764362371,2.5297220354284238,40.0,0.0,0.025036058025682227,0.13182645543075389,0.7617323318808094,0.24886449847111503,0.24886449847111503,-0.00018457414333949984,-0.006157586006546811,0.0,,,0.2557827307615481,0.2557827307615481,-0.0071028064337725905,0.04536366664452263,0.0,,,,,P1_N40_biweekly_B1.5_C_EW,P1,40,biweekly,1.5,current_classification_constrained,equal,E4,evaluation,2010-01-01,2023-12-31,2024
2025-01-02,2025-12-31,250,0.24282401437397438,0.24282401437397438,0.24498727741136195,,not_applicable_no_external_contributions,0.17295463154420843,-0.15098780231205866,57,1.3532078124490756,0.11484444475043712,2.4097104351551892,40.0,0.0,0.025042337484433765,0.13247175720795534,0.8002862305854884,0.1771908045051671,0.17872809721523475,0.0662591801961272,0.036564542582214865,1.0,,,0.2077254840592302,0.20955041897086812,0.035436858440493824,0.0766952456935005,1.0,,,,,P1_N40_biweekly_B1.5_C_EW,P1,40,biweekly,1.5,current_classification_constrained,equal,E5,evaluation,2010-01-01,2024-12-31,2025
2021-01-04,2021-12-31,252,0.24668889848201458,0.24668889848201458,0.24668889848201458,,not_applicable_no_external_contributions,0.16287260743470924,-0.08918794882915326,45,1.4356063544045317,0.11205305165070664,2.391243485657516,40.0,0.0,0.025027907730023596,0.1312964179368848,0.8183651686683157,0.28728769487345307,0.28728769487345307,-0.040598796391438485,-0.038046500805652306,0.0,,,0.2741976405176627,0.2741976405176627,-0.027508742035648126,0.019327425146881128,0.0,,,,,P1_N40_biweekly_B1.5_U_EW,P1,40,biweekly,1.5,unconstrained,equal,E1,evaluation,2010-01-01,2020-12-31,2021
2022-01-03,2022-12-30,251,-0.10454165751313427,-0.10454165751313427,-0.10493549968888771,,not_applicable_no_external_contributions,0.21943253492848286,-0.2130460693259657,249,-0.39557821864132936,0.16066198000220888,2.235527561443475,40.0,0.0,0.02503373000435947,0.13131679883928302,1.0,-0.18175361295122916,-0.18240727005194868,0.07747177036306097,0.031917869283443534,1.0,,,-0.32577015948669175,-0.326828176140617,0.22189267645172928,0.13523357798384783,1.0,,,,,P1_N40_biweekly_B1.5_U_EW,P1,40,biweekly,1.5,unconstrained,equal,E2,evaluation,2010-01-01,2021-12-31,2022
2023-01-03,2023-12-29,250,0.1737773793084305,0.1737773793084305,0.17528291136442697,,not_applicable_no_external_contributions,0.1266799437561989,-0.08688544369617945,71,1.338431445568761,0.08525633112248306,2.4673349017494903,40.0,0.0,0.02502035386376011,0.13012217905670098,0.9455874325798899,0.26175777831245095,0.2641068904875523,-0.08882397912312534,0.012857764957738826,0.0,,,0.5485557706092534,0.5539830080583357,-0.3787000966939087,0.020913945625685715,0.0,,,,,P1_N40_biweekly_B1.5_U_EW,P1,40,biweekly,1.5,unconstrained,equal,E3,evaluation,2010-01-01,2022-12-31,2023
2024-01-02,2024-12-31,252,0.26942434632674384,0.26942434632674384,0.26942434632674384,,not_applicable_no_external_contributions,0.15431334009406628,-0.09245269717027504,50,1.6235437319278594,0.10250545864557273,2.3563564419711795,40.0,0.0,0.025036648029495293,0.13187630478258233,0.7682754572304007,0.24886449847111503,0.24886449847111503,0.02055984785562881,-0.008396498506507033,1.0,,,0.2557827307615481,0.2557827307615481,0.01364161556519572,0.043124754144562405,1.0,,,,,P1_N40_biweekly_B1.5_U_EW,P1,40,biweekly,1.5,unconstrained,equal,E4,evaluation,2010-01-01,2023-12-31,2024
2025-01-02,2025-12-31,250,0.22101524020922314,0.22101524020922314,0.2229673237157137,,not_applicable_no_external_contributions,0.17868028441648842,-0.16720010025099585,60,1.2155689089166455,0.12101861309657624,2.4766711467543714,40.0,0.0,0.02504293346295414,0.13256541165253882,0.8308241500922584,0.1771908045051671,0.17872809721523475,0.044239226500478956,0.020352244643277673,1.0,,,0.2077254840592302,0.20955041897086812,0.013416904744845581,0.06048294775456331,1.0,,,,,P1_N40_biweekly_B1.5_U_EW,P1,40,biweekly,1.5,unconstrained,equal,E5,evaluation,2010-01-01,2024-12-31,2025
2021-01-04,2021-12-31,252,0.2438619994629312,0.2438619994629312,0.2438619994629312,,not_applicable_no_external_contributions,0.15224465909655233,-0.0708689318115523,33,1.509915724210001,0.10417977928670719,5.390361324303333,40.0,0.0,0.025027459048784367,0.13119190198080102,0.7757885597684687,0.28728769487345307,0.28728769487345307,-0.04342569541052188,-0.019727483788051337,0.0,,,0.2741976405176627,0.2741976405176627,-0.03033564105473152,0.0376464421644821,0.0,,,,,P1_N40_biweekly_B1_C_EW,P1,40,biweekly,1.0,current_classification_constrained,equal,E1,evaluation,2010-01-01,2020-12-31,2021
2022-01-03,2022-12-30,251,-0.06893011907081292,-0.06893011907081292,-0.06919501321543087,,not_applicable_no_external_contributions,0.19621947181595972,-0.18631635131284718,250,-0.2674851450191094,0.1432015992723618,4.758833537094127,40.0,0.0,0.025032315623590047,0.13111449391140806,1.0,-0.18175361295122916,-0.18240727005194868,0.11321225683651781,0.058647587296562054,1.0,,,-0.32577015948669175,-0.326828176140617,0.2576331629251861,0.16196329599696635,1.0,,,,,P1_N40_biweekly_B1_C_EW,P1,40,biweekly,1.0,current_classification_constrained,equal,E2,evaluation,2010-01-01,2021-12-31,2022
2023-01-03,2023-12-29,250,0.1862490843854483,0.1862490843854483,0.18787104786178999,,not_applicable_no_external_contributions,0.1237598909857601,-0.0846600134547747,74,1.4531968765772054,0.08227553703399611,6.179792697934978,40.0,0.0,0.02502114245214404,0.1302328505513704,0.9197935454198719,0.26175777831245095,0.2641068904875523,-0.07623584262576233,0.015083195199143584,0.0,,,0.5485557706092534,0.5539830080583357,-0.3661119601965457,0.023139375867090473,0.0,,,,,P1_N40_biweekly_B1_C_EW,P1,40,biweekly,1.0,current_classification_constrained,equal,E3,evaluation,2010-01-01,2022-12-31,2023
2024-01-02,2024-12-31,252,0.23944106758801742,0.23944106758801742,0.23944106758801742,,not_applicable_no_external_contributions,0.12933846138277194,-0.07486100077491165,50,1.7247792728354783,0.08440025719782558,4.734424562101511,40.0,0.0,0.02503618682965634,0.131875095874945,0.760815599385604,0.24886449847111503,0.24886449847111503,-0.009423430883097605,0.009195197888856366,0.0,,,0.2557827307615481,0.2557827307615481,-0.016341663173530696,0.060716450539925804,0.0,,,,,P1_N40_biweekly_B1_C_EW,P1,40,biweekly,1.0,current_classification_constrained,equal,E4,evaluation,2010-01-01,2023-12-31,2024
2025-01-02,2025-12-31,250,0.23172885388048203,0.23172885388048203,0.23378429012149504,,not_applicable_no_external_contributions,0.16952312757810964,-0.15558324051126604,60,1.3239047407836932,0.11433863096120056,5.38532521126681,40.0,0.0,0.025040199186476174,0.13228541464936439,0.8182033266777657,0.1771908045051671,0.17872809721523475,0.05505619290626029,0.031969104383007485,1.0,,,0.2077254840592302,0.20955041897086812,0.024233871150626918,0.07209980749429312,1.0,,,,,P1_N40_biweekly_B1_C_EW,P1,40,biweekly,1.0,current_classification_constrained,equal,E5,evaluation,2010-01-01,2024-12-31,2025
2021-01-04,2021-12-31,252,0.2637595959818415,0.2637595959818415,0.2637595959818415,,not_applicable_no_external_contributions,0.1646104838107961,-0.0768496997463648,33,1.50483843916734,0.11232659593561632,6.475527437598275,40.0,0.0,0.025028406250358123,0.13127733382917728,0.7147807711037207,0.28728769487345307,0.28728769487345307,-0.02352809889161156,-0.02570825172286384,0.0,,,0.2741976405176627,0.2741976405176627,-0.0104380445358212,0.031665674229669594,0.0,,,,,P1_N40_biweekly_B1_U_EW,P1,40,biweekly,1.0,unconstrained,equal,E1,evaluation,2010-01-01,2020-12-31,2021
2022-01-03,2022-12-30,251,-0.06079187352639581,-0.06079187352639581,-0.061026527164078526,,not_applicable_no_external_contributions,0.19734981010571312,-0.18717477528413318,250,-0.22057349444175367,0.14364684712597003,5.390833570227689,40.0,0.0,0.025032273312336116,0.13120998241985135,1.0,-0.18175361295122916,-0.18240727005194868,0.12138074288787015,0.05778916332527606,1.0,,,-0.32577015948669175,-0.326828176140617,0.26580164897653846,0.16110487202568036,1.0,,,,,P1_N40_biweekly_B1_U_EW,P1,40,biweekly,1.0,unconstrained,equal,E2,evaluation,2010-01-01,2021-12-31,2022
2023-01-03,2023-12-29,250,0.2320281197987084,0.2320281197987084,0.23408645385314064,,not_applicable_no_external_contributions,0.1335767749118968,-0.09445341032888888,73,1.641792010346892,0.08903273785195485,6.679234097959467,40.0,0.0,0.025021863610443396,0.13038546550751454,0.9142315767699896,0.26175777831245095,0.2641068904875523,-0.030020436634411674,0.0052897983250294045,0.0,,,0.5485557706092534,0.5539830080583357,-0.319896554205195,0.013345978992976293,0.0,,,,,P1_N40_biweekly_B1_U_EW,P1,40,biweekly,1.0,unconstrained,equal,E3,evaluation,2010-01-01,2022-12-31,2023
2024-01-02,2024-12-31,252,0.25724881000677624,0.25724881000677624,0.25724881000677624,,not_applicable_no_external_contributions,0.1510080106999632,-0.0873096504552563,50,1.5918514059541748,0.09983755581731675,6.007068267236011,40.0,0.0,0.025037169078282545,0.13194957902808166,0.7475417486891662,0.24886449847111503,0.24886449847111503,0.008384311535661215,-0.003253451791488282,1.0,,,0.2557827307615481,0.2557827307615481,0.0014660792452281246,0.048267800859581156,1.0,,,,,P1_N40_biweekly_B1_U_EW,P1,40,biweekly,1.0,unconstrained,equal,E4,evaluation,2010-01-01,2023-12-31,2024
2025-01-02,2025-12-31,250,0.2472258425174716,0.2472258425174716,0.24943210620553735,,not_applicable_no_external_contributions,0.174391523332358,-0.16135900187047014,62,1.3640837282601226,0.11809513498207161,6.041504637951981,40.0,0.0,0.025042533438947447,0.1325962697717149,0.8335842916392739,0.1771908045051671,0.17872809721523475,0.0707040089903026,0.026193343023803384,1.0,,,0.2077254840592302,0.20955041897086812,0.03988168723466923,0.06632404613508902,1.0,,,,,P1_N40_biweekly_B1_U_EW,P1,40,biweekly,1.0,unconstrained,equal,E5,evaluation,2010-01-01,2024-12-31,2025
2021-01-04,2021-12-31,252,0.2626782364359792,0.2626782364359792,0.2626782364359792,,not_applicable_no_external_contributions,0.1382057854782698,-0.04872557775644093,35,1.7572983029006781,0.09339282022005978,0.8949617678795374,40.0,0.0,0.025024933291713725,0.13075241292201834,0.8162636526525104,0.28728769487345307,0.28728769487345307,-0.024609458437473863,0.0024158702670600274,0.0,,,0.2741976405176627,0.2741976405176627,-0.011519404081683504,0.05978979621959346,0.0,,,,,P1_N40_biweekly_B2_C_EW,P1,40,biweekly,2.0,current_classification_constrained,equal,E1,evaluation,2010-01-01,2020-12-31,2021
2022-01-03,2022-12-30,251,-0.1605962884828388,-0.1605962884828388,-0.16118153837594895,,not_applicable_no_external_contributions,0.24463749149642167,-0.2521569211509471,249,-0.5963078616806863,0.17604623137611142,1.091239798691763,40.0,0.0,0.02503684218520646,0.13123456818967674,1.0,-0.18175361295122916,-0.18240727005194868,0.021225731675999726,-0.0071929825415378845,1.0,,,-0.32577015948669175,-0.326828176140617,0.16564663776466804,0.09612272615886641,1.0,,,,,P1_N40_biweekly_B2_C_EW,P1,40,biweekly,2.0,current_classification_constrained,equal,E2,evaluation,2010-01-01,2021-12-31,2022
2023-01-03,2023-12-29,250,0.29301069535167645,0.29301069535167645,0.29567158406676874,,not_applicable_no_external_contributions,0.1371020679815962,-0.10371939790089668,87,1.958502484858232,0.08747814750056208,0.8753927660983692,40.0,0.0,0.025025178106367008,0.13106740737213396,0.8713375191993071,0.26175777831245095,0.2641068904875523,0.03156469357921643,-0.003976189246978401,1.0,,,0.5485557706092534,0.5539830080583357,-0.2583114239915669,0.004079991420968487,0.0,,,,,P1_N40_biweekly_B2_C_EW,P1,40,biweekly,2.0,current_classification_constrained,equal,E3,evaluation,2010-01-01,2022-12-31,2023
2024-01-02,2024-12-31,252,0.1647912822935913,0.1647912822935913,0.1647912822935913,,not_applicable_no_external_contributions,0.12349244210817716,-0.06248398718007375,53,1.2971336472573556,0.08452944478147915,1.067563027165678,40.0,0.0,0.02503453602985167,0.1316366379309831,0.7445816222657068,0.24886449847111503,0.24886449847111503,-0.08407321617752372,0.02157221148369426,0.0,,,0.2557827307615481,0.2557827307615481,-0.09099144846795681,0.0730934641347637,0.0,,,,,P1_N40_biweekly_B2_C_EW,P1,40,biweekly,2.0,current_classification_constrained,equal,E4,evaluation,2010-01-01,2023-12-31,2024
2025-01-02,2025-12-31,250,0.23171422562954036,0.23171422562954036,0.2337695202392016,,not_applicable_no_external_contributions,0.18419384538028852,-0.16282449494768514,75,1.231969271879419,0.1197620092308993,1.1674089902881026,40.0,0.0,0.025040098099070058,0.13236351591687934,0.8088946363751738,0.1771908045051671,0.17872809721523475,0.05504142302396686,0.024727849946588387,1.0,,,0.2077254840592302,0.20955041897086812,0.024219101268333487,0.06485855305787402,1.0,,,,,P1_N40_biweekly_B2_C_EW,P1,40,biweekly,2.0,current_classification_constrained,equal,E5,evaluation,2010-01-01,2024-12-31,2025
2021-01-04,2021-12-31,252,0.2846799287529278,0.2846799287529278,0.2846799287529278,,not_applicable_no_external_contributions,0.1469306695529847,-0.05091470669250242,34,1.779087858505623,0.09969516819033276,0.9515705252521502,40.0,0.0,0.025027527787293433,0.131151394261679,0.7335623210951913,0.28728769487345307,0.28728769487345307,-0.002607766120525268,0.00022674133099853666,0.0,,,0.2741976405176627,0.2741976405176627,0.010482288235265091,0.05760066728353197,1.0,,,,,P1_N40_biweekly_B2_U_EW,P1,40,biweekly,2.0,unconstrained,equal,E1,evaluation,2010-01-01,2020-12-31,2021
2022-01-03,2022-12-30,251,-0.1919613158221074,-0.1919613158221074,-0.1926471986010989,,not_applicable_no_external_contributions,0.26930869122905204,-0.2847032356270486,250,-0.6600721720121485,0.19436713952693047,1.1835892779189103,40.0,0.0,0.025042614558235116,0.13166693403566748,1.0,-0.18175361295122916,-0.18240727005194868,-0.010239928549150235,-0.03973929701763934,0.0,,,-0.32577015948669175,-0.326828176140617,0.13418097753951808,0.06357641168276496,1.0,,,,,P1_N40_biweekly_B2_U_EW,P1,40,biweekly,2.0,unconstrained,equal,E2,evaluation,2010-01-01,2021-12-31,2022
2023-01-03,2023-12-29,250,0.36823897743890077,0.36823897743890077,0.37167509634339746,,not_applicable_no_external_contributions,0.14728414784851585,-0.10212446934671726,81,2.220343277348233,0.09241991882867705,0.9523207529171843,40.0,0.0,0.025029147402909076,0.13148526346608497,0.8445022973648709,0.26175777831245095,0.2641068904875523,0.10756820585584514,-0.002381260692798981,1.0,,,0.5485557706092534,0.5539830080583357,-0.1823079117149382,0.005674919975147907,0.0,,,,,P1_N40_biweekly_B2_U_EW,P1,40,biweekly,2.0,unconstrained,equal,E3,evaluation,2010-01-01,2022-12-31,2023
2024-01-02,2024-12-31,252,0.21503415079254307,0.21503415079254307,0.21503415079254307,,not_applicable_no_external_contributions,0.1350681343129325,-0.07180569449482399,45,1.50986712585237,0.09137588123215522,1.1411527614600057,40.0,0.0,0.02503875030094044,0.1321384909399573,0.7102594324725637,0.24886449847111503,0.24886449847111503,-0.03383034767857196,0.01225050416894402,0.0,,,0.2557827307615481,0.2557827307615481,-0.04074857996900505,0.06377175682001346,0.0,,,,,P1_N40_biweekly_B2_U_EW,P1,40,biweekly,2.0,unconstrained,equal,E4,evaluation,2010-01-01,2023-12-31,2024
2025-01-02,2025-12-31,250,0.27129714325547893,0.27129714325547893,0.2737407632144988,,not_applicable_no_external_contributions,0.19698461758178323,-0.17525466829574432,74,1.3261196869679281,0.12837268240065502,1.2343881594204105,40.0,0.0,0.025042981503867346,0.13257652041534196,0.7991818284675821,0.1771908045051671,0.17872809721523475,0.09501266599926406,0.012297676598529206,1.0,,,0.2077254840592302,0.20955041897086812,0.06419034424363068,0.05242837970981484,1.0,,,,,P1_N40_biweekly_B2_U_EW,P1,40,biweekly,2.0,unconstrained,equal,E5,evaluation,2010-01-01,2024-12-31,2025
2021-01-04,2021-12-31,252,0.2619064260670192,0.2619064260670192,0.2619064260670192,,not_applicable_no_external_contributions,0.14990158928759276,-0.07579737714454649,35,1.627328950532728,0.10241923635670792,4.759758866361537,40.0,0.0,0.025,0.125,0.7851189336335708,0.28728769487345307,0.28728769487345307,-0.025381268806433877,-0.024655929121045528,0.0,,,0.2741976405176627,0.2741976405176627,-0.012291214450643517,0.032717996831487905,0.0,,,,,P1_N40_daily_B1.5_C_EW,P1,40,daily,1.5,current_classification_constrained,equal,E1,evaluation,2010-01-01,2020-12-31,2021
2022-01-03,2022-12-30,251,-0.06648862048545767,-0.06648862048545767,-0.06674447214085588,,not_applicable_no_external_contributions,0.20311984895594798,-0.18528759019138485,249,-0.23871526386832068,0.14714357145149223,4.131193604231536,40.0,0.0,0.025,0.125,1.0,-0.18175361295122916,-0.18240727005194868,0.1156627979110928,0.05967634841802438,1.0,,,-0.32577015948669175,-0.326828176140617,0.2600837039997611,0.16299205711842868,1.0,,,,,P1_N40_daily_B1.5_C_EW,P1,40,daily,1.5,current_classification_constrained,equal,E2,evaluation,2010-01-01,2021-12-31,2022
2023-01-03,2023-12-29,250,0.1493602309501365,0.1493602309501365,0.1506409217528839,,not_applicable_no_external_contributions,0.12344356911767516,-0.09775746980570554,77,1.1984716198252117,0.0825592101991321,4.675367315799398,40.0,0.0,0.025000000000000005,0.125,0.9274936158117734,0.26175777831245095,0.2641068904875523,-0.11346596873466841,0.001985738848212737,0.0,,,0.5485557706092534,0.5539830080583357,-0.40334208630545176,0.010041919516159625,0.0,,,,,P1_N40_daily_B1.5_C_EW,P1,40,daily,1.5,current_classification_constrained,equal,E3,evaluation,2010-01-01,2022-12-31,2023
2024-01-02,2024-12-31,252,0.22284310550950215,0.22284310550950215,0.22284310550950215,,not_applicable_no_external_contributions,0.13267649517236615,-0.08932775252335068,41,1.5829601811021252,0.08706779030303723,4.570416842727424,40.0,0.0,0.025,0.125,0.7306319005238453,0.24886449847111503,0.24886449847111503,-0.026021392961612877,-0.005271553859582667,0.0,,,0.2557827307615481,0.2557827307615481,-0.03293962525204597,0.04624969879148677,0.0,,,,,P1_N40_daily_B1.5_C_EW,P1,40,daily,1.5,current_classification_constrained,equal,E4,evaluation,2010-01-01,2023-12-31,2024
2025-01-02,2025-12-31,250,0.20592148760735562,0.20592148760735562,0.2077292536957671,,not_applicable_no_external_contributions,0.16981022704383997,-0.1543232721275376,59,1.1959597252554062,0.11241800365520269,4.599570866300759,40.0,0.0,0.025000000000000005,0.125,0.8678674751193294,0.1771908045051671,0.17872809721523475,0.029001156480532364,0.03322907276673592,1.0,,,0.2077254840592302,0.20955041897086812,-0.001821165275101011,0.07335977587802156,0.0,,,,,P1_N40_daily_B1.5_C_EW,P1,40,daily,1.5,current_classification_constrained,equal,E5,evaluation,2010-01-01,2024-12-31,2025
2021-01-04,2021-12-31,252,0.23883913059600625,0.23883913059600625,0.23883913059600625,,not_applicable_no_external_contributions,0.162010609669492,-0.08980746990200095,39,1.4033388367026216,0.11119953708036114,4.7563973572310925,40.0,0.0,0.025,0.125,0.8007140711742274,0.28728769487345307,0.28728769487345307,-0.048448564277446815,-0.03866602187849999,0.0,,,0.2741976405176627,0.2741976405176627,-0.035358509921656456,0.018707904074033443,0.0,,,,,P1_N40_daily_B1.5_U_EW,P1,40,daily,1.5,unconstrained,equal,E1,evaluation,2010-01-01,2020-12-31,2021
2022-01-03,2022-12-30,251,-0.0760279845887426,-0.0760279845887426,-0.07631902119635603,,not_applicable_no_external_contributions,0.20930999504415335,-0.19940287887902275,249,-0.27479457338664515,0.1523156261388154,4.32302839426453,40.0,0.0,0.025,0.125,1.0,-0.18175361295122916,-0.18240727005194868,0.10608824885559265,0.04556105973038649,1.0,,,-0.32577015948669175,-0.326828176140617,0.25050915494426096,0.14887676843079078,1.0,,,,,P1_N40_daily_B1.5_U_EW,P1,40,daily,1.5,unconstrained,equal,E2,evaluation,2010-01-01,2021-12-31,2022
2023-01-03,2023-12-29,250,0.1782268473704014,0.1782268473704014,0.17977379589502407,,not_applicable_no_external_contributions,0.12971825165630765,-0.09716948520430857,100,1.33949687453104,0.0874110588120189,4.34855706605423,40.0,0.0,0.025000000000000005,0.125,0.928578308924757,0.26175777831245095,0.2641068904875523,-0.08433309459252825,0.0025737234496097106,0.0,,,0.5485557706092534,0.5539830080583357,-0.3742092121633116,0.010629904117556599,0.0,,,,,P1_N40_daily_B1.5_U_EW,P1,40,daily,1.5,unconstrained,equal,E3,evaluation,2010-01-01,2022-12-31,2023
2024-01-02,2024-12-31,252,0.26204587311908156,0.26204587311908156,0.26204587311908156,,not_applicable_no_external_contributions,0.15250324246925404,-0.08999373130325883,50,1.6027175970627414,0.10086024850395027,4.274329087172359,40.0,0.0,0.025,0.125,0.7410135766539597,0.24886449847111503,0.24886449847111503,0.013181374647966537,-0.005937532639490817,1.0,,,0.2557827307615481,0.2557827307615481,0.006263142357533447,0.04558372001157862,1.0,,,,,P1_N40_daily_B1.5_U_EW,P1,40,daily,1.5,unconstrained,equal,E4,evaluation,2010-01-01,2023-12-31,2024
2025-01-02,2025-12-31,250,0.1937155044089307,0.1937155044089307,0.19540767913269397,,not_applicable_no_external_contributions,0.17205661916111,-0.16187790329468232,61,1.122920502499117,0.11499528152506006,4.598903554904762,40.0,0.0,0.025000000000000005,0.125,0.8831427685408679,0.1771908045051671,0.17872809721523475,0.01667958191745922,0.025674441599591202,1.0,,,0.2077254840592302,0.20955041897086812,-0.014142739838174156,0.06580514471087684,0.0,,,,,P1_N40_daily_B1.5_U_EW,P1,40,daily,1.5,unconstrained,equal,E5,evaluation,2010-01-01,2024-12-31,2025
2021-01-04,2021-12-31,252,0.22367307760482702,0.22367307760482702,0.22367307760482702,,not_applicable_no_external_contributions,0.15591212493869822,-0.07368572196755208,34,1.3729703181761888,0.10744328677014162,15.979060596846454,40.0,0.0,0.025,0.125,0.7628861708003811,0.28728769487345307,0.28728769487345307,-0.06361461726862605,-0.02254427394405112,0.0,,,0.2741976405176627,0.2741976405176627,-0.05052456291283569,0.034829652008482315,0.0,,,,,P1_N40_daily_B1_C_EW,P1,40,daily,1.0,current_classification_constrained,equal,E1,evaluation,2010-01-01,2020-12-31,2021
2022-01-03,2022-12-30,251,-0.06237177852812448,-0.06237177852812448,-0.06261232499191571,,not_applicable_no_external_contributions,0.19526178470091665,-0.18030405918851744,250,-0.23369689577224673,0.14141300618033809,14.75979875449902,40.0,0.0,0.025,0.125,1.0,-0.18175361295122916,-0.18240727005194868,0.11979494506003296,0.0646598794208918,1.0,,,-0.32577015948669175,-0.326828176140617,0.2642158511487013,0.1679755881212961,1.0,,,,,P1_N40_daily_B1_C_EW,P1,40,daily,1.0,current_classification_constrained,equal,E2,evaluation,2010-01-01,2021-12-31,2022
2023-01-03,2023-12-29,250,0.18440288008057282,0.18440288008057282,0.18600754101183403,,not_applicable_no_external_contributions,0.1262984231677854,-0.09324313543085538,85,1.4140374206500266,0.08380104265326462,18.84986293136672,40.0,0.0,0.025000000000000005,0.125,0.8995112234326895,0.26175777831245095,0.2641068904875523,-0.07809934947571828,0.006500073223062897,0.0,,,0.5485557706092534,0.5539830080583357,-0.36797546704650164,0.014556253891009785,0.0,,,,,P1_N40_daily_B1_C_EW,P1,40,daily,1.0,current_classification_constrained,equal,E3,evaluation,2010-01-01,2022-12-31,2023
2024-01-02,2024-12-31,252,0.24750268414279009,0.24750268414279009,0.24750268414279009,,not_applicable_no_external_contributions,0.13216018064683363,-0.08284601069154607,47,1.7398381891584427,0.08641983909396293,12.411996883206612,40.0,0.0,0.025,0.125,0.7432983856933567,0.24886449847111503,0.24886449847111503,-0.0013618143283249395,0.0012101879722219433,0.0,,,0.2557827307615481,0.2557827307615481,-0.00828004661875803,0.05273144062329138,0.0,,,,,P1_N40_daily_B1_C_EW,P1,40,daily,1.0,current_classification_constrained,equal,E4,evaluation,2010-01-01,2023-12-31,2024
2025-01-02,2025-12-31,250,0.2234588945003102,0.2234588945003102,0.2254344849954939,,not_applicable_no_external_contributions,0.16745195581364242,-0.1584148715679472,77,1.2977277557204743,0.11407272921523252,15.540270221195943,40.0,0.0,0.025000000000000005,0.125,0.8217190329168489,0.1771908045051671,0.17872809721523475,0.04670638778025915,0.029137473326326324,1.0,,,0.2077254840592302,0.20955041897086812,0.015884066024625776,0.06926817643761196,1.0,,,,,P1_N40_daily_B1_C_EW,P1,40,daily,1.0,current_classification_constrained,equal,E5,evaluation,2010-01-01,2024-12-31,2025
2021-01-04,2021-12-31,252,0.24681308894540832,0.24681308894540832,0.24681308894540832,,not_applicable_no_external_contributions,0.16503154607703618,-0.07515873983649457,35,1.4195286316560407,0.11273431153480923,22.737027823511713,40.0,0.0,0.025,0.125,0.6765509138648405,0.28728769487345307,0.28728769487345307,-0.04047460592804475,-0.024017291812993613,0.0,,,0.2741976405176627,0.2741976405176627,-0.02738455157225439,0.03335663413953982,0.0,,,,,P1_N40_daily_B1_U_EW,P1,40,daily,1.0,unconstrained,equal,E1,evaluation,2010-01-01,2020-12-31,2021
2022-01-03,2022-12-30,251,-0.06887277272072134,-0.06887277272072134,-0.06913745476709432,,not_applicable_no_external_contributions,0.19653947335692337,-0.19181517487186417,250,-0.2664283493260736,0.14276312425642823,16.023178856896134,40.0,0.0,0.025,0.125,1.0,-0.18175361295122916,-0.18240727005194868,0.11326981528485436,0.05314876373754507,1.0,,,-0.32577015948669175,-0.326828176140617,0.25769072137352267,0.15646447243794936,1.0,,,,,P1_N40_daily_B1_U_EW,P1,40,daily,1.0,unconstrained,equal,E2,evaluation,2010-01-01,2021-12-31,2022
2023-01-03,2023-12-29,250,0.22377244377899697,0.22377244377899697,0.22575105334967827,,not_applicable_no_external_contributions,0.13663999955998826,-0.09511510631050579,96,1.5583495107380656,0.09089944903866795,21.13152207959486,40.0,0.0,0.025000000000000005,0.125,0.9121988706730995,0.26175777831245095,0.2641068904875523,-0.03835583713787405,0.004628102343412488,0.0,,,0.5485557706092534,0.5539830080583357,-0.3282319547086574,0.012684283011359376,0.0,,,,,P1_N40_daily_B1_U_EW,P1,40,daily,1.0,unconstrained,equal,E3,evaluation,2010-01-01,2022-12-31,2023
2024-01-02,2024-12-31,252,0.27715265476355877,0.27715265476355877,0.27715265476355877,,not_applicable_no_external_contributions,0.15058754502426663,-0.09019632419261059,47,1.7002772024136983,0.0989812458289254,17.440498438437288,40.0,0.0,0.025,0.125,0.7329214879021037,0.24886449847111503,0.24886449847111503,0.028288156292443745,-0.006140125528842577,1.0,,,0.2557827307615481,0.2557827307615481,0.021369924002010654,0.04538112712222686,1.0,,,,,P1_N40_daily_B1_U_EW,P1,40,daily,1.0,unconstrained,equal,E4,evaluation,2010-01-01,2023-12-31,2024
2025-01-02,2025-12-31,250,0.252601868114521,0.252601868114521,0.25486081940034433,,not_applicable_no_external_contributions,0.17233740721989516,-0.16052644430271779,78,1.4035594614403364,0.11713862773545666,18.07803449084078,40.0,0.0,0.025000000000000005,0.125,0.833976731190166,0.1771908045051671,0.17872809721523475,0.07613272218510958,0.02702590059155574,1.0,,,0.2077254840592302,0.20955041897086812,0.045310400429476205,0.06715660370284138,1.0,,,,,P1_N40_daily_B1_U_EW,P1,40,daily,1.0,unconstrained,equal,E5,evaluation,2010-01-01,2024-12-31,2025
2021-01-04,2021-12-31,252,0.2505895539500378,0.2505895539500378,0.2505895539500378,,not_applicable_no_external_contributions,0.13481887235056272,-0.054916402533554676,35,1.7265869190430545,0.09070382627635876,2.5944854723888024,40.0,0.0,0.025,0.125,0.7834042389006359,0.28728769487345307,0.28728769487345307,-0.03669814092341528,-0.0037749545100537185,0.0,,,0.2741976405176627,0.2741976405176627,-0.02360808656762492,0.053598971442479715,0.0,,,,,P1_N40_daily_B2_C_EW,P1,40,daily,2.0,current_classification_constrained,equal,E1,evaluation,2010-01-01,2020-12-31,2021
2022-01-03,2022-12-30,251,-0.1644996644117791,-0.1644996644117791,-0.16509769691203047,,not_applicable_no_external_contributions,0.24397960050519,-0.24793320968525379,249,-0.6177433707043146,0.17563064900967115,3.1039864780114206,40.0,0.0,0.025,0.125,1.0,-0.18175361295122916,-0.18240727005194868,0.01730957313991821,-0.0029692710758445484,1.0,,,-0.32577015948669175,-0.326828176140617,0.16173047922858652,0.10034643762455975,1.0,,,,,P1_N40_daily_B2_C_EW,P1,40,daily,2.0,current_classification_constrained,equal,E2,evaluation,2010-01-01,2021-12-31,2022
2023-01-03,2023-12-29,250,0.2904656636705638,0.2904656636705638,0.29310093306075125,,not_applicable_no_external_contributions,0.13463688579617927,-0.10241989226045423,87,1.9771314260729898,0.08609647523148449,2.53475948161,40.0,0.0,0.025000000000000005,0.125,0.8749620845370076,0.26175777831245095,0.2641068904875523,0.02899404257319893,-0.0026766836065359456,1.0,,,0.5485557706092534,0.5539830080583357,-0.2608820749975844,0.005379497061410943,0.0,,,,,P1_N40_daily_B2_C_EW,P1,40,daily,2.0,current_classification_constrained,equal,E3,evaluation,2010-01-01,2022-12-31,2023
2024-01-02,2024-12-31,252,0.16598919915093147,0.16598919915093147,0.16598919915093147,,not_applicable_no_external_contributions,0.12041812203540805,-0.059434778915271824,54,1.335680622641309,0.08219794858616436,2.842524923361154,40.0,0.0,0.025,0.125,0.7451567283982434,0.24886449847111503,0.24886449847111503,-0.08287529932018356,0.024621419748496187,0.0,,,0.2557827307615481,0.2557827307615481,-0.08979353161061665,0.07614267239956563,0.0,,,,,P1_N40_daily_B2_C_EW,P1,40,daily,2.0,current_classification_constrained,equal,E4,evaluation,2010-01-01,2023-12-31,2024
2025-01-02,2025-12-31,250,0.19663624290606374,0.19663624290606374,0.19835598584212244,,not_applicable_no_external_contributions,0.1828615886925081,-0.16504065862270034,106,1.0802850638556876,0.11994967175652191,3.1065576715954464,40.0,0.0,0.025000000000000005,0.125,0.7751217900410154,0.1771908045051671,0.17872809721523475,0.01962788862688769,0.022511686271573184,1.0,,,0.2077254840592302,0.20955041897086812,-0.011194433128745684,0.06264238938285882,0.0,,,,,P1_N40_daily_B2_C_EW,P1,40,daily,2.0,current_classification_constrained,equal,E5,evaluation,2010-01-01,2024-12-31,2025
2021-01-04,2021-12-31,252,0.2725214777767897,0.2725214777767897,0.2725214777767897,,not_applicable_no_external_contributions,0.14249168213568583,-0.05406365293756488,34,1.7632078352853282,0.09643503074701973,2.690838551550529,40.0,0.0,0.025,0.125,0.7603131129723074,0.28728769487345307,0.28728769487345307,-0.01476621709666337,-0.0029222049140639195,0.0,,,0.2741976405176627,0.2741976405176627,-0.0016761627408730106,0.054451721038469514,0.0,,,,,P1_N40_daily_B2_U_EW,P1,40,daily,2.0,unconstrained,equal,E1,evaluation,2010-01-01,2020-12-31,2021
2022-01-03,2022-12-30,251,-0.18624265761669545,-0.18624265761669545,-0.18691054968652465,,not_applicable_no_external_contributions,0.26016790628808023,-0.27120295773044,250,-0.6653879862269583,0.18710267878176626,3.2759849281743634,40.0,0.0,0.025,0.125,1.0,-0.18175361295122916,-0.18240727005194868,-0.004503279634575974,-0.02623901912103077,0.0,,,-0.32577015948669175,-0.326828176140617,0.13991762645409234,0.07707668957937353,1.0,,,,,P1_N40_daily_B2_U_EW,P1,40,daily,2.0,unconstrained,equal,E2,evaluation,2010-01-01,2021-12-31,2022
2023-01-03,2023-12-29,250,0.31006743736113473,0.31006743736113473,0.3129010670600223,,not_applicable_no_external_contributions,0.14257389851995486,-0.10409263443049765,85,1.9814335731404185,0.09084350093829473,2.6526460399607448,40.0,0.0,0.025000000000000005,0.125,0.8520318011071804,0.26175777831245095,0.2641068904875523,0.04879417657246998,-0.004349425776579374,1.0,,,0.5485557706092534,0.5539830080583357,-0.24108194099831337,0.003706754891367514,0.0,,,,,P1_N40_daily_B2_U_EW,P1,40,daily,2.0,unconstrained,equal,E3,evaluation,2010-01-01,2022-12-31,2023
2024-01-02,2024-12-31,252,0.16140986539765034,0.16140986539765034,0.16140986539765034,,not_applicable_no_external_contributions,0.12824502526478576,-0.06715424384539193,52,1.2310218191078701,0.08803748873859439,2.971209096687578,40.0,0.0,0.025,0.125,0.7068586631860606,0.24886449847111503,0.24886449847111503,-0.08745463307346468,0.016901954818376086,0.0,,,0.2557827307615481,0.2557827307615481,-0.09437286536389777,0.06842320746944552,0.0,,,,,P1_N40_daily_B2_U_EW,P1,40,daily,2.0,unconstrained,equal,E4,evaluation,2010-01-01,2023-12-31,2024
2025-01-02,2025-12-31,250,0.2369130209487018,0.2369130209487018,0.23901873876606916,,not_applicable_no_external_contributions,0.1936083228572487,-0.17532441921697905,105,1.2030318937182878,0.1262764196250773,3.2416566087196017,40.0,0.0,0.025000000000000005,0.125,0.7893294993356994,0.1771908045051671,0.17872809721523475,0.06029064155083441,0.012227925677294471,1.0,,,0.2077254840592302,0.20955041897086812,0.029468319795201037,0.05235862878858011,1.0,,,,,P1_N40_daily_B2_U_EW,P1,40,daily,2.0,unconstrained,equal,E5,evaluation,2010-01-01,2024-12-31,2025
2021-01-04,2021-12-31,252,0.276357414592588,0.276357414592588,0.276357414592588,,not_applicable_no_external_contributions,0.14880420198936584,-0.07874490755983798,33,1.714858091572343,0.1024876589394491,1.9097154148554514,40.0,0.0,0.025061706516482707,0.13472761914040068,0.8242485343118913,0.28728769487345307,0.28728769487345307,-0.010930280280865068,-0.027603459536337027,0.0,,,0.2741976405176627,0.2741976405176627,0.0021597740749252914,0.029770466416196406,1.0,,,,,P1_N40_monthly_B1.5_C_EW,P1,40,monthly,1.5,current_classification_constrained,equal,E1,evaluation,2010-01-01,2020-12-31,2021
2022-01-03,2022-12-30,251,-0.0875527806478108,-0.0875527806478108,-0.08788579958356046,,not_applicable_no_external_contributions,0.22134565765394804,-0.2020775184779724,249,-0.3050618849328519,0.16095653280480457,1.7176907736997773,40.0,0.0,0.025078383292562317,0.13499630480626484,1.0,-0.18175361295122916,-0.18240727005194868,0.09452147046838821,0.04288642013143684,1.0,,,-0.32577015948669175,-0.326828176140617,0.23894237655705652,0.14620212883184114,1.0,,,,,P1_N40_monthly_B1.5_C_EW,P1,40,monthly,1.5,current_classification_constrained,equal,E2,evaluation,2010-01-01,2021-12-31,2022
2023-01-03,2023-12-29,250,0.17124014437396018,0.17124014437396018,0.17272212031807022,,not_applicable_no_external_contributions,0.1230084698417775,-0.09278380634714223,74,1.3568938472822973,0.081682444767098,1.7684399303161973,40.0,0.0,0.025052660873359216,0.1338973904055046,0.9428312875019033,0.26175777831245095,0.2641068904875523,-0.0913847701694821,0.006959402306776052,0.0,,,0.5485557706092534,0.5539830080583357,-0.38126088774026545,0.01501558297472294,0.0,,,,,P1_N40_monthly_B1.5_C_EW,P1,40,monthly,1.5,current_classification_constrained,equal,E3,evaluation,2010-01-01,2022-12-31,2023
2024-01-02,2024-12-31,252,0.287282341715942,0.287282341715942,0.287282341715942,,not_applicable_no_external_contributions,0.13447530951482864,-0.08511952468171524,33,1.945796546175978,0.08691508731439682,1.6343446057496418,40.0,0.0,0.025093252184771334,0.13762407004806576,0.7480952731564793,0.24886449847111503,0.24886449847111503,0.038417843244827,-0.0010633260179472304,1.0,,,0.2557827307615481,0.2557827307615481,0.03149961095439391,0.05045792663312221,1.0,,,,,P1_N40_monthly_B1.5_C_EW,P1,40,monthly,1.5,current_classification_constrained,equal,E4,evaluation,2010-01-01,2023-12-31,2024
2025-01-02,2025-12-31,250,0.2079586914813183,0.2079586914813183,0.20978584744159923,,not_applicable_no_external_contributions,0.17249191973253447,-0.1624378090678562,61,1.1899289444909131,0.11506689442769193,1.8200918379918714,40.0,0.0,0.025081603658106504,0.13654376446829486,0.815214336199609,0.1771908045051671,0.17872809721523475,0.031057750226364478,0.025114535826417317,1.0,,,0.2077254840592302,0.20955041897086812,0.00023542847073110273,0.06524523893770295,1.0,,,,,P1_N40_monthly_B1.5_C_EW,P1,40,monthly,1.5,current_classification_constrained,equal,E5,evaluation,2010-01-01,2024-12-31,2025
2021-01-04,2021-12-31,252,0.29037708832888076,0.29037708832888076,0.29037708832888076,,not_applicable_no_external_contributions,0.16141043052490242,-0.08611966948673733,39,1.6607397308640397,0.11043600281108744,1.7204288784339927,40.0,0.0,0.025062274225480165,0.1347514441116665,0.7918025525965845,0.28728769487345307,0.28728769487345307,0.0030893934554276914,-0.03497822146323637,1.0,,,0.2741976405176627,0.2741976405176627,0.01617944781121805,0.022395704489297064,1.0,,,,,P1_N40_monthly_B1.5_U_EW,P1,40,monthly,1.5,unconstrained,equal,E1,evaluation,2010-01-01,2020-12-31,2021
2022-01-03,2022-12-30,251,-0.10713196008577308,-0.10713196008577308,-0.10753496338783097,,not_applicable_no_external_contributions,0.22271290711304728,-0.21654606784909358,249,-0.39958186459199396,0.16250629796182461,1.704220209201027,40.0,0.0,0.02507618897063457,0.13494549298716704,1.0,-0.18175361295122916,-0.18240727005194868,0.0748723066641177,0.028417870760315656,1.0,,,-0.32577015948669175,-0.326828176140617,0.21929321275278602,0.13173357946071995,1.0,,,,,P1_N40_monthly_B1.5_U_EW,P1,40,monthly,1.5,unconstrained,equal,E2,evaluation,2010-01-01,2021-12-31,2022
2023-01-03,2023-12-29,250,0.17756353979155182,0.17756353979155182,0.17910430550914458,,not_applicable_no_external_contributions,0.125738461944792,-0.09308522303352862,73,1.373321626467895,0.08380782500146147,1.819014702496374,40.0,0.0,0.025052721032823626,0.13389820213429335,0.9624668879143831,0.26175777831245095,0.2641068904875523,-0.08500258497840774,0.0066579856203896615,0.0,,,0.5485557706092534,0.5539830080583357,-0.3748787025491911,0.01471416628833655,0.0,,,,,P1_N40_monthly_B1.5_U_EW,P1,40,monthly,1.5,unconstrained,equal,E3,evaluation,2010-01-01,2022-12-31,2023
2024-01-02,2024-12-31,252,0.2997109485807017,0.2997109485807017,0.2997109485807017,,not_applicable_no_external_contributions,0.1602775881812659,-0.10131962757563662,50,1.7162419757823002,0.10697974907412583,1.5171843288631455,40.0,0.0,0.025094079927642843,0.1375678407194234,0.7572837910190473,0.24886449847111503,0.24886449847111503,0.05084645010958666,-0.017263428911868606,1.0,,,0.2557827307615481,0.2557827307615481,0.04392821781915357,0.03425782373920083,1.0,,,,,P1_N40_monthly_B1.5_U_EW,P1,40,monthly,1.5,unconstrained,equal,E4,evaluation,2010-01-01,2023-12-31,2024
2025-01-02,2025-12-31,250,0.18222052773725572,0.18222052773725572,0.18380476573148652,,not_applicable_no_external_contributions,0.1816547653741897,-0.17776129674882002,71,1.0190956479832625,0.12211216421205746,1.9783687639350958,40.0,0.0,0.025082355344265863,0.13661306976181575,0.8652755057301227,0.1771908045051671,0.17872809721523475,0.00507666851625177,0.009791048145453507,1.0,,,0.2077254840592302,0.20955041897086812,-0.025745653239381605,0.049921751256739144,0.0,,,,,P1_N40_monthly_B1.5_U_EW,P1,40,monthly,1.5,unconstrained,equal,E5,evaluation,2010-01-01,2024-12-31,2025
2021-01-04,2021-12-31,252,0.22898581664249873,0.22898581664249873,0.22898581664249873,,not_applicable_no_external_contributions,0.15116922793938203,-0.06782263370105834,32,1.4399363158790333,0.1041203899555367,3.8021388905417566,40.0,0.0,0.025061555286536884,0.1346929323161948,0.8212567004713066,0.28728769487345307,0.28728769487345307,-0.05830187823095434,-0.016681185677557386,0.0,,,0.2741976405176627,0.2741976405176627,-0.04521182387516398,0.04069274027497605,0.0,,,,,P1_N40_monthly_B1_C_EW,P1,40,monthly,1.0,current_classification_constrained,equal,E1,evaluation,2010-01-01,2020-12-31,2021
2022-01-03,2022-12-30,251,-0.06549238092364662,-0.06549238092364662,-0.06574453550380299,,not_applicable_no_external_contributions,0.19776585893389007,-0.18600079356134036,250,-0.2451662522539576,0.14364111384948494,3.374092227357947,40.0,0.0,0.025069487289472947,0.1342661481476212,1.0,-0.18175361295122916,-0.18240727005194868,0.11666273454814569,0.05896314504806888,1.0,,,-0.32577015948669175,-0.326828176140617,0.261083640636814,0.16227885374847317,1.0,,,,,P1_N40_monthly_B1_C_EW,P1,40,monthly,1.0,current_classification_constrained,equal,E2,evaluation,2010-01-01,2021-12-31,2022
2023-01-03,2023-12-29,250,0.1867215677789109,0.1867215677789109,0.18834796307892598,,not_applicable_no_external_contributions,0.12528427094109915,-0.0949399896061276,90,1.4402188839290002,0.08299689312473506,4.408013645196698,40.0,0.0,0.025055132534953468,0.13418684267186104,0.9120269478844936,0.26175777831245095,0.2641068904875523,-0.07575892740862633,0.0048032190477906855,0.0,,,0.5485557706092534,0.5539830080583357,-0.3656350449794097,0.012859399715737574,0.0,,,,,P1_N40_monthly_B1_C_EW,P1,40,monthly,1.0,current_classification_constrained,equal,E3,evaluation,2010-01-01,2022-12-31,2023
2024-01-02,2024-12-31,252,0.2527124217212946,0.2527124217212946,0.2527124217212946,,not_applicable_no_external_contributions,0.1279596296840979,-0.07411474839981524,52,1.8253006108393306,0.08362414340354728,3.1596401894049837,40.0,0.0,0.025090643761570264,0.13738975398492925,0.7322214512939713,0.24886449847111503,0.24886449847111503,0.0038479232501795746,0.009941450263952767,1.0,,,0.2557827307615481,0.2557827307615481,-0.003070309040253516,0.061462702915022205,0.0,,,,,P1_N40_monthly_B1_C_EW,P1,40,monthly,1.0,current_classification_constrained,equal,E4,evaluation,2010-01-01,2023-12-31,2024
2025-01-02,2025-12-31,250,0.1999075845509115,0.1999075845509115,0.20165827331014818,,not_applicable_no_external_contributions,0.17333697660228684,-0.16410796994877497,70,1.1461485299039182,0.11736753933145402,3.658206508967301,40.0,0.0,0.025082390031796506,0.13666837002037013,0.7882332396174351,0.1771908045051671,0.17872809721523475,0.022930176094913435,0.02344437494549856,1.0,,,0.2077254840592302,0.20955041897086812,-0.00789214566071994,0.0635750780567842,0.0,,,,,P1_N40_monthly_B1_C_EW,P1,40,monthly,1.0,current_classification_constrained,equal,E5,evaluation,2010-01-01,2024-12-31,2025
2021-01-04,2021-12-31,252,0.24537917750048988,0.24537917750048988,0.24537917750048988,,not_applicable_no_external_contributions,0.16347674539963178,-0.07430574807368207,46,1.4244472189869983,0.11197774524367074,4.085992466641937,40.0,0.0,0.02506325257249467,0.1349282170635209,0.7678300947985852,0.28728769487345307,0.28728769487345307,-0.041908517372963194,-0.023164300050181108,0.0,,,0.2741976405176627,0.2741976405176627,-0.028818463017172835,0.034209625902352325,0.0,,,,,P1_N40_monthly_B1_U_EW,P1,40,monthly,1.0,unconstrained,equal,E1,evaluation,2010-01-01,2020-12-31,2021
2022-01-03,2022-12-30,251,-0.06851180648626776,-0.06851180648626776,-0.06877515315739424,,not_applicable_no_external_contributions,0.1972597010229755,-0.19149971594771886,250,-0.2627515046414067,0.14383318139546936,3.6605002219246576,40.0,0.0,0.025067928606363227,0.1342282234159885,1.0,-0.18175361295122916,-0.18240727005194868,0.11363211689455444,0.053464222661690375,1.0,,,-0.32577015948669175,-0.326828176140617,0.25805302298322275,0.15677993136209467,1.0,,,,,P1_N40_monthly_B1_U_EW,P1,40,monthly,1.0,unconstrained,equal,E2,evaluation,2010-01-01,2021-12-31,2022
2023-01-03,2023-12-29,250,0.22750796907319115,0.22750796907319115,0.22952259680732912,,not_applicable_no_external_contributions,0.1336121380037568,-0.10126332403085159,90,1.6136134650651661,0.08827665713707607,4.452961599138144,40.0,0.0,0.025053505261602185,0.13401459348836983,0.9044852475037668,0.26175777831245095,0.2641068904875523,-0.0345842936802232,-0.0015201153769333065,0.0,,,0.5485557706092534,0.5539830080583357,-0.32446041125100655,0.006536065291013582,0.0,,,,,P1_N40_monthly_B1_U_EW,P1,40,monthly,1.0,unconstrained,equal,E3,evaluation,2010-01-01,2022-12-31,2023
2024-01-02,2024-12-31,252,0.2652397911351767,0.2652397911351767,0.2652397911351767,,not_applicable_no_external_contributions,0.15268856472232806,-0.08593299401931187,50,1.6175329567158168,0.10109884964956745,3.4169817794100865,40.0,0.0,0.025092988454430813,0.13738281474571187,0.7457464390555504,0.24886449847111503,0.24886449847111503,0.01637529266406168,-0.0018767953555438588,1.0,,,0.2557827307615481,0.2557827307615481,0.00945706037362859,0.04964445729552558,1.0,,,,,P1_N40_monthly_B1_U_EW,P1,40,monthly,1.0,unconstrained,equal,E4,evaluation,2010-01-01,2023-12-31,2024
2025-01-02,2025-12-31,250,0.23334975177753692,0.23334975177753692,0.23542089031007873,,not_applicable_no_external_contributions,0.1764235461822037,-0.1641079699487754,70,1.2863487430659708,0.11959270917207036,3.9256714990402726,40.0,0.0,0.025087849848530946,0.1370922579182026,0.805039010960247,0.1771908045051671,0.17872809721523475,0.056692793094843985,0.023444374945498114,1.0,,,0.2077254840592302,0.20955041897086812,0.02587047133921061,0.06357507805678375,1.0,,,,,P1_N40_monthly_B1_U_EW,P1,40,monthly,1.0,unconstrained,equal,E5,evaluation,2010-01-01,2024-12-31,2025
2021-01-04,2021-12-31,252,0.25829409011510585,0.25829409011510585,0.25829409011510585,,not_applicable_no_external_contributions,0.13971187208765148,-0.050357480061528626,35,1.7149268901676349,0.09432302011534772,0.5933040561078036,40.0,0.0,0.025051800010293324,0.13354092027287687,0.7977244987689397,0.28728769487345307,0.28728769487345307,-0.028993604758347225,0.0007839679619723317,0.0,,,0.2741976405176627,0.2741976405176627,-0.015903550402556865,0.058157893914505765,0.0,,,,,P1_N40_monthly_B2_C_EW,P1,40,monthly,2.0,current_classification_constrained,equal,E1,evaluation,2010-01-01,2020-12-31,2021
2022-01-03,2022-12-30,251,-0.17778490980588668,-0.17778490980588668,-0.17842589996933222,,not_applicable_no_external_contributions,0.251408077625982,-0.2614130394950833,249,-0.6561581134448551,0.18135904100927344,0.718645687050971,40.0,0.0,0.025077664421807946,0.13474397183120054,1.0,-0.18175361295122916,-0.18240727005194868,0.003981370082616453,-0.016449100885674084,1.0,,,-0.32577015948669175,-0.326828176140617,0.14840227617128476,0.08686660781473021,1.0,,,,,P1_N40_monthly_B2_C_EW,P1,40,monthly,2.0,current_classification_constrained,equal,E2,evaluation,2010-01-01,2021-12-31,2022
2023-01-03,2023-12-29,250,0.3219432567828333,0.3219432567828333,0.3248982192168872,,not_applicable_no_external_contributions,0.13977818022718383,-0.10380963152032252,86,2.0833870004109363,0.08821774467081038,0.6744336094112068,40.0,0.0,0.02506064990133619,0.1346060251045529,0.8599818978593996,0.26175777831245095,0.2641068904875523,0.060791328729334904,-0.00406642286640424,1.0,,,0.5485557706092534,0.5539830080583357,-0.22908478884144845,0.003989757801542648,0.0,,,,,P1_N40_monthly_B2_C_EW,P1,40,monthly,2.0,current_classification_constrained,equal,E3,evaluation,2010-01-01,2022-12-31,2023
2024-01-02,2024-12-31,252,0.16431776759786354,0.16431776759786354,0.16431776759786354,,not_applicable_no_external_contributions,0.12767089555283131,-0.06340382965837954,53,1.2555987367813697,0.08780737348413538,0.6998384129621575,40.0,0.0,0.025079956458788685,0.1362672620621102,0.7625056329929435,0.24886449847111503,0.24886449847111503,-0.08454673087325149,0.02065236900538847,0.0,,,0.2557827307615481,0.2557827307615481,-0.09146496316368458,0.07217362165645791,0.0,,,,,P1_N40_monthly_B2_C_EW,P1,40,monthly,2.0,current_classification_constrained,equal,E4,evaluation,2010-01-01,2023-12-31,2024
2025-01-02,2025-12-31,250,0.21050850418977385,0.21050850418977385,0.21235996806711865,,not_applicable_no_external_contributions,0.18985465088056092,-0.17311461888485746,106,1.1085382945852351,0.1248091857404839,0.7809122572295613,40.0,0.0,0.025086818397527744,0.13676341797334335,0.7794031118239486,0.1771908045051671,0.17872809721523475,0.033631870851883905,0.014437726009416063,1.0,,,0.2077254840592302,0.20955041897086812,0.00280954909625053,0.0545684291207017,1.0,,,,,P1_N40_monthly_B2_C_EW,P1,40,monthly,2.0,current_classification_constrained,equal,E5,evaluation,2010-01-01,2024-12-31,2025
2021-01-04,2021-12-31,252,0.2837032234807355,0.2837032234807355,0.2837032234807355,,not_applicable_no_external_contributions,0.1482260685769275,-0.04984381873486088,32,1.759700210509594,0.10088823145260914,0.6195781623087511,40.0,0.0,0.0250579590927605,0.1342485522233225,0.7490068123172359,0.28728769487345307,0.28728769487345307,-0.0035844713927175587,0.0012976292886400786,0.0,,,0.2741976405176627,0.2741976405176627,0.0095055829630728,0.05867155524117351,1.0,,,,,P1_N40_monthly_B2_U_EW,P1,40,monthly,2.0,unconstrained,equal,E1,evaluation,2010-01-01,2020-12-31,2021
2022-01-03,2022-12-30,251,-0.19872537409196322,-0.19872537409196322,-0.19943232747837325,,not_applicable_no_external_contributions,0.2698661716459893,-0.2907072500928054,250,-0.6893977478331706,0.19512256992717833,0.7874117547771887,40.0,0.0,0.025091806960699712,0.13547143005377613,1.0,-0.18175361295122916,-0.18240727005194868,-0.017025057426424572,-0.045743311483396165,0.0,,,-0.32577015948669175,-0.326828176140617,0.12739584866224374,0.05757239721700813,1.0,,,,,P1_N40_monthly_B2_U_EW,P1,40,monthly,2.0,unconstrained,equal,E2,evaluation,2010-01-01,2021-12-31,2022
2023-01-03,2023-12-29,250,0.38790753049721305,0.38790753049721305,0.39155192495241686,,not_applicable_no_external_contributions,0.14997725431365402,-0.10273845777273449,81,2.2791621538639464,0.09347274081625027,0.7177885187536108,40.0,0.0,0.025068477282667426,0.13511561506655115,0.8310581162614823,0.26175777831245095,0.2641068904875523,0.12744503446486455,-0.0029952491188162123,1.0,,,0.5485557706092534,0.5539830080583357,-0.1624310831059188,0.005060931549130676,0.0,,,,,P1_N40_monthly_B2_U_EW,P1,40,monthly,2.0,unconstrained,equal,E3,evaluation,2010-01-01,2022-12-31,2023
2024-01-02,2024-12-31,252,0.20909460632505206,0.20909460632505206,0.20909460632505206,,not_applicable_no_external_contributions,0.13771128404013303,-0.07488477292006179,45,1.4478935919931628,0.09359744202394157,0.736315647851388,40.0,0.0,0.02509004270287575,0.13728622897719067,0.7180261023614473,0.24886449847111503,0.24886449847111503,-0.03976989214606297,0.009171425743706219,0.0,,,0.2557827307615481,0.2557827307615481,-0.04668812443649606,0.060692678394775657,0.0,,,,,P1_N40_monthly_B2_U_EW,P1,40,monthly,2.0,unconstrained,equal,E4,evaluation,2010-01-01,2023-12-31,2024
2025-01-02,2025-12-31,250,0.2560898875502273,0.2560898875502273,0.2583831228302047,,not_applicable_no_external_contributions,0.19957891933882488,-0.18234732589526115,94,1.250662848828395,0.13127871163783644,0.8206513843620157,40.0,0.0,0.025102009891384208,0.13781813161204,0.8067697060804062,0.1771908045051671,0.17872809721523475,0.07965502561496995,0.0052050189990123785,1.0,,,0.2077254840592302,0.20955041897086812,0.04883270385933658,0.045335722110298016,1.0,,,,,P1_N40_monthly_B2_U_EW,P1,40,monthly,2.0,unconstrained,equal,E5,evaluation,2010-01-01,2024-12-31,2025
2021-01-04,2021-12-31,252,0.27203593514259117,0.27203593514259117,0.27203593514259117,,not_applicable_no_external_contributions,0.14875405145626552,-0.07410813176074138,35,1.6925268342383497,0.10116346296932084,3.0336355219024838,40.0,0.0,0.025011071764666038,0.12870879043477698,0.7942307426646722,0.28728769487345307,0.28728769487345307,-0.015251759730861902,-0.022966683737240423,0.0,,,0.2741976405176627,0.2741976405176627,-0.002161705375071543,0.03440724221529301,0.0,,,,,P1_N40_weekly_B1.5_C_EW,P1,40,weekly,1.5,current_classification_constrained,equal,E1,evaluation,2010-01-01,2020-12-31,2021
2022-01-03,2022-12-30,251,-0.09864690643489837,-0.09864690643489837,-0.09901978911110498,,not_applicable_no_external_contributions,0.20873638957906088,-0.21280473076968998,249,-0.395309685954201,0.15189063553613533,2.5321642397401387,40.0,0.0,0.02501386114636018,0.1288441123761074,1.0,-0.18175361295122916,-0.18240727005194868,0.0833874809408437,0.03215920783971926,1.0,,,-0.32577015948669175,-0.326828176140617,0.227808387029512,0.13547491654012356,1.0,,,,,P1_N40_weekly_B1.5_C_EW,P1,40,weekly,1.5,current_classification_constrained,equal,E2,evaluation,2010-01-01,2021-12-31,2022
2023-01-03,2023-12-29,250,0.1626231575651984,0.1626231575651984,0.16402546383673244,,not_applicable_no_external_contributions,0.12217372756059613,-0.09398320552655193,74,1.3043746718353952,0.08131904740845156,3.320886753287292,40.0,0.0,0.025009911492111306,0.128248300825699,0.9389863736158272,0.26175777831245095,0.2641068904875523,-0.10008142665081987,0.005760003127366353,0.0,,,0.5485557706092534,0.5539830080583357,-0.3899575442216032,0.013816183795313242,0.0,,,,,P1_N40_weekly_B1.5_C_EW,P1,40,weekly,1.5,current_classification_constrained,equal,E3,evaluation,2010-01-01,2022-12-31,2023
2024-01-02,2024-12-31,252,0.2601111079650482,0.2601111079650482,0.2601111079650482,,not_applicable_no_external_contributions,0.13114481064264752,-0.08609417328244884,33,1.8290235590419657,0.0849192039622456,2.8302322813433083,40.0,0.0,0.025016581448870725,0.1292406591415699,0.7519474746330405,0.24886449847111503,0.24886449847111503,0.01124660949393319,-0.0020379746186808267,1.0,,,0.2557827307615481,0.2557827307615481,0.0043283772035001,0.04948327803238861,1.0,,,,,P1_N40_weekly_B1.5_C_EW,P1,40,weekly,1.5,current_classification_constrained,equal,E4,evaluation,2010-01-01,2023-12-31,2024
2025-01-02,2025-12-31,250,0.23719768950887965,0.23719768950887965,0.23930617343535387,,not_applicable_no_external_contributions,0.17109660539669183,-0.1512628557921567,59,1.339285578528874,0.11388926229633445,2.869769830140716,40.0,0.0,0.025017699346911174,0.1294400294502184,0.8093146596616808,0.1771908045051671,0.17872809721523475,0.060578076220119126,0.03628948910211682,1.0,,,0.2077254840592302,0.20955041897086812,0.02975575446448575,0.07642019221340246,1.0,,,,,P1_N40_weekly_B1.5_C_EW,P1,40,weekly,1.5,current_classification_constrained,equal,E5,evaluation,2010-01-01,2024-12-31,2025
2021-01-04,2021-12-31,252,0.24637123666223526,0.24637123666223526,0.24637123666223526,,not_applicable_no_external_contributions,0.16289677658509816,-0.08897321099740729,39,1.4338283285309752,0.11159784206637871,2.9159286815249965,40.0,0.0,0.025011708097127095,0.12876396139636415,0.8022161100451299,0.28728769487345307,0.28728769487345307,-0.04091645821121781,-0.037831762973906335,0.0,,,0.2741976405176627,0.2741976405176627,-0.02782640385542745,0.019542162978627098,0.0,,,,,P1_N40_weekly_B1.5_U_EW,P1,40,weekly,1.5,unconstrained,equal,E1,evaluation,2010-01-01,2020-12-31,2021
2022-01-03,2022-12-30,251,-0.09169546323050659,-0.09169546323050659,-0.09204343122553638,,not_applicable_no_external_contributions,0.21574280981626262,-0.20822855421932673,249,-0.3398219060559349,0.15729652315013556,2.589249795749518,40.0,0.0,0.025014009522132074,0.12887279724382175,1.0,-0.18175361295122916,-0.18240727005194868,0.0903638388264123,0.036735384390082504,1.0,,,-0.32577015948669175,-0.326828176140617,0.2347847449150806,0.1400510930904868,1.0,,,,,P1_N40_weekly_B1.5_U_EW,P1,40,weekly,1.5,unconstrained,equal,E2,evaluation,2010-01-01,2021-12-31,2022
2023-01-03,2023-12-29,250,0.18334803291941504,0.18334803291941504,0.18494281829911507,,not_applicable_no_external_contributions,0.12816738567481642,-0.09097699500179457,73,1.3882694171632692,0.0855746149206845,3.0752748602205457,40.0,0.0,0.0250101193702179,0.12829947356133603,0.9459851329587199,0.26175777831245095,0.2641068904875523,-0.07916407218843724,0.008766213652123711,0.0,,,0.5485557706092534,0.5539830080583357,-0.3690401897592206,0.0168223943200706,0.0,,,,,P1_N40_weekly_B1.5_U_EW,P1,40,weekly,1.5,unconstrained,equal,E3,evaluation,2010-01-01,2022-12-31,2023
2024-01-02,2024-12-31,252,0.26143580022241086,0.26143580022241086,0.26143580022241086,,not_applicable_no_external_contributions,0.1533653895371281,-0.09144324744403298,36,1.591412169759411,0.1015330563116383,2.723887789791595,40.0,0.0,0.0250171610234231,0.12928633425539843,0.7466814934139878,0.24886449847111503,0.24886449847111503,0.012571301751295838,-0.007387048780264971,1.0,,,0.2557827307615481,0.2557827307615481,0.005653069460862747,0.04413420387080447,1.0,,,,,P1_N40_weekly_B1.5_U_EW,P1,40,weekly,1.5,unconstrained,equal,E4,evaluation,2010-01-01,2023-12-31,2024
2025-01-02,2025-12-31,250,0.2150197145664028,0.2150197145664028,0.21691429099483517,,not_applicable_no_external_contributions,0.17381212605314264,-0.15611462687203526,60,1.216097486581315,0.11724274505524876,2.880842917721911,40.0,0.0,0.02501784921664178,0.12945092422864754,0.8363571760463129,0.1771908045051671,0.17872809721523475,0.03818619377960042,0.03143771802223827,1.0,,,0.2077254840592302,0.20955041897086812,0.007363872023967044,0.07156842113352391,1.0,,,,,P1_N40_weekly_B1.5_U_EW,P1,40,weekly,1.5,unconstrained,equal,E5,evaluation,2010-01-01,2024-12-31,2025
2021-01-04,2021-12-31,252,0.22613317401923383,0.22613317401923383,0.22613317401923383,,not_applicable_no_external_contributions,0.15396008695600447,-0.07164417020442515,33,1.4014562688162746,0.10530054800573217,7.5054323594527075,40.0,0.0,0.02501138687096847,0.12869947560301068,0.8059583198523914,0.28728769487345307,0.28728769487345307,-0.06115452085421924,-0.020502722180924193,0.0,,,0.2741976405176627,0.2741976405176627,-0.04806446649842888,0.03687120377160924,0.0,,,,,P1_N40_weekly_B1_C_EW,P1,40,weekly,1.0,current_classification_constrained,equal,E1,evaluation,2010-01-01,2020-12-31,2021
2022-01-03,2022-12-30,251,-0.05950739532335281,-0.05950739532335281,-0.059737250202327785,,not_applicable_no_external_contributions,0.19597014866230053,-0.1781456472205729,250,-0.2164983787965716,0.142629161217838,6.768852349509534,40.0,0.0,0.025013496556303968,0.12877420605357884,1.0,-0.18175361295122916,-0.18240727005194868,0.12267001984962089,0.06681829138883633,1.0,,,-0.32577015948669175,-0.326828176140617,0.2670909259382892,0.17013400008924062,1.0,,,,,P1_N40_weekly_B1_C_EW,P1,40,weekly,1.0,current_classification_constrained,equal,E2,evaluation,2010-01-01,2021-12-31,2022
2023-01-03,2023-12-29,250,0.19072638270620534,0.19072638270620534,0.1923904035171815,,not_applicable_no_external_contributions,0.12557733012022987,-0.088582629822066,74,1.464207096031401,0.08304853131293674,8.722128264800554,40.0,0.0,0.025010298523485828,0.1283521848421443,0.8999383695126416,0.26175777831245095,0.2641068904875523,-0.07171648697037081,0.011160578831852286,0.0,,,0.5485557706092534,0.5539830080583357,-0.36159260454115416,0.019216759499799174,0.0,,,,,P1_N40_weekly_B1_C_EW,P1,40,weekly,1.0,current_classification_constrained,equal,E3,evaluation,2010-01-01,2022-12-31,2023
2024-01-02,2024-12-31,252,0.22677772410507036,0.22677772410507036,0.22677772410507036,,not_applicable_no_external_contributions,0.12922434225803694,-0.07940026379198495,52,1.6466678366100764,0.08521368151415235,5.97542756049582,40.0,0.0,0.025016853598450135,0.1292907911459033,0.7574144080140801,0.24886449847111503,0.24886449847111503,-0.02208677436604467,0.004655934871783063,0.0,,,0.2557827307615481,0.2557827307615481,-0.02900500665647776,0.0561771875228525,0.0,,,,,P1_N40_weekly_B1_C_EW,P1,40,weekly,1.0,current_classification_constrained,equal,E4,evaluation,2010-01-01,2023-12-31,2024
2025-01-02,2025-12-31,250,0.20284921041751547,0.20284921041751547,0.20462778750449773,,not_applicable_no_external_contributions,0.16905616177984462,-0.160544357549813,85,1.1855185900643102,0.11439293032674397,7.128326298824562,40.0,0.0,0.025018123833829852,0.12942539130396294,0.8450078774955085,0.1771908045051671,0.17872809721523475,0.025899690289262978,0.027007987344460527,1.0,,,0.2077254840592302,0.20955041897086812,-0.004922631466370397,0.06713869045574616,0.0,,,,,P1_N40_weekly_B1_C_EW,P1,40,weekly,1.0,current_classification_constrained,equal,E5,evaluation,2010-01-01,2024-12-31,2025
2021-01-04,2021-12-31,252,0.24291332849621083,0.24291332849621083,0.24291332849621083,,not_applicable_no_external_contributions,0.16519950260001415,-0.07609220070204215,35,1.39925925967289,0.11239956187320808,10.15803195708161,40.0,0.0,0.02501210592007713,0.1287904974135793,0.7175370344330623,0.28728769487345307,0.28728769487345307,-0.044374366377242236,-0.024950752678541188,0.0,,,0.2741976405176627,0.2741976405176627,-0.03128431202145188,0.032423173273992245,0.0,,,,,P1_N40_weekly_B1_U_EW,P1,40,weekly,1.0,unconstrained,equal,E1,evaluation,2010-01-01,2020-12-31,2021
2022-01-03,2022-12-30,251,-0.05497466773459747,-0.05497466773459747,-0.05518753253266773,,not_applicable_no_external_contributions,0.19685992693491197,-0.18317637157150657,250,-0.1901110642697653,0.14336190555017195,7.458594459452171,40.0,0.0,0.025013506986977345,0.1287936725560744,1.0,-0.18175361295122916,-0.18240727005194868,0.12721973751928095,0.06178756703790267,1.0,,,-0.32577015948669175,-0.326828176140617,0.27164064360794926,0.16510327573830696,1.0,,,,,P1_N40_weekly_B1_U_EW,P1,40,weekly,1.0,unconstrained,equal,E2,evaluation,2010-01-01,2021-12-31,2022
2023-01-03,2023-12-29,250,0.24035493209275072,0.24035493209275072,0.24249413022410504,,not_applicable_no_external_contributions,0.1353258729209582,-0.09515951498757036,90,1.6725036846243269,0.08963673862345646,9.285868958720423,40.0,0.0,0.02501050906832737,0.12841014460882486,0.9020558477839828,0.26175777831245095,0.2641068904875523,-0.021612760263447273,0.004583693666347921,0.0,,,0.5485557706092534,0.5539830080583357,-0.3114888778342306,0.01263987433429481,0.0,,,,,P1_N40_weekly_B1_U_EW,P1,40,weekly,1.0,unconstrained,equal,E3,evaluation,2010-01-01,2022-12-31,2023
2024-01-02,2024-12-31,252,0.25978046867155125,0.25978046867155125,0.25978046867155125,,not_applicable_no_external_contributions,0.15162003222624038,-0.09218505939553834,36,1.5993092067742114,0.10033619420277255,8.011217509807487,40.0,0.0,0.025017266311870328,0.12932068091868454,0.7499794023550317,0.24886449847111503,0.24886449847111503,0.01091597020043622,-0.008128860731770327,1.0,,,0.2557827307615481,0.2557827307615481,0.00399773791000313,0.04339239191929911,1.0,,,,,P1_N40_weekly_B1_U_EW,P1,40,weekly,1.0,unconstrained,equal,E4,evaluation,2010-01-01,2023-12-31,2024
2025-01-02,2025-12-31,250,0.23163621517905497,0.23163621517905497,0.23369075451189247,,not_applicable_no_external_contributions,0.17353773910916467,-0.1627140291353052,85,1.2968100134155602,0.11740378838898892,8.49942443398355,40.0,0.0,0.025019233977438653,0.12961273011783886,0.8360435932837437,0.1771908045051671,0.17872809721523475,0.054962657296657724,0.024838315758968332,1.0,,,0.2077254840592302,0.20955041897086812,0.02414033554102435,0.06496901887025397,1.0,,,,,P1_N40_weekly_B1_U_EW,P1,40,weekly,1.0,unconstrained,equal,E5,evaluation,2010-01-01,2024-12-31,2025
2021-01-04,2021-12-31,252,0.2641499422865874,0.2641499422865874,0.2641499422865874,,not_applicable_no_external_contributions,0.1387546139218813,-0.0487325981747635,35,1.759292188703939,0.09359211655292594,1.2525663371630584,40.0,0.0,0.025010442984868323,0.1283953602953437,0.8196671870675015,0.28728769487345307,0.28728769487345307,-0.02313775258686568,0.00240884984873746,0.0,,,0.2741976405176627,0.2741976405176627,-0.01004769823107532,0.05978277580127089,0.0,,,,,P1_N40_weekly_B2_C_EW,P1,40,weekly,2.0,current_classification_constrained,equal,E1,evaluation,2010-01-01,2020-12-31,2021
2022-01-03,2022-12-30,251,-0.1612668182976349,-0.1612668182976349,-0.16185426918344314,,not_applicable_no_external_contributions,0.24508820371537982,-0.2543248601101399,249,-0.5980298411725388,0.17644356702568964,1.474857287595963,40.0,0.0,0.025015714122608848,0.12904193902155583,1.0,-0.18175361295122916,-0.18240727005194868,0.020553000868505533,-0.009360921500730646,1.0,,,-0.32577015948669175,-0.326828176140617,0.16497390695717384,0.09395478719967365,1.0,,,,,P1_N40_weekly_B2_C_EW,P1,40,weekly,2.0,current_classification_constrained,equal,E2,evaluation,2010-01-01,2021-12-31,2022
2023-01-03,2023-12-29,250,0.29077357365893297,0.29077357365893297,0.29341194044136,,not_applicable_no_external_contributions,0.1370307366054586,-0.10415844933837537,87,1.9466995108761111,0.08748104876209475,1.1997513646440503,40.0,0.0,0.025010539075775554,0.1285410225822327,0.8720523272856484,0.26175777831245095,0.2641068904875523,0.02930504995380767,-0.004415240684457089,1.0,,,0.5485557706092534,0.5539830080583357,-0.2605710676169757,0.0036409399834897993,0.0,,,,,P1_N40_weekly_B2_C_EW,P1,40,weekly,2.0,current_classification_constrained,equal,E3,evaluation,2010-01-01,2022-12-31,2023
2024-01-02,2024-12-31,252,0.16346369351996093,0.16346369351996093,0.16346369351996093,,not_applicable_no_external_contributions,0.12332869003527898,-0.0628166686297752,53,1.2894393994825013,0.0844172233826907,1.4329714770496753,40.0,0.0,0.02501605559220847,0.12915848248382125,0.7429743189357797,0.24886449847111503,0.24886449847111503,-0.0854008049511541,0.021239530033992815,0.0,,,0.2557827307615481,0.2557827307615481,-0.09231903724158719,0.07276078268506225,0.0,,,,,P1_N40_weekly_B2_C_EW,P1,40,weekly,2.0,current_classification_constrained,equal,E4,evaluation,2010-01-01,2023-12-31,2024
2025-01-02,2025-12-31,250,0.22908618166601546,0.22908618166601546,0.23111605423002635,,not_applicable_no_external_contributions,0.18481687760628554,-0.1649604511921332,86,1.216804844519328,0.12070483725092893,1.5677923104989822,40.0,0.0,0.02501690746332133,0.1293389714682823,0.8081161851409924,0.1771908045051671,0.17872809721523475,0.0523879570147916,0.02259189370214032,1.0,,,0.2077254840592302,0.20955041897086812,0.021565635259158222,0.06272259681342596,1.0,,,,,P1_N40_weekly_B2_C_EW,P1,40,weekly,2.0,current_classification_constrained,equal,E5,evaluation,2010-01-01,2024-12-31,2025
2021-01-04,2021-12-31,252,0.2576442965287262,0.2576442965287262,0.2576442965287262,,not_applicable_no_external_contributions,0.1405907712669153,-0.05234395067837583,35,1.7013984151339356,0.09494734079162712,1.2737519542013178,40.0,0.0,0.025010898765007273,0.12848366476996534,0.7737213246807013,0.28728769487345307,0.28728769487345307,-0.029643398344726846,-0.0012025026548748707,0.0,,,0.2741976405176627,0.2741976405176627,-0.016553343988936486,0.05617142329765856,0.0,,,,,P1_N40_weekly_B2_U_EW,P1,40,weekly,2.0,unconstrained,equal,E1,evaluation,2010-01-01,2020-12-31,2021
2022-01-03,2022-12-30,251,-0.1718413003980257,-0.1718413003980257,-0.17246317722165372,,not_applicable_no_external_contributions,0.2544204161274514,-0.26581721710464945,250,-0.6169890729482513,0.1833728629029058,1.5377260933827117,40.0,0.0,0.02501764262049875,0.12918738116763978,1.0,-0.18175361295122916,-0.18240727005194868,0.00994409283029496,-0.020853278495240213,1.0,,,-0.32577015948669175,-0.326828176140617,0.15436499891896327,0.08246243020516408,1.0,,,,,P1_N40_weekly_B2_U_EW,P1,40,weekly,2.0,unconstrained,equal,E2,evaluation,2010-01-01,2021-12-31,2022
2023-01-03,2023-12-29,250,0.3302195847710505,0.3302195847710505,0.333259615005004,,not_applicable_no_external_contributions,0.1399706129630693,-0.09750033865877383,78,2.125715875856438,0.08837521458137992,1.248684422511858,40.0,0.0,0.025011289600622676,0.1286629570653848,0.8471820141285503,0.26175777831245095,0.2641068904875523,0.06915272451745169,0.0022428699951444475,1.0,,,0.5485557706092534,0.5539830080583357,-0.22072339305333166,0.010299050663091336,0.0,,,,,P1_N40_weekly_B2_U_EW,P1,40,weekly,2.0,unconstrained,equal,E3,evaluation,2010-01-01,2022-12-31,2023
2024-01-02,2024-12-31,252,0.16157880080411902,0.16157880080411902,0.16157880080411902,,not_applicable_no_external_contributions,0.12722144323503526,-0.0629523033794126,52,1.2410498375744956,0.08736376323398898,1.4683360310528402,40.0,0.0,0.025016618399457586,0.12923394808168334,0.7077553218894851,0.24886449847111503,0.24886449847111503,-0.08728569766699601,0.02110389528435541,0.0,,,0.2557827307615481,0.2557827307615481,-0.0942039299574291,0.07262514793542485,0.0,,,,,P1_N40_weekly_B2_U_EW,P1,40,weekly,2.0,unconstrained,equal,E4,evaluation,2010-01-01,2023-12-31,2024
2025-01-02,2025-12-31,250,0.240948800012166,0.240948800012166,0.2430937826527919,,not_applicable_no_external_contributions,0.18917634014913973,-0.1701030928144348,75,1.2442014710166327,0.12417470793384063,1.615038695718294,40.0,0.0,0.025017685965377838,0.12944253445946338,0.8157928910168982,0.1771908045051671,0.17872809721523475,0.06436568543755716,0.017449252079838717,1.0,,,0.2077254840592302,0.20955041897086812,0.03354336368192379,0.057579955191124355,1.0,,,,,P1_N40_weekly_B2_U_EW,P1,40,weekly,2.0,unconstrained,equal,E5,evaluation,2010-01-01,2024-12-31,2025
2021-01-04,2021-12-31,252,0.15347687448838077,0.15347687448838077,0.15347687448838077,,not_applicable_no_external_contributions,0.1667514884159595,-0.0706737092926325,45,0.9396438385305425,0.11609780375171297,7.174496202090386,20.0,0.0,0.05005528233681541,0.2589365747993132,0.8714454707058129,0.28728769487345307,0.28728769487345307,-0.1338108203850723,-0.019532261269131546,0.0,,,0.2741976405176627,0.2741976405176627,-0.12072076602928195,0.03784166468340189,0.0,,,,,P2_N20_biweekly_B1.5_C_EW,P2,20,biweekly,1.5,current_classification_constrained,equal,E1,evaluation,2010-01-01,2020-12-31,2021
2022-01-03,2022-12-30,251,-0.08259659004242004,-0.08259659004242004,-0.08291162555879883,,not_applicable_no_external_contributions,0.20391472235475624,-0.19174650352415812,250,-0.3226003986188335,0.15018954621259126,5.403489766244624,20.0,0.0,0.05006665858412193,0.25958165987735127,1.0,-0.18175361295122916,-0.18240727005194868,0.09949564449314985,0.05321743508525112,1.0,,,-0.32577015948669175,-0.326828176140617,0.24391655058181816,0.15653314378565542,1.0,,,,,P2_N20_biweekly_B1.5_C_EW,P2,20,biweekly,1.5,current_classification_constrained,equal,E2,evaluation,2010-01-01,2021-12-31,2022
2023-01-03,2023-12-29,250,0.2127122097437817,0.2127122097437817,0.21458471697202497,,not_applicable_no_external_contributions,0.1490424465422654,-0.11270403366675585,84,1.3790873884046886,0.10026202058155564,6.2793992004917785,20.0,0.0,0.050048533303433486,0.258137122353478,0.8279099412290957,0.26175777831245095,0.2641068904875523,-0.049522173515527346,-0.012960825012837573,0.0,,,0.5485557706092534,0.5539830080583357,-0.3393982910863107,-0.004904644344890685,0.0,,,,,P2_N20_biweekly_B1.5_C_EW,P2,20,biweekly,1.5,current_classification_constrained,equal,E3,evaluation,2010-01-01,2022-12-31,2023
2024-01-02,2024-12-31,252,0.39954176962503984,0.39954176962503984,0.39954176962503984,,not_applicable_no_external_contributions,0.16342277856890694,-0.10200051917768893,41,2.1396120637327662,0.10490697001667212,6.263202904115161,20.0,0.0,0.05008121698973703,0.26025515528320686,0.7922566784449528,0.24886449847111503,0.24886449847111503,0.15067727115392482,-0.01794432051392092,1.0,,,0.2557827307615481,0.2557827307615481,0.14375903886349173,0.03357693213714852,1.0,,,,,P2_N20_biweekly_B1.5_C_EW,P2,20,biweekly,1.5,current_classification_constrained,equal,E4,evaluation,2010-01-01,2023-12-31,2024
2025-01-02,2025-12-31,250,0.27631574381313406,0.27631574381313406,0.2788093161657974,,not_applicable_no_external_contributions,0.21041150007656592,-0.19408937430305817,71,1.2738792655318416,0.142645931416738,5.255931969088741,20.0,0.0,0.05008663810945438,0.26089555487014504,0.7892428661420494,0.1771908045051671,0.17872809721523475,0.10008121895056266,-0.006537029408784645,1.0,,,0.2077254840592302,0.20955041897086812,0.06925889719492928,0.03359367370250099,1.0,,,,,P2_N20_biweekly_B1.5_C_EW,P2,20,biweekly,1.5,current_classification_constrained,equal,E5,evaluation,2010-01-01,2024-12-31,2025
2021-01-04,2021-12-31,252,0.15713957562185565,0.15713957562185565,0.15713957562185565,,not_applicable_no_external_contributions,0.2000714327510562,-0.09376490903688561,40,0.8294334278575761,0.13835763713300267,5.831966589671705,20.0,0.0,0.05006145553650149,0.2593208584469014,0.852605460140393,0.28728769487345307,0.28728769487345307,-0.13014811925159742,-0.042623461013384656,0.0,,,0.2741976405176627,0.2741976405176627,-0.11705806489580706,0.014750464939148777,0.0,,,,,P2_N20_biweekly_B1.5_U_EW,P2,20,biweekly,1.5,unconstrained,equal,E1,evaluation,2010-01-01,2020-12-31,2021
2022-01-03,2022-12-30,251,-0.12231838744550005,-0.12231838744550005,-0.12277449331607526,,not_applicable_no_external_contributions,0.21134349812546208,-0.2420012060543565,250,-0.5141027305948783,0.15862159052395083,4.800698499476269,20.0,0.0,0.050063859326688324,0.25925184809594576,1.0,-0.18175361295122916,-0.18240727005194868,0.059632776735873416,0.0029627325550527495,1.0,,,-0.32577015948669175,-0.326828176140617,0.20405368282454173,0.10627844125545705,1.0,,,,,P2_N20_biweekly_B1.5_U_EW,P2,20,biweekly,1.5,unconstrained,equal,E2,evaluation,2010-01-01,2021-12-31,2022
2023-01-03,2023-12-29,250,0.2806719237807689,0.2806719237807689,0.2832089844426313,,not_applicable_no_external_contributions,0.17248863295022576,-0.11388218088421165,84,1.5323533433076604,0.11640996370720195,4.906559781508467,20.0,0.0,0.05005126966729804,0.2583836837532802,0.8815808407811085,0.26175777831245095,0.2641068904875523,0.019102093955079003,-0.014138972230293367,1.0,,,0.5485557706092534,0.5539830080583357,-0.27077402361570435,-0.006082791562346479,0.0,,,,,P2_N20_biweekly_B1.5_U_EW,P2,20,biweekly,1.5,unconstrained,equal,E3,evaluation,2010-01-01,2022-12-31,2023
2024-01-02,2024-12-31,252,0.3516844446368286,0.3516844446368286,0.3516844446368286,,not_applicable_no_external_contributions,0.21086003527420433,-0.16486492313064505,83,1.5350575119036831,0.14138220497177992,4.512803978367877,20.0,0.0,0.05008851064940357,0.26074728335515424,0.8099502307317419,0.24886449847111503,0.24886449847111503,0.10281994616571355,-0.08080872446687704,1.0,,,0.2557827307615481,0.2557827307615481,0.09590171387528046,-0.029287471815807598,1.0,,,,,P2_N20_biweekly_B1.5_U_EW,P2,20,biweekly,1.5,unconstrained,equal,E4,evaluation,2010-01-01,2023-12-31,2024
2025-01-02,2025-12-31,250,0.22575320074901706,0.22575320074901706,0.22775089744704857,,not_applicable_no_external_contributions,0.22654372908474346,-0.20056321384729436,85,1.0186990319029063,0.15711002212426153,4.661710366147941,20.0,0.0,0.05008838578157977,0.26098215490230936,0.8410062764262158,0.1771908045051671,0.17872809721523475,0.04902280023181382,-0.013010868953020838,1.0,,,0.2077254840592302,0.20955041897086812,0.01820047847618045,0.0271198341582648,1.0,,,,,P2_N20_biweekly_B1.5_U_EW,P2,20,biweekly,1.5,unconstrained,equal,E5,evaluation,2010-01-01,2024-12-31,2025
2021-01-04,2021-12-31,252,0.13742169334318688,0.13742169334318688,0.13742169334318688,,not_applicable_no_external_contributions,0.16558155972558292,-0.06999175915253797,39,0.8604002487696734,0.11462260483783832,10.188097610680183,20.0,0.0,0.05005709502219339,0.25908016468689726,0.8883373977244721,0.28728769487345307,0.28728769487345307,-0.1498660015302662,-0.018850311129037012,0.0,,,0.2741976405176627,0.2741976405176627,-0.13677594717447583,0.03852361482349642,0.0,,,,,P2_N20_biweekly_B1_C_EW,P2,20,biweekly,1.0,current_classification_constrained,equal,E1,evaluation,2010-01-01,2020-12-31,2021
2022-01-03,2022-12-30,251,-0.06125868061034068,-0.06125868061034068,-0.06149507648055297,,not_applicable_no_external_contributions,0.1945915338186784,-0.17401775249424722,250,-0.2290167913750167,0.14227146470957522,8.381965213669655,20.0,0.0,0.05006656831432078,0.25946660027912016,1.0,-0.18175361295122916,-0.18240727005194868,0.12091219357139571,0.07094618611516201,1.0,,,-0.32577015948669175,-0.326828176140617,0.265333099660064,0.1742618948155663,1.0,,,,,P2_N20_biweekly_B1_C_EW,P2,20,biweekly,1.0,current_classification_constrained,equal,E2,evaluation,2010-01-01,2021-12-31,2022
2023-01-03,2023-12-29,250,0.22528492275930523,0.22528492275930523,0.2272781046647503,,not_applicable_no_external_contributions,0.15255037237798885,-0.10418225731648079,72,1.4190319688230149,0.10265397389360156,8.314631470069363,20.0,0.0,0.0500506897921438,0.2583782246297675,0.8532644382925132,0.26175777831245095,0.2641068904875523,-0.036828785822802024,-0.004439048662562506,0.0,,,0.5485557706092534,0.5539830080583357,-0.3267049033935854,0.0036171320053843825,0.0,,,,,P2_N20_biweekly_B1_C_EW,P2,20,biweekly,1.0,current_classification_constrained,equal,E3,evaluation,2010-01-01,2022-12-31,2023
2024-01-02,2024-12-31,252,0.35227522617666707,0.35227522617666707,0.35227522617666707,,not_applicable_no_external_contributions,0.1683023611852296,-0.11580965427582524,53,1.8779836096135674,0.10939224175809241,9.497654217895718,20.0,0.0,0.05008192931698862,0.2602770068130061,0.7837532775092199,0.24886449847111503,0.24886449847111503,0.10341072770555204,-0.031753455612057224,1.0,,,0.2557827307615481,0.2557827307615481,0.09649249541511895,0.019767797039012214,1.0,,,,,P2_N20_biweekly_B1_C_EW,P2,20,biweekly,1.0,current_classification_constrained,equal,E4,evaluation,2010-01-01,2023-12-31,2024
2025-01-02,2025-12-31,250,0.2539737990708897,0.2539737990708897,0.256246225815119,,not_applicable_no_external_contributions,0.2098790926783312,-0.19822115053948264,72,1.1920242918690385,0.1465407431121557,9.732130044265036,20.0,0.0,0.05009132665179888,0.26113324654522535,0.8108683634334433,0.1771908045051671,0.17872809721523475,0.07751812859988427,-0.010668805645209112,1.0,,,0.2077254840592302,0.20955041897086812,0.0466958068442509,0.029461897466076525,1.0,,,,,P2_N20_biweekly_B1_C_EW,P2,20,biweekly,1.0,current_classification_constrained,equal,E5,evaluation,2010-01-01,2024-12-31,2025
2021-01-04,2021-12-31,252,0.1548112594833717,0.1548112594833717,0.1548112594833717,,not_applicable_no_external_contributions,0.19672771573671827,-0.0785271222066769,58,0.8299629084003673,0.13635602878748773,10.895109555757326,20.0,0.0,0.05005958019509981,0.25915245544613136,0.8655959955823253,0.28728769487345307,0.28728769487345307,-0.13247643539008136,-0.027385674183175945,0.0,,,0.2741976405176627,0.2741976405176627,-0.119386381034291,0.029988251769357488,0.0,,,,,P2_N20_biweekly_B1_U_EW,P2,20,biweekly,1.0,unconstrained,equal,E1,evaluation,2010-01-01,2020-12-31,2021
2022-01-03,2022-12-30,251,-0.09721862975375839,-0.09721862975375839,-0.0975864107833394,,not_applicable_no_external_contributions,0.20121897134647532,-0.21347714132175466,250,-0.40974256089156963,0.14979559391715824,10.353281947900994,20.0,0.0,0.05006379513134406,0.2592061853037676,1.0,-0.18175361295122916,-0.18240727005194868,0.08482085926860927,0.03148679728765458,1.0,,,-0.32577015948669175,-0.326828176140617,0.22924176535727758,0.13480250598805887,1.0,,,,,P2_N20_biweekly_B1_U_EW,P2,20,biweekly,1.0,unconstrained,equal,E2,evaluation,2010-01-01,2021-12-31,2022
2023-01-03,2023-12-29,250,0.33077317401541695,0.33077317401541695,0.33381890916598267,,not_applicable_no_external_contributions,0.17343285187224378,-0.10927759341318621,72,1.7482156784973957,0.11590211489447996,9.206589705477134,20.0,0.0,0.05005176583871837,0.2585211912043689,0.8315696650095786,0.26175777831245095,0.2641068904875523,0.06971201867843035,-0.009534384759267933,1.0,,,0.5485557706092534,0.5539830080583357,-0.220164098892353,-0.0014782040913210448,0.0,,,,,P2_N20_biweekly_B1_U_EW,P2,20,biweekly,1.0,unconstrained,equal,E3,evaluation,2010-01-01,2022-12-31,2023
2024-01-02,2024-12-31,252,0.3784865452052173,0.3784865452052173,0.3784865452052173,,not_applicable_no_external_contributions,0.20796199261559367,-0.15912999052037502,83,1.648005633087626,0.13765398852772284,9.884498605095523,20.0,0.0,0.05008111266648546,0.2602532901466314,0.8334442782052667,0.24886449847111503,0.24886449847111503,0.12962204673410227,-0.07507379185660701,1.0,,,0.2557827307615481,0.2557827307615481,0.12270381444366918,-0.02355253920553757,1.0,,,,,P2_N20_biweekly_B1_U_EW,P2,20,biweekly,1.0,unconstrained,equal,E4,evaluation,2010-01-01,2023-12-31,2024
2025-01-02,2025-12-31,250,0.2956237446618095,0.2956237446618095,0.29831097951023033,,not_applicable_no_external_contributions,0.22260777707792145,-0.1997978858074917,78,1.2843646128304076,0.1560011557526151,11.326720995728078,20.0,0.0,0.050092835676842425,0.2612822134918871,0.8435922500733996,0.1771908045051671,0.17872809721523475,0.11958288229499558,-0.012245540913218167,1.0,,,0.2077254840592302,0.20955041897086812,0.08876056053936221,0.02788516219806747,1.0,,,,,P2_N20_biweekly_B1_U_EW,P2,20,biweekly,1.0,unconstrained,equal,E5,evaluation,2010-01-01,2024-12-31,2025
2021-01-04,2021-12-31,252,0.1498746294114892,0.1498746294114892,0.1498746294114892,,not_applicable_no_external_contributions,0.17361713968547984,-0.07258932913215976,131,0.8911528478123222,0.12020571987127872,4.717643976311496,20.0,0.0,0.05005967829902476,0.25934180482044006,0.8824060068720283,0.28728769487345307,0.28728769487345307,-0.13741306546196386,-0.021447881108658806,0.0,,,0.2741976405176627,0.2741976405176627,-0.1243230111061735,0.03592604484387463,0.0,,,,,P2_N20_biweekly_B2_C_EW,P2,20,biweekly,2.0,current_classification_constrained,equal,E1,evaluation,2010-01-01,2020-12-31,2021
2022-01-03,2022-12-30,251,-0.1248771601801355,-0.1248771601801355,-0.1253421104201271,,not_applicable_no_external_contributions,0.2102405240414771,-0.2214966144458984,250,-0.5318542124537897,0.15677030626980548,3.717381222134681,20.0,0.0,0.0500708261068914,0.25959208196147965,1.0,-0.18175361295122916,-0.18240727005194868,0.05706515963182157,0.023467324163510828,1.0,,,-0.32577015948669175,-0.326828176140617,0.20148606572048988,0.12678303286391512,1.0,,,,,P2_N20_biweekly_B2_C_EW,P2,20,biweekly,2.0,current_classification_constrained,equal,E2,evaluation,2010-01-01,2021-12-31,2022
2023-01-03,2023-12-29,250,0.17687399523499003,0.17687399523499003,0.17840833678435786,,not_applicable_no_external_contributions,0.14592405009036294,-0.10959720430440167,97,1.1980609643966769,0.0992634106143144,4.277585154141616,20.0,0.0,0.05004447793607238,0.25769348067665,0.9002698298243995,0.26175777831245095,0.2641068904875523,-0.08569855370319446,-0.009853995650483394,0.0,,,0.5485557706092534,0.5539830080583357,-0.3755746712739778,-0.0017978149825365053,0.0,,,,,P2_N20_biweekly_B2_C_EW,P2,20,biweekly,2.0,current_classification_constrained,equal,E3,evaluation,2010-01-01,2022-12-31,2023
2024-01-02,2024-12-31,252,0.38946827282274143,0.38946827282274143,0.38946827282274143,,not_applicable_no_external_contributions,0.17271496145409226,-0.1270141911535101,66,1.9916844929933595,0.11349120018149948,3.647400349628503,20.0,0.0,0.0500686686814502,0.25971107585151576,0.8057391876199053,0.24886449847111503,0.24886449847111503,0.1406037743516264,-0.04295799248974208,1.0,,,0.2557827307615481,0.2557827307615481,0.13368554206119332,0.008563260161327357,1.0,,,,,P2_N20_biweekly_B2_C_EW,P2,20,biweekly,2.0,current_classification_constrained,equal,E4,evaluation,2010-01-01,2023-12-31,2024
2025-01-02,2025-12-31,250,0.2935160484722674,0.2935160484722674,0.29618202909692437,,not_applicable_no_external_contributions,0.21785640027681366,-0.1774841324880584,58,1.299156087142587,0.14458671422584304,3.614917407247099,20.0,0.0,0.05008506616722348,0.2607900541313478,0.8662873146769982,0.1771908045051671,0.17872809721523475,0.11745393188168962,0.010068212406215138,1.0,,,0.2077254840592302,0.20955041897086812,0.08663161012605625,0.050198915517500775,1.0,,,,,P2_N20_biweekly_B2_C_EW,P2,20,biweekly,2.0,current_classification_constrained,equal,E5,evaluation,2010-01-01,2024-12-31,2025
2021-01-04,2021-12-31,252,0.15064837551366606,0.15064837551366606,0.15064837551366606,,not_applicable_no_external_contributions,0.19406585894621822,-0.09652816262383535,98,0.8199707937470383,0.13313202800854262,4.76976058356266,20.0,0.0,0.050063230663898846,0.25955357156027753,0.8296867942271767,0.28728769487345307,0.28728769487345307,-0.13663931935978701,-0.04538671460033439,0.0,,,0.2741976405176627,0.2741976405176627,-0.12354926500399666,0.011987211352199045,0.0,,,,,P2_N20_biweekly_B2_U_EW,P2,20,biweekly,2.0,unconstrained,equal,E1,evaluation,2010-01-01,2020-12-31,2021
2022-01-03,2022-12-30,251,-0.14309761777683216,-0.14309761777683216,-0.1436246768388818,,not_applicable_no_external_contributions,0.21764610619353908,-0.24672884394657335,250,-0.6034573855961767,0.16324026598050104,3.5338108949575235,20.0,0.0,0.05006737481311378,0.25942570344930704,1.0,-0.18175361295122916,-0.18240727005194868,0.038782593213066874,-0.0017649053371641132,1.0,,,-0.32577015948669175,-0.326828176140617,0.18320349930173518,0.10155080336324018,1.0,,,,,P2_N20_biweekly_B2_U_EW,P2,20,biweekly,2.0,unconstrained,equal,E2,evaluation,2010-01-01,2021-12-31,2022
2023-01-03,2023-12-29,250,0.2685390154227296,0.2685390154227296,0.2709552506104742,,not_applicable_no_external_contributions,0.167769616212319,-0.10510173561143377,90,1.5134460718748906,0.11382234954081971,3.741248749617514,20.0,0.0,0.05005195826623577,0.2583455513713582,0.9129107050346968,0.26175777831245095,0.2641068904875523,0.006848360122921893,-0.005358526957515486,1.0,,,0.5485557706092534,0.5539830080583357,-0.28302775744786146,0.0026976537104314025,0.0,,,,,P2_N20_biweekly_B2_U_EW,P2,20,biweekly,2.0,unconstrained,equal,E3,evaluation,2010-01-01,2022-12-31,2023
2024-01-02,2024-12-31,252,0.34157504339589506,0.34157504339589506,0.34157504339589506,,not_applicable_no_external_contributions,0.21243672077157247,-0.1724864202621479,85,1.489934826450086,0.14443978942790212,3.26592145795476,20.0,0.0,0.050087249582166274,0.2607979554011661,0.8408801150238917,0.24886449847111503,0.24886449847111503,0.09271054492478004,-0.08843022159837988,1.0,,,0.2557827307615481,0.2557827307615481,0.08579231263434695,-0.03690896894731044,1.0,,,,,P2_N20_biweekly_B2_U_EW,P2,20,biweekly,2.0,unconstrained,equal,E4,evaluation,2010-01-01,2023-12-31,2024
2025-01-02,2025-12-31,250,0.30086467837714026,0.30086467837714026,0.3036048833446592,,not_applicable_no_external_contributions,0.22915510654698887,-0.18354197492366064,58,1.2711573838467156,0.15454226521927286,3.2442675478502654,20.0,0.0,0.05008679309616758,0.2608890092050872,0.850355734382816,0.1771908045051671,0.17872809721523475,0.12487678612942443,0.0040103699706128815,1.0,,,0.2077254840592302,0.20955041897086812,0.09405446437379106,0.04414107308189852,1.0,,,,,P2_N20_biweekly_B2_U_EW,P2,20,biweekly,2.0,unconstrained,equal,E5,evaluation,2010-01-01,2024-12-31,2025
2021-01-04,2021-12-31,252,0.1684901277357611,0.1684901277357611,0.1684901277357611,,not_applicable_no_external_contributions,0.16801467383839377,-0.06965631197031852,74,1.0108365950931821,0.11647751692783478,15.058835136229806,20.0,0.0,0.05,0.25,0.8538980850581973,0.28728769487345307,0.28728769487345307,-0.11879756713769196,-0.01851486394681756,0.0,,,0.2741976405176627,0.2741976405176627,-0.1057075127819016,0.03885906200571587,0.0,,,,,P2_N20_daily_B1.5_C_EW,P2,20,daily,1.5,current_classification_constrained,equal,E1,evaluation,2010-01-01,2020-12-31,2021
2022-01-03,2022-12-30,251,-0.06003266790892048,-0.06003266790892048,-0.06026448603343415,,not_applicable_no_external_contributions,0.19466249788471887,-0.16887381943464141,250,-0.2221514026711692,0.1424162216401516,10.57270145684322,20.0,0.0,0.05,0.25,1.0,-0.18175361295122916,-0.18240727005194868,0.12214278401851453,0.07609011917476782,1.0,,,-0.32577015948669175,-0.326828176140617,0.26656369010718284,0.17940582787517212,1.0,,,,,P2_N20_daily_B1.5_C_EW,P2,20,daily,1.5,current_classification_constrained,equal,E2,evaluation,2010-01-01,2021-12-31,2022
2023-01-03,2023-12-29,250,0.20014963444511746,0.20014963444511746,0.20190261578145274,,not_applicable_no_external_contributions,0.14901905451465575,-0.11916986397074336,68,1.308790406639779,0.10090786824653356,19.003214207480752,20.0,0.0,0.05000000000000001,0.25,0.826289360313536,0.26175777831245095,0.2641068904875523,-0.06220427470609957,-0.01942665531682508,0.0,,,0.5485557706092534,0.5539830080583357,-0.3520803922768829,-0.011370474648878193,0.0,,,,,P2_N20_daily_B1.5_C_EW,P2,20,daily,1.5,current_classification_constrained,equal,E3,evaluation,2010-01-01,2022-12-31,2023
2024-01-02,2024-12-31,252,0.3451529777045488,0.3451529777045488,0.3451529777045488,,not_applicable_no_external_contributions,0.16845429034019554,-0.10941812142845109,47,1.8450232813556566,0.10868077622137357,14.53817245715593,20.0,0.0,0.05,0.25,0.761657449446144,0.24886449847111503,0.24886449847111503,0.09628847923343375,-0.025361922764683076,1.0,,,0.2557827307615481,0.2557827307615481,0.08937024694300066,0.026159329886386362,1.0,,,,,P2_N20_daily_B1.5_C_EW,P2,20,daily,1.5,current_classification_constrained,equal,E4,evaluation,2010-01-01,2023-12-31,2024
2025-01-02,2025-12-31,250,0.24383163127531615,0.24383163127531615,0.2460047264383478,,not_applicable_no_external_contributions,0.21405045742039674,-0.19000572648012715,72,1.1338105972967265,0.1418018011584369,10.65931017129095,20.0,0.0,0.05000000000000001,0.25,0.8358648441260808,0.1771908045051671,0.17872809721523475,0.06727662922311306,-0.00245338158585362,1.0,,,0.2077254840592302,0.20955041897086812,0.036454307467479685,0.03767732152543202,1.0,,,,,P2_N20_daily_B1.5_C_EW,P2,20,daily,1.5,current_classification_constrained,equal,E5,evaluation,2010-01-01,2024-12-31,2025
2021-01-04,2021-12-31,252,0.20301375571413316,0.20301375571413316,0.20301375571413316,,not_applicable_no_external_contributions,0.20069723892039487,-0.08724126509094321,69,1.0213857322179367,0.13899815595107123,10.608230914794124,20.0,0.0,0.05,0.25,0.7977175855291542,0.28728769487345307,0.28728769487345307,-0.08427393915931991,-0.03609981706744225,0.0,,,0.2741976405176627,0.2741976405176627,-0.07118388480352955,0.02127410888509118,0.0,,,,,P2_N20_daily_B1.5_U_EW,P2,20,daily,1.5,unconstrained,equal,E1,evaluation,2010-01-01,2020-12-31,2021
2022-01-03,2022-12-30,251,-0.085601145733739,-0.085601145733739,-0.08592709602457071,,not_applicable_no_external_contributions,0.2007378693459745,-0.20205083759053455,250,-0.34733438189715016,0.14839527439683936,8.194794395309442,20.0,0.0,0.05,0.25,1.0,-0.18175361295122916,-0.18240727005194868,0.09648017402737796,0.04291310101887469,1.0,,,-0.32577015948669175,-0.326828176140617,0.24090108011604627,0.14622880971927898,1.0,,,,,P2_N20_daily_B1.5_U_EW,P2,20,daily,1.5,unconstrained,equal,E2,evaluation,2010-01-01,2021-12-31,2022
2023-01-03,2023-12-29,250,0.32622968651305806,0.32622968651305806,0.32922865467235707,,not_applicable_no_external_contributions,0.1728868202730962,-0.10450794855364776,71,1.7332224724878604,0.1159017080029999,9.465957256512487,20.0,0.0,0.05000000000000001,0.25,0.8173028372381322,0.26175777831245095,0.2641068904875523,0.06512176418480475,-0.004764739899729475,1.0,,,0.5485557706092534,0.5539830080583357,-0.2247543533859786,0.003291440768217413,0.0,,,,,P2_N20_daily_B1.5_U_EW,P2,20,daily,1.5,unconstrained,equal,E3,evaluation,2010-01-01,2022-12-31,2023
2024-01-02,2024-12-31,252,0.353904011979713,0.353904011979713,0.353904011979713,,not_applicable_no_external_contributions,0.20246830412570785,-0.14290135374814172,64,1.598176890115194,0.13404640157081268,7.374860262719274,20.0,0.0,0.05,0.25,0.7896070278508651,0.24886449847111503,0.24886449847111503,0.10503951350859797,-0.05884515508437371,1.0,,,0.2557827307615481,0.2557827307615481,0.09812128121816488,-0.007323902433304275,1.0,,,,,P2_N20_daily_B1.5_U_EW,P2,20,daily,1.5,unconstrained,equal,E4,evaluation,2010-01-01,2023-12-31,2024
2025-01-02,2025-12-31,250,0.22031551700988783,0.22031551700988783,0.22226087672697337,,not_applicable_no_external_contributions,0.22579047544793027,-0.18932626276779463,72,1.0010710014374196,0.15307903701073278,8.41983162723357,20.0,0.0,0.05000000000000001,0.25,0.8624741059914833,0.1771908045051671,0.17872809721523475,0.04353277951173862,-0.0017739178735211025,1.0,,,0.2077254840592302,0.20955041897086812,0.012710457756105242,0.038356785237764535,1.0,,,,,P2_N20_daily_B1.5_U_EW,P2,20,daily,1.5,unconstrained,equal,E5,evaluation,2010-01-01,2024-12-31,2025
2021-01-04,2021-12-31,252,0.1563624113139228,0.1563624113139228,0.1563624113139228,,not_applicable_no_external_contributions,0.169948378977213,-0.06957712089259949,83,0.9398348249378738,0.11808268056430651,33.01001389791977,20.0,0.0,0.05,0.25,0.8386741532781623,0.28728769487345307,0.28728769487345307,-0.13092528355953026,-0.01843567286909853,0.0,,,0.2741976405176627,0.2741976405176627,-0.1178352292037399,0.038938253083434904,0.0,,,,,P2_N20_daily_B1_C_EW,P2,20,daily,1.0,current_classification_constrained,equal,E1,evaluation,2010-01-01,2020-12-31,2021
2022-01-03,2022-12-30,251,-0.02990467510331296,-0.02990467510331296,-0.03002201065692167,,not_applicable_no_external_contributions,0.19528421285819875,-0.16092706389105382,193,-0.058738408742921196,0.14022710053266924,29.685492128890388,20.0,0.0,0.05,0.25,1.0,-0.18175361295122916,-0.18240727005194868,0.152385259395027,0.08403687471835541,1.0,,,-0.32577015948669175,-0.326828176140617,0.2968061654836953,0.1873525834187597,1.0,,,,,P2_N20_daily_B1_C_EW,P2,20,daily,1.0,current_classification_constrained,equal,E2,evaluation,2010-01-01,2021-12-31,2022
2023-01-03,2023-12-29,250,0.16567211788378255,0.16567211788378255,0.16710255503364868,,not_applicable_no_external_contributions,0.15427397027566,-0.1251769684773344,102,1.078777910400695,0.10525596867497157,30.258621761807166,20.0,0.0,0.05000000000000001,0.25,0.8781581507905255,0.26175777831245095,0.2641068904875523,-0.09700433545390363,-0.025433759823416113,0.0,,,0.5485557706092534,0.5539830080583357,-0.386880453024687,-0.017377579155469225,0.0,,,,,P2_N20_daily_B1_C_EW,P2,20,daily,1.0,current_classification_constrained,equal,E3,evaluation,2010-01-01,2022-12-31,2023
2024-01-02,2024-12-31,252,0.31750756106263744,0.31750756106263744,0.31750756106263744,,not_applicable_no_external_contributions,0.16215811357926496,-0.11164992087931402,47,1.7820921047381524,0.10584524293806653,29.59776582586731,20.0,0.0,0.05,0.25,0.7492375370272052,0.24886449847111503,0.24886449847111503,0.06864306259152242,-0.027593722215546013,1.0,,,0.2557827307615481,0.2557827307615481,0.06172483030108933,0.023927530435523425,1.0,,,,,P2_N20_daily_B1_C_EW,P2,20,daily,1.0,current_classification_constrained,equal,E4,evaluation,2010-01-01,2023-12-31,2024
2025-01-02,2025-12-31,250,0.3063264740203213,0.3063264740203213,0.3091220629138902,,not_applicable_no_external_contributions,0.20614695477578374,-0.17224562845853497,61,1.40974340559796,0.1395467507079795,30.71835233338056,20.0,0.0,0.05000000000000001,0.25,0.8914310204244517,0.1771908045051671,0.17872809721523475,0.13039396569865547,0.015306716435738554,1.0,,,0.2077254840592302,0.20955041897086812,0.09957164394302209,0.05543741954702419,1.0,,,,,P2_N20_daily_B1_C_EW,P2,20,daily,1.0,current_classification_constrained,equal,E5,evaluation,2010-01-01,2024-12-31,2025
2021-01-04,2021-12-31,252,0.20380965140700513,0.20380965140700513,0.20380965140700513,,not_applicable_no_external_contributions,0.19821380058238752,-0.07898860785355732,59,1.034998790584788,0.13686482299775424,38.02626931020137,20.0,0.0,0.05,0.25,0.804536782366221,0.28728769487345307,0.28728769487345307,-0.08347804346644794,-0.027847159830056367,0.0,,,0.2741976405176627,0.2741976405176627,-0.07038798911065758,0.029526766122477066,0.0,,,,,P2_N20_daily_B1_U_EW,P2,20,daily,1.0,unconstrained,equal,E1,evaluation,2010-01-01,2020-12-31,2021
2022-01-03,2022-12-30,251,-0.066053408029915,-0.066053408029915,-0.06630764512138065,,not_applicable_no_external_contributions,0.19802904700094498,-0.19757065887349168,250,-0.24761785287711854,0.14526997027238375,34.76443702705946,20.0,0.0,0.05,0.25,1.0,-0.18175361295122916,-0.18240727005194868,0.11609962493056802,0.04739327973591756,1.0,,,-0.32577015948669175,-0.326828176140617,0.26052053101923633,0.15070898843632186,1.0,,,,,P2_N20_daily_B1_U_EW,P2,20,daily,1.0,unconstrained,equal,E2,evaluation,2010-01-01,2021-12-31,2022
2023-01-03,2023-12-29,250,0.32898808659676626,0.32898808659676626,0.33201543252250754,,not_applicable_no_external_contributions,0.1764082452966082,-0.1042301292417066,89,1.7139794657796037,0.11798801992422035,31.848943183982378,20.0,0.0,0.05000000000000001,0.25,0.8875596834205098,0.26175777831245095,0.2641068904875523,0.06790854203495522,-0.004486920587788323,1.0,,,0.5485557706092534,0.5539830080583357,-0.22196757553582813,0.003569260080158565,0.0,,,,,P2_N20_daily_B1_U_EW,P2,20,daily,1.0,unconstrained,equal,E3,evaluation,2010-01-01,2022-12-31,2023
2024-01-02,2024-12-31,252,0.4099084083749003,0.4099084083749003,0.4099084083749003,,not_applicable_no_external_contributions,0.20572852538161665,-0.14890789598818466,55,1.7733149003170254,0.13438080978018402,31.914163597193053,20.0,0.0,0.05,0.25,0.7996799105026712,0.24886449847111503,0.24886449847111503,0.16104390990378525,-0.06485169732441665,1.0,,,0.2557827307615481,0.2557827307615481,0.15412567761335216,-0.013330444673347208,1.0,,,,,P2_N20_daily_B1_U_EW,P2,20,daily,1.0,unconstrained,equal,E4,evaluation,2010-01-01,2023-12-31,2024
2025-01-02,2025-12-31,250,0.3524536453803384,0.3524536453803384,0.3557242610442286,,not_applicable_no_external_contributions,0.22360857847630958,-0.16752587855530554,61,1.4730678288902082,0.1525739831958623,33.8338970955072,20.0,0.0,0.05000000000000001,0.25,0.8164866566209682,0.1771908045051671,0.17872809721523475,0.17699616382899386,0.020026466338967985,1.0,,,0.2077254840592302,0.20955041897086812,0.14617384207336048,0.06015716945025362,1.0,,,,,P2_N20_daily_B1_U_EW,P2,20,daily,1.0,unconstrained,equal,E5,evaluation,2010-01-01,2024-12-31,2025
2021-01-04,2021-12-31,252,0.17979809762245225,0.17979809762245225,0.17979809762245225,,not_applicable_no_external_contributions,0.16892714294062336,-0.06552071732638964,43,1.0633281539766415,0.11636533011837422,7.892217760981703,20.0,0.0,0.05,0.25,0.8046849634293469,0.28728769487345307,0.28728769487345307,-0.10748959725100082,-0.014379269302888686,0.0,,,0.2741976405176627,0.2741976405176627,-0.09439954289521046,0.04299465664964475,0.0,,,,,P2_N20_daily_B2_C_EW,P2,20,daily,2.0,current_classification_constrained,equal,E1,evaluation,2010-01-01,2020-12-31,2021
2022-01-03,2022-12-30,251,-0.07848508290179712,-0.07848508290179712,-0.07878511863961901,,not_applicable_no_external_contributions,0.19758390958906663,-0.18086024916446175,250,-0.31666579839841047,0.14546851570134753,6.387297925479901,20.0,0.0,0.05,0.25,1.0,-0.18175361295122916,-0.18240727005194868,0.10362215141232967,0.06410368944494749,1.0,,,-0.32577015948669175,-0.326828176140617,0.24804305750099798,0.16741939814535178,1.0,,,,,P2_N20_daily_B2_C_EW,P2,20,daily,2.0,current_classification_constrained,equal,E2,evaluation,2010-01-01,2021-12-31,2022
2023-01-03,2023-12-29,250,0.2046777235420454,0.2046777235420454,0.2064736652887924,,not_applicable_no_external_contributions,0.14504600121586103,-0.10326101672566479,68,1.3668186765404495,0.0977775013952717,7.29272095161646,20.0,0.0,0.05000000000000001,0.25,0.8033557606630001,0.26175777831245095,0.2641068904875523,-0.05763322519875991,-0.0035178080717465088,0.0,,,0.5485557706092534,0.5539830080583357,-0.34750934276954326,0.00453837259620038,0.0,,,,,P2_N20_daily_B2_C_EW,P2,20,daily,2.0,current_classification_constrained,equal,E3,evaluation,2010-01-01,2022-12-31,2023
2024-01-02,2024-12-31,252,0.3057208825497648,0.3057208825497648,0.3057208825497648,,not_applicable_no_external_contributions,0.16435619111477415,-0.12462364711499274,66,1.7057516582218308,0.1087784441651654,6.457506262839436,20.0,0.0,0.05,0.25,0.778363699690362,0.24886449847111503,0.24886449847111503,0.05685638407864979,-0.04056744845122473,1.0,,,0.2557827307615481,0.2557827307615481,0.0499381517882167,0.010953804199844708,1.0,,,,,P2_N20_daily_B2_C_EW,P2,20,daily,2.0,current_classification_constrained,equal,E4,evaluation,2010-01-01,2023-12-31,2024
2025-01-02,2025-12-31,250,0.32471627284317517,0.32471627284317517,0.32769969105453245,,not_applicable_no_external_contributions,0.20424579668879234,-0.17412679623187022,58,1.4898443449921241,0.1368338755446989,6.20265104606058,20.0,0.0,0.05000000000000001,0.25,0.8096842285746297,0.1771908045051671,0.17872809721523475,0.1489715938392977,0.013425548662403308,1.0,,,0.2077254840592302,0.20955041897086812,0.11814927208366433,0.053556251773688945,1.0,,,,,P2_N20_daily_B2_C_EW,P2,20,daily,2.0,current_classification_constrained,equal,E5,evaluation,2010-01-01,2024-12-31,2025
2021-01-04,2021-12-31,252,0.15011613805163804,0.15011613805163804,0.15011613805163804,,not_applicable_no_external_contributions,0.20195666673818777,-0.09858346789754513,97,0.7933833921665935,0.13950720634618022,7.59965702458301,20.0,0.0,0.05,0.25,0.8293271188195075,0.28728769487345307,0.28728769487345307,-0.13717155682181503,-0.04744201987404417,0.0,,,0.2741976405176627,0.2741976405176627,-0.12408150246602467,0.009931906078489261,0.0,,,,,P2_N20_daily_B2_U_EW,P2,20,daily,2.0,unconstrained,equal,E1,evaluation,2010-01-01,2020-12-31,2021
2022-01-03,2022-12-30,251,-0.07091220862589376,-0.07091220862589376,-0.07118442493785859,,not_applicable_no_external_contributions,0.1978422848391269,-0.18725175584949305,250,-0.2744382028071478,0.1463952642414552,6.008757898961574,20.0,0.0,0.05,0.25,1.0,-0.18175361295122916,-0.18240727005194868,0.11122284511409009,0.057712182759916186,1.0,,,-0.32577015948669175,-0.326828176140617,0.2556437512027584,0.16102789146032048,1.0,,,,,P2_N20_daily_B2_U_EW,P2,20,daily,2.0,unconstrained,equal,E2,evaluation,2010-01-01,2021-12-31,2022
2023-01-03,2023-12-29,250,0.26857059263498684,0.26857059263498684,0.27098714107110955,,not_applicable_no_external_contributions,0.1672379080822983,-0.11263020258978851,90,1.517830699915695,0.11209284964120812,6.883782282033805,20.0,0.0,0.05000000000000001,0.25,0.8988155951391936,0.26175777831245095,0.2641068904875523,0.006880250583557235,-0.012886993935870228,1.0,,,0.5485557706092534,0.5539830080583357,-0.2829958669872261,-0.0048308132679233395,0.0,,,,,P2_N20_daily_B2_U_EW,P2,20,daily,2.0,unconstrained,equal,E3,evaluation,2010-01-01,2022-12-31,2023
2024-01-02,2024-12-31,252,0.3066393657069739,0.3066393657069739,0.3066393657069739,,not_applicable_no_external_contributions,0.21329223861031543,-0.17072575436866133,85,1.3609438007239003,0.1450404182968585,6.215451080054739,20.0,0.0,0.05,0.25,0.8090834480101173,0.24886449847111503,0.24886449847111503,0.057774867235858895,-0.08666955570489332,1.0,,,0.2557827307615481,0.2557827307615481,0.050856634945425805,-0.03514830305382388,1.0,,,,,P2_N20_daily_B2_U_EW,P2,20,daily,2.0,unconstrained,equal,E4,evaluation,2010-01-01,2023-12-31,2024
2025-01-02,2025-12-31,250,0.3419719225824651,0.3419719225824651,0.34513346308581405,,not_applicable_no_external_contributions,0.22142411198968345,-0.17864364386718956,58,1.4497838307004416,0.15008851940203188,6.097776890720042,20.0,0.0,0.05000000000000001,0.25,0.8078424045675886,0.1771908045051671,0.17872809721523475,0.1664053658705793,0.008908701027083965,1.0,,,0.2077254840592302,0.20955041897086812,0.13558304411494593,0.0490394041383696,1.0,,,,,P2_N20_daily_B2_U_EW,P2,20,daily,2.0,unconstrained,equal,E5,evaluation,2010-01-01,2024-12-31,2025
2021-01-04,2021-12-31,252,0.14842295901672897,0.14842295901672897,0.14842295901672897,,not_applicable_no_external_contributions,0.164980802025712,-0.0697389822145783,68,0.9213606648725446,0.1157152684536516,5.892319057590045,20.0,0.0,0.05013651500669558,0.26477746192769275,0.8955217197231579,0.28728769487345307,0.28728769487345307,-0.1388647358567241,-0.018597534191077347,0.0,,,0.2741976405176627,0.2741976405176627,-0.12577468150093374,0.038776391761456086,0.0,,,,,P2_N20_monthly_B1.5_C_EW,P2,20,monthly,1.5,current_classification_constrained,equal,E1,evaluation,2010-01-01,2020-12-31,2021
2022-01-03,2022-12-30,251,-0.053581202235288505,-0.053581202235288505,-0.05378882639699767,,not_applicable_no_external_contributions,0.20075793113769824,-0.1771475388692002,250,-0.17508928871502935,0.14879266091127893,3.3566634370138204,20.0,0.0,0.05014435398281561,0.26385387550598943,1.0,-0.18175361295122916,-0.18240727005194868,0.128618443654951,0.06781639974020903,1.0,,,-0.32577015948669175,-0.326828176140617,0.2730393497436193,0.17113210844061333,1.0,,,,,P2_N20_monthly_B1.5_C_EW,P2,20,monthly,1.5,current_classification_constrained,equal,E2,evaluation,2010-01-01,2021-12-31,2022
2023-01-03,2023-12-29,250,0.23127673441463248,0.23127673441463248,0.23332779386427016,,not_applicable_no_external_contributions,0.14713996773132537,-0.11253534900552964,90,1.4991242152327617,0.09711858900771111,4.811938112476192,20.0,0.0,0.050111799469903136,0.2635027917412155,0.8656424941306221,0.26175777831245095,0.2641068904875523,-0.030779096623282154,-0.012792140351611359,0.0,,,0.5485557706092534,0.5539830080583357,-0.3206552141940655,-0.00473595968366447,0.0,,,,,P2_N20_monthly_B1.5_C_EW,P2,20,monthly,1.5,current_classification_constrained,equal,E3,evaluation,2010-01-01,2022-12-31,2023
2024-01-02,2024-12-31,252,0.3506109163046749,0.3506109163046749,0.3506109163046749,,not_applicable_no_external_contributions,0.16482057240223327,-0.11834096352418355,45,1.9066903532730375,0.10798640630524467,4.575935741105784,20.0,0.0,0.05020090183409335,0.2679255173217072,0.7776839798648827,0.24886449847111503,0.24886449847111503,0.10174641783355987,-0.03428476486041554,1.0,,,0.2557827307615481,0.2557827307615481,0.09482818554312678,0.017236487790653898,1.0,,,,,P2_N20_monthly_B1.5_C_EW,P2,20,monthly,1.5,current_classification_constrained,equal,E4,evaluation,2010-01-01,2023-12-31,2024
2025-01-02,2025-12-31,250,0.2966694282968141,0.2966694282968141,0.2993672182116185,,not_applicable_no_external_contributions,0.2173030533902411,-0.19024992401649854,61,1.3132334494744267,0.14367935120480527,3.7987633716453306,20.0,0.0,0.050183553925254074,0.267670667441938,0.8797203559132748,0.1771908045051671,0.17872809721523475,0.12063912099638374,-0.0026975791222250134,1.0,,,0.2077254840592302,0.20955041897086812,0.08981679924075037,0.037433123989060624,1.0,,,,,P2_N20_monthly_B1.5_C_EW,P2,20,monthly,1.5,current_classification_constrained,equal,E5,evaluation,2010-01-01,2024-12-31,2025
2021-01-04,2021-12-31,252,0.15848369554877428,0.15848369554877428,0.15848369554877428,,not_applicable_no_external_contributions,0.19894085351996443,-0.10017701956031289,77,0.8389004368255213,0.13820062158409357,5.310055116693807,20.0,0.0,0.05014930937938398,0.265656413421905,0.7808474545109702,0.28728769487345307,0.28728769487345307,-0.1288039993246788,-0.04903557153681193,0.0,,,0.2741976405176627,0.2741976405176627,-0.11571394496888843,0.008338354415721505,0.0,,,,,P2_N20_monthly_B1.5_U_EW,P2,20,monthly,1.5,unconstrained,equal,E1,evaluation,2010-01-01,2020-12-31,2021
2022-01-03,2022-12-30,251,-0.06981386317212934,-0.06981386317212934,-0.07008202410047837,,not_applicable_no_external_contributions,0.20062654026625948,-0.18838175197997176,250,-0.2618822822336675,0.14960104511377612,3.2491119035520035,20.0,0.0,0.05013936825277441,0.26352658876314045,1.0,-0.18175361295122916,-0.18240727005194868,0.11232524595147031,0.05658218662943748,1.0,,,-0.32577015948669175,-0.326828176140617,0.2567461520401386,0.15989789532984178,1.0,,,,,P2_N20_monthly_B1.5_U_EW,P2,20,monthly,1.5,unconstrained,equal,E2,evaluation,2010-01-01,2021-12-31,2022
2023-01-03,2023-12-29,250,0.2541687956400762,0.2541687956400762,0.2564431386752477,,not_applicable_no_external_contributions,0.16841501912743562,-0.11072020944917116,95,1.4399488947030323,0.11221154260457329,4.313707570071919,20.0,0.0,0.0501259272819201,0.264022939884353,0.9139562068621059,0.26175777831245095,0.2641068904875523,-0.007663751812304609,-0.010977000795252878,0.0,,,0.5485557706092534,0.5539830080583357,-0.29753986938308796,-0.0029208201273059897,0.0,,,,,P2_N20_monthly_B1.5_U_EW,P2,20,monthly,1.5,unconstrained,equal,E3,evaluation,2010-01-01,2022-12-31,2023
2024-01-02,2024-12-31,252,0.3219501807254894,0.3219501807254894,0.3219501807254894,,not_applicable_no_external_contributions,0.21537580073592366,-0.17178869145076403,85,1.403980367965836,0.1458070345641756,3.6280179084934407,20.0,0.0,0.05020506082980361,0.2683232462312052,0.8192050752805143,0.24886449847111503,0.24886449847111503,0.0730856822543744,-0.08773249278699602,1.0,,,0.2557827307615481,0.2557827307615481,0.0661674499639413,-0.03621124013592658,1.0,,,,,P2_N20_monthly_B1.5_U_EW,P2,20,monthly,1.5,unconstrained,equal,E4,evaluation,2010-01-01,2023-12-31,2024
2025-01-02,2025-12-31,250,0.25035351961401053,0.25035351961401053,0.2525904132971435,,not_applicable_no_external_contributions,0.23422972545349258,-0.19869144490364898,61,1.0778573465188905,0.1575540208406491,4.182581047816565,20.0,0.0,0.05017572959721923,0.26719365331288464,0.8792592419400522,0.1771908045051671,0.17872809721523475,0.07386231608190874,-0.011139100009375458,1.0,,,0.2077254840592302,0.20955041897086812,0.043039994326275366,0.02899160310191018,1.0,,,,,P2_N20_monthly_B1.5_U_EW,P2,20,monthly,1.5,unconstrained,equal,E5,evaluation,2010-01-01,2024-12-31,2025
2021-01-04,2021-12-31,252,0.13301526838658106,0.13301526838658106,0.13301526838658106,,not_applicable_no_external_contributions,0.1625985035903349,-0.07448466776408025,44,0.8493183289286982,0.11380184701870992,6.747127723975443,20.0,0.0,0.0501304594246933,0.26417518932013934,0.8497279944026439,0.28728769487345307,0.28728769487345307,-0.154272426486872,-0.02334321974057929,0.0,,,0.2741976405176627,0.2741976405176627,-0.14118237213108165,0.03403070621195414,0.0,,,,,P2_N20_monthly_B1_C_EW,P2,20,monthly,1.0,current_classification_constrained,equal,E1,evaluation,2010-01-01,2020-12-31,2021
2022-01-03,2022-12-30,251,-0.1019953935627671,-0.1019953935627671,-0.1023802011644841,,not_applicable_no_external_contributions,0.19612175380417463,-0.21159371375399305,250,-0.4526648502169109,0.14668876762224917,5.902877635620865,20.0,0.0,0.050151858112537216,0.2644042348212438,1.0,-0.18175361295122916,-0.18240727005194868,0.08002706888746458,0.033370224855416186,1.0,,,-0.32577015948669175,-0.326828176140617,0.2244479749761329,0.13668593355582048,1.0,,,,,P2_N20_monthly_B1_C_EW,P2,20,monthly,1.0,current_classification_constrained,equal,E2,evaluation,2010-01-01,2021-12-31,2022
2023-01-03,2023-12-29,250,0.21375958315770327,0.21375958315770327,0.215642103176084,,not_applicable_no_external_contributions,0.15156595882970103,-0.10617715906115144,85,1.3643091182157823,0.10060491320692362,5.905797413914135,20.0,0.0,0.05012223462607262,0.2640011863385211,0.8667959429807635,0.26175777831245095,0.2641068904875523,-0.048464787311468305,-0.006433950407233158,0.0,,,0.5485557706092534,0.5539830080583357,-0.33834090488225166,0.0016222302607137307,0.0,,,,,P2_N20_monthly_B1_C_EW,P2,20,monthly,1.0,current_classification_constrained,equal,E3,evaluation,2010-01-01,2022-12-31,2023
2024-01-02,2024-12-31,252,0.3473933218733114,0.3473933218733114,0.3473933218733114,,not_applicable_no_external_contributions,0.16389280633239992,-0.1122321082218769,35,1.902020983896477,0.108347608060502,6.547295019510885,20.0,0.0,0.05019784137621434,0.26766552606176686,0.785378804445871,0.24886449847111503,0.24886449847111503,0.09852882340219637,-0.02817590955810889,1.0,,,0.2557827307615481,0.2557827307615481,0.09161059111176328,0.023345343092960547,1.0,,,,,P2_N20_monthly_B1_C_EW,P2,20,monthly,1.0,current_classification_constrained,equal,E4,evaluation,2010-01-01,2023-12-31,2024
2025-01-02,2025-12-31,250,0.2207070581535564,0.2207070581535564,0.2226561798737634,,not_applicable_no_external_contributions,0.21565975482811434,-0.19749931428782874,78,1.0394975485661238,0.14721804648993225,6.370178969410171,20.0,0.0,0.05018843775579605,0.26765435489935135,0.8758313627604312,0.1771908045051671,0.17872809721523475,0.043928082658528655,-0.009946969393555216,1.0,,,0.2077254840592302,0.20955041897086812,0.01310576090289528,0.03018373371773042,1.0,,,,,P2_N20_monthly_B1_C_EW,P2,20,monthly,1.0,current_classification_constrained,equal,E5,evaluation,2010-01-01,2024-12-31,2025
2021-01-04,2021-12-31,252,0.20087872249190086,0.20087872249190086,0.20087872249190086,,not_applicable_no_external_contributions,0.19403452327837042,-0.08181107031750079,40,1.0404988964620034,0.13361960142625282,7.4486724737519605,20.0,0.0,0.050146219962236824,0.2652355814435774,0.7662007764054276,0.28728769487345307,0.28728769487345307,-0.08640897238155221,-0.030669622293999832,0.0,,,0.2741976405176627,0.2741976405176627,-0.07331891802576185,0.0267043036585336,0.0,,,,,P2_N20_monthly_B1_U_EW,P2,20,monthly,1.0,unconstrained,equal,E1,evaluation,2010-01-01,2020-12-31,2021
2022-01-03,2022-12-30,251,-0.11867008629601705,-0.11867008629601705,-0.1191135303006553,,not_applicable_no_external_contributions,0.19892588641687486,-0.22301750416018085,250,-0.5380837618015243,0.1494280270322321,6.970657534515207,20.0,0.0,0.050122940656470154,0.2629236334888099,1.0,-0.18175361295122916,-0.18240727005194868,0.06329373975129338,0.02194643444922839,1.0,,,-0.32577015948669175,-0.326828176140617,0.2077146458399617,0.1252621431496327,1.0,,,,,P2_N20_monthly_B1_U_EW,P2,20,monthly,1.0,unconstrained,equal,E2,evaluation,2010-01-01,2021-12-31,2022
2023-01-03,2023-12-29,250,0.35929802181456627,0.35929802181456627,0.36264021630432586,,not_applicable_no_external_contributions,0.1756681250121138,-0.107386769041248,84,1.8499671473616905,0.115986130850815,6.412752680804238,20.0,0.0,0.05012818122964245,0.2642033597271682,0.8629757337097483,0.26175777831245095,0.2641068904875523,0.09853332581677354,-0.0076435603873297175,1.0,,,0.5485557706092534,0.5539830080583357,-0.1913427917540098,0.0004126202806171708,0.0,,,,,P2_N20_monthly_B1_U_EW,P2,20,monthly,1.0,unconstrained,equal,E3,evaluation,2010-01-01,2022-12-31,2023
2024-01-02,2024-12-31,252,0.3329442940653722,0.3329442940653722,0.3329442940653722,,not_applicable_no_external_contributions,0.21204217949308685,-0.16591390861262467,85,1.461815480942866,0.14367497526960468,5.926939455241621,20.0,0.0,0.05019374129036375,0.2675343896512681,0.8541706256129492,0.24886449847111503,0.24886449847111503,0.08407979559425716,-0.08185770994885666,1.0,,,0.2557827307615481,0.2557827307615481,0.07716156330382407,-0.030336457297787223,1.0,,,,,P2_N20_monthly_B1_U_EW,P2,20,monthly,1.0,unconstrained,equal,E4,evaluation,2010-01-01,2023-12-31,2024
2025-01-02,2025-12-31,250,0.24674220810405578,0.24674220810405578,0.24894374111154183,,not_applicable_no_external_contributions,0.2296172269576193,-0.2059797416846172,86,1.082611334433057,0.15838096229962387,7.2551259310074725,20.0,0.0,0.05018928989674208,0.26773540188874473,0.8518389073969329,0.1771908045051671,0.17872809721523475,0.07021564389630708,-0.018427396790343664,1.0,,,0.2077254840592302,0.20955041897086812,0.0393933221406737,0.021703306320941973,1.0,,,,,P2_N20_monthly_B1_U_EW,P2,20,monthly,1.0,unconstrained,equal,E5,evaluation,2010-01-01,2024-12-31,2025
2021-01-04,2021-12-31,252,0.25591655188946105,0.25591655188946105,0.25591655188946105,,not_applicable_no_external_contributions,0.17434665529735832,-0.06960656557993128,36,1.3944851204314903,0.11789278898416154,3.546974814380661,20.0,0.0,0.05014559756480725,0.26594470708697826,0.7393904074017066,0.28728769487345307,0.28728769487345307,-0.03137114298399202,-0.01846511755643032,0.0,,,0.2741976405176627,0.2741976405176627,-0.018281088628201658,0.03890880839610311,0.0,,,,,P2_N20_monthly_B2_C_EW,P2,20,monthly,2.0,current_classification_constrained,equal,E1,evaluation,2010-01-01,2020-12-31,2021
2022-01-03,2022-12-30,251,-0.0929808727711885,-0.0929808727711885,-0.09333346388397601,,not_applicable_no_external_contributions,0.20534060242471786,-0.20569788297700953,250,-0.3745042306847229,0.15290216224350586,3.3198288427704994,20.0,0.0,0.05014465905350461,0.26391161842720595,1.0,-0.18175361295122916,-0.18240727005194868,0.08907380616797267,0.03926605563239971,1.0,,,-0.32577015948669175,-0.326828176140617,0.23349471225664098,0.142581764332804,1.0,,,,,P2_N20_monthly_B2_C_EW,P2,20,monthly,2.0,current_classification_constrained,equal,E2,evaluation,2010-01-01,2021-12-31,2022
2023-01-03,2023-12-29,250,0.20928883375832497,0.20928883375832497,0.211128664835589,,not_applicable_no_external_contributions,0.14670605330605113,-0.11443228169917796,65,1.3792864840982295,0.09961691753988063,3.701660348395006,20.0,0.0,0.05011165084475537,0.26351653601974695,0.9318710750351351,0.26175777831245095,0.2641068904875523,-0.05297822565196331,-0.014689073045259682,0.0,,,0.5485557706092534,0.5539830080583357,-0.34285434322274666,-0.0066328923773127935,0.0,,,,,P2_N20_monthly_B2_C_EW,P2,20,monthly,2.0,current_classification_constrained,equal,E3,evaluation,2010-01-01,2022-12-31,2023
2024-01-02,2024-12-31,252,0.3048834406374139,0.3048834406374139,0.3048834406374139,,not_applicable_no_external_contributions,0.16754913760630744,-0.13291903736898403,63,1.672645128018437,0.11321332890422743,3.319308110319026,20.0,0.0,0.050194452829960795,0.26766930433676717,0.7811076486217643,0.24886449847111503,0.24886449847111503,0.05601894216629888,-0.048862838705216016,1.0,,,0.2557827307615481,0.2557827307615481,0.04910070987586579,0.0026584139458534217,1.0,,,,,P2_N20_monthly_B2_C_EW,P2,20,monthly,2.0,current_classification_constrained,equal,E4,evaluation,2010-01-01,2023-12-31,2024
2025-01-02,2025-12-31,250,0.28800730194602076,0.28800730194602076,0.29061786297526604,,not_applicable_no_external_contributions,0.21444601503116445,-0.18177515583801818,60,1.2962922341031633,0.14183614655296356,2.5227553233294486,20.0,0.0,0.05018064239495193,0.26762754990263454,0.8581845634285157,0.1771908045051671,0.17872809721523475,0.11188976576003129,0.00577718905625535,1.0,,,0.2077254840592302,0.20955041897086812,0.08106744400439791,0.04590789216754099,1.0,,,,,P2_N20_monthly_B2_C_EW,P2,20,monthly,2.0,current_classification_constrained,equal,E5,evaluation,2010-01-01,2024-12-31,2025
2021-01-04,2021-12-31,252,0.1845651359525151,0.1845651359525151,0.1845651359525151,,not_applicable_no_external_contributions,0.20098448699641513,-0.10797443340636215,128,0.9432138478319932,0.13831432690716644,3.7231870025435496,20.0,0.0,0.05015124590892553,0.26636662397169797,0.8592517700221869,0.28728769487345307,0.28728769487345307,-0.10272255892093796,-0.05683298538286119,0.0,,,0.2741976405176627,0.2741976405176627,-0.0896325045651476,0.0005409405696722436,0.0,,,,,P2_N20_monthly_B2_U_EW,P2,20,monthly,2.0,unconstrained,equal,E1,evaluation,2010-01-01,2020-12-31,2021
2022-01-03,2022-12-30,251,-0.09705355103525026,-0.09705355103525026,-0.09742074183914085,,not_applicable_no_external_contributions,0.2098324336944659,-0.21125949918120812,250,-0.3835828453323115,0.1560259948278881,3.19442419217191,20.0,0.0,0.05014265307884219,0.2637761761662775,1.0,-0.18175361295122916,-0.18240727005194868,0.08498652821280783,0.033704439428201116,1.0,,,-0.32577015948669175,-0.326828176140617,0.22940743430147614,0.1370201481286054,1.0,,,,,P2_N20_monthly_B2_U_EW,P2,20,monthly,2.0,unconstrained,equal,E2,evaluation,2010-01-01,2021-12-31,2022
2023-01-03,2023-12-29,250,0.23274160870253624,0.23274160870253624,0.23480685388983336,,not_applicable_no_external_contributions,0.16035028835006324,-0.11129029650261746,96,1.3957654806049942,0.10860555850322906,3.1403690789701386,20.0,0.0,0.050129489024931806,0.26414333312511995,0.9137304274511813,0.26175777831245095,0.2641068904875523,-0.02930003659771896,-0.011547087848699178,0.0,,,0.5485557706092534,0.5539830080583357,-0.3191761541685023,-0.0034909071807522896,0.0,,,,,P2_N20_monthly_B2_U_EW,P2,20,monthly,2.0,unconstrained,equal,E3,evaluation,2010-01-01,2022-12-31,2023
2024-01-02,2024-12-31,252,0.3567558967437776,0.3567558967437776,0.3567558967437776,,not_applicable_no_external_contributions,0.21595155861684784,-0.17661144535159046,84,1.5213801860834084,0.14749433452050983,2.6943291157792393,20.0,0.0,0.050215931597318825,0.26848528815965844,0.8248265270319786,0.24886449847111503,0.24886449847111503,0.10789139827266259,-0.09255524668782245,1.0,,,0.2557827307615481,0.2557827307615481,0.1009731659822295,-0.04103399403675301,1.0,,,,,P2_N20_monthly_B2_U_EW,P2,20,monthly,2.0,unconstrained,equal,E4,evaluation,2010-01-01,2023-12-31,2024
2025-01-02,2025-12-31,250,0.269962287118489,0.269962287118489,0.2723926475764602,,not_applicable_no_external_contributions,0.220761221066719,-0.18177515583801818,60,1.2009466482363669,0.14691058007730612,2.5071773105713926,20.0,0.0,0.05017567899820547,0.2673819800782017,0.8366795616186159,0.1771908045051671,0.17872809721523475,0.09366455036122545,0.00577718905625535,1.0,,,0.2077254840592302,0.20955041897086812,0.06284222860559208,0.04590789216754099,1.0,,,,,P2_N20_monthly_B2_U_EW,P2,20,monthly,2.0,unconstrained,equal,E5,evaluation,2010-01-01,2024-12-31,2025
2021-01-04,2021-12-31,252,0.13059010457605935,0.13059010457605935,0.13059010457605935,,not_applicable_no_external_contributions,0.17010149371294273,-0.07520986566960386,37,0.8065715052831297,0.11910435946474801,8.592547145419175,20.0,0.0,0.050025908256221066,0.25554467249086404,0.8601228483264903,0.28728769487345307,0.28728769487345307,-0.15669759029739372,-0.024068417646102902,0.0,,,0.2741976405176627,0.2741976405176627,-0.14360753594160336,0.03330550830643053,0.0,,,,,P2_N20_weekly_B1.5_C_EW,P2,20,weekly,1.5,current_classification_constrained,equal,E1,evaluation,2010-01-01,2020-12-31,2021
2022-01-03,2022-12-30,251,-0.09527133858594317,-0.09527133858594317,-0.09563214955324528,,not_applicable_no_external_contributions,0.20231795791263815,-0.20885583650963424,250,-0.39576169087681845,0.1492218445581377,6.104257481340114,20.0,0.0,0.05002807217434241,0.2557201952232641,1.0,-0.18175361295122916,-0.18240727005194868,0.0867751204987034,0.036108102099775,1.0,,,-0.32577015948669175,-0.326828176140617,0.2311960265873717,0.1394238108001793,1.0,,,,,P2_N20_weekly_B1.5_C_EW,P2,20,weekly,1.5,current_classification_constrained,equal,E2,evaluation,2010-01-01,2021-12-31,2022
2023-01-03,2023-12-29,250,0.21988024400098816,0.21988024400098816,0.22182142272173233,,not_applicable_no_external_contributions,0.14923896783806737,-0.11465519759695186,84,1.4173011731247531,0.10014606687962714,9.059319470383198,20.0,0.0,0.05002218768375533,0.2549673826223119,0.8413414229110218,0.26175777831245095,0.2641068904875523,-0.042285467765819984,-0.014911988943033583,0.0,,,0.5485557706092534,0.5539830080583357,-0.33216158533660334,-0.0068558082750866944,0.0,,,,,P2_N20_weekly_B1.5_C_EW,P2,20,weekly,1.5,current_classification_constrained,equal,E3,evaluation,2010-01-01,2022-12-31,2023
2024-01-02,2024-12-31,252,0.3381052788078549,0.3381052788078549,0.3381052788078549,,not_applicable_no_external_contributions,0.16435997702891744,-0.1187846337352233,47,1.8549285350468785,0.10800655918485579,8.075116830944044,20.0,0.0,0.05003257876761091,0.2560252671715657,0.7761766204862991,0.24886449847111503,0.24886449847111503,0.08924078033673988,-0.03472843507145529,1.0,,,0.2557827307615481,0.2557827307615481,0.08232254804630679,0.01679281757961415,1.0,,,,,P2_N20_weekly_B1.5_C_EW,P2,20,weekly,1.5,current_classification_constrained,equal,E4,evaluation,2010-01-01,2023-12-31,2024
2025-01-02,2025-12-31,250,0.2892397458881324,0.2892397458881324,0.2918626891594551,,not_applicable_no_external_contributions,0.21386631062573314,-0.18790479942451044,62,1.303758189054889,0.14095473921810478,6.6671226748368255,20.0,0.0,0.05003918831405694,0.2566605438011117,0.8067951790667157,0.1771908045051671,0.17872809721523475,0.11313459194422038,-0.000352454530236912,1.0,,,0.2077254840592302,0.20955041897086812,0.082312270188587,0.039778248581048725,1.0,,,,,P2_N20_weekly_B1.5_C_EW,P2,20,weekly,1.5,current_classification_constrained,equal,E5,evaluation,2010-01-01,2024-12-31,2025
2021-01-04,2021-12-31,252,0.1725767166042207,0.1725767166042207,0.1725767166042207,,not_applicable_no_external_contributions,0.19831958871452104,-0.08515864454456035,37,0.9019207284461932,0.1377335027035075,7.382268316173909,20.0,0.0,0.05002749423833382,0.25578659262256875,0.8083574282424685,0.28728769487345307,0.28728769487345307,-0.11471097826923238,-0.03401719652105939,0.0,,,0.2741976405176627,0.2741976405176627,-0.10162092391344202,0.023356729431474044,0.0,,,,,P2_N20_weekly_B1.5_U_EW,P2,20,weekly,1.5,unconstrained,equal,E1,evaluation,2010-01-01,2020-12-31,2021
2022-01-03,2022-12-30,251,-0.09876727908220462,-0.09876727908220462,-0.09914059130296149,,not_applicable_no_external_contributions,0.20582538033250516,-0.21543562909541347,250,-0.4043767913055225,0.1537089994553929,4.989034557039084,20.0,0.0,0.05002739537297901,0.2556621376729312,1.0,-0.18175361295122916,-0.18240727005194868,0.08326667874898719,0.029528309513995765,1.0,,,-0.32577015948669175,-0.326828176140617,0.2276875848376555,0.13284401821440006,1.0,,,,,P2_N20_weekly_B1.5_U_EW,P2,20,weekly,1.5,unconstrained,equal,E2,evaluation,2010-01-01,2021-12-31,2022
2023-01-03,2023-12-29,250,0.3031778765748696,0.3031778765748696,0.3059415153529528,,not_applicable_no_external_contributions,0.17447847170990005,-0.11379235631243745,87,1.6176082827021014,0.11771143665143566,5.914569512477638,20.0,0.0,0.050024327341160205,0.2551967426595762,0.8885867455976293,0.26175777831245095,0.2641068904875523,0.04183462486540046,-0.014049147658519168,1.0,,,0.5485557706092534,0.5539830080583357,-0.2480414927053829,-0.005992966990572279,0.0,,,,,P2_N20_weekly_B1.5_U_EW,P2,20,weekly,1.5,unconstrained,equal,E3,evaluation,2010-01-01,2022-12-31,2023
2024-01-02,2024-12-31,252,0.335073650305167,0.335073650305167,0.335073650305167,,not_applicable_no_external_contributions,0.20818694410484703,-0.1544501060585063,70,1.4925933807589218,0.13916672775282432,5.321889466958574,20.0,0.0,0.05003367677169072,0.25611780490851616,0.8055894429615598,0.24886449847111503,0.24886449847111503,0.08620915183405198,-0.07039390739473828,1.0,,,0.2557827307615481,0.2557827307615481,0.07929091954361889,-0.018872654743668837,1.0,,,,,P2_N20_weekly_B1.5_U_EW,P2,20,weekly,1.5,unconstrained,equal,E4,evaluation,2010-01-01,2023-12-31,2024
2025-01-02,2025-12-31,250,0.23350932641693412,0.23350932641693412,0.23558201174410187,,not_applicable_no_external_contributions,0.23211530440449024,-0.20338357909754812,85,1.0267873250427806,0.15839967519948542,5.382439408455478,20.0,0.0,0.050039693392861025,0.25672449120274093,0.8356980773717629,0.1771908045051671,0.17872809721523475,0.05685391452886712,-0.01583123420327459,1.0,,,0.2077254840592302,0.20955041897086812,0.026031592773233747,0.024299468908011046,1.0,,,,,P2_N20_weekly_B1.5_U_EW,P2,20,weekly,1.5,unconstrained,equal,E5,evaluation,2010-01-01,2024-12-31,2025
2021-01-04,2021-12-31,252,0.16189353938433704,0.16189353938433704,0.16189353938433704,,not_applicable_no_external_contributions,0.16895766508944102,-0.0643769095936848,34,0.9726082728802236,0.1169369751667527,14.809135769807181,20.0,0.0,0.050025145726117354,0.2555317671083402,0.8472003019321488,0.28728769487345307,0.28728769487345307,-0.12539415548911603,-0.013235461570183849,0.0,,,0.2741976405176627,0.2741976405176627,-0.11230410113332567,0.044138464382349585,0.0,,,,,P2_N20_weekly_B1_C_EW,P2,20,weekly,1.0,current_classification_constrained,equal,E1,evaluation,2010-01-01,2020-12-31,2021
2022-01-03,2022-12-30,251,-0.0389462787961784,-0.0389462787961784,-0.03909836967056035,,not_applicable_no_external_contributions,0.19835634468002333,-0.16624879828170847,192,-0.10211807875563633,0.14391953527785334,13.005708864310574,20.0,0.0,0.050027500892644176,0.2556740359298667,1.0,-0.18175361295122916,-0.18240727005194868,0.14330890038138833,0.07871514032770077,1.0,,,-0.32577015948669175,-0.326828176140617,0.28772980647005664,0.18203084902810507,1.0,,,,,P2_N20_weekly_B1_C_EW,P2,20,weekly,1.0,current_classification_constrained,equal,E2,evaluation,2010-01-01,2021-12-31,2022
2023-01-03,2023-12-29,250,0.20031608601193063,0.20031608601193063,0.20207064412410558,,not_applicable_no_external_contributions,0.1552673564259697,-0.1132881183480533,87,1.263099661780238,0.10462531922884695,12.98110733210292,20.0,0.0,0.05002490117961415,0.2551456220655382,0.8829814558863787,0.26175777831245095,0.2641068904875523,-0.062036246363446734,-0.013544909694135021,0.0,,,0.5485557706092534,0.5539830080583357,-0.3519123639342301,-0.005488729026188133,0.0,,,,,P2_N20_weekly_B1_C_EW,P2,20,weekly,1.0,current_classification_constrained,equal,E3,evaluation,2010-01-01,2022-12-31,2023
2024-01-02,2024-12-31,252,0.3302272963114088,0.3302272963114088,0.3302272963114088,,not_applicable_no_external_contributions,0.16572527662178715,-0.13212727228873988,62,1.8053418626308313,0.10986161133281766,13.508559297212255,20.0,0.0,0.05003150873621158,0.25595007467793973,0.7605112527856137,0.24886449847111503,0.24886449847111503,0.08136279784029377,-0.04807107362497187,1.0,,,0.2557827307615481,0.2557827307615481,0.07444456554986068,0.003450179026097566,1.0,,,,,P2_N20_weekly_B1_C_EW,P2,20,weekly,1.0,current_classification_constrained,equal,E4,evaluation,2010-01-01,2023-12-31,2024
2025-01-02,2025-12-31,250,0.2491792041906864,0.2491792041906864,0.2514045901389388,,not_applicable_no_external_contributions,0.2065570601302388,-0.19665603562289125,72,1.1890960141707023,0.1439340891214069,14.174292733297065,20.0,0.0,0.050040623547986364,0.2567770463124256,0.8443028076899082,0.1771908045051671,0.17872809721523475,0.07267649292370404,-0.00910369072861772,1.0,,,0.2077254840592302,0.20955041897086812,0.041854171168070664,0.031027012382667918,1.0,,,,,P2_N20_weekly_B1_C_EW,P2,20,weekly,1.0,current_classification_constrained,equal,E5,evaluation,2010-01-01,2024-12-31,2025
2021-01-04,2021-12-31,252,0.19648740372012607,0.19648740372012607,0.19648740372012607,,not_applicable_no_external_contributions,0.19743862366904663,-0.07317269439467322,38,1.007320653784286,0.13538112198202434,16.982188476048986,20.0,0.0,0.05002598336156601,0.25559444368967826,0.8007753206799664,0.28728769487345307,0.28728769487345307,-0.090800291153327,-0.022031246371172264,0.0,,,0.2741976405176627,0.2741976405176627,-0.07771023679753664,0.03534267958136117,0.0,,,,,P2_N20_weekly_B1_U_EW,P2,20,weekly,1.0,unconstrained,equal,E1,evaluation,2010-01-01,2020-12-31,2021
2022-01-03,2022-12-30,251,-0.07731143503020799,-0.07731143503020799,-0.07760717554289065,,not_applicable_no_external_contributions,0.19962835522696512,-0.19702809045363479,250,-0.3049734726102803,0.14782641446887063,14.182838537868903,20.0,0.0,0.05002610202670933,0.2555417593611984,1.0,-0.18175361295122916,-0.18240727005194868,0.10480009450905803,0.04793584815577445,1.0,,,-0.32577015948669175,-0.326828176140617,0.24922100059772634,0.15125155685617875,1.0,,,,,P2_N20_weekly_B1_U_EW,P2,20,weekly,1.0,unconstrained,equal,E2,evaluation,2010-01-01,2021-12-31,2022
2023-01-03,2023-12-29,250,0.35747504580068057,0.35747504580068057,0.3607981482405771,,not_applicable_no_external_contributions,0.17682174720948868,-0.10588234124648599,84,1.8313785954875734,0.11632385830418718,14.727375475893714,20.0,0.0,0.05002552271357369,0.2553050431410872,0.8761389167705895,0.26175777831245095,0.2641068904875523,0.09669125775302478,-0.006139132592567709,1.0,,,0.5485557706092534,0.5539830080583357,-0.19318485981775857,0.0019170480753791797,0.0,,,,,P2_N20_weekly_B1_U_EW,P2,20,weekly,1.0,unconstrained,equal,E3,evaluation,2010-01-01,2022-12-31,2023
2024-01-02,2024-12-31,252,0.34445973993260703,0.34445973993260703,0.34445973993260703,,not_applicable_no_external_contributions,0.2064518394461074,-0.15511720285203334,64,1.5373379178970175,0.13726387836073672,13.97890045050696,20.0,0.0,0.05003207901445271,0.256033803849359,0.8172237613879167,0.24886449847111503,0.24886449847111503,0.09559524146149201,-0.07106100418826533,1.0,,,0.2557827307615481,0.2557827307615481,0.08867700917105892,-0.019539751537195893,1.0,,,,,P2_N20_weekly_B1_U_EW,P2,20,weekly,1.0,unconstrained,equal,E4,evaluation,2010-01-01,2023-12-31,2024
2025-01-02,2025-12-31,250,0.2701343950305235,0.2701343950305235,0.27256646444841937,,not_applicable_no_external_contributions,0.22072651863311168,-0.20334155324056524,85,1.2025509116805075,0.15475883266806895,16.24966156713992,20.0,0.0,0.050042020166764005,0.256925767561794,0.7975732156685693,0.1771908045051671,0.17872809721523475,0.09383836723318462,-0.015789208346291717,1.0,,,0.2077254840592302,0.20955041897086812,0.06301604547755124,0.02434149476499392,1.0,,,,,P2_N20_weekly_B1_U_EW,P2,20,weekly,1.0,unconstrained,equal,E5,evaluation,2010-01-01,2024-12-31,2025
2021-01-04,2021-12-31,252,0.15729018091055136,0.15729018091055136,0.15729018091055136,,not_applicable_no_external_contributions,0.17316728160683276,-0.06930294834916229,92,0.9301349881872266,0.11920827551370333,5.2590263875449255,20.0,0.0,0.050026127090686434,0.2557191960633818,0.8936615740460595,0.28728769487345307,0.28728769487345307,-0.1299975139629017,-0.01816150032566133,0.0,,,0.2741976405176627,0.2741976405176627,-0.11690745960711135,0.039212425626872105,0.0,,,,,P2_N20_weekly_B2_C_EW,P2,20,weekly,2.0,current_classification_constrained,equal,E1,evaluation,2010-01-01,2020-12-31,2021
2022-01-03,2022-12-30,251,-0.10485718822928491,-0.10485718822928491,-0.10525214794702276,,not_applicable_no_external_contributions,0.2080068835710671,-0.2080152055708161,250,-0.430690569868041,0.1546852684313157,4.02918844568619,20.0,0.0,0.0500280243721143,0.25570192011828213,1.0,-0.18175361295122916,-0.18240727005194868,0.07715512210492592,0.03694873303859314,1.0,,,-0.32577015948669175,-0.326828176140617,0.22157602819359423,0.14026444173899744,1.0,,,,,P2_N20_weekly_B2_C_EW,P2,20,weekly,2.0,current_classification_constrained,equal,E2,evaluation,2010-01-01,2021-12-31,2022
2023-01-03,2023-12-29,250,0.2078497317926058,0.2078497317926058,0.20967584998435562,,not_applicable_no_external_contributions,0.14445289714643147,-0.10848293691326016,90,1.3902048179370035,0.09726862274890713,5.071128319156113,20.0,0.0,0.05002271534960611,0.2549648934163332,0.8860404395324952,0.26175777831245095,0.2641068904875523,-0.05443104050319669,-0.008739728259341883,0.0,,,0.5485557706092534,0.5539830080583357,-0.34430715807398005,-0.0006835475913949951,0.0,,,,,P2_N20_weekly_B2_C_EW,P2,20,weekly,2.0,current_classification_constrained,equal,E3,evaluation,2010-01-01,2022-12-31,2023
2024-01-02,2024-12-31,252,0.4227292964301199,0.4227292964301199,0.4227292964301199,,not_applicable_no_external_contributions,0.17089752175632061,-0.12589524779352768,51,2.1495977733035434,0.11078684324660802,4.101295610657397,20.0,0.0,0.05003796512253256,0.2562696602424765,0.7676550162222041,0.24886449847111503,0.24886449847111503,0.1738647979590049,-0.041839049129759665,1.0,,,0.2557827307615481,0.2557827307615481,0.1669465656685718,0.009682203521309773,1.0,,,,,P2_N20_weekly_B2_C_EW,P2,20,weekly,2.0,current_classification_constrained,equal,E4,evaluation,2010-01-01,2023-12-31,2024
2025-01-02,2025-12-31,250,0.315917531551301,0.315917531551301,0.318810822182088,,not_applicable_no_external_contributions,0.215524623564723,-0.18152041319059253,58,1.3912973282958316,0.14322594318341636,4.122289357817936,20.0,0.0,0.050039848244509966,0.25674518922543166,0.8295689836944907,0.1771908045051671,0.17872809721523475,0.14008272496685326,0.006031931703680993,1.0,,,0.2077254840592302,0.20955041897086812,0.10926040321121988,0.04616263481496663,1.0,,,,,P2_N20_weekly_B2_C_EW,P2,20,weekly,2.0,current_classification_constrained,equal,E5,evaluation,2010-01-01,2024-12-31,2025
2021-01-04,2021-12-31,252,0.21149280499999756,0.21149280499999756,0.21149280499999756,,not_applicable_no_external_contributions,0.19748217566340337,-0.09027717223021914,130,1.0702228626490915,0.13367067554408635,5.141952602728279,20.0,0.0,0.05002807763432168,0.2559001630942121,0.7478018636285635,0.28728769487345307,0.28728769487345307,-0.0757948898734555,-0.03913572420671818,0.0,,,0.2741976405176627,0.2741976405176627,-0.06270483551766515,0.018238201745815252,0.0,,,,,P2_N20_weekly_B2_U_EW,P2,20,weekly,2.0,unconstrained,equal,E1,evaluation,2010-01-01,2020-12-31,2021
2022-01-03,2022-12-30,251,-0.1303977477926399,-0.1303977477926399,-0.13088167788794336,,not_applicable_no_external_contributions,0.22016144332000728,-0.24299359106841367,250,-0.5270184702018964,0.16440357139163803,4.228290221124973,20.0,0.0,0.0500270149112137,0.2556425832845425,1.0,-0.18175361295122916,-0.18240727005194868,0.05152559216400532,0.001970347540995565,1.0,,,-0.32577015948669175,-0.326828176140617,0.19594649825267363,0.10528605624139986,1.0,,,,,P2_N20_weekly_B2_U_EW,P2,20,weekly,2.0,unconstrained,equal,E2,evaluation,2010-01-01,2021-12-31,2022
2023-01-03,2023-12-29,250,0.2764694359007489,0.2764694359007489,0.27896454053941655,,not_applicable_no_external_contributions,0.16635450173112162,-0.1050699302947693,90,1.5626924433340068,0.11225666352924855,4.212296415018941,20.0,0.0,0.050024764990102756,0.2551683760008867,0.9117552664096662,0.26175777831245095,0.2641068904875523,0.014857650051864235,-0.005326721640851018,1.0,,,0.5485557706092534,0.5539830080583357,-0.2750184675189191,0.0027294590270958707,0.0,,,,,P2_N20_weekly_B2_U_EW,P2,20,weekly,2.0,unconstrained,equal,E3,evaluation,2010-01-01,2022-12-31,2023
2024-01-02,2024-12-31,252,0.35335708881744843,0.35335708881744843,0.35335708881744843,,not_applicable_no_external_contributions,0.2123938790038511,-0.1710447815100019,85,1.5314028013916272,0.14389533351848366,3.779156073625238,20.0,0.0,0.05004038871061985,0.2565262475835385,0.8480762567666114,0.24886449847111503,0.24886449847111503,0.1044925903463334,-0.0869885828462339,1.0,,,0.2557827307615481,0.2557827307615481,0.09757435805590031,-0.03546733019516446,1.0,,,,,P2_N20_weekly_B2_U_EW,P2,20,weekly,2.0,unconstrained,equal,E4,evaluation,2010-01-01,2023-12-31,2024
2025-01-02,2025-12-31,250,0.3556923310762339,0.3556923310762339,0.35899678226212783,,not_applicable_no_external_contributions,0.22951040576748044,-0.19169895135597326,60,1.451108691438486,0.15505843237621128,3.7492960704688665,20.0,0.0,0.05004024058953327,0.2568180073483374,0.8256952445945812,0.1771908045051671,0.17872809721523475,0.18026868504689308,-0.004146606461699731,1.0,,,0.2077254840592302,0.20955041897086812,0.1494463632912597,0.035984096649585906,1.0,,,,,P2_N20_weekly_B2_U_EW,P2,20,weekly,2.0,unconstrained,equal,E5,evaluation,2010-01-01,2024-12-31,2025
2021-01-04,2021-12-31,252,0.21502685414611156,0.21502685414611156,0.21502685414611156,,not_applicable_no_external_contributions,0.15616083742884648,-0.06857738077201392,33,1.3255661148126716,0.10701294366926047,5.159864783528262,30.0,0.0,0.03336994902284892,0.1739944891759905,0.7612848243831671,0.28728769487345307,0.28728769487345307,-0.07226084072734151,-0.01743593274851296,0.0,,,0.2741976405176627,0.2741976405176627,-0.059170786371551154,0.03993799320402047,0.0,,,,,P2_N30_biweekly_B1.5_C_EW,P2,30,biweekly,1.5,current_classification_constrained,equal,E1,evaluation,2010-01-01,2020-12-31,2021
2022-01-03,2022-12-30,251,-0.10817890603686198,-0.10817890603686198,-0.10858560355300417,,not_applicable_no_external_contributions,0.1985989167450871,-0.20445350693502373,250,-0.4796215338683564,0.14482264740575057,3.777412627611229,30.0,0.0,0.03337653740498328,0.17413919884809795,1.0,-0.18175361295122916,-0.18240727005194868,0.0738216664989445,0.040510431674385505,1.0,,,-0.32577015948669175,-0.326828176140617,0.21824257258761282,0.1438261403747898,1.0,,,,,P2_N30_biweekly_B1.5_C_EW,P2,30,biweekly,1.5,current_classification_constrained,equal,E2,evaluation,2010-01-01,2021-12-31,2022
2023-01-03,2023-12-29,250,0.18533689659264962,0.18533689659264962,0.18695030818325642,,not_applicable_no_external_contributions,0.1326102286871771,-0.11239522872889085,86,1.3588920532842905,0.0890051972605673,4.320504731226545,30.0,0.0,0.03336261889191174,0.173005394012377,0.8662792570328496,0.26175777831245095,0.2641068904875523,-0.0771565823042959,-0.01265202007497257,0.0,,,0.5485557706092534,0.5539830080583357,-0.36703269987507925,-0.004595839407025681,0.0,,,,,P2_N30_biweekly_B1.5_C_EW,P2,30,biweekly,1.5,current_classification_constrained,equal,E3,evaluation,2010-01-01,2022-12-31,2023
2024-01-02,2024-12-31,252,0.29647498093591707,0.29647498093591707,0.29647498093591707,,not_applicable_no_external_contributions,0.14315197875035154,-0.08974440816636897,47,1.8859976074709872,0.09314878456616264,3.900072673349568,30.0,0.0,0.033381029410061,0.1745934091228331,0.8166209911168313,0.24886449847111503,0.24886449847111503,0.04761048246480204,-0.0056882095026009605,1.0,,,0.2557827307615481,0.2557827307615481,0.04069225017436895,0.04583304314846848,1.0,,,,,P2_N30_biweekly_B1.5_C_EW,P2,30,biweekly,1.5,current_classification_constrained,equal,E4,evaluation,2010-01-01,2023-12-31,2024
2025-01-02,2025-12-31,250,0.2317181827825494,0.2317181827825494,0.23377351570539706,,not_applicable_no_external_contributions,0.19004522581881986,-0.17085687731981547,61,1.199805400389535,0.12609636561788717,3.7405482768757214,30.0,0.0,0.033386497063985866,0.17521769514083094,0.8541410419025459,0.1771908045051671,0.17872809721523475,0.05504541849016231,0.016695467574458056,1.0,,,0.2077254840592302,0.20955041897086812,0.024223096734528937,0.05682617068574369,1.0,,,,,P2_N30_biweekly_B1.5_C_EW,P2,30,biweekly,1.5,current_classification_constrained,equal,E5,evaluation,2010-01-01,2024-12-31,2025
2021-01-04,2021-12-31,252,0.22196192991486052,0.22196192991486052,0.22196192991486052,,not_applicable_no_external_contributions,0.1729655357253929,-0.08204429245310874,33,1.245623967400318,0.11786682641182443,4.4518926551474856,30.0,0.0,0.033370623224607515,0.17401857292739578,0.770024806082787,0.28728769487345307,0.28728769487345307,-0.06532576495859255,-0.03090284442960778,0.0,,,0.2741976405176627,0.2741976405176627,-0.05223571060280219,0.026471081522925655,0.0,,,,,P2_N30_biweekly_B1.5_U_EW,P2,30,biweekly,1.5,unconstrained,equal,E1,evaluation,2010-01-01,2020-12-31,2021
2022-01-03,2022-12-30,251,-0.10586483770580157,-0.10586483770580157,-0.10626336332305297,,not_applicable_no_external_contributions,0.20250146729956417,-0.21567751741482333,250,-0.4535974863102603,0.14975730891665098,3.637565996113761,30.0,0.0,0.033374534267919254,0.17393099717597063,1.0,-0.18175361295122916,-0.18240727005194868,0.0761439067288957,0.02928642119458591,1.0,,,-0.32577015948669175,-0.326828176140617,0.22056481281756402,0.1326021298949902,1.0,,,,,P2_N30_biweekly_B1.5_U_EW,P2,30,biweekly,1.5,unconstrained,equal,E2,evaluation,2010-01-01,2021-12-31,2022
2023-01-03,2023-12-29,250,0.2622170875021197,0.2622170875021197,0.2645707367986019,,not_applicable_no_external_contributions,0.14874330162786295,-0.10271127409675085,89,1.6529370431223778,0.09930274463377295,3.2011594386133027,30.0,0.0,0.03336415168591407,0.17319072253962442,0.8552541884203502,0.26175777831245095,0.2641068904875523,0.000463846311049565,-0.002968065442832568,1.0,,,0.5485557706092534,0.5539830080583357,-0.2894122712597338,0.00508811522511432,0.0,,,,,P2_N30_biweekly_B1.5_U_EW,P2,30,biweekly,1.5,unconstrained,equal,E3,evaluation,2010-01-01,2022-12-31,2023
2024-01-02,2024-12-31,252,0.2980551452731286,0.2980551452731286,0.2980551452731286,,not_applicable_no_external_contributions,0.1709662164475197,-0.10991389013765862,51,1.6117710056453396,0.1138511099320533,3.6078137663998557,30.0,0.0,0.03338576564926576,0.17504217877211903,0.7983980757454486,0.24886449847111503,0.24886449847111503,0.04919064680201357,-0.02585769147389061,1.0,,,0.2557827307615481,0.2557827307615481,0.04227241451158048,0.02566356117717883,1.0,,,,,P2_N30_biweekly_B1.5_U_EW,P2,30,biweekly,1.5,unconstrained,equal,E4,evaluation,2010-01-01,2023-12-31,2024
2025-01-02,2025-12-31,250,0.281997911114783,0.281997911114783,0.2845482330668454,,not_applicable_no_external_contributions,0.19545899303646552,-0.16657605486170057,61,1.3785762155117827,0.13149718843316108,3.590729706152572,30.0,0.0,0.033389014635472676,0.17544374639265642,0.8139011387932807,0.1771908045051671,0.17872809721523475,0.10582013585161065,0.020976290032572953,1.0,,,0.2077254840592302,0.20955041897086812,0.07499781409597728,0.06110699314385859,1.0,,,,,P2_N30_biweekly_B1.5_U_EW,P2,30,biweekly,1.5,unconstrained,equal,E5,evaluation,2010-01-01,2024-12-31,2025
2021-01-04,2021-12-31,252,0.1890913600784343,0.1890913600784343,0.1890913600784343,,not_applicable_no_external_contributions,0.15404988816687698,-0.06083553096895833,33,1.201473675371536,0.10670683453133219,7.970531421072254,30.0,0.0,0.033370261089817936,0.17400525791676874,0.7772660189768181,0.28728769487345307,0.28728769487345307,-0.09819633479501877,-0.009694082945457372,0.0,,,0.2741976405176627,0.2741976405176627,-0.08510628043922841,0.04767984300707606,0.0,,,,,P2_N30_biweekly_B1_C_EW,P2,30,biweekly,1.0,current_classification_constrained,equal,E1,evaluation,2010-01-01,2020-12-31,2021
2022-01-03,2022-12-30,251,-0.09766030284347038,-0.09766030284347038,-0.09802966244618727,,not_applicable_no_external_contributions,0.19552530802585913,-0.19594535109124422,250,-0.4301188846918724,0.14172276724417818,7.014753159899336,30.0,0.0,0.03337622222870588,0.1740217002359587,1.0,-0.18175361295122916,-0.18240727005194868,0.0843776076057614,0.04901858751816501,1.0,,,-0.32577015948669175,-0.326828176140617,0.22879851369442972,0.1523342962185693,1.0,,,,,P2_N30_biweekly_B1_C_EW,P2,30,biweekly,1.0,current_classification_constrained,equal,E2,evaluation,2010-01-01,2021-12-31,2022
2023-01-03,2023-12-29,250,0.19603070178444693,0.19603070178444693,0.19774472441502233,,not_applicable_no_external_contributions,0.1373419056690753,-0.10899575810166684,85,1.382678033351211,0.09245121045384654,7.67079380251027,30.0,0.0,0.033366559560323285,0.1733937146417713,0.9039822418538294,0.26175777831245095,0.2641068904875523,-0.06636216607252998,-0.00925254944774856,0.0,,,0.5485557706092534,0.5539830080583357,-0.35623828364331334,-0.0011963687798016709,0.0,,,,,P2_N30_biweekly_B1_C_EW,P2,30,biweekly,1.0,current_classification_constrained,equal,E3,evaluation,2010-01-01,2022-12-31,2023
2024-01-02,2024-12-31,252,0.2777951642666072,0.2777951642666072,0.2777951642666072,,not_applicable_no_external_contributions,0.14018198705675633,-0.08402744832447373,47,1.819333579427094,0.09108117786461861,7.101709661482663,30.0,0.0,0.0333863771212521,0.1749482455624406,0.8303274696086743,0.24886449847111503,0.24886449847111503,0.028930665795492194,2.875033929428117e-05,1.0,,,0.2557827307615481,0.2557827307615481,0.022012433505059104,0.05155000299036372,1.0,,,,,P2_N30_biweekly_B1_C_EW,P2,30,biweekly,1.0,current_classification_constrained,equal,E4,evaluation,2010-01-01,2023-12-31,2024
2025-01-02,2025-12-31,250,0.23805743559621462,0.23805743559621462,0.24017427684073311,,not_applicable_no_external_contributions,0.18138847695763552,-0.16752798673591263,85,1.2772784322815194,0.12354853208830428,6.457966750518859,30.0,0.0,0.033387940378424866,0.17534014887779778,0.795582060939201,0.1771908045051671,0.17872809721523475,0.061446179625498365,0.0200243581583609,1.0,,,0.2077254840592302,0.20955041897086812,0.03062385786986499,0.06015506126964654,1.0,,,,,P2_N30_biweekly_B1_C_EW,P2,30,biweekly,1.0,current_classification_constrained,equal,E5,evaluation,2010-01-01,2024-12-31,2025
2021-01-04,2021-12-31,252,0.23152889555291822,0.23152889555291822,0.23152889555291822,,not_applicable_no_external_contributions,0.17400077534027752,-0.06180059729677767,32,1.2841441552429895,0.11958306564789457,8.79204870210924,30.0,0.0,0.03337153394901106,0.17398383342882456,0.8147068780311763,0.28728769487345307,0.28728769487345307,-0.055758799320534846,-0.010659149273276713,0.0,,,0.2741976405176627,0.2741976405176627,-0.04266874496474449,0.04671477667925672,0.0,,,,,P2_N30_biweekly_B1_U_EW,P2,30,biweekly,1.0,unconstrained,equal,E1,evaluation,2010-01-01,2020-12-31,2021
2022-01-03,2022-12-30,251,-0.08335507743938209,-0.08335507743938209,-0.0836728720622043,,not_applicable_no_external_contributions,0.19583721407416668,-0.1918642703740363,250,-0.34852245447146246,0.14150478451826873,7.739292612961837,30.0,0.0,0.03337499009646156,0.1740557622077835,1.0,-0.18175361295122916,-0.18240727005194868,0.09873439798974437,0.05309966823537293,1.0,,,-0.32577015948669175,-0.326828176140617,0.24315530407841268,0.15641537693577723,1.0,,,,,P2_N30_biweekly_B1_U_EW,P2,30,biweekly,1.0,unconstrained,equal,E2,evaluation,2010-01-01,2021-12-31,2022
2023-01-03,2023-12-29,250,0.26769377423250185,0.26769377423250185,0.27010162692314443,,not_applicable_no_external_contributions,0.154052575128851,-0.10277430319498582,84,1.629553114644046,0.10381871149919299,7.858793353063545,30.0,0.0,0.033366317924019215,0.17342406574416885,0.8833938571676311,0.26175777831245095,0.2641068904875523,0.0059947364355921184,-0.003031094541067536,1.0,,,0.5485557706092534,0.5539830080583357,-0.28388138113519124,0.005025086126879352,0.0,,,,,P2_N30_biweekly_B1_U_EW,P2,30,biweekly,1.0,unconstrained,equal,E3,evaluation,2010-01-01,2022-12-31,2023
2024-01-02,2024-12-31,252,0.29268891931190955,0.29268891931190955,0.29268891931190955,,not_applicable_no_external_contributions,0.16897586565658076,-0.11283344853408428,64,1.6042220855295124,0.11245207422416326,7.698665409885525,30.0,0.0,0.03338564323798292,0.17498945084834253,0.8066480673938926,0.24886449847111503,0.24886449847111503,0.04382442084079452,-0.028777249870316268,1.0,,,0.2557827307615481,0.2557827307615481,0.03690618855036143,0.02274400278075317,1.0,,,,,P2_N30_biweekly_B1_U_EW,P2,30,biweekly,1.0,unconstrained,equal,E4,evaluation,2010-01-01,2023-12-31,2024
2025-01-02,2025-12-31,250,0.2909739442862562,0.2909739442862562,0.29361432699739165,,not_applicable_no_external_contributions,0.1963657131623055,-0.17892332534628774,90,1.4094281656466985,0.1363188487715072,6.831276329652014,30.0,0.0,0.033391088626594595,0.1757319407171172,0.8435069010584223,0.1771908045051671,0.17872809721523475,0.1148862297821569,0.008629019547985783,1.0,,,0.2077254840592302,0.20955041897086812,0.08406390802652353,0.04875972265927142,1.0,,,,,P2_N30_biweekly_B1_U_EW,P2,30,biweekly,1.0,unconstrained,equal,E5,evaluation,2010-01-01,2024-12-31,2025
2021-01-04,2021-12-31,252,0.28652755223839965,0.28652755223839965,0.28652755223839965,,not_applicable_no_external_contributions,0.15616631665589262,-0.08430809623224,33,1.6919951392720542,0.105658314971388,2.6130343936716356,30.0,0.0,0.0333705683377552,0.1742001687676742,0.7663795996336485,0.28728769487345307,0.28728769487345307,-0.000760142635053418,-0.03316664820873905,0.0,,,0.2741976405176627,0.2741976405176627,0.012329911720736941,0.024207277743794386,1.0,,,,,P2_N30_biweekly_B2_C_EW,P2,30,biweekly,2.0,current_classification_constrained,equal,E1,evaluation,2010-01-01,2020-12-31,2021
2022-01-03,2022-12-30,251,-0.09665879085214335,-0.09665879085214335,-0.09702456973346141,,not_applicable_no_external_contributions,0.21823734246096663,-0.212365205420034,249,-0.35864563080673934,0.15974532030577857,2.3337872472288073,30.0,0.0,0.03338050649857304,0.17430265990311825,1.0,-0.18175361295122916,-0.18240727005194868,0.08538270031848727,0.03259873318937523,1.0,,,-0.32577015948669175,-0.326828176140617,0.22980360640715558,0.13591444188977952,1.0,,,,,P2_N30_biweekly_B2_C_EW,P2,30,biweekly,2.0,current_classification_constrained,equal,E2,evaluation,2010-01-01,2021-12-31,2022
2023-01-03,2023-12-29,250,0.1760214864009053,0.1760214864009053,0.17754789002910565,,not_applicable_no_external_contributions,0.13079190767637883,-0.09838430479378601,62,1.3151169684339403,0.08811002115650461,2.765371959376708,30.0,0.0,0.033363360980205314,0.1729033869814146,0.9361645949994478,0.26175777831245095,0.2641068904875523,-0.08655900045844667,0.0013589038601322656,0.0,,,0.5485557706092534,0.5539830080583357,-0.37643511802923,0.009415084528079154,0.0,,,,,P2_N30_biweekly_B2_C_EW,P2,30,biweekly,2.0,current_classification_constrained,equal,E3,evaluation,2010-01-01,2022-12-31,2023
2024-01-02,2024-12-31,252,0.3148985813558305,0.3148985813558305,0.3148985813558305,,not_applicable_no_external_contributions,0.1353112655397114,-0.09312731324912749,47,2.091630481923447,0.08692516120227711,2.2695782831135847,30.0,0.0,0.033381828200872696,0.17478907243946104,0.751967069175696,0.24886449847111503,0.24886449847111503,0.06603408288471546,-0.009071114585359474,1.0,,,0.2557827307615481,0.2557827307615481,0.05911585059428237,0.042450138065709964,1.0,,,,,P2_N30_biweekly_B2_C_EW,P2,30,biweekly,2.0,current_classification_constrained,equal,E4,evaluation,2010-01-01,2023-12-31,2024
2025-01-02,2025-12-31,250,0.2788958166698845,0.2788958166698845,0.28141513174549715,,not_applicable_no_external_contributions,0.1873907629462855,-0.1609615698274104,56,1.4165070576908854,0.12240993425757152,2.45106454561568,30.0,0.0,0.03338985312698401,0.17541482504526443,0.868912369451978,0.1771908045051671,0.17872809721523475,0.1026870345302624,0.026590775066863137,1.0,,,0.2077254840592302,0.20955041897086812,0.07186471277462902,0.06672147817814877,1.0,,,,,P2_N30_biweekly_B2_C_EW,P2,30,biweekly,2.0,current_classification_constrained,equal,E5,evaluation,2010-01-01,2024-12-31,2025
2021-01-04,2021-12-31,252,0.27158390960321,0.27158390960321,0.27158390960321,,not_applicable_no_external_contributions,0.17280967615412313,-0.10173967067746481,36,1.4771455105976132,0.11717047511214529,2.8576322947042185,30.0,0.0,0.03337317643938446,0.17432025781089605,0.7555219734384939,0.28728769487345307,0.28728769487345307,-0.015703785270243076,-0.050598222653963854,0.0,,,0.2741976405176627,0.2741976405176627,-0.0026137309144527165,0.00677570329856958,0.0,,,,,P2_N30_biweekly_B2_U_EW,P2,30,biweekly,2.0,unconstrained,equal,E1,evaluation,2010-01-01,2020-12-31,2021
2022-01-03,2022-12-30,251,-0.11629740569152902,-0.11629740569152902,-0.11673258260635622,,not_applicable_no_external_contributions,0.22532865329353266,-0.23141488965403934,250,-0.4382510221270393,0.1657332763396351,2.462081608361404,30.0,0.0,0.033380450800457116,0.1744723407222584,1.0,-0.18175361295122916,-0.18240727005194868,0.06567468744559246,0.013549048955369902,1.0,,,-0.32577015948669175,-0.326828176140617,0.21009559353426077,0.1168647576557742,1.0,,,,,P2_N30_biweekly_B2_U_EW,P2,30,biweekly,2.0,unconstrained,equal,E2,evaluation,2010-01-01,2021-12-31,2022
2023-01-03,2023-12-29,250,0.20262835497053744,0.20262835497053744,0.2044048362001909,,not_applicable_no_external_contributions,0.13548870073150607,-0.09442022073179535,72,1.440681754737094,0.09065254862997019,2.616629456306361,30.0,0.0,0.03336307741179448,0.1729497530177425,0.9166338317712028,0.26175777831245095,0.2641068904875523,-0.05970205428736142,0.005322987922122935,0.0,,,0.5485557706092534,0.5539830080583357,-0.34957817185814477,0.013379168590069823,0.0,,,,,P2_N30_biweekly_B2_U_EW,P2,30,biweekly,2.0,unconstrained,equal,E3,evaluation,2010-01-01,2022-12-31,2023
2024-01-02,2024-12-31,252,0.34708210794571026,0.34708210794571026,0.34708210794571026,,not_applicable_no_external_contributions,0.18302856848103763,-0.12002872618809901,49,1.7200064481265158,0.12292999122927907,2.125834345079352,30.0,0.0,0.03338520064042422,0.1751234551418269,0.7604968339413964,0.24886449847111503,0.24886449847111503,0.09821760947459524,-0.035972527524331,1.0,,,0.2557827307615481,0.2557827307615481,0.09129937718416214,0.015548725126738439,1.0,,,,,P2_N30_biweekly_B2_U_EW,P2,30,biweekly,2.0,unconstrained,equal,E4,evaluation,2010-01-01,2023-12-31,2024
2025-01-02,2025-12-31,250,0.2626046444239858,0.2626046444239858,0.26496212311315936,,not_applicable_no_external_contributions,0.198915741302302,-0.17511453897230667,58,1.2804150130900545,0.13108314520200257,2.46537119785098,30.0,0.0,0.03339060641939919,0.17554775357440666,0.8905605206279312,0.1771908045051671,0.17872809721523475,0.08623402589792462,0.01243780592196686,1.0,,,0.2077254840592302,0.20955041897086812,0.05541170414229124,0.0525685090332525,1.0,,,,,P2_N30_biweekly_B2_U_EW,P2,30,biweekly,2.0,unconstrained,equal,E5,evaluation,2010-01-01,2024-12-31,2025
2021-01-04,2021-12-31,252,0.190127372660837,0.190127372660837,0.190127372660837,,not_applicable_no_external_contributions,0.15753124703873803,-0.06340695599339341,36,1.1838890036910479,0.10928049713206499,8.5773016511219,30.0,0.0,0.033333333333333326,0.16666666666666663,0.7772713016680803,0.28728769487345307,0.28728769487345307,-0.09716032221261606,-0.012265507969892453,0.0,,,0.2741976405176627,0.2741976405176627,-0.0840702678568257,0.04510841798264098,0.0,,,,,P2_N30_daily_B1.5_C_EW,P2,30,daily,1.5,current_classification_constrained,equal,E1,evaluation,2010-01-01,2020-12-31,2021
2022-01-03,2022-12-30,251,-0.09616639670201477,-0.09616639670201477,-0.09653041349065039,,not_applicable_no_external_contributions,0.2003305514932845,-0.19901303678606475,250,-0.4067318416717605,0.14603656057557088,6.782259253039935,30.0,0.0,0.033333333333333326,0.16666666666666666,1.0,-0.18175361295122916,-0.18240727005194868,0.08587685656129829,0.04595090182334449,1.0,,,-0.32577015948669175,-0.326828176140617,0.2302977626499666,0.1492666105237488,1.0,,,,,P2_N30_daily_B1.5_C_EW,P2,30,daily,1.5,current_classification_constrained,equal,E2,evaluation,2010-01-01,2021-12-31,2022
2023-01-03,2023-12-29,250,0.1726895763593994,0.1726895763593994,0.1741850036430228,,not_applicable_no_external_contributions,0.12918263634024016,-0.10005655338013275,89,1.3077435616765887,0.08722772314172249,7.980509447287496,30.0,0.0,0.033333333333333326,0.16666666666666663,0.8894743615160997,0.26175777831245095,0.2641068904875523,-0.08992188684452951,-0.0003133447262144706,0.0,,,0.5485557706092534,0.5539830080583357,-0.37979800441531286,0.007742835941732418,0.0,,,,,P2_N30_daily_B1.5_C_EW,P2,30,daily,1.5,current_classification_constrained,equal,E3,evaluation,2010-01-01,2022-12-31,2023
2024-01-02,2024-12-31,252,0.2565495579770056,0.2565495579770056,0.2565495579770056,,not_applicable_no_external_contributions,0.1393460789867921,-0.08792921690726296,50,1.7089961030784733,0.09167996836326985,7.187013124345663,30.0,0.0,0.033333333333333326,0.16666666666666663,0.8167547357620465,0.24886449847111503,0.24886449847111503,0.007685059505890601,-0.0038730182434949523,1.0,,,0.2557827307615481,0.2557827307615481,0.0007668272154575106,0.047648234407574486,1.0,,,,,P2_N30_daily_B1.5_C_EW,P2,30,daily,1.5,current_classification_constrained,equal,E4,evaluation,2010-01-01,2023-12-31,2024
2025-01-02,2025-12-31,250,0.22842376377332263,0.22842376377332263,0.23044723568132364,,not_applicable_no_external_contributions,0.1851478762987705,-0.16953996998183096,70,1.2122612839945879,0.12514768452195352,6.596037326417413,30.0,0.0,0.033333333333333326,0.16666666666666663,0.8357933771885127,0.1771908045051671,0.17872809721523475,0.05171913846608889,0.018012374912442564,1.0,,,0.2077254840592302,0.20955041897086812,0.020896816710455512,0.0581430780237282,1.0,,,,,P2_N30_daily_B1.5_C_EW,P2,30,daily,1.5,current_classification_constrained,equal,E5,evaluation,2010-01-01,2024-12-31,2025
2021-01-04,2021-12-31,252,0.27613727418657086,0.27613727418657086,0.27613727418657086,,not_applicable_no_external_contributions,0.17475263796190868,-0.07655920257171256,33,1.4830848425348124,0.11727894012756195,6.706709203098557,30.0,0.0,0.033333333333333326,0.16666666666666663,0.7079377566372893,0.28728769487345307,0.28728769487345307,-0.011150420686882212,-0.025417754548211602,0.0,,,0.2741976405176627,0.2741976405176627,0.0019396336689081473,0.03195617140432183,1.0,,,,,P2_N30_daily_B1.5_U_EW,P2,30,daily,1.5,unconstrained,equal,E1,evaluation,2010-01-01,2020-12-31,2021
2022-01-03,2022-12-30,251,-0.09413507139049315,-0.09413507139049315,-0.0944918075003448,,not_applicable_no_external_contributions,0.20216640732344215,-0.21198283932594564,250,-0.3900119565867156,0.14889621720020205,6.150803827753983,30.0,0.0,0.033333333333333326,0.16666666666666666,1.0,-0.18175361295122916,-0.18240727005194868,0.08791546255160387,0.0329810992834636,1.0,,,-0.32577015948669175,-0.326828176140617,0.23233636864027218,0.1362968079838679,1.0,,,,,P2_N30_daily_B1.5_U_EW,P2,30,daily,1.5,unconstrained,equal,E2,evaluation,2010-01-01,2021-12-31,2022
2023-01-03,2023-12-29,250,0.24686024687875197,0.24686024687875197,0.24906293434530435,,not_applicable_no_external_contributions,0.1490341731911231,-0.11233664369367624,89,1.567148590615243,0.1006172099571339,5.892159722301995,30.0,0.0,0.033333333333333326,0.16666666666666663,0.8916274205737738,0.26175777831245095,0.2641068904875523,-0.01504395614224796,-0.01259343503975796,0.0,,,0.5485557706092534,0.5539830080583357,-0.3049200737130313,-0.0045372543718110725,0.0,,,,,P2_N30_daily_B1.5_U_EW,P2,30,daily,1.5,unconstrained,equal,E3,evaluation,2010-01-01,2022-12-31,2023
2024-01-02,2024-12-31,252,0.3241592319758897,0.3241592319758897,0.3241592319758897,,not_applicable_no_external_contributions,0.17021053433825115,-0.10840713702324656,53,1.7352511585623218,0.11239985897000876,5.917856353618731,30.0,0.0,0.033333333333333326,0.16666666666666663,0.7779466488850988,0.24886449847111503,0.24886449847111503,0.07529473350477467,-0.024350938359478547,1.0,,,0.2557827307615481,0.2557827307615481,0.06837650121434158,0.02717031429159089,1.0,,,,,P2_N30_daily_B1.5_U_EW,P2,30,daily,1.5,unconstrained,equal,E4,evaluation,2010-01-01,2023-12-31,2024
2025-01-02,2025-12-31,250,0.28468390974975755,0.28468390974975755,0.28726112850586727,,not_applicable_no_external_contributions,0.19977286276455217,-0.17596564906471635,71,1.3637468470200236,0.13590594940816225,6.21238655706756,30.0,0.0,0.033333333333333326,0.16666666666666663,0.7995918113854967,0.1771908045051671,0.17872809721523475,0.10853303129063252,0.011586695829557181,1.0,,,0.2077254840592302,0.20955041897086812,0.07771070953499915,0.05171739894084282,1.0,,,,,P2_N30_daily_B1.5_U_EW,P2,30,daily,1.5,unconstrained,equal,E5,evaluation,2010-01-01,2024-12-31,2025
2021-01-04,2021-12-31,252,0.18209750924421275,0.18209750924421275,0.18209750924421275,,not_applicable_no_external_contributions,0.1572992296060266,-0.06437289307938254,33,1.1423141387897948,0.1091776051589842,25.930098500283798,30.0,0.0,0.033333333333333326,0.16666666666666663,0.745842550406418,0.28728769487345307,0.28728769487345307,-0.10519018562924032,-0.013231445055881585,0.0,,,0.2741976405176627,0.2741976405176627,-0.09210013127344996,0.04414248089665185,0.0,,,,,P2_N30_daily_B1_C_EW,P2,30,daily,1.0,current_classification_constrained,equal,E1,evaluation,2010-01-01,2020-12-31,2021
2022-01-03,2022-12-30,251,-0.09316296598217666,-0.09316296598217666,-0.09351621142460642,,not_applicable_no_external_contributions,0.1921906765728547,-0.19066432158499536,250,-0.4149610376087639,0.139412114709177,23.717953339175637,30.0,0.0,0.033333333333333326,0.16666666666666666,1.0,-0.18175361295122916,-0.18240727005194868,0.08889105862734226,0.05429961702441388,1.0,,,-0.32577015948669175,-0.326828176140617,0.23331196471601057,0.15761532572481818,1.0,,,,,P2_N30_daily_B1_C_EW,P2,30,daily,1.0,current_classification_constrained,equal,E2,evaluation,2010-01-01,2021-12-31,2022
2023-01-03,2023-12-29,250,0.1739434799717745,0.1739434799717745,0.17545055567944856,,not_applicable_no_external_contributions,0.135327109841641,-0.10051818197742379,85,1.262310110191548,0.09179857425222125,24.089809544777555,30.0,0.0,0.033333333333333326,0.16666666666666663,0.9088585250981527,0.26175777831245095,0.2641068904875523,-0.08865633480810375,-0.0007749733235055123,0.0,,,0.5485557706092534,0.5539830080583357,-0.3785324523788871,0.007281207344441376,0.0,,,,,P2_N30_daily_B1_C_EW,P2,30,daily,1.0,current_classification_constrained,equal,E3,evaluation,2010-01-01,2022-12-31,2023
2024-01-02,2024-12-31,252,0.2826514629283141,0.2826514629283141,0.2826514629283141,,not_applicable_no_external_contributions,0.14361126378846611,-0.09147824143988914,47,1.8056733050162623,0.09269794593412779,21.98313495799924,30.0,0.0,0.033333333333333326,0.16666666666666663,0.7440305194583628,0.24886449847111503,0.24886449847111503,0.03378696445719909,-0.007422042776121129,1.0,,,0.2557827307615481,0.2557827307615481,0.026868732166765996,0.04409920987494831,1.0,,,,,P2_N30_daily_B1_C_EW,P2,30,daily,1.0,current_classification_constrained,equal,E4,evaluation,2010-01-01,2023-12-31,2024
2025-01-02,2025-12-31,250,0.23378105441963792,0.23378105441963792,0.23585637405415816,,not_applicable_no_external_contributions,0.18117945062297766,-0.17556417994301154,71,1.2592766814490142,0.12341579690523573,20.604284443238974,30.0,0.0,0.033333333333333326,0.16666666666666663,0.846286379213104,0.1771908045051671,0.17872809721523475,0.05712827683892341,0.011988164951261981,1.0,,,0.2077254840592302,0.20955041897086812,0.026305955083290034,0.05211886806254762,1.0,,,,,P2_N30_daily_B1_C_EW,P2,30,daily,1.0,current_classification_constrained,equal,E5,evaluation,2010-01-01,2024-12-31,2025
2021-01-04,2021-12-31,252,0.24221024575797379,0.24221024575797379,0.24221024575797379,,not_applicable_no_external_contributions,0.17348087634542864,-0.0672471742679579,33,1.337294826084961,0.11922162244717667,28.83659177763538,30.0,0.0,0.033333333333333326,0.16666666666666663,0.7444664948206202,0.28728769487345307,0.28728769487345307,-0.045077449115479284,-0.01610572624445694,0.0,,,0.2741976405176627,0.2741976405176627,-0.031987394759688925,0.04126819970807649,0.0,,,,,P2_N30_daily_B1_U_EW,P2,30,daily,1.0,unconstrained,equal,E1,evaluation,2010-01-01,2020-12-31,2021
2022-01-03,2022-12-30,251,-0.08650276244306276,-0.08650276244306276,-0.08683198038002149,,not_applicable_no_external_contributions,0.19070974895943485,-0.19483175399801012,250,-0.38113954622726726,0.13915610873487957,25.410672149289706,30.0,0.0,0.033333333333333326,0.16666666666666666,1.0,-0.18175361295122916,-0.18240727005194868,0.09557528967192719,0.05013218461139912,1.0,,,-0.32577015948669175,-0.326828176140617,0.2399961957605955,0.15344789331180342,1.0,,,,,P2_N30_daily_B1_U_EW,P2,30,daily,1.0,unconstrained,equal,E2,evaluation,2010-01-01,2021-12-31,2022
2023-01-03,2023-12-29,250,0.24260340981080475,0.24260340981080475,0.24476452111304203,,not_applicable_no_external_contributions,0.15447973251901084,-0.10369713033669425,90,1.4949256590849618,0.1050887466392505,27.494200660479436,30.0,0.0,0.033333333333333326,0.16666666666666663,0.8901654961417462,0.26175777831245095,0.2641068904875523,-0.019342369374510282,-0.003953921682775974,0.0,,,0.5485557706092534,0.5539830080583357,-0.30921848694529364,0.004102258985170915,0.0,,,,,P2_N30_daily_B1_U_EW,P2,30,daily,1.0,unconstrained,equal,E3,evaluation,2010-01-01,2022-12-31,2023
2024-01-02,2024-12-31,252,0.3103709121975957,0.3103709121975957,0.3103709121975957,,not_applicable_no_external_contributions,0.17024338955029214,-0.11458724537606568,50,1.6734013157885617,0.1125507419388147,22.67008629409942,30.0,0.0,0.033333333333333326,0.16666666666666663,0.741358574104748,0.24886449847111503,0.24886449847111503,0.06150641372648069,-0.03053104671229767,1.0,,,0.2557827307615481,0.2557827307615481,0.0545881814360476,0.020990205938771767,1.0,,,,,P2_N30_daily_B1_U_EW,P2,30,daily,1.0,unconstrained,equal,E4,evaluation,2010-01-01,2023-12-31,2024
2025-01-02,2025-12-31,250,0.3046452081334843,0.3046452081334843,0.3074237288894279,,not_applicable_no_external_contributions,0.19315225552007456,-0.17800770631321094,72,1.4845644965396017,0.131868998676013,20.50410122719998,30.0,0.0,0.033333333333333326,0.16666666666666663,0.8006020945124168,0.1771908045051671,0.17872809721523475,0.12869563167419318,0.009544638581062581,1.0,,,0.2077254840592302,0.20955041897086812,0.0978733099185598,0.04967534169234822,1.0,,,,,P2_N30_daily_B1_U_EW,P2,30,daily,1.0,unconstrained,equal,E5,evaluation,2010-01-01,2024-12-31,2025
2021-01-04,2021-12-31,252,0.292999939095431,0.292999939095431,0.292999939095431,,not_applicable_no_external_contributions,0.15777051177331525,-0.07327806897100642,33,1.7082103555059522,0.106002904645708,5.035076057645618,30.0,0.0,0.033333333333333326,0.16666666666666663,0.7420256407129334,0.28728769487345307,0.28728769487345307,0.0057122442219779135,-0.02213662094750546,1.0,,,0.2741976405176627,0.2741976405176627,0.018802298577768273,0.035237305005027975,1.0,,,,,P2_N30_daily_B2_C_EW,P2,30,daily,2.0,current_classification_constrained,equal,E1,evaluation,2010-01-01,2020-12-31,2021
2022-01-03,2022-12-30,251,-0.08149107272281864,-0.08149107272281864,-0.08180208227148966,,not_applicable_no_external_contributions,0.21346999000109784,-0.195162159441865,249,-0.2931932864994567,0.15588580288270656,4.288418594010274,30.0,0.0,0.033333333333333326,0.16666666666666666,1.0,-0.18175361295122916,-0.18240727005194868,0.10060518778045902,0.04980177916754425,1.0,,,-0.32577015948669175,-0.326828176140617,0.24502609386912733,0.15311748786794854,1.0,,,,,P2_N30_daily_B2_C_EW,P2,30,daily,2.0,current_classification_constrained,equal,E2,evaluation,2010-01-01,2021-12-31,2022
2023-01-03,2023-12-29,250,0.21620876302492076,0.21620876302492076,0.2181147254507496,,not_applicable_no_external_contributions,0.12746797957699604,-0.09692795447506597,60,1.6119701626850023,0.08482704861969408,4.682639585693945,30.0,0.0,0.033333333333333326,0.16666666666666663,0.8519591803690013,0.26175777831245095,0.2641068904875523,-0.0459921650368027,0.002815254178852311,0.0,,,0.5485557706092534,0.5539830080583357,-0.33586828260758606,0.0108714348467992,0.0,,,,,P2_N30_daily_B2_C_EW,P2,30,daily,2.0,current_classification_constrained,equal,E3,evaluation,2010-01-01,2022-12-31,2023
2024-01-02,2024-12-31,252,0.24296485633831866,0.24296485633831866,0.24296485633831866,,not_applicable_no_external_contributions,0.14234499460934455,-0.10794098051944934,48,1.5995164561750848,0.09432778808701392,4.635198543033948,30.0,0.0,0.033333333333333326,0.16666666666666663,0.7490583728482691,0.24886449847111503,0.24886449847111503,-0.005899642132796368,-0.023884781855681325,0.0,,,0.2557827307615481,0.2557827307615481,-0.012817874423229458,0.027636470795388113,0.0,,,,,P2_N30_daily_B2_C_EW,P2,30,daily,2.0,current_classification_constrained,equal,E4,evaluation,2010-01-01,2023-12-31,2024
2025-01-02,2025-12-31,250,0.23505312829313874,0.23505312829313874,0.2371407866630344,,not_applicable_no_external_contributions,0.17636685642517147,-0.1562194571274581,59,1.2943448011366585,0.11677135336781835,4.724773248344908,30.0,0.0,0.033333333333333326,0.16666666666666663,0.890047279350031,0.1771908045051671,0.17872809721523475,0.05841268944779965,0.03133288776681542,1.0,,,0.2077254840592302,0.20955041897086812,0.027590367692166273,0.07146359087810106,1.0,,,,,P2_N30_daily_B2_C_EW,P2,30,daily,2.0,current_classification_constrained,equal,E5,evaluation,2010-01-01,2024-12-31,2025
2021-01-04,2021-12-31,252,0.2524700518263927,0.2524700518263927,0.2524700518263927,,not_applicable_no_external_contributions,0.17851169975435932,-0.10295787352179497,36,1.3506524612930642,0.12196114193026693,4.975668203939062,30.0,0.0,0.033333333333333326,0.16666666666666663,0.7684485682239833,0.28728769487345307,0.28728769487345307,-0.034817643047060365,-0.051816425498294016,0.0,,,0.2741976405176627,0.2741976405176627,-0.021727588691270006,0.005557500454239417,0.0,,,,,P2_N30_daily_B2_U_EW,P2,30,daily,2.0,unconstrained,equal,E1,evaluation,2010-01-01,2020-12-31,2021
2022-01-03,2022-12-30,251,-0.09724688106040258,-0.09724688106040258,-0.09761476308816563,,not_applicable_no_external_contributions,0.21971791491370662,-0.21879830961814994,249,-0.35770888646607385,0.1614078048249935,4.555955245527676,30.0,0.0,0.033333333333333326,0.16666666666666666,1.0,-0.18175361295122916,-0.18240727005194868,0.08479250696378304,0.026165628991259293,1.0,,,-0.32577015948669175,-0.326828176140617,0.22921341305245135,0.1294813376916636,1.0,,,,,P2_N30_daily_B2_U_EW,P2,30,daily,2.0,unconstrained,equal,E2,evaluation,2010-01-01,2021-12-31,2022
2023-01-03,2023-12-29,250,0.24529830608162473,0.24529830608162473,0.24748572454899254,,not_applicable_no_external_contributions,0.1374550394331028,-0.0968612016611824,77,1.6779080123494938,0.091133751705587,4.4853475477771845,30.0,0.0,0.033333333333333326,0.16666666666666663,0.8396457572677145,0.26175777831245095,0.2641068904875523,-0.01662116593855978,0.002882006992735886,0.0,,,0.5485557706092534,0.5539830080583357,-0.30649728350934313,0.010938187660682774,0.0,,,,,P2_N30_daily_B2_U_EW,P2,30,daily,2.0,unconstrained,equal,E3,evaluation,2010-01-01,2022-12-31,2023
2024-01-02,2024-12-31,252,0.3471206662863102,0.3471206662863102,0.3471206662863102,,not_applicable_no_external_contributions,0.17955468879751801,-0.11802272055518714,46,1.7499192657567229,0.11965923811086263,4.459769066034802,30.0,0.0,0.033333333333333326,0.16666666666666663,0.7646897885270081,0.24886449847111503,0.24886449847111503,0.0982561678151952,-0.03396652189141913,1.0,,,0.2557827307615481,0.2557827307615481,0.0913379355247621,0.017554730759650305,1.0,,,,,P2_N30_daily_B2_U_EW,P2,30,daily,2.0,unconstrained,equal,E4,evaluation,2010-01-01,2023-12-31,2024
2025-01-02,2025-12-31,250,0.23356279313350292,0.23356279313350292,0.2356359967634647,,not_applicable_no_external_contributions,0.18384405748511287,-0.15694292008251154,59,1.2424132548645885,0.12314584416640105,4.733270462807541,30.0,0.0,0.033333333333333326,0.16666666666666663,0.8682394715125713,0.1771908045051671,0.17872809721523475,0.056907899548229945,0.030609424811761987,1.0,,,0.2077254840592302,0.20955041897086812,0.02608557779259657,0.07074012792304762,1.0,,,,,P2_N30_daily_B2_U_EW,P2,30,daily,2.0,unconstrained,equal,E5,evaluation,2010-01-01,2024-12-31,2025
2021-01-04,2021-12-31,252,0.2795631444386959,0.2795631444386959,0.2795631444386959,,not_applicable_no_external_contributions,0.1566354762150102,-0.06669000988953888,33,1.6527312930150746,0.10653684000026628,3.720573072256434,30.0,0.0,0.03342178490688443,0.17874862219600884,0.7402563370413073,0.28728769487345307,0.28728769487345307,-0.007724550434757171,-0.015548561866037924,0.0,,,0.2741976405176627,0.2741976405176627,0.005365503921033188,0.04182536408649551,1.0,,,,,P2_N30_monthly_B1.5_C_EW,P2,30,monthly,1.5,current_classification_constrained,equal,E1,evaluation,2010-01-01,2020-12-31,2021
2022-01-03,2022-12-30,251,-0.07367852026847932,-0.07367852026847932,-0.07396092751869943,,not_applicable_no_external_contributions,0.2005929656203999,-0.19397681519523657,250,-0.2829083845462717,0.14672767245316923,2.938090029570338,30.0,0.0,0.03342170374831655,0.17757638678403648,1.0,-0.18175361295122916,-0.18240727005194868,0.10844634253324925,0.050987123414172664,1.0,,,-0.32577015948669175,-0.326828176140617,0.25286724862191756,0.15430283211457696,1.0,,,,,P2_N30_monthly_B1.5_C_EW,P2,30,monthly,1.5,current_classification_constrained,equal,E2,evaluation,2010-01-01,2021-12-31,2022
2023-01-03,2023-12-29,250,0.16387988847695323,0.16387988847695323,0.16529378201925926,,not_applicable_no_external_contributions,0.1324456000121742,-0.10736460748178445,90,1.221301762605546,0.0894888578023322,3.3911544224587336,30.0,0.0,0.03340157380287498,0.17681449764970228,0.8892169361827693,0.26175777831245095,0.2641068904875523,-0.09881310846829305,-0.007621398827866166,0.0,,,0.5485557706092534,0.5539830080583357,-0.3886892260390764,0.0004347818400807224,0.0,,,,,P2_N30_monthly_B1.5_C_EW,P2,30,monthly,1.5,current_classification_constrained,equal,E3,evaluation,2010-01-01,2022-12-31,2023
2024-01-02,2024-12-31,252,0.2952323075184209,0.2952323075184209,0.2952323075184209,,not_applicable_no_external_contributions,0.139725541180428,-0.09256340918002637,33,1.9219336087324255,0.09097535287593082,3.215703386533609,30.0,0.0,0.0334445715719285,0.18022282737677217,0.7582131332319935,0.24886449847111503,0.24886449847111503,0.046367809047305864,-0.008507210516258357,1.0,,,0.2557827307615481,0.2557827307615481,0.03944957675687277,0.04301404213481108,1.0,,,,,P2_N30_monthly_B1.5_C_EW,P2,30,monthly,1.5,current_classification_constrained,equal,E4,evaluation,2010-01-01,2023-12-31,2024
2025-01-02,2025-12-31,250,0.24257272145159225,0.24257272145159225,0.24473353345044813,,not_applicable_no_external_contributions,0.1843705159924369,-0.16463041603867512,60,1.2792301690053591,0.12350689121069365,2.891241023808622,30.0,0.0,0.03344614116382509,0.18045920210684271,0.7961077591924911,0.1771908045051671,0.17872809721523475,0.06600543623521338,0.022921928855598406,1.0,,,0.2077254840592302,0.20955041897086812,0.03518311447958,0.06305263196688404,1.0,,,,,P2_N30_monthly_B1.5_C_EW,P2,30,monthly,1.5,current_classification_constrained,equal,E5,evaluation,2010-01-01,2024-12-31,2025
2021-01-04,2021-12-31,252,0.23347157610296665,0.23347157610296665,0.23347157610296665,,not_applicable_no_external_contributions,0.1771362618145233,-0.09625376837825717,37,1.2734015293418142,0.12084460132240564,3.2600472571665855,30.0,0.0,0.033425556811070296,0.1790754626208417,0.7925493731169581,0.28728769487345307,0.28728769487345307,-0.05381611877048642,-0.04511232035475621,0.0,,,0.2741976405176627,0.2741976405176627,-0.04072606441469606,0.012261605597777225,0.0,,,,,P2_N30_monthly_B1.5_U_EW,P2,30,monthly,1.5,unconstrained,equal,E1,evaluation,2010-01-01,2020-12-31,2021
2022-01-03,2022-12-30,251,-0.08838251208531478,-0.08838251208531478,-0.08871853117872197,,not_applicable_no_external_contributions,0.2040148237099824,-0.19659607489882125,250,-0.35348060341309423,0.15017036500181988,2.807792331549742,30.0,0.0,0.0334222143934888,0.1776696350430847,1.0,-0.18175361295122916,-0.18240727005194868,0.0936887388732267,0.04836786371058799,1.0,,,-0.32577015948669175,-0.326828176140617,0.23810964496189502,0.15168357241099228,1.0,,,,,P2_N30_monthly_B1.5_U_EW,P2,30,monthly,1.5,unconstrained,equal,E2,evaluation,2010-01-01,2021-12-31,2022
2023-01-03,2023-12-29,250,0.21867847977741928,0.21867847977741928,0.22060812151733034,,not_applicable_no_external_contributions,0.14472746534285483,-0.1079177180017662,90,1.4500463618210628,0.0975306089893552,3.1971777693243952,30.0,0.0,0.033411435847120814,0.1776951700844773,0.8908720942153662,0.26175777831245095,0.2641068904875523,-0.04349876897022198,-0.008174509347847914,0.0,,,0.5485557706092534,0.5539830080583357,-0.33337488654100533,-0.00011832867990102525,0.0,,,,,P2_N30_monthly_B1.5_U_EW,P2,30,monthly,1.5,unconstrained,equal,E3,evaluation,2010-01-01,2022-12-31,2023
2024-01-02,2024-12-31,252,0.2974274909490475,0.2974274909490475,0.2974274909490475,,not_applicable_no_external_contributions,0.1729212982418283,-0.12003067099770792,51,1.5927150505242478,0.11600237973972317,2.8148107161191405,30.0,0.0,0.03346710553733962,0.18157913649888316,0.7884997395543865,0.24886449847111503,0.24886449847111503,0.0485629924779325,-0.03597447233393991,1.0,,,0.2557827307615481,0.2557827307615481,0.04164476018749941,0.015546780317129527,1.0,,,,,P2_N30_monthly_B1.5_U_EW,P2,30,monthly,1.5,unconstrained,equal,E4,evaluation,2010-01-01,2023-12-31,2024
2025-01-02,2025-12-31,250,0.22692184435456353,0.22692184435456353,0.22893081455789677,,not_applicable_no_external_contributions,0.19460109602487735,-0.16721110641934467,61,1.1561681606188505,0.1315752970160695,2.760674893918926,30.0,0.0,0.03345819579344055,0.18097029453542915,0.7693591210804555,0.1771908045051671,0.17872809721523475,0.05020271734266202,0.020341238474928858,1.0,,,0.2077254840592302,0.20955041897086812,0.019380395587028643,0.060471941586214495,1.0,,,,,P2_N30_monthly_B1.5_U_EW,P2,30,monthly,1.5,unconstrained,equal,E5,evaluation,2010-01-01,2024-12-31,2025
2021-01-04,2021-12-31,252,0.19287303682026424,0.19287303682026424,0.19287303682026424,,not_applicable_no_external_contributions,0.1530631894618646,-0.06210851120862626,34,1.2290017206054293,0.10608755942917408,6.122476672929155,30.0,0.0,0.033417702911500397,0.1781663378803036,0.8029065070781639,0.28728769487345307,0.28728769487345307,-0.09441465805318883,-0.010967063185125303,0.0,,,0.2741976405176627,0.2741976405176627,-0.08132460369739847,0.04640686276740813,0.0,,,,,P2_N30_monthly_B1_C_EW,P2,30,monthly,1.0,current_classification_constrained,equal,E1,evaluation,2010-01-01,2020-12-31,2021
2022-01-03,2022-12-30,251,-0.08246041315425479,-0.08246041315425479,-0.08277495304214899,,not_applicable_no_external_contributions,0.19265302898243064,-0.19575570340303838,250,-0.3523189672029704,0.14056720735990122,4.505413551328087,30.0,0.0,0.0334226996346374,0.1773776723834696,1.0,-0.18175361295122916,-0.18240727005194868,0.09963231700979969,0.049208235206370854,1.0,,,-0.32577015948669175,-0.326828176140617,0.244053223098468,0.15252394390677515,1.0,,,,,P2_N30_monthly_B1_C_EW,P2,30,monthly,1.0,current_classification_constrained,equal,E2,evaluation,2010-01-01,2021-12-31,2022
2023-01-03,2023-12-29,250,0.22212316441614344,0.22212316441614344,0.2240859008257674,,not_applicable_no_external_contributions,0.1337917206499327,-0.10288436030595471,75,1.5784304890123109,0.08677020309498337,5.111100718657629,30.0,0.0,0.033413793729215296,0.17799272153400447,0.8608620890098978,0.26175777831245095,0.2641068904875523,-0.04002098966178491,-0.0031411516520364335,0.0,,,0.5485557706092534,0.5539830080583357,-0.32989710723256827,0.004915029015910455,0.0,,,,,P2_N30_monthly_B1_C_EW,P2,30,monthly,1.0,current_classification_constrained,equal,E3,evaluation,2010-01-01,2022-12-31,2023
2024-01-02,2024-12-31,252,0.28008679855151297,0.28008679855151297,0.28008679855151297,,not_applicable_no_external_contributions,0.1405815006595276,-0.08282310089862388,50,1.8273066844112578,0.09104523540767138,4.806435635299536,30.0,0.0,0.03345671395564308,0.18101861095929503,0.785859679082577,0.24886449847111503,0.24886449847111503,0.031222300080397947,0.001233097765144131,1.0,,,0.2557827307615481,0.2557827307615481,0.024304067789964856,0.05275435041621357,1.0,,,,,P2_N30_monthly_B1_C_EW,P2,30,monthly,1.0,current_classification_constrained,equal,E4,evaluation,2010-01-01,2023-12-31,2024
2025-01-02,2025-12-31,250,0.2064966763815701,0.2064966763815701,0.20830991423663048,,not_applicable_no_external_contributions,0.19100738838106723,-0.1863867776275584,88,1.0857324648094298,0.13024613360607218,4.443543732246891,30.0,0.0,0.03344892909859496,0.18079925330814786,0.8349012567809173,0.1771908045051671,0.17872809721523475,0.02958181702139573,0.0011655672667151284,1.0,,,0.2077254840592302,0.20955041897086812,-0.0012405047342376463,0.041296270378000766,0.0,,,,,P2_N30_monthly_B1_C_EW,P2,30,monthly,1.0,current_classification_constrained,equal,E5,evaluation,2010-01-01,2024-12-31,2025
2021-01-04,2021-12-31,252,0.22655244526218032,0.22655244526218032,0.22655244526218032,,not_applicable_no_external_contributions,0.17200154777178261,-0.06740937112301226,37,1.2735126897587095,0.11818590029400552,6.466018259434067,30.0,0.0,0.03342015364691417,0.17849322489214656,0.824580359875786,0.28728769487345307,0.28728769487345307,-0.060735249611272746,-0.016267923099511306,0.0,,,0.2741976405176627,0.2741976405176627,-0.04764519525548239,0.04110600285302213,0.0,,,,,P2_N30_monthly_B1_U_EW,P2,30,monthly,1.0,unconstrained,equal,E1,evaluation,2010-01-01,2020-12-31,2021
2022-01-03,2022-12-30,251,-0.06722046730538855,-0.06722046730538855,-0.0674790321580383,,not_applicable_no_external_contributions,0.1913247037198556,-0.18502470482758748,250,-0.2696717927244817,0.14005278145779237,4.79794139551282,30.0,0.0,0.03341901389827193,0.17734669406304682,1.0,-0.18175361295122916,-0.18240727005194868,0.11492823789391038,0.059939233781821755,1.0,,,-0.32577015948669175,-0.326828176140617,0.2593491439825787,0.16325494248222605,1.0,,,,,P2_N30_monthly_B1_U_EW,P2,30,monthly,1.0,unconstrained,equal,E2,evaluation,2010-01-01,2021-12-31,2022
2023-01-03,2023-12-29,250,0.2570891934864461,0.2570891934864461,0.259392265446301,,not_applicable_no_external_contributions,0.15087050969360796,-0.10799733028888747,85,1.6045021012169156,0.10075979933486154,5.763184058063999,30.0,0.0,0.03341251919292808,0.17770727916478585,0.8855242350051581,0.26175777831245095,0.2641068904875523,-0.004714625041251308,-0.008254121634969191,0.0,,,0.5485557706092534,0.5539830080583357,-0.29459074261203466,-0.00019794096702230313,0.0,,,,,P2_N30_monthly_B1_U_EW,P2,30,monthly,1.0,unconstrained,equal,E3,evaluation,2010-01-01,2022-12-31,2023
2024-01-02,2024-12-31,252,0.28039929969429345,0.28039929969429345,0.28039929969429345,,not_applicable_no_external_contributions,0.17054961833327154,-0.12705352770749,64,1.5349182797166159,0.11373335241788837,5.170526735432353,30.0,0.0,0.033462447011178655,0.18139904707826848,0.7852540458984398,0.24886449847111503,0.24886449847111503,0.03153480122317842,-0.042997329043722,1.0,,,0.2557827307615481,0.2557827307615481,0.02461656893274533,0.008523923607347439,1.0,,,,,P2_N30_monthly_B1_U_EW,P2,30,monthly,1.0,unconstrained,equal,E4,evaluation,2010-01-01,2023-12-31,2024
2025-01-02,2025-12-31,250,0.26281467953283477,0.26281467953283477,0.26517423394947826,,not_applicable_no_external_contributions,0.1995443070334219,-0.18694814248652025,89,1.278316340149644,0.1366027731049974,4.800562216917608,30.0,0.0,0.03345817748294987,0.18145154203234792,0.816426799436421,0.1771908045051671,0.17872809721523475,0.0864461367342435,0.0006042024077532737,1.0,,,0.2077254840592302,0.20955041897086812,0.05562381497861013,0.04073490551903891,1.0,,,,,P2_N30_monthly_B1_U_EW,P2,30,monthly,1.0,unconstrained,equal,E5,evaluation,2010-01-01,2024-12-31,2025
2021-01-04,2021-12-31,252,0.26358230882185363,0.26358230882185363,0.26358230882185363,,not_applicable_no_external_contributions,0.1516372418711508,-0.08333641575755812,39,1.6191479388068524,0.10242424370272414,2.1555365399341655,30.0,0.0,0.033416926208115524,0.17836398210737506,0.7891042254530929,0.28728769487345307,0.28728769487345307,-0.023705386051599442,-0.03219496773405717,0.0,,,0.2741976405176627,0.2741976405176627,-0.010615331695809083,0.025178958218476266,0.0,,,,,P2_N30_monthly_B2_C_EW,P2,30,monthly,2.0,current_classification_constrained,equal,E1,evaluation,2010-01-01,2020-12-31,2021
2022-01-03,2022-12-30,251,-0.09407580909509095,-0.09407580909509095,-0.09443233252332639,,not_applicable_no_external_contributions,0.21902267435502906,-0.206859973596922,250,-0.3435086745859661,0.15982441430395952,1.865190513274273,30.0,0.0,0.03344302215063973,0.1787721208923289,1.0,-0.18175361295122916,-0.18240727005194868,0.08797493752862229,0.03810396501248725,1.0,,,-0.32577015948669175,-0.326828176140617,0.2323958436172906,0.14141967371289155,1.0,,,,,P2_N30_monthly_B2_C_EW,P2,30,monthly,2.0,current_classification_constrained,equal,E2,evaluation,2010-01-01,2021-12-31,2022
2023-01-03,2023-12-29,250,0.1522959883019972,0.1522959883019972,0.15360349278493857,,not_applicable_no_external_contributions,0.12894217234234276,-0.09627340553611308,105,1.1727117473969682,0.08742386321927818,2.131858591980847,30.0,0.0,0.0334081185645019,0.1773948573574264,0.9510166854993417,0.26175777831245095,0.2641068904875523,-0.11050339770261375,0.0034698031178052036,0.0,,,0.5485557706092534,0.5539830080583357,-0.4003795152733971,0.011525983785752092,0.0,,,,,P2_N30_monthly_B2_C_EW,P2,30,monthly,2.0,current_classification_constrained,equal,E3,evaluation,2010-01-01,2022-12-31,2023
2024-01-02,2024-12-31,252,0.3829191031367276,0.3829191031367276,0.3829191031367276,,not_applicable_no_external_contributions,0.1411430539786665,-0.08619754570891558,33,2.3686674501239118,0.09010526050022331,1.7639066883185932,30.0,0.0,0.03346934795709237,0.18199073173772207,0.7377325939219626,0.24886449847111503,0.24886449847111503,0.1340546046656126,-0.002141347045147568,1.0,,,0.2557827307615481,0.2557827307615481,0.1271363723751795,0.04937990560592187,1.0,,,,,P2_N30_monthly_B2_C_EW,P2,30,monthly,2.0,current_classification_constrained,equal,E4,evaluation,2010-01-01,2023-12-31,2024
2025-01-02,2025-12-31,250,0.2579577651802927,0.2579577651802927,0.26026939214932265,,not_applicable_no_external_contributions,0.18869407572759048,-0.1663827639220401,58,1.319844513250941,0.12456978795521675,1.7908616412776601,30.0,0.0,0.03344877499707768,0.1806522090726349,0.8748131181722743,0.1771908045051671,0.17872809721523475,0.0815412949340879,0.021169580972233426,1.0,,,0.2077254840592302,0.20955041897086812,0.05071897317845453,0.06130028408351906,1.0,,,,,P2_N30_monthly_B2_C_EW,P2,30,monthly,2.0,current_classification_constrained,equal,E5,evaluation,2010-01-01,2024-12-31,2025
2021-01-04,2021-12-31,252,0.209793578193622,0.209793578193622,0.209793578193622,,not_applicable_no_external_contributions,0.17632687217047618,-0.10168819450943356,47,1.1684417606055706,0.12166070585020976,2.3060576368040344,30.0,0.0,0.033422960011132125,0.17891991730979392,0.8685730779972043,0.28728769487345307,0.28728769487345307,-0.07749411667983108,-0.0505467464859326,0.0,,,0.2741976405176627,0.2741976405176627,-0.06440406232404072,0.00682717946660083,0.0,,,,,P2_N30_monthly_B2_U_EW,P2,30,monthly,2.0,unconstrained,equal,E1,evaluation,2010-01-01,2020-12-31,2021
2022-01-03,2022-12-30,251,-0.1013667172047168,-0.1013667172047168,-0.10174928971004804,,not_applicable_no_external_contributions,0.22316680502959266,-0.21808524643141436,250,-0.36935560635469517,0.16303005179061086,1.9971327187331138,30.0,0.0,0.03344061778925126,0.17880378800153163,1.0,-0.18175361295122916,-0.18240727005194868,0.08065798034190064,0.02687869217799488,1.0,,,-0.32577015948669175,-0.326828176140617,0.22507888643056895,0.13019440087839917,1.0,,,,,P2_N30_monthly_B2_U_EW,P2,30,monthly,2.0,unconstrained,equal,E2,evaluation,2010-01-01,2021-12-31,2022
2023-01-03,2023-12-29,250,0.18966966106727434,0.18966966106727434,0.19132374332737045,,not_applicable_no_external_contributions,0.1340990686879566,-0.10122206956514579,100,1.372716591865646,0.08969305729703306,1.9445849653893774,30.0,0.0,0.03341404162883926,0.1778179888939611,0.9573887330882306,0.26175777831245095,0.2641068904875523,-0.07278314716018186,-0.0014788609112275086,0.0,,,0.5485557706092534,0.5539830080583357,-0.3626592647309652,0.00657731975671938,0.0,,,,,P2_N30_monthly_B2_U_EW,P2,30,monthly,2.0,unconstrained,equal,E3,evaluation,2010-01-01,2022-12-31,2023
2024-01-02,2024-12-31,252,0.3420550904726265,0.3420550904726265,0.3420550904726265,,not_applicable_no_external_contributions,0.18820902113986482,-0.13017401796341632,52,1.657874155501628,0.12680663371466513,1.725009207948349,30.0,0.0,0.03347081330532151,0.1818594513225455,0.7571169895405306,0.24886449847111503,0.24886449847111503,0.09319059200151147,-0.04611781929964831,1.0,,,0.2557827307615481,0.2557827307615481,0.08627235971107838,0.0054034333514211275,1.0,,,,,P2_N30_monthly_B2_U_EW,P2,30,monthly,2.0,unconstrained,equal,E4,evaluation,2010-01-01,2023-12-31,2024
2025-01-02,2025-12-31,250,0.2609995710591164,0.2609995710591164,0.2633411965109549,,not_applicable_no_external_contributions,0.1923969903803975,-0.1721235029295035,58,1.310635054027802,0.1264728197682049,1.8453548903776489,30.0,0.0,0.03345040201176788,0.1807442496013645,0.8854744165504057,0.1771908045051671,0.17872809721523475,0.08461309929572014,0.015428841964770013,1.0,,,0.2077254840592302,0.20955041897086812,0.053790777540086765,0.05555954507605565,1.0,,,,,P2_N30_monthly_B2_U_EW,P2,30,monthly,2.0,unconstrained,equal,E5,evaluation,2010-01-01,2024-12-31,2025
2021-01-04,2021-12-31,252,0.2355951882581191,0.2355951882581191,0.2355951882581191,,not_applicable_no_external_contributions,0.15801225900191612,-0.06462482477998455,33,1.4182194202613856,0.1087209445151652,5.726291726106539,30.0,0.0,0.0333493288792983,0.17111412824045655,0.7433012634078411,0.28728769487345307,0.28728769487345307,-0.05169250661533398,-0.01348337675648359,0.0,,,0.2741976405176627,0.2741976405176627,-0.03860245225954362,0.043890549196049844,0.0,,,,,P2_N30_weekly_B1.5_C_EW,P2,30,weekly,1.5,current_classification_constrained,equal,E1,evaluation,2010-01-01,2020-12-31,2021
2022-01-03,2022-12-30,251,-0.09767552690049564,-0.09767552690049564,-0.09804494089973914,,not_applicable_no_external_contributions,0.1982460272237761,-0.1959881487752888,250,-0.4215399841225857,0.14476055441337635,4.352489686649515,30.0,0.0,0.03335079200178038,0.17107867609062868,1.0,-0.18175361295122916,-0.18240727005194868,0.08436232915220954,0.04897578983412043,1.0,,,-0.32577015948669175,-0.326828176140617,0.22878323524087785,0.15229149853452473,1.0,,,,,P2_N30_weekly_B1.5_C_EW,P2,30,weekly,1.5,current_classification_constrained,equal,E2,evaluation,2010-01-01,2021-12-31,2022
2023-01-03,2023-12-29,250,0.19203726568874946,0.19203726568874946,0.1937136259816501,,not_applicable_no_external_contributions,0.13239466618655651,-0.11011590911350366,86,1.4038310088240522,0.08838687717518101,5.2181598362955395,30.0,0.0,0.03334729149350186,0.1706711184196128,0.8804962437637426,0.26175777831245095,0.2641068904875523,-0.07039326450590222,-0.010372700459585382,0.0,,,0.5485557706092534,0.5539830080583357,-0.3602693820766856,-0.002316519791638494,0.0,,,,,P2_N30_weekly_B1.5_C_EW,P2,30,weekly,1.5,current_classification_constrained,equal,E3,evaluation,2010-01-01,2022-12-31,2023
2024-01-02,2024-12-31,252,0.2761081471502749,0.2761081471502749,0.2761081471502749,,not_applicable_no_external_contributions,0.14399359425251831,-0.08548047967427319,33,1.7657311015902306,0.09374057642387329,4.926209935756966,30.0,0.0,0.033356666489371065,0.17170806443265582,0.8164917742000722,0.24886449847111503,0.24886449847111503,0.02724364867915985,-0.0014242810105051795,1.0,,,0.2557827307615481,0.2557827307615481,0.020325416388726758,0.05009697164056426,1.0,,,,,P2_N30_weekly_B1.5_C_EW,P2,30,weekly,1.5,current_classification_constrained,equal,E4,evaluation,2010-01-01,2023-12-31,2024
2025-01-02,2025-12-31,250,0.24366980137764482,0.24366980137764482,0.24584131699206657,,not_applicable_no_external_contributions,0.1910882146823199,-0.17388396734200873,63,1.2453165009358642,0.12753513877563985,4.419304406831498,30.0,0.0,0.03335724527050677,0.17193367006271415,0.8180932421224346,0.1771908045051671,0.17872809721523475,0.06711321977683182,0.013668377552264799,1.0,,,0.2077254840592302,0.20955041897086812,0.03629089802119845,0.053799080663550436,1.0,,,,,P2_N30_weekly_B1.5_C_EW,P2,30,weekly,1.5,current_classification_constrained,equal,E5,evaluation,2010-01-01,2024-12-31,2025
2021-01-04,2021-12-31,252,0.25563186392931403,0.25563186392931403,0.25563186392931403,,not_applicable_no_external_contributions,0.17629695122942515,-0.07746278438899257,33,1.3796690126918987,0.11902193172310872,4.682392026931605,30.0,0.0,0.03334963910461272,0.17114850836653928,0.7417060438487887,0.28728769487345307,0.28728769487345307,-0.03165583094413904,-0.02632133636549161,0.0,,,0.2741976405176627,0.2741976405176627,-0.01856577658834868,0.031052589587041823,0.0,,,,,P2_N30_weekly_B1.5_U_EW,P2,30,weekly,1.5,unconstrained,equal,E1,evaluation,2010-01-01,2020-12-31,2021
2022-01-03,2022-12-30,251,-0.10598796428158852,-0.10598796428158852,-0.10638692531159633,,not_applicable_no_external_contributions,0.20298029674432166,-0.22118377234127296,250,-0.452735069138583,0.1500412144247092,4.137336708084382,30.0,0.0,0.03335039892706001,0.1710617195266108,1.0,-0.18175361295122916,-0.18240727005194868,0.07602034474035235,0.023780166268136282,1.0,,,-0.32577015948669175,-0.326828176140617,0.22044125082902066,0.12709587496854058,1.0,,,,,P2_N30_weekly_B1.5_U_EW,P2,30,weekly,1.5,unconstrained,equal,E2,evaluation,2010-01-01,2021-12-31,2022
2023-01-03,2023-12-29,250,0.2825937450625011,0.2825937450625011,0.2851500295999536,,not_applicable_no_external_contributions,0.14877341971185187,-0.10312393962759792,77,1.761250977146503,0.09918946523340468,3.9153683804798995,30.0,0.0,0.03334869596462782,0.17083483555202206,0.857881184017635,0.26175777831245095,0.2641068904875523,0.0210431391124013,-0.0033807309736796354,1.0,,,0.5485557706092534,0.5539830080583357,-0.26883297845838205,0.004675449694267253,0.0,,,,,P2_N30_weekly_B1.5_U_EW,P2,30,weekly,1.5,unconstrained,equal,E3,evaluation,2010-01-01,2022-12-31,2023
2024-01-02,2024-12-31,252,0.2627289625915452,0.2627289625915452,0.2627289625915452,,not_applicable_no_external_contributions,0.17257647774217982,-0.11667683719211475,63,1.438296757237552,0.11571612805865321,4.303058875568521,30.0,0.0,0.03335810258233604,0.17183263967029622,0.813061658669913,0.24886449847111503,0.24886449847111503,0.013864464120430187,-0.032620638528346735,1.0,,,0.2557827307615481,0.2557827307615481,0.006946231829997096,0.018900614122722703,1.0,,,,,P2_N30_weekly_B1.5_U_EW,P2,30,weekly,1.5,unconstrained,equal,E4,evaluation,2010-01-01,2023-12-31,2024
2025-01-02,2025-12-31,250,0.2749422345706958,0.2749422345706958,0.2774221198933082,,not_applicable_no_external_contributions,0.19834776731806827,-0.17094752118782863,70,1.333328488710565,0.13457497676087332,4.237351925654528,30.0,0.0,0.033357838728941006,0.17200663879609945,0.8216433904863972,0.1771908045051671,0.17872809721523475,0.09869402267807348,0.016604823706444893,1.0,,,0.2077254840592302,0.20955041897086812,0.0678717009224401,0.05673552681773053,1.0,,,,,P2_N30_weekly_B1.5_U_EW,P2,30,weekly,1.5,unconstrained,equal,E5,evaluation,2010-01-01,2024-12-31,2025
2021-01-04,2021-12-31,252,0.217409801810571,0.217409801810571,0.217409801810571,,not_applicable_no_external_contributions,0.15590593361089894,-0.05823209741328861,32,1.34005044264319,0.10665691419531238,12.097244176394366,30.0,0.0,0.033349819415489076,0.17110393218019465,0.7638604119141335,0.28728769487345307,0.28728769487345307,-0.06987789306288206,-0.007090649389787651,0.0,,,0.2741976405176627,0.2741976405176627,-0.0567878387070917,0.05028327656274578,0.0,,,,,P2_N30_weekly_B1_C_EW,P2,30,weekly,1.0,current_classification_constrained,equal,E1,evaluation,2010-01-01,2020-12-31,2021
2022-01-03,2022-12-30,251,-0.0997353726682676,-0.0997353726682676,-0.10011213715067024,,not_applicable_no_external_contributions,0.19413329658276798,-0.20395014011896817,250,-0.44647086727982055,0.1416094578779926,9.826172526871082,30.0,0.0,0.03335145666685475,0.171106012362229,1.0,-0.18175361295122916,-0.18240727005194868,0.08229513290127843,0.04101379849044107,1.0,,,-0.32577015948669175,-0.326828176140617,0.22671603898994674,0.14432950719084536,1.0,,,,,P2_N30_weekly_B1_C_EW,P2,30,weekly,1.0,current_classification_constrained,equal,E2,evaluation,2010-01-01,2021-12-31,2022
2023-01-03,2023-12-29,250,0.18187741483394348,0.18187741483394348,0.18345844485929308,,not_applicable_no_external_contributions,0.13698606591217474,-0.10271714066910342,85,1.2982473517450681,0.09220483303497672,10.44381319215475,30.0,0.0,0.033348345169790336,0.1708048008132923,0.9254134286131794,0.26175777831245095,0.2641068904875523,-0.08064844562825924,-0.0029739320151851434,0.0,,,0.5485557706092534,0.5539830080583357,-0.3705245631990426,0.005082248652761745,0.0,,,,,P2_N30_weekly_B1_C_EW,P2,30,weekly,1.0,current_classification_constrained,equal,E3,evaluation,2010-01-01,2022-12-31,2023
2024-01-02,2024-12-31,252,0.25861818736414777,0.25861818736414777,0.25861818736414777,,not_applicable_no_external_contributions,0.14188008836462815,-0.0898365712083552,47,1.6925348548789554,0.09221623325555356,9.730482336134035,30.0,0.0,0.03335492517232785,0.1716208812440459,0.8183292316875325,0.24886449847111503,0.24886449847111503,0.009753688893032741,-0.005780372544587187,1.0,,,0.2557827307615481,0.2557827307615481,0.002835456602599651,0.04574088010648225,1.0,,,,,P2_N30_weekly_B1_C_EW,P2,30,weekly,1.0,current_classification_constrained,equal,E4,evaluation,2010-01-01,2023-12-31,2024
2025-01-02,2025-12-31,250,0.22586537380250782,0.22586537380250782,0.22786415220531442,,not_applicable_no_external_contributions,0.18108603150992525,-0.17671451886049871,89,1.2240047052721565,0.1240718668319063,8.896888947431673,30.0,0.0,0.03335824885339705,0.1719644879915345,0.7974116695563039,0.1771908045051671,0.17872809721523475,0.04913605499007967,0.010837826033774811,1.0,,,0.2077254840592302,0.20955041897086812,0.018313733234446294,0.05096852914506045,1.0,,,,,P2_N30_weekly_B1_C_EW,P2,30,weekly,1.0,current_classification_constrained,equal,E5,evaluation,2010-01-01,2024-12-31,2025
2021-01-04,2021-12-31,252,0.2286746471710086,0.2286746471710086,0.2286746471710086,,not_applicable_no_external_contributions,0.1727251798390326,-0.06674053349013387,34,1.2788861771340323,0.11817515485182022,12.84214206940563,30.0,0.0,0.03334996521696511,0.17110415079977725,0.7659475752167407,0.28728769487345307,0.28728769487345307,-0.058613047702444465,-0.015599085466632912,0.0,,,0.2741976405176627,0.2741976405176627,-0.045522993346654106,0.04177484048590052,0.0,,,,,P2_N30_weekly_B1_U_EW,P2,30,weekly,1.0,unconstrained,equal,E1,evaluation,2010-01-01,2020-12-31,2021
2022-01-03,2022-12-30,251,-0.05937038472769818,-0.05937038472769818,-0.0595997273263954,,not_applicable_no_external_contributions,0.19338036992215316,-0.18362293613449265,250,-0.221337202957455,0.1397134913446588,10.763086388359175,30.0,0.0,0.033351153620877365,0.17112726515466128,1.0,-0.18175361295122916,-0.18240727005194868,0.12280754272555328,0.061341002474916584,1.0,,,-0.32577015948669175,-0.326828176140617,0.2672284488142216,0.16465671117532088,1.0,,,,,P2_N30_weekly_B1_U_EW,P2,30,weekly,1.0,unconstrained,equal,E2,evaluation,2010-01-01,2021-12-31,2022
2023-01-03,2023-12-29,250,0.2621563523654866,0.2621563523654866,0.26450940163418446,,not_applicable_no_external_contributions,0.15526004522389455,-0.1032112570916327,90,1.5896156581829406,0.10437897727890381,11.445536928176733,30.0,0.0,0.033349417401967486,0.17091329227574686,0.9019476173012921,0.26175777831245095,0.2641068904875523,0.00040251114663214516,-0.0034680484377144216,1.0,,,0.5485557706092534,0.5539830080583357,-0.2894736064241512,0.004588132230232467,0.0,,,,,P2_N30_weekly_B1_U_EW,P2,30,weekly,1.0,unconstrained,equal,E3,evaluation,2010-01-01,2022-12-31,2023
2024-01-02,2024-12-31,252,0.31281583719060246,0.31281583719060246,0.31281583719060246,,not_applicable_no_external_contributions,0.16991894279178413,-0.11391207439275175,47,1.6872455981659749,0.11217674356150473,10.333505716140117,30.0,0.0,0.033354634427078186,0.1716256036352901,0.7783844827530088,0.24886449847111503,0.24886449847111503,0.06395133871948744,-0.02985587572898374,1.0,,,0.2557827307615481,0.2557827307615481,0.05703310642905435,0.0216653769220857,1.0,,,,,P2_N30_weekly_B1_U_EW,P2,30,weekly,1.0,unconstrained,equal,E4,evaluation,2010-01-01,2023-12-31,2024
2025-01-02,2025-12-31,250,0.28686929536693917,0.28686929536693917,0.28946843141841705,,not_applicable_no_external_contributions,0.19364167100103388,-0.18117335451838246,90,1.4098526093256225,0.13351946365928763,9.625752836657306,30.0,0.0,0.03335953578814459,0.1721430152236875,0.8144386666806986,0.1771908045051671,0.17872809721523475,0.1107403342031823,0.006378990375891069,1.0,,,0.2077254840592302,0.20955041897086812,0.07991801244754893,0.046509693487176706,1.0,,,,,P2_N30_weekly_B1_U_EW,P2,30,weekly,1.0,unconstrained,equal,E5,evaluation,2010-01-01,2024-12-31,2025
2021-01-04,2021-12-31,252,0.28713931646565594,0.28713931646565594,0.28713931646565594,,not_applicable_no_external_contributions,0.1584305120535723,-0.0798673813854871,33,1.6730508367559664,0.10712542465395065,3.0093308946219937,30.0,0.0,0.033349351952745,0.1712305276845705,0.7498488114220956,0.28728769487345307,0.28728769487345307,-0.00014837840779713396,-0.028725933361986145,0.0,,,0.2741976405176627,0.2741976405176627,0.012941675947993225,0.02864799259054729,1.0,,,,,P2_N30_weekly_B2_C_EW,P2,30,weekly,2.0,current_classification_constrained,equal,E1,evaluation,2010-01-01,2020-12-31,2021
2022-01-03,2022-12-30,251,-0.11314218804362042,-0.11314218804362042,-0.11356633184581755,,not_applicable_no_external_contributions,0.22020732158555825,-0.22064544815117015,249,-0.43741850596405424,0.16121803148841982,2.7852807019987105,30.0,0.0,0.033353433584709276,0.17143913299641392,1.0,-0.18175361295122916,-0.18240727005194868,0.06884093820613113,0.024318490458239084,1.0,,,-0.32577015948669175,-0.326828176140617,0.21326184429479944,0.12763419915864338,1.0,,,,,P2_N30_weekly_B2_C_EW,P2,30,weekly,2.0,current_classification_constrained,equal,E2,evaluation,2010-01-01,2021-12-31,2022
2023-01-03,2023-12-29,250,0.15675088010453053,0.15675088010453053,0.1580991885383034,,not_applicable_no_external_contributions,0.1281444623220263,-0.09794768912084395,77,1.2095790487251363,0.08675859642061995,3.207703562027376,30.0,0.0,0.03334755350507969,0.1706158269668365,0.9430632603660494,0.26175777831245095,0.2641068904875523,-0.10600770194924891,0.00179551953307433,0.0,,,0.5485557706092534,0.5539830080583357,-0.39588381952003227,0.009851700201021218,0.0,,,,,P2_N30_weekly_B2_C_EW,P2,30,weekly,2.0,current_classification_constrained,equal,E3,evaluation,2010-01-01,2022-12-31,2023
2024-01-02,2024-12-31,252,0.33121797720441304,0.33121797720441304,0.33121797720441304,,not_applicable_no_external_contributions,0.1362750564541875,-0.09387872123289887,47,2.1684166669153573,0.08748674139967302,2.779631836858191,30.0,0.0,0.033356442140581165,0.17173574300230066,0.729056125006698,0.24886449847111503,0.24886449847111503,0.08235347873329801,-0.009822522569130854,1.0,,,0.2557827307615481,0.2557827307615481,0.07543524644286492,0.041698730081938584,1.0,,,,,P2_N30_weekly_B2_C_EW,P2,30,weekly,2.0,current_classification_constrained,equal,E4,evaluation,2010-01-01,2023-12-31,2024
2025-01-02,2025-12-31,250,0.26507873867703746,0.26507873867703746,0.267460686165125,,not_applicable_no_external_contributions,0.1910039591075337,-0.17116152577841615,58,1.335843537407501,0.1254794541879176,2.8510940929774926,30.0,0.0,0.03335751917633777,0.1719375995061297,0.903255877499163,0.1771908045051671,0.17872809721523475,0.08873258894989022,0.01639081911585738,1.0,,,0.2077254840592302,0.20955041897086812,0.05791026719425685,0.05652152222714302,1.0,,,,,P2_N30_weekly_B2_C_EW,P2,30,weekly,2.0,current_classification_constrained,equal,E5,evaluation,2010-01-01,2024-12-31,2025
2021-01-04,2021-12-31,252,0.2696187578800868,0.2696187578800868,0.2696187578800868,,not_applicable_no_external_contributions,0.17842024241368554,-0.09940580401228549,34,1.4275099886352252,0.12108509612478328,3.20320882674412,30.0,0.0,0.03335094704242918,0.171402692355659,0.7865707424732449,0.28728769487345307,0.28728769487345307,-0.017668936993366247,-0.048264355988784535,0.0,,,0.2741976405176627,0.2741976405176627,-0.004578882637575887,0.009109569963748898,0.0,,,,,P2_N30_weekly_B2_U_EW,P2,30,weekly,2.0,unconstrained,equal,E1,evaluation,2010-01-01,2020-12-31,2021
2022-01-03,2022-12-30,251,-0.1260095450483918,-0.1260095450483918,-0.12647839982192022,,not_applicable_no_external_contributions,0.22402929947211475,-0.23357515833528109,250,-0.4915747406633873,0.16565009637098504,2.929939237516416,30.0,0.0,0.03335308770957156,0.17144053232788792,1.0,-0.18175361295122916,-0.18240727005194868,0.05592887023002846,0.011388780274128152,1.0,,,-0.32577015948669175,-0.326828176140617,0.20034977631869677,0.11470448897453245,1.0,,,,,P2_N30_weekly_B2_U_EW,P2,30,weekly,2.0,unconstrained,equal,E2,evaluation,2010-01-01,2021-12-31,2022
2023-01-03,2023-12-29,250,0.20540934319550996,0.20540934319550996,0.20721223912249576,,not_applicable_no_external_contributions,0.13549433515004874,-0.10009426381219466,74,1.457832279075732,0.09097845248309432,3.0279435185873416,30.0,0.0,0.03334760036008826,0.17063934415523033,0.9345916138738206,0.26175777831245095,0.2641068904875523,-0.05689465136505656,-0.000351055158276381,0.0,,,0.5485557706092534,0.5539830080583357,-0.3467707689358399,0.007705125509670507,0.0,,,,,P2_N30_weekly_B2_U_EW,P2,30,weekly,2.0,unconstrained,equal,E3,evaluation,2010-01-01,2022-12-31,2023
2024-01-02,2024-12-31,252,0.3345582679990453,0.3345582679990453,0.3345582679990453,,not_applicable_no_external_contributions,0.18525805992498562,-0.12113155560538458,49,1.6510257472166692,0.1243063861745278,2.730500409034448,30.0,0.0,0.03335846761668431,0.17194164424165356,0.7589002916815065,0.24886449847111503,0.24886449847111503,0.08569376952793029,-0.037075356941616566,1.0,,,0.2557827307615481,0.2557827307615481,0.0787755372374972,0.014445895709452872,1.0,,,,,P2_N30_weekly_B2_U_EW,P2,30,weekly,2.0,unconstrained,equal,E4,evaluation,2010-01-01,2023-12-31,2024
2025-01-02,2025-12-31,250,0.26641807871978007,0.26641807871978007,0.2688132885983785,,not_applicable_no_external_contributions,0.19618478047640128,-0.17056869012105536,58,1.3111165178081774,0.12974725958183436,2.949044086699155,30.0,0.0,0.033358511134849306,0.17206059016859768,0.8895293081952481,0.1771908045051671,0.17872809721523475,0.09008519138314375,0.01698365477321817,1.0,,,0.2077254840592302,0.20955041897086812,0.05926286962751037,0.05711435788450381,1.0,,,,,P2_N30_weekly_B2_U_EW,P2,30,weekly,2.0,unconstrained,equal,E5,evaluation,2010-01-01,2024-12-31,2025
2021-01-04,2021-12-31,252,0.28248416315783853,0.28248416315783853,0.28248416315783853,,not_applicable_no_external_contributions,0.15115940110814916,-0.0696150536727117,32,1.7221161260314146,0.10202142498423526,2.6251293690678463,40.0,0.0,0.02502642233203469,0.13114997159285055,0.7407459490778184,0.28728769487345307,0.28728769487345307,-0.00480353171561454,-0.018473605649210745,0.0,,,0.2741976405176627,0.2741976405176627,0.00828652264017582,0.03890032030332269,1.0,,,,,P2_N40_biweekly_B1.5_C_EW,P2,40,biweekly,1.5,current_classification_constrained,equal,E1,evaluation,2010-01-01,2020-12-31,2021
2022-01-03,2022-12-30,251,-0.08882193377146408,-0.08882193377146408,-0.08915954051072184,,not_applicable_no_external_contributions,0.20591327341510157,-0.19315984213481607,250,-0.3507519749887155,0.1493852678752079,2.3660206966510278,40.0,0.0,0.025032730095492704,0.13117166228744184,1.0,-0.18175361295122916,-0.18240727005194868,0.09324772954122684,0.051804096474593164,1.0,,,-0.32577015948669175,-0.326828176140617,0.23766863562989515,0.15511980517499746,1.0,,,,,P2_N40_biweekly_B1.5_C_EW,P2,40,biweekly,1.5,current_classification_constrained,equal,E2,evaluation,2010-01-01,2021-12-31,2022
2023-01-03,2023-12-29,250,0.202269345298435,0.202269345298435,0.20404242032423991,,not_applicable_no_external_contributions,0.12291225902740532,-0.09597502569783112,60,1.5724795182260543,0.08160489241129851,2.9428732797572708,40.0,0.0,0.02502129205693425,0.13026528891736341,0.8910774761590576,0.26175777831245095,0.2641068904875523,-0.0600644701633124,0.0037681829560871627,0.0,,,0.5485557706092534,0.5539830080583357,-0.34994058773409575,0.011824363624034051,0.0,,,,,P2_N40_biweekly_B1.5_C_EW,P2,40,biweekly,1.5,current_classification_constrained,equal,E3,evaluation,2010-01-01,2022-12-31,2023
2024-01-02,2024-12-31,252,0.22413512559439863,0.22413512559439863,0.22413512559439863,,not_applicable_no_external_contributions,0.12980173900639108,-0.08457727782483537,50,1.623285035195604,0.0855320645783818,2.821343505688172,40.0,0.0,0.025033814611034867,0.1317089956031362,0.7402001802653898,0.24886449847111503,0.24886449847111503,-0.024729372876716393,-0.0005210791610673615,0.0,,,0.2557827307615481,0.2557827307615481,-0.031647605167149484,0.051000173490002076,0.0,,,,,P2_N40_biweekly_B1.5_C_EW,P2,40,biweekly,1.5,current_classification_constrained,equal,E4,evaluation,2010-01-01,2023-12-31,2024
2025-01-02,2025-12-31,250,0.20740603469803132,0.20740603469803132,0.2092279277900715,,not_applicable_no_external_contributions,0.17316280870335332,-0.154539066197387,59,1.1830962712379953,0.11409712015355802,2.799825120860972,40.0,0.0,0.02503963229805435,0.13222018530312984,0.847992615318125,0.1771908045051671,0.17872809721523475,0.03049983057483674,0.03301327869688653,1.0,,,0.2077254840592302,0.20955041897086812,-0.00032249118079663575,0.07314398180817216,0.0,,,,,P2_N40_biweekly_B1.5_C_EW,P2,40,biweekly,1.5,current_classification_constrained,equal,E5,evaluation,2010-01-01,2024-12-31,2025
2021-01-04,2021-12-31,252,0.260125360753825,0.260125360753825,0.260125360753825,,not_applicable_no_external_contributions,0.16388687165899393,-0.08631781836133201,33,1.4931636366045187,0.11161132662930083,2.6843232599568236,40.0,0.0,0.02502760804212811,0.1312652573776724,0.7583395416292543,0.28728769487345307,0.28728769487345307,-0.027162334119628095,-0.03517637033783105,0.0,,,0.2741976405176627,0.2741976405176627,-0.014072279763837736,0.02219755561470238,0.0,,,,,P2_N40_biweekly_B1.5_U_EW,P2,40,biweekly,1.5,unconstrained,equal,E1,evaluation,2010-01-01,2020-12-31,2021
2022-01-03,2022-12-30,251,-0.10989277754981397,-0.10989277754981397,-0.11030551195955873,,not_applicable_no_external_contributions,0.21088033491897695,-0.21562194702363047,250,-0.44888235210442046,0.1547537965958226,2.3641097114571665,40.0,0.0,0.025032886334236754,0.13119729340508487,1.0,-0.18175361295122916,-0.18240727005194868,0.07210175809238994,0.02934199158577877,1.0,,,-0.32577015948669175,-0.326828176140617,0.21652266418105826,0.13265770028618307,1.0,,,,,P2_N40_biweekly_B1.5_U_EW,P2,40,biweekly,1.5,unconstrained,equal,E2,evaluation,2010-01-01,2021-12-31,2022
2023-01-03,2023-12-29,250,0.22360430232115425,0.22360430232115425,0.2255812928255787,,not_applicable_no_external_contributions,0.13446777641122892,-0.09351904300081493,77,1.5803293890924408,0.08975286679562568,2.711691290352539,40.0,0.0,0.025022042975041757,0.13034159547337992,0.9026009848122233,0.26175777831245095,0.2641068904875523,-0.03852559766197361,0.006224165653103353,0.0,,,0.5485557706092534,0.5539830080583357,-0.32840171523275696,0.014280346321050241,0.0,,,,,P2_N40_biweekly_B1.5_U_EW,P2,40,biweekly,1.5,unconstrained,equal,E3,evaluation,2010-01-01,2022-12-31,2023
2024-01-02,2024-12-31,252,0.2677105305615415,0.2677105305615415,0.2677105305615415,,not_applicable_no_external_contributions,0.14849373302328073,-0.09051756257052213,49,1.6721511861885465,0.09828542116291351,2.417908102758595,40.0,0.0,0.025036526216665102,0.13191633490083102,0.7429766591296649,0.24886449847111503,0.24886449847111503,0.018846032090426457,-0.006461363906754114,1.0,,,0.2557827307615481,0.2557827307615481,0.011927799799993366,0.045059888744315324,1.0,,,,,P2_N40_biweekly_B1.5_U_EW,P2,40,biweekly,1.5,unconstrained,equal,E4,evaluation,2010-01-01,2023-12-31,2024
2025-01-02,2025-12-31,250,0.1992127026841688,0.1992127026841688,0.2009568120566101,,not_applicable_no_external_contributions,0.17927479361474924,-0.16251277807887077,60,1.1105209679661248,0.1203972913795408,2.8631350209938002,40.0,0.0,0.02504083952574745,0.13232356621147526,0.861466389844764,0.1771908045051671,0.17872809721523475,0.02222871484137534,0.02503956681540276,1.0,,,0.2077254840592302,0.20955041897086812,-0.008593606914258034,0.0651702699266884,0.0,,,,,P2_N40_biweekly_B1.5_U_EW,P2,40,biweekly,1.5,unconstrained,equal,E5,evaluation,2010-01-01,2024-12-31,2025
2021-01-04,2021-12-31,252,0.2178848916301115,0.2178848916301115,0.2178848916301115,,not_applicable_no_external_contributions,0.1503760403306736,-0.0568095352631911,32,1.3863270016692322,0.10325138175632557,6.949752363461567,40.0,0.0,0.0250266130872878,0.13101658024936808,0.7762774125949623,0.28728769487345307,0.28728769487345307,-0.06940280324334158,-0.005668087239690145,0.0,,,0.2741976405176627,0.2741976405176627,-0.05631274888755122,0.05170583871284329,0.0,,,,,P2_N40_biweekly_B1_C_EW,P2,40,biweekly,1.0,current_classification_constrained,equal,E1,evaluation,2010-01-01,2020-12-31,2021
2022-01-03,2022-12-30,251,-0.09699789861453234,-0.09699789861453234,-0.09736489041046659,,not_applicable_no_external_contributions,0.19291000510720646,-0.19911854248063177,250,-0.43477147896141577,0.1393398515426485,6.227120632009833,40.0,0.0,0.02503136766020658,0.13103788033124458,1.0,-0.18175361295122916,-0.18240727005194868,0.08504237964148209,0.04584539612877747,1.0,,,-0.32577015948669175,-0.326828176140617,0.2294632857301504,0.14916110482918177,1.0,,,,,P2_N40_biweekly_B1_C_EW,P2,40,biweekly,1.0,current_classification_constrained,equal,E2,evaluation,2010-01-01,2021-12-31,2022
2023-01-03,2023-12-29,250,0.20426022379355335,0.20426022379355335,0.20605219873588587,,not_applicable_no_external_contributions,0.1256731178808161,-0.09374506015008643,78,1.5539090443516916,0.08276550134440018,6.225538785849937,40.0,0.0,0.025022414590339232,0.1304965580738588,0.8676307734151507,0.26175777831245095,0.2641068904875523,-0.05805469175166644,0.005998148503831846,0.0,,,0.5485557706092534,0.5539830080583357,-0.3479308093224498,0.014054329171778734,0.0,,,,,P2_N40_biweekly_B1_C_EW,P2,40,biweekly,1.0,current_classification_constrained,equal,E3,evaluation,2010-01-01,2022-12-31,2023
2024-01-02,2024-12-31,252,0.2646059246825596,0.2646059246825596,0.2646059246825596,,not_applicable_no_external_contributions,0.13004673261693156,-0.08138661625905164,50,1.870795576335508,0.08480130605699307,6.312870711859479,40.0,0.0,0.025036976690558915,0.13183033483696355,0.8015513178258029,0.24886449847111503,0.24886449847111503,0.015741426211444587,0.002669582404716375,1.0,,,0.2557827307615481,0.2557827307615481,0.008823193921011496,0.05419083505578581,1.0,,,,,P2_N40_biweekly_B1_C_EW,P2,40,biweekly,1.0,current_classification_constrained,equal,E4,evaluation,2010-01-01,2023-12-31,2024
2025-01-02,2025-12-31,250,0.20866890119797366,0.20866890119797366,0.21050282337774395,,not_applicable_no_external_contributions,0.17425622828820175,-0.17233630765285013,86,1.183391753932275,0.12125263511311342,5.815153677016861,40.0,0.0,0.025039121598469292,0.13220233153478916,0.8540240035958477,0.1771908045051671,0.17872809721523475,0.031774726162509204,0.015216037241423397,1.0,,,0.2077254840592302,0.20955041897086812,0.0009524044068758286,0.055346740352709034,1.0,,,,,P2_N40_biweekly_B1_C_EW,P2,40,biweekly,1.0,current_classification_constrained,equal,E5,evaluation,2010-01-01,2024-12-31,2025
2021-01-04,2021-12-31,252,0.24509135137256766,0.24509135137256766,0.24509135137256766,,not_applicable_no_external_contributions,0.15673255759732715,-0.0580682459948475,32,1.4773515867358593,0.10601355240933105,7.45067101943413,40.0,0.0,0.025026795642571955,0.1310157591054593,0.7711900095563671,0.28728769487345307,0.28728769487345307,-0.042196343500885414,-0.006926797971346543,0.0,,,0.2741976405176627,0.2741976405176627,-0.029106289145095054,0.05044712798118689,0.0,,,,,P2_N40_biweekly_B1_U_EW,P2,40,biweekly,1.0,unconstrained,equal,E1,evaluation,2010-01-01,2020-12-31,2021
2022-01-03,2022-12-30,251,-0.08216929409758933,-0.08216929409758933,-0.0824827741594919,,not_applicable_no_external_contributions,0.1942157365416383,-0.18625543181698156,250,-0.3463839411156169,0.14002929982113355,6.6285679556520725,40.0,0.0,0.025030995862730377,0.13101130566311178,1.0,-0.18175361295122916,-0.18240727005194868,0.09992449589245678,0.05870850679242767,1.0,,,-0.32577015948669175,-0.326828176140617,0.2443454019811251,0.16202421549283197,1.0,,,,,P2_N40_biweekly_B1_U_EW,P2,40,biweekly,1.0,unconstrained,equal,E2,evaluation,2010-01-01,2021-12-31,2022
2023-01-03,2023-12-29,250,0.2617396372580507,0.2617396372580507,0.26408857026096766,,not_applicable_no_external_contributions,0.14153512063357396,-0.09967862773595593,74,1.7270467044660027,0.094226242793993,6.750276944288416,40.0,0.0,0.025024255414005853,0.13073771563631198,0.8586669705906603,0.26175777831245095,0.2641068904875523,-1.832022658465604e-05,6.458091796235355e-05,0.0,,,0.5485557706092534,0.5539830080583357,-0.289894437797368,0.008120761585909242,0.0,,,,,P2_N40_biweekly_B1_U_EW,P2,40,biweekly,1.0,unconstrained,equal,E3,evaluation,2010-01-01,2022-12-31,2023
2024-01-02,2024-12-31,252,0.2692737053828993,0.2692737053828993,0.2692737053828993,,not_applicable_no_external_contributions,0.14334653830635183,-0.08513263513761138,50,1.7355718613649476,0.09425586280804477,7.015732298991066,40.0,0.0,0.02503854334247939,0.13207518079920944,0.8018020102224733,0.24886449847111503,0.24886449847111503,0.020409206911784272,-0.0010764364738433674,1.0,,,0.2557827307615481,0.2557827307615481,0.013490974621351182,0.05044481617722607,1.0,,,,,P2_N40_biweekly_B1_U_EW,P2,40,biweekly,1.0,unconstrained,equal,E4,evaluation,2010-01-01,2023-12-31,2024
2025-01-02,2025-12-31,250,0.2577813858254496,0.2577813858254496,0.2600912751513871,,not_applicable_no_external_contributions,0.18161823936159158,-0.17882192512794315,88,1.3639391472627298,0.12705292103966526,6.478960462439804,40.0,0.0,0.0250400086975524,0.132383687077844,0.8534371923377742,0.1771908045051671,0.17872809721523475,0.08136317793615233,0.008730419766330377,1.0,,,0.2077254840592302,0.20955041897086812,0.050540856180518956,0.048861122877616014,1.0,,,,,P2_N40_biweekly_B1_U_EW,P2,40,biweekly,1.0,unconstrained,equal,E5,evaluation,2010-01-01,2024-12-31,2025
2021-01-04,2021-12-31,252,0.25945594947822403,0.25945594947822403,0.25945594947822403,,not_applicable_no_external_contributions,0.13986830769255118,-0.054932936530438625,37,1.7197599708974718,0.09438378286555418,0.8938902043123224,40.0,0.0,0.025024725389143004,0.13075319947015918,0.7583953373184696,0.28728769487345307,0.28728769487345307,-0.027831745395229035,-0.003791488506937668,0.0,,,0.2741976405176627,0.2741976405176627,-0.014741691039438676,0.053582437445595765,0.0,,,,,P2_N40_biweekly_B2_C_EW,P2,40,biweekly,2.0,current_classification_constrained,equal,E1,evaluation,2010-01-01,2020-12-31,2021
2022-01-03,2022-12-30,251,-0.1717535408844878,-0.1717535408844878,-0.17237513421252315,,not_applicable_no_external_contributions,0.2543548031887873,-0.2569407638675534,249,-0.6167917600768992,0.18344372529401543,1.0849776142136884,40.0,0.0,0.025036031667210894,0.13115620466531877,1.0,-0.18175361295122916,-0.18240727005194868,0.010032135839425527,-0.011976825258144141,1.0,,,-0.32577015948669175,-0.326828176140617,0.15445304192809384,0.09133888344226015,1.0,,,,,P2_N40_biweekly_B2_C_EW,P2,40,biweekly,2.0,current_classification_constrained,equal,E2,evaluation,2010-01-01,2021-12-31,2022
2023-01-03,2023-12-29,250,0.317681693466602,0.317681693466602,0.32059301681589947,,not_applicable_no_external_contributions,0.13910068903735637,-0.09698267461685428,85,2.0694309033274942,0.08782207494798118,0.8913630231964398,40.0,0.0,0.025025359090074785,0.13111070546255393,0.8868553655813023,0.26175777831245095,0.2641068904875523,0.05648612632834715,0.0027605340370639997,1.0,,,0.5485557706092534,0.5539830080583357,-0.2333899912424362,0.010816714705010888,0.0,,,,,P2_N40_biweekly_B2_C_EW,P2,40,biweekly,2.0,current_classification_constrained,equal,E3,evaluation,2010-01-01,2022-12-31,2023
2024-01-02,2024-12-31,252,0.1899546362928317,0.1899546362928317,0.1899546362928317,,not_applicable_no_external_contributions,0.12603412918282275,-0.06347248507416037,34,1.4431739339871181,0.08604765326056817,1.0884822048514544,40.0,0.0,0.025035026026763562,0.13173421774860705,0.764780748354229,0.24886449847111503,0.24886449847111503,-0.05890986217828331,0.020583713589607644,0.0,,,0.2557827307615481,0.2557827307615481,-0.0658280944687164,0.07210496624067708,0.0,,,,,P2_N40_biweekly_B2_C_EW,P2,40,biweekly,2.0,current_classification_constrained,equal,E4,evaluation,2010-01-01,2023-12-31,2024
2025-01-02,2025-12-31,250,0.19496141459398064,0.19496141459398064,0.19666534214163334,,not_applicable_no_external_contributions,0.18850502408493136,-0.167267959125587,76,1.0458838854402654,0.12407202362740198,1.163994978554181,40.0,0.0,0.02503962324693167,0.13233874719476882,0.7928041660620307,0.1771908045051671,0.17872809721523475,0.017937244926398588,0.02028438576868652,1.0,,,0.2077254840592302,0.20955041897086812,-0.012885076829234787,0.060415088879972156,0.0,,,,,P2_N40_biweekly_B2_C_EW,P2,40,biweekly,2.0,current_classification_constrained,equal,E5,evaluation,2010-01-01,2024-12-31,2025
2021-01-04,2021-12-31,252,0.25206066459251897,0.25206066459251897,0.25206066459251897,,not_applicable_no_external_contributions,0.14125779758913315,-0.054574250708726235,34,1.6625031699759334,0.095747108380319,0.9044354212985971,40.0,0.0,0.02502543488960366,0.13089947807455873,0.7470892467410817,0.28728769487345307,0.28728769487345307,-0.0352270302809341,-0.003432802685225278,0.0,,,0.2741976405176627,0.2741976405176627,-0.022136975925143743,0.053941123267308155,0.0,,,,,P2_N40_biweekly_B2_U_EW,P2,40,biweekly,2.0,unconstrained,equal,E1,evaluation,2010-01-01,2020-12-31,2021
2022-01-03,2022-12-30,251,-0.18736588716899694,-0.18736588716899694,-0.1880373255928086,,not_applicable_no_external_contributions,0.26186719437467426,-0.27176214937957843,249,-0.6646115130867039,0.18934161957255954,1.1173480950287598,40.0,0.0,0.025038766636710112,0.13135398712551688,1.0,-0.18175361295122916,-0.18240727005194868,-0.005630055540859935,-0.026798210770169195,0.0,,,-0.32577015948669175,-0.326828176140617,0.13879085054780838,0.0765174979302351,1.0,,,,,P2_N40_biweekly_B2_U_EW,P2,40,biweekly,2.0,unconstrained,equal,E2,evaluation,2010-01-01,2021-12-31,2022
2023-01-03,2023-12-29,250,0.332609396150614,0.332609396150614,0.3356740674872103,,not_applicable_no_external_contributions,0.14197969524273038,-0.10069894245201683,85,2.1103673903849787,0.08930064676643527,0.9037137181772267,40.0,0.0,0.025025977513035494,0.13114641899282872,0.879587163869667,0.26175777831245095,0.2641068904875523,0.07156717699965798,-0.0009557337980985459,1.0,,,0.5485557706092534,0.5539830080583357,-0.21830894057112538,0.0071004468698483425,0.0,,,,,P2_N40_biweekly_B2_U_EW,P2,40,biweekly,2.0,unconstrained,equal,E3,evaluation,2010-01-01,2022-12-31,2023
2024-01-02,2024-12-31,252,0.2076288546979408,0.2076288546979408,0.2076288546979408,,not_applicable_no_external_contributions,0.1274119350808486,-0.06319918709263705,35,1.5447361392457946,0.08679941007174287,1.094605999418149,40.0,0.0,0.025035187494117348,0.13175250508921413,0.7532508039145424,0.24886449847111503,0.24886449847111503,-0.041235643773174235,0.020857011571130957,0.0,,,0.2557827307615481,0.2557827307615481,-0.048153876063607326,0.0723782642222004,0.0,,,,,P2_N40_biweekly_B2_U_EW,P2,40,biweekly,2.0,unconstrained,equal,E4,evaluation,2010-01-01,2023-12-31,2024
2025-01-02,2025-12-31,250,0.1896769838071064,0.1896769838071064,0.1913311349120792,,not_applicable_no_external_contributions,0.18925959230423234,-0.1719099046406517,76,1.0188366935887248,0.12503718326343666,1.1803958818933007,40.0,0.0,0.025040438211172997,0.132396349982049,0.8119178153466877,0.1771908045051671,0.17872809721523475,0.012603037696844455,0.015642440253621825,1.0,,,0.2077254840592302,0.20955041897086812,-0.01821928405878892,0.05577314336490746,0.0,,,,,P2_N40_biweekly_B2_U_EW,P2,40,biweekly,2.0,unconstrained,equal,E5,evaluation,2010-01-01,2024-12-31,2025
2021-01-04,2021-12-31,252,0.26236325164963414,0.26236325164963414,0.26236325164963414,,not_applicable_no_external_contributions,0.15139737884971882,-0.06740049983105123,32,1.615110852362056,0.10287676361749351,5.371705632922669,40.0,0.0,0.025,0.125,0.7180247937330244,0.28728769487345307,0.28728769487345307,-0.024924443223818926,-0.016259051807550273,0.0,,,0.2741976405176627,0.2741976405176627,-0.011834388868028567,0.04111487414498316,0.0,,,,,P2_N40_daily_B1.5_C_EW,P2,40,daily,1.5,current_classification_constrained,equal,E1,evaluation,2010-01-01,2020-12-31,2021
2022-01-03,2022-12-30,251,-0.07445318665994716,-0.07445318665994716,-0.07473844182167722,,not_applicable_no_external_contributions,0.20335818147123197,-0.1861002760341497,249,-0.28052957088759345,0.14674574646082225,4.397167005613411,40.0,0.0,0.025,0.125,1.0,-0.18175361295122916,-0.18240727005194868,0.10766882823027146,0.058863662575259545,1.0,,,-0.32577015948669175,-0.326828176140617,0.2520897343189398,0.16217937127566384,1.0,,,,,P2_N40_daily_B1.5_C_EW,P2,40,daily,1.5,current_classification_constrained,equal,E2,evaluation,2010-01-01,2021-12-31,2022
2023-01-03,2023-12-29,250,0.1817570589874482,0.1817570589874482,0.183336963924148,,not_applicable_no_external_contributions,0.12557969579163153,-0.09214321236884238,78,1.403473249867297,0.08378446472812666,4.916181838481827,40.0,0.0,0.025000000000000005,0.125,0.9003381172262284,0.26175777831245095,0.2641068904875523,-0.08076992656340432,0.007599996285075905,0.0,,,0.5485557706092534,0.5539830080583357,-0.37064604413418767,0.015656176953022793,0.0,,,,,P2_N40_daily_B1.5_C_EW,P2,40,daily,1.5,current_classification_constrained,equal,E3,evaluation,2010-01-01,2022-12-31,2023
2024-01-02,2024-12-31,252,0.24968346126817909,0.24968346126817909,0.24968346126817909,,not_applicable_no_external_contributions,0.13159150907039574,-0.08464084433131924,50,1.760065054938812,0.08580778843446622,5.277048005500134,40.0,0.0,0.025,0.125,0.7447918074622669,0.24886449847111503,0.24886449847111503,0.0008189627970640601,-0.0005846456675512313,1.0,,,0.2557827307615481,0.2557827307615481,-0.006099269493369031,0.05093660698351821,0.0,,,,,P2_N40_daily_B1.5_C_EW,P2,40,daily,1.5,current_classification_constrained,equal,E4,evaluation,2010-01-01,2023-12-31,2024
2025-01-02,2025-12-31,250,0.23330473655127526,0.23330473655127526,0.23537543877076628,,not_applicable_no_external_contributions,0.17379705994448977,-0.16282826325873812,60,1.3027950284939924,0.11665192057957767,5.076500121732624,40.0,0.0,0.025000000000000005,0.125,0.8347214055884554,0.1771908045051671,0.17872809721523475,0.05664734155553153,0.02472408163553541,1.0,,,0.2077254840592302,0.20955041897086812,0.025825019799898152,0.06485478474682105,1.0,,,,,P2_N40_daily_B1.5_C_EW,P2,40,daily,1.5,current_classification_constrained,equal,E5,evaluation,2010-01-01,2024-12-31,2025
2021-01-04,2021-12-31,252,0.27887229182099227,0.27887229182099227,0.27887229182099227,,not_applicable_no_external_contributions,0.16354293998409997,-0.07802246224458964,33,1.586324001097271,0.11056590602302212,5.007294789825451,40.0,0.0,0.025,0.125,0.6985451327992475,0.28728769487345307,0.28728769487345307,-0.008415403052460801,-0.026881014221088684,0.0,,,0.2741976405176627,0.2741976405176627,0.004674651303329558,0.03049291173144475,1.0,,,,,P2_N40_daily_B1.5_U_EW,P2,40,daily,1.5,unconstrained,equal,E1,evaluation,2010-01-01,2020-12-31,2021
2022-01-03,2022-12-30,251,-0.09911361678163022,-0.09911361678163022,-0.09948816453480314,,not_applicable_no_external_contributions,0.20712694887273062,-0.20593798895745208,250,-0.4025153369728768,0.15102844912694924,4.399490587620454,40.0,0.0,0.025,0.125,1.0,-0.18175361295122916,-0.18240727005194868,0.08291910551714554,0.03902594965195716,1.0,,,-0.32577015948669175,-0.326828176140617,0.22734001160581385,0.14234165835236146,1.0,,,,,P2_N40_daily_B1.5_U_EW,P2,40,daily,1.5,unconstrained,equal,E2,evaluation,2010-01-01,2021-12-31,2022
2023-01-03,2023-12-29,250,0.23516412886507765,0.23516412886507765,0.23725286440945514,,not_applicable_no_external_contributions,0.13439408540272976,-0.095857976973308,74,1.6517030054739286,0.0894065913509552,4.588117370311145,40.0,0.0,0.025000000000000005,0.125,0.8948238311446644,0.26175777831245095,0.2641068904875523,-0.02685402607809717,0.0038852316806102793,0.0,,,0.5485557706092534,0.5539830080583357,-0.3167301436488805,0.011941412348557168,0.0,,,,,P2_N40_daily_B1.5_U_EW,P2,40,daily,1.5,unconstrained,equal,E3,evaluation,2010-01-01,2022-12-31,2023
2024-01-02,2024-12-31,252,0.256401160227262,0.256401160227262,0.256401160227262,,not_applicable_no_external_contributions,0.14704667815196812,-0.09101029912489034,50,1.6261461449228465,0.09694561381281405,4.724329703296394,40.0,0.0,0.025,0.125,0.7516858773249919,0.24886449847111503,0.24886449847111503,0.007536661756146978,-0.006954100461122326,1.0,,,0.2557827307615481,0.2557827307615481,0.0006184294657138878,0.04456715218994711,1.0,,,,,P2_N40_daily_B1.5_U_EW,P2,40,daily,1.5,unconstrained,equal,E4,evaluation,2010-01-01,2023-12-31,2024
2025-01-02,2025-12-31,250,0.2122354077407338,0.2122354077407338,0.21410335920678558,,not_applicable_no_external_contributions,0.17761672589961286,-0.1664032509399257,61,1.1806376516831611,0.12001544313722376,5.155870012313898,40.0,0.0,0.025000000000000005,0.125,0.8508776364840414,0.1771908045051671,0.17872809721523475,0.03537526199155083,0.02114909395434783,1.0,,,0.2077254840592302,0.20955041897086812,0.0045529402359174576,0.06127979706563347,1.0,,,,,P2_N40_daily_B1.5_U_EW,P2,40,daily,1.5,unconstrained,equal,E5,evaluation,2010-01-01,2024-12-31,2025
2021-01-04,2021-12-31,252,0.24333987507900212,0.24333987507900212,0.24333987507900212,,not_applicable_no_external_contributions,0.15257581060140613,-0.06080376895904249,33,1.5042203040733289,0.10472567817819887,20.378023836375256,40.0,0.0,0.025,0.125,0.7369401355434959,0.28728769487345307,0.28728769487345307,-0.04394781979445095,-0.009662320935541535,0.0,,,0.2741976405176627,0.2741976405176627,-0.03085776543866059,0.0477116050169919,0.0,,,,,P2_N40_daily_B1_C_EW,P2,40,daily,1.0,current_classification_constrained,equal,E1,evaluation,2010-01-01,2020-12-31,2021
2022-01-03,2022-12-30,251,-0.07651719712574168,-0.07651719712574168,-0.07681002756117195,,not_applicable_no_external_contributions,0.1925212379348629,-0.17406781963895668,250,-0.3191417960010708,0.13803397801147288,20.63995586749411,40.0,0.0,0.025,0.125,1.0,-0.18175361295122916,-0.18240727005194868,0.10559724249077673,0.07089611897045256,1.0,,,-0.32577015948669175,-0.326828176140617,0.25001814857944504,0.17421182767085686,1.0,,,,,P2_N40_daily_B1_C_EW,P2,40,daily,1.0,current_classification_constrained,equal,E2,evaluation,2010-01-01,2021-12-31,2022
2023-01-03,2023-12-29,250,0.20689151187923915,0.20689151187923915,0.20870850708347066,,not_applicable_no_external_contributions,0.13080147154945101,-0.09920248021261169,86,1.5148306437035284,0.08678782952305285,19.91172393468935,40.0,0.0,0.025000000000000005,0.125,0.8619653752189657,0.26175777831245095,0.2641068904875523,-0.05539838340408165,0.0005407284413065927,0.0,,,0.5485557706092534,0.5539830080583357,-0.345274500974865,0.008596909109253481,0.0,,,,,P2_N40_daily_B1_C_EW,P2,40,daily,1.0,current_classification_constrained,equal,E3,evaluation,2010-01-01,2022-12-31,2023
2024-01-02,2024-12-31,252,0.2475985425267453,0.2475985425267453,0.2475985425267453,,not_applicable_no_external_contributions,0.12915205541603486,-0.07750896720434242,47,1.7779064544910075,0.08352818087420943,18.080581814864082,40.0,0.0,0.025,0.125,0.7719512766549026,0.24886449847111503,0.24886449847111503,-0.0012659559443697344,0.006547231459425595,0.0,,,0.2557827307615481,0.2557827307615481,-0.008184188234802825,0.05806848411049503,0.0,,,,,P2_N40_daily_B1_C_EW,P2,40,daily,1.0,current_classification_constrained,equal,E4,evaluation,2010-01-01,2023-12-31,2024
2025-01-02,2025-12-31,250,0.2304596311248608,0.2304596311248608,0.23250278391983592,,not_applicable_no_external_contributions,0.17090748758518423,-0.16869518953114282,85,1.308680876079493,0.11815089208638024,19.53211903217781,40.0,0.0,0.025000000000000005,0.125,0.8165610650576591,0.1771908045051671,0.17872809721523475,0.05377468670460117,0.018857155363130707,1.0,,,0.2077254840592302,0.20955041897086812,0.022952364948967796,0.058987858474416344,1.0,,,,,P2_N40_daily_B1_C_EW,P2,40,daily,1.0,current_classification_constrained,equal,E5,evaluation,2010-01-01,2024-12-31,2025
2021-01-04,2021-12-31,252,0.24535356830060362,0.24535356830060362,0.24535356830060362,,not_applicable_no_external_contributions,0.15870539595816344,-0.06152028734489512,32,1.4622704544327103,0.10752993554131965,24.00569026125858,40.0,0.0,0.025,0.125,0.7372491901054826,0.28728769487345307,0.28728769487345307,-0.04193412657284945,-0.010378839321394162,0.0,,,0.2741976405176627,0.2741976405176627,-0.02884407221705909,0.04699508663113927,0.0,,,,,P2_N40_daily_B1_U_EW,P2,40,daily,1.0,unconstrained,equal,E1,evaluation,2010-01-01,2020-12-31,2021
2022-01-03,2022-12-30,251,-0.08109137981441739,-0.08109137981441739,-0.08140093248964642,,not_applicable_no_external_contributions,0.19346152075371348,-0.17695736489925606,250,-0.34240365403015616,0.13938773109568559,22.87643579737002,40.0,0.0,0.025,0.125,1.0,-0.18175361295122916,-0.18240727005194868,0.10100633756230226,0.06800657371015317,1.0,,,-0.32577015948669175,-0.326828176140617,0.24542724365097057,0.17132228241055747,1.0,,,,,P2_N40_daily_B1_U_EW,P2,40,daily,1.0,unconstrained,equal,E2,evaluation,2010-01-01,2021-12-31,2022
2023-01-03,2023-12-29,250,0.24883421958932517,0.24883421958932517,0.2510562265463048,,not_applicable_no_external_contributions,0.1420611376772902,-0.09949273296078287,84,1.6481603273142287,0.0948389994803207,21.555852676244214,40.0,0.0,0.025000000000000005,0.125,0.8572157841211889,0.26175777831245095,0.2641068904875523,-0.013050663941247542,0.0002504756931354102,0.0,,,0.5485557706092534,0.5539830080583357,-0.3029267815120309,0.008306656361082299,0.0,,,,,P2_N40_daily_B1_U_EW,P2,40,daily,1.0,unconstrained,equal,E3,evaluation,2010-01-01,2022-12-31,2023
2024-01-02,2024-12-31,252,0.2704939655566805,0.2704939655566805,0.2704939655566805,,not_applicable_no_external_contributions,0.14242862240555915,-0.0875245061241311,50,1.7525790068630984,0.093152988833001,20.422404922933335,40.0,0.0,0.025,0.125,0.7593195248897228,0.24886449847111503,0.24886449847111503,0.021629467085565457,-0.003468307460363085,1.0,,,0.2557827307615481,0.2557827307615481,0.014711234795132366,0.04805294519070635,1.0,,,,,P2_N40_daily_B1_U_EW,P2,40,daily,1.0,unconstrained,equal,E4,evaluation,2010-01-01,2023-12-31,2024
2025-01-02,2025-12-31,250,0.25946730641722726,0.25946730641722726,0.2617938131594104,,not_applicable_no_external_contributions,0.1767834351785091,-0.16743356495242734,85,1.4039369411592082,0.12210655839479069,21.78299692708385,40.0,0.0,0.025000000000000005,0.125,0.8409526977623298,0.1771908045051671,0.17872809721523475,0.08306571594417567,0.020118779941846188,1.0,,,0.2077254840592302,0.20955041897086812,0.05224339418854229,0.060249483053131825,1.0,,,,,P2_N40_daily_B1_U_EW,P2,40,daily,1.0,unconstrained,equal,E5,evaluation,2010-01-01,2024-12-31,2025
2021-01-04,2021-12-31,252,0.260582710592834,0.260582710592834,0.260582710592834,,not_applicable_no_external_contributions,0.13873588441715315,-0.057359036013321485,35,1.7390963848894032,0.09286935270619276,2.6460846844821213,40.0,0.0,0.025,0.125,0.76022564866285,0.28728769487345307,0.28728769487345307,-0.02670498428061907,-0.006217587989820528,0.0,,,0.2741976405176627,0.2741976405176627,-0.013614929924828711,0.051156337962712906,0.0,,,,,P2_N40_daily_B2_C_EW,P2,40,daily,2.0,current_classification_constrained,equal,E1,evaluation,2010-01-01,2020-12-31,2021
2022-01-03,2022-12-30,251,-0.150152386784151,-0.150152386784151,-0.15070307958992424,,not_applicable_no_external_contributions,0.24942721406424337,-0.2399721001523405,249,-0.5303849782524105,0.17932599181139008,3.127247939885812,40.0,0.0,0.025,0.125,1.0,-0.18175361295122916,-0.18240727005194868,0.03170419046202444,0.004991838457068742,1.0,,,-0.32577015948669175,-0.326828176140617,0.17612509655069275,0.10830754715747304,1.0,,,,,P2_N40_daily_B2_C_EW,P2,40,daily,2.0,current_classification_constrained,equal,E2,evaluation,2010-01-01,2021-12-31,2022
2023-01-03,2023-12-29,250,0.29801833084842877,0.29801833084842877,0.3007297465667549,,not_applicable_no_external_contributions,0.13523901889114687,-0.09402592042362445,85,2.012451816149025,0.0857865719244575,2.5528445372737263,40.0,0.0,0.025000000000000005,0.125,0.8795139515692849,0.26175777831245095,0.2641068904875523,0.03662285607920257,0.005717288230293827,1.0,,,0.5485557706092534,0.5539830080583357,-0.2532532614915808,0.013773468898240715,0.0,,,,,P2_N40_daily_B2_C_EW,P2,40,daily,2.0,current_classification_constrained,equal,E3,evaluation,2010-01-01,2022-12-31,2023
2024-01-02,2024-12-31,252,0.17765000644460782,0.17765000644460782,0.17765000644460782,,not_applicable_no_external_contributions,0.12260856656170148,-0.06328254638747999,34,1.395208089639093,0.08427739983035776,2.874305994019318,40.0,0.0,0.025,0.125,0.7556451798949292,0.24886449847111503,0.24886449847111503,-0.0712144920265072,0.020773652276288024,0.0,,,0.2557827307615481,0.2557827307615481,-0.0781327243169403,0.07229490492735746,0.0,,,,,P2_N40_daily_B2_C_EW,P2,40,daily,2.0,current_classification_constrained,equal,E4,evaluation,2010-01-01,2023-12-31,2024
2025-01-02,2025-12-31,250,0.18892288154616566,0.18892288154616566,0.19056994485615375,,not_applicable_no_external_contributions,0.19171176667220702,-0.17452393377959885,106,1.0049356528961995,0.12715170627945951,3.1403616299586252,40.0,0.0,0.025000000000000005,0.125,0.7797405641683948,0.1771908045051671,0.17872809721523475,0.011841847640919001,0.013028411114674676,1.0,,,0.2077254840592302,0.20955041897086812,-0.018980474114714374,0.05315911422596031,0.0,,,,,P2_N40_daily_B2_C_EW,P2,40,daily,2.0,current_classification_constrained,equal,E5,evaluation,2010-01-01,2024-12-31,2025
2021-01-04,2021-12-31,252,0.25530862190935033,0.25530862190935033,0.25530862190935033,,not_applicable_no_external_contributions,0.13816674356858114,-0.06041554947200889,33,1.7153276498917944,0.09269940316889073,2.6627802708429185,40.0,0.0,0.025,0.125,0.7609210548032201,0.28728769487345307,0.28728769487345307,-0.03197907296410274,-0.009274101448507932,0.0,,,0.2741976405176627,0.2741976405176627,-0.01888901860831238,0.0480998245040255,0.0,,,,,P2_N40_daily_B2_U_EW,P2,40,daily,2.0,unconstrained,equal,E1,evaluation,2010-01-01,2020-12-31,2021
2022-01-03,2022-12-30,251,-0.15515492533741437,-0.15515492533741437,-0.15572223509559535,,not_applicable_no_external_contributions,0.2525243177393553,-0.24968344322920832,249,-0.5442549491319254,0.1819028563139516,3.2219203384579442,40.0,0.0,0.025,0.125,1.0,-0.18175361295122916,-0.18240727005194868,0.026685034956353326,-0.004719504619799086,1.0,,,-0.32577015948669175,-0.326828176140617,0.17110594104502164,0.09859620408060521,1.0,,,,,P2_N40_daily_B2_U_EW,P2,40,daily,2.0,unconstrained,equal,E2,evaluation,2010-01-01,2021-12-31,2022
2023-01-03,2023-12-29,250,0.30271137958215033,0.30271137958215033,0.3054702898483397,,not_applicable_no_external_contributions,0.13632225612209972,-0.09242083354000108,80,2.024250775535306,0.086404792923861,2.5952202200420675,40.0,0.0,0.025000000000000005,0.125,0.8728785011830793,0.26175777831245095,0.2641068904875523,0.04136339936078737,0.007322375113917201,1.0,,,0.5485557706092534,0.5539830080583357,-0.248512718209996,0.01537855578186409,0.0,,,,,P2_N40_daily_B2_U_EW,P2,40,daily,2.0,unconstrained,equal,E3,evaluation,2010-01-01,2022-12-31,2023
2024-01-02,2024-12-31,252,0.18806108912556407,0.18806108912556407,0.18806108912556407,,not_applicable_no_external_contributions,0.12326376267383261,-0.062612424948428,34,1.4598949532733827,0.08454473026796064,2.8893952234492515,40.0,0.0,0.025,0.125,0.7500445268555866,0.24886449847111503,0.24886449847111503,-0.06080340934555095,0.02144377371534001,0.0,,,0.2557827307615481,0.2557827307615481,-0.06772164163598404,0.07296502636640945,0.0,,,,,P2_N40_daily_B2_U_EW,P2,40,daily,2.0,unconstrained,equal,E4,evaluation,2010-01-01,2023-12-31,2024
2025-01-02,2025-12-31,250,0.18853430049018138,0.18853430049018138,0.1901777130408504,,not_applicable_no_external_contributions,0.18936691093011185,-0.17168552942600268,105,1.0133375494812535,0.12575703935095206,3.167776709454109,40.0,0.0,0.025000000000000005,0.125,0.8038044125065155,0.1771908045051671,0.17872809721523475,0.011449615825615655,0.015866815468270845,1.0,,,0.2077254840592302,0.20955041897086812,-0.01937270593001772,0.05599751857955648,0.0,,,,,P2_N40_daily_B2_U_EW,P2,40,daily,2.0,unconstrained,equal,E5,evaluation,2010-01-01,2024-12-31,2025
2021-01-04,2021-12-31,252,0.23352430861124418,0.23352430861124418,0.23352430861124418,,not_applicable_no_external_contributions,0.1452749103498143,-0.0733940093618467,37,1.5177261851739883,0.09915859843947555,2.2405872792947146,40.0,0.0,0.02505992790846527,0.1346258224451986,0.7987126389689626,0.28728769487345307,0.28728769487345307,-0.05376338626220889,-0.022252561338345744,0.0,,,0.2741976405176627,0.2741976405176627,-0.04067333190641853,0.03512136461418769,0.0,,,,,P2_N40_monthly_B1.5_C_EW,P2,40,monthly,1.5,current_classification_constrained,equal,E1,evaluation,2010-01-01,2020-12-31,2021
2022-01-03,2022-12-30,251,-0.07828055954594026,-0.07828055954594026,-0.0785798472149214,,not_applicable_no_external_contributions,0.20686782602961237,-0.19152927744279036,250,-0.2923703461843916,0.14985878513899942,1.7277165054824941,40.0,0.0,0.025073406961732617,0.1344616303539572,1.0,-0.18175361295122916,-0.18240727005194868,0.10382742283702728,0.05343466116661888,1.0,,,-0.32577015948669175,-0.326828176140617,0.2482483289256956,0.15675036986702318,1.0,,,,,P2_N40_monthly_B1.5_C_EW,P2,40,monthly,1.5,current_classification_constrained,equal,E2,evaluation,2010-01-01,2021-12-31,2022
2023-01-03,2023-12-29,250,0.1889909735196471,0.1889909735196471,0.19063867666639833,,not_applicable_no_external_contributions,0.12471851994341403,-0.09943744349917016,78,1.4616549672044339,0.08285963992273845,2.075426532116635,40.0,0.0,0.02505002651159553,0.1336953973861345,0.9060785271839786,0.26175777831245095,0.2641068904875523,-0.07346821382115398,0.0003057651547481166,0.0,,,0.5485557706092534,0.5539830080583357,-0.36334433139193734,0.008361945822695005,0.0,,,,,P2_N40_monthly_B1.5_C_EW,P2,40,monthly,1.5,current_classification_constrained,equal,E3,evaluation,2010-01-01,2022-12-31,2023
2024-01-02,2024-12-31,252,0.25496161760695557,0.25496161760695557,0.25496161760695557,,not_applicable_no_external_contributions,0.1296984983351049,-0.08176499698053197,33,1.8164005662410057,0.0847584031495602,2.106409804891836,40.0,0.0,0.025082979205239515,0.1368162153166159,0.7115562590335024,0.24886449847111503,0.24886449847111503,0.006097119135840545,0.002291201683236044,1.0,,,0.2557827307615481,0.2557827307615481,-0.0008211131545925454,0.05381245433430548,0.0,,,,,P2_N40_monthly_B1.5_C_EW,P2,40,monthly,1.5,current_classification_constrained,equal,E4,evaluation,2010-01-01,2023-12-31,2024
2025-01-02,2025-12-31,250,0.21186173746490367,0.21186173746490367,0.2137261196335254,,not_applicable_no_external_contributions,0.17200290978624094,-0.15696513909972154,59,1.2116802132439488,0.11436519918060674,1.979749026585098,40.0,0.0,0.025079238347222164,0.13626713931991197,0.8207522841975183,0.1771908045051671,0.17872809721523475,0.03499802241829064,0.030587205794551986,1.0,,,0.2077254840592302,0.20955041897086812,0.004175700662657267,0.07071790890583762,1.0,,,,,P2_N40_monthly_B1.5_C_EW,P2,40,monthly,1.5,current_classification_constrained,equal,E5,evaluation,2010-01-01,2024-12-31,2025
2021-01-04,2021-12-31,252,0.25209820420727724,0.25209820420727724,0.25209820420727724,,not_applicable_no_external_contributions,0.16142473788674488,-0.08359660085260912,39,1.4738521442538777,0.11019948277892751,2.072870606245673,40.0,0.0,0.025064864163182186,0.1350558675965329,0.7945595994955967,0.28728769487345307,0.28728769487345307,-0.03518949066617583,-0.03245515282910816,0.0,,,0.2741976405176627,0.2741976405176627,-0.022099436310385467,0.024918773123425275,0.0,,,,,P2_N40_monthly_B1.5_U_EW,P2,40,monthly,1.5,unconstrained,equal,E1,evaluation,2010-01-01,2020-12-31,2021
2022-01-03,2022-12-30,251,-0.08400522495009344,-0.08400522495009344,-0.08432538258012123,,not_applicable_no_external_contributions,0.2081320240907597,-0.19536702614251844,250,-0.31935686492022014,0.15157208209332132,1.7830958580135523,40.0,0.0,0.025073535207895823,0.134527684614874,1.0,-0.18175361295122916,-0.18240727005194868,0.09808188747182744,0.0495969124668908,1.0,,,-0.32577015948669175,-0.326828176140617,0.24250279356049576,0.1529126211672951,1.0,,,,,P2_N40_monthly_B1.5_U_EW,P2,40,monthly,1.5,unconstrained,equal,E2,evaluation,2010-01-01,2021-12-31,2022
2023-01-03,2023-12-29,250,0.20685104842033786,0.20685104842033786,0.20866765851662006,,not_applicable_no_external_contributions,0.13208178082323832,-0.09944885468384224,90,1.501164304768529,0.08772285740064382,2.136504920818285,40.0,0.0,0.02505530750337496,0.13405969874306078,0.9098380473451323,0.26175777831245095,0.2641068904875523,-0.05543923197093226,0.00029435397007604447,0.0,,,0.5485557706092534,0.5539830080583357,-0.3453153495417156,0.008350534638022933,0.0,,,,,P2_N40_monthly_B1.5_U_EW,P2,40,monthly,1.5,unconstrained,equal,E3,evaluation,2010-01-01,2022-12-31,2023
2024-01-02,2024-12-31,252,0.2642683820635672,0.2642683820635672,0.2642683820635672,,not_applicable_no_external_contributions,0.15240602645811618,-0.10236181877979966,42,1.6152528399059976,0.10215337735032527,1.9507012730091478,40.0,0.0,0.025094293479756082,0.13747821734125468,0.7340939889741847,0.24886449847111503,0.24886449847111503,0.01540388359245215,-0.01830562011603165,1.0,,,0.2557827307615481,0.2557827307615481,0.00848565130201906,0.03321563253503779,1.0,,,,,P2_N40_monthly_B1.5_U_EW,P2,40,monthly,1.5,unconstrained,equal,E4,evaluation,2010-01-01,2023-12-31,2024
2025-01-02,2025-12-31,250,0.2069380077559384,0.2069380077559384,0.20875544549473335,,not_applicable_no_external_contributions,0.17594284173750213,-0.1603056711343982,59,1.1650566197805399,0.11736923282301265,2.025765689122372,40.0,0.0,0.025079509135067127,0.1363110676515448,0.8352243834151252,0.1771908045051671,0.17872809721523475,0.0300273482794986,0.02724667375987533,1.0,,,0.2077254840592302,0.20955041897086812,-0.0007949734761347749,0.06737737687116097,0.0,,,,,P2_N40_monthly_B1.5_U_EW,P2,40,monthly,1.5,unconstrained,equal,E5,evaluation,2010-01-01,2024-12-31,2025
2021-01-04,2021-12-31,252,0.262802510325145,0.262802510325145,0.262802510325145,,not_applicable_no_external_contributions,0.15003809106254032,-0.05911752106167889,32,1.6307149359137014,0.10223872144002687,4.626298907442279,40.0,0.0,0.025064477072599907,0.13499326789432714,0.7437101904555488,0.28728769487345307,0.28728769487345307,-0.02448518454830806,-0.007976073038177933,0.0,,,0.2741976405176627,0.2741976405176627,-0.0113951301925177,0.0493978529143555,0.0,,,,,P2_N40_monthly_B1_C_EW,P2,40,monthly,1.0,current_classification_constrained,equal,E1,evaluation,2010-01-01,2020-12-31,2021
2022-01-03,2022-12-30,251,-0.08681175608039471,-0.08681175608039471,-0.08714209305593912,,not_applicable_no_external_contributions,0.19154376400289921,-0.19331608780327358,250,-0.3804519860872246,0.13840701859399737,4.334181600400726,40.0,0.0,0.025065521446656983,0.13375234326074317,1.0,-0.18175361295122916,-0.18240727005194868,0.09526517699600956,0.05164785080613565,1.0,,,-0.32577015948669175,-0.326828176140617,0.23968608308467787,0.15496355950653995,1.0,,,,,P2_N40_monthly_B1_C_EW,P2,40,monthly,1.0,current_classification_constrained,equal,E2,evaluation,2010-01-01,2021-12-31,2022
2023-01-03,2023-12-29,250,0.1894249409258857,0.1894249409258857,0.1910767226543022,,not_applicable_no_external_contributions,0.12453780048750268,-0.10120803067796569,86,1.4665412068267383,0.0823468908926673,4.771852189391123,40.0,0.0,0.02505302809552064,0.1339936379997338,0.8474895542467685,0.26175777831245095,0.2641068904875523,-0.07303016783325011,-0.0014648220240474075,0.0,,,0.5485557706092534,0.5539830080583357,-0.36290628540403347,0.006591358643899481,0.0,,,,,P2_N40_monthly_B1_C_EW,P2,40,monthly,1.0,current_classification_constrained,equal,E3,evaluation,2010-01-01,2022-12-31,2023
2024-01-02,2024-12-31,252,0.26130312978139947,0.26130312978139947,0.26130312978139947,,not_applicable_no_external_contributions,0.12922579542772467,-0.08130723382665406,47,1.861607107121424,0.08411238151084652,4.326986854569119,40.0,0.0,0.025094800938533002,0.13762704425509326,0.7647924305557507,0.24886449847111503,0.24886449847111503,0.012438631310284443,0.002748964837113954,1.0,,,0.2557827307615481,0.2557827307615481,0.005520399019851352,0.05427021748818339,1.0,,,,,P2_N40_monthly_B1_C_EW,P2,40,monthly,1.0,current_classification_constrained,equal,E4,evaluation,2010-01-01,2023-12-31,2024
2025-01-02,2025-12-31,250,0.23033802485368393,0.23033802485368393,0.23238000130693126,,not_applicable_no_external_contributions,0.17667621737224146,-0.17052115209166818,86,1.2708107804225133,0.12050653875679242,4.015488396469732,40.0,0.0,0.02508621435085391,0.13688822626891584,0.7938142445924335,0.1771908045051671,0.17872809721523475,0.05365190409169651,0.017031192802605344,1.0,,,0.2077254840592302,0.20955041897086812,0.022829582336063137,0.05716189591389098,1.0,,,,,P2_N40_monthly_B1_C_EW,P2,40,monthly,1.0,current_classification_constrained,equal,E5,evaluation,2010-01-01,2024-12-31,2025
2021-01-04,2021-12-31,252,0.27636442129132677,0.27636442129132677,0.27636442129132677,,not_applicable_no_external_contributions,0.15764379136094253,-0.05398402159903559,32,1.6272432783649313,0.10643052446635644,4.969172243676735,40.0,0.0,0.025061849325922297,0.13467065758824598,0.7474818172135047,0.28728769487345307,0.28728769487345307,-0.010923273582126303,-0.002842573575534635,0.0,,,0.2741976405176627,0.2741976405176627,0.0021667807736640565,0.0545313523769988,1.0,,,,,P2_N40_monthly_B1_U_EW,P2,40,monthly,1.0,unconstrained,equal,E1,evaluation,2010-01-01,2020-12-31,2021
2022-01-03,2022-12-30,251,-0.07311055472629169,-0.07311055472629169,-0.07339087231475061,,not_applicable_no_external_contributions,0.1932398012968601,-0.1951728680769772,250,-0.2980552462377685,0.1399702138546243,4.440069560346377,40.0,0.0,0.02506388545858956,0.1338518031213419,1.0,-0.18175361295122916,-0.18240727005194868,0.10901639773719807,0.049791070532432036,1.0,,,-0.32577015948669175,-0.326828176140617,0.2534373038258664,0.15310677923283633,1.0,,,,,P2_N40_monthly_B1_U_EW,P2,40,monthly,1.0,unconstrained,equal,E2,evaluation,2010-01-01,2021-12-31,2022
2023-01-03,2023-12-29,250,0.26643418879856484,0.26643418879856484,0.2688295582717932,,not_applicable_no_external_contributions,0.14037489032693448,-0.1048347855225833,74,1.7668086009153356,0.0917746127782266,4.822153380441667,40.0,0.0,0.025058633092364765,0.13429149715149544,0.8199235003204545,0.26175777831245095,0.2641068904875523,0.004722667784240908,-0.005091576868665015,1.0,,,0.5485557706092534,0.5539830080583357,-0.28515344978654245,0.002964603799281873,0.0,,,,,P2_N40_monthly_B1_U_EW,P2,40,monthly,1.0,unconstrained,equal,E3,evaluation,2010-01-01,2022-12-31,2023
2024-01-02,2024-12-31,252,0.25965132329712226,0.25965132329712226,0.25965132329712226,,not_applicable_no_external_contributions,0.1464595442203432,-0.08799729265752043,52,1.6497633028348013,0.09703060085032998,4.5203890339670565,40.0,0.0,0.025096345131777657,0.13779273056990554,0.772121544798683,0.24886449847111503,0.24886449847111503,0.010786824826007235,-0.00394109399375242,1.0,,,0.2557827307615481,0.2557827307615481,0.0038685925355741446,0.04758015865731702,1.0,,,,,P2_N40_monthly_B1_U_EW,P2,40,monthly,1.0,unconstrained,equal,E4,evaluation,2010-01-01,2023-12-31,2024
2025-01-02,2025-12-31,250,0.2539354163970893,0.2539354163970893,0.2562074659718938,,not_applicable_no_external_contributions,0.1820009625263362,-0.1705211520916683,86,1.3442041347378286,0.12471372440094101,4.175623479830462,40.0,0.0,0.025095124290165985,0.13754549930245635,0.8000386550347792,0.1771908045051671,0.17872809721523475,0.07747936875665906,0.017031192802605233,1.0,,,0.2077254840592302,0.20955041897086812,0.04665704700102569,0.05716189591389087,1.0,,,,,P2_N40_monthly_B1_U_EW,P2,40,monthly,1.0,unconstrained,equal,E5,evaluation,2010-01-01,2024-12-31,2025
2021-01-04,2021-12-31,252,0.2688887362490058,0.2688887362490058,0.2688887362490058,,not_applicable_no_external_contributions,0.13947695794333517,-0.050558465932727614,35,1.777747563106173,0.0941133684683862,0.5959936031002611,40.0,0.0,0.025050635364895886,0.13338089366684186,0.7472437072773074,0.28728769487345307,0.28728769487345307,-0.018398958624447292,0.000582982090773343,0.0,,,0.2741976405176627,0.2741976405176627,-0.005308904268656933,0.057956908043306776,0.0,,,,,P2_N40_monthly_B2_C_EW,P2,40,monthly,2.0,current_classification_constrained,equal,E1,evaluation,2010-01-01,2020-12-31,2021
2022-01-03,2022-12-30,251,-0.18348070014953577,-0.18348070014953577,-0.18413984560336805,,not_applicable_no_external_contributions,0.25727329557305345,-0.2639974560506674,249,-0.6625162344575962,0.18579875069332352,0.7045017527901682,40.0,0.0,0.025076195950725706,0.13459428880782143,1.0,-0.18175361295122916,-0.18240727005194868,-0.0017325755514193686,-0.01903351744125814,0.0,,,-0.32577015948669175,-0.326828176140617,0.14268833053724894,0.08428219125914616,1.0,,,,,P2_N40_monthly_B2_C_EW,P2,40,monthly,2.0,current_classification_constrained,equal,E2,evaluation,2010-01-01,2021-12-31,2022
2023-01-03,2023-12-29,250,0.3198157770111403,0.3198157770111403,0.3227489398135599,,not_applicable_no_external_contributions,0.14078512980126637,-0.10431219301161498,86,2.0579333683579617,0.08871229702633977,0.6740454230735117,40.0,0.0,0.02505941428859399,0.1344731854942505,0.8801534021920465,0.26175777831245095,0.2641068904875523,0.058642049326007584,-0.004568984357696704,1.0,,,0.5485557706092534,0.5539830080583357,-0.23123406824477577,0.0034871963102501846,0.0,,,,,P2_N40_monthly_B2_C_EW,P2,40,monthly,2.0,current_classification_constrained,equal,E3,evaluation,2010-01-01,2022-12-31,2023
2024-01-02,2024-12-31,252,0.184527647803564,0.184527647803564,0.184527647803564,,not_applicable_no_external_contributions,0.12667851061915517,-0.06310401654442499,35,1.400379544909328,0.08702767362798505,0.6912335161867151,40.0,0.0,0.025078858106150622,0.13622141924464942,0.7767234081784692,0.24886449847111503,0.24886449847111503,-0.06433685066755102,0.02095218211934302,0.0,,,0.2557827307615481,0.2557827307615481,-0.0712550829579841,0.07247343477041246,0.0,,,,,P2_N40_monthly_B2_C_EW,P2,40,monthly,2.0,current_classification_constrained,equal,E4,evaluation,2010-01-01,2023-12-31,2024
2025-01-02,2025-12-31,250,0.1813282321714531,0.1813282321714531,0.18290412923190402,,not_applicable_no_external_contributions,0.19037984967035787,-0.17796263053273964,106,0.9766894727108174,0.1259670788690686,0.7790419217931852,40.0,0.0,0.025085081616949556,0.13652621943399035,0.7915873314992218,0.1771908045051671,0.17872809721523475,0.004176032016669273,0.009589714361533885,1.0,,,0.2077254840592302,0.20955041897086812,-0.026646289738964102,0.04972041747281952,0.0,,,,,P2_N40_monthly_B2_C_EW,P2,40,monthly,2.0,current_classification_constrained,equal,E5,evaluation,2010-01-01,2024-12-31,2025
2021-01-04,2021-12-31,252,0.2790473755334284,0.2790473755334284,0.2790473755334284,,not_applicable_no_external_contributions,0.14957215370216528,-0.055409500061471384,34,1.7208623799878768,0.10155340610140957,0.6273488223056665,40.0,0.0,0.02505691114068037,0.13420591327676862,0.6782525010421421,0.28728769487345307,0.28728769487345307,-0.008240319340024671,-0.004268052037970427,0.0,,,0.2741976405176627,0.2741976405176627,0.004849735015765688,0.05310587391456301,1.0,,,,,P2_N40_monthly_B2_U_EW,P2,40,monthly,2.0,unconstrained,equal,E1,evaluation,2010-01-01,2020-12-31,2021
2022-01-03,2022-12-30,251,-0.23458284621178904,-0.23458284621178904,-0.23539764033300836,,not_applicable_no_external_contributions,0.28417772515915884,-0.3132612608921722,250,-0.80239992725053,0.205777751845163,0.7655639621874137,40.0,0.0,0.025090096911773316,0.13552386161929303,1.0,-0.18175361295122916,-0.18240727005194868,-0.052990370281059684,-0.06829732228276297,0.0,,,-0.32577015948669175,-0.326828176140617,0.09143053580760863,0.03501838641764132,1.0,,,,,P2_N40_monthly_B2_U_EW,P2,40,monthly,2.0,unconstrained,equal,E2,evaluation,2010-01-01,2021-12-31,2022
2023-01-03,2023-12-29,250,0.4351796611103629,0.4351796611103629,0.43933379054681176,,not_applicable_no_external_contributions,0.15608819098868423,-0.10687245208860874,78,2.4124588179364754,0.09611978832308259,0.7124763080932625,40.0,0.0,0.025065407095752442,0.1348273557442597,0.8397175105339032,0.26175777831245095,0.2641068904875523,0.17522690005925945,-0.007129243434690458,1.0,,,0.5485557706092534,0.5539830080583357,-0.1146492175115239,0.0009269372332564307,0.0,,,,,P2_N40_monthly_B2_U_EW,P2,40,monthly,2.0,unconstrained,equal,E3,evaluation,2010-01-01,2022-12-31,2023
2024-01-02,2024-12-31,252,0.18701825500540648,0.18701825500540648,0.18701825500540648,,not_applicable_no_external_contributions,0.1428343391982966,-0.08375634059759296,52,1.2719170876520374,0.09904273134986114,0.7402028794086621,40.0,0.0,0.02509463772460182,0.13730331151454034,0.7826597459174244,0.24886449847111503,0.24886449847111503,-0.06184624346570855,0.0002998580661750516,0.0,,,0.2557827307615481,0.2557827307615481,-0.06876447575614164,0.05182111071724449,0.0,,,,,P2_N40_monthly_B2_U_EW,P2,40,monthly,2.0,unconstrained,equal,E4,evaluation,2010-01-01,2023-12-31,2024
2025-01-02,2025-12-31,250,0.22995657982675533,0.22995657982675533,0.23199486705333272,,not_applicable_no_external_contributions,0.20512124736391105,-0.1922759446778446,75,1.1187427836931205,0.13476726620870874,0.8188306818866882,40.0,0.0,0.025100534010821268,0.13780740525457655,0.8547918380558212,0.1771908045051671,0.17872809721523475,0.05326676983809797,-0.004723599783571064,1.0,,,0.2077254840592302,0.20955041897086812,0.022444448082464596,0.03540710332771457,1.0,,,,,P2_N40_monthly_B2_U_EW,P2,40,monthly,2.0,unconstrained,equal,E5,evaluation,2010-01-01,2024-12-31,2025
2021-01-04,2021-12-31,252,0.28367396375248566,0.28367396375248566,0.28367396375248566,,not_applicable_no_external_contributions,0.15267981886810233,-0.06730792773031313,32,1.712567477484324,0.10332995039441956,3.1835392090314185,40.0,0.0,0.02501115755514908,0.1286550072570186,0.7311059772663214,0.28728769487345307,0.28728769487345307,-0.0036137311209674117,-0.016166479706812176,0.0,,,0.2741976405176627,0.2741976405176627,0.009476323234822948,0.04120744624572126,1.0,,,,,P2_N40_weekly_B1.5_C_EW,P2,40,weekly,1.5,current_classification_constrained,equal,E1,evaluation,2010-01-01,2020-12-31,2021
2022-01-03,2022-12-30,251,-0.08809713909773864,-0.08809713909773864,-0.08843212667497558,,not_applicable_no_external_contributions,0.2057588188071988,-0.19941072376002167,250,-0.3472889561130239,0.14941907097564533,2.681601258222331,40.0,0.0,0.02501410314357757,0.1288555212369601,1.0,-0.18175361295122916,-0.18240727005194868,0.0939751433769731,0.04555321484938757,1.0,,,-0.32577015948669175,-0.326828176140617,0.2383960494656414,0.14886892354979187,1.0,,,,,P2_N40_weekly_B1.5_C_EW,P2,40,weekly,1.5,current_classification_constrained,equal,E2,evaluation,2010-01-01,2021-12-31,2022
2023-01-03,2023-12-29,250,0.19741324187842912,0.19741324187842912,0.19914032843850604,,not_applicable_no_external_contributions,0.12904167772411676,-0.10325918241690246,86,1.4720943071214447,0.08555980120916579,3.5009211673388223,40.0,0.0,0.025011209884103033,0.12850919781793363,0.875206212102321,0.26175777831245095,0.2641068904875523,-0.06496656204904627,-0.0035159737629841814,0.0,,,0.5485557706092534,0.5539830080583357,-0.3548426796198296,0.004540206904962707,0.0,,,,,P2_N40_weekly_B1.5_C_EW,P2,40,weekly,1.5,current_classification_constrained,equal,E3,evaluation,2010-01-01,2022-12-31,2023
2024-01-02,2024-12-31,252,0.27359746856212874,0.27359746856212874,0.27359746856212874,,not_applicable_no_external_contributions,0.13515441648554294,-0.09095280637651193,49,1.8575456207120258,0.08805790730529897,3.4373095033986996,40.0,0.0,0.025017876485453183,0.1294581352325745,0.735576063996152,0.24886449847111503,0.24886449847111503,0.024732970091013717,-0.0068966077127439185,1.0,,,0.2557827307615481,0.2557827307615481,0.017814737800580627,0.04462464493832552,1.0,,,,,P2_N40_weekly_B1.5_C_EW,P2,40,weekly,1.5,current_classification_constrained,equal,E4,evaluation,2010-01-01,2023-12-31,2024
2025-01-02,2025-12-31,250,0.21487500599590637,0.21487500599590637,0.21676819737660757,,not_applicable_no_external_contributions,0.1774046793917303,-0.1670060991073703,60,1.194010866263234,0.11719279331466703,3.235433331677849,40.0,0.0,0.025017014558274927,0.1293559770595031,0.8365980221051055,0.1771908045051671,0.17872809721523475,0.038040100161372825,0.020546245786903228,1.0,,,0.2077254840592302,0.20955041897086812,0.00721777840573945,0.060676948898188865,1.0,,,,,P2_N40_weekly_B1.5_C_EW,P2,40,weekly,1.5,current_classification_constrained,equal,E5,evaluation,2010-01-01,2024-12-31,2025
2021-01-04,2021-12-31,252,0.2640495775439047,0.2640495775439047,0.2640495775439047,,not_applicable_no_external_contributions,0.16505901664746228,-0.08018442802327208,33,1.5025681253550633,0.11208122785025608,3.0830249917595975,40.0,0.0,0.025011940090805117,0.1287842213354852,0.7415612396900093,0.28728769487345307,0.28728769487345307,-0.02323811732954839,-0.029042979999771124,0.0,,,0.2741976405176627,0.2741976405176627,-0.010148062973758032,0.02833094595276231,0.0,,,,,P2_N40_weekly_B1.5_U_EW,P2,40,weekly,1.5,unconstrained,equal,E1,evaluation,2010-01-01,2020-12-31,2021
2022-01-03,2022-12-30,251,-0.10304397321504077,-0.10304397321504077,-0.10343250485497735,,not_applicable_no_external_contributions,0.20924569801839393,-0.21176772857855675,250,-0.41727475033922773,0.1533282252307991,2.8287205869246574,40.0,0.0,0.02501384305907247,0.12883705745865467,1.0,-0.18175361295122916,-0.18240727005194868,0.07897476519697133,0.03319621003085249,1.0,,,-0.32577015948669175,-0.326828176140617,0.22339567128563964,0.1365119187312568,1.0,,,,,P2_N40_weekly_B1.5_U_EW,P2,40,weekly,1.5,unconstrained,equal,E2,evaluation,2010-01-01,2021-12-31,2022
2023-01-03,2023-12-29,250,0.24005766885686275,0.24005766885686275,0.24219397238882512,,not_applicable_no_external_contributions,0.13593331350711982,-0.09696690823633691,74,1.6638656509043854,0.09022056935829248,3.1945490661249076,40.0,0.0,0.02501127696851063,0.1285061048537364,0.8920204335999413,0.26175777831245095,0.2641068904875523,-0.021912918098727197,0.0027763004175813677,0.0,,,0.5485557706092534,0.5539830080583357,-0.31178903566951055,0.010832481085528256,0.0,,,,,P2_N40_weekly_B1.5_U_EW,P2,40,weekly,1.5,unconstrained,equal,E3,evaluation,2010-01-01,2022-12-31,2023
2024-01-02,2024-12-31,252,0.25187778821202134,0.25187778821202134,0.25187778821202134,,not_applicable_no_external_contributions,0.14994849120167636,-0.09055187337310855,50,1.573483454069464,0.09965126395197542,3.0271293207226195,40.0,0.0,0.025017430593484314,0.1293680446814801,0.7380630536355471,0.24886449847111503,0.24886449847111503,0.003013289740906311,-0.006495674709340538,1.0,,,0.2557827307615481,0.2557827307615481,-0.0039049425495267798,0.0450255779417289,0.0,,,,,P2_N40_weekly_B1.5_U_EW,P2,40,weekly,1.5,unconstrained,equal,E4,evaluation,2010-01-01,2023-12-31,2024
2025-01-02,2025-12-31,250,0.21496173609657654,0.21496173609657654,0.2168557575795318,,not_applicable_no_external_contributions,0.17999970530730425,-0.16853981065629164,60,1.179782108902163,0.11963934608792916,3.195126656979181,40.0,0.0,0.025017106397184574,0.1293616769342058,0.8476576309375032,0.1771908045051671,0.17872809721523475,0.038127660364297045,0.019012534237981882,1.0,,,0.2077254840592302,0.20955041897086812,0.00730533860866367,0.05914323734926752,1.0,,,,,P2_N40_weekly_B1.5_U_EW,P2,40,weekly,1.5,unconstrained,equal,E5,evaluation,2010-01-01,2024-12-31,2025
2021-01-04,2021-12-31,252,0.24430492918641677,0.24430492918641677,0.24430492918641677,,not_applicable_no_external_contributions,0.15170772502737048,-0.058453674839709535,32,1.5170600379352637,0.10351440785608391,8.916642249699045,40.0,0.0,0.025011596005113435,0.12867036651823452,0.7533690253283412,0.28728769487345307,0.28728769487345307,-0.042982765687036295,-0.007312226816208578,0.0,,,0.2741976405176627,0.2741976405176627,-0.029892711331245936,0.050061699136324855,0.0,,,,,P2_N40_weekly_B1_C_EW,P2,40,weekly,1.0,current_classification_constrained,equal,E1,evaluation,2010-01-01,2020-12-31,2021
2022-01-03,2022-12-30,251,-0.08616085616783764,-0.08616085616783764,-0.08648883538410956,,not_applicable_no_external_contributions,0.1920187326631726,-0.1881565345236127,250,-0.37532227090023657,0.13855442699754514,8.415495198269316,40.0,0.0,0.025013139989121004,0.12872096613364756,1.0,-0.18175361295122916,-0.18240727005194868,0.09591843466783911,0.05680740408579654,1.0,,,-0.32577015948669175,-0.326828176140617,0.24033934075650742,0.16012311278620084,1.0,,,,,P2_N40_weekly_B1_C_EW,P2,40,weekly,1.0,current_classification_constrained,equal,E2,evaluation,2010-01-01,2021-12-31,2022
2023-01-03,2023-12-29,250,0.20857486119750313,0.20857486119750313,0.21040788725773396,,not_applicable_no_external_contributions,0.1290161348324079,-0.09577885786398621,78,1.544887611677093,0.08496176239447796,8.851907858729627,40.0,0.0,0.025011020069424163,0.12851870443335298,0.8621750518910486,0.26175777831245095,0.2641068904875523,-0.053699003229818354,0.00396435078993207,0.0,,,0.5485557706092534,0.5539830080583357,-0.3435751208006017,0.012020531457878958,0.0,,,,,P2_N40_weekly_B1_C_EW,P2,40,weekly,1.0,current_classification_constrained,equal,E3,evaluation,2010-01-01,2022-12-31,2023
2024-01-02,2024-12-31,252,0.25936381313200196,0.25936381313200196,0.25936381313200196,,not_applicable_no_external_contributions,0.1289509072228636,-0.08079725713765817,50,1.853347504940564,0.0838658768131879,8.223993393994185,40.0,0.0,0.02501707825397069,0.1292765948430992,0.7797909053144835,0.24886449847111503,0.24886449847111503,0.010499314660886938,0.0032589415261098376,1.0,,,0.2557827307615481,0.2557827307615481,0.0035810823704538475,0.054780194177179276,1.0,,,,,P2_N40_weekly_B1_C_EW,P2,40,weekly,1.0,current_classification_constrained,equal,E4,evaluation,2010-01-01,2023-12-31,2024
2025-01-02,2025-12-31,250,0.21066985497432134,0.21066985497432134,0.21252285850390673,,not_applicable_no_external_contributions,0.17217577746391471,-0.16811645603151548,86,1.2052031082667138,0.11831353761055531,8.26025100608098,40.0,0.0,0.025017759827583932,0.12942282352313805,0.8237281107679448,0.1771908045051671,0.17872809721523475,0.03379476128867198,0.019435888862758044,1.0,,,0.2077254840592302,0.20955041897086812,0.0029724395330386066,0.05956659197404368,1.0,,,,,P2_N40_weekly_B1_C_EW,P2,40,weekly,1.0,current_classification_constrained,equal,E5,evaluation,2010-01-01,2024-12-31,2025
2021-01-04,2021-12-31,252,0.2492818488031614,0.2492818488031614,0.2492818488031614,,not_applicable_no_external_contributions,0.1572977039088727,-0.059367455210318276,32,1.4939739558551368,0.10606505036692947,10.285394630677281,40.0,0.0,0.025011586091881838,0.12862456301137865,0.75213833000298,0.28728769487345307,0.28728769487345307,-0.03800584607029167,-0.008226007186817319,0.0,,,0.2741976405176627,0.2741976405176627,-0.024915791714501312,0.049147918765716114,0.0,,,,,P2_N40_weekly_B1_U_EW,P2,40,weekly,1.0,unconstrained,equal,E1,evaluation,2010-01-01,2020-12-31,2021
2022-01-03,2022-12-30,251,-0.07130204129736983,-0.07130204129736983,-0.0715756957271304,,not_applicable_no_external_contributions,0.19290593267372427,-0.18126260152861962,250,-0.2888026325299284,0.13886809037966966,9.300697097197467,40.0,0.0,0.025013236223297364,0.12873686780356197,1.0,-0.18175361295122916,-0.18240727005194868,0.11083157432481827,0.06370133708078962,1.0,,,-0.32577015948669175,-0.326828176140617,0.2552524804134866,0.16701704578119392,1.0,,,,,P2_N40_weekly_B1_U_EW,P2,40,weekly,1.0,unconstrained,equal,E2,evaluation,2010-01-01,2021-12-31,2022
2023-01-03,2023-12-29,250,0.26894951937806466,0.26894951937806466,0.2713698272919658,,not_applicable_no_external_contributions,0.1414785426392844,-0.09525341141172383,63,1.7682988029477198,0.09348917462153886,9.98626212906046,40.0,0.0,0.025011622945463254,0.12861033832978233,0.837203585154988,0.26175777831245095,0.2641068904875523,0.007262936804413478,0.004489797242194449,1.0,,,0.5485557706092534,0.5539830080583357,-0.2826131807663699,0.012545977910141337,0.0,,,,,P2_N40_weekly_B1_U_EW,P2,40,weekly,1.0,unconstrained,equal,E3,evaluation,2010-01-01,2022-12-31,2023
2024-01-02,2024-12-31,252,0.2815006688540769,0.2815006688540769,0.2815006688540769,,not_applicable_no_external_contributions,0.14305293037134192,-0.08293398252230233,50,1.8058939926425097,0.09324712169922797,9.232729907668544,40.0,0.0,0.0250173370899549,0.12933893861500903,0.7827180098354365,0.24886449847111503,0.24886449847111503,0.03263617038296185,0.0011222161414656817,1.0,,,0.2557827307615481,0.2557827307615481,0.025717938092528758,0.05264346879253512,1.0,,,,,P2_N40_weekly_B1_U_EW,P2,40,weekly,1.0,unconstrained,equal,E4,evaluation,2010-01-01,2023-12-31,2024
2025-01-02,2025-12-31,250,0.2572558501720641,0.2572558501720641,0.2595605632435154,,not_applicable_no_external_contributions,0.17814634516722083,-0.17117057532213997,85,1.384518978856768,0.1226663847942234,9.241500064702453,40.0,0.0,0.025018377832360633,0.12957920065934797,0.8475257495282911,0.1771908045051671,0.17872809721523475,0.08083246602828065,0.016381769572133553,1.0,,,0.2077254840592302,0.20955041897086812,0.05001014427264727,0.05651247268341919,1.0,,,,,P2_N40_weekly_B1_U_EW,P2,40,weekly,1.0,unconstrained,equal,E5,evaluation,2010-01-01,2024-12-31,2025
2021-01-04,2021-12-31,252,0.2622256663906031,0.2622256663906031,0.2622256663906031,,not_applicable_no_external_contributions,0.14542965512333025,-0.05652989309589862,37,1.674537756468192,0.09744504041595138,1.2929412840152343,40.0,0.0,0.025011187098770697,0.1285411724424682,0.7840038383272347,0.28728769487345307,0.28728769487345307,-0.025062028482849996,-0.005388445072397663,0.0,,,0.2741976405176627,0.2741976405176627,-0.011971974127059637,0.05198548088013577,0.0,,,,,P2_N40_weekly_B2_C_EW,P2,40,weekly,2.0,current_classification_constrained,equal,E1,evaluation,2010-01-01,2020-12-31,2021
2022-01-03,2022-12-30,251,-0.15789714725726045,-0.15789714725726045,-0.15847351566765155,,not_applicable_no_external_contributions,0.25594634912584713,-0.25325811147866484,249,-0.5463412963539002,0.18426941251324472,1.5222386561097694,40.0,0.0,0.025016766474601455,0.12920425109670014,1.0,-0.18175361295122916,-0.18240727005194868,0.023933754384297123,-0.0082941728692556,1.0,,,-0.32577015948669175,-0.326828176140617,0.16835466047296543,0.0950215358311487,1.0,,,,,P2_N40_weekly_B2_C_EW,P2,40,weekly,2.0,current_classification_constrained,equal,E2,evaluation,2010-01-01,2021-12-31,2022
2023-01-03,2023-12-29,250,0.3146134305399424,0.3146134305399424,0.3174934033384458,,not_applicable_no_external_contributions,0.13999863537671087,-0.09633689364527054,85,2.0402378648003916,0.08823493478383464,1.2259761117530867,40.0,0.0,0.02501103109007598,0.1286007057811994,0.8660407586351129,0.26175777831245095,0.2641068904875523,0.053386512850893464,0.0034063150086477423,1.0,,,0.5485557706092534,0.5539830080583357,-0.2364896047198899,0.01146249567659463,0.0,,,,,P2_N40_weekly_B2_C_EW,P2,40,weekly,2.0,current_classification_constrained,equal,E3,evaluation,2010-01-01,2022-12-31,2023
2024-01-02,2024-12-31,252,0.17422193751037396,0.17422193751037396,0.17422193751037396,,not_applicable_no_external_contributions,0.13091527858241392,-0.07252032355480764,34,1.2924114928265953,0.0900363639918655,1.484993174197967,40.0,0.0,0.025016779012727468,0.1292914896197683,0.7658639440850346,0.24886449847111503,0.24886449847111503,-0.07464256096074107,0.01153587510896037,0.0,,,0.2557827307615481,0.2557827307615481,-0.08156079325117416,0.06305712776002981,0.0,,,,,P2_N40_weekly_B2_C_EW,P2,40,weekly,2.0,current_classification_constrained,equal,E4,evaluation,2010-01-01,2023-12-31,2024
2025-01-02,2025-12-31,250,0.21893472073119047,0.21893472073119047,0.2208668215911591,,not_applicable_no_external_contributions,0.19707815034927623,-0.17621983636308236,86,1.1104365845160302,0.1306434908919193,1.5887226187323227,40.0,0.0,0.02501714291004493,0.12934741978183378,0.7862718585767133,0.1771908045051671,0.17872809721523475,0.042138724375924363,0.011332508531191166,1.0,,,0.2077254840592302,0.20955041897086812,0.011316402620290988,0.0514632116424768,1.0,,,,,P2_N40_weekly_B2_C_EW,P2,40,weekly,2.0,current_classification_constrained,equal,E5,evaluation,2010-01-01,2024-12-31,2025
2021-01-04,2021-12-31,252,0.28596462056230565,0.28596462056230565,0.28596462056230565,,not_applicable_no_external_contributions,0.1470644192422743,-0.04765313981141639,34,1.7843528740313677,0.09822392540082334,1.2957765095869331,40.0,0.0,0.025011390927632552,0.12858602713124637,0.7328792876978848,0.28728769487345307,0.28728769487345307,-0.0013230743111474208,0.0034883082120845676,0.0,,,0.2741976405176627,0.2741976405176627,0.011766980044642938,0.060862234164618,1.0,,,,,P2_N40_weekly_B2_U_EW,P2,40,weekly,2.0,unconstrained,equal,E1,evaluation,2010-01-01,2020-12-31,2021
2022-01-03,2022-12-30,251,-0.16372647846776467,-0.16372647846776467,-0.1643219847505225,,not_applicable_no_external_contributions,0.2643664695738,-0.2549084903668618,250,-0.5470427889461587,0.19023878364168412,1.5618087343873024,40.0,0.0,0.02501827903234514,0.12932449221087566,1.0,-0.18175361295122916,-0.18240727005194868,0.01808528530142617,-0.009944551757452569,1.0,,,-0.32577015948669175,-0.326828176140617,0.16250619139009448,0.09337115694295173,1.0,,,,,P2_N40_weekly_B2_U_EW,P2,40,weekly,2.0,unconstrained,equal,E2,evaluation,2010-01-01,2021-12-31,2022
2023-01-03,2023-12-29,250,0.35681133173029056,0.35681133173029056,0.3601274879975105,,not_applicable_no_external_contributions,0.14170672270048368,-0.0907616800451293,78,2.2423217237506816,0.08810741687240223,1.2299543809876374,40.0,0.0,0.02501093773652316,0.12856990350380504,0.8393203603053105,0.26175777831245095,0.2641068904875523,0.09602059750995817,0.00898152860878898,1.0,,,0.5485557706092534,0.5539830080583357,-0.19385552006082518,0.01703770927673587,0.0,,,,,P2_N40_weekly_B2_U_EW,P2,40,weekly,2.0,unconstrained,equal,E3,evaluation,2010-01-01,2022-12-31,2023
2024-01-02,2024-12-31,252,0.1789676726396301,0.1789676726396301,0.1789676726396301,,not_applicable_no_external_contributions,0.13423704780105966,-0.06891869737411638,34,1.2937707882059764,0.09264092082929923,1.4905085437846852,40.0,0.0,0.025016517180034854,0.12924218564036116,0.7395269061899536,0.24886449847111503,0.24886449847111503,-0.06989682583148493,0.015137501289651634,0.0,,,0.2557827307615481,0.2557827307615481,-0.07681505812191802,0.06665875394072107,0.0,,,,,P2_N40_weekly_B2_U_EW,P2,40,weekly,2.0,unconstrained,equal,E4,evaluation,2010-01-01,2023-12-31,2024
2025-01-02,2025-12-31,250,0.21390697980316498,0.21390697980316498,0.21579090950550195,,not_applicable_no_external_contributions,0.1964740539756391,-0.17648594503651216,86,1.091997491065666,0.13088601224595636,1.6068931125594292,40.0,0.0,0.025017174716277773,0.1293398382561552,0.819815201610103,0.1771908045051671,0.17872809721523475,0.0370628122902672,0.011066399857761366,1.0,,,0.2077254840592302,0.20955041897086812,0.006240490534633825,0.051197102969047004,1.0,,,,,P2_N40_weekly_B2_U_EW,P2,40,weekly,2.0,unconstrained,equal,E5,evaluation,2010-01-01,2024-12-31,2025
2021-01-04,2021-12-31,252,0.15320963002588694,0.15320963002588694,0.15320963002588694,,not_applicable_no_external_contributions,0.1683084124018935,-0.07765824113509756,74,0.93113941608252,0.11731739883504101,5.727354267918516,20.0,0.0,0.05005877238038067,0.25917370066284934,0.8588379306935396,0.28728769487345307,0.28728769487345307,-0.13407806484756613,-0.026516793111596604,0.0,,,0.2741976405176627,0.2741976405176627,-0.12098801049177577,0.03085713284093683,0.0,,,,,P3_N20_biweekly_B1.5_C_EW,P3,20,biweekly,1.5,current_classification_constrained,equal,E1,evaluation,2010-01-01,2020-12-31,2021
2022-01-03,2022-12-30,251,-0.06985108153596575,-0.06985108153596575,-0.07011937996933926,,not_applicable_no_external_contributions,0.19211178383319505,-0.18532802385620573,250,-0.2825165627286157,0.14119237640464102,4.810785672964854,20.0,0.0,0.050064510742465755,0.2591890049955263,1.0,-0.18175361295122916,-0.18240727005194868,0.11228789008260942,0.05963591475320351,1.0,,,-0.32577015948669175,-0.326828176140617,0.25670879617127773,0.1629516234536078,1.0,,,,,P3_N20_biweekly_B1.5_C_EW,P3,20,biweekly,1.5,current_classification_constrained,equal,E2,evaluation,2010-01-01,2021-12-31,2022
2023-01-03,2023-12-29,250,0.22263428568150512,0.22263428568150512,0.22460193935483375,,not_applicable_no_external_contributions,0.1580362284815006,-0.10673034097044809,76,1.3613144525259964,0.10645986329041718,5.7666346325522735,20.0,0.0,0.050052070519277014,0.2585032042640625,0.828160085634076,0.26175777831245095,0.2641068904875523,-0.03950495113271857,-0.006987132316529809,0.0,,,0.5485557706092534,0.5539830080583357,-0.3293810687035019,0.001069048351417079,0.0,,,,,P3_N20_biweekly_B1.5_C_EW,P3,20,biweekly,1.5,current_classification_constrained,equal,E3,evaluation,2010-01-01,2022-12-31,2023
2024-01-02,2024-12-31,252,0.4285291905948396,0.4285291905948396,0.4285291905948396,,not_applicable_no_external_contributions,0.16254772830628744,-0.1026005917570022,34,2.2765141037006527,0.10302656248431603,5.396236195569445,20.0,0.0,0.05007701417648257,0.2599427098051725,0.8133810873910177,0.24886449847111503,0.24886449847111503,0.1796646921237246,-0.01854439309323419,1.0,,,0.2557827307615481,0.2557827307615481,0.1727464598332915,0.03297685955783525,1.0,,,,,P3_N20_biweekly_B1.5_C_EW,P3,20,biweekly,1.5,current_classification_constrained,equal,E4,evaluation,2010-01-01,2023-12-31,2024
2025-01-02,2025-12-31,250,0.30286107794588535,0.30286107794588535,0.3056215054391882,,not_applicable_no_external_contributions,0.2040910486893081,-0.1891279263499288,71,1.408711720159065,0.13840790666263295,4.822121406135349,20.0,0.0,0.05009258653372056,0.26127390023524366,0.7871862432696366,0.1771908045051671,0.17872809721523475,0.12689340822395345,-0.0015755814556552838,1.0,,,0.2077254840592302,0.20955041897086812,0.09607108646832008,0.03855512165563035,1.0,,,,,P3_N20_biweekly_B1.5_C_EW,P3,20,biweekly,1.5,current_classification_constrained,equal,E5,evaluation,2010-01-01,2024-12-31,2025
2021-01-04,2021-12-31,252,0.173176267801042,0.173176267801042,0.173176267801042,,not_applicable_no_external_contributions,0.19350695818133806,-0.08880065146992011,75,0.9221360583659228,0.13447948837684073,4.981923425935197,20.0,0.0,0.0500618771455278,0.2593522628890764,0.7836358219457097,0.28728769487345307,0.28728769487345307,-0.11411142707241106,-0.037659203446419154,0.0,,,0.2741976405176627,0.2741976405176627,-0.1010213727166207,0.01971472250611428,0.0,,,,,P3_N20_biweekly_B1.5_U_EW,P3,20,biweekly,1.5,unconstrained,equal,E1,evaluation,2010-01-01,2020-12-31,2021
2022-01-03,2022-12-30,251,-0.09277343302349828,-0.09277343302349828,-0.09312527854886699,,not_applicable_no_external_contributions,0.20245469004771655,-0.21642660794386648,250,-0.3816943484823136,0.15023310376638319,4.418212833711116,20.0,0.0,0.050063721907172606,0.2591726993770919,1.0,-0.18175361295122916,-0.18240727005194868,0.08928199150308169,0.02853733066554276,1.0,,,-0.32577015948669175,-0.326828176140617,0.23370289759175,0.13185303936594706,1.0,,,,,P3_N20_biweekly_B1.5_U_EW,P3,20,biweekly,1.5,unconstrained,equal,E2,evaluation,2010-01-01,2021-12-31,2022
2023-01-03,2023-12-29,250,0.31980701771187725,0.31980701771187725,0.3227400908177094,,not_applicable_no_external_contributions,0.17680223344426166,-0.11564657625267316,89,1.6709831500680048,0.11829378231922091,3.896248298088584,20.0,0.0,0.050051275841823666,0.258476221081855,0.8761905376388499,0.26175777831245095,0.2641068904875523,0.058633200330157065,-0.01590336759875488,1.0,,,0.5485557706092534,0.5539830080583357,-0.2312429172406263,-0.007847186930807992,0.0,,,,,P3_N20_biweekly_B1.5_U_EW,P3,20,biweekly,1.5,unconstrained,equal,E3,evaluation,2010-01-01,2022-12-31,2023
2024-01-02,2024-12-31,252,0.40633831683065647,0.40633831683065647,0.40633831683065647,,not_applicable_no_external_contributions,0.20740427251799307,-0.13863607049670357,70,1.7484038507683248,0.13564697234671774,3.863323724872899,20.0,0.0,0.05008343000201634,0.2603875419494967,0.8290656180658041,0.24886449847111503,0.24886449847111503,0.15747381835954144,-0.054579871832935556,1.0,,,0.2557827307615481,0.2557827307615481,0.15055558606910835,-0.003058619181866118,1.0,,,,,P3_N20_biweekly_B1.5_U_EW,P3,20,biweekly,1.5,unconstrained,equal,E4,evaluation,2010-01-01,2023-12-31,2024
2025-01-02,2025-12-31,250,0.3995839642629626,0.3995839642629626,0.4033530716933391,,not_applicable_no_external_contributions,0.22738637285260763,-0.1916771275895528,70,1.604369868537589,0.15554757522325724,3.867275287054023,20.0,0.0,0.05009158177811071,0.2612885543526295,0.7667028847763327,0.1771908045051671,0.17872809721523475,0.22462497447810437,-0.004124782695279272,1.0,,,0.2077254840592302,0.20955041897086812,0.193802652722471,0.036005920416006365,1.0,,,,,P3_N20_biweekly_B1.5_U_EW,P3,20,biweekly,1.5,unconstrained,equal,E5,evaluation,2010-01-01,2024-12-31,2025
2021-01-04,2021-12-31,252,0.14521436031899526,0.14521436031899526,0.14521436031899526,,not_applicable_no_external_contributions,0.16730177740728053,-0.07109303442519199,53,0.8941038601808112,0.11597942103653257,8.153026075747196,20.0,0.0,0.05005631545748141,0.25907363206817347,0.8452492574712972,0.28728769487345307,0.28728769487345307,-0.1420733345544578,-0.019951586401691035,0.0,,,0.2741976405176627,0.2741976405176627,-0.12898328019866745,0.0374223395508424,0.0,,,,,P3_N20_biweekly_B1_C_EW,P3,20,biweekly,1.0,current_classification_constrained,equal,E1,evaluation,2010-01-01,2020-12-31,2021
2022-01-03,2022-12-30,251,-0.08070394161271766,-0.08070394161271766,-0.0810120814191666,,not_applicable_no_external_contributions,0.1886325015052364,-0.19241928491575488,250,-0.3536824089044043,0.13902084259072345,6.713092583969734,20.0,0.0,0.05006180179856764,0.2590206571937779,1.0,-0.18175361295122916,-0.18240727005194868,0.10139518863278207,0.05254465369365435,1.0,,,-0.32577015948669175,-0.326828176140617,0.24581609472145038,0.15586036239405865,1.0,,,,,P3_N20_biweekly_B1_C_EW,P3,20,biweekly,1.0,current_classification_constrained,equal,E2,evaluation,2010-01-01,2021-12-31,2022
2023-01-03,2023-12-29,250,0.24146128257414112,0.24146128257414112,0.24361125884378265,,not_applicable_no_external_contributions,0.1578395369195539,-0.10801885458659655,52,1.4604850365068363,0.10593907483242686,6.683980884500368,20.0,0.0,0.05005102693045542,0.2584494303303178,0.8189561969297872,0.26175777831245095,0.2641068904875523,-0.020495631643769663,-0.008275645932678266,0.0,,,0.5485557706092534,0.5539830080583357,-0.310371749214553,-0.00021946526473137773,0.0,,,,,P3_N20_biweekly_B1_C_EW,P3,20,biweekly,1.0,current_classification_constrained,equal,E3,evaluation,2010-01-01,2022-12-31,2023
2024-01-02,2024-12-31,252,0.3967778993053639,0.3967778993053639,0.3967778993053639,,not_applicable_no_external_contributions,0.167867109656432,-0.11108948293924648,36,2.0754938999239196,0.10698842458579604,8.514605198231436,20.0,0.0,0.05007989442579859,0.26008661316160997,0.7962905520846325,0.24886449847111503,0.24886449847111503,0.14791340083424886,-0.027033284275478464,1.0,,,0.2557827307615481,0.2557827307615481,0.14099516854381577,0.024487968375590974,1.0,,,,,P3_N20_biweekly_B1_C_EW,P3,20,biweekly,1.0,current_classification_constrained,equal,E4,evaluation,2010-01-01,2023-12-31,2024
2025-01-02,2025-12-31,250,0.28135703984380456,0.28135703984380456,0.28390095101399737,,not_applicable_no_external_contributions,0.1922177651509256,-0.18295457327755515,78,1.3968335678397876,0.1354549552261993,7.35036459181552,20.0,0.0,0.050092476992413544,0.2613291158286963,0.8110443748396362,0.1771908045051671,0.17872809721523475,0.10517285379876262,0.004597771616718371,1.0,,,0.2077254840592302,0.20955041897086812,0.07435053204312925,0.04472847472800401,1.0,,,,,P3_N20_biweekly_B1_C_EW,P3,20,biweekly,1.0,current_classification_constrained,equal,E5,evaluation,2010-01-01,2024-12-31,2025
2021-01-04,2021-12-31,252,0.1755610158148755,0.1755610158148755,0.1755610158148755,,not_applicable_no_external_contributions,0.19259406888194672,-0.07837613385908004,93,0.9361669803416658,0.13442589855468756,8.649650597284683,20.0,0.0,0.05006185997341184,0.259396194339956,0.9106813345696548,0.28728769487345307,0.28728769487345307,-0.11172667905857758,-0.027234685835579087,0.0,,,0.2741976405176627,0.2741976405176627,-0.09863662470278722,0.030139240116954347,0.0,,,,,P3_N20_biweekly_B1_U_EW,P3,20,biweekly,1.0,unconstrained,equal,E1,evaluation,2010-01-01,2020-12-31,2021
2022-01-03,2022-12-30,251,-0.09534597489003271,-0.09534597489003271,-0.09570705331684604,,not_applicable_no_external_contributions,0.19338174720177456,-0.21559000343203527,250,-0.4236265102904154,0.1435842838200696,6.775137849929002,20.0,0.0,0.0500630953069146,0.2590930211615363,1.0,-0.18175361295122916,-0.18240727005194868,0.08670021673510264,0.029373935177373967,1.0,,,-0.32577015948669175,-0.326828176140617,0.23112112282377095,0.13268964387777826,1.0,,,,,P3_N20_biweekly_B1_U_EW,P3,20,biweekly,1.0,unconstrained,equal,E2,evaluation,2010-01-01,2021-12-31,2022
2023-01-03,2023-12-29,250,0.357067828311461,0.357067828311461,0.3603866686608108,,not_applicable_no_external_contributions,0.17988008527022958,-0.11782388893157514,81,1.8016839786078622,0.12092851363830213,7.054509968811899,20.0,0.0,0.05005212609432511,0.25861440410251835,0.832102718002592,0.26175777831245095,0.2641068904875523,0.0962797781732585,-0.018080680277656858,1.0,,,0.5485557706092534,0.5539830080583357,-0.19359633939752485,-0.01002449960970997,0.0,,,,,P3_N20_biweekly_B1_U_EW,P3,20,biweekly,1.0,unconstrained,equal,E3,evaluation,2010-01-01,2022-12-31,2023
2024-01-02,2024-12-31,252,0.4235414561832169,0.4235414561832169,0.4235414561832169,,not_applicable_no_external_contributions,0.20329875832590083,-0.14072662093753052,63,1.839491119363319,0.13247572828923618,8.135775123173262,20.0,0.0,0.050079173402457766,0.2601443554813819,0.8003642546960521,0.24886449847111503,0.24886449847111503,0.1746769577121019,-0.05667042227376251,1.0,,,0.2557827307615481,0.2557827307615481,0.1677587254216688,-0.005149169622693073,1.0,,,,,P3_N20_biweekly_B1_U_EW,P3,20,biweekly,1.0,unconstrained,equal,E4,evaluation,2010-01-01,2023-12-31,2024
2025-01-02,2025-12-31,250,0.36543509287635634,0.36543509287635634,0.3688417060946214,,not_applicable_no_external_contributions,0.21453831716321098,-0.18573608985543233,78,1.571611938837318,0.15053599714007682,8.000372002484031,20.0,0.0,0.05009275551126964,0.26145342193250903,0.809761717952821,0.1771908045051671,0.17872809721523475,0.19011360887938666,0.0018162550388411969,1.0,,,0.2077254840592302,0.20955041897086812,0.1592912871237533,0.041946958150126834,1.0,,,,,P3_N20_biweekly_B1_U_EW,P3,20,biweekly,1.0,unconstrained,equal,E5,evaluation,2010-01-01,2024-12-31,2025
2021-01-04,2021-12-31,252,0.16989591663114223,0.16989591663114223,0.16989591663114223,,not_applicable_no_external_contributions,0.16985877148742942,-0.07009300714373068,92,1.008810100698327,0.11771829996867368,4.689026640078312,20.0,0.0,0.050059474034050776,0.25935514220545947,0.7893202065417019,0.28728769487345307,0.28728769487345307,-0.11739177824231084,-0.018951559120229722,0.0,,,0.2741976405176627,0.2741976405176627,-0.10430172388652048,0.03842236683230371,0.0,,,,,P3_N20_biweekly_B2_C_EW,P3,20,biweekly,2.0,current_classification_constrained,equal,E1,evaluation,2010-01-01,2020-12-31,2021
2022-01-03,2022-12-30,251,-0.06642659141237373,-0.06642659141237373,-0.06668221300006794,,not_applicable_no_external_contributions,0.20121399256829992,-0.18807440638584738,250,-0.24253462767156134,0.14702848086424403,3.701516815733163,20.0,0.0,0.0500663373137137,0.2594698206657077,1.0,-0.18175361295122916,-0.18240727005194868,0.11572505705188074,0.056889532223561856,1.0,,,-0.32577015948669175,-0.326828176140617,0.26014596314054905,0.16020524092396615,1.0,,,,,P3_N20_biweekly_B2_C_EW,P3,20,biweekly,2.0,current_classification_constrained,equal,E2,evaluation,2010-01-01,2021-12-31,2022
2023-01-03,2023-12-29,250,0.20391101489681507,0.20391101489681507,0.2056996727866478,,not_applicable_no_external_contributions,0.14707924234061084,-0.11231482172732721,90,1.3456001373487827,0.10036367386734765,3.375651538454474,20.0,0.0,0.050046947841323276,0.2580119916699781,0.8555141077934666,0.26175777831245095,0.2641068904875523,-0.05840721770090451,-0.012571613073408927,0.0,,,0.5485557706092534,0.5539830080583357,-0.34828333527168787,-0.004515432405462039,0.0,,,,,P3_N20_biweekly_B2_C_EW,P3,20,biweekly,2.0,current_classification_constrained,equal,E3,evaluation,2010-01-01,2022-12-31,2023
2024-01-02,2024-12-31,252,0.36378930238845886,0.36378930238845886,0.36378930238845886,,not_applicable_no_external_contributions,0.17074158542435902,-0.11748533005537076,46,1.9032689854342133,0.11102128526129755,3.4603492860241163,20.0,0.0,0.05007445361420722,0.25994134959135284,0.7536496118085071,0.24886449847111503,0.24886449847111503,0.11492480391734383,-0.03342913139160275,1.0,,,0.2557827307615481,0.2557827307615481,0.10800657162691074,0.018092121259466687,1.0,,,,,P3_N20_biweekly_B2_C_EW,P3,20,biweekly,2.0,current_classification_constrained,equal,E4,evaluation,2010-01-01,2023-12-31,2024
2025-01-02,2025-12-31,250,0.2710039562331654,0.2710039562331654,0.27344466291223823,,not_applicable_no_external_contributions,0.21438081994782324,-0.19168339580968263,61,1.2344419551574073,0.14547698685566943,3.404013897752622,20.0,0.0,0.050088142883485176,0.2610149004858266,0.8533077985925722,0.1771908045051671,0.17872809721523475,0.09471656569700349,-0.004131050915409107,1.0,,,0.2077254840592302,0.20955041897086812,0.06389424394137011,0.03599965219587653,1.0,,,,,P3_N20_biweekly_B2_C_EW,P3,20,biweekly,2.0,current_classification_constrained,equal,E5,evaluation,2010-01-01,2024-12-31,2025
2021-01-04,2021-12-31,252,0.1860425860386543,0.1860425860386543,0.1860425860386543,,not_applicable_no_external_contributions,0.19527837068790183,-0.09051716699033663,94,0.9713945124556908,0.13428511519494019,4.425336810457772,20.0,0.0,0.05006165448752086,0.2595243799242092,0.782896299570289,0.28728769487345307,0.28728769487345307,-0.10124510883479876,-0.03937571896683567,0.0,,,0.2741976405176627,0.2741976405176627,-0.0881550544790084,0.017998206985697762,0.0,,,,,P3_N20_biweekly_B2_U_EW,P3,20,biweekly,2.0,unconstrained,equal,E1,evaluation,2010-01-01,2020-12-31,2021
2022-01-03,2022-12-30,251,-0.10574546641222426,-0.10574546641222426,-0.10614356983181195,,not_applicable_no_external_contributions,0.20976604625917072,-0.22267144713455456,250,-0.43010856685918475,0.15540712440123222,3.6066760292463425,20.0,0.0,0.05006433271753516,0.25933561201231214,1.0,-0.18175361295122916,-0.18240727005194868,0.07626370022013673,0.02229249147485468,1.0,,,-0.32577015948669175,-0.326828176140617,0.22068460630880504,0.12560820017525898,1.0,,,,,P3_N20_biweekly_B2_U_EW,P3,20,biweekly,2.0,unconstrained,equal,E2,evaluation,2010-01-01,2021-12-31,2022
2023-01-03,2023-12-29,250,0.27843106275367213,0.27843106275367213,0.28094573763079556,,not_applicable_no_external_contributions,0.16744251864802956,-0.11313431355566739,89,1.5629113356421624,0.11393436679404205,3.1972081531298597,20.0,0.0,0.0500518950675888,0.2584251982059693,0.8719020050669872,0.26175777831245095,0.2641068904875523,0.01683884714324324,-0.013391104901749107,1.0,,,0.5485557706092534,0.5539830080583357,-0.2730372704275401,-0.0053349242338022185,0.0,,,,,P3_N20_biweekly_B2_U_EW,P3,20,biweekly,2.0,unconstrained,equal,E3,evaluation,2010-01-01,2022-12-31,2023
2024-01-02,2024-12-31,252,0.3535226534674476,0.3535226534674476,0.3535226534674476,,not_applicable_no_external_contributions,0.21285636025227092,-0.16806298006141662,85,1.5290825364002605,0.14381846141203028,3.3630349252431033,20.0,0.0,0.05008820065120666,0.26091141127543627,0.82136150422447,0.24886449847111503,0.24886449847111503,0.10465815499633258,-0.08400678139764861,1.0,,,0.2557827307615481,0.2557827307615481,0.09773992270589948,-0.03248552874657917,1.0,,,,,P3_N20_biweekly_B2_U_EW,P3,20,biweekly,2.0,unconstrained,equal,E4,evaluation,2010-01-01,2023-12-31,2024
2025-01-02,2025-12-31,250,0.27577675395721823,0.27577675395721823,0.27826495384743244,,not_applicable_no_external_contributions,0.21851003701705407,-0.17665054978079675,58,1.2326424281924855,0.14887007603295177,3.3478725586233993,20.0,0.0,0.050091555790578224,0.2611780429785339,0.8536179696679271,0.1771908045051671,0.17872809721523475,0.09953685663219769,0.010901795113476775,1.0,,,0.2077254840592302,0.20955041897086812,0.06871453487656431,0.05103249822476241,1.0,,,,,P3_N20_biweekly_B2_U_EW,P3,20,biweekly,2.0,unconstrained,equal,E5,evaluation,2010-01-01,2024-12-31,2025
2021-01-04,2021-12-31,252,0.1748144663118072,0.1748144663118072,0.1748144663118072,,not_applicable_no_external_contributions,0.16924359008073017,-0.07064228624180446,58,1.0366947898606793,0.11809946894229395,12.30307046680481,20.0,0.0,0.05,0.25,0.8013078577183432,0.28728769487345307,0.28728769487345307,-0.11247322856164588,-0.019500838218303507,0.0,,,0.2741976405176627,0.2741976405176627,-0.09938317420585552,0.03787308773422993,0.0,,,,,P3_N20_daily_B1.5_C_EW,P3,20,daily,1.5,current_classification_constrained,equal,E1,evaluation,2010-01-01,2020-12-31,2021
2022-01-03,2022-12-30,251,-0.045377639496117506,-0.045377639496117506,-0.045554245222080514,,not_applicable_no_external_contributions,0.18807039996599673,-0.14794062772334926,250,-0.1541087679470229,0.1367947349192773,8.213477297321312,20.0,0.0,0.05,0.25,1.0,-0.18175361295122916,-0.18240727005194868,0.13685302482986816,0.09702331088605998,1.0,,,-0.32577015948669175,-0.326828176140617,0.2812739309185365,0.20033901958646427,1.0,,,,,P3_N20_daily_B1.5_C_EW,P3,20,daily,1.5,current_classification_constrained,equal,E2,evaluation,2010-01-01,2021-12-31,2022
2023-01-03,2023-12-29,250,0.22969302290971894,0.22969302290971894,0.23172876164771972,,not_applicable_no_external_contributions,0.15618214066831254,-0.10369466150427509,72,1.4128303603100532,0.1058862758131362,15.329318835010024,20.0,0.0,0.05000000000000001,0.25,0.8382767947642661,0.26175777831245095,0.2641068904875523,-0.0323781288398326,-0.003951452850356807,0.0,,,0.5485557706092534,0.5539830080583357,-0.32225424641061595,0.004104727817590081,0.0,,,,,P3_N20_daily_B1.5_C_EW,P3,20,daily,1.5,current_classification_constrained,equal,E3,evaluation,2010-01-01,2022-12-31,2023
2024-01-02,2024-12-31,252,0.36955284530078636,0.36955284530078636,0.36955284530078636,,not_applicable_no_external_contributions,0.16765921516472884,-0.11635418714645418,46,1.96035011297473,0.10833244866498724,12.846216574841305,20.0,0.0,0.05,0.25,0.7717701260030387,0.24886449847111503,0.24886449847111503,0.12068834682967133,-0.03229798848268617,1.0,,,0.2557827307615481,0.2557827307615481,0.11377011453923824,0.01922326416838327,1.0,,,,,P3_N20_daily_B1.5_C_EW,P3,20,daily,1.5,current_classification_constrained,equal,E4,evaluation,2010-01-01,2023-12-31,2024
2025-01-02,2025-12-31,250,0.3019516935650064,0.3019516935650064,0.30470290638295694,,not_applicable_no_external_contributions,0.19573792506923618,-0.17926338348582416,68,1.4568083520543602,0.13189733149756921,10.131290683705389,20.0,0.0,0.05000000000000001,0.25,0.8111258795515076,0.1771908045051671,0.17872809721523475,0.1259748091677222,0.008288961408449369,1.0,,,0.2077254840592302,0.20955041897086812,0.09515248741208882,0.048419664519735006,1.0,,,,,P3_N20_daily_B1.5_C_EW,P3,20,daily,1.5,current_classification_constrained,equal,E5,evaluation,2010-01-01,2024-12-31,2025
2021-01-04,2021-12-31,252,0.17570335878665544,0.17570335878665544,0.17570335878665544,,not_applicable_no_external_contributions,0.1946890851095624,-0.08732239678872389,83,0.9288225178097209,0.1363813353710541,8.093930780585348,20.0,0.0,0.05,0.25,0.8072652857979253,0.28728769487345307,0.28728769487345307,-0.11158433608679763,-0.03618094876522293,0.0,,,0.2741976405176627,0.2741976405176627,-0.09849428173100727,0.021192977187310502,0.0,,,,,P3_N20_daily_B1.5_U_EW,P3,20,daily,1.5,unconstrained,equal,E1,evaluation,2010-01-01,2020-12-31,2021
2022-01-03,2022-12-30,251,-0.03466071383073144,-0.03466071383073144,-0.03479637349459419,,not_applicable_no_external_contributions,0.1922592454588593,-0.16568642603087702,250,-0.08833512306268877,0.13970933559663595,6.332080376856287,20.0,0.0,0.05,0.25,1.0,-0.18175361295122916,-0.18240727005194868,0.1476108965573545,0.07927751257853222,1.0,,,-0.32577015948669175,-0.326828176140617,0.2920318026460228,0.1825932212789365,1.0,,,,,P3_N20_daily_B1.5_U_EW,P3,20,daily,1.5,unconstrained,equal,E2,evaluation,2010-01-01,2021-12-31,2022
2023-01-03,2023-12-29,250,0.2876565592824556,0.2876565592824556,0.2902635981763615,,not_applicable_no_external_contributions,0.17754184768234108,-0.12486353138148643,90,1.5246226055716219,0.12015211025352428,7.022919671329276,20.0,0.0,0.05000000000000001,0.25,0.8917362381219109,0.26175777831245095,0.2641068904875523,0.026156707688809178,-0.025120322727568145,1.0,,,0.5485557706092534,0.5539830080583357,-0.2637194098819742,-0.017064142059621257,0.0,,,,,P3_N20_daily_B1.5_U_EW,P3,20,daily,1.5,unconstrained,equal,E3,evaluation,2010-01-01,2022-12-31,2023
2024-01-02,2024-12-31,252,0.33687959466652284,0.33687959466652284,0.33687959466652284,,not_applicable_no_external_contributions,0.2006327040901833,-0.1453254341616934,70,1.5478448348486906,0.13276218849912136,6.8107381024661855,20.0,0.0,0.05,0.25,0.8127260047364104,0.24886449847111503,0.24886449847111503,0.08801509619540782,-0.0612692354979254,1.0,,,0.2557827307615481,0.2557827307615481,0.08109686390497473,-0.009747982846855963,1.0,,,,,P3_N20_daily_B1.5_U_EW,P3,20,daily,1.5,unconstrained,equal,E4,evaluation,2010-01-01,2023-12-31,2024
2025-01-02,2025-12-31,250,0.31036762269700735,0.31036762269700735,0.31320430864112137,,not_applicable_no_external_contributions,0.22384968005696762,-0.1983683564051797,71,1.3293768370260453,0.15534911919596098,7.044563078892147,20.0,0.0,0.05000000000000001,0.25,0.7993518862375907,0.1771908045051671,0.17872809721523475,0.13447621142588662,-0.010816011510906165,1.0,,,0.2077254840592302,0.20955041897086812,0.10365388967025324,0.029314691600379472,1.0,,,,,P3_N20_daily_B1.5_U_EW,P3,20,daily,1.5,unconstrained,equal,E5,evaluation,2010-01-01,2024-12-31,2025
2021-01-04,2021-12-31,252,0.2275667828556378,0.2275667828556378,0.2275667828556378,,not_applicable_no_external_contributions,0.17163309245926098,-0.07046737636400813,74,1.2807188743683122,0.11896768257827128,26.769715770284016,20.0,0.0,0.05,0.25,0.8520337173089298,0.28728769487345307,0.28728769487345307,-0.059720912017815264,-0.01932592834050717,0.0,,,0.2741976405176627,0.2741976405176627,-0.046630857662024905,0.03804799761202626,0.0,,,,,P3_N20_daily_B1_C_EW,P3,20,daily,1.0,current_classification_constrained,equal,E1,evaluation,2010-01-01,2020-12-31,2021
2022-01-03,2022-12-30,251,-0.08375806637798588,-0.08375806637798588,-0.08407732590998951,,not_applicable_no_external_contributions,0.18452479656439208,-0.18424772346533713,250,-0.38386170577414946,0.135184919195888,21.994195647695552,20.0,0.0,0.05,0.25,1.0,-0.18175361295122916,-0.18240727005194868,0.09832994414195917,0.060716215144072105,1.0,,,-0.32577015948669175,-0.326828176140617,0.24275085023062748,0.1640319238444764,1.0,,,,,P3_N20_daily_B1_C_EW,P3,20,daily,1.0,current_classification_constrained,equal,E2,evaluation,2010-01-01,2021-12-31,2022
2023-01-03,2023-12-29,250,0.23571154572318376,0.23571154572318376,0.23780559470212226,,not_applicable_no_external_contributions,0.15626266336281416,-0.11119620100732386,86,1.4437094415226093,0.10593808742316745,23.418600922815443,20.0,0.0,0.05000000000000001,0.25,0.8464125823067989,0.26175777831245095,0.2641068904875523,-0.026301295785430057,-0.011452992353405578,0.0,,,0.5485557706092534,0.5539830080583357,-0.3161774133562134,-0.0033968116854586894,0.0,,,,,P3_N20_daily_B1_C_EW,P3,20,daily,1.0,current_classification_constrained,equal,E3,evaluation,2010-01-01,2022-12-31,2023
2024-01-02,2024-12-31,252,0.38827813749583817,0.38827813749583817,0.38827813749583817,,not_applicable_no_external_contributions,0.16527845325827512,-0.11699013393541668,45,2.068427706353649,0.10478268388341706,27.406817140273695,20.0,0.0,0.05,0.25,0.7793592449229487,0.24886449847111503,0.24886449847111503,0.13941363902472315,-0.03293393527164867,1.0,,,0.2557827307615481,0.2557827307615481,0.13249540673429006,0.018587317379420765,1.0,,,,,P3_N20_daily_B1_C_EW,P3,20,daily,1.0,current_classification_constrained,equal,E4,evaluation,2010-01-01,2023-12-31,2024
2025-01-02,2025-12-31,250,0.2871860453174575,0.2871860453174575,0.2897883605527438,,not_applicable_no_external_contributions,0.1885546854442415,-0.18110888219748644,75,1.4444116804983562,0.131527050938966,25.415257340525876,20.0,0.0,0.05000000000000001,0.25,0.8215225959508845,0.1771908045051671,0.17872809721523475,0.11106026333750907,0.006443462696787083,1.0,,,0.2077254840592302,0.20955041897086812,0.0802379415818757,0.04657416580807272,1.0,,,,,P3_N20_daily_B1_C_EW,P3,20,daily,1.0,current_classification_constrained,equal,E5,evaluation,2010-01-01,2024-12-31,2025
2021-01-04,2021-12-31,252,0.2086213178831866,0.2086213178831866,0.2086213178831866,,not_applicable_no_external_contributions,0.1905489735401495,-0.0799513971920428,77,1.089788704087709,0.13137134889635252,30.529401047432568,20.0,0.0,0.05,0.25,0.8187063157226189,0.28728769487345307,0.28728769487345307,-0.07866637699026646,-0.02880994916854185,0.0,,,0.2741976405176627,0.2741976405176627,-0.0655763226344761,0.028563976783991585,0.0,,,,,P3_N20_daily_B1_U_EW,P3,20,daily,1.0,unconstrained,equal,E1,evaluation,2010-01-01,2020-12-31,2021
2022-01-03,2022-12-30,251,-0.07819590344498639,-0.07819590344498639,-0.07849488142096417,,not_applicable_no_external_contributions,0.1864204434666521,-0.19912381658157596,250,-0.3455097361205299,0.13631002900331968,26.194940057236696,20.0,0.0,0.05,0.25,1.0,-0.18175361295122916,-0.18240727005194868,0.10391238863098451,0.045840122027833274,1.0,,,-0.32577015948669175,-0.326828176140617,0.24833329471965282,0.14915583072823757,1.0,,,,,P3_N20_daily_B1_U_EW,P3,20,daily,1.0,unconstrained,equal,E2,evaluation,2010-01-01,2021-12-31,2022
2023-01-03,2023-12-29,250,0.32855928144791346,0.32855928144791346,0.3315822128878978,,not_applicable_no_external_contributions,0.17935113995817217,-0.12480473874343567,83,1.6869971291608168,0.12154877321251976,28.68612809990908,20.0,0.0,0.05000000000000001,0.25,0.8457289684216978,0.26175777831245095,0.2641068904875523,0.06747532240034548,-0.025061530089517392,1.0,,,0.5485557706092534,0.5539830080583357,-0.22240079517043787,-0.017005349421570504,0.0,,,,,P3_N20_daily_B1_U_EW,P3,20,daily,1.0,unconstrained,equal,E3,evaluation,2010-01-01,2022-12-31,2023
2024-01-02,2024-12-31,252,0.4045326820878581,0.4045326820878581,0.4045326820878581,,not_applicable_no_external_contributions,0.201069049653673,-0.1426624077845705,63,1.7907425550025213,0.1318427917465955,28.462471416330754,20.0,0.0,0.05,0.25,0.8064277494392963,0.24886449847111503,0.24886449847111503,0.15566818361674306,-0.0586062091208025,1.0,,,0.2557827307615481,0.2557827307615481,0.14874995132630997,-0.007084956469733061,1.0,,,,,P3_N20_daily_B1_U_EW,P3,20,daily,1.0,unconstrained,equal,E4,evaluation,2010-01-01,2023-12-31,2024
2025-01-02,2025-12-31,250,0.3925375332023928,0.3925375332023928,0.3962312848613738,,not_applicable_no_external_contributions,0.21189418668039942,-0.1805442488952843,75,1.6820602054464067,0.1469441199887398,26.823701225249273,20.0,0.0,0.05000000000000001,0.25,0.8068627811375036,0.1771908045051671,0.17872809721523475,0.21750318764613907,0.007008095998989217,1.0,,,0.2077254840592302,0.20955041897086812,0.1866808658905057,0.047138799110274854,1.0,,,,,P3_N20_daily_B1_U_EW,P3,20,daily,1.0,unconstrained,equal,E5,evaluation,2010-01-01,2024-12-31,2025
2021-01-04,2021-12-31,252,0.16700453574751184,0.16700453574751184,0.16700453574751184,,not_applicable_no_external_contributions,0.17198912197641386,-0.0685147646208748,74,0.9840213272383348,0.11928695179295586,7.1446544157055785,20.0,0.0,0.05,0.25,0.7829179001337834,0.28728769487345307,0.28728769487345307,-0.12028315912594123,-0.017373316597373845,0.0,,,0.2741976405176627,0.2741976405176627,-0.10719310477015087,0.04000060935515959,0.0,,,,,P3_N20_daily_B2_C_EW,P3,20,daily,2.0,current_classification_constrained,equal,E1,evaluation,2010-01-01,2020-12-31,2021
2022-01-03,2022-12-30,251,-0.07850745425922989,-0.07850745425922989,-0.07880757181197762,,not_applicable_no_external_contributions,0.19647075673568817,-0.19913479142198454,250,-0.319668121937416,0.14532580478331086,5.813356560039362,20.0,0.0,0.05,0.25,1.0,-0.18175361295122916,-0.18240727005194868,0.10359969823997106,0.0458291471874247,1.0,,,-0.32577015948669175,-0.326828176140617,0.24802060432863937,0.149144855887829,1.0,,,,,P3_N20_daily_B2_C_EW,P3,20,daily,2.0,current_classification_constrained,equal,E2,evaluation,2010-01-01,2021-12-31,2022
2023-01-03,2023-12-29,250,0.19909010599214394,0.19909010599214394,0.20083305491322845,,not_applicable_no_external_contributions,0.14941573010739606,-0.11151842188852312,92,1.2997598384154296,0.10130954900998752,5.7920715766294455,20.0,0.0,0.05000000000000001,0.25,0.8821074876611568,0.26175777831245095,0.2641068904875523,-0.06327383557432387,-0.011775213234604842,0.0,,,0.5485557706092534,0.5539830080583357,-0.3531499531451072,-0.003719032566657954,0.0,,,,,P3_N20_daily_B2_C_EW,P3,20,daily,2.0,current_classification_constrained,equal,E3,evaluation,2010-01-01,2022-12-31,2023
2024-01-02,2024-12-31,252,0.36744405649250855,0.36744405649250855,0.36744405649250855,,not_applicable_no_external_contributions,0.16774254448372894,-0.12060188496109514,46,1.950269053344473,0.10916036632735152,5.401285713538638,20.0,0.0,0.05,0.25,0.7694430998675129,0.24886449847111503,0.24886449847111503,0.11857955802139353,-0.03654568629732713,1.0,,,0.2557827307615481,0.2557827307615481,0.11166132573096044,0.014975566353742309,1.0,,,,,P3_N20_daily_B2_C_EW,P3,20,daily,2.0,current_classification_constrained,equal,E4,evaluation,2010-01-01,2023-12-31,2024
2025-01-02,2025-12-31,250,0.26538484733383605,0.26538484733383605,0.2677698249564313,,not_applicable_no_external_contributions,0.20303796025869572,-0.1803935551820267,61,1.2697678148965432,0.13640576775193128,5.968987028255415,20.0,0.0,0.05000000000000001,0.25,0.8243462750366624,0.1771908045051671,0.17872809721523475,0.08904172774119656,0.007158789712246816,1.0,,,0.2077254840592302,0.20955041897086812,0.05821940598556319,0.04728949282353245,1.0,,,,,P3_N20_daily_B2_C_EW,P3,20,daily,2.0,current_classification_constrained,equal,E5,evaluation,2010-01-01,2024-12-31,2025
2021-01-04,2021-12-31,252,0.2011876492053164,0.2011876492053164,0.2011876492053164,,not_applicable_no_external_contributions,0.19329203442897333,-0.09034692453729354,69,1.0451289452894137,0.13375003381616002,6.853585191532,20.0,0.0,0.05,0.25,0.737690165144591,0.28728769487345307,0.28728769487345307,-0.08610004566813667,-0.03920547651379258,0.0,,,0.2741976405176627,0.2741976405176627,-0.07300999131234631,0.018168449438740852,0.0,,,,,P3_N20_daily_B2_U_EW,P3,20,daily,2.0,unconstrained,equal,E1,evaluation,2010-01-01,2020-12-31,2021
2022-01-03,2022-12-30,251,-0.10160875648751633,-0.10160875648751633,-0.10199218970924173,,not_applicable_no_external_contributions,0.20194222464338754,-0.2243257249393611,250,-0.4318229379500953,0.14969403655964378,5.861426876109639,20.0,0.0,0.05,0.25,1.0,-0.18175361295122916,-0.18240727005194868,0.08041508034270695,0.020638213670048144,1.0,,,-0.32577015948669175,-0.326828176140617,0.22483598643137526,0.12395392237045244,1.0,,,,,P3_N20_daily_B2_U_EW,P3,20,daily,2.0,unconstrained,equal,E2,evaluation,2010-01-01,2021-12-31,2022
2023-01-03,2023-12-29,250,0.28393457482743356,0.28393457482743356,0.28650428539516604,,not_applicable_no_external_contributions,0.1711889558145362,-0.1183926224562889,89,1.5576495989125434,0.11460113958385768,5.616619547130714,20.0,0.0,0.05000000000000001,0.25,0.8920290165421112,0.26175777831245095,0.2641068904875523,0.02239739490761372,-0.018649413802370618,1.0,,,0.5485557706092534,0.5539830080583357,-0.26747872266316963,-0.01059323313442373,0.0,,,,,P3_N20_daily_B2_U_EW,P3,20,daily,2.0,unconstrained,equal,E3,evaluation,2010-01-01,2022-12-31,2023
2024-01-02,2024-12-31,252,0.3425684696344782,0.3425684696344782,0.3425684696344782,,not_applicable_no_external_contributions,0.2054192022464593,-0.1544466196191303,66,1.5372535272810108,0.13762776195033907,5.5073831677457905,20.0,0.0,0.05,0.25,0.8087415741177976,0.24886449847111503,0.24886449847111503,0.09370397116336315,-0.0703904209553623,1.0,,,0.2557827307615481,0.2557827307615481,0.08678573887293006,-0.01886916830429286,1.0,,,,,P3_N20_daily_B2_U_EW,P3,20,daily,2.0,unconstrained,equal,E4,evaluation,2010-01-01,2023-12-31,2024
2025-01-02,2025-12-31,250,0.259840918706042,0.259840918706042,0.2621711104574962,,not_applicable_no_external_contributions,0.22092895565051385,-0.18436799054690434,71,1.1640617293382738,0.15089158313663587,6.069993026985146,20.0,0.0,0.05000000000000001,0.25,0.8051171680862104,0.1771908045051671,0.17872809721523475,0.08344301324226144,0.0031843543473691893,1.0,,,0.2077254840592302,0.20955041897086812,0.05262069148662807,0.043315057458654826,1.0,,,,,P3_N20_daily_B2_U_EW,P3,20,daily,2.0,unconstrained,equal,E5,evaluation,2010-01-01,2024-12-31,2025
2021-01-04,2021-12-31,252,0.13210294210995754,0.13210294210995754,0.13210294210995754,,not_applicable_no_external_contributions,0.16616400150160976,-0.07628853572072547,82,0.8297902426234479,0.1166635159672453,4.873033566436124,20.0,0.0,0.05012826411534856,0.2644707638927468,0.8484565548452296,0.28728769487345307,0.28728769487345307,-0.15518475276349553,-0.025147087697224513,0.0,,,0.2741976405176627,0.2741976405176627,-0.14209469840770517,0.03222683825530892,0.0,,,,,P3_N20_monthly_B1.5_C_EW,P3,20,monthly,1.5,current_classification_constrained,equal,E1,evaluation,2010-01-01,2020-12-31,2021
2022-01-03,2022-12-30,251,-0.10165716705820749,-0.10165716705820749,-0.10204077240157727,,not_applicable_no_external_contributions,0.19335248649881004,-0.21081114520239996,250,-0.4599949127481087,0.14438674630039655,3.697184927272078,20.0,0.0,0.05013405730136062,0.26338329603502797,1.0,-0.18175361295122916,-0.18240727005194868,0.0803664976503714,0.034152793407009274,1.0,,,-0.32577015948669175,-0.326828176140617,0.22478740373903972,0.13746850210741357,1.0,,,,,P3_N20_monthly_B1.5_C_EW,P3,20,monthly,1.5,current_classification_constrained,equal,E2,evaluation,2010-01-01,2021-12-31,2022
2023-01-03,2023-12-29,250,0.18525672754501699,0.18525672754501699,0.18686938781072215,,not_applicable_no_external_contributions,0.15142266033525706,-0.11738181424783423,90,1.2072079731706,0.10245830954163558,4.357653241904203,20.0,0.0,0.05011039698453538,0.26327763319149916,0.8465524998505515,0.26175777831245095,0.2641068904875523,-0.07723750267683016,-0.017638605593915946,0.0,,,0.5485557706092534,0.5539830080583357,-0.3671136202476135,-0.009582424925969057,0.0,,,,,P3_N20_monthly_B1.5_C_EW,P3,20,monthly,1.5,current_classification_constrained,equal,E3,evaluation,2010-01-01,2022-12-31,2023
2024-01-02,2024-12-31,252,0.39463399111470077,0.39463399111470077,0.39463399111470077,,not_applicable_no_external_contributions,0.16855466121823398,-0.10970675269170116,46,2.058639415333669,0.10892086112288848,3.7295352461686297,20.0,0.0,0.05019603108952665,0.2676268908619996,0.7635538455681117,0.24886449847111503,0.24886449847111503,0.14576949264358574,-0.025650554027933148,1.0,,,0.2557827307615481,0.2557827307615481,0.13885126035315265,0.02587069862313629,1.0,,,,,P3_N20_monthly_B1.5_C_EW,P3,20,monthly,1.5,current_classification_constrained,equal,E4,evaluation,2010-01-01,2023-12-31,2024
2025-01-02,2025-12-31,250,0.2937966944554682,0.2937966944554682,0.2964655035422832,,not_applicable_no_external_contributions,0.20847093082354365,-0.18469022700443594,61,1.349451698136871,0.13976646854547978,3.4497057788774352,20.0,0.0,0.050186546877928076,0.26793987712083617,0.7960443120763906,0.1771908045051671,0.17872809721523475,0.11773740632704843,0.00286211788983759,1.0,,,0.2077254840592302,0.20955041897086812,0.08691508457141506,0.04299282100112323,1.0,,,,,P3_N20_monthly_B1.5_C_EW,P3,20,monthly,1.5,current_classification_constrained,equal,E5,evaluation,2010-01-01,2024-12-31,2025
2021-01-04,2021-12-31,252,0.17135671205206204,0.17135671205206204,0.17135671205206204,,not_applicable_no_external_contributions,0.19831571863849196,-0.09389763735820666,176,0.896667469576035,0.13698344020730852,4.391356791234721,20.0,0.0,0.05013626784927689,0.26490049230524293,0.7955580016237556,0.28728769487345307,0.28728769487345307,-0.11593098282139103,-0.04275618933470571,0.0,,,0.2741976405176627,0.2741976405176627,-0.10284092846560067,0.014617736617827726,0.0,,,,,P3_N20_monthly_B1.5_U_EW,P3,20,monthly,1.5,unconstrained,equal,E1,evaluation,2010-01-01,2020-12-31,2021
2022-01-03,2022-12-30,251,-0.0989611543126071,-0.0989611543126071,-0.09933515823353223,,not_applicable_no_external_contributions,0.20536038766977419,-0.2075225239176629,250,-0.4068140308684457,0.1529368831552484,3.408404560612515,20.0,0.0,0.05012809788473214,0.2627002445404854,1.0,-0.18175361295122916,-0.18240727005194868,0.08307211181841645,0.03744141469174633,1.0,,,-0.32577015948669175,-0.326828176140617,0.22749301790708476,0.14075712339215063,1.0,,,,,P3_N20_monthly_B1.5_U_EW,P3,20,monthly,1.5,unconstrained,equal,E2,evaluation,2010-01-01,2021-12-31,2022
2023-01-03,2023-12-29,250,0.30691724638148643,0.30691724638148643,0.3097188369230981,,not_applicable_no_external_contributions,0.17656289604054154,-0.11896211679257551,89,1.6169075256432472,0.11836412796466943,3.5939451337179245,20.0,0.0,0.050124108308901016,0.26380370534355746,0.9049103768254183,0.26175777831245095,0.2641068904875523,0.04561194643554578,-0.01921890813865723,1.0,,,0.5485557706092534,0.5539830080583357,-0.24426417113523757,-0.011162727470710343,0.0,,,,,P3_N20_monthly_B1.5_U_EW,P3,20,monthly,1.5,unconstrained,equal,E3,evaluation,2010-01-01,2022-12-31,2023
2024-01-02,2024-12-31,252,0.3449998632107496,0.3449998632107496,0.3449998632107496,,not_applicable_no_external_contributions,0.21333501889200715,-0.15883161407392454,83,1.4965119211819373,0.14458656093997696,3.3735167713527914,20.0,0.0,0.05020564325868863,0.26840156655611297,0.8161948851783939,0.24886449847111503,0.24886449847111503,0.09613536473963458,-0.07477541541015653,1.0,,,0.2557827307615481,0.2557827307615481,0.08921713244920149,-0.023254162759087094,1.0,,,,,P3_N20_monthly_B1.5_U_EW,P3,20,monthly,1.5,unconstrained,equal,E4,evaluation,2010-01-01,2023-12-31,2024
2025-01-02,2025-12-31,250,0.27018163869493095,0.27018163869493095,0.2726141772557096,,not_applicable_no_external_contributions,0.22942435085559684,-0.18469022700443594,61,1.1652669579186365,0.15744793907072457,3.2675084516342947,20.0,0.0,0.0502149011587427,0.268407724023086,0.7691823812611303,0.1771908045051671,0.17872809721523475,0.09388608004047483,0.00286211788983759,1.0,,,0.2077254840592302,0.20955041897086812,0.06306375828484145,0.04299282100112323,1.0,,,,,P3_N20_monthly_B1.5_U_EW,P3,20,monthly,1.5,unconstrained,equal,E5,evaluation,2010-01-01,2024-12-31,2025
2021-01-04,2021-12-31,252,0.11897386286365763,0.11897386286365763,0.11897386286365763,,not_applicable_no_external_contributions,0.17010672118700126,-0.07918810124254894,58,0.7457952273132619,0.1185539812908441,6.112283424255388,20.0,0.0,0.05012477845589369,0.26405201440973053,0.8389959601069248,0.28728769487345307,0.28728769487345307,-0.16831383200979544,-0.02804665321904798,0.0,,,0.2741976405176627,0.2741976405176627,-0.15522377765400508,0.029327272733485454,0.0,,,,,P3_N20_monthly_B1_C_EW,P3,20,monthly,1.0,current_classification_constrained,equal,E1,evaluation,2010-01-01,2020-12-31,2021
2022-01-03,2022-12-30,251,-0.10882310893170333,-0.10882310893170333,-0.10923207711626892,,not_applicable_no_external_contributions,0.18914884569286913,-0.21827555633541174,250,-0.5169635829124319,0.14200292400273892,5.033440964127113,20.0,0.0,0.05012958057596282,0.2633696655008437,1.0,-0.18175361295122916,-0.18240727005194868,0.07317519293567976,0.026688382273997502,1.0,,,-0.32577015948669175,-0.326828176140617,0.21759609902434807,0.1300040909744018,1.0,,,,,P3_N20_monthly_B1_C_EW,P3,20,monthly,1.0,current_classification_constrained,equal,E2,evaluation,2010-01-01,2021-12-31,2022
2023-01-03,2023-12-29,250,0.2064539166972248,0.2064539166972248,0.2082667477035065,,not_applicable_no_external_contributions,0.15494847405868187,-0.11686965952876749,84,1.2985945163603312,0.10424228459732099,4.757771621045576,20.0,0.0,0.05012781996303212,0.2643009325432308,0.8300834777515111,0.26175777831245095,0.2641068904875523,-0.05584014278404581,-0.01712645087484921,0.0,,,0.5485557706092534,0.5539830080583357,-0.34571626035482916,-0.00907027020690232,0.0,,,,,P3_N20_monthly_B1_C_EW,P3,20,monthly,1.0,current_classification_constrained,equal,E3,evaluation,2010-01-01,2022-12-31,2023
2024-01-02,2024-12-31,252,0.3734807619803642,0.3734807619803642,0.3734807619803642,,not_applicable_no_external_contributions,0.16902524218584455,-0.10737078619901941,60,1.9628439876162371,0.10974127996285539,5.006917277917294,20.0,0.0,0.05021518645754642,0.26849350175889813,0.7950277743333184,0.24886449847111503,0.24886449847111503,0.12461626350924915,-0.023314587535251396,1.0,,,0.2557827307615481,0.2557827307615481,0.11769803121881606,0.02820666511581804,1.0,,,,,P3_N20_monthly_B1_C_EW,P3,20,monthly,1.0,current_classification_constrained,equal,E4,evaluation,2010-01-01,2023-12-31,2024
2025-01-02,2025-12-31,250,0.20747195557805131,0.20747195557805131,0.20929447631752307,,not_applicable_no_external_contributions,0.19359232074969213,-0.1867159734557987,86,1.078522019224851,0.13515765477127234,4.93559016626054,20.0,0.0,0.050189862194109584,0.26762925886102495,0.8335763267270604,0.1771908045051671,0.17872809721523475,0.03056637910228832,0.0008363714384748144,1.0,,,0.2077254840592302,0.20955041897086812,-0.00025594265334505373,0.04096707454976045,0.0,,,,,P3_N20_monthly_B1_C_EW,P3,20,monthly,1.0,current_classification_constrained,equal,E5,evaluation,2010-01-01,2024-12-31,2025
2021-01-04,2021-12-31,252,0.2058591656958606,0.2058591656958606,0.2058591656958606,,not_applicable_no_external_contributions,0.19554929494071066,-0.08750923878474592,42,1.0551256227557824,0.1347308608267848,6.088456307949798,20.0,0.0,0.05014613830470798,0.2651106780165578,0.8263607510791013,0.28728769487345307,0.28728769487345307,-0.08142852917759247,-0.03636779076124497,0.0,,,0.2741976405176627,0.2741976405176627,-0.06833847482180211,0.021006135191288466,0.0,,,,,P3_N20_monthly_B1_U_EW,P3,20,monthly,1.0,unconstrained,equal,E1,evaluation,2010-01-01,2020-12-31,2021
2022-01-03,2022-12-30,251,-0.10580766089844018,-0.10580766089844018,-0.10620598429818384,,not_applicable_no_external_contributions,0.19184409882472653,-0.22554950526337925,250,-0.4894223597976562,0.1429762236356071,5.272799685017632,20.0,0.0,0.05011731147167876,0.26259356435793185,1.0,-0.18175361295122916,-0.18240727005194868,0.07620128575376484,0.01941443334602999,1.0,,,-0.32577015948669175,-0.326828176140617,0.22062219184243315,0.12273014204643429,1.0,,,,,P3_N20_monthly_B1_U_EW,P3,20,monthly,1.0,unconstrained,equal,E2,evaluation,2010-01-01,2021-12-31,2022
2023-01-03,2023-12-29,250,0.3278734717901419,0.3278734717901419,0.33088934524617986,,not_applicable_no_external_contributions,0.17594199278813918,-0.11312025737267473,82,1.7132552569322794,0.1178894163687842,5.459018297577695,20.0,0.0,0.05013701017010952,0.26457855486931897,0.8751143770317675,0.26175777831245095,0.2641068904875523,0.06678245475862754,-0.013377048718756446,1.0,,,0.5485557706092534,0.5539830080583357,-0.2230936628121558,-0.005320868050809557,0.0,,,,,P3_N20_monthly_B1_U_EW,P3,20,monthly,1.0,unconstrained,equal,E3,evaluation,2010-01-01,2022-12-31,2023
2024-01-02,2024-12-31,252,0.37472317532997335,0.37472317532997335,0.37472317532997335,,not_applicable_no_external_contributions,0.20579265776729816,-0.15127279589757314,83,1.6499412111283414,0.13658909786665563,5.466392264341764,20.0,0.0,0.05021316938839441,0.2687521804838282,0.8267008114451944,0.24886449847111503,0.24886449847111503,0.12585867685885832,-0.06721659723380513,1.0,,,0.2557827307615481,0.2557827307615481,0.11894044456842523,-0.015695344582735693,1.0,,,,,P3_N20_monthly_B1_U_EW,P3,20,monthly,1.0,unconstrained,equal,E4,evaluation,2010-01-01,2023-12-31,2024
2025-01-02,2025-12-31,250,0.26326734729026446,0.26326734729026446,0.26563137627518696,,not_applicable_no_external_contributions,0.21049257356317738,-0.18653334564592305,86,1.2246570024153194,0.14678852303134288,4.860501885512548,20.0,0.0,0.050193200638567366,0.2676799895637719,0.8375704689005231,0.1771908045051671,0.17872809721523475,0.08690327905995221,0.0010189992483504717,1.0,,,0.2077254840592302,0.20955041897086812,0.056080957304318835,0.04114970235963611,1.0,,,,,P3_N20_monthly_B1_U_EW,P3,20,monthly,1.0,unconstrained,equal,E5,evaluation,2010-01-01,2024-12-31,2025
2021-01-04,2021-12-31,252,0.15189325345650073,0.15189325345650073,0.15189325345650073,,not_applicable_no_external_contributions,0.16975390682638924,-0.0708352876318813,62,0.9179282617148821,0.11823222623581275,4.586134095337899,20.0,0.0,0.05013595738770149,0.265061409761442,0.7889587748488455,0.28728769487345307,0.28728769487345307,-0.13539444141695234,-0.019693839608380337,0.0,,,0.2741976405176627,0.2741976405176627,-0.12230438706116198,0.037680086344153096,0.0,,,,,P3_N20_monthly_B2_C_EW,P3,20,monthly,2.0,current_classification_constrained,equal,E1,evaluation,2010-01-01,2020-12-31,2021
2022-01-03,2022-12-30,251,-0.05759367916176372,-0.05759367916176372,-0.05781637146530905,,not_applicable_no_external_contributions,0.1926739851095674,-0.17451804537649884,250,-0.2128367044186511,0.14322189895193435,2.4225057603357936,20.0,0.0,0.050138395126422666,0.26334719889184915,1.0,-0.18175361295122916,-0.18240727005194868,0.12459089858663963,0.0704458932329104,1.0,,,-0.32577015948669175,-0.326828176140617,0.26901180467530794,0.1737616019333147,1.0,,,,,P3_N20_monthly_B2_C_EW,P3,20,monthly,2.0,current_classification_constrained,equal,E2,evaluation,2010-01-01,2021-12-31,2022
2023-01-03,2023-12-29,250,0.1944378755098508,0.1944378755098508,0.19613686317046297,,not_applicable_no_external_contributions,0.14938861629478356,-0.11809982064139113,89,1.2737439545066382,0.10187997037616624,3.1058522338234864,20.0,0.0,0.05011280967973998,0.2633937543079514,0.8564189755916289,0.26175777831245095,0.2641068904875523,-0.06797002731708934,-0.01835661198747285,0.0,,,0.5485557706092534,0.5539830080583357,-0.3578461448878727,-0.01030043131952596,0.0,,,,,P3_N20_monthly_B2_C_EW,P3,20,monthly,2.0,current_classification_constrained,equal,E3,evaluation,2010-01-01,2022-12-31,2023
2024-01-02,2024-12-31,252,0.3638712763464558,0.3638712763464558,0.3638712763464558,,not_applicable_no_external_contributions,0.17316128832541877,-0.11942237107790143,49,1.8794472929734125,0.11314528009937351,3.2452860707743594,20.0,0.0,0.050207637193037405,0.2681051550742383,0.799583496680068,0.24886449847111503,0.24886449847111503,0.11500677787534075,-0.03536617241413342,1.0,,,0.2557827307615481,0.2557827307615481,0.10808854558490766,0.016155080236936015,1.0,,,,,P3_N20_monthly_B2_C_EW,P3,20,monthly,2.0,current_classification_constrained,equal,E4,evaluation,2010-01-01,2023-12-31,2024
2025-01-02,2025-12-31,250,0.2950416773387661,0.2950416773387661,0.2977230397896573,,not_applicable_no_external_contributions,0.19868349490830123,-0.17366614227106214,61,1.41098913371196,0.13295026040355082,2.200260921114729,20.0,0.0,0.050174645961054795,0.2670847482840805,0.8080214247999052,0.1771908045051671,0.17872809721523475,0.11899494257442256,0.013886202623211386,1.0,,,0.2077254840592302,0.20955041897086812,0.08817262081878918,0.05401690573449702,1.0,,,,,P3_N20_monthly_B2_C_EW,P3,20,monthly,2.0,current_classification_constrained,equal,E5,evaluation,2010-01-01,2024-12-31,2025
2021-01-04,2021-12-31,252,0.1608755572542937,0.1608755572542937,0.1608755572542937,,not_applicable_no_external_contributions,0.20039209932858273,-0.10806837670841263,173,0.8445065361233248,0.1378292949357633,4.1029113243895745,20.0,0.0,0.050139134819668314,0.2653102311942458,0.843731979203097,0.28728769487345307,0.28728769487345307,-0.12641213761915937,-0.05692692868491167,0.0,,,0.2741976405176627,0.2741976405176627,-0.11332208326336901,0.0004469972676217626,0.0,,,,,P3_N20_monthly_B2_U_EW,P3,20,monthly,2.0,unconstrained,equal,E1,evaluation,2010-01-01,2020-12-31,2021
2022-01-03,2022-12-30,251,-0.09348859900408313,-0.09348859900408313,-0.09384301420437158,,not_applicable_no_external_contributions,0.20705638768377604,-0.2144819189441226,250,-0.37241760063851054,0.15458037587161724,2.7448516197723705,20.0,0.0,0.05013109142443329,0.26306271640325635,1.0,-0.18175361295122916,-0.18240727005194868,0.0885642558475771,0.03048201966528663,1.0,,,-0.32577015948669175,-0.326828176140617,0.2329851619362454,0.13379772836569093,1.0,,,,,P3_N20_monthly_B2_U_EW,P3,20,monthly,2.0,unconstrained,equal,E2,evaluation,2010-01-01,2021-12-31,2022
2023-01-03,2023-12-29,250,0.28772876472781106,0.28772876472781106,0.2903365286410733,,not_applicable_no_external_contributions,0.1690179382881518,-0.11847582082558827,89,1.5931156408151828,0.11376131880783218,2.915092684123641,20.0,0.0,0.05011600846843075,0.2633662686118336,0.8841361934931062,0.26175777831245095,0.2641068904875523,0.026229638153520973,-0.018732612171669993,1.0,,,0.5485557706092534,0.5539830080583357,-0.2636464794172624,-0.010676431503723105,0.0,,,,,P3_N20_monthly_B2_U_EW,P3,20,monthly,2.0,unconstrained,equal,E3,evaluation,2010-01-01,2022-12-31,2023
2024-01-02,2024-12-31,252,0.3530572763712523,0.3530572763712523,0.3530572763712523,,not_applicable_no_external_contributions,0.2148798538395614,-0.1580791269034273,66,1.5151513294719645,0.14614693200907064,2.825072595615998,20.0,0.0,0.05020679453595893,0.26831082687506236,0.8219741734053785,0.24886449847111503,0.24886449847111503,0.10419277790013726,-0.07402292823965928,1.0,,,0.2557827307615481,0.2557827307615481,0.09727454560970417,-0.022501675588589842,1.0,,,,,P3_N20_monthly_B2_U_EW,P3,20,monthly,2.0,unconstrained,equal,E4,evaluation,2010-01-01,2023-12-31,2024
2025-01-02,2025-12-31,250,0.25253921909883936,0.25253921909883936,0.25479755531965154,,not_applicable_no_external_contributions,0.22906669889088488,-0.20124072179853914,62,1.1050236571327552,0.15666903396470697,2.3057043085033415,20.0,0.0,0.05021581961128399,0.26858594009372544,0.8170009306392854,0.1771908045051671,0.17872809721523475,0.07606945810441679,-0.013688376904265609,1.0,,,0.2077254840592302,0.20955041897086812,0.04524713634878341,0.026442326207020028,1.0,,,,,P3_N20_monthly_B2_U_EW,P3,20,monthly,2.0,unconstrained,equal,E5,evaluation,2010-01-01,2024-12-31,2025
2021-01-04,2021-12-31,252,0.15926725432515054,0.15926725432515054,0.15926725432515054,,not_applicable_no_external_contributions,0.16870236685846696,-0.073245010318985,53,0.9604685674846081,0.11811543409573437,7.516844250169024,20.0,0.0,0.05002591525423551,0.25557712966042967,0.8000309656510965,0.28728769487345307,0.28728769487345307,-0.12802044054830253,-0.022103562295484047,0.0,,,0.2741976405176627,0.2741976405176627,-0.11493038619251217,0.035270363657049386,0.0,,,,,P3_N20_weekly_B1.5_C_EW,P3,20,weekly,1.5,current_classification_constrained,equal,E1,evaluation,2010-01-01,2020-12-31,2021
2022-01-03,2022-12-30,251,-0.06840467071058354,-0.06840467071058354,-0.06866762093099166,,not_applicable_no_external_contributions,0.19379593662782957,-0.18358819570713003,250,-0.2703311790109666,0.14245863687465982,5.524371331275427,20.0,0.0,0.05002639967540776,0.2554828275848982,1.0,-0.18175361295122916,-0.18240727005194868,0.11373964912095702,0.06137574290227921,1.0,,,-0.32577015948669175,-0.326828176140617,0.25816055520962533,0.1646914516026835,1.0,,,,,P3_N20_weekly_B1.5_C_EW,P3,20,weekly,1.5,current_classification_constrained,equal,E2,evaluation,2010-01-01,2021-12-31,2022
2023-01-03,2023-12-29,250,0.19976183089306732,0.19976183089306732,0.20151113933582177,,not_applicable_no_external_contributions,0.15753052647362406,-0.10504687473083818,89,1.2442549157992464,0.10673788161208682,7.469649041875299,20.0,0.0,0.050024985218271964,0.25525877469369734,0.8509682024972238,0.26175777831245095,0.2641068904875523,-0.06259575115173055,-0.0053036660769198996,0.0,,,0.5485557706092534,0.5539830080583357,-0.3524718687225139,0.002752514591026989,0.0,,,,,P3_N20_weekly_B1.5_C_EW,P3,20,weekly,1.5,current_classification_constrained,equal,E3,evaluation,2010-01-01,2022-12-31,2023
2024-01-02,2024-12-31,252,0.3447484064462032,0.3447484064462032,0.3447484064462032,,not_applicable_no_external_contributions,0.1668356892661334,-0.11988998371152937,63,1.8595585779014103,0.1095401533948033,7.143378957227766,20.0,0.0,0.05003145047240099,0.25593106962016254,0.7918318267738297,0.24886449847111503,0.24886449847111503,0.09588390797508817,-0.03583378504776136,1.0,,,0.2557827307615481,0.2557827307615481,0.08896567568465508,0.01568746760330808,1.0,,,,,P3_N20_weekly_B1.5_C_EW,P3,20,weekly,1.5,current_classification_constrained,equal,E4,evaluation,2010-01-01,2023-12-31,2024
2025-01-02,2025-12-31,250,0.2611443493108021,0.2611443493108021,0.26348740405396276,,not_applicable_no_external_contributions,0.2021826519196708,-0.1964638565866088,86,1.2578584988823642,0.13855150553460197,6.010897788716054,20.0,0.0,0.050038798148476574,0.2566524903099193,0.8309963260715633,0.1771908045051671,0.17872809721523475,0.08475930683872801,-0.008911511692335283,1.0,,,0.2077254840592302,0.20955041897086812,0.053936985083094635,0.031219191418950354,1.0,,,,,P3_N20_weekly_B1.5_C_EW,P3,20,weekly,1.5,current_classification_constrained,equal,E5,evaluation,2010-01-01,2024-12-31,2025
2021-01-04,2021-12-31,252,0.174758204596827,0.174758204596827,0.174758204596827,,not_applicable_no_external_contributions,0.19239880994519534,-0.08724517549443822,117,0.9333992797115246,0.1343838146248889,5.797142594800773,20.0,0.0,0.05002693538856587,0.25569068598892275,0.8035229481087881,0.28728769487345307,0.28728769487345307,-0.11252949027662607,-0.036103727470937264,0.0,,,0.2741976405176627,0.2741976405176627,-0.0994394359208357,0.02127019848159617,0.0,,,,,P3_N20_weekly_B1.5_U_EW,P3,20,weekly,1.5,unconstrained,equal,E1,evaluation,2010-01-01,2020-12-31,2021
2022-01-03,2022-12-30,251,-0.09457662053420435,-0.09457662053420435,-0.09493494079565445,,not_applicable_no_external_contributions,0.20042703796854394,-0.21829672777689435,250,-0.3975830288942337,0.14801224705427118,4.643114361661207,20.0,0.0,0.05002668743583264,0.25553876158165834,1.0,-0.18175361295122916,-0.18240727005194868,0.08747232925629422,0.026667210832514887,1.0,,,-0.32577015948669175,-0.326828176140617,0.23189323534496253,0.12998291953291918,1.0,,,,,P3_N20_weekly_B1.5_U_EW,P3,20,weekly,1.5,unconstrained,equal,E2,evaluation,2010-01-01,2021-12-31,2022
2023-01-03,2023-12-29,250,0.28816701221606933,0.28816701221606933,0.2907791773013424,,not_applicable_no_external_contributions,0.17840571134566657,-0.117813114466361,90,1.5203097243461614,0.11989503359572212,4.594224220119554,20.0,0.0,0.0500252886515992,0.2553107017498077,0.9058967229037561,0.26175777831245095,0.2641068904875523,0.02667228681379008,-0.01806990581244272,1.0,,,0.5485557706092534,0.5539830080583357,-0.2632038307569933,-0.010013725144495833,0.0,,,,,P3_N20_weekly_B1.5_U_EW,P3,20,weekly,1.5,unconstrained,equal,E3,evaluation,2010-01-01,2022-12-31,2023
2024-01-02,2024-12-31,252,0.364466837856001,0.364466837856001,0.364466837856001,,not_applicable_no_external_contributions,0.20666080424648475,-0.1539781210725405,84,1.6075594756694926,0.13681265150215213,4.583455931065496,20.0,0.0,0.050033572160438196,0.25612017777876145,0.8402318305460338,0.24886449847111503,0.24886449847111503,0.11560233938488595,-0.06992192240877249,1.0,,,0.2557827307615481,0.2557827307615481,0.10868410709445286,-0.018400669757703048,1.0,,,,,P3_N20_weekly_B1.5_U_EW,P3,20,weekly,1.5,unconstrained,equal,E4,evaluation,2010-01-01,2023-12-31,2024
2025-01-02,2025-12-31,250,0.2876117366106856,0.2876117366106856,0.290218325453822,,not_applicable_no_external_contributions,0.22420491524760366,-0.1970957177875733,86,1.2487786291663956,0.15583070217351533,4.7400775065926695,20.0,0.0,0.05003934471664203,0.25672938202391776,0.790333548141001,0.1771908045051671,0.17872809721523475,0.11149022823858723,-0.009543372893299762,1.0,,,0.2077254840592302,0.20955041897086812,0.08066790648295386,0.030587330217985875,1.0,,,,,P3_N20_weekly_B1.5_U_EW,P3,20,weekly,1.5,unconstrained,equal,E5,evaluation,2010-01-01,2024-12-31,2025
2021-01-04,2021-12-31,252,0.16758261247065742,0.16758261247065742,0.16758261247065742,,not_applicable_no_external_contributions,0.17140306567084676,-0.06915645672845228,74,0.9897064882641721,0.11925692646019254,12.696718152646621,20.0,0.0,0.05002579822298563,0.2556318221951159,0.8532280380188546,0.28728769487345307,0.28728769487345307,-0.11970508240279565,-0.01801500870495132,0.0,,,0.2741976405176627,0.2741976405176627,-0.10661502804700529,0.039358917247582115,0.0,,,,,P3_N20_weekly_B1_C_EW,P3,20,weekly,1.0,current_classification_constrained,equal,E1,evaluation,2010-01-01,2020-12-31,2021
2022-01-03,2022-12-30,251,-0.07600174713477248,-0.07600174713477248,-0.07629268750651719,,not_applicable_no_external_contributions,0.18531793694639878,-0.17922103551075164,250,-0.3357505941741584,0.13583672556642162,9.357324538517226,20.0,0.0,0.050025029700917684,0.2553790639005411,1.0,-0.18175361295122916,-0.18240727005194868,0.10611458254543149,0.0657429030986576,1.0,,,-0.32577015948669175,-0.326828176140617,0.2505354886340998,0.1690586117990619,1.0,,,,,P3_N20_weekly_B1_C_EW,P3,20,weekly,1.0,current_classification_constrained,equal,E2,evaluation,2010-01-01,2021-12-31,2022
2023-01-03,2023-12-29,250,0.25865383734051917,0.25865383734051917,0.2609723237794972,,not_applicable_no_external_contributions,0.15548251444191766,-0.10563248476936493,45,1.5695157732589704,0.1041988237321057,9.668649363416247,20.0,0.0,0.05002375709624382,0.25518394170562975,0.8147444562303404,0.26175777831245095,0.2641068904875523,-0.00313456670805512,-0.005889276115446651,0.0,,,0.5485557706092534,0.5539830080583357,-0.2930106842788385,0.0021669045525002373,0.0,,,,,P3_N20_weekly_B1_C_EW,P3,20,weekly,1.0,current_classification_constrained,equal,E3,evaluation,2010-01-01,2022-12-31,2023
2024-01-02,2024-12-31,252,0.4052905029394145,0.4052905029394145,0.4052905029394145,,not_applicable_no_external_contributions,0.16747499425361614,-0.11736748879846937,46,2.116277450004139,0.10612162559305324,11.75276457462116,20.0,0.0,0.0500325173384783,0.2560691771234729,0.7904902247874454,0.24886449847111503,0.24886449847111503,0.15642600446829946,-0.033311290134701355,1.0,,,0.2557827307615481,0.2557827307615481,0.14950777217786637,0.018209962516368083,1.0,,,,,P3_N20_weekly_B1_C_EW,P3,20,weekly,1.0,current_classification_constrained,equal,E4,evaluation,2010-01-01,2023-12-31,2024
2025-01-02,2025-12-31,250,0.2503882634891086,0.2503882634891086,0.25262549778150345,,not_applicable_no_external_contributions,0.18741855466403937,-0.1899582644266382,86,1.2959535532795747,0.1315713913244629,10.272377756592288,20.0,0.0,0.05004108240041076,0.25684826804570654,0.8572279304451955,0.1771908045051671,0.17872809721523475,0.0738974005662687,-0.0024059195323646865,1.0,,,0.2077254840592302,0.20955041897086812,0.043075078810635326,0.03772478357892095,1.0,,,,,P3_N20_weekly_B1_C_EW,P3,20,weekly,1.0,current_classification_constrained,equal,E5,evaluation,2010-01-01,2024-12-31,2025
2021-01-04,2021-12-31,252,0.20632833481980284,0.20632833481980284,0.20632833481980284,,not_applicable_no_external_contributions,0.19282245874792275,-0.08032807336531433,85,1.0693376594010495,0.13299184442345413,13.490813133375969,20.0,0.0,0.05002714229595834,0.25572282639460225,0.8210241208350104,0.28728769487345307,0.28728769487345307,-0.08095936005365023,-0.029186625341813377,0.0,,,0.2741976405176627,0.2741976405176627,-0.06786930569785987,0.028187300610720056,0.0,,,,,P3_N20_weekly_B1_U_EW,P3,20,weekly,1.0,unconstrained,equal,E1,evaluation,2010-01-01,2020-12-31,2021
2022-01-03,2022-12-30,251,-0.06092713471352906,-0.06092713471352906,-0.06116229327288958,,not_applicable_no_external_contributions,0.18875465152938417,-0.18553642158997075,250,-0.24016717531298407,0.13898260546057187,10.005835726748211,20.0,0.0,0.0500253257771266,0.2553899359995062,1.0,-0.18175361295122916,-0.18240727005194868,0.1212449767790591,0.05942751701943849,1.0,,,-0.32577015948669175,-0.326828176140617,0.2656658828677274,0.1627432257198428,1.0,,,,,P3_N20_weekly_B1_U_EW,P3,20,weekly,1.0,unconstrained,equal,E2,evaluation,2010-01-01,2021-12-31,2022
2023-01-03,2023-12-29,250,0.35430077786897085,0.35430077786897085,0.35759068340869815,,not_applicable_no_external_contributions,0.1833620163396825,-0.12820438874859008,83,1.7596510927545364,0.12317430540446138,11.866992976272998,20.0,0.0,0.05002539511133303,0.25533161548475874,0.8460558823705645,0.26175777831245095,0.2641068904875523,0.09348379292114584,-0.0284611800946718,1.0,,,0.5485557706092534,0.5539830080583357,-0.19639232464963752,-0.020404999426724912,0.0,,,,,P3_N20_weekly_B1_U_EW,P3,20,weekly,1.0,unconstrained,equal,E3,evaluation,2010-01-01,2022-12-31,2023
2024-01-02,2024-12-31,252,0.4323339205541614,0.4323339205541614,0.4323339205541614,,not_applicable_no_external_contributions,0.20185298208195065,-0.13938781010343748,63,1.8817641798219462,0.13133734647914344,11.240052326764047,20.0,0.0,0.050032396319915774,0.256008702531393,0.8138244689955194,0.24886449847111503,0.24886449847111503,0.1834694220830464,-0.05533161143966947,1.0,,,0.2557827307615481,0.2557827307615481,0.1765511897926133,-0.0038103587886000323,1.0,,,,,P3_N20_weekly_B1_U_EW,P3,20,weekly,1.0,unconstrained,equal,E4,evaluation,2010-01-01,2023-12-31,2024
2025-01-02,2025-12-31,250,0.3679083739953186,0.3679083739953186,0.3713410114941036,,not_applicable_no_external_contributions,0.20975851086932906,-0.19204062648439368,85,1.611250850425192,0.14681826525649633,10.910110825747395,20.0,0.0,0.050042271830023924,0.2570821738676467,0.836868225270948,0.1771908045051671,0.17872809721523475,0.19261291427886884,-0.004488281590120158,1.0,,,0.2077254840592302,0.20955041897086812,0.16179059252323547,0.03564242152116548,1.0,,,,,P3_N20_weekly_B1_U_EW,P3,20,weekly,1.0,unconstrained,equal,E5,evaluation,2010-01-01,2024-12-31,2025
2021-01-04,2021-12-31,252,0.14156360770582577,0.14156360770582577,0.14156360770582577,,not_applicable_no_external_contributions,0.1723313810042858,-0.07019528001079167,96,0.854448989378338,0.12064915567249064,5.213912983378851,20.0,0.0,0.05002605787345068,0.25563312877708155,0.8574810168074991,0.28728769487345307,0.28728769487345307,-0.1457240871676273,-0.019053831987290715,0.0,,,0.2741976405176627,0.2741976405176627,-0.13263403281183694,0.03832009396524272,0.0,,,,,P3_N20_weekly_B2_C_EW,P3,20,weekly,2.0,current_classification_constrained,equal,E1,evaluation,2010-01-01,2020-12-31,2021
2022-01-03,2022-12-30,251,-0.06223683639260558,-0.06223683639260558,-0.06247687995653173,,not_applicable_no_external_contributions,0.20147148730404688,-0.19071046611781894,250,-0.21964564229437253,0.14740532227043424,3.9779016878450917,20.0,0.0,0.05002766505268448,0.25564383768824045,1.0,-0.18175361295122916,-0.18240727005194868,0.11993039009541695,0.05425347249159029,1.0,,,-0.32577015948669175,-0.326828176140617,0.26435129618408526,0.1575691811919946,1.0,,,,,P3_N20_weekly_B2_C_EW,P3,20,weekly,2.0,current_classification_constrained,equal,E2,evaluation,2010-01-01,2021-12-31,2022
2023-01-03,2023-12-29,250,0.19247827916413907,0.19247827916413907,0.19415879338173792,,not_applicable_no_external_contributions,0.15010827075424393,-0.11148432017066723,96,1.2572828238612062,0.10164490240779814,4.2503685659209,20.0,0.0,0.05002249991851404,0.25497597948231304,0.8613667559438147,0.26175777831245095,0.2641068904875523,-0.0699480971058144,-0.011741111516748948,0.0,,,0.5485557706092534,0.5539830080583357,-0.35982421467659775,-0.0036849308488020593,0.0,,,,,P3_N20_weekly_B2_C_EW,P3,20,weekly,2.0,current_classification_constrained,equal,E3,evaluation,2010-01-01,2022-12-31,2023
2024-01-02,2024-12-31,252,0.4020454739927206,0.4020454739927206,0.4020454739927206,,not_applicable_no_external_contributions,0.1684082089408852,-0.1190439992812985,45,2.0918042060396744,0.10915102331380373,3.6968389084656894,20.0,0.0,0.05003120704375919,0.2559782510284198,0.7548823568938778,0.24886449847111503,0.24886449847111503,0.1531809755216056,-0.034987800617530485,1.0,,,0.2557827307615481,0.2557827307615481,0.1462627432311725,0.016533452033538953,1.0,,,,,P3_N20_weekly_B2_C_EW,P3,20,weekly,2.0,current_classification_constrained,equal,E4,evaluation,2010-01-01,2023-12-31,2024
2025-01-02,2025-12-31,250,0.2593102334253963,0.2593102334253963,0.26163519119403,,not_applicable_no_external_contributions,0.20205870199692968,-0.18050246403433123,61,1.2510935427349112,0.1378153570055269,3.661337454209175,20.0,0.0,0.050037452683904984,0.2565440945812011,0.8024766823489605,0.1771908045051671,0.17872809721523475,0.08290709397879525,0.007049880859942292,1.0,,,0.2077254840592302,0.20955041897086812,0.05208477222316188,0.04718058397122793,1.0,,,,,P3_N20_weekly_B2_C_EW,P3,20,weekly,2.0,current_classification_constrained,equal,E5,evaluation,2010-01-01,2024-12-31,2025
2021-01-04,2021-12-31,252,0.14606292534781917,0.14606292534781917,0.14606292534781917,,not_applicable_no_external_contributions,0.20013232301464148,-0.10862565829949844,175,0.7812593268721693,0.14050232532289297,5.047830918107003,20.0,0.0,0.05002772866414005,0.25581233881054966,0.8543909582492583,0.28728769487345307,0.28728769487345307,-0.1412247695256339,-0.05748421027599748,0.0,,,0.2741976405176627,0.2741976405176627,-0.12813471516984354,-0.00011028432346404937,0.0,,,,,P3_N20_weekly_B2_U_EW,P3,20,weekly,2.0,unconstrained,equal,E1,evaluation,2010-01-01,2020-12-31,2021
2022-01-03,2022-12-30,251,-0.12070456853016498,-0.12070456853016498,-0.12115508091184579,,not_applicable_no_external_contributions,0.20992848080239196,-0.23351669640061168,250,-0.5102412896633158,0.15618822223008397,4.205091498994018,20.0,0.0,0.050027744611462636,0.2556775680362252,1.0,-0.18175361295122916,-0.18240727005194868,0.061252189140102886,0.011447242208797559,1.0,,,-0.32577015948669175,-0.326828176140617,0.2056730952287712,0.11476295090920186,1.0,,,,,P3_N20_weekly_B2_U_EW,P3,20,weekly,2.0,unconstrained,equal,E2,evaluation,2010-01-01,2021-12-31,2022
2023-01-03,2023-12-29,250,0.2822235242989599,0.2822235242989599,0.2847761037274179,,not_applicable_no_external_contributions,0.17147852139128678,-0.11650721363445593,90,1.5474404322899111,0.11461583642316757,3.8155338262398706,20.0,0.0,0.05002592032145512,0.2553556723678226,0.9025347848136075,0.26175777831245095,0.2641068904875523,0.02066921323986559,-0.01676400498053765,1.0,,,0.5485557706092534,0.5539830080583357,-0.26920690433091776,-0.008707824312590762,0.0,,,,,P3_N20_weekly_B2_U_EW,P3,20,weekly,2.0,unconstrained,equal,E3,evaluation,2010-01-01,2022-12-31,2023
2024-01-02,2024-12-31,252,0.37401202690271473,0.37401202690271473,0.37401202690271473,,not_applicable_no_external_contributions,0.211813910515153,-0.16745213973118267,83,1.6066220797003112,0.1434202595485105,3.5784472473180675,20.0,0.0,0.05004030779630396,0.25653425042121314,0.8316404016275137,0.24886449847111503,0.24886449847111503,0.1251475284315997,-0.08339594106741466,1.0,,,0.2557827307615481,0.2557827307615481,0.11822929614116662,-0.03187468841634522,1.0,,,,,P3_N20_weekly_B2_U_EW,P3,20,weekly,2.0,unconstrained,equal,E4,evaluation,2010-01-01,2023-12-31,2024
2025-01-02,2025-12-31,250,0.2597032094474656,0.2597032094474656,0.2620320428420597,,not_applicable_no_external_contributions,0.21713593135434275,-0.18050246403433123,61,1.1802393332772636,0.14929385716981686,3.804211171434147,20.0,0.0,0.050040294743966936,0.25677405787158564,0.8498434089228483,0.1771908045051671,0.17872809721523475,0.08330394562682497,0.007049880859942292,1.0,,,0.2077254840592302,0.20955041897086812,0.052481623871191596,0.04718058397122793,1.0,,,,,P3_N20_weekly_B2_U_EW,P3,20,weekly,2.0,unconstrained,equal,E5,evaluation,2010-01-01,2024-12-31,2025
2021-01-04,2021-12-31,252,0.22458755145346676,0.22458755145346676,0.22458755145346676,,not_applicable_no_external_contributions,0.1551807081757409,-0.06533849423465943,34,1.3835366661023358,0.10716675813640768,4.13871674457577,30.0,0.0,0.0333698175918854,0.17397095902433807,0.7946251418485174,0.28728769487345307,0.28728769487345307,-0.06270014341998631,-0.01419704621115847,0.0,,,0.2741976405176627,0.2741976405176627,-0.04961008906419595,0.04317687974137496,0.0,,,,,P3_N30_biweekly_B1.5_C_EW,P3,30,biweekly,1.5,current_classification_constrained,equal,E1,evaluation,2010-01-01,2020-12-31,2021
2022-01-03,2022-12-30,251,-0.10794508402663994,-0.10794508402663994,-0.1083509569132094,,not_applicable_no_external_contributions,0.19271352504484482,-0.20039170524276828,250,-0.49885872562341876,0.14101775052026108,3.2519513157233613,30.0,0.0,0.033373644635699744,0.17390098946019633,1.0,-0.18175361295122916,-0.18240727005194868,0.07405631313873928,0.044572233366640956,1.0,,,-0.32577015948669175,-0.326828176140617,0.2184772192274076,0.14788794206704525,1.0,,,,,P3_N30_biweekly_B1.5_C_EW,P3,30,biweekly,1.5,current_classification_constrained,equal,E2,evaluation,2010-01-01,2021-12-31,2022
2023-01-03,2023-12-29,250,0.19459523660512135,0.19459523660512135,0.19629570886181913,,not_applicable_no_external_contributions,0.13363676464715868,-0.10773905365120329,86,1.4082232084462805,0.0903512620519519,3.8962487752003496,30.0,0.0,0.03336464064666815,0.1732575264866217,0.8693051892095847,0.26175777831245095,0.2641068904875523,-0.06781118162573319,-0.007995844997285007,0.0,,,0.5485557706092534,0.5539830080583357,-0.35768729919651654,6.0335670661881835e-05,0.0,,,,,P3_N30_biweekly_B1.5_C_EW,P3,30,biweekly,1.5,current_classification_constrained,equal,E3,evaluation,2010-01-01,2022-12-31,2023
2024-01-02,2024-12-31,252,0.3017069227552289,0.3017069227552289,0.3017069227552289,,not_applicable_no_external_contributions,0.14345858371717035,-0.08996748720315495,36,1.9103386627245595,0.09235190573416267,3.5296111868295843,30.0,0.0,0.03338380151088231,0.17479023700925292,0.8003112616291412,0.24886449847111503,0.24886449847111503,0.0528424242841139,-0.0059112885393869385,1.0,,,0.2557827307615481,0.2557827307615481,0.04592419199368081,0.0456099641116825,1.0,,,,,P3_N30_biweekly_B1.5_C_EW,P3,30,biweekly,1.5,current_classification_constrained,equal,E4,evaluation,2010-01-01,2023-12-31,2024
2025-01-02,2025-12-31,250,0.2655669051263918,0.2655669051263918,0.2679536852019395,,not_applicable_no_external_contributions,0.18038988868937034,-0.15962355187180077,61,1.4061469175206407,0.12101617990723401,3.3529580349994896,30.0,0.0,0.033388783378193045,0.17533858657374027,0.7776399377756659,0.1771908045051671,0.17872809721523475,0.08922558798670477,0.027928793022472753,1.0,,,0.2077254840592302,0.20955041897086812,0.058403266231071393,0.06805949613375839,1.0,,,,,P3_N30_biweekly_B1.5_C_EW,P3,30,biweekly,1.5,current_classification_constrained,equal,E5,evaluation,2010-01-01,2024-12-31,2025
2021-01-04,2021-12-31,252,0.22481664441119098,0.22481664441119098,0.22481664441119098,,not_applicable_no_external_contributions,0.17418678926922235,-0.07450302594375957,33,1.2515264553480563,0.11915797560786442,3.9609539115938093,30.0,0.0,0.0333712813507957,0.17408116002637428,0.768874676584652,0.28728769487345307,0.28728769487345307,-0.06247105046226209,-0.023361577920258614,0.0,,,0.2741976405176627,0.2741976405176627,-0.04938099610647173,0.03401234803227482,0.0,,,,,P3_N30_biweekly_B1.5_U_EW,P3,30,biweekly,1.5,unconstrained,equal,E1,evaluation,2010-01-01,2020-12-31,2021
2022-01-03,2022-12-30,251,-0.10619046041234581,-0.10619046041234581,-0.10659013738238099,,not_applicable_no_external_contributions,0.1983563609777755,-0.22027874636274025,250,-0.46915147103055976,0.14595600728438363,3.20602528621231,30.0,0.0,0.03337298933190479,0.1738719973201428,1.0,-0.18175361295122916,-0.18240727005194868,0.07581713266956769,0.024685192246668985,1.0,,,-0.32577015948669175,-0.326828176140617,0.220238038758236,0.12800090094707328,1.0,,,,,P3_N30_biweekly_B1.5_U_EW,P3,30,biweekly,1.5,unconstrained,equal,E2,evaluation,2010-01-01,2021-12-31,2022
2023-01-03,2023-12-29,250,0.26611686888898034,0.26611686888898034,0.26850909513477994,,not_applicable_no_external_contributions,0.15254974356675977,-0.10924598175839195,87,1.6358590032541351,0.1025818695804637,3.0558047750873443,30.0,0.0,0.033365312253670586,0.1732947364247276,0.8533882732759259,0.26175777831245095,0.2641068904875523,0.0044022046472276255,-0.009502773104473672,1.0,,,0.5485557706092534,0.5539830080583357,-0.28547391292355573,-0.0014465924365267835,0.0,,,,,P3_N30_biweekly_B1.5_U_EW,P3,30,biweekly,1.5,unconstrained,equal,E3,evaluation,2010-01-01,2022-12-31,2023
2024-01-02,2024-12-31,252,0.2814044283115229,0.2814044283115229,0.2814044283115229,,not_applicable_no_external_contributions,0.17067359236698762,-0.1160494046820898,63,1.5385267813530141,0.11419629643624937,3.491072219514262,30.0,0.0,0.03338679644067268,0.17513100527522546,0.7883720421704293,0.24886449847111503,0.24886449847111503,0.03253992984040788,-0.031993206018321785,1.0,,,0.2557827307615481,0.2557827307615481,0.025621697549974787,0.019528046632747653,1.0,,,,,P3_N30_biweekly_B1.5_U_EW,P3,30,biweekly,1.5,unconstrained,equal,E4,evaluation,2010-01-01,2023-12-31,2024
2025-01-02,2025-12-31,250,0.29509897312034905,0.29509897312034905,0.29778091352674596,,not_applicable_no_external_contributions,0.19295944952302194,-0.16552882653871115,62,1.447371323641491,0.13135986053713167,3.3198951783855426,30.0,0.0,0.03339010547669866,0.17553037428908091,0.8197266676695222,0.1771908045051671,0.17872809721523475,0.11905281631151121,0.022023518355562377,1.0,,,0.2077254840592302,0.20955041897086812,0.08823049455587784,0.062154221466848014,1.0,,,,,P3_N30_biweekly_B1.5_U_EW,P3,30,biweekly,1.5,unconstrained,equal,E5,evaluation,2010-01-01,2024-12-31,2025
2021-01-04,2021-12-31,252,0.20536710699948668,0.20536710699948668,0.20536710699948668,,not_applicable_no_external_contributions,0.15418681015782768,-0.056856713068574316,34,1.2887929276409917,0.10711391804527787,7.040641316450278,30.0,0.0,0.033370466960493554,0.17396847634584212,0.8180294923418365,0.28728769487345307,0.28728769487345307,-0.08192058787396639,-0.005715265045073359,0.0,,,0.2741976405176627,0.2741976405176627,-0.06883053351817603,0.051658660907460074,0.0,,,,,P3_N30_biweekly_B1_C_EW,P3,30,biweekly,1.0,current_classification_constrained,equal,E1,evaluation,2010-01-01,2020-12-31,2021
2022-01-03,2022-12-30,251,-0.10430772911239905,-0.10430772911239905,-0.10470074247707395,,not_applicable_no_external_contributions,0.1850639776029164,-0.19551316062418034,250,-0.5051900965441577,0.13598437689867554,6.555976944644906,30.0,0.0,0.033374342893778525,0.1738855481618934,1.0,-0.18175361295122916,-0.18240727005194868,0.07770652757487473,0.0494507779852289,1.0,,,-0.32577015948669175,-0.326828176140617,0.22212743366354304,0.1527664866856332,1.0,,,,,P3_N30_biweekly_B1_C_EW,P3,30,biweekly,1.0,current_classification_constrained,equal,E2,evaluation,2010-01-01,2021-12-31,2022
2023-01-03,2023-12-29,250,0.16065809132455322,0.16065809132455322,0.16204230134133213,,not_applicable_no_external_contributions,0.13988091171335154,-0.1058494866578793,92,1.143595558285548,0.09456181531264085,6.323446890168406,30.0,0.0,0.033365360847612734,0.17335067952217223,0.9005436013592408,0.26175777831245095,0.2641068904875523,-0.10206458914622019,-0.006106278003961019,0.0,,,0.5485557706092534,0.5539830080583357,-0.39194070671700354,0.0019499026639858696,0.0,,,,,P3_N30_biweekly_B1_C_EW,P3,30,biweekly,1.0,current_classification_constrained,equal,E3,evaluation,2010-01-01,2022-12-31,2023
2024-01-02,2024-12-31,252,0.3244323389527981,0.3244323389527981,0.3244323389527981,,not_applicable_no_external_contributions,0.1434723922641253,-0.08480575268695634,33,2.0309525046469687,0.09228802898330724,5.849939254325343,30.0,0.0,0.033383083403857886,0.17469910299356456,0.8256965157124061,0.24886449847111503,0.24886449847111503,0.07556784048168308,-0.0007495540231883258,1.0,,,0.2557827307615481,0.2557827307615481,0.06864960819124999,0.05077169862788111,1.0,,,,,P3_N30_biweekly_B1_C_EW,P3,30,biweekly,1.0,current_classification_constrained,equal,E4,evaluation,2010-01-01,2023-12-31,2024
2025-01-02,2025-12-31,250,0.21193276948169548,0.21193276948169548,0.2137978300763188,,not_applicable_no_external_contributions,0.17451118598625118,-0.17239382787057433,89,1.1977468514203788,0.12303062701404362,5.633518333009708,30.0,0.0,0.0333892736912266,0.17541739310595017,0.866841324272615,0.1771908045051671,0.17872809721523475,0.03506973286108406,0.015158517023699192,1.0,,,0.2077254840592302,0.20955041897086812,0.0042474111054506825,0.05528922013498483,1.0,,,,,P3_N30_biweekly_B1_C_EW,P3,30,biweekly,1.0,current_classification_constrained,equal,E5,evaluation,2010-01-01,2024-12-31,2025
2021-01-04,2021-12-31,252,0.21694200959531007,0.21694200959531007,0.21694200959531007,,not_applicable_no_external_contributions,0.1699868786682914,-0.06418227440025048,33,1.240259013654827,0.11721747322268816,6.8613738200072065,30.0,0.0,0.033370085137480895,0.17384368664948524,0.8023497306628271,0.28728769487345307,0.28728769487345307,-0.070345685278143,-0.013040826376749526,0.0,,,0.2741976405176627,0.2741976405176627,-0.05725563092235264,0.04433309957578391,0.0,,,,,P3_N30_biweekly_B1_U_EW,P3,30,biweekly,1.0,unconstrained,equal,E1,evaluation,2010-01-01,2020-12-31,2021
2022-01-03,2022-12-30,251,-0.11737345398015253,-0.11737345398015253,-0.11781238331154031,,not_applicable_no_external_contributions,0.1861983741124569,-0.22468311781876937,250,-0.5801959367619858,0.13744036338728954,6.5348070729687,30.0,0.0,0.03337395855324625,0.17383432191195136,1.0,-0.18175361295122916,-0.18240727005194868,0.06459488674040836,0.020280820790639864,1.0,,,-0.32577015948669175,-0.326828176140617,0.20901579282907667,0.12359652949104416,1.0,,,,,P3_N30_biweekly_B1_U_EW,P3,30,biweekly,1.0,unconstrained,equal,E2,evaluation,2010-01-01,2021-12-31,2022
2023-01-03,2023-12-29,250,0.27550527996222374,0.27550527996222374,0.27799077459123,,not_applicable_no_external_contributions,0.16137869961831358,-0.10939261595669036,84,1.6011132236481362,0.10874274641234417,6.352591265898556,30.0,0.0,0.03336723338909649,0.1736039225751385,0.8687735709641589,0.26175777831245095,0.2641068904875523,0.01388388410367769,-0.009649407302772084,1.0,,,0.5485557706092534,0.5539830080583357,-0.27599223346710566,-0.0015932266348251956,0.0,,,,,P3_N30_biweekly_B1_U_EW,P3,30,biweekly,1.0,unconstrained,equal,E3,evaluation,2010-01-01,2022-12-31,2023
2024-01-02,2024-12-31,252,0.3246854235545058,0.3246854235545058,0.3246854235545058,,not_applicable_no_external_contributions,0.16691177827412682,-0.1092367607922432,62,1.7686307891931001,0.11003346779298313,6.30361157072671,30.0,0.0,0.033386159642933594,0.17498723001437408,0.7951465152561966,0.24886449847111503,0.24886449847111503,0.07582092508339078,-0.025180562128475192,1.0,,,0.2557827307615481,0.2557827307615481,0.06890269279295769,0.026340690522594246,1.0,,,,,P3_N30_biweekly_B1_U_EW,P3,30,biweekly,1.0,unconstrained,equal,E4,evaluation,2010-01-01,2023-12-31,2024
2025-01-02,2025-12-31,250,0.2715228893652095,0.2715228893652095,0.273968752843575,,not_applicable_no_external_contributions,0.18455239298652218,-0.17478659991960965,88,1.4047528009400865,0.12977688905669124,5.755063141292956,30.0,0.0,0.03339085080025815,0.1756350739427369,0.8831252571488789,0.1771908045051671,0.17872809721523475,0.09524065562834028,0.012765744974663873,1.0,,,0.2077254840592302,0.20955041897086812,0.0644183338727069,0.05289644808594951,1.0,,,,,P3_N30_biweekly_B1_U_EW,P3,30,biweekly,1.0,unconstrained,equal,E5,evaluation,2010-01-01,2024-12-31,2025
2021-01-04,2021-12-31,252,0.24036317837133514,0.24036317837133514,0.24036317837133514,,not_applicable_no_external_contributions,0.15806102229049707,-0.0796978747234034,33,1.4422172341306998,0.10878592318669843,2.6573601794317363,30.0,0.0,0.03337168172107898,0.17420714274545263,0.7213073413223225,0.28728769487345307,0.28728769487345307,-0.04692451650211793,-0.028556426699902437,0.0,,,0.2741976405176627,0.2741976405176627,-0.03383446214632757,0.028817499252630996,0.0,,,,,P3_N30_biweekly_B2_C_EW,P3,30,biweekly,2.0,current_classification_constrained,equal,E1,evaluation,2010-01-01,2020-12-31,2021
2022-01-03,2022-12-30,251,-0.06926086414904553,-0.06926086414904553,-0.06952698129463741,,not_applicable_no_external_contributions,0.21047382895999087,-0.1947170878729202,250,-0.23732388073754557,0.15324613427747935,1.9990339469672196,30.0,0.0,0.03337691198800196,0.17402750270739484,1.0,-0.18175361295122916,-0.18240727005194868,0.11288028875731126,0.050246850736489046,1.0,,,-0.32577015948669175,-0.326828176140617,0.2573011948459796,0.15356255943689334,1.0,,,,,P3_N30_biweekly_B2_C_EW,P3,30,biweekly,2.0,current_classification_constrained,equal,E2,evaluation,2010-01-01,2021-12-31,2022
2023-01-03,2023-12-29,250,0.17133516385716874,0.17133516385716874,0.17281802117871492,,not_applicable_no_external_contributions,0.13384232200664706,-0.10694163437232262,78,1.2580740292902663,0.09102760881237834,2.7032085034415823,30.0,0.0,0.033364921088809,0.1731488529780985,0.9542065753221696,0.26175777831245095,0.2641068904875523,-0.0912888693088374,-0.007198425718404344,0.0,,,0.5485557706092534,0.5539830080583357,-0.38116498687962075,0.000857754949542544,0.0,,,,,P3_N30_biweekly_B2_C_EW,P3,30,biweekly,2.0,current_classification_constrained,equal,E3,evaluation,2010-01-01,2022-12-31,2023
2024-01-02,2024-12-31,252,0.296793088871085,0.296793088871085,0.296793088871085,,not_applicable_no_external_contributions,0.14546000547491403,-0.10789551558806443,47,1.8600319295532743,0.09452807280255555,2.3658057544166864,30.0,0.0,0.033384279878070716,0.1749631028029736,0.7685575177882612,0.24886449847111503,0.24886449847111503,0.047928590399969995,-0.023839316924296416,1.0,,,0.2557827307615481,0.2557827307615481,0.041010358109536904,0.02768193572677302,1.0,,,,,P3_N30_biweekly_B2_C_EW,P3,30,biweekly,2.0,current_classification_constrained,equal,E4,evaluation,2010-01-01,2023-12-31,2024
2025-01-02,2025-12-31,250,0.26941142347105806,0.26941142347105806,0.2718363153492891,,not_applicable_no_external_contributions,0.18330616857621565,-0.16077019814926974,57,1.4031943421939002,0.1213220617655978,2.3673968570134654,30.0,0.0,0.03338964968373074,0.17539810288910668,0.7985452113499457,0.1771908045051671,0.17872809721523475,0.09310821813405434,0.026782146745003788,1.0,,,0.2077254840592302,0.20955041897086812,0.06228589637842097,0.06691284985628942,1.0,,,,,P3_N30_biweekly_B2_C_EW,P3,30,biweekly,2.0,current_classification_constrained,equal,E5,evaluation,2010-01-01,2024-12-31,2025
2021-01-04,2021-12-31,252,0.25934101629540995,0.25934101629540995,0.25934101629540995,,not_applicable_no_external_contributions,0.17389927066277325,-0.09814008134272212,36,1.4132987136446558,0.1188070624219286,2.6757318926860796,30.0,0.0,0.0333727958105212,0.17425859609773614,0.7544652678683795,0.28728769487345307,0.28728769487345307,-0.027946678578043116,-0.04699863331922116,0.0,,,0.2741976405176627,0.2741976405176627,-0.014856624222252757,0.010375292633312272,0.0,,,,,P3_N30_biweekly_B2_U_EW,P3,30,biweekly,2.0,unconstrained,equal,E1,evaluation,2010-01-01,2020-12-31,2021
2022-01-03,2022-12-30,251,-0.08362984470540791,-0.08362984470540791,-0.08394863821436871,,not_applicable_no_external_contributions,0.22304362528078533,-0.21100810528224456,250,-0.28175664676524753,0.16232396171607463,2.1832732347813746,30.0,0.0,0.03337853304275811,0.17438288912802813,1.0,-0.18175361295122916,-0.18240727005194868,0.09845863183757997,0.033955833327164675,1.0,,,-0.32577015948669175,-0.326828176140617,0.24287953792624828,0.13727154202756897,1.0,,,,,P3_N30_biweekly_B2_U_EW,P3,30,biweekly,2.0,unconstrained,equal,E2,evaluation,2010-01-01,2021-12-31,2022
2023-01-03,2023-12-29,250,0.22303460785091822,0.22303460785091822,0.22500611404581616,,not_applicable_no_external_contributions,0.1399737061643349,-0.1052844726569282,84,1.520196922764144,0.09399417357240847,2.554543939181982,30.0,0.0,0.03336469047523602,0.1732479628370183,0.9154805734218134,0.26175777831245095,0.2641068904875523,-0.03910077644173615,-0.005541264003009916,0.0,,,0.5485557706092534,0.5539830080583357,-0.3289768940125195,0.0025149166649369725,0.0,,,,,P3_N30_biweekly_B2_U_EW,P3,30,biweekly,2.0,unconstrained,equal,E3,evaluation,2010-01-01,2022-12-31,2023
2024-01-02,2024-12-31,252,0.301237551874481,0.301237551874481,0.301237551874481,,not_applicable_no_external_contributions,0.17988344654422553,-0.12683860205785802,50,1.5542163370880955,0.12129559943643228,2.457466579892207,30.0,0.0,0.033384532793148014,0.17497657762879829,0.7925844593232436,0.24886449847111503,0.24886449847111503,0.052373053403365954,-0.04278240339409001,1.0,,,0.2557827307615481,0.2557827307615481,0.045454821112932864,0.00873884925697943,1.0,,,,,P3_N30_biweekly_B2_U_EW,P3,30,biweekly,2.0,unconstrained,equal,E4,evaluation,2010-01-01,2023-12-31,2024
2025-01-02,2025-12-31,250,0.2905148486257203,0.2905148486257203,0.293150612747608,,not_applicable_no_external_contributions,0.2004847998046656,-0.1746213528270264,60,1.3822155983317654,0.13371236819545843,2.6159836204549904,30.0,0.0,0.03339261876167982,0.1757852773321176,0.8232871137080365,0.1771908045051671,0.17872809721523475,0.11442251553237326,0.012930992067247127,1.0,,,0.2077254840592302,0.20955041897086812,0.08360019377673988,0.053061695178532764,1.0,,,,,P3_N30_biweekly_B2_U_EW,P3,30,biweekly,2.0,unconstrained,equal,E5,evaluation,2010-01-01,2024-12-31,2025
2021-01-04,2021-12-31,252,0.2084717901732438,0.2084717901732438,0.2084717901732438,,not_applicable_no_external_contributions,0.1543276724768529,-0.059110166555227606,32,1.3044329781525654,0.10661498302118308,6.882603839915555,30.0,0.0,0.033333333333333326,0.16666666666666663,0.8333651778268011,0.28728769487345307,0.28728769487345307,-0.07881590470020927,-0.007968718531726648,0.0,,,0.2741976405176627,0.2741976405176627,-0.06572585034441891,0.049405207420806785,0.0,,,,,P3_N30_daily_B1.5_C_EW,P3,30,daily,1.5,current_classification_constrained,equal,E1,evaluation,2010-01-01,2020-12-31,2021
2022-01-03,2022-12-30,251,-0.09502554241892658,-0.09502554241892658,-0.09538547240059836,,not_applicable_no_external_contributions,0.18917441440621088,-0.1894363968385443,250,-0.4354823852335718,0.13815199083617857,5.340528570773518,30.0,0.0,0.033333333333333326,0.16666666666666666,1.0,-0.18175361295122916,-0.18240727005194868,0.08702179765135032,0.05552754177086494,1.0,,,-0.32577015948669175,-0.326828176140617,0.23144270374001863,0.15884325047126924,1.0,,,,,P3_N30_daily_B1.5_C_EW,P3,30,daily,1.5,current_classification_constrained,equal,E2,evaluation,2010-01-01,2021-12-31,2022
2023-01-03,2023-12-29,250,0.15484099249733196,0.15484099249733196,0.15617179059277286,,not_applicable_no_external_contributions,0.13071604925926308,-0.10083863788815062,68,1.1755970004758596,0.08937640370132044,7.686561136042041,30.0,0.0,0.033333333333333326,0.16666666666666663,0.9234844168293509,0.26175777831245095,0.2641068904875523,-0.10793509989477945,-0.0010954292342323368,0.0,,,0.5485557706092534,0.5539830080583357,-0.3978112174655628,0.0069607514337145515,0.0,,,,,P3_N30_daily_B1.5_C_EW,P3,30,daily,1.5,current_classification_constrained,equal,E3,evaluation,2010-01-01,2022-12-31,2023
2024-01-02,2024-12-31,252,0.32750581879528085,0.32750581879528085,0.32750581879528085,,not_applicable_no_external_contributions,0.1411267443003247,-0.08522270244247432,33,2.0788227599397877,0.0914634395923108,6.498247211656048,30.0,0.0,0.033333333333333326,0.16666666666666663,0.762365384795478,0.24886449847111503,0.24886449847111503,0.07864132032416582,-0.001166503778706307,1.0,,,0.2557827307615481,0.2557827307615481,0.07172308803373273,0.05035474887236313,1.0,,,,,P3_N30_daily_B1.5_C_EW,P3,30,daily,1.5,current_classification_constrained,equal,E4,evaluation,2010-01-01,2023-12-31,2024
2025-01-02,2025-12-31,250,0.21701145315372994,0.21701145315372994,0.21892510722609493,,not_applicable_no_external_contributions,0.18104048867993214,-0.16872039358142954,71,1.1837549736599753,0.12291380983093758,6.184342045895842,30.0,0.0,0.033333333333333326,0.16666666666666663,0.8192142232470223,0.1771908045051671,0.17872809721523475,0.04019701001086018,0.018831951312843986,1.0,,,0.2077254840592302,0.20955041897086812,0.009374688255226804,0.058962654424129624,1.0,,,,,P3_N30_daily_B1.5_C_EW,P3,30,daily,1.5,current_classification_constrained,equal,E5,evaluation,2010-01-01,2024-12-31,2025
2021-01-04,2021-12-31,252,0.22868996510757755,0.22868996510757755,0.22868996510757755,,not_applicable_no_external_contributions,0.17353074462391582,-0.0681188672722195,33,1.2738066327077961,0.11819972817579698,6.355257989358306,30.0,0.0,0.033333333333333326,0.16666666666666663,0.786031501405579,0.28728769487345307,0.28728769487345307,-0.05859772976587552,-0.01697741924871854,0.0,,,0.2741976405176627,0.2741976405176627,-0.04550767541008516,0.040396506703814894,0.0,,,,,P3_N30_daily_B1.5_U_EW,P3,30,daily,1.5,unconstrained,equal,E1,evaluation,2010-01-01,2020-12-31,2021
2022-01-03,2022-12-30,251,-0.11612800359592867,-0.11612800359592867,-0.11656258929105179,,not_applicable_no_external_contributions,0.19358854307711149,-0.21977762597198058,250,-0.5434966853307025,0.14261003782005466,5.57756875682986,30.0,0.0,0.033333333333333326,0.16666666666666666,1.0,-0.18175361295122916,-0.18240727005194868,0.06584468076089689,0.025186312637428654,1.0,,,-0.32577015948669175,-0.326828176140617,0.2102655868495652,0.12850202133783295,1.0,,,,,P3_N30_daily_B1.5_U_EW,P3,30,daily,1.5,unconstrained,equal,E2,evaluation,2010-01-01,2021-12-31,2022
2023-01-03,2023-12-29,250,0.28744362891507613,0.28744362891507613,0.29004852995245733,,not_applicable_no_external_contributions,0.15911875555927465,-0.10909359288884568,89,1.6806574186350738,0.10700681521446098,5.369391814558192,30.0,0.0,0.033333333333333326,0.16666666666666663,0.865930366241903,0.26175777831245095,0.2641068904875523,0.02594163946490502,-0.0093503842349274,1.0,,,0.5485557706092534,0.5539830080583357,-0.26393447810587833,-0.0012942035669805119,0.0,,,,,P3_N30_daily_B1.5_U_EW,P3,30,daily,1.5,unconstrained,equal,E3,evaluation,2010-01-01,2022-12-31,2023
2024-01-02,2024-12-31,252,0.32339074427357906,0.32339074427357906,0.32339074427357906,,not_applicable_no_external_contributions,0.16932848197480133,-0.11389082882253965,51,1.7399979760039783,0.11219219024030715,5.381767809418221,30.0,0.0,0.033333333333333326,0.16666666666666663,0.7646572002815865,0.24886449847111503,0.24886449847111503,0.07452624580246403,-0.029834630158771636,1.0,,,0.2557827307615481,0.2557827307615481,0.06760801351203094,0.021686622492297802,1.0,,,,,P3_N30_daily_B1.5_U_EW,P3,30,daily,1.5,unconstrained,equal,E4,evaluation,2010-01-01,2023-12-31,2024
2025-01-02,2025-12-31,250,0.22770470952870125,0.22770470952870125,0.2297212367941146,,not_applicable_no_external_contributions,0.19000954297299594,-0.1719489336316976,86,1.183197997985416,0.13106459958077743,5.870426121833052,30.0,0.0,0.033333333333333326,0.16666666666666663,0.8906800271403338,0.1771908045051671,0.17872809721523475,0.050993139578879854,0.015603411262575917,1.0,,,0.2077254840592302,0.20955041897086812,0.02017081782324648,0.055734114373861554,1.0,,,,,P3_N30_daily_B1.5_U_EW,P3,30,daily,1.5,unconstrained,equal,E5,evaluation,2010-01-01,2024-12-31,2025
2021-01-04,2021-12-31,252,0.19446338168136235,0.19446338168136235,0.19446338168136235,,not_applicable_no_external_contributions,0.15476441151762427,-0.056339536051672745,37,1.2257976213000479,0.1077400988402213,20.61480190064158,30.0,0.0,0.033333333333333326,0.16666666666666663,0.8287321014170715,0.28728769487345307,0.28728769487345307,-0.09282431319209072,-0.005198088028171788,0.0,,,0.2741976405176627,0.2741976405176627,-0.07973425883630036,0.052175837924361645,0.0,,,,,P3_N30_daily_B1_C_EW,P3,30,daily,1.0,current_classification_constrained,equal,E1,evaluation,2010-01-01,2020-12-31,2021
2022-01-03,2022-12-30,251,-0.07008438941980333,-0.07008438941980333,-0.07035354968462737,,not_applicable_no_external_contributions,0.18451193343989647,-0.16941789464844903,250,-0.3033299305052757,0.133696123979518,20.380709188945765,30.0,0.0,0.033333333333333326,0.16666666666666666,1.0,-0.18175361295122916,-0.18240727005194868,0.11205372036732131,0.07554604396096021,1.0,,,-0.32577015948669175,-0.326828176140617,0.2564746264559896,0.1788617526613645,1.0,,,,,P3_N30_daily_B1_C_EW,P3,30,daily,1.0,current_classification_constrained,equal,E2,evaluation,2010-01-01,2021-12-31,2022
2023-01-03,2023-12-29,250,0.198649040173714,0.198649040173714,0.20038781497905567,,not_applicable_no_external_contributions,0.13723273823911986,-0.09795471496044184,84,1.3997333275221329,0.09194095063925073,19.491754759701173,30.0,0.0,0.033333333333333326,0.16666666666666663,0.8721704628741159,0.26175777831245095,0.2641068904875523,-0.06371907550849665,0.001788493693476445,0.0,,,0.5485557706092534,0.5539830080583357,-0.35359519307928,0.009844674361423333,0.0,,,,,P3_N30_daily_B1_C_EW,P3,30,daily,1.0,current_classification_constrained,equal,E3,evaluation,2010-01-01,2022-12-31,2023
2024-01-02,2024-12-31,252,0.3090839995335848,0.3090839995335848,0.3090839995335848,,not_applicable_no_external_contributions,0.14025122260057646,-0.08556458566566327,40,1.9911660992651632,0.09027685440921357,17.475546392851548,30.0,0.0,0.033333333333333326,0.16666666666666663,0.7503629242145426,0.24886449847111503,0.24886449847111503,0.06021950106246976,-0.0015083870018952616,1.0,,,0.2557827307615481,0.2557827307615481,0.05330126877203667,0.050012865649174176,1.0,,,,,P3_N30_daily_B1_C_EW,P3,30,daily,1.0,current_classification_constrained,equal,E4,evaluation,2010-01-01,2023-12-31,2024
2025-01-02,2025-12-31,250,0.2450988467789874,0.2450988467789874,0.24728431653951755,,not_applicable_no_external_contributions,0.17367463668699334,-0.17256038966103582,71,1.3594637940211656,0.12088190558913363,16.795846441401086,30.0,0.0,0.033333333333333326,0.16666666666666663,0.8349893589353964,0.1771908045051671,0.17872809721523475,0.0685562193242828,0.014991955233237708,1.0,,,0.2077254840592302,0.20955041897086812,0.03773389756864942,0.055122658344523345,1.0,,,,,P3_N30_daily_B1_C_EW,P3,30,daily,1.0,current_classification_constrained,equal,E5,evaluation,2010-01-01,2024-12-31,2025
2021-01-04,2021-12-31,252,0.2431040606323358,0.2431040606323358,0.2431040606323358,,not_applicable_no_external_contributions,0.17233848823299822,-0.06254190016424432,32,1.3492313424662268,0.11943029285324101,26.247221054354775,30.0,0.0,0.033333333333333326,0.16666666666666663,0.7986886635175546,0.28728769487345307,0.28728769487345307,-0.044183634241117264,-0.011400452140743367,0.0,,,0.2741976405176627,0.2741976405176627,-0.031093579885326905,0.04597347381179007,0.0,,,,,P3_N30_daily_B1_U_EW,P3,30,daily,1.0,unconstrained,equal,E1,evaluation,2010-01-01,2020-12-31,2021
2022-01-03,2022-12-30,251,-0.07055730544680949,-0.07055730544680949,-0.0708282119293262,,not_applicable_no_external_contributions,0.1825850529873614,-0.1822282118747347,250,-0.31126164960513886,0.13316422137554335,22.467440475663278,30.0,0.0,0.033333333333333326,0.16666666666666666,1.0,-0.18175361295122916,-0.18240727005194868,0.11157905812262248,0.06273572673467454,1.0,,,-0.32577015948669175,-0.326828176140617,0.2559999642112908,0.16605143543507883,1.0,,,,,P3_N30_daily_B1_U_EW,P3,30,daily,1.0,unconstrained,equal,E2,evaluation,2010-01-01,2021-12-31,2022
2023-01-03,2023-12-29,250,0.28832714109868385,0.28832714109868385,0.2909409146049664,,not_applicable_no_external_contributions,0.15998534823697816,-0.11064169415871494,84,1.6767217553064253,0.10697120904421284,24.294167355751032,30.0,0.0,0.033333333333333326,0.16666666666666663,0.8595378696455523,0.26175777831245095,0.2641068904875523,0.02683402411741409,-0.010898485504796662,1.0,,,0.5485557706092534,0.5539830080583357,-0.26304209345336926,-0.002842304836849774,0.0,,,,,P3_N30_daily_B1_U_EW,P3,30,daily,1.0,unconstrained,equal,E3,evaluation,2010-01-01,2022-12-31,2023
2024-01-02,2024-12-31,252,0.31513157941138403,0.31513157941138403,0.31513157941138403,,not_applicable_no_external_contributions,0.16549288381036212,-0.10863389360889908,47,1.7385865148732076,0.10887445615843354,19.35196794237084,30.0,0.0,0.033333333333333326,0.16666666666666663,0.743932766095658,0.24886449847111503,0.24886449847111503,0.06626708094026901,-0.024577694945131068,1.0,,,0.2557827307615481,0.2557827307615481,0.05934884864983592,0.02694355770593837,1.0,,,,,P3_N30_daily_B1_U_EW,P3,30,daily,1.0,unconstrained,equal,E4,evaluation,2010-01-01,2023-12-31,2024
2025-01-02,2025-12-31,250,0.2926244588210396,0.2926244588210396,0.29528145691462515,,not_applicable_no_external_contributions,0.18451535787438372,-0.17527581099024792,86,1.4949634361049102,0.12850172917721442,20.164642147888472,30.0,0.0,0.033333333333333326,0.16666666666666663,0.8383049254323737,0.1771908045051671,0.17872809721523475,0.1165533596993904,0.01227653390402561,1.0,,,0.2077254840592302,0.20955041897086812,0.08573103794375703,0.05240723701531125,1.0,,,,,P3_N30_daily_B1_U_EW,P3,30,daily,1.0,unconstrained,equal,E5,evaluation,2010-01-01,2024-12-31,2025
2021-01-04,2021-12-31,252,0.25786387629310825,0.25786387629310825,0.25786387629310825,,not_applicable_no_external_contributions,0.15464719601116034,-0.07661379655542344,36,1.5612779200620137,0.10582285851809854,4.497399746901013,30.0,0.0,0.033333333333333326,0.16666666666666663,0.7483516576201166,0.28728769487345307,0.28728769487345307,-0.029423818580344818,-0.025472348531922484,0.0,,,0.2741976405176627,0.2741976405176627,-0.01633376422455446,0.03190157742061095,0.0,,,,,P3_N30_daily_B2_C_EW,P3,30,daily,2.0,current_classification_constrained,equal,E1,evaluation,2010-01-01,2020-12-31,2021
2022-01-03,2022-12-30,251,-0.07243751543869237,-0.07243751543869237,-0.07271535497590986,,not_applicable_no_external_contributions,0.20524354232263736,-0.18826245776701067,250,-0.26541087778163436,0.14881672357348014,4.009069609684691,30.0,0.0,0.033333333333333326,0.16666666666666666,1.0,-0.18175361295122916,-0.18240727005194868,0.10969191507603882,0.056701480842398566,1.0,,,-0.32577015948669175,-0.326828176140617,0.2541128211647071,0.16001718954280286,1.0,,,,,P3_N30_daily_B2_C_EW,P3,30,daily,2.0,current_classification_constrained,equal,E2,evaluation,2010-01-01,2021-12-31,2022
2023-01-03,2023-12-29,250,0.16180000934857786,0.16180000934857786,0.16319473199869838,,not_applicable_no_external_contributions,0.13217687333871986,-0.09926956915738339,100,1.2098774738501923,0.08986147586091578,4.574446328049451,30.0,0.0,0.033333333333333326,0.16666666666666663,0.9438126337796232,0.26175777831245095,0.2641068904875523,-0.10091215848885393,0.00047363949653489446,0.0,,,0.5485557706092534,0.5539830080583357,-0.3907882760596373,0.008529820164481783,0.0,,,,,P3_N30_daily_B2_C_EW,P3,30,daily,2.0,current_classification_constrained,equal,E3,evaluation,2010-01-01,2022-12-31,2023
2024-01-02,2024-12-31,252,0.3159074378642621,0.3159074378642621,0.3159074378642621,,not_applicable_no_external_contributions,0.1358955752554575,-0.09409910041342873,33,2.088848728826837,0.08646827606889924,4.210404266512217,30.0,0.0,0.033333333333333326,0.16666666666666663,0.7454621562876036,0.24886449847111503,0.24886449847111503,0.0670429393931471,-0.010042901749660715,1.0,,,0.2557827307615481,0.2557827307615481,0.060124707102714,0.04147835090140872,1.0,,,,,P3_N30_daily_B2_C_EW,P3,30,daily,2.0,current_classification_constrained,equal,E4,evaluation,2010-01-01,2023-12-31,2024
2025-01-02,2025-12-31,250,0.25351276119915833,0.25351276119915833,0.2557806581575168,,not_applicable_no_external_contributions,0.17875795706321487,-0.15795705615216626,60,1.3631427520728217,0.11805864896049549,4.73175893433134,30.0,0.0,0.033333333333333326,0.16666666666666663,0.7973091954831972,0.1771908045051671,0.17872809721523475,0.07705256094228208,0.029595288742107262,1.0,,,0.2077254840592302,0.20955041897086812,0.0462302391866487,0.0697259918533929,1.0,,,,,P3_N30_daily_B2_C_EW,P3,30,daily,2.0,current_classification_constrained,equal,E5,evaluation,2010-01-01,2024-12-31,2025
2021-01-04,2021-12-31,252,0.26340347963346367,0.26340347963346367,0.26340347963346367,,not_applicable_no_external_contributions,0.17419050976762612,-0.09640868526429003,37,1.4297192081027343,0.11847065995388231,4.664674321815086,30.0,0.0,0.033333333333333326,0.16666666666666663,0.7436577710319074,0.28728769487345307,0.28728769487345307,-0.023884215239989404,-0.04526723724078907,0.0,,,0.2741976405176627,0.2741976405176627,-0.010794160884199044,0.012106688711744362,0.0,,,,,P3_N30_daily_B2_U_EW,P3,30,daily,2.0,unconstrained,equal,E1,evaluation,2010-01-01,2020-12-31,2021
2022-01-03,2022-12-30,251,-0.10308170012773099,-0.10308170012773099,-0.10347036566376366,,not_applicable_no_external_contributions,0.22232224453772598,-0.21744783462875983,250,-0.38026466549786303,0.1619746292938757,4.30495946615976,30.0,0.0,0.033333333333333326,0.16666666666666666,1.0,-0.18175361295122916,-0.18240727005194868,0.07893690438818501,0.02751610398064941,1.0,,,-0.32577015948669175,-0.326828176140617,0.22335781047685332,0.1308318126810537,1.0,,,,,P3_N30_daily_B2_U_EW,P3,30,daily,2.0,unconstrained,equal,E2,evaluation,2010-01-01,2021-12-31,2022
2023-01-03,2023-12-29,250,0.2226509024913228,0.2226509024913228,0.22461871605634154,,not_applicable_no_external_contributions,0.13950450304967335,-0.10800451658511945,73,1.5225669349192426,0.09378030544508763,4.529453592909234,30.0,0.0,0.033333333333333326,0.16666666666666663,0.9222293407586812,0.26175777831245095,0.2641068904875523,-0.039488174431210776,-0.008261307931201167,0.0,,,0.5485557706092534,0.5539830080583357,-0.32936429200199413,-0.00020512726325427888,0.0,,,,,P3_N30_daily_B2_U_EW,P3,30,daily,2.0,unconstrained,equal,E3,evaluation,2010-01-01,2022-12-31,2023
2024-01-02,2024-12-31,252,0.30058123866621655,0.30058123866621655,0.30058123866621655,,not_applicable_no_external_contributions,0.17837771793964832,-0.1291049256689606,62,1.5629836078570658,0.11990420282947951,4.580293854023724,30.0,0.0,0.033333333333333326,0.16666666666666663,0.760299256486533,0.24886449847111503,0.24886449847111503,0.05171674019510153,-0.04504872700519258,1.0,,,0.2557827307615481,0.2557827307615481,0.04479850790466844,0.006472525645876859,1.0,,,,,P3_N30_daily_B2_U_EW,P3,30,daily,2.0,unconstrained,equal,E4,evaluation,2010-01-01,2023-12-31,2024
2025-01-02,2025-12-31,250,0.22406558894582806,0.22406558894582806,0.22604702171362034,,not_applicable_no_external_contributions,0.18729584488820614,-0.16611325626072826,61,1.1812083673896812,0.12550105271368112,4.866215388443112,30.0,0.0,0.033333333333333326,0.16666666666666663,0.8382373654124042,0.1771908045051671,0.17872809721523475,0.047318924498385595,0.021439088633545267,1.0,,,0.2077254840592302,0.20955041897086812,0.01649660274275222,0.061569791744830904,1.0,,,,,P3_N30_daily_B2_U_EW,P3,30,daily,2.0,unconstrained,equal,E5,evaluation,2010-01-01,2024-12-31,2025
2021-01-04,2021-12-31,252,0.2080351550480819,0.2080351550480819,0.2080351550480819,,not_applicable_no_external_contributions,0.15482726404022465,-0.06218329523501265,33,1.2983721776715964,0.10673011047418307,3.433963890272351,30.0,0.0,0.03341781682624987,0.1784003619416846,0.7481336803520233,0.28728769487345307,0.28728769487345307,-0.07925253982537117,-0.01104184721151169,0.0,,,0.2741976405176627,0.2741976405176627,-0.06616248546958081,0.04633207874102174,0.0,,,,,P3_N30_monthly_B1.5_C_EW,P3,30,monthly,1.5,current_classification_constrained,equal,E1,evaluation,2010-01-01,2020-12-31,2021
2022-01-03,2022-12-30,251,-0.08427542499488172,-0.08427542499488172,-0.0845965641434272,,not_applicable_no_external_contributions,0.19567547046450368,-0.19378755446521978,250,-0.35401861126902273,0.14308355275331677,2.6303186289043565,30.0,0.0,0.03341682918191447,0.17722153495589638,1.0,-0.18175361295122916,-0.18240727005194868,0.09781070590852148,0.05117638414418946,1.0,,,-0.32577015948669175,-0.326828176140617,0.2422316119971898,0.15449209284459375,1.0,,,,,P3_N30_monthly_B1.5_C_EW,P3,30,monthly,1.5,current_classification_constrained,equal,E2,evaluation,2010-01-01,2021-12-31,2022
2023-01-03,2023-12-29,250,0.19746996329184618,0.19746996329184618,0.19919758610059102,,not_applicable_no_external_contributions,0.13331268554287137,-0.10560901914428256,92,1.4295012536723213,0.08964913555076374,2.8373387799880887,30.0,0.0,0.033405694043614105,0.17729408864254828,0.8483199763992852,0.26175777831245095,0.2641068904875523,-0.0649093043869613,-0.005865810490364276,0.0,,,0.5485557706092534,0.5539830080583357,-0.35478542195774465,0.0021903701775826123,0.0,,,,,P3_N30_monthly_B1.5_C_EW,P3,30,monthly,1.5,current_classification_constrained,equal,E3,evaluation,2010-01-01,2022-12-31,2023
2024-01-02,2024-12-31,252,0.3582532052716876,0.3582532052716876,0.3582532052716876,,not_applicable_no_external_contributions,0.14476913685617257,-0.09619041026313424,33,2.188432593636588,0.09262120649671844,2.382459693964931,30.0,0.0,0.03346112913958386,0.18131603796575232,0.7466968354163409,0.24886449847111503,0.24886449847111503,0.10938870680057255,-0.01213421159936623,1.0,,,0.2557827307615481,0.2557827307615481,0.10247047451013946,0.03938704105170321,1.0,,,,,P3_N30_monthly_B1.5_C_EW,P3,30,monthly,1.5,current_classification_constrained,equal,E4,evaluation,2010-01-01,2023-12-31,2024
2025-01-02,2025-12-31,250,0.21558692986638972,0.21558692986638972,0.21748693661907592,,not_applicable_no_external_contributions,0.17613426318222306,-0.1620053791216315,70,1.2051460375952656,0.1197778803900122,2.442375891584466,30.0,0.0,0.03344334505020667,0.180243394475269,0.8232593974377198,0.1771908045051671,0.17872809721523475,0.03875883940384117,0.02554696577264204,1.0,,,0.2077254840592302,0.20955041897086812,0.007936517648207797,0.06567766888392768,1.0,,,,,P3_N30_monthly_B1.5_C_EW,P3,30,monthly,1.5,current_classification_constrained,equal,E5,evaluation,2010-01-01,2024-12-31,2025
2021-01-04,2021-12-31,252,0.2233334333941479,0.2233334333941479,0.2233334333941479,,not_applicable_no_external_contributions,0.17488786196563177,-0.07760961740742744,34,1.2402931376946067,0.11986258235410338,3.19892289400863,30.0,0.0,0.03342127267200371,0.17889118550423966,0.708846580000938,0.28728769487345307,0.28728769487345307,-0.06395426147930516,-0.026468169383926488,0.0,,,0.2741976405176627,0.2741976405176627,-0.050864207123514804,0.030905756568606946,0.0,,,,,P3_N30_monthly_B1.5_U_EW,P3,30,monthly,1.5,unconstrained,equal,E1,evaluation,2010-01-01,2020-12-31,2021
2022-01-03,2022-12-30,251,-0.1056849582974494,-0.1056849582974494,-0.10608284768493226,,not_applicable_no_external_contributions,0.20297750185844757,-0.21083545863880404,250,-0.45105458275130544,0.15020668059925632,2.624691341067633,30.0,0.0,0.03341625175649792,0.17720075205657124,1.0,-0.18175361295122916,-0.18240727005194868,0.07632442236701642,0.0341284799706052,1.0,,,-0.32577015948669175,-0.326828176140617,0.22074532845568473,0.1374441886710095,1.0,,,,,P3_N30_monthly_B1.5_U_EW,P3,30,monthly,1.5,unconstrained,equal,E2,evaluation,2010-01-01,2021-12-31,2022
2023-01-03,2023-12-29,250,0.2343583342518447,0.2343583342518447,0.2364392520154266,,not_applicable_no_external_contributions,0.14880143946761562,-0.10759851709899759,90,1.5010154687636426,0.09972467301454443,2.7174661846296724,30.0,0.0,0.03341246641769436,0.17756882057986578,0.8821044903934309,0.26175777831245095,0.2641068904875523,-0.027667638472125722,-0.007855308445079312,0.0,,,0.5485557706092534,0.5539830080583357,-0.3175437560429091,0.00020087222286757633,0.0,,,,,P3_N30_monthly_B1.5_U_EW,P3,30,monthly,1.5,unconstrained,equal,E3,evaluation,2010-01-01,2022-12-31,2023
2024-01-02,2024-12-31,252,0.35451790368596736,0.35451790368596736,0.35451790368596736,,not_applicable_no_external_contributions,0.17553745679454053,-0.11716551681532661,51,1.8171638069861846,0.11708886886786926,2.5505756677435567,30.0,0.0,0.03347776475407618,0.1822682205944983,0.7645335173282446,0.24886449847111503,0.24886449847111503,0.10565340521485234,-0.0331093181515586,1.0,,,0.2557827307615481,0.2557827307615481,0.09873517292441925,0.01841193449951084,1.0,,,,,P3_N30_monthly_B1.5_U_EW,P3,30,monthly,1.5,unconstrained,equal,E4,evaluation,2010-01-01,2023-12-31,2024
2025-01-02,2025-12-31,250,0.18874989715910595,0.18874989715910595,0.1903953351361649,,not_applicable_no_external_contributions,0.1849517437387495,-0.1696835552167706,71,1.034561591899445,0.12777948770207168,2.5851158893495345,30.0,0.0,0.03345913735368218,0.18096228356692626,0.7955271702018967,0.1771908045051671,0.17872809721523475,0.011667237920930162,0.01786878967750294,1.0,,,0.2077254840592302,0.20955041897086812,-0.019155083834703213,0.057999492788788576,0.0,,,,,P3_N30_monthly_B1.5_U_EW,P3,30,monthly,1.5,unconstrained,equal,E5,evaluation,2010-01-01,2024-12-31,2025
2021-01-04,2021-12-31,252,0.1826355170724412,0.1826355170724412,0.1826355170724412,,not_applicable_no_external_contributions,0.15334024593268455,-0.06925872265247679,34,1.170812831336084,0.10687697113081349,5.14802771995588,30.0,0.0,0.03341447730616674,0.17795690993175545,0.8077642657084916,0.28728769487345307,0.28728769487345307,-0.10465217780101188,-0.018117274628975832,0.0,,,0.2741976405176627,0.2741976405176627,-0.09156212344522152,0.0392566513235576,0.0,,,,,P3_N30_monthly_B1_C_EW,P3,30,monthly,1.0,current_classification_constrained,equal,E1,evaluation,2010-01-01,2020-12-31,2021
2022-01-03,2022-12-30,251,-0.10027423438880534,-0.10027423438880534,-0.10065291867138726,,not_applicable_no_external_contributions,0.187512633349526,-0.2092803694700388,250,-0.4720755463216233,0.13858696431453174,3.9367646283429014,30.0,0.0,0.03342328820127231,0.17734774898706052,1.0,-0.18175361295122916,-0.18240727005194868,0.08175435138056142,0.03568356913937043,1.0,,,-0.32577015948669175,-0.326828176140617,0.22617525746922973,0.13899927783977473,1.0,,,,,P3_N30_monthly_B1_C_EW,P3,30,monthly,1.0,current_classification_constrained,equal,E2,evaluation,2010-01-01,2021-12-31,2022
2023-01-03,2023-12-29,250,0.19301124511834655,0.19301124511834655,0.1946967811225555,,not_applicable_no_external_contributions,0.1379026046283946,-0.10983269826169284,92,1.3591177604731188,0.09254229825962938,4.290701259199789,30.0,0.0,0.033410850789151667,0.1777059689892004,0.8667206551641866,0.26175777831245095,0.2641068904875523,-0.06941010936499681,-0.01008948960777456,0.0,,,0.5485557706092534,0.5539830080583357,-0.35928622693578016,-0.0020333089398276716,0.0,,,,,P3_N30_monthly_B1_C_EW,P3,30,monthly,1.0,current_classification_constrained,equal,E3,evaluation,2010-01-01,2022-12-31,2023
2024-01-02,2024-12-31,252,0.32810897571441533,0.32810897571441533,0.32810897571441533,,not_applicable_no_external_contributions,0.14127399550685008,-0.08108058261740403,47,2.0800203709680916,0.0910525579392564,3.9253337354834485,30.0,0.0,0.033463983640645574,0.18159832022458647,0.7676245164049295,0.24886449847111503,0.24886449847111503,0.0792444772433003,0.0029756160463639825,1.0,,,0.2557827307615481,0.2557827307615481,0.07232624495286721,0.05449686869743342,1.0,,,,,P3_N30_monthly_B1_C_EW,P3,30,monthly,1.0,current_classification_constrained,equal,E4,evaluation,2010-01-01,2023-12-31,2024
2025-01-02,2025-12-31,250,0.19503636401733826,0.19503636401733826,0.1967409989067317,,not_applicable_no_external_contributions,0.18139976882615935,-0.18731205731058287,90,1.0806863456763849,0.12653313481842085,3.690830689936763,30.0,0.0,0.03345167253888867,0.18085904573001937,0.826189308629133,0.1771908045051671,0.17872809721523475,0.01801290169149694,0.00024028758369065706,1.0,,,0.2077254840592302,0.20955041897086812,-0.012809420064136434,0.040370990694976294,0.0,,,,,P3_N30_monthly_B1_C_EW,P3,30,monthly,1.0,current_classification_constrained,equal,E5,evaluation,2010-01-01,2024-12-31,2025
2021-01-04,2021-12-31,252,0.2475337188042952,0.2475337188042952,0.2475337188042952,,not_applicable_no_external_contributions,0.17244411842890486,-0.07294380186367966,34,1.3691069174616948,0.11807076258290862,4.854400623516876,30.0,0.0,0.03341960771392202,0.17838455838610326,0.7525186251009506,0.28728769487345307,0.28728769487345307,-0.03975397606915787,-0.0218023538401787,0.0,,,0.2741976405176627,0.2741976405176627,-0.02666392171336751,0.03557157211235473,0.0,,,,,P3_N30_monthly_B1_U_EW,P3,30,monthly,1.0,unconstrained,equal,E1,evaluation,2010-01-01,2020-12-31,2021
2022-01-03,2022-12-30,251,-0.09285199110773323,-0.09285199110773323,-0.09320411901171355,,not_applicable_no_external_contributions,0.18551489158714246,-0.21367773662931955,250,-0.43472074566179186,0.1378564438784179,4.576486251145985,30.0,0.0,0.033415177321127094,0.1769159337658891,1.0,-0.18175361295122916,-0.18240727005194868,0.08920315104023513,0.03128620198008969,1.0,,,-0.32577015948669175,-0.326828176140617,0.23362405712890344,0.13460191068049399,1.0,,,,,P3_N30_monthly_B1_U_EW,P3,30,monthly,1.0,unconstrained,equal,E2,evaluation,2010-01-01,2021-12-31,2022
2023-01-03,2023-12-29,250,0.29322427968743225,0.29322427968743225,0.29588732027156706,,not_applicable_no_external_contributions,0.1593853204638775,-0.11093374075346485,84,1.7064444442653461,0.10614875869552162,4.361691339801393,30.0,0.0,0.033414503913131936,0.1777785772847184,0.8533352330335877,0.26175777831245095,0.2641068904875523,0.03178042978401474,-0.011190532099546568,1.0,,,0.5485557706092534,0.5539830080583357,-0.2580956877867686,-0.00313435143159968,0.0,,,,,P3_N30_monthly_B1_U_EW,P3,30,monthly,1.0,unconstrained,equal,E3,evaluation,2010-01-01,2022-12-31,2023
2024-01-02,2024-12-31,252,0.30895013701249185,0.30895013701249185,0.30895013701249185,,not_applicable_no_external_contributions,0.17067933917573005,-0.11508102099587125,62,1.6632448633437977,0.11375478881851567,3.7962005063657576,30.0,0.0,0.03346155653462972,0.18154796617809985,0.7774932416684884,0.24886449847111503,0.24886449847111503,0.06008563854137683,-0.03102482233210324,1.0,,,0.2557827307615481,0.2557827307615481,0.05316740625094374,0.020496430318966197,1.0,,,,,P3_N30_monthly_B1_U_EW,P3,30,monthly,1.0,unconstrained,equal,E4,evaluation,2010-01-01,2023-12-31,2024
2025-01-02,2025-12-31,250,0.25696196064721977,0.25696196064721977,0.25926377983246707,,not_applicable_no_external_contributions,0.19443291388498601,-0.1912649462420376,94,1.2830047453113642,0.1361127224137318,4.160092777260739,30.0,0.0,0.033478264348529956,0.18241712724283934,0.8572096947775129,0.1771908045051671,0.17872809721523475,0.08053568261723232,-0.0037126013477640774,1.0,,,0.2077254840592302,0.20955041897086812,0.04971336086159894,0.03641810176352156,1.0,,,,,P3_N30_monthly_B1_U_EW,P3,30,monthly,1.0,unconstrained,equal,E5,evaluation,2010-01-01,2024-12-31,2025
2021-01-04,2021-12-31,252,0.25449753409624054,0.25449753409624054,0.25449753409624054,,not_applicable_no_external_contributions,0.15230719653182587,-0.07939334890531491,33,1.5652775932166827,0.10329943832273428,2.182308106695257,30.0,0.0,0.03341196871713819,0.17802788207202627,0.7889080809659288,0.28728769487345307,0.28728769487345307,-0.03279016077721253,-0.02825190088181395,0.0,,,0.2741976405176627,0.2741976405176627,-0.01970010642142217,0.02912202507071948,0.0,,,,,P3_N30_monthly_B2_C_EW,P3,30,monthly,2.0,current_classification_constrained,equal,E1,evaluation,2010-01-01,2020-12-31,2021
2022-01-03,2022-12-30,251,-0.08537971098406383,-0.08537971098406383,-0.08570485820553586,,not_applicable_no_external_contributions,0.2074478952181257,-0.1950079435455555,249,-0.32835444819615894,0.15121267052374085,1.6171771079628445,30.0,0.0,0.03343260280899806,0.17817974643311657,1.0,-0.18175361295122916,-0.18240727005194868,0.09670241184641282,0.04995599506385373,1.0,,,-0.32577015948669175,-0.326828176140617,0.24112331793508113,0.15327170376425803,1.0,,,,,P3_N30_monthly_B2_C_EW,P3,30,monthly,2.0,current_classification_constrained,equal,E2,evaluation,2010-01-01,2021-12-31,2022
2023-01-03,2023-12-29,250,0.13915274384500642,0.13915274384500642,0.1403406769231219,,not_applicable_no_external_contributions,0.12619998559870435,-0.09598634760712998,78,1.1037547661866056,0.08591173169705572,2.241652478370174,30.0,0.0,0.03340667176337402,0.1772263039547892,0.9503729672810756,0.26175777831245095,0.2641068904875523,-0.1237662135644304,0.0037568610467882957,0.0,,,0.5485557706092534,0.5539830080583357,-0.41364233113521376,0.011813041714735184,0.0,,,,,P3_N30_monthly_B2_C_EW,P3,30,monthly,2.0,current_classification_constrained,equal,E3,evaluation,2010-01-01,2022-12-31,2023
2024-01-02,2024-12-31,252,0.3899112495928534,0.3899112495928534,0.3899112495928534,,not_applicable_no_external_contributions,0.14260783989974743,-0.09332090700349771,47,2.381232262231301,0.09187459791231227,1.5273638268410106,30.0,0.0,0.03346854167679721,0.18210114980942924,0.7428097189782172,0.24886449847111503,0.24886449847111503,0.14104675112173837,-0.0092647083397297,1.0,,,0.2557827307615481,0.2557827307615481,0.13412851883130528,0.04225654431133974,1.0,,,,,P3_N30_monthly_B2_C_EW,P3,30,monthly,2.0,current_classification_constrained,equal,E4,evaluation,2010-01-01,2023-12-31,2024
2025-01-02,2025-12-31,250,0.232218207819197,0.232218207819197,0.23427838281454982,,not_applicable_no_external_contributions,0.1917224059819654,-0.17485307979456222,61,1.1932536591976886,0.12807295630693527,1.9240375873163502,30.0,0.0,0.03345087036357542,0.1808280750886069,0.8715848332676411,0.1771908045051671,0.17872809721523475,0.055550285599315075,0.01269926509971131,1.0,,,0.2077254840592302,0.20955041897086812,0.0247279638436817,0.05282996821099695,1.0,,,,,P3_N30_monthly_B2_C_EW,P3,30,monthly,2.0,current_classification_constrained,equal,E5,evaluation,2010-01-01,2024-12-31,2025
2021-01-04,2021-12-31,252,0.28684652681550804,0.28684652681550804,0.28684652681550804,,not_applicable_no_external_contributions,0.17406361841896634,-0.09026309832102708,48,1.5364097022890042,0.11907045374908559,2.1442767448109876,30.0,0.0,0.03342521728402472,0.1792267864177887,0.7413920803630711,0.28728769487345307,0.28728769487345307,-0.00044116805794502945,-0.03912165029752612,0.0,,,0.2741976405176627,0.2741976405176627,0.01264888629784533,0.01825227565500731,1.0,,,,,P3_N30_monthly_B2_U_EW,P3,30,monthly,2.0,unconstrained,equal,E1,evaluation,2010-01-01,2020-12-31,2021
2022-01-03,2022-12-30,251,-0.10568212685539158,-0.10568212685539158,-0.10608000622696567,,not_applicable_no_external_contributions,0.2215985303002043,-0.22414228931240765,250,-0.3953409078186435,0.16233402369318858,1.762380407441153,30.0,0.0,0.03343278191010101,0.17840649117332835,1.0,-0.18175361295122916,-0.18240727005194868,0.076327263824983,0.020821649297001588,1.0,,,-0.32577015948669175,-0.326828176140617,0.22074816991365132,0.12413735799740588,1.0,,,,,P3_N30_monthly_B2_U_EW,P3,30,monthly,2.0,unconstrained,equal,E2,evaluation,2010-01-01,2021-12-31,2022
2023-01-03,2023-12-29,250,0.19528402215558027,0.19528402215558027,0.19699099461026104,,not_applicable_no_external_contributions,0.13346552220956256,-0.09660317864615253,73,1.4141972976265917,0.08966103138527304,2.116297347000689,30.0,0.0,0.03340939685886889,0.17746342151596023,0.9607245304722265,0.26175777831245095,0.2641068904875523,-0.06711589587729128,0.0031400300077657484,0.0,,,0.5485557706092534,0.5539830080583357,-0.35699201344807463,0.011196210675712637,0.0,,,,,P3_N30_monthly_B2_U_EW,P3,30,monthly,2.0,unconstrained,equal,E3,evaluation,2010-01-01,2022-12-31,2023
2024-01-02,2024-12-31,252,0.3971737981768291,0.3971737981768291,0.3971737981768291,,not_applicable_no_external_contributions,0.18139961385128564,-0.12094810034733916,49,1.93536010510094,0.12137224952503059,1.7164007415069888,30.0,0.0,0.03347721970081307,0.1823569852368697,0.7662491599452008,0.24886449847111503,0.24886449847111503,0.14830929970571405,-0.03689190168357115,1.0,,,0.2557827307615481,0.2557827307615481,0.14139106741528096,0.014629350967498289,1.0,,,,,P3_N30_monthly_B2_U_EW,P3,30,monthly,2.0,unconstrained,equal,E4,evaluation,2010-01-01,2023-12-31,2024
2025-01-02,2025-12-31,250,0.2594066304295357,0.2594066304295357,0.26173253879738545,,not_applicable_no_external_contributions,0.1999815978535838,-0.17528309832801692,61,1.2622360582895455,0.1352848192888088,1.8133411191552646,30.0,0.0,0.033471151280446844,0.18171762113782677,0.8056674123067867,0.1771908045051671,0.17872809721523475,0.0830044415821507,0.012269246566256609,1.0,,,0.2077254840592302,0.20955041897086812,0.052182119826517326,0.052399949677542246,1.0,,,,,P3_N30_monthly_B2_U_EW,P3,30,monthly,2.0,unconstrained,equal,E5,evaluation,2010-01-01,2024-12-31,2025
2021-01-04,2021-12-31,252,0.22242737635067966,0.22242737635067966,0.22242737635067966,,not_applicable_no_external_contributions,0.15323778245801928,-0.061248507941412234,33,1.3875776600427105,0.10534127614245281,4.73905951166421,30.0,0.0,0.033349189637624996,0.1710679986506133,0.795647519189077,0.28728769487345307,0.28728769487345307,-0.06486031852277341,-0.010107059917911276,0.0,,,0.2741976405176627,0.2741976405176627,-0.05177026416698305,0.04726686603462216,0.0,,,,,P3_N30_weekly_B1.5_C_EW,P3,30,weekly,1.5,current_classification_constrained,equal,E1,evaluation,2010-01-01,2020-12-31,2021
2022-01-03,2022-12-30,251,-0.10459714624293925,-0.10459714624293925,-0.1049911849800661,,not_applicable_no_external_contributions,0.19155491061319987,-0.1966716930166852,250,-0.4834190481266167,0.1399234000629467,3.6441520953982853,30.0,0.0,0.03335035124372105,0.17102732404815937,1.0,-0.18175361295122916,-0.18240727005194868,0.07741608507188258,0.04829224559272405,1.0,,,-0.32577015948669175,-0.326828176140617,0.2218369911605509,0.15160795429312834,1.0,,,,,P3_N30_weekly_B1.5_C_EW,P3,30,weekly,1.5,current_classification_constrained,equal,E2,evaluation,2010-01-01,2021-12-31,2022
2023-01-03,2023-12-29,250,0.20062117138529456,0.20062117138529456,0.20237862001875073,,not_applicable_no_external_contributions,0.13187741803587583,-0.10224604511765512,86,1.4637215029021564,0.08878258751690242,4.538894215441908,30.0,0.0,0.033347309400870585,0.1706872486104755,0.8885685038479266,0.26175777831245095,0.2641068904875523,-0.06172827046880158,-0.002502836463736835,0.0,,,0.5485557706092534,0.5539830080583357,-0.35160438803958494,0.005553344204210053,0.0,,,,,P3_N30_weekly_B1.5_C_EW,P3,30,weekly,1.5,current_classification_constrained,equal,E3,evaluation,2010-01-01,2022-12-31,2023
2024-01-02,2024-12-31,252,0.3188356886601522,0.3188356886601522,0.3188356886601522,,not_applicable_no_external_contributions,0.1425791387566516,-0.09086764478972253,33,2.0130600767835465,0.09220247556192465,4.428014703969621,30.0,0.0,0.03335637145770719,0.17167485791743983,0.8050286679085034,0.24886449847111503,0.24886449847111503,0.06997119018903719,-0.006811446125954523,1.0,,,0.2557827307615481,0.2557827307615481,0.0630529578986041,0.044709806525114915,1.0,,,,,P3_N30_weekly_B1.5_C_EW,P3,30,weekly,1.5,current_classification_constrained,equal,E4,evaluation,2010-01-01,2023-12-31,2024
2025-01-02,2025-12-31,250,0.2354768028387597,0.2354768028387597,0.2375685730747492,,not_applicable_no_external_contributions,0.18392375273585115,-0.16313453671464173,62,1.2505504648017034,0.12355673993684751,3.999212234450618,30.0,0.0,0.03335703812920941,0.17184543316241258,0.7742039359919263,0.1771908045051671,0.17872809721523475,0.05884047585951446,0.024417808179631795,1.0,,,0.2077254840592302,0.20955041897086812,0.028018154103881088,0.06454851129091743,1.0,,,,,P3_N30_weekly_B1.5_C_EW,P3,30,weekly,1.5,current_classification_constrained,equal,E5,evaluation,2010-01-01,2024-12-31,2025
2021-01-04,2021-12-31,252,0.22220366943876546,0.22220366943876546,0.22220366943876546,,not_applicable_no_external_contributions,0.17166151938023946,-0.06867397720214474,34,1.2549405772690343,0.11716514553508658,4.457774223602298,30.0,0.0,0.03335016534823356,0.1711809638540621,0.7754328403528352,0.28728769487345307,0.28728769487345307,-0.06508402543468761,-0.017532529178643785,0.0,,,0.2741976405176627,0.2741976405176627,-0.05199397107889725,0.03984139677388965,0.0,,,,,P3_N30_weekly_B1.5_U_EW,P3,30,weekly,1.5,unconstrained,equal,E1,evaluation,2010-01-01,2020-12-31,2021
2022-01-03,2022-12-30,251,-0.10293159152966291,-0.10293159152966291,-0.10331972427962166,,not_applicable_no_external_contributions,0.19666094160699202,-0.21598611433358617,250,-0.4563244735437974,0.1446558744738217,3.567367237106484,30.0,0.0,0.033349859867933415,0.17098539045820965,1.0,-0.18175361295122916,-0.18240727005194868,0.07908754577232702,0.028977824275823072,1.0,,,-0.32577015948669175,-0.326828176140617,0.22350845186099533,0.13229353297622737,1.0,,,,,P3_N30_weekly_B1.5_U_EW,P3,30,weekly,1.5,unconstrained,equal,E2,evaluation,2010-01-01,2021-12-31,2022
2023-01-03,2023-12-29,250,0.2880753997148817,0.2880753997148817,0.2906866446670293,,not_applicable_no_external_contributions,0.15516501652337095,-0.11084454135905253,77,1.7226598228339776,0.10350162028596596,3.4792359364522256,30.0,0.0,0.03334980819496254,0.17097368473950078,0.8556358165618594,0.26175777831245095,0.2641068904875523,0.026579754179477,-0.011101332705134248,1.0,,,0.5485557706092534,0.5539830080583357,-0.26329636339130635,-0.0030451520371873597,0.0,,,,,P3_N30_weekly_B1.5_U_EW,P3,30,weekly,1.5,unconstrained,equal,E3,evaluation,2010-01-01,2022-12-31,2023
2024-01-02,2024-12-31,252,0.281571464384494,0.281571464384494,0.281571464384494,,not_applicable_no_external_contributions,0.16997113754307566,-0.11808438133833676,63,1.5449741285530116,0.11418488849489246,4.062426420132516,30.0,0.0,0.033357503189934835,0.17177212516112558,0.8007648919650541,0.24886449847111503,0.24886449847111503,0.03270696591337896,-0.03402818267456875,1.0,,,0.2557827307615481,0.2557827307615481,0.02578873362294587,0.017493069976500686,1.0,,,,,P3_N30_weekly_B1.5_U_EW,P3,30,weekly,1.5,unconstrained,equal,E4,evaluation,2010-01-01,2023-12-31,2024
2025-01-02,2025-12-31,250,0.26295934029209733,0.26295934029209733,0.2653203245210607,,not_applicable_no_external_contributions,0.19068403457639574,-0.1647298645608486,70,1.3294141690707066,0.1303089334296301,3.912907979612935,30.0,0.0,0.03335859633558457,0.17207544274282843,0.8402164285312758,0.1771908045051671,0.17872809721523475,0.08659222730582594,0.022822480333424933,1.0,,,0.2077254840592302,0.20955041897086812,0.05576990555019257,0.06295318344471057,1.0,,,,,P3_N30_weekly_B1.5_U_EW,P3,30,weekly,1.5,unconstrained,equal,E5,evaluation,2010-01-01,2024-12-31,2025
2021-01-04,2021-12-31,252,0.17134699075028625,0.17134699075028625,0.17134699075028625,,not_applicable_no_external_contributions,0.1540485226681465,-0.05938624065861753,51,1.1038455940490197,0.107898801401055,9.673485112626576,30.0,0.0,0.03334922230122149,0.17101958416484744,0.823229967610936,0.28728769487345307,0.28728769487345307,-0.11594070412316682,-0.008244792635116571,0.0,,,0.2741976405176627,0.2741976405176627,-0.10285064976737646,0.04912913331741686,0.0,,,,,P3_N30_weekly_B1_C_EW,P3,30,weekly,1.0,current_classification_constrained,equal,E1,evaluation,2010-01-01,2020-12-31,2021
2022-01-03,2022-12-30,251,-0.0709480281733722,-0.0709480281733722,-0.07122037665324388,,not_applicable_no_external_contributions,0.1841835146782734,-0.17462336778733767,250,-0.30923268174332647,0.13400353586006025,8.631994730649485,30.0,0.0,0.03335060557228251,0.17101409434509454,1.0,-0.18175361295122916,-0.18240727005194868,0.1111868933987048,0.07034057082207157,1.0,,,-0.32577015948669175,-0.326828176140617,0.2556077994873731,0.17365627952247586,1.0,,,,,P3_N30_weekly_B1_C_EW,P3,30,weekly,1.0,current_classification_constrained,equal,E2,evaluation,2010-01-01,2021-12-31,2022
2023-01-03,2023-12-29,250,0.17451806690537208,0.17451806690537208,0.17603048398340881,,not_applicable_no_external_contributions,0.13942236787411597,-0.103946500058408,91,1.2327761088316855,0.0940772863273684,8.470570222694068,30.0,0.0,0.03334874941359849,0.17088873272662158,0.8757799297503442,0.26175777831245095,0.2641068904875523,-0.0880764065041435,-0.004203291404489717,0.0,,,0.5485557706092534,0.5539830080583357,-0.37795252407492685,0.003852889263457171,0.0,,,,,P3_N30_weekly_B1_C_EW,P3,30,weekly,1.0,current_classification_constrained,equal,E3,evaluation,2010-01-01,2022-12-31,2023
2024-01-02,2024-12-31,252,0.30650813371992314,0.30650813371992314,0.30650813371992314,,not_applicable_no_external_contributions,0.1429138444046734,-0.08803000647658465,33,1.942880322166204,0.09180940211800241,7.552658589713044,30.0,0.0,0.03335366502794262,0.1715010900536002,0.8064899766718591,0.24886449847111503,0.24886449847111503,0.05764363524880811,-0.003973807812816643,1.0,,,0.2557827307615481,0.2557827307615481,0.05072540295837502,0.047547444838252795,1.0,,,,,P3_N30_weekly_B1_C_EW,P3,30,weekly,1.0,current_classification_constrained,equal,E4,evaluation,2010-01-01,2023-12-31,2024
2025-01-02,2025-12-31,250,0.2171894734530717,0.2171894734530717,0.2191048339551822,,not_applicable_no_external_contributions,0.17243939121327392,-0.17668836259022602,85,1.2353478067820134,0.1207553861176081,7.869865003309914,30.0,0.0,0.033357530496355994,0.1719075076111882,0.8539869555516979,0.1771908045051671,0.17872809721523475,0.04037673673994746,0.010863982304047504,1.0,,,0.2077254840592302,0.20955041897086812,0.009554414984314086,0.05099468541533314,1.0,,,,,P3_N30_weekly_B1_C_EW,P3,30,weekly,1.0,current_classification_constrained,equal,E5,evaluation,2010-01-01,2024-12-31,2025
2021-01-04,2021-12-31,252,0.21656145229146695,0.21656145229146695,0.21656145229146695,,not_applicable_no_external_contributions,0.17196167553698827,-0.06536754219560459,40,1.2262029077278063,0.11947818670567044,10.962069652370944,30.0,0.0,0.03334973778548468,0.17104232139912942,0.7929841808063419,0.28728769487345307,0.28728769487345307,-0.07072624258198612,-0.014226094172103632,0.0,,,0.2741976405176627,0.2741976405176627,-0.05763618822619576,0.0431478317804298,0.0,,,,,P3_N30_weekly_B1_U_EW,P3,30,weekly,1.0,unconstrained,equal,E1,evaluation,2010-01-01,2020-12-31,2021
2022-01-03,2022-12-30,251,-0.08408432838101121,-0.08408432838101121,-0.08440477339218377,,not_applicable_no_external_contributions,0.18432761129042943,-0.20224420460275772,250,-0.38641727243908497,0.13449872032733542,9.39800731663688,30.0,0.0,0.033350344909912406,0.1710077558065324,1.0,-0.18175361295122916,-0.18240727005194868,0.0980024966597649,0.04271973400665152,1.0,,,-0.32577015948669175,-0.326828176140617,0.24242340274843321,0.14603544270705582,1.0,,,,,P3_N30_weekly_B1_U_EW,P3,30,weekly,1.0,unconstrained,equal,E2,evaluation,2010-01-01,2021-12-31,2022
2023-01-03,2023-12-29,250,0.2903334719626609,0.2903334719626609,0.29296741176464436,,not_applicable_no_external_contributions,0.16161238857388543,-0.10691712996963787,84,1.6711570514383036,0.10766966998853356,9.587647760044396,30.0,0.0,0.03334953127907536,0.17095427006847172,0.8589724310370425,0.26175777831245095,0.2641068904875523,0.028860521277092044,-0.007173921315719589,1.0,,,0.5485557706092534,0.5539830080583357,-0.2610155962936913,0.0008822593522272992,0.0,,,,,P3_N30_weekly_B1_U_EW,P3,30,weekly,1.0,unconstrained,equal,E3,evaluation,2010-01-01,2022-12-31,2023
2024-01-02,2024-12-31,252,0.2936829677316206,0.2936829677316206,0.2936829677316206,,not_applicable_no_external_contributions,0.1658172980936549,-0.10857626995231806,51,1.6362430416421814,0.10963487872694642,8.738023855095808,30.0,0.0,0.03335429352680167,0.1715524466454993,0.7915320455700853,0.24886449847111503,0.24886449847111503,0.04481846926050559,-0.02452007128855005,1.0,,,0.2557827307615481,0.2557827307615481,0.0379002369700725,0.02700118136251939,1.0,,,,,P3_N30_weekly_B1_U_EW,P3,30,weekly,1.0,unconstrained,equal,E4,evaluation,2010-01-01,2023-12-31,2024
2025-01-02,2025-12-31,250,0.2659060361667378,0.2659060361667378,0.2682961743542629,,not_applicable_no_external_contributions,0.1826021145046141,-0.18043391538825138,90,1.3933110154201445,0.12799209173938791,8.798366998955693,30.0,0.0,0.03335863743492692,0.17212243194004623,0.878094852176105,0.1771908045051671,0.17872809721523475,0.08956807713902815,0.00711842950602215,1.0,,,0.2077254840592302,0.20955041897086812,0.05874575538339477,0.04724913261730779,1.0,,,,,P3_N30_weekly_B1_U_EW,P3,30,weekly,1.0,unconstrained,equal,E5,evaluation,2010-01-01,2024-12-31,2025
2021-01-04,2021-12-31,252,0.25463956208605887,0.25463956208605887,0.25463956208605887,,not_applicable_no_external_contributions,0.15465989749554374,-0.07862871793711534,33,1.5445384337924724,0.10526712401665098,2.999980245881707,30.0,0.0,0.0333492907020977,0.17115528929674145,0.7807310819914605,0.28728769487345307,0.28728769487345307,-0.0326481327873942,-0.027487269913614387,0.0,,,0.2741976405176627,0.2741976405176627,-0.019558078431603843,0.029886656038919046,0.0,,,,,P3_N30_weekly_B2_C_EW,P3,30,weekly,2.0,current_classification_constrained,equal,E1,evaluation,2010-01-01,2020-12-31,2021
2022-01-03,2022-12-30,251,-0.06686563881304919,-0.06686563881304919,-0.06712288848622772,,not_applicable_no_external_contributions,0.2075435381605246,-0.190868843354706,249,-0.23115796787491863,0.15160090102111703,2.2637256957880436,30.0,0.0,0.033351510445941146,0.17122689966555354,1.0,-0.18175361295122916,-0.18240727005194868,0.11528438156572096,0.05409509525470324,1.0,,,-0.32577015948669175,-0.326828176140617,0.25970528765438927,0.15741080395510754,1.0,,,,,P3_N30_weekly_B2_C_EW,P3,30,weekly,2.0,current_classification_constrained,equal,E2,evaluation,2010-01-01,2021-12-31,2022
2023-01-03,2023-12-29,250,0.15996282073746837,0.15996282073746837,0.16134063445248858,,not_applicable_no_external_contributions,0.1315798598009666,-0.09930849460758406,68,1.2026292996759056,0.0891008528907252,3.1383293752136137,30.0,0.0,0.033347867222142356,0.1706596209660221,0.9532023603177848,0.26175777831245095,0.2641068904875523,-0.10276625603506373,0.00043471404633421695,0.0,,,0.5485557706092534,0.5539830080583357,-0.3926423736058471,0.008490894714281105,0.0,,,,,P3_N30_weekly_B2_C_EW,P3,30,weekly,2.0,current_classification_constrained,equal,E3,evaluation,2010-01-01,2022-12-31,2023
2024-01-02,2024-12-31,252,0.29120465607680646,0.29120465607680646,0.29120465607680646,,not_applicable_no_external_contributions,0.14563351443849334,-0.1088383449485325,47,1.8283071969982427,0.09490250816518438,2.770225304357268,30.0,0.0,0.033357893682060845,0.1718706645007223,0.7694491699674423,0.24886449847111503,0.24886449847111503,0.04234015760569143,-0.024782146284764495,1.0,,,0.2557827307615481,0.2557827307615481,0.03542192531525834,0.026739106366304943,1.0,,,,,P3_N30_weekly_B2_C_EW,P3,30,weekly,2.0,current_classification_constrained,equal,E4,evaluation,2010-01-01,2023-12-31,2024
2025-01-02,2025-12-31,250,0.2659219151521792,0.2659219151521792,0.2683122105931135,,not_applicable_no_external_contributions,0.18553839473640416,-0.16502331917752033,60,1.3735591503166542,0.12356364662370284,3.0016634631460395,30.0,0.0,0.033358309954229184,0.1720568613612138,0.8416404269791055,0.1771908045051671,0.17872809721523475,0.08958411337787875,0.022529025716753193,1.0,,,0.2077254840592302,0.20955041897086812,0.058761791622245374,0.06265972882803883,1.0,,,,,P3_N30_weekly_B2_C_EW,P3,30,weekly,2.0,current_classification_constrained,equal,E5,evaluation,2010-01-01,2024-12-31,2025
2021-01-04,2021-12-31,252,0.2811974315400714,0.2811974315400714,0.2811974315400714,,not_applicable_no_external_contributions,0.16957266737721358,-0.09844343503762387,33,1.5465257255398603,0.1143518905520655,3.0063475587134043,30.0,0.0,0.0333495166632817,0.17121565252501939,0.8002172750876381,0.28728769487345307,0.28728769487345307,-0.006090263333381696,-0.047301987014122915,0.0,,,0.2741976405176627,0.2741976405176627,0.0069997910224086635,0.010071938938410518,1.0,,,,,P3_N30_weekly_B2_U_EW,P3,30,weekly,2.0,unconstrained,equal,E1,evaluation,2010-01-01,2020-12-31,2021
2022-01-03,2022-12-30,251,-0.08727813715733745,-0.08727813715733745,-0.0876101623675728,,not_applicable_no_external_contributions,0.22348033268657788,-0.21199795583432313,250,-0.2986765304188667,0.16276785603474364,2.42014897794508,30.0,0.0,0.033352540011013426,0.17141696010245838,1.0,-0.18175361295122916,-0.18240727005194868,0.09479710768437588,0.03296598277508611,1.0,,,-0.32577015948669175,-0.326828176140617,0.2392180137730442,0.1362816914754904,1.0,,,,,P3_N30_weekly_B2_U_EW,P3,30,weekly,2.0,unconstrained,equal,E2,evaluation,2010-01-01,2021-12-31,2022
2023-01-03,2023-12-29,250,0.2192230212454418,0.2192230212454418,0.22115788941813652,,not_applicable_no_external_contributions,0.1384817480541473,-0.09745811073133648,73,1.5123404780039131,0.09301508295185291,3.056494768051151,30.0,0.0,0.03334854408157326,0.17081198779942633,0.9413939194301795,0.26175777831245095,0.2641068904875523,-0.04294900106941579,0.0022850979225818024,0.0,,,0.5485557706092534,0.5539830080583357,-0.33282511864019915,0.01034127859052869,0.0,,,,,P3_N30_weekly_B2_U_EW,P3,30,weekly,2.0,unconstrained,equal,E3,evaluation,2010-01-01,2022-12-31,2023
2024-01-02,2024-12-31,252,0.3709486028838016,0.3709486028838016,0.3709486028838016,,not_applicable_no_external_contributions,0.1820862866969974,-0.12091281881727456,48,1.8245104493927946,0.12115833765578846,2.810856361680178,30.0,0.0,0.03335866071553273,0.17192527533095564,0.7985526060281066,0.24886449847111503,0.24886449847111503,0.12208410441268658,-0.03685662015350655,1.0,,,0.2557827307615481,0.2557827307615481,0.11516587212225349,0.01466463249756289,1.0,,,,,P3_N30_weekly_B2_U_EW,P3,30,weekly,2.0,unconstrained,equal,E4,evaluation,2010-01-01,2023-12-31,2024
2025-01-02,2025-12-31,250,0.297153043270705,0.297153043270705,0.2998557170702305,,not_applicable_no_external_contributions,0.2002015662184312,-0.17623287935280807,60,1.409742706136149,0.1337296451298653,2.8138449979143716,30.0,0.0,0.033358670483860604,0.17212991802309152,0.8419084139294347,0.1771908045051671,0.17872809721523475,0.12112761985499576,0.011319465541465457,1.0,,,0.2077254840592302,0.20955041897086812,0.09030529809936239,0.051450168652751094,1.0,,,,,P3_N30_weekly_B2_U_EW,P3,30,weekly,2.0,unconstrained,equal,E5,evaluation,2010-01-01,2024-12-31,2025
2021-01-04,2021-12-31,252,0.24114436155879737,0.24114436155879737,0.24114436155879737,,not_applicable_no_external_contributions,0.15045367222038786,-0.06831920186107165,33,1.5115305364612155,0.10290402663363471,2.4882172510605924,40.0,0.0,0.02502697243746692,0.1311554905596159,0.780951211390213,0.28728769487345307,0.28728769487345307,-0.0461433333146557,-0.017177753837570697,0.0,,,0.2741976405176627,0.2741976405176627,-0.03305327895886534,0.040196172114962736,0.0,,,,,P3_N40_biweekly_B1.5_C_EW,P3,40,biweekly,1.5,current_classification_constrained,equal,E1,evaluation,2010-01-01,2020-12-31,2021
2022-01-03,2022-12-30,251,-0.06906521741216542,-0.06906521741216542,-0.06933061116868999,,not_applicable_no_external_contributions,0.20313813759096644,-0.18541075289595388,250,-0.2523615840957027,0.14655730155980534,1.982728670066504,40.0,0.0,0.025031326604386943,0.13107549787976155,1.0,-0.18175361295122916,-0.18240727005194868,0.11307665888325868,0.05955318571345536,1.0,,,-0.32577015948669175,-0.326828176140617,0.257497564971927,0.16286889441385966,1.0,,,,,P3_N40_biweekly_B1.5_C_EW,P3,40,biweekly,1.5,current_classification_constrained,equal,E2,evaluation,2010-01-01,2021-12-31,2022
2023-01-03,2023-12-29,250,0.18539005218154525,0.18539005218154525,0.18700396195759916,,not_applicable_no_external_contributions,0.12498388018704355,-0.09833201764558197,78,1.4343512805621839,0.08363131685329031,2.636205674510873,40.0,0.0,0.025021337168366443,0.1302687578064684,0.9177411299874186,0.26175777831245095,0.2641068904875523,-0.07710292852995315,0.00141119100833631,0.0,,,0.5485557706092534,0.5539830080583357,-0.3669790461007365,0.009467371676283198,0.0,,,,,P3_N40_biweekly_B1.5_C_EW,P3,40,biweekly,1.5,current_classification_constrained,equal,E3,evaluation,2010-01-01,2022-12-31,2023
2024-01-02,2024-12-31,252,0.26976535327927076,0.26976535327927076,0.26976535327927076,,not_applicable_no_external_contributions,0.1289420065054058,-0.07849781071933726,33,1.9173106085740999,0.08344312295961902,2.43455188698143,40.0,0.0,0.025034460431337457,0.13173288232802718,0.7567108238122615,0.24886449847111503,0.24886449847111503,0.020900854808155733,0.005558387944430754,1.0,,,0.2557827307615481,0.2557827307615481,0.013982622517722643,0.05707964059550019,1.0,,,,,P3_N40_biweekly_B1.5_C_EW,P3,40,biweekly,1.5,current_classification_constrained,equal,E4,evaluation,2010-01-01,2023-12-31,2024
2025-01-02,2025-12-31,250,0.2486562510824888,0.2486562510824888,0.2508765152075081,,not_applicable_no_external_contributions,0.1768876575093784,-0.1596556940620879,59,1.3535174127891052,0.11691100945993727,2.547192597481818,40.0,0.0,0.025040725558705828,0.1323134526829939,0.8343824576823465,0.1771908045051671,0.17872809721523475,0.07214841799227334,0.02789665083218562,1.0,,,0.2077254840592302,0.20955041897086812,0.041326096236639964,0.06802735394347126,1.0,,,,,P3_N40_biweekly_B1.5_C_EW,P3,40,biweekly,1.5,current_classification_constrained,equal,E5,evaluation,2010-01-01,2024-12-31,2025
2021-01-04,2021-12-31,252,0.2465455218172965,0.2465455218172965,0.2465455218172965,,not_applicable_no_external_contributions,0.15839870516767085,-0.07712518766786125,33,1.4708643630822753,0.10793320697924415,2.5015570607625275,40.0,0.0,0.02502769909929978,0.13119910548576252,0.7476959641273273,0.28728769487345307,0.28728769487345307,-0.04074217305615657,-0.025983739644360293,0.0,,,0.2741976405176627,0.2741976405176627,-0.027652118700366213,0.03139018630817314,0.0,,,,,P3_N40_biweekly_B1.5_U_EW,P3,40,biweekly,1.5,unconstrained,equal,E1,evaluation,2010-01-01,2020-12-31,2021
2022-01-03,2022-12-30,251,-0.08274150699617855,-0.08274150699617855,-0.0830570698625519,,not_applicable_no_external_contributions,0.2100359250017449,-0.20093659484594317,250,-0.30800045213474603,0.15246949901209433,2.051555329446466,40.0,0.0,0.02503231395219697,0.13114844333540127,1.0,-0.18175361295122916,-0.18240727005194868,0.09935020018939678,0.044027343763466065,1.0,,,-0.32577015948669175,-0.326828176140617,0.2437711062780651,0.14734305246387036,1.0,,,,,P3_N40_biweekly_B1.5_U_EW,P3,40,biweekly,1.5,unconstrained,equal,E2,evaluation,2010-01-01,2021-12-31,2022
2023-01-03,2023-12-29,250,0.21637145111368739,0.21637145111368739,0.21827897212581626,,not_applicable_no_external_contributions,0.13563236963723008,-0.10521060437250107,74,1.5238193077511901,0.09074596856501835,2.5074575016933847,40.0,0.0,0.02502260102859536,0.13044075088669235,0.9213597061718457,0.26175777831245095,0.2641068904875523,-0.04582791836173605,-0.00546739571858279,0.0,,,0.5485557706092534,0.5539830080583357,-0.3357040359325194,0.002588784949364098,0.0,,,,,P3_N40_biweekly_B1.5_U_EW,P3,40,biweekly,1.5,unconstrained,equal,E3,evaluation,2010-01-01,2022-12-31,2023
2024-01-02,2024-12-31,252,0.2980245446756009,0.2980245446756009,0.2980245446756009,,not_applicable_no_external_contributions,0.14777567723717944,-0.09535650441580767,47,1.839625447480911,0.09708219512138927,2.3788940382489656,40.0,0.0,0.025037505299757422,0.13203849370905738,0.7747951354171466,0.24886449847111503,0.24886449847111503,0.049160046204485885,-0.011300305752039663,1.0,,,0.2557827307615481,0.2557827307615481,0.042241813914052795,0.040220946899029775,1.0,,,,,P3_N40_biweekly_B1.5_U_EW,P3,40,biweekly,1.5,unconstrained,equal,E4,evaluation,2010-01-01,2023-12-31,2024
2025-01-02,2025-12-31,250,0.26176048245415373,0.26176048245415373,0.2641096213371983,,not_applicable_no_external_contributions,0.17646443365589662,-0.153348138886774,59,1.416116249327627,0.11736658411381203,2.4732215376491875,40.0,0.0,0.025041209590745142,0.13240493392685374,0.7973495936549524,0.1771908045051671,0.17872809721523475,0.08538152412196354,0.034204206007499516,1.0,,,0.2077254840592302,0.20955041897086812,0.05455920236633016,0.07433490911878515,1.0,,,,,P3_N40_biweekly_B1.5_U_EW,P3,40,biweekly,1.5,unconstrained,equal,E5,evaluation,2010-01-01,2024-12-31,2025
2021-01-04,2021-12-31,252,0.24820579664727926,0.24820579664727926,0.24820579664727926,,not_applicable_no_external_contributions,0.14861660400001908,-0.05584993380005099,31,1.5665944947297101,0.1017106315967656,5.505643889682656,40.0,0.0,0.025026495876199015,0.13102455339764402,0.7598639503222403,0.28728769487345307,0.28728769487345307,-0.039081898226173806,-0.004708485776550031,0.0,,,0.2741976405176627,0.2741976405176627,-0.025991843870383446,0.0526654401759834,0.0,,,,,P3_N40_biweekly_B1_C_EW,P3,40,biweekly,1.0,current_classification_constrained,equal,E1,evaluation,2010-01-01,2020-12-31,2021
2022-01-03,2022-12-30,251,-0.08517517762905569,-0.08517517762905569,-0.08549958288639603,,not_applicable_no_external_contributions,0.18701355828323646,-0.19497001061054897,250,-0.38463668018695857,0.13506567540303266,5.155647922398316,40.0,0.0,0.025029672699811687,0.13089783190970847,1.0,-0.18175361295122916,-0.18240727005194868,0.09690768716555265,0.049993927998860266,1.0,,,-0.32577015948669175,-0.326828176140617,0.24132859325422096,0.15330963669926456,1.0,,,,,P3_N40_biweekly_B1_C_EW,P3,40,biweekly,1.0,current_classification_constrained,equal,E2,evaluation,2010-01-01,2021-12-31,2022
2023-01-03,2023-12-29,250,0.21476241205412427,0.21476241205412427,0.216654525861826,,not_applicable_no_external_contributions,0.12699634663096337,-0.09596614556358762,81,1.6080127163847913,0.08390191728910093,5.643597791075413,40.0,0.0,0.02502429616450165,0.13079132175170397,0.8571208020524074,0.26175777831245095,0.2641068904875523,-0.04745236462572633,0.003777063090330657,0.0,,,0.5485557706092534,0.5539830080583357,-0.3373284821965097,0.011833243758277545,0.0,,,,,P3_N40_biweekly_B1_C_EW,P3,40,biweekly,1.0,current_classification_constrained,equal,E3,evaluation,2010-01-01,2022-12-31,2023
2024-01-02,2024-12-31,252,0.27471534871566017,0.27471534871566017,0.27471534871566017,,not_applicable_no_external_contributions,0.13037672596174274,-0.07275633106217827,36,1.9275057672602465,0.08420615307199786,5.3527383833251925,40.0,0.0,0.025037464929032933,0.13194413595630244,0.7668424303065777,0.24886449847111503,0.24886449847111503,0.025850850244545143,0.011299867601589741,1.0,,,0.2557827307615481,0.2557827307615481,0.018932617954112052,0.06282112025265918,1.0,,,,,P3_N40_biweekly_B1_C_EW,P3,40,biweekly,1.0,current_classification_constrained,equal,E4,evaluation,2010-01-01,2023-12-31,2024
2025-01-02,2025-12-31,250,0.21399509652654292,0.21399509652654292,0.21587986903576217,,not_applicable_no_external_contributions,0.16853498295178046,-0.16645468002540253,86,1.2442202960443858,0.11773877679849004,5.373478934289606,40.0,0.0,0.025039778659573506,0.13232859843435407,0.8613074937437546,0.1771908045051671,0.17872809721523475,0.037151771820527424,0.02109766486887099,1.0,,,0.2077254840592302,0.20955041897086812,0.006329450064894049,0.06122836798015663,1.0,,,,,P3_N40_biweekly_B1_C_EW,P3,40,biweekly,1.0,current_classification_constrained,equal,E5,evaluation,2010-01-01,2024-12-31,2025
2021-01-04,2021-12-31,252,0.24386000957535248,0.24386000957535248,0.24386000957535248,,not_applicable_no_external_contributions,0.1553240403593711,-0.051898985410175236,32,1.4830065830371826,0.10614692740756154,6.133508800141203,40.0,0.0,0.02502698569293651,0.131037079991647,0.8030992123704099,0.28728769487345307,0.28728769487345307,-0.04342768529810059,-0.0007575373866742785,0.0,,,0.2741976405176627,0.2741976405176627,-0.030337630942310234,0.056616388565859155,0.0,,,,,P3_N40_biweekly_B1_U_EW,P3,40,biweekly,1.0,unconstrained,equal,E1,evaluation,2010-01-01,2020-12-31,2021
2022-01-03,2022-12-30,251,-0.08578471640365526,-0.08578471640365526,-0.08611133228101309,,not_applicable_no_external_contributions,0.18579774212683037,-0.1962222256579309,250,-0.39194412992398275,0.13506155453012963,5.251646749716949,40.0,0.0,0.025029631386363944,0.13087900276323683,1.0,-0.18175361295122916,-0.18240727005194868,0.09629593777093559,0.04874171295147833,1.0,,,-0.32577015948669175,-0.326828176140617,0.2407168438596039,0.15205742165188263,1.0,,,,,P3_N40_biweekly_B1_U_EW,P3,40,biweekly,1.0,unconstrained,equal,E2,evaluation,2010-01-01,2021-12-31,2022
2023-01-03,2023-12-29,250,0.26354673846820953,0.26354673846820953,0.26591352985657757,,not_applicable_no_external_contributions,0.14204951887892978,-0.09742500506489093,74,1.7314729789428565,0.09466978288165061,4.935972004771375,40.0,0.0,0.025025620764406228,0.13097381120818904,0.8463692050727617,0.26175777831245095,0.2641068904875523,0.0018066393690252536,0.0023182035890273456,1.0,,,0.5485557706092534,0.5539830080583357,-0.2880694782017581,0.010374384256974234,0.0,,,,,P3_N40_biweekly_B1_U_EW,P3,40,biweekly,1.0,unconstrained,equal,E3,evaluation,2010-01-01,2022-12-31,2023
2024-01-02,2024-12-31,252,0.27463163463862617,0.27463163463862617,0.27463163463862617,,not_applicable_no_external_contributions,0.14217475497613982,-0.07975289330993107,33,1.778361669539578,0.09307540734946013,5.8110893224282485,40.0,0.0,0.025037994911477963,0.13201100022219528,0.7856206279647263,0.24886449847111503,0.24886449847111503,0.02576713616751114,0.004303305353836939,1.0,,,0.2557827307615481,0.2557827307615481,0.01884890387707805,0.05582455800490638,1.0,,,,,P3_N40_biweekly_B1_U_EW,P3,40,biweekly,1.0,unconstrained,equal,E4,evaluation,2010-01-01,2023-12-31,2024
2025-01-02,2025-12-31,250,0.24633871069624624,0.24633871069624624,0.24853629804468125,,not_applicable_no_external_contributions,0.17370418626272702,-0.16645468002540253,86,1.3650039041523403,0.1212662140343092,5.691241163602362,40.0,0.0,0.025041575220988713,0.13253923510711252,0.8785359890468192,0.1771908045051671,0.17872809721523475,0.0698082008294465,0.02109766486887099,1.0,,,0.2077254840592302,0.20955041897086812,0.03898587907381312,0.06122836798015663,1.0,,,,,P3_N40_biweekly_B1_U_EW,P3,40,biweekly,1.0,unconstrained,equal,E5,evaluation,2010-01-01,2024-12-31,2025
2021-01-04,2021-12-31,252,0.2584649733094193,0.2584649733094193,0.2584649733094193,,not_applicable_no_external_contributions,0.13783054727047933,-0.05158712154654976,35,1.7374205191522245,0.093121413383477,0.884887590098004,40.0,0.0,0.025024496942874386,0.13071879363799446,0.7311441430172212,0.28728769487345307,0.28728769487345307,-0.02882272156403376,-0.00044567352304880625,0.0,,,0.2741976405176627,0.2741976405176627,-0.0157326672082434,0.05692825242948463,0.0,,,,,P3_N40_biweekly_B2_C_EW,P3,40,biweekly,2.0,current_classification_constrained,equal,E1,evaluation,2010-01-01,2020-12-31,2021
2022-01-03,2022-12-30,251,-0.18063876483855656,-0.18063876483855656,-0.18128887142519023,,not_applicable_no_external_contributions,0.2573848704905594,-0.2576065175862996,249,-0.6485937133732155,0.18543427495977147,1.0751794652900795,40.0,0.0,0.02503561025242643,0.13115714737418632,1.0,-0.18175361295122916,-0.18240727005194868,0.0011183986267584434,-0.012642578976890362,1.0,,,-0.32577015948669175,-0.326828176140617,0.14553930471542675,0.09067312972351393,1.0,,,,,P3_N40_biweekly_B2_C_EW,P3,40,biweekly,2.0,current_classification_constrained,equal,E2,evaluation,2010-01-01,2021-12-31,2022
2023-01-03,2023-12-29,250,0.30612802789680305,0.30612802789680305,0.30892160126340507,,not_applicable_no_external_contributions,0.1399551229796195,-0.10529378014808322,85,1.9941486002128086,0.08854832695484476,0.8937668198813451,40.0,0.0,0.025025184628044164,0.13105065632827576,0.8866016970937778,0.26175777831245095,0.2641068904875523,0.04481471077585275,-0.005550571494164935,1.0,,,0.5485557706092534,0.5539830080583357,-0.2450614067949306,0.002505609173781953,0.0,,,,,P3_N40_biweekly_B2_C_EW,P3,40,biweekly,2.0,current_classification_constrained,equal,E3,evaluation,2010-01-01,2022-12-31,2023
2024-01-02,2024-12-31,252,0.19337687272896065,0.19337687272896065,0.19337687272896065,,not_applicable_no_external_contributions,0.12518432104451163,-0.0626264392046566,34,1.475075489607833,0.08533387459901667,1.0803581242151619,40.0,0.0,0.025035035659836526,0.1317333283697785,0.7597431698646363,0.24886449847111503,0.24886449847111503,-0.05548762574215438,0.021429759459111408,0.0,,,0.2557827307615481,0.2557827307615481,-0.06240585803258747,0.07295101211018085,0.0,,,,,P3_N40_biweekly_B2_C_EW,P3,40,biweekly,2.0,current_classification_constrained,equal,E4,evaluation,2010-01-01,2023-12-31,2024
2025-01-02,2025-12-31,250,0.17597410707906924,0.17597410707906924,0.17750006969298937,,not_applicable_no_external_contributions,0.19097262124900086,-0.1728531348214114,105,0.950203306906906,0.12603467233489954,1.1449915935983521,40.0,0.0,0.02503865894507207,0.13221740676582291,0.813265879916159,0.1771908045051671,0.17872809721523475,-0.0012280275222453785,0.014699210072862123,0.0,,,0.2077254840592302,0.20955041897086812,-0.032050349277878754,0.05482991318414776,0.0,,,,,P3_N40_biweekly_B2_C_EW,P3,40,biweekly,2.0,current_classification_constrained,equal,E5,evaluation,2010-01-01,2024-12-31,2025
2021-01-04,2021-12-31,252,0.25501705411262954,0.25501705411262954,0.25501705411262954,,not_applicable_no_external_contributions,0.13604258938210792,-0.05242141117862453,33,1.738276258008136,0.09190895638992956,0.8841218998739422,40.0,0.0,0.025024571192015437,0.13079232617699557,0.7260669097728262,0.28728769487345307,0.28728769487345307,-0.03227064076082353,-0.0012799631551235757,0.0,,,0.2741976405176627,0.2741976405176627,-0.019180586405033173,0.05609396279740986,0.0,,,,,P3_N40_biweekly_B2_U_EW,P3,40,biweekly,2.0,unconstrained,equal,E1,evaluation,2010-01-01,2020-12-31,2021
2022-01-03,2022-12-30,251,-0.18252659637047652,-0.18252659637047652,-0.1831827116678163,,not_applicable_no_external_contributions,0.2588380190478344,-0.2633539044458789,249,-0.6524352152490179,0.18670755962470617,1.1016505834195442,40.0,0.0,0.02503800029382333,0.13128090501026596,1.0,-0.18175361295122916,-0.18240727005194868,-0.0007754416158676225,-0.01838996583646968,0.0,,,-0.32577015948669175,-0.326828176140617,0.1436454644728007,0.08492574286393462,1.0,,,,,P3_N40_biweekly_B2_U_EW,P3,40,biweekly,2.0,unconstrained,equal,E2,evaluation,2010-01-01,2021-12-31,2022
2023-01-03,2023-12-29,250,0.3128802160818436,0.3128802160818436,0.3157425050085825,,not_applicable_no_external_contributions,0.13940235895923403,-0.1027519114345311,85,2.0388302437802377,0.0879931367251366,0.8969439586218627,40.0,0.0,0.025025470076124223,0.13107639187805337,0.8882062334528025,0.26175777831245095,0.2641068904875523,0.05163561452103016,-0.0030087027806128264,1.0,,,0.5485557706092534,0.5539830080583357,-0.2382405030497532,0.005047477887334062,0.0,,,,,P3_N40_biweekly_B2_U_EW,P3,40,biweekly,2.0,unconstrained,equal,E3,evaluation,2010-01-01,2022-12-31,2023
2024-01-02,2024-12-31,252,0.20898776811006892,0.20898776811006892,0.20898776811006892,,not_applicable_no_external_contributions,0.1227245686861234,-0.05987828888649471,35,1.60814837459421,0.08360579155040475,1.0783106691928752,40.0,0.0,0.025034445109287214,0.13169096533141064,0.7604783819069317,0.24886449847111503,0.24886449847111503,-0.03987673036104611,0.0241779097772733,0.0,,,0.2557827307615481,0.2557827307615481,-0.0467949626514792,0.07569916242834274,0.0,,,,,P3_N40_biweekly_B2_U_EW,P3,40,biweekly,2.0,unconstrained,equal,E4,evaluation,2010-01-01,2023-12-31,2024
2025-01-02,2025-12-31,250,0.17492163120544024,0.17492163120544024,0.1764378011813299,,not_applicable_no_external_contributions,0.18717490953054955,-0.16840848634423033,94,0.9608745231593333,0.12361711985878875,1.1596510823557642,40.0,0.0,0.0250396092861937,0.13228672217891493,0.8264200349161778,0.1771908045051671,0.17872809721523475,-0.0022902960339048484,0.01914385855004319,0.0,,,0.2077254840592302,0.20955041897086812,-0.03311261778953822,0.05927456166132883,0.0,,,,,P3_N40_biweekly_B2_U_EW,P3,40,biweekly,2.0,unconstrained,equal,E5,evaluation,2010-01-01,2024-12-31,2025
2021-01-04,2021-12-31,252,0.24923577871853086,0.24923577871853086,0.24923577871853086,,not_applicable_no_external_contributions,0.1518821775351406,-0.06293739472550264,32,1.5415533228821936,0.10379170201405702,4.4580238945415465,40.0,0.0,0.025,0.125,0.7495411182218772,0.28728769487345307,0.28728769487345307,-0.038051916154922205,-0.01179594670200168,0.0,,,0.2741976405176627,0.2741976405176627,-0.024961861799131846,0.04557797925053175,0.0,,,,,P3_N40_daily_B1.5_C_EW,P3,40,daily,1.5,current_classification_constrained,equal,E1,evaluation,2010-01-01,2020-12-31,2021
2022-01-03,2022-12-30,251,-0.07309990841984326,-0.07309990841984326,-0.07338018682506608,,not_applicable_no_external_contributions,0.1967759248623576,-0.18186960745869074,250,-0.2891383245649943,0.14186885171045827,4.038184116180261,40.0,0.0,0.025,0.125,1.0,-0.18175361295122916,-0.18240727005194868,0.10902708322688259,0.0630943311507185,1.0,,,-0.32577015948669175,-0.326828176140617,0.2534479893155509,0.1664100398511228,1.0,,,,,P3_N40_daily_B1.5_C_EW,P3,40,daily,1.5,current_classification_constrained,equal,E2,evaluation,2010-01-01,2021-12-31,2022
2023-01-03,2023-12-29,250,0.18665786806182072,0.18665786806182072,0.18828366577939604,,not_applicable_no_external_contributions,0.12481354300497326,-0.09758994468512694,78,1.444767266622064,0.08291202352564907,4.612146369599181,40.0,0.0,0.025000000000000005,0.125,0.9083400681091878,0.26175777831245095,0.2641068904875523,-0.07582322470815628,0.0021532639687913413,0.0,,,0.5485557706092534,0.5539830080583357,-0.36569934227893963,0.01020944463673823,0.0,,,,,P3_N40_daily_B1.5_C_EW,P3,40,daily,1.5,current_classification_constrained,equal,E3,evaluation,2010-01-01,2022-12-31,2023
2024-01-02,2024-12-31,252,0.26578146967827476,0.26578146967827476,0.26578146967827476,,not_applicable_no_external_contributions,0.12875614770951105,-0.0753587123028926,33,1.8954336405166337,0.08233622158631912,4.612923022298051,40.0,0.0,0.025,0.125,0.7390039803542143,0.24886449847111503,0.24886449847111503,0.016916971207159737,0.008697486360875417,1.0,,,0.2557827307615481,0.2557827307615481,0.009998738916726646,0.060218739011944855,1.0,,,,,P3_N40_daily_B1.5_C_EW,P3,40,daily,1.5,current_classification_constrained,equal,E4,evaluation,2010-01-01,2023-12-31,2024
2025-01-02,2025-12-31,250,0.1980824599560116,0.1980824599560116,0.1998158747379406,,not_applicable_no_external_contributions,0.172310214574289,-0.16746849740494574,77,1.1429461283560067,0.11657669313408907,4.887311456330782,40.0,0.0,0.025000000000000005,0.125,0.8251325932959958,0.1771908045051671,0.17872809721523475,0.021087777522705853,0.02008384748932779,1.0,,,0.2077254840592302,0.20955041897086812,-0.009734544232927522,0.060214550600613426,0.0,,,,,P3_N40_daily_B1.5_C_EW,P3,40,daily,1.5,current_classification_constrained,equal,E5,evaluation,2010-01-01,2024-12-31,2025
2021-01-04,2021-12-31,252,0.24262579614305002,0.24262579614305002,0.24262579614305002,,not_applicable_no_external_contributions,0.16303090063786235,-0.07637185532224866,33,1.4142831749915197,0.1111224530281675,4.519101907557305,40.0,0.0,0.025,0.125,0.7252489413670995,0.28728769487345307,0.28728769487345307,-0.04466189873040305,-0.025230407298747703,0.0,,,0.2741976405176627,0.2741976405176627,-0.03157184437461269,0.03214351865378573,0.0,,,,,P3_N40_daily_B1.5_U_EW,P3,40,daily,1.5,unconstrained,equal,E1,evaluation,2010-01-01,2020-12-31,2021
2022-01-03,2022-12-30,251,-0.09316017618858163,-0.09316017618858163,-0.09351341160733273,,not_applicable_no_external_contributions,0.20408843970351348,-0.20283594133679927,250,-0.3791978068022588,0.1481659037788511,4.232243701141599,40.0,0.0,0.025,0.125,1.0,-0.18175361295122916,-0.18240727005194868,0.08889385844461595,0.04212799727260996,1.0,,,-0.32577015948669175,-0.326828176140617,0.23331476453328426,0.14544370597301426,1.0,,,,,P3_N40_daily_B1.5_U_EW,P3,40,daily,1.5,unconstrained,equal,E2,evaluation,2010-01-01,2021-12-31,2022
2023-01-03,2023-12-29,250,0.219893604988169,0.219893604988169,0.2218349120286467,,not_applicable_no_external_contributions,0.13693047196950492,-0.0988392490763037,90,1.5319542756777846,0.09135148791438567,4.639163113503632,40.0,0.0,0.025000000000000005,0.125,0.9083719454736999,0.26175777831245095,0.2641068904875523,-0.042271978458905624,0.000903959577614577,0.0,,,0.5485557706092534,0.5539830080583357,-0.332148096029689,0.008960140245561465,0.0,,,,,P3_N40_daily_B1.5_U_EW,P3,40,daily,1.5,unconstrained,equal,E3,evaluation,2010-01-01,2022-12-31,2023
2024-01-02,2024-12-31,252,0.2771039734164513,0.2771039734164513,0.2771039734164513,,not_applicable_no_external_contributions,0.14459550790175166,-0.0913729246533499,36,1.7643848621714369,0.09470503910232245,4.360671961351222,40.0,0.0,0.025,0.125,0.7602498445309751,0.24886449847111503,0.24886449847111503,0.028239474945336296,-0.007316725989581885,1.0,,,0.2557827307615481,0.2557827307615481,0.021321242654903205,0.04420452666148755,1.0,,,,,P3_N40_daily_B1.5_U_EW,P3,40,daily,1.5,unconstrained,equal,E4,evaluation,2010-01-01,2023-12-31,2024
2025-01-02,2025-12-31,250,0.21650611367784833,0.21650611367784833,0.21841492491876346,,not_applicable_no_external_contributions,0.1743399472949711,-0.1625231450430089,77,1.2200333666211542,0.11875943470509981,4.8985154612349255,40.0,0.0,0.025000000000000005,0.125,0.8365753378726616,0.1771908045051671,0.17872809721523475,0.039686827703528715,0.025029199851264616,1.0,,,0.2077254840592302,0.20955041897086812,0.00886450594789534,0.06515990296255025,1.0,,,,,P3_N40_daily_B1.5_U_EW,P3,40,daily,1.5,unconstrained,equal,E5,evaluation,2010-01-01,2024-12-31,2025
2021-01-04,2021-12-31,252,0.254477595457383,0.254477595457383,0.254477595457383,,not_applicable_no_external_contributions,0.149336827615018,-0.05457204239786273,32,1.5933632434266518,0.10266672995732787,17.32242096025594,40.0,0.0,0.025,0.125,0.7349992353772978,0.28728769487345307,0.28728769487345307,-0.03281009941607005,-0.003430594374361773,0.0,,,0.2741976405176627,0.2741976405176627,-0.01972004506027969,0.05394333157817166,0.0,,,,,P3_N40_daily_B1_C_EW,P3,40,daily,1.0,current_classification_constrained,equal,E1,evaluation,2010-01-01,2020-12-31,2021
2022-01-03,2022-12-30,251,-0.07174588746194466,-0.07174588746194466,-0.07202117847211409,,not_applicable_no_external_contributions,0.1853743536635532,-0.17750319565318295,250,-0.3107874658221605,0.13323691514006855,16.64652170261115,40.0,0.0,0.025,0.125,1.0,-0.18175361295122916,-0.18240727005194868,0.11038609157983459,0.06746074295622628,1.0,,,-0.32577015948669175,-0.326828176140617,0.2548069976685029,0.17077645165663058,1.0,,,,,P3_N40_daily_B1_C_EW,P3,40,daily,1.0,current_classification_constrained,equal,E2,evaluation,2010-01-01,2021-12-31,2022
2023-01-03,2023-12-29,250,0.2009670447535814,0.2009670447535814,0.20272777111003615,,not_applicable_no_external_contributions,0.1281353398085013,-0.09615058619128913,78,1.504949473398328,0.08581968496432614,18.309417498104033,40.0,0.0,0.025000000000000005,0.125,0.8770740110749123,0.26175777831245095,0.2641068904875523,-0.06137911937751617,0.003592622462629147,0.0,,,0.5485557706092534,0.5539830080583357,-0.3512552369482995,0.011648803130576035,0.0,,,,,P3_N40_daily_B1_C_EW,P3,40,daily,1.0,current_classification_constrained,equal,E3,evaluation,2010-01-01,2022-12-31,2023
2024-01-02,2024-12-31,252,0.26843633176269344,0.26843633176269344,0.26843633176269344,,not_applicable_no_external_contributions,0.12886026536459924,-0.07294159606069706,33,1.9102951571812739,0.08255648550381478,16.80962541566198,40.0,0.0,0.025,0.125,0.7290693104415179,0.24886449847111503,0.24886449847111503,0.01957183329157841,0.011114602603070955,1.0,,,0.2557827307615481,0.2557827307615481,0.01265360100114532,0.0626358552541404,1.0,,,,,P3_N40_daily_B1_C_EW,P3,40,daily,1.0,current_classification_constrained,equal,E4,evaluation,2010-01-01,2023-12-31,2024
2025-01-02,2025-12-31,250,0.20887585971808398,0.20887585971808398,0.21071175424094313,,not_applicable_no_external_contributions,0.16473189174226133,-0.16504065802118906,87,1.243185764259043,0.1140713649629355,17.03532053864407,40.0,0.0,0.025000000000000005,0.125,0.8861609289663807,0.1771908045051671,0.17872809721523475,0.03198365702570838,0.02251168687308447,1.0,,,0.2077254840592302,0.20955041897086812,0.0011613352700750035,0.0626423899843701,1.0,,,,,P3_N40_daily_B1_C_EW,P3,40,daily,1.0,current_classification_constrained,equal,E5,evaluation,2010-01-01,2024-12-31,2025
2021-01-04,2021-12-31,252,0.2345792333506027,0.2345792333506027,0.2345792333506027,,not_applicable_no_external_contributions,0.15645041613230465,-0.05502405228109397,31,1.4255633006334216,0.10787727496383898,22.550651268561474,40.0,0.0,0.025,0.125,0.7667698120732215,0.28728769487345307,0.28728769487345307,-0.05270846152285036,-0.003882604257593014,0.0,,,0.2741976405176627,0.2741976405176627,-0.03961840716706,0.05349132169494042,0.0,,,,,P3_N40_daily_B1_U_EW,P3,40,daily,1.0,unconstrained,equal,E1,evaluation,2010-01-01,2020-12-31,2021
2022-01-03,2022-12-30,251,-0.07973008054367348,-0.07973008054367348,-0.08003466609368981,,not_applicable_no_external_contributions,0.18489392649581146,-0.18514971178282158,250,-0.3589425107443933,0.1339712156561151,17.934636572620196,40.0,0.0,0.025,0.125,1.0,-0.18175361295122916,-0.18240727005194868,0.10237260395825887,0.05981422682658766,1.0,,,-0.32577015948669175,-0.326828176140617,0.24679351004692718,0.16312993552699195,1.0,,,,,P3_N40_daily_B1_U_EW,P3,40,daily,1.0,unconstrained,equal,E2,evaluation,2010-01-01,2021-12-31,2022
2023-01-03,2023-12-29,250,0.2679328719522971,0.2679328719522971,0.27034309538128043,,not_applicable_no_external_contributions,0.14368317435448097,-0.095533712576227,84,1.73773433493185,0.09562579024893608,17.49439570562504,40.0,0.0,0.025000000000000005,0.125,0.8478588729991582,0.26175777831245095,0.2641068904875523,0.0062362048937281145,0.004209496077691277,1.0,,,0.5485557706092534,0.5539830080583357,-0.28363991267705524,0.012265676745638165,0.0,,,,,P3_N40_daily_B1_U_EW,P3,40,daily,1.0,unconstrained,equal,E3,evaluation,2010-01-01,2022-12-31,2023
2024-01-02,2024-12-31,252,0.2854382129600499,0.2854382129600499,0.2854382129600499,,not_applicable_no_external_contributions,0.1405965773410433,-0.0815878848476157,36,1.8568461042975188,0.09170954171012975,18.573511209376342,40.0,0.0,0.025,0.125,0.749187134153229,0.24886449847111503,0.24886449847111503,0.03657371448893487,0.002468313816152312,1.0,,,0.2557827307615481,0.2557827307615481,0.02965548219850178,0.05398956646722175,1.0,,,,,P3_N40_daily_B1_U_EW,P3,40,daily,1.0,unconstrained,equal,E4,evaluation,2010-01-01,2023-12-31,2024
2025-01-02,2025-12-31,250,0.2436865243624553,0.2436865243624553,0.24585820319450558,,not_applicable_no_external_contributions,0.1699817160149917,-0.16504065802118906,87,1.3784493416305426,0.11747830043271323,18.368912886160476,40.0,0.0,0.025000000000000005,0.125,0.9310693486174006,0.1771908045051671,0.17872809721523475,0.06713010597927083,0.02251168687308447,1.0,,,0.2077254840592302,0.20955041897086812,0.03630778422363745,0.0626423899843701,1.0,,,,,P3_N40_daily_B1_U_EW,P3,40,daily,1.0,unconstrained,equal,E5,evaluation,2010-01-01,2024-12-31,2025
2021-01-04,2021-12-31,252,0.2568908742995537,0.2568908742995537,0.2568908742995537,,not_applicable_no_external_contributions,0.13970913563958146,-0.053366401107668104,42,1.7069393727032343,0.09380280917351914,2.6149471025964712,40.0,0.0,0.025,0.125,0.7440985511443416,0.28728769487345307,0.28728769487345307,-0.030396820573899364,-0.002224953084167147,0.0,,,0.2741976405176627,0.2741976405176627,-0.017306766218109004,0.055148972868366286,0.0,,,,,P3_N40_daily_B2_C_EW,P3,40,daily,2.0,current_classification_constrained,equal,E1,evaluation,2010-01-01,2020-12-31,2021
2022-01-03,2022-12-30,251,-0.17272517919007013,-0.17272517919007013,-0.17334990919505777,,not_applicable_no_external_contributions,0.25558892121762933,-0.25549854061134303,249,-0.6172043968059663,0.18415434696860233,3.0963013106555985,40.0,0.0,0.025,0.125,1.0,-0.18175361295122916,-0.18240727005194868,0.009057360856890906,-0.01053460200193379,1.0,,,-0.32577015948669175,-0.326828176140617,0.15347826694555922,0.0927811066984705,1.0,,,,,P3_N40_daily_B2_C_EW,P3,40,daily,2.0,current_classification_constrained,equal,E2,evaluation,2010-01-01,2021-12-31,2022
2023-01-03,2023-12-29,250,0.3125920398856874,0.3125920398856874,0.315451390362097,,not_applicable_no_external_contributions,0.13821641855038586,-0.09578683586951164,81,2.053540204099868,0.08748933743073016,2.537171834955008,40.0,0.0,0.025000000000000005,0.125,0.8846455254454124,0.26175777831245095,0.2641068904875523,0.0513444998745447,0.0039563727844066365,1.0,,,0.5485557706092534,0.5539830080583357,-0.23853161769623865,0.012012553452353525,0.0,,,,,P3_N40_daily_B2_C_EW,P3,40,daily,2.0,current_classification_constrained,equal,E3,evaluation,2010-01-01,2022-12-31,2023
2024-01-02,2024-12-31,252,0.18183958040892012,0.18183958040892012,0.18183958040892012,,not_applicable_no_external_contributions,0.12537285120532574,-0.0637851873257882,34,1.395508148183874,0.08590974821791453,2.87206750877991,40.0,0.0,0.025,0.125,0.7585971375397211,0.24886449847111503,0.24886449847111503,-0.0670249180621949,0.020271011337979816,0.0,,,0.2557827307615481,0.2557827307615481,-0.073943150352628,0.07179226398904925,0.0,,,,,P3_N40_daily_B2_C_EW,P3,40,daily,2.0,current_classification_constrained,equal,E4,evaluation,2010-01-01,2023-12-31,2024
2025-01-02,2025-12-31,250,0.1911992885319478,0.1911992885319478,0.1928677595130197,,not_applicable_no_external_contributions,0.19102810077365182,-0.171906961177408,105,1.017912984076685,0.1261698383598068,3.1203384870908084,40.0,0.0,0.025000000000000005,0.125,0.7803990740074465,0.1771908045051671,0.17872809721523475,0.01413966229778496,0.015645383716865524,1.0,,,0.2077254840592302,0.20955041897086812,-0.016682659457848414,0.05577608682815116,0.0,,,,,P3_N40_daily_B2_C_EW,P3,40,daily,2.0,current_classification_constrained,equal,E5,evaluation,2010-01-01,2024-12-31,2025
2021-01-04,2021-12-31,252,0.2493098537439855,0.2493098537439855,0.2493098537439855,,not_applicable_no_external_contributions,0.14129183612136753,-0.053779232073652095,38,1.6465380069293372,0.09529653187926504,2.6331328774578457,40.0,0.0,0.025,0.125,0.7301341753343559,0.28728769487345307,0.28728769487345307,-0.03797784112946756,-0.0026377840501511374,0.0,,,0.2741976405176627,0.2741976405176627,-0.0248877867736772,0.054736141902382296,0.0,,,,,P3_N40_daily_B2_U_EW,P3,40,daily,2.0,unconstrained,equal,E1,evaluation,2010-01-01,2020-12-31,2021
2022-01-03,2022-12-30,251,-0.18554882904709458,-0.18554882904709458,-0.18621452740703814,,not_applicable_no_external_contributions,0.26331352542126746,-0.27067482904747087,249,-0.6510347757865417,0.19002046401626652,3.1728701195626297,40.0,0.0,0.025,0.125,1.0,-0.18175361295122916,-0.18240727005194868,-0.003807257355089466,-0.02571089043806163,0.0,,,-0.32577015948669175,-0.326828176140617,0.14061364873357884,0.07760481826234267,1.0,,,,,P3_N40_daily_B2_U_EW,P3,40,daily,2.0,unconstrained,equal,E2,evaluation,2010-01-01,2021-12-31,2022
2023-01-03,2023-12-29,250,0.3297284009206294,0.3297284009206294,0.3327633709047908,,not_applicable_no_external_contributions,0.14190259453678977,-0.09855980670685793,80,2.096047830688457,0.08930421908859881,2.5593947454230226,40.0,0.0,0.025000000000000005,0.125,0.8828266684689803,0.26175777831245095,0.2641068904875523,0.06865648041723849,0.0011834019470603474,1.0,,,0.5485557706092534,0.5539830080583357,-0.22121963715354487,0.009239582615007236,0.0,,,,,P3_N40_daily_B2_U_EW,P3,40,daily,2.0,unconstrained,equal,E3,evaluation,2010-01-01,2022-12-31,2023
2024-01-02,2024-12-31,252,0.20043415833556688,0.20043415833556688,0.20043415833556688,,not_applicable_no_external_contributions,0.127553766329788,-0.06403858306459953,31,1.4962910188438547,0.08746306079578807,2.868819228392183,40.0,0.0,0.025,0.125,0.7394548478518218,0.24886449847111503,0.24886449847111503,-0.048430340135548144,0.02001761559916848,0.0,,,0.2557827307615481,0.2557827307615481,-0.055348572425981235,0.07153886825023792,0.0,,,,,P3_N40_daily_B2_U_EW,P3,40,daily,2.0,unconstrained,equal,E4,evaluation,2010-01-01,2023-12-31,2024
2025-01-02,2025-12-31,250,0.20262573231679104,0.20262573231679104,0.20440218866015103,,not_applicable_no_external_contributions,0.19234781184788316,-0.17573090419598525,74,1.0623162729987696,0.12742690908061352,3.09813543362157,40.0,0.0,0.025000000000000005,0.125,0.8047507987492878,0.1771908045051671,0.17872809721523475,0.02567409144491628,0.011821440698288277,1.0,,,0.2077254840592302,0.20955041897086812,-0.005148230310717095,0.051952143809573914,0.0,,,,,P3_N40_daily_B2_U_EW,P3,40,daily,2.0,unconstrained,equal,E5,evaluation,2010-01-01,2024-12-31,2025
2021-01-04,2021-12-31,252,0.24578885422793517,0.24578885422793517,0.24578885422793517,,not_applicable_no_external_contributions,0.14936584879939255,-0.06561619206789693,32,1.5464789867351627,0.10173651146195743,2.063213944855989,40.0,0.0,0.025059742787221433,0.13463365888194978,0.7344162091335777,0.28728769487345307,0.28728769487345307,-0.0414988406455179,-0.01447474404439597,0.0,,,0.2741976405176627,0.2741976405176627,-0.02840878628972754,0.04289918190813746,0.0,,,,,P3_N40_monthly_B1.5_C_EW,P3,40,monthly,1.5,current_classification_constrained,equal,E1,evaluation,2010-01-01,2020-12-31,2021
2022-01-03,2022-12-30,251,-0.07386438108674853,-0.07386438108674853,-0.07414747185468984,,not_applicable_no_external_contributions,0.20055521899526899,-0.18650820086578712,250,-0.2840516310830913,0.1455945636985264,1.5762203518413331,40.0,0.0,0.02507276384365488,0.13441282550835615,1.0,-0.18175361295122916,-0.18240727005194868,0.10825979819725884,0.058455737743622116,1.0,,,-0.32577015948669175,-0.326828176140617,0.25268070428592715,0.1617714464440264,1.0,,,,,P3_N40_monthly_B1.5_C_EW,P3,40,monthly,1.5,current_classification_constrained,equal,E2,evaluation,2010-01-01,2021-12-31,2022
2023-01-03,2023-12-29,250,0.161592520621765,0.161592520621765,0.16298533243201763,,not_applicable_no_external_contributions,0.12698676123759978,-0.10154058162787327,90,1.2526098953078775,0.08505488666549103,2.2144292327173067,40.0,0.0,0.025052306714424745,0.13382831148795932,0.946381639864064,0.26175777831245095,0.2641068904875523,-0.10112155805553469,-0.0017973729739549915,0.0,,,0.5485557706092534,0.5539830080583357,-0.39099767562631804,0.006258807693991897,0.0,,,,,P3_N40_monthly_B1.5_C_EW,P3,40,monthly,1.5,current_classification_constrained,equal,E3,evaluation,2010-01-01,2022-12-31,2023
2024-01-02,2024-12-31,252,0.31593510136000247,0.31593510136000247,0.31593510136000247,,not_applicable_no_external_contributions,0.13336588516676645,-0.0821538103816074,36,2.1261225357107656,0.08599156637537198,1.705972050521297,40.0,0.0,0.025095030529373407,0.13781153026154103,0.7381764249796898,0.24886449847111503,0.24886449847111503,0.06707060288888744,0.0019023882821606053,1.0,,,0.2557827307615481,0.2557827307615481,0.06015237059845435,0.05342364093323004,1.0,,,,,P3_N40_monthly_B1.5_C_EW,P3,40,monthly,1.5,current_classification_constrained,equal,E4,evaluation,2010-01-01,2023-12-31,2024
2025-01-02,2025-12-31,250,0.22049290371514196,0.22049290371514196,0.22243996767234253,,not_applicable_no_external_contributions,0.17591680112669159,-0.1639255387382469,63,1.2293075653306056,0.11765363973416898,1.990327371919588,40.0,0.0,0.02508285066303975,0.13660794367199705,0.8131988583589108,0.1771908045051671,0.17872809721523475,0.04371187045710778,0.023626806156026636,1.0,,,0.2077254840592302,0.20955041897086812,0.012889548701474407,0.06375750926731227,1.0,,,,,P3_N40_monthly_B1.5_C_EW,P3,40,monthly,1.5,current_classification_constrained,equal,E5,evaluation,2010-01-01,2024-12-31,2025
2021-01-04,2021-12-31,252,0.2585400633533861,0.2585400633533861,0.2585400633533861,,not_applicable_no_external_contributions,0.16161478450250907,-0.07829541976026655,33,1.5041007407176523,0.11071936661976205,1.9717859716073713,40.0,0.0,0.025061498088559207,0.13479226282853876,0.7416915623209984,0.28728769487345307,0.28728769487345307,-0.028747631520066985,-0.027153971736765592,0.0,,,0.2741976405176627,0.2741976405176627,-0.015657577164276626,0.03021995421576784,0.0,,,,,P3_N40_monthly_B1.5_U_EW,P3,40,monthly,1.5,unconstrained,equal,E1,evaluation,2010-01-01,2020-12-31,2021
2022-01-03,2022-12-30,251,-0.10576007113287234,-0.10576007113287234,-0.10615822621050175,,not_applicable_no_external_contributions,0.21336011010829298,-0.21194783452533072,250,-0.4194451181690932,0.1555683219731664,1.716064307399099,40.0,0.0,0.025073297044076046,0.13468164874516025,1.0,-0.18175361295122916,-0.18240727005194868,0.07624904384144693,0.03301610408407851,1.0,,,-0.32577015948669175,-0.326828176140617,0.22066994993011524,0.1363318127844828,1.0,,,,,P3_N40_monthly_B1.5_U_EW,P3,40,monthly,1.5,unconstrained,equal,E2,evaluation,2010-01-01,2021-12-31,2022
2023-01-03,2023-12-29,250,0.19465945825743258,0.19465945825743258,0.19636053645032137,,not_applicable_no_external_contributions,0.13323296195195367,-0.10622069020899727,73,1.4124795138503956,0.08945175816394829,2.1762308648695945,40.0,0.0,0.025055196259898195,0.1339546956009992,0.945513901150296,0.26175777831245095,0.2641068904875523,-0.06774635403723095,-0.00647748155507899,0.0,,,0.5485557706092534,0.5539830080583357,-0.3576224716080143,0.0015786991128678984,0.0,,,,,P3_N40_monthly_B1.5_U_EW,P3,40,monthly,1.5,unconstrained,equal,E3,evaluation,2010-01-01,2022-12-31,2023
2024-01-02,2024-12-31,252,0.2877152671468226,0.2877152671468226,0.2877152671468226,,not_applicable_no_external_contributions,0.15136323282418226,-0.09937618475568633,42,1.7468585503619034,0.10115222925570554,1.8989004671622816,40.0,0.0,0.025098959536907113,0.1379349713867343,0.7449299729625016,0.24886449847111503,0.24886449847111503,0.03885076867570758,-0.015319986091918314,1.0,,,0.2557827307615481,0.2557827307615481,0.03193253638527449,0.036201266559151124,1.0,,,,,P3_N40_monthly_B1.5_U_EW,P3,40,monthly,1.5,unconstrained,equal,E4,evaluation,2010-01-01,2023-12-31,2024
2025-01-02,2025-12-31,250,0.21458163886231696,0.21458163886231696,0.21647202276824218,,not_applicable_no_external_contributions,0.1818790464908883,-0.16633587930189142,60,1.1679132310959741,0.12272937089705493,1.9992071267888636,40.0,0.0,0.025092869758336286,0.13728089286941947,0.8003276464331823,0.1771908045051671,0.17872809721523475,0.03774392555300743,0.021216465592382105,1.0,,,0.2077254840592302,0.20955041897086812,0.006921603797374054,0.06134716870366774,1.0,,,,,P3_N40_monthly_B1.5_U_EW,P3,40,monthly,1.5,unconstrained,equal,E5,evaluation,2010-01-01,2024-12-31,2025
2021-01-04,2021-12-31,252,0.26996056766004517,0.26996056766004517,0.26996056766004517,,not_applicable_no_external_contributions,0.149249006386868,-0.05396141650890951,31,1.6764774157676432,0.10197944802527345,3.4695765193309063,40.0,0.0,0.02506137620482893,0.13467410418093823,0.7375560255086718,0.28728769487345307,0.28728769487345307,-0.0173271272134079,-0.0028199684854085527,0.0,,,0.2741976405176627,0.2741976405176627,-0.004237072857617541,0.05455395746712488,0.0,,,,,P3_N40_monthly_B1_C_EW,P3,40,monthly,1.0,current_classification_constrained,equal,E1,evaluation,2010-01-01,2020-12-31,2021
2022-01-03,2022-12-30,251,-0.08461811991718704,-0.08461811991718704,-0.08494050346783932,,not_applicable_no_external_contributions,0.18666423742343397,-0.19414537342726734,250,-0.38239564815240523,0.13559289491038629,3.4225128512018728,40.0,0.0,0.025062946041466375,0.13361455315299756,1.0,-0.18175361295122916,-0.18240727005194868,0.09746676658410935,0.050818565182141895,1.0,,,-0.32577015948669175,-0.326828176140617,0.24188767267277766,0.1541342738825462,1.0,,,,,P3_N40_monthly_B1_C_EW,P3,40,monthly,1.0,current_classification_constrained,equal,E2,evaluation,2010-01-01,2021-12-31,2022
2023-01-03,2023-12-29,250,0.18906060420607496,0.18906060420607496,0.19070896168090834,,not_applicable_no_external_contributions,0.12518309153821172,-0.10691785828237665,92,1.4571817255812811,0.08382198419452427,3.589718367357605,40.0,0.0,0.025054663624484032,0.13420966283555186,0.8681188408510819,0.26175777831245095,0.2641068904875523,-0.07339792880664398,-0.007174649628458374,0.0,,,0.5485557706092534,0.5539830080583357,-0.36327404637742733,0.0008815310394885145,0.0,,,,,P3_N40_monthly_B1_C_EW,P3,40,monthly,1.0,current_classification_constrained,equal,E3,evaluation,2010-01-01,2022-12-31,2023
2024-01-02,2024-12-31,252,0.23802100364424272,0.23802100364424272,0.23802100364424272,,not_applicable_no_external_contributions,0.13052301379770312,-0.07629237537651146,47,1.7015166653874039,0.08509982181909109,3.4102621747984414,40.0,0.0,0.02509190128466187,0.13724146749648164,0.7355943018312249,0.24886449847111503,0.24886449847111503,-0.010843494826872302,0.007763823287256555,0.0,,,0.2557827307615481,0.2557827307615481,-0.017761727117305393,0.05928507593832599,0.0,,,,,P3_N40_monthly_B1_C_EW,P3,40,monthly,1.0,current_classification_constrained,equal,E4,evaluation,2010-01-01,2023-12-31,2024
2025-01-02,2025-12-31,250,0.2030380040091695,0.2030380040091695,0.20481837295493843,,not_applicable_no_external_contributions,0.16599945481488387,-0.16408990594725525,89,1.205514890121259,0.11527806515810615,3.3089357452210324,40.0,0.0,0.025081268743074037,0.13645018353855562,0.8232816008694991,0.1771908045051671,0.17872809721523475,0.026090275739703683,0.02346243894701827,1.0,,,0.2077254840592302,0.20955041897086812,-0.004732046015929692,0.06359314205830391,0.0,,,,,P3_N40_monthly_B1_C_EW,P3,40,monthly,1.0,current_classification_constrained,equal,E5,evaluation,2010-01-01,2024-12-31,2025
2021-01-04,2021-12-31,252,0.24909731332431795,0.24909731332431795,0.24909731332431795,,not_applicable_no_external_contributions,0.15534577751887166,-0.05800527538587419,32,1.509880141999272,0.10571365549962944,4.247663341474173,40.0,0.0,0.025061302842439837,0.1345279199398113,0.7682513952772752,0.28728769487345307,0.28728769487345307,-0.03819038154913512,-0.0068638273623732315,0.0,,,0.2741976405176627,0.2741976405176627,-0.025100327193344762,0.0505100985901602,0.0,,,,,P3_N40_monthly_B1_U_EW,P3,40,monthly,1.0,unconstrained,equal,E1,evaluation,2010-01-01,2020-12-31,2021
2022-01-03,2022-12-30,251,-0.08098262625876385,-0.08098262625876385,-0.08129178240892376,,not_applicable_no_external_contributions,0.18772224200640864,-0.19632630238746163,250,-0.35799554047406973,0.1364397973040648,3.2698789488743745,40.0,0.0,0.025063514259666995,0.13372802204026596,1.0,-0.18175361295122916,-0.18240727005194868,0.10111548764302491,0.04863763622194761,1.0,,,-0.32577015948669175,-0.326828176140617,0.24553639373169323,0.1519533449223519,1.0,,,,,P3_N40_monthly_B1_U_EW,P3,40,monthly,1.0,unconstrained,equal,E2,evaluation,2010-01-01,2021-12-31,2022
2023-01-03,2023-12-29,250,0.2690656743915867,0.2690656743915867,0.27148713490707976,,not_applicable_no_external_contributions,0.14370897448432532,-0.10452346842063254,74,1.7437145474946196,0.09545011543529884,3.4564393512917064,40.0,0.0,0.025060794354149263,0.1345965363848457,0.8256875797709438,0.26175777831245095,0.2641068904875523,0.007380244419527449,-0.0047802597667142566,1.0,,,0.5485557706092534,0.5539830080583357,-0.2824958731512559,0.003275920901232632,0.0,,,,,P3_N40_monthly_B1_U_EW,P3,40,monthly,1.0,unconstrained,equal,E3,evaluation,2010-01-01,2022-12-31,2023
2024-01-02,2024-12-31,252,0.24356564959691118,0.24356564959691118,0.24356564959691118,,not_applicable_no_external_contributions,0.14276863401011047,-0.0861801659031538,48,1.5985898400347798,0.09470527933303403,3.670168997858263,40.0,0.0,0.025091370066195252,0.13726304349674814,0.7476395749197732,0.24886449847111503,0.24886449847111503,-0.005298848874203843,-0.0021239672393857933,0.0,,,0.2557827307615481,0.2557827307615481,-0.012217081164636934,0.049397285411683645,0.0,,,,,P3_N40_monthly_B1_U_EW,P3,40,monthly,1.0,unconstrained,equal,E4,evaluation,2010-01-01,2023-12-31,2024
2025-01-02,2025-12-31,250,0.2327262469987712,0.2327262469987712,0.23479134335144858,,not_applicable_no_external_contributions,0.17305968595582932,-0.1640899059472556,89,1.3053695190722963,0.12061435338474019,3.4868858613312406,40.0,0.0,0.02509524895099032,0.1374713768842957,0.857587516138534,0.1771908045051671,0.17872809721523475,0.05606324613621383,0.02346243894701794,1.0,,,0.2077254840592302,0.20955041897086812,0.025240924380580454,0.06359314205830358,1.0,,,,,P3_N40_monthly_B1_U_EW,P3,40,monthly,1.0,unconstrained,equal,E5,evaluation,2010-01-01,2024-12-31,2025
2021-01-04,2021-12-31,252,0.2358984385296412,0.2358984385296412,0.2358984385296412,,not_applicable_no_external_contributions,0.13471876802851343,-0.051231966852524624,35,1.6399833937007753,0.091363081362994,0.6010452823211898,40.0,0.0,0.02505355317413781,0.13363271700796744,0.774970530688808,0.28728769487345307,0.28728769487345307,-0.05138925634381186,-9.051882902366692e-05,0.0,,,0.2741976405176627,0.2741976405176627,-0.0382992019880215,0.057283407123509766,0.0,,,,,P3_N40_monthly_B2_C_EW,P3,40,monthly,2.0,current_classification_constrained,equal,E1,evaluation,2010-01-01,2020-12-31,2021
2022-01-03,2022-12-30,251,-0.17177169919663016,-0.17177169919663016,-0.17239335118575982,,not_applicable_no_external_contributions,0.24676717281040622,-0.24994539425087625,249,-0.6435250261645182,0.17828791658604592,0.7088919901755559,40.0,0.0,0.02507662961107952,0.1346651326924064,1.0,-0.18175361295122916,-0.18240727005194868,0.010013918866188853,-0.004981455641467014,1.0,,,-0.32577015948669175,-0.326828176140617,0.15443482495485716,0.09833425305893728,1.0,,,,,P3_N40_monthly_B2_C_EW,P3,40,monthly,2.0,current_classification_constrained,equal,E2,evaluation,2010-01-01,2021-12-31,2022
2023-01-03,2023-12-29,250,0.3101602151623213,0.3101602151623213,0.31299478939068215,,not_applicable_no_external_contributions,0.13792773378150328,-0.104787284366743,85,2.0439826258163496,0.08728321356496584,0.6881727542303413,40.0,0.0,0.025060407837252118,0.13455914418679998,0.884911369572772,0.26175777831245095,0.2641068904875523,0.048887898903129834,-0.005044075712824725,1.0,,,0.5485557706092534,0.5539830080583357,-0.24098821866765352,0.0030121049551221635,0.0,,,,,P3_N40_monthly_B2_C_EW,P3,40,monthly,2.0,current_classification_constrained,equal,E3,evaluation,2010-01-01,2022-12-31,2023
2024-01-02,2024-12-31,252,0.1767508483878122,0.1767508483878122,0.1767508483878122,,not_applicable_no_external_contributions,0.1209465585971712,-0.05827488031314565,31,1.4064250734544588,0.08360743624152699,0.6903633683389092,40.0,0.0,0.025075917813028974,0.1358838073383357,0.7244659139963117,0.24886449847111503,0.24886449847111503,-0.07211365008330284,0.025781318350622362,0.0,,,0.2557827307615481,0.2557827307615481,-0.07903188237373593,0.0773025710016918,0.0,,,,,P3_N40_monthly_B2_C_EW,P3,40,monthly,2.0,current_classification_constrained,equal,E4,evaluation,2010-01-01,2023-12-31,2024
2025-01-02,2025-12-31,250,0.19161204883148208,0.19161204883148208,0.19328440523632473,,not_applicable_no_external_contributions,0.1847371411769407,-0.17296674733910156,92,1.0482583318261955,0.12222435947660716,0.7213453921356108,40.0,0.0,0.025077470794138332,0.13605565876398065,0.7724387003743032,0.1771908045051671,0.17872809721523475,0.014556308021089981,0.01458559755517197,1.0,,,0.2077254840592302,0.20955041897086812,-0.016266013734543394,0.05471630066645761,0.0,,,,,P3_N40_monthly_B2_C_EW,P3,40,monthly,2.0,current_classification_constrained,equal,E5,evaluation,2010-01-01,2024-12-31,2025
2021-01-04,2021-12-31,252,0.2749053856537589,0.2749053856537589,0.2749053856537589,,not_applicable_no_external_contributions,0.14780703013403726,-0.05444915088977509,34,1.717664912161252,0.09995826917748807,0.625480033968769,40.0,0.0,0.02505855413725829,0.13428013304869943,0.7207444021924388,0.28728769487345307,0.28728769487345307,-0.012382309219694188,-0.0033077028662741315,0.0,,,0.2741976405176627,0.2741976405176627,0.0007077451360961717,0.0540662230862593,1.0,,,,,P3_N40_monthly_B2_U_EW,P3,40,monthly,2.0,unconstrained,equal,E1,evaluation,2010-01-01,2020-12-31,2021
2022-01-03,2022-12-30,251,-0.21189315328853142,-0.21189315328853142,-0.2126404691370518,,not_applicable_no_external_contributions,0.272979401449264,-0.2898928829890276,250,-0.7393388326899921,0.19773017713471233,0.7465324414158744,40.0,0.0,0.025086785590994323,0.13533483912558922,1.0,-0.18175361295122916,-0.18240727005194868,-0.030233199085103135,-0.04492894437961836,0.0,,,-0.32577015948669175,-0.326828176140617,0.11418770700356518,0.05838676432078593,1.0,,,,,P3_N40_monthly_B2_U_EW,P3,40,monthly,2.0,unconstrained,equal,E2,evaluation,2010-01-01,2021-12-31,2022
2023-01-03,2023-12-29,250,0.3947872952884257,0.3947872952884257,0.3985050750387129,,not_applicable_no_external_contributions,0.15027639472443496,-0.10454674839410671,80,2.30813923351419,0.09370883039940989,0.707317256365035,40.0,0.0,0.02506425213432896,0.13472034976627162,0.843367267642291,0.26175777831245095,0.2641068904875523,0.1343981845511606,-0.004803539740188434,1.0,,,0.5485557706092534,0.5539830080583357,-0.15547793301962276,0.0032526409277584545,0.0,,,,,P3_N40_monthly_B2_U_EW,P3,40,monthly,2.0,unconstrained,equal,E3,evaluation,2010-01-01,2022-12-31,2023
2024-01-02,2024-12-31,252,0.2305843328472552,0.2305843328472552,0.2305843328472552,,not_applicable_no_external_contributions,0.13619472378191302,-0.07145166026085914,31,1.5919725221291292,0.09268786501289014,0.7139232971986659,40.0,0.0,0.02508327595718515,0.13659909846413926,0.7444896588503237,0.24886449847111503,0.24886449847111503,-0.018280165623859812,0.012604538402908871,0.0,,,0.2557827307615481,0.2557827307615481,-0.025198397914292903,0.06412579105397831,0.0,,,,,P3_N40_monthly_B2_U_EW,P3,40,monthly,2.0,unconstrained,equal,E4,evaluation,2010-01-01,2023-12-31,2024
2025-01-02,2025-12-31,250,0.2154270123291866,0.2154270123291866,0.217325487869932,,not_applicable_no_external_contributions,0.19788945674503441,-0.1883544484571782,94,1.091932768145555,0.1308772748273373,0.7473185004052363,40.0,0.0,0.02508057288966571,0.13628696191608453,0.7968926624179491,0.1771908045051671,0.17872809721523475,0.03859739065469725,-0.0008021035629046658,1.0,,,0.2077254840592302,0.20955041897086812,0.007775068899063875,0.03932859954838097,1.0,,,,,P3_N40_monthly_B2_U_EW,P3,40,monthly,2.0,unconstrained,equal,E5,evaluation,2010-01-01,2024-12-31,2025
2021-01-04,2021-12-31,252,0.24682692621563018,0.24682692621563018,0.24682692621563018,,not_applicable_no_external_contributions,0.15161301529022234,-0.06816591416075812,33,1.5312811251323613,0.10372808789510034,2.935238341696096,40.0,0.0,0.02501130600649145,0.1286409809732851,0.7490490069023165,0.28728769487345307,0.28728769487345307,-0.04046076865782289,-0.017024466137257166,0.0,,,0.2741976405176627,0.2741976405176627,-0.02737071430203253,0.04034945981527627,0.0,,,,,P3_N40_weekly_B1.5_C_EW,P3,40,weekly,1.5,current_classification_constrained,equal,E1,evaluation,2010-01-01,2020-12-31,2021
2022-01-03,2022-12-30,251,-0.07830480623857206,-0.07830480623857206,-0.078604182602238,,not_applicable_no_external_contributions,0.2041662291294591,-0.19051604331518168,250,-0.2991027858594877,0.1474806648005988,2.350153502445256,40.0,0.0,0.02501358463807109,0.1288176446788586,1.0,-0.18175361295122916,-0.18240727005194868,0.10380308744971067,0.054447895294227555,1.0,,,-0.32577015948669175,-0.326828176140617,0.24822399353837898,0.15776360399463185,1.0,,,,,P3_N40_weekly_B1.5_C_EW,P3,40,weekly,1.5,current_classification_constrained,equal,E2,evaluation,2010-01-01,2021-12-31,2022
2023-01-03,2023-12-29,250,0.16688246964294007,0.16688246964294007,0.168324091825774,,not_applicable_no_external_contributions,0.12869476640686775,-0.09983462905423302,90,1.2732960211562834,0.08644871558197643,3.3040323441816772,40.0,0.0,0.025010898745163743,0.12846629440370735,0.9288377030368904,0.26175777831245095,0.2641068904875523,-0.0957827986617783,-9.142040031473453e-05,0.0,,,0.5485557706092534,0.5539830080583357,-0.38565891623256165,0.007964760267632154,0.0,,,,,P3_N40_weekly_B1.5_C_EW,P3,40,weekly,1.5,current_classification_constrained,equal,E3,evaluation,2010-01-01,2022-12-31,2023
2024-01-02,2024-12-31,252,0.31036918920998935,0.31036918920998935,0.31036918920998935,,not_applicable_no_external_contributions,0.13137292377829984,-0.08058362969495758,33,2.124056299403727,0.08398157504481198,2.795648185255751,40.0,0.0,0.02501699838393414,0.12933423114169532,0.7616448400667117,0.24886449847111503,0.24886449847111503,0.061504690738874324,0.00347256896881043,1.0,,,0.2557827307615481,0.2557827307615481,0.05458645844844123,0.05499382161987987,1.0,,,,,P3_N40_weekly_B1.5_C_EW,P3,40,weekly,1.5,current_classification_constrained,equal,E4,evaluation,2010-01-01,2023-12-31,2024
2025-01-02,2025-12-31,250,0.22878585511707294,0.22878585511707294,0.23081282539883397,,not_applicable_no_external_contributions,0.17477957694428978,-0.16488916322190406,61,1.275292291205605,0.11761235540417543,3.0317583742086023,40.0,0.0,0.0250170230788163,0.12935341743496526,0.847725517409043,0.1771908045051671,0.17872809721523475,0.052084728183599216,0.02266318167236947,1.0,,,0.2077254840592302,0.20955041897086812,0.02126240642796584,0.06279388478365511,1.0,,,,,P3_N40_weekly_B1.5_C_EW,P3,40,weekly,1.5,current_classification_constrained,equal,E5,evaluation,2010-01-01,2024-12-31,2025
2021-01-04,2021-12-31,252,0.25395427262514225,0.25395427262514225,0.25395427262514225,,not_applicable_no_external_contributions,0.1619595127243384,-0.07714716795052001,33,1.4786575302929967,0.11020178194127313,2.966350912216588,40.0,0.0,0.02501186843849481,0.12871746525896188,0.7258973683390975,0.28728769487345307,0.28728769487345307,-0.03333342224831082,-0.026005719927019055,0.0,,,0.2741976405176627,0.2741976405176627,-0.02024336789252046,0.03136820602551438,0.0,,,,,P3_N40_weekly_B1.5_U_EW,P3,40,weekly,1.5,unconstrained,equal,E1,evaluation,2010-01-01,2020-12-31,2021
2022-01-03,2022-12-30,251,-0.09728609510687158,-0.09728609510687158,-0.09765411731866003,,not_applicable_no_external_contributions,0.2086828479453759,-0.20759025952504706,250,-0.3882057191420261,0.15231476348137662,2.4575260139862403,40.0,0.0,0.025013566166221562,0.12881624338813769,1.0,-0.18175361295122916,-0.18240727005194868,0.08475315273328865,0.03737367908436218,1.0,,,-0.32577015948669175,-0.326828176140617,0.22917405882195696,0.14068938778476647,1.0,,,,,P3_N40_weekly_B1.5_U_EW,P3,40,weekly,1.5,unconstrained,equal,E2,evaluation,2010-01-01,2021-12-31,2022
2023-01-03,2023-12-29,250,0.2347753980356453,0.2347753980356453,0.236860361601811,,not_applicable_no_external_contributions,0.13711755428343672,-0.09890971386240799,89,1.6192584891225454,0.09107315619877752,3.0719430219247172,40.0,0.0,0.025011325123720837,0.12852498257092715,0.8894720553386096,0.26175777831245095,0.2641068904875523,-0.027246528885741306,0.0008334947915102919,0.0,,,0.5485557706092534,0.5539830080583357,-0.31712264645652466,0.00888967545945718,0.0,,,,,P3_N40_weekly_B1.5_U_EW,P3,40,weekly,1.5,unconstrained,equal,E3,evaluation,2010-01-01,2022-12-31,2023
2024-01-02,2024-12-31,252,0.2896244195938058,0.2896244195938058,0.2896244195938058,,not_applicable_no_external_contributions,0.14778828428153884,-0.09664731390116643,47,1.7954938921029793,0.09691677209965974,2.8789762561208816,40.0,0.0,0.025017460805176674,0.12937033042655485,0.7762788385641386,0.24886449847111503,0.24886449847111503,0.04075992112269078,-0.01259111523739842,1.0,,,0.2557827307615481,0.2557827307615481,0.03384168883225769,0.03893013741367102,1.0,,,,,P3_N40_weekly_B1.5_U_EW,P3,40,weekly,1.5,unconstrained,equal,E4,evaluation,2010-01-01,2023-12-31,2024
2025-01-02,2025-12-31,250,0.24593819131465966,0.24593819131465966,0.24813186316872216,,not_applicable_no_external_contributions,0.1805731248855758,-0.1666277788519458,69,1.3174554522459017,0.12185841898862212,2.955006008737855,40.0,0.0,0.025017684954336747,0.12948541216536552,0.8437991704331275,0.1771908045051671,0.17872809721523475,0.0694037659534874,0.02092456604232773,1.0,,,0.2077254840592302,0.20955041897086812,0.03858144419785403,0.06105526915361337,1.0,,,,,P3_N40_weekly_B1.5_U_EW,P3,40,weekly,1.5,unconstrained,equal,E5,evaluation,2010-01-01,2024-12-31,2025
2021-01-04,2021-12-31,252,0.24343799915698616,0.24343799915698616,0.24343799915698616,,not_applicable_no_external_contributions,0.149654532220054,-0.05583437523770762,32,1.5311712488955447,0.10260475163518146,7.6906749216915555,40.0,0.0,0.025011468880907797,0.12865130184373127,0.7682050589032562,0.28728769487345307,0.28728769487345307,-0.04384969571646691,-0.004692927214206666,0.0,,,0.2741976405176627,0.2741976405176627,-0.03075964136067655,0.05268099873832677,0.0,,,,,P3_N40_weekly_B1_C_EW,P3,40,weekly,1.0,current_classification_constrained,equal,E1,evaluation,2010-01-01,2020-12-31,2021
2022-01-03,2022-12-30,251,-0.0799805275214237,-0.0799805275214237,-0.0802860275101639,,not_applicable_no_external_contributions,0.18591365099395216,-0.1881411035221997,250,-0.35744871127824845,0.1340661860632044,7.384176061865561,40.0,0.0,0.025012868996388788,0.1286579104389756,1.0,-0.18175361295122916,-0.18240727005194868,0.10212124254178478,0.05682283508720953,1.0,,,-0.32577015948669175,-0.326828176140617,0.2465421486304531,0.16013854378761383,1.0,,,,,P3_N40_weekly_B1_C_EW,P3,40,weekly,1.0,current_classification_constrained,equal,E2,evaluation,2010-01-01,2021-12-31,2022
2023-01-03,2023-12-29,250,0.2187753202053737,0.2187753202053737,0.2207058912625124,,not_applicable_no_external_contributions,0.12807102393393258,-0.09681691547767712,78,1.6215676001780055,0.08477712541969741,7.781414885352651,40.0,0.0,0.025010863744679666,0.12856111702771753,0.8517419280451137,0.26175777831245095,0.2641068904875523,-0.04340099922503993,0.002926293176241157,0.0,,,0.5485557706092534,0.5539830080583357,-0.3332771167958233,0.010982473844188045,0.0,,,,,P3_N40_weekly_B1_C_EW,P3,40,weekly,1.0,current_classification_constrained,equal,E3,evaluation,2010-01-01,2022-12-31,2023
2024-01-02,2024-12-31,252,0.2952379092184003,0.2952379092184003,0.2952379092184003,,not_applicable_no_external_contributions,0.12964771487855162,-0.07298178968040381,33,2.060917727305657,0.0829167492139491,7.227865362172999,40.0,0.0,0.025016584823549542,0.12924492375019123,0.7597923822211331,0.24886449847111503,0.24886449847111503,0.04637341074728529,0.011074408983364203,1.0,,,0.2557827307615481,0.2557827307615481,0.0394551784568522,0.06259566163443364,1.0,,,,,P3_N40_weekly_B1_C_EW,P3,40,weekly,1.0,current_classification_constrained,equal,E4,evaluation,2010-01-01,2023-12-31,2024
2025-01-02,2025-12-31,250,0.22146348166811514,0.22146348166811514,0.22341987412436493,,not_applicable_no_external_contributions,0.1669127666212635,-0.16579397478819902,85,1.2917199183061658,0.11568358241806018,7.246955421723958,40.0,0.0,0.025017331403294065,0.129401397602671,0.8737376298161614,0.1771908045051671,0.17872809721523475,0.044691776909130176,0.02175837010607451,1.0,,,0.2077254840592302,0.20955041897086812,0.013869455153496801,0.06188907321736015,1.0,,,,,P3_N40_weekly_B1_C_EW,P3,40,weekly,1.0,current_classification_constrained,equal,E5,evaluation,2010-01-01,2024-12-31,2025
2021-01-04,2021-12-31,252,0.23034925137507156,0.23034925137507156,0.23034925137507156,,not_applicable_no_external_contributions,0.15645476721203527,-0.05565036808782975,31,1.4035513669180275,0.10728347909555813,9.31310383057612,40.0,0.0,0.02501165434190967,0.12862620797013663,0.8019714584783387,0.28728769487345307,0.28728769487345307,-0.05693844349838151,-0.004508920064328792,0.0,,,0.2741976405176627,0.2741976405176627,-0.04384838914259115,0.05286500588820464,0.0,,,,,P3_N40_weekly_B1_U_EW,P3,40,weekly,1.0,unconstrained,equal,E1,evaluation,2010-01-01,2020-12-31,2021
2022-01-03,2022-12-30,251,-0.07652202741155334,-0.07652202741155334,-0.07681487555334499,,not_applicable_no_external_contributions,0.18463666524410594,-0.18358734874994742,250,-0.34078785578767334,0.1335745217311061,7.366953512125106,40.0,0.0,0.025012788018947296,0.12865014429301366,1.0,-0.18175361295122916,-0.18240727005194868,0.10559239449860369,0.061376589859461816,1.0,,,-0.32577015948669175,-0.326828176140617,0.250013300587272,0.1646922985598661,1.0,,,,,P3_N40_weekly_B1_U_EW,P3,40,weekly,1.0,unconstrained,equal,E2,evaluation,2010-01-01,2021-12-31,2022
2023-01-03,2023-12-29,250,0.2760033008298566,0.2760033008298566,0.27849375863599857,,not_applicable_no_external_contributions,0.14335021527646832,-0.09743078079329537,53,1.7860882290481608,0.09496569064510903,7.421059668513205,40.0,0.0,0.02501190038486837,0.12868640970483752,0.8322704513449092,0.26175777831245095,0.2641068904875523,0.014386868148446252,0.002312427860622912,1.0,,,0.5485557706092534,0.5539830080583357,-0.2754892494223371,0.0103686085285698,0.0,,,,,P3_N40_weekly_B1_U_EW,P3,40,weekly,1.0,unconstrained,equal,E3,evaluation,2010-01-01,2022-12-31,2023
2024-01-02,2024-12-31,252,0.29808864166638704,0.29808864166638704,0.29808864166638704,,not_applicable_no_external_contributions,0.1411719612556572,-0.0778972584587504,33,1.9192944972983437,0.09189999282406515,7.7884061468618615,40.0,0.0,0.025016964211314403,0.12929784784033896,0.7697522355196216,0.24886449847111503,0.24886449847111503,0.04922414319527202,0.006158940205017616,1.0,,,0.2557827307615481,0.2557827307615481,0.04230591090483893,0.057680192856087054,1.0,,,,,P3_N40_weekly_B1_U_EW,P3,40,weekly,1.0,unconstrained,equal,E4,evaluation,2010-01-01,2023-12-31,2024
2025-01-02,2025-12-31,250,0.25421392241374274,0.25421392241374274,0.256488708958426,,not_applicable_no_external_contributions,0.1723130306098474,-0.16579397478819902,85,1.4114742929020139,0.11935602214053086,7.86929286206827,40.0,0.0,0.02501838122144948,0.1295707889939829,0.9075030172578841,0.1771908045051671,0.17872809721523475,0.07776061174319127,0.02175837010607451,1.0,,,0.2077254840592302,0.20955041897086812,0.04693828998755789,0.06188907321736015,1.0,,,,,P3_N40_weekly_B1_U_EW,P3,40,weekly,1.0,unconstrained,equal,E5,evaluation,2010-01-01,2024-12-31,2025
2021-01-04,2021-12-31,252,0.2811678802231208,0.2811678802231208,0.2811678802231208,,not_applicable_no_external_contributions,0.14488514239836142,-0.050714348372711715,34,1.7831917244220077,0.09675927233740049,1.3054526819951464,40.0,0.0,0.025011088502347754,0.12854318273625961,0.754815789402768,0.28728769487345307,0.28728769487345307,-0.006119814650332289,0.00042709965078924217,0.0,,,0.2741976405176627,0.2741976405176627,0.00697023970545807,0.057801025603322675,1.0,,,,,P3_N40_weekly_B2_C_EW,P3,40,weekly,2.0,current_classification_constrained,equal,E1,evaluation,2010-01-01,2020-12-31,2021
2022-01-03,2022-12-30,251,-0.16599985406616158,-0.16599985406616158,-0.16660277995061656,,not_applicable_no_external_contributions,0.260926427563237,-0.2549574328958093,249,-0.5682037586777393,0.18740504498746063,1.5190449765175345,40.0,0.0,0.025016711730848552,0.12918422968253082,1.0,-0.18175361295122916,-0.18240727005194868,0.015804490101332114,-0.009993494286400062,1.0,,,-0.32577015948669175,-0.326828176140617,0.16022539619000042,0.09332221441400423,1.0,,,,,P3_N40_weekly_B2_C_EW,P3,40,weekly,2.0,current_classification_constrained,equal,E2,evaluation,2010-01-01,2021-12-31,2022
2023-01-03,2023-12-29,250,0.31371662411902435,0.31371662411902435,0.31658744455414345,,not_applicable_no_external_contributions,0.1409230022363575,-0.10299586924011217,85,2.022891964742457,0.08909257792073726,1.2147187332738958,40.0,0.0,0.025010949559415848,0.12858070315760706,0.865636381976056,0.26175777831245095,0.2641068904875523,0.052480554066591134,-0.0032526605861938895,1.0,,,0.5485557706092534,0.5539830080583357,-0.23739556350419222,0.004803520081752999,0.0,,,,,P3_N40_weekly_B2_C_EW,P3,40,weekly,2.0,current_classification_constrained,equal,E3,evaluation,2010-01-01,2022-12-31,2023
2024-01-02,2024-12-31,252,0.1781559863907698,0.1781559863907698,0.1781559863907698,,not_applicable_no_external_contributions,0.1282441966032859,-0.06673515573119482,34,1.342737005984769,0.08810683913526968,1.4796108860122308,40.0,0.0,0.025016664717843567,0.1292910408748206,0.7960724473510347,0.24886449847111503,0.24886449847111503,-0.07070851208034523,0.017321042932573194,0.0,,,0.2557827307615481,0.2557827307615481,-0.07762674437077832,0.06884229558364263,0.0,,,,,P3_N40_weekly_B2_C_EW,P3,40,weekly,2.0,current_classification_constrained,equal,E4,evaluation,2010-01-01,2023-12-31,2024
2025-01-02,2025-12-31,250,0.20780067962803028,0.20780067962803028,0.2096263306564652,,not_applicable_no_external_contributions,0.19851883413015217,-0.17713347561614579,86,1.057161283646214,0.13193812601111285,1.5934615476943432,40.0,0.0,0.025017314492681124,0.129382111494898,0.7754010220841945,0.1771908045051671,0.17872809721523475,0.030898233441230438,0.01041886927812774,1.0,,,0.2077254840592302,0.20955041897086812,7.591168559706318e-05,0.05054957238941338,1.0,,,,,P3_N40_weekly_B2_C_EW,P3,40,weekly,2.0,current_classification_constrained,equal,E5,evaluation,2010-01-01,2024-12-31,2025
2021-01-04,2021-12-31,252,0.2646483743244701,0.2646483743244701,0.2646483743244701,,not_applicable_no_external_contributions,0.14394233727256636,-0.05401892372179207,38,1.7036809441932346,0.09651102198899077,1.2665277677498337,40.0,0.0,0.025010677016964435,0.1284454184263432,0.7285041494432719,0.28728769487345307,0.28728769487345307,-0.02263932054898299,-0.00287747569829111,0.0,,,0.2741976405176627,0.2741976405176627,-0.00954926619319263,0.054496450254242323,0.0,,,,,P3_N40_weekly_B2_U_EW,P3,40,weekly,2.0,unconstrained,equal,E1,evaluation,2010-01-01,2020-12-31,2021
2022-01-03,2022-12-30,251,-0.18593839529293454,-0.18593839529293454,-0.18660532565345322,,not_applicable_no_external_contributions,0.26700768580130174,-0.273221961360787,250,-0.6401876707493588,0.1922261154658207,1.5099199941340982,40.0,0.0,0.02501726347752479,0.12914471485824777,1.0,-0.18175361295122916,-0.18240727005194868,-0.004198055601504547,-0.028258022751377787,0.0,,,-0.32577015948669175,-0.326828176140617,0.14022285048716376,0.07505768594902651,1.0,,,,,P3_N40_weekly_B2_U_EW,P3,40,weekly,2.0,unconstrained,equal,E2,evaluation,2010-01-01,2021-12-31,2022
2023-01-03,2023-12-29,250,0.34202712151989934,0.34202712151989934,0.3451892347069836,,not_applicable_no_external_contributions,0.14221069530393118,-0.09781374042988411,78,2.157133953504632,0.08886001717323232,1.210869641678333,40.0,0.0,0.025010774052229047,0.12854125749261908,0.8598518027429296,0.26175777831245095,0.2641068904875523,0.08108234421943128,0.0019294682240341698,1.0,,,0.5485557706092534,0.5539830080583357,-0.20879377335135207,0.009985648891981058,0.0,,,,,P3_N40_weekly_B2_U_EW,P3,40,weekly,2.0,unconstrained,equal,E3,evaluation,2010-01-01,2022-12-31,2023
2024-01-02,2024-12-31,252,0.19086174342145257,0.19086174342145257,0.19086174342145257,,not_applicable_no_external_contributions,0.13065190165967971,-0.06561852508612764,33,1.4025337679156276,0.08984878543503351,1.4601647897049683,40.0,0.0,0.025016343276199483,0.1292235519794058,0.7754763840855551,0.24886449847111503,0.24886449847111503,-0.05800275504966246,0.018437673577640368,0.0,,,0.2557827307615481,0.2557827307615481,-0.06492098734009555,0.0699589262287098,0.0,,,,,P3_N40_weekly_B2_U_EW,P3,40,weekly,2.0,unconstrained,equal,E4,evaluation,2010-01-01,2023-12-31,2024
2025-01-02,2025-12-31,250,0.20127617032143297,0.20127617032143297,0.2030398268353939,,not_applicable_no_external_contributions,0.19592437032738888,-0.17747926704126438,76,1.0406195260135696,0.13008590866802913,1.5828197697223674,40.0,0.0,0.025017153925793893,0.129351642594232,0.8234383982124241,0.1771908045051671,0.17872809721523475,0.02431172962015915,0.01007307785300915,1.0,,,0.2077254840592302,0.20955041897086812,-0.006510592135474225,0.050203780964294786,0.0,,,,,P3_N40_weekly_B2_U_EW,P3,40,weekly,2.0,unconstrained,equal,E5,evaluation,2010-01-01,2024-12-31,2025
2021-01-04,2021-12-31,252,0.19081985521686873,0.19081985521686873,0.19081985521686873,,not_applicable_no_external_contributions,0.1590619235653436,-0.07273233730090245,77,1.177633310960627,0.10948026652462994,5.561782536786337,20.0,0.0,0.05005296739258515,0.25871282686495556,0.8157140574244821,0.28728769487345307,0.28728769487345307,-0.09646783965658434,-0.021590889277401493,0.0,,,0.2741976405176627,0.2741976405176627,-0.08337778530079398,0.03578303667513194,0.0,,,,,P4_N20_biweekly_B1.5_C_EW,P4,20,biweekly,1.5,current_classification_constrained,equal,E1,evaluation,2010-01-01,2020-12-31,2021
2022-01-03,2022-12-30,251,-0.04070835296473596,-0.04070835296473596,-0.04086717762388126,,not_applicable_no_external_contributions,0.17824953410759442,-0.1616064064614693,250,-0.14516993462973088,0.13003552924375,3.739449695359516,20.0,0.0,0.05004936183684909,0.2579798672563083,1.0,-0.18175361295122916,-0.18240727005194868,0.14154009242806742,0.08335753214793995,1.0,,,-0.32577015948669175,-0.326828176140617,0.28596099851673573,0.18667324084834425,1.0,,,,,P4_N20_biweekly_B1.5_C_EW,P4,20,biweekly,1.5,current_classification_constrained,equal,E2,evaluation,2010-01-01,2021-12-31,2022
2023-01-03,2023-12-29,250,0.12112477265313726,0.12112477265313726,0.12215068923418348,,not_applicable_no_external_contributions,0.13827328314991014,-0.08342335070733609,107,0.9025565519868162,0.09521339679298013,5.217078115803744,20.0,0.0,0.05004228167261215,0.25740406917730446,0.9408219938801268,0.26175777831245095,0.2641068904875523,-0.14195620125336883,0.016319857946582195,0.0,,,0.5485557706092534,0.5539830080583357,-0.4318323188241522,0.024376038614529083,0.0,,,,,P4_N20_biweekly_B1.5_C_EW,P4,20,biweekly,1.5,current_classification_constrained,equal,E3,evaluation,2010-01-01,2022-12-31,2023
2024-01-02,2024-12-31,252,0.3048079624144078,0.3048079624144078,0.3048079624144078,,not_applicable_no_external_contributions,0.14596786541509948,-0.1033537408986207,45,1.8962986264269575,0.09375512775073024,5.476168422644593,20.0,0.0,0.050066958917222654,0.25924902751105805,0.7860177068466273,0.24886449847111503,0.24886449847111503,0.05594346394329275,-0.019297542234852694,1.0,,,0.2557827307615481,0.2557827307615481,0.04902523165285966,0.032223710416216744,1.0,,,,,P4_N20_biweekly_B1.5_C_EW,P4,20,biweekly,1.5,current_classification_constrained,equal,E4,evaluation,2010-01-01,2023-12-31,2024
2025-01-02,2025-12-31,250,0.22315216925925885,0.22315216925925885,0.22512480701364068,,not_applicable_no_external_contributions,0.17206067230754385,-0.1650211906853415,86,1.266303701021443,0.11820940440494576,4.608973739013213,20.0,0.0,0.05008058476226603,0.2603317361569136,0.7968269231507175,0.1771908045051671,0.17872809721523475,0.04639670979840593,0.022531154208932036,1.0,,,0.2077254840592302,0.20955041897086812,0.015574388042772558,0.06266185732021767,1.0,,,,,P4_N20_biweekly_B1.5_C_EW,P4,20,biweekly,1.5,current_classification_constrained,equal,E5,evaluation,2010-01-01,2024-12-31,2025
2021-01-04,2021-12-31,252,0.15740887176063412,0.15740887176063412,0.15740887176063412,,not_applicable_no_external_contributions,0.17889057162108438,-0.08446203942131103,89,0.9066051772940732,0.12421848381392378,5.872333462258566,20.0,0.0,0.05005398924737202,0.25876336409125145,0.7846110475600873,0.28728769487345307,0.28728769487345307,-0.12987882311281895,-0.03332059139781007,0.0,,,0.2741976405176627,0.2741976405176627,-0.1167887687570286,0.02405333455472336,0.0,,,,,P4_N20_biweekly_B1.5_U_EW,P4,20,biweekly,1.5,unconstrained,equal,E1,evaluation,2010-01-01,2020-12-31,2021
2022-01-03,2022-12-30,251,-0.02498942351230582,-0.02498942351230582,-0.025087723552762342,,not_applicable_no_external_contributions,0.18118279005396454,-0.15230151730893726,230,-0.04983817209553178,0.13216989826424086,3.3311206617859552,20.0,0.0,0.050047417877893845,0.25795165421588623,1.0,-0.18175361295122916,-0.18240727005194868,0.15731954649918634,0.09266242130047198,1.0,,,-0.32577015948669175,-0.326828176140617,0.30174045258785465,0.19597813000087627,1.0,,,,,P4_N20_biweekly_B1.5_U_EW,P4,20,biweekly,1.5,unconstrained,equal,E2,evaluation,2010-01-01,2021-12-31,2022
2023-01-03,2023-12-29,250,0.17623727552653046,0.17623727552653046,0.17776568794925574,,not_applicable_no_external_contributions,0.14925917742409658,-0.10114892665393227,100,1.1709343201120288,0.10217181182578972,4.86753893343217,20.0,0.0,0.05004558079268946,0.2577441483813329,0.8963828001204381,0.26175777831245095,0.2641068904875523,-0.08634120253829658,-0.001405718000013989,0.0,,,0.5485557706092534,0.5539830080583357,-0.37621732010907993,0.006650462667932899,0.0,,,,,P4_N20_biweekly_B1.5_U_EW,P4,20,biweekly,1.5,unconstrained,equal,E3,evaluation,2010-01-01,2022-12-31,2023
2024-01-02,2024-12-31,252,0.3199791704751347,0.3199791704751347,0.3199791704751347,,not_applicable_no_external_contributions,0.1791926435399906,-0.11428572201439668,54,1.6392277480388597,0.11561018310724605,4.452994674245122,20.0,0.0,0.05007373801617293,0.259741207177275,0.7624485184408762,0.24886449847111503,0.24886449847111503,0.07111467200401966,-0.030229523350628673,1.0,,,0.2557827307615481,0.2557827307615481,0.06419643971358657,0.021291729300440765,1.0,,,,,P4_N20_biweekly_B1.5_U_EW,P4,20,biweekly,1.5,unconstrained,equal,E4,evaluation,2010-01-01,2023-12-31,2024
2025-01-02,2025-12-31,250,0.23209400463061058,0.23209400463061058,0.2341529767314805,,not_applicable_no_external_contributions,0.18577817067141866,-0.16659456577069998,85,1.2255818797943654,0.12857935506562715,4.244365877965488,20.0,0.0,0.05007902399800609,0.2601859818025558,0.7820121199136205,0.1771908045051671,0.17872809721523475,0.05542487951624575,0.02095777912357355,1.0,,,0.2077254840592302,0.20955041897086812,0.024602557760612376,0.06108848223485919,1.0,,,,,P4_N20_biweekly_B1.5_U_EW,P4,20,biweekly,1.5,unconstrained,equal,E5,evaluation,2010-01-01,2024-12-31,2025
2021-01-04,2021-12-31,252,0.09074782200408915,0.09074782200408915,0.09074782200408915,,not_applicable_no_external_contributions,0.16287043447563623,-0.07137195338152424,93,0.6147242818668256,0.11667959481087407,9.349363376921303,20.0,0.0,0.05004903305220791,0.2583375137939064,0.8636643486817132,0.28728769487345307,0.28728769487345307,-0.19653987286936392,-0.020230505358023287,0.0,,,0.2741976405176627,0.2741976405176627,-0.18344981851357356,0.037143420594510146,0.0,,,,,P4_N20_biweekly_B1_C_EW,P4,20,biweekly,1.0,current_classification_constrained,equal,E1,evaluation,2010-01-01,2020-12-31,2021
2022-01-03,2022-12-30,251,-0.03015636182780357,-0.03015636182780357,-0.03027466942332746,,not_applicable_no_external_contributions,0.17400759723444395,-0.14529285248202595,230,-0.08991828108670752,0.12580262414341564,6.2261015209956625,20.0,0.0,0.050049380591147836,0.2580138534514628,1.0,-0.18175361295122916,-0.18240727005194868,0.15213260062862122,0.09967108612738329,1.0,,,-0.32577015948669175,-0.326828176140617,0.29655350671728953,0.2029867948277876,1.0,,,,,P4_N20_biweekly_B1_C_EW,P4,20,biweekly,1.0,current_classification_constrained,equal,E2,evaluation,2010-01-01,2021-12-31,2022
2023-01-03,2023-12-29,250,0.171245650885949,0.171245650885949,0.17272767790541566,,not_applicable_no_external_contributions,0.1436757533580501,-0.09271587347781118,82,1.1808972321762674,0.09768178780408776,7.6032966811016465,20.0,0.0,0.05004496458155654,0.2577585313183322,0.8681393460950882,0.26175777831245095,0.2641068904875523,-0.09137921258213666,0.007027335176107097,0.0,,,0.5485557706092534,0.5539830080583357,-0.38125533015292,0.015083515844053985,0.0,,,,,P4_N20_biweekly_B1_C_EW,P4,20,biweekly,1.0,current_classification_constrained,equal,E3,evaluation,2010-01-01,2022-12-31,2023
2024-01-02,2024-12-31,252,0.28251506286490913,0.28251506286490913,0.28251506286490913,,not_applicable_no_external_contributions,0.142767119410843,-0.1034192715887785,46,1.8148027879945987,0.09280662196609595,9.321190829660559,20.0,0.0,0.0500656252037194,0.25909924975028026,0.8293624341657373,0.24886449847111503,0.24886449847111503,0.0336505643937941,-0.019363072925010494,1.0,,,0.2557827307615481,0.2557827307615481,0.02673233210336101,0.032158179726058944,1.0,,,,,P4_N20_biweekly_B1_C_EW,P4,20,biweekly,1.0,current_classification_constrained,equal,E4,evaluation,2010-01-01,2023-12-31,2024
2025-01-02,2025-12-31,250,0.25365151388303264,0.25365151388303264,0.255920773969154,,not_applicable_no_external_contributions,0.1614869592429869,-0.1565617561912419,87,1.4924407222277873,0.11173211961827736,7.355713096891863,20.0,0.0,0.05008053815086204,0.26031616821675857,0.7709193921916269,0.1771908045051671,0.17872809721523475,0.07719267675391928,0.03099058870303162,1.0,,,0.2077254840592302,0.20955041897086812,0.0463703549982859,0.07112129181431726,1.0,,,,,P4_N20_biweekly_B1_C_EW,P4,20,biweekly,1.0,current_classification_constrained,equal,E5,evaluation,2010-01-01,2024-12-31,2025
2021-01-04,2021-12-31,252,0.11060038352940116,0.11060038352940116,0.11060038352940116,,not_applicable_no_external_contributions,0.17860431096429677,-0.09621266675912843,139,0.676574955637162,0.12636741700291074,10.181909827941613,20.0,0.0,0.050053506204637103,0.2587058807599607,0.9092835130789619,0.28728769487345307,0.28728769487345307,-0.1766873113440519,-0.04507121873562747,0.0,,,0.2741976405176627,0.2741976405176627,-0.16359725698826155,0.012302707216905961,0.0,,,,,P4_N20_biweekly_B1_U_EW,P4,20,biweekly,1.0,unconstrained,equal,E1,evaluation,2010-01-01,2020-12-31,2021
2022-01-03,2022-12-30,251,-0.05181534572535296,-0.05181534572535296,-0.05201631695297859,,not_applicable_no_external_contributions,0.16861989456015247,-0.17219557704088995,250,-0.23272987322423885,0.12228714473052626,6.478313172603408,20.0,0.0,0.05004861187408435,0.25785247972125036,1.0,-0.18175361295122916,-0.18240727005194868,0.13039095309897009,0.07276836156851929,1.0,,,-0.32577015948669175,-0.326828176140617,0.2748118591876384,0.1760840702689236,1.0,,,,,P4_N20_biweekly_B1_U_EW,P4,20,biweekly,1.0,unconstrained,equal,E2,evaluation,2010-01-01,2021-12-31,2022
2023-01-03,2023-12-29,250,0.19068509728594418,0.19068509728594418,0.19234872966206717,,not_applicable_no_external_contributions,0.1573739794921598,-0.10319181132747457,90,1.196712858173855,0.1084447216304999,8.703937426190018,20.0,0.0,0.05004638370483123,0.25788085429870294,0.8769690531167179,0.26175777831245095,0.2641068904875523,-0.07175816082548514,-0.003448602673556289,0.0,,,0.5485557706092534,0.5539830080583357,-0.3616342783962685,0.004607577994390599,0.0,,,,,P4_N20_biweekly_B1_U_EW,P4,20,biweekly,1.0,unconstrained,equal,E3,evaluation,2010-01-01,2022-12-31,2023
2024-01-02,2024-12-31,252,0.27814103441098514,0.27814103441098514,0.27814103441098514,,not_applicable_no_external_contributions,0.1688415483609685,-0.1138129876595051,63,1.5382798755688942,0.11150716477618029,9.37634496184549,20.0,0.0,0.050070079131199825,0.25946174386989657,0.8299829497912475,0.24886449847111503,0.24886449847111503,0.02927653593987012,-0.029756788995737082,1.0,,,0.2557827307615481,0.2557827307615481,0.022358303649437028,0.021764463655332356,1.0,,,,,P4_N20_biweekly_B1_U_EW,P4,20,biweekly,1.0,unconstrained,equal,E4,evaluation,2010-01-01,2023-12-31,2024
2025-01-02,2025-12-31,250,0.2362042765703205,0.2362042765703205,0.2383031098559003,,not_applicable_no_external_contributions,0.1756910380651163,-0.1565617561912419,87,1.3049720490134809,0.12352398128305933,8.145278476459453,20.0,0.0,0.05007799306305022,0.26013437785671945,0.8163220099231916,0.1771908045051671,0.17872809721523475,0.05957501264066556,0.03099058870303162,1.0,,,0.2077254840592302,0.20955041897086812,0.028752690885032184,0.07112129181431726,1.0,,,,,P4_N20_biweekly_B1_U_EW,P4,20,biweekly,1.0,unconstrained,equal,E5,evaluation,2010-01-01,2024-12-31,2025
2021-01-04,2021-12-31,252,0.1431639555090336,0.1431639555090336,0.1431639555090336,,not_applicable_no_external_contributions,0.15862099245223815,-0.07725866785469493,74,0.92286390052392,0.11103249064103823,4.892110541045273,20.0,0.0,0.050051732200851975,0.2586574086467334,0.8631224003206888,0.28728769487345307,0.28728769487345307,-0.14412373936441947,-0.026117219831193972,0.0,,,0.2741976405176627,0.2741976405176627,-0.1310336850086291,0.03125670612133946,0.0,,,,,P4_N20_biweekly_B2_C_EW,P4,20,biweekly,2.0,current_classification_constrained,equal,E1,evaluation,2010-01-01,2020-12-31,2021
2022-01-03,2022-12-30,251,-0.04424210408011364,-0.04424210408011364,-0.04441439397243985,,not_applicable_no_external_contributions,0.18007873804652916,-0.16623153201817842,250,-0.16245217589523714,0.1314851719619441,2.7678404516272908,20.0,0.0,0.05005542301734187,0.2584637630182562,1.0,-0.18175361295122916,-0.18240727005194868,0.13799287607950883,0.07873240659123082,1.0,,,-0.32577015948669175,-0.326828176140617,0.28241378216817714,0.18204811529163512,1.0,,,,,P4_N20_biweekly_B2_C_EW,P4,20,biweekly,2.0,current_classification_constrained,equal,E2,evaluation,2010-01-01,2021-12-31,2022
2023-01-03,2023-12-29,250,0.128575654197288,0.128575654197288,0.12966824991411596,,not_applicable_no_external_contributions,0.12804098677174838,-0.09301389809664917,107,1.0162303230561271,0.08677516197960844,3.9184792047399757,20.0,0.0,0.050041401599227125,0.25727512281037745,0.9374150636893016,0.26175777831245095,0.2641068904875523,-0.13443864057343635,0.006729310557269108,0.0,,,0.5485557706092534,0.5539830080583357,-0.4243147581442197,0.014785491225215996,0.0,,,,,P4_N20_biweekly_B2_C_EW,P4,20,biweekly,2.0,current_classification_constrained,equal,E3,evaluation,2010-01-01,2022-12-31,2023
2024-01-02,2024-12-31,252,0.28642706190658607,0.28642706190658607,0.28642706190658607,,not_applicable_no_external_contributions,0.14363365064581543,-0.09355988136091442,44,1.825873370215404,0.09253075373273303,3.351692150368422,20.0,0.0,0.05005668179894721,0.25893088082268234,0.7872645204134963,0.24886449847111503,0.24886449847111503,0.03756256343547104,-0.00950368269714641,1.0,,,0.2557827307615481,0.2557827307615481,0.03064433114503795,0.04201756995392303,1.0,,,,,P4_N20_biweekly_B2_C_EW,P4,20,biweekly,2.0,current_classification_constrained,equal,E4,evaluation,2010-01-01,2023-12-31,2024
2025-01-02,2025-12-31,250,0.2877913590781902,0.2877913590781902,0.29039975153168074,,not_applicable_no_external_contributions,0.16519561377742595,-0.12812672344365772,60,1.626369283855308,0.10978845414789916,2.9531401852018186,20.0,0.0,0.05007175456392585,0.2596764606365495,0.8305439627023987,0.1771908045051671,0.17872809721523475,0.11167165431644599,0.059425621450615806,1.0,,,0.2077254840592302,0.20955041897086812,0.08084933256081261,0.09955632456190144,1.0,,,,,P4_N20_biweekly_B2_C_EW,P4,20,biweekly,2.0,current_classification_constrained,equal,E5,evaluation,2010-01-01,2024-12-31,2025
2021-01-04,2021-12-31,252,0.15226083134816304,0.15226083134816304,0.15226083134816304,,not_applicable_no_external_contributions,0.1755016296918871,-0.10515830540129922,135,0.895294542092088,0.12248921506933591,4.711045536995076,20.0,0.0,0.050051696534491985,0.2585844115527494,0.8173122984988261,0.28728769487345307,0.28728769487345307,-0.13502686352529003,-0.054016857377798266,0.0,,,0.2741976405176627,0.2741976405176627,-0.12193680916949967,0.003357068574735167,0.0,,,,,P4_N20_biweekly_B2_U_EW,P4,20,biweekly,2.0,unconstrained,equal,E1,evaluation,2010-01-01,2020-12-31,2021
2022-01-03,2022-12-30,251,-0.05511935308795157,-0.05511935308795157,-0.055332761557511434,,not_applicable_no_external_contributions,0.18200012043374397,-0.17553295902611132,250,-0.22200069385082605,0.13185240757258215,2.9543990399219378,20.0,0.0,0.05005507367026149,0.25854074165907803,1.0,-0.18175361295122916,-0.18240727005194868,0.12707450849443724,0.06943097958329791,1.0,,,-0.32577015948669175,-0.326828176140617,0.27149541458310555,0.1727466882837022,1.0,,,,,P4_N20_biweekly_B2_U_EW,P4,20,biweekly,2.0,unconstrained,equal,E2,evaluation,2010-01-01,2021-12-31,2022
2023-01-03,2023-12-29,250,0.1343310349709037,0.1343310349709037,0.13547540846055584,,not_applicable_no_external_contributions,0.14199730890704776,-0.10279558087642793,106,0.9657251103564847,0.09791441457978695,3.5788806042988384,20.0,0.0,0.05004691584416196,0.2577855548764672,0.9331575675042586,0.26175777831245095,0.2641068904875523,-0.12863148202699648,-0.0030523722225096472,0.0,,,0.5485557706092534,0.5539830080583357,-0.41850759959777983,0.005003808445437241,0.0,,,,,P4_N20_biweekly_B2_U_EW,P4,20,biweekly,2.0,unconstrained,equal,E3,evaluation,2010-01-01,2022-12-31,2023
2024-01-02,2024-12-31,252,0.19238228858978945,0.19238228858978945,0.19238228858978945,,not_applicable_no_external_contributions,0.1728940322183249,-0.12813314005722543,121,1.1041204302102428,0.11604842296812456,3.935299073098897,20.0,0.0,0.050064061813224536,0.25938537949608187,0.8154541750393315,0.24886449847111503,0.24886449847111503,-0.056482209881325574,-0.044076941393457414,0.0,,,0.2557827307615481,0.2557827307615481,-0.06340044217175866,0.007444311257612024,0.0,,,,,P4_N20_biweekly_B2_U_EW,P4,20,biweekly,2.0,unconstrained,equal,E4,evaluation,2010-01-01,2023-12-31,2024
2025-01-02,2025-12-31,250,0.2725820619248247,0.2725820619248247,0.27503845603876864,,not_applicable_no_external_contributions,0.17236212247346552,-0.1372089349372112,60,1.4962169891031298,0.11574821222303754,2.967717928375002,20.0,0.0,0.05007327241330917,0.25972956569527816,0.779536340500336,0.1771908045051671,0.17872809721523475,0.09631035882353389,0.050343409957062324,1.0,,,0.2077254840592302,0.20955041897086812,0.06548803706790052,0.09047411306834796,1.0,,,,,P4_N20_biweekly_B2_U_EW,P4,20,biweekly,2.0,unconstrained,equal,E5,evaluation,2010-01-01,2024-12-31,2025
2021-01-04,2021-12-31,252,0.13800327224170217,0.13800327224170217,0.13800327224170217,,not_applicable_no_external_contributions,0.16097986397553787,-0.07749479001490445,97,0.8835343361712091,0.11238333326978235,11.651232961508514,20.0,0.0,0.05,0.25,0.8609702123744716,0.28728769487345307,0.28728769487345307,-0.1492844226317509,-0.02635334199140349,0.0,,,0.2741976405176627,0.2741976405176627,-0.13619436827596054,0.031020583961129944,0.0,,,,,P4_N20_daily_B1.5_C_EW,P4,20,daily,1.5,current_classification_constrained,equal,E1,evaluation,2010-01-01,2020-12-31,2021
2022-01-03,2022-12-30,251,-0.02169888344292703,-0.02169888344292703,-0.021784384651283628,,not_applicable_no_external_contributions,0.17552561586329365,-0.14420739471407984,228,-0.03795573333054684,0.12709279761760187,5.755906799212392,20.0,0.0,0.05,0.25,1.0,-0.18175361295122916,-0.18240727005194868,0.16062288540066505,0.1007565438953294,1.0,,,-0.32577015948669175,-0.326828176140617,0.30504379148933336,0.2040722525957337,1.0,,,,,P4_N20_daily_B1.5_C_EW,P4,20,daily,1.5,current_classification_constrained,equal,E2,evaluation,2010-01-01,2021-12-31,2022
2023-01-03,2023-12-29,250,0.14931506984943987,0.14931506984943987,0.15059534864658164,,not_applicable_no_external_contributions,0.14172123574215065,-0.10830078474026172,103,1.060716925398807,0.09731521527846093,12.706477044824675,20.0,0.0,0.05000000000000001,0.25,0.8907974244478122,0.26175777831245095,0.2641068904875523,-0.11351154184097068,-0.008557576086343444,0.0,,,0.5485557706092534,0.5539830080583357,-0.40338765941175403,-0.0005013954183965552,0.0,,,,,P4_N20_daily_B1.5_C_EW,P4,20,daily,1.5,current_classification_constrained,equal,E3,evaluation,2010-01-01,2022-12-31,2023
2024-01-02,2024-12-31,252,0.34058106023015133,0.34058106023015133,0.34058106023015133,,not_applicable_no_external_contributions,0.14336313731477326,-0.0843079419230015,31,2.1169735295780034,0.08986873134129159,10.77239971127132,20.0,0.0,0.05,0.25,0.7811909703144694,0.24886449847111503,0.24886449847111503,0.09171656175903631,-0.0002517432592334945,1.0,,,0.2557827307615481,0.2557827307615481,0.08479832946860322,0.05126950939183594,1.0,,,,,P4_N20_daily_B1.5_C_EW,P4,20,daily,1.5,current_classification_constrained,equal,E4,evaluation,2010-01-01,2023-12-31,2024
2025-01-02,2025-12-31,250,0.24945775499981004,0.24945775499981004,0.25168586980755125,,not_applicable_no_external_contributions,0.16769108281410947,-0.15045494455558284,86,1.4228688409044201,0.11340147019454411,8.178718657273553,20.0,0.0,0.05000000000000001,0.25,0.7579367648584115,0.1771908045051671,0.17872809721523475,0.0729577725923165,0.03709740033869069,1.0,,,0.2077254840592302,0.20955041897086812,0.04213545083668313,0.07722810344997633,1.0,,,,,P4_N20_daily_B1.5_C_EW,P4,20,daily,1.5,current_classification_constrained,equal,E5,evaluation,2010-01-01,2024-12-31,2025
2021-01-04,2021-12-31,252,0.17493277198913493,0.17493277198913493,0.17493277198913493,,not_applicable_no_external_contributions,0.18188750929436695,-0.08828551217222724,93,0.9773034537207038,0.1261331090057628,8.966516602702502,20.0,0.0,0.05,0.25,0.827180635932365,0.28728769487345307,0.28728769487345307,-0.11235492288431814,-0.037144064148726286,0.0,,,0.2741976405176627,0.2741976405176627,-0.09926486852852778,0.020229861803807148,0.0,,,,,P4_N20_daily_B1.5_U_EW,P4,20,daily,1.5,unconstrained,equal,E1,evaluation,2010-01-01,2020-12-31,2021
2022-01-03,2022-12-30,251,-0.028708515393235712,-0.028708515393235712,-0.028821227677149452,,not_applicable_no_external_contributions,0.1759007661579453,-0.15483005353661017,230,-0.07851687914433925,0.12809889359833831,5.252013875674727,20.0,0.0,0.05,0.25,1.0,-0.18175361295122916,-0.18240727005194868,0.15358604237479923,0.09013388507279907,1.0,,,-0.32577015948669175,-0.326828176140617,0.29800694846346754,0.19344959377320337,1.0,,,,,P4_N20_daily_B1.5_U_EW,P4,20,daily,1.5,unconstrained,equal,E2,evaluation,2010-01-01,2021-12-31,2022
2023-01-03,2023-12-29,250,0.181818380225665,0.181818380225665,0.18339885838205183,,not_applicable_no_external_contributions,0.1543203296005516,-0.10855916227195328,90,1.1684502600540638,0.10627362854215117,8.08974618748603,20.0,0.0,0.05000000000000001,0.25,0.8517793650067,0.26175777831245095,0.2641068904875523,-0.08070803210550048,-0.008815953618035,0.0,,,0.5485557706092534,0.5539830080583357,-0.37058414967628384,-0.0007597729500881112,0.0,,,,,P4_N20_daily_B1.5_U_EW,P4,20,daily,1.5,unconstrained,equal,E3,evaluation,2010-01-01,2022-12-31,2023
2024-01-02,2024-12-31,252,0.26626593051921166,0.26626593051921166,0.26626593051921166,,not_applicable_no_external_contributions,0.16663465467736724,-0.10556097671802844,61,1.500289226275951,0.1088641363563082,7.573548565364693,20.0,0.0,0.05,0.25,0.8073279843339707,0.24886449847111503,0.24886449847111503,0.017401432048096632,-0.02150477805426043,1.0,,,0.2557827307615481,0.2557827307615481,0.010483199757663542,0.030016474596809006,1.0,,,,,P4_N20_daily_B1.5_U_EW,P4,20,daily,1.5,unconstrained,equal,E4,evaluation,2010-01-01,2023-12-31,2024
2025-01-02,2025-12-31,250,0.22376443049260342,0.22376443049260342,0.22574296289758267,,not_applicable_no_external_contributions,0.18085047776948912,-0.15045494455558306,86,1.2161428749654266,0.12447546849946876,6.835988102448521,20.0,0.0,0.05000000000000001,0.25,0.7379905044617625,0.1771908045051671,0.17872809721523475,0.04701486568234792,0.03709740033869047,1.0,,,0.2077254840592302,0.20955041897086812,0.016192543926714542,0.0772281034499761,1.0,,,,,P4_N20_daily_B1.5_U_EW,P4,20,daily,1.5,unconstrained,equal,E5,evaluation,2010-01-01,2024-12-31,2025
2021-01-04,2021-12-31,252,0.1489269287643198,0.1489269287643198,0.1489269287643198,,not_applicable_no_external_contributions,0.16190342961443022,-0.07840275421882581,83,0.9385247294384387,0.11442548786315118,29.645004563864177,20.0,0.0,0.05,0.25,0.9062519526236704,0.28728769487345307,0.28728769487345307,-0.13836076610913328,-0.027261306195324853,0.0,,,0.2741976405176627,0.2741976405176627,-0.12527071175334292,0.03011261975720858,0.0,,,,,P4_N20_daily_B1_C_EW,P4,20,daily,1.0,current_classification_constrained,equal,E1,evaluation,2010-01-01,2020-12-31,2021
2022-01-03,2022-12-30,251,-0.0512141432538179,-0.0512141432538179,-0.0514128464251693,,not_applicable_no_external_contributions,0.17399464127153536,-0.16443444511390304,250,-0.2165985579099786,0.12587475283652247,22.439305899120914,20.0,0.0,0.05,0.25,1.0,-0.18175361295122916,-0.18240727005194868,0.13099442362677938,0.0805294934955062,1.0,,,-0.32577015948669175,-0.326828176140617,0.2754153297154477,0.1838452021959105,1.0,,,,,P4_N20_daily_B1_C_EW,P4,20,daily,1.0,current_classification_constrained,equal,E2,evaluation,2010-01-01,2021-12-31,2022
2023-01-03,2023-12-29,250,0.1585809143056005,0.1585809143056005,0.1599460248458684,,not_applicable_no_external_contributions,0.14169257600571145,-0.10490437056482516,90,1.1180543679254664,0.09677156094625468,27.782194866457935,20.0,0.0,0.05000000000000001,0.25,0.8820348085588826,0.26175777831245095,0.2641068904875523,-0.10416086564168392,-0.005161161910906875,0.0,,,0.5485557706092534,0.5539830080583357,-0.3940369832124673,0.002895018757040013,0.0,,,,,P4_N20_daily_B1_C_EW,P4,20,daily,1.0,current_classification_constrained,equal,E3,evaluation,2010-01-01,2022-12-31,2023
2024-01-02,2024-12-31,252,0.2295351329589217,0.2295351329589217,0.2295351329589217,,not_applicable_no_external_contributions,0.14082239622832846,-0.10075948195383011,57,1.538120161341185,0.094283050582946,27.191361539708172,20.0,0.0,0.05,0.25,0.8403795426439703,0.24886449847111503,0.24886449847111503,-0.01932936551219333,-0.0167032832900621,0.0,,,0.2557827307615481,0.2557827307615481,-0.02624759780262642,0.03481796936100734,0.0,,,,,P4_N20_daily_B1_C_EW,P4,20,daily,1.0,current_classification_constrained,equal,E4,evaluation,2010-01-01,2023-12-31,2024
2025-01-02,2025-12-31,250,0.30514855797293094,0.30514855797293094,0.30793218687913937,,not_applicable_no_external_contributions,0.16136194580903537,-0.13470693607226214,61,1.745045347312682,0.10862425451050127,26.249040593702222,20.0,0.0,0.05000000000000001,0.25,0.7556943563682965,0.1771908045051671,0.17872809721523475,0.12920408966390462,0.052845408822011386,1.0,,,0.2077254840592302,0.20955041897086812,0.09838176790827124,0.09297611193329702,1.0,,,,,P4_N20_daily_B1_C_EW,P4,20,daily,1.0,current_classification_constrained,equal,E5,evaluation,2010-01-01,2024-12-31,2025
2021-01-04,2021-12-31,252,0.18434917570411335,0.18434917570411335,0.18434917570411335,,not_applicable_no_external_contributions,0.17870346009603472,-0.0812029755301279,93,1.0362526015991327,0.12471799994958895,36.08162920214227,20.0,0.0,0.05,0.25,0.8775019159739911,0.28728769487345307,0.28728769487345307,-0.10293851916933972,-0.03006152750662694,0.0,,,0.2741976405176627,0.2741976405176627,-0.08984846481354936,0.027312398445906494,0.0,,,,,P4_N20_daily_B1_U_EW,P4,20,daily,1.0,unconstrained,equal,E1,evaluation,2010-01-01,2020-12-31,2021
2022-01-03,2022-12-30,251,-0.06450270934251001,-0.06450270934251001,-0.06475118701631233,,not_applicable_no_external_contributions,0.16923273672976344,-0.1726404672935511,250,-0.3111873141144522,0.1230111873396169,21.75900702327652,20.0,0.0,0.05,0.25,1.0,-0.18175361295122916,-0.18240727005194868,0.11765608303563635,0.07232347131585815,1.0,,,-0.32577015948669175,-0.326828176140617,0.26207698912430466,0.17563918001626244,1.0,,,,,P4_N20_daily_B1_U_EW,P4,20,daily,1.0,unconstrained,equal,E2,evaluation,2010-01-01,2021-12-31,2022
2023-01-03,2023-12-29,250,0.20171899318616826,0.20171899318616826,0.20348684827461394,,not_applicable_no_external_contributions,0.1552837164081706,-0.10438142155727215,96,1.2706238649874237,0.10606293434494259,32.0847348613809,20.0,0.0,0.05000000000000001,0.25,0.8783603604148599,0.26175777831245095,0.2641068904875523,-0.060620042212938374,-0.004638212903353867,0.0,,,0.5485557706092534,0.5539830080583357,-0.35049615978372173,0.0034179677645930218,0.0,,,,,P4_N20_daily_B1_U_EW,P4,20,daily,1.0,unconstrained,equal,E3,evaluation,2010-01-01,2022-12-31,2023
2024-01-02,2024-12-31,252,0.28021250485667926,0.28021250485667926,0.28021250485667926,,not_applicable_no_external_contributions,0.16387557533204158,-0.10756025296119953,64,1.589780933077134,0.10942722405976603,31.95430206377531,20.0,0.0,0.05,0.25,0.839292868768203,0.24886449847111503,0.24886449847111503,0.03134800638556423,-0.02350405429743152,1.0,,,0.2557827307615481,0.2557827307615481,0.02442977409513114,0.028017198353637918,1.0,,,,,P4_N20_daily_B1_U_EW,P4,20,daily,1.0,unconstrained,equal,E4,evaluation,2010-01-01,2023-12-31,2024
2025-01-02,2025-12-31,250,0.28499701998575144,0.28499701998575144,0.28757737709105236,,not_applicable_no_external_contributions,0.17498316651054763,-0.13470693607226236,61,1.5325720653186077,0.11933781595833788,27.578598944170757,20.0,0.0,0.05000000000000001,0.25,0.7323662208298697,0.1771908045051671,0.17872809721523475,0.1088492798758176,0.052845408822011164,1.0,,,0.2077254840592302,0.20955041897086812,0.07802695812018423,0.0929761119332968,1.0,,,,,P4_N20_daily_B1_U_EW,P4,20,daily,1.0,unconstrained,equal,E5,evaluation,2010-01-01,2024-12-31,2025
2021-01-04,2021-12-31,252,0.14776912417885146,0.14776912417885146,0.14776912417885146,,not_applicable_no_external_contributions,0.15947476717423253,-0.07668051659081332,67,0.9439427601011621,0.11029337649693033,7.318885224282171,20.0,0.0,0.05,0.25,0.8225770235914295,0.28728769487345307,0.28728769487345307,-0.1395185706946016,-0.025539068567312362,0.0,,,0.2741976405176627,0.2741976405176627,-0.12642851633881125,0.03183485738522107,0.0,,,,,P4_N20_daily_B2_C_EW,P4,20,daily,2.0,current_classification_constrained,equal,E1,evaluation,2010-01-01,2020-12-31,2021
2022-01-03,2022-12-30,251,-0.04692707513596961,-0.04692707513596961,-0.047109561092281704,,not_applicable_no_external_contributions,0.1820653972952169,-0.16348343883317773,250,-0.17420805172028145,0.13278365736422024,4.809744597384397,20.0,0.0,0.05,0.25,1.0,-0.18175361295122916,-0.18240727005194868,0.13529770895966697,0.08148049977623151,1.0,,,-0.32577015948669175,-0.326828176140617,0.2797186150483353,0.1847962084766358,1.0,,,,,P4_N20_daily_B2_C_EW,P4,20,daily,2.0,current_classification_constrained,equal,E2,evaluation,2010-01-01,2021-12-31,2022
2023-01-03,2023-12-29,250,0.11974653437253013,0.11974653437253013,0.12076016060279837,,not_applicable_no_external_contributions,0.13288746880674152,-0.10342198220434251,102,0.9243228152686276,0.09119666995209501,6.740074134364794,20.0,0.0,0.05000000000000001,0.25,0.8815083327135117,0.26175777831245095,0.2641068904875523,-0.14334672988475394,-0.0036787735504242303,0.0,,,0.5485557706092534,0.5539830080583357,-0.4332228474555373,0.004377407117522658,0.0,,,,,P4_N20_daily_B2_C_EW,P4,20,daily,2.0,current_classification_constrained,equal,E3,evaluation,2010-01-01,2022-12-31,2023
2024-01-02,2024-12-31,252,0.22689794629868598,0.22689794629868598,0.22689794629868598,,not_applicable_no_external_contributions,0.1387886365563485,-0.09801803194120984,65,1.5431145088679636,0.09320088301473874,5.775652745598847,20.0,0.0,0.05,0.25,0.7810696584499808,0.24886449847111503,0.24886449847111503,-0.021966552172429044,-0.013961833277441826,0.0,,,0.2557827307615481,0.2557827307615481,-0.028884784462862134,0.03755941937362761,0.0,,,,,P4_N20_daily_B2_C_EW,P4,20,daily,2.0,current_classification_constrained,equal,E4,evaluation,2010-01-01,2023-12-31,2024
2025-01-02,2025-12-31,250,0.29709877983202304,0.29709877983202304,0.2998009055685358,,not_applicable_no_external_contributions,0.16456689996068363,-0.14602243877638488,60,1.6761606551608266,0.11021287841844267,5.1304968388817285,20.0,0.0,0.05000000000000001,0.25,0.7593600213312935,0.1771908045051671,0.17872809721523475,0.12107280835330103,0.04152990611788865,1.0,,,0.2077254840592302,0.20955041897086812,0.09025048659766766,0.08166060922917429,1.0,,,,,P4_N20_daily_B2_C_EW,P4,20,daily,2.0,current_classification_constrained,equal,E5,evaluation,2010-01-01,2024-12-31,2025
2021-01-04,2021-12-31,252,0.16417775926885603,0.16417775926885603,0.16417775926885603,,not_applicable_no_external_contributions,0.17767976041228567,-0.087632043330925,69,0.9443956853781784,0.12306896482201289,7.467163781965423,20.0,0.0,0.05,0.25,0.7375649243256972,0.28728769487345307,0.28728769487345307,-0.12310993560459704,-0.036490595307424045,0.0,,,0.2741976405176627,0.2741976405176627,-0.11001988124880668,0.020883330645109388,0.0,,,,,P4_N20_daily_B2_U_EW,P4,20,daily,2.0,unconstrained,equal,E1,evaluation,2010-01-01,2020-12-31,2021
2022-01-03,2022-12-30,251,-0.028862224686370008,-0.028862224686370008,-0.028975531401196908,,not_applicable_no_external_contributions,0.1846374658898343,-0.16476918521183137,230,-0.0671515852905277,0.13423179499103324,4.762823297400111,20.0,0.0,0.05,0.25,1.0,-0.18175361295122916,-0.18240727005194868,0.15343173865075177,0.08019475339757787,1.0,,,-0.32577015948669175,-0.326828176140617,0.2978526447394201,0.18351046209798216,1.0,,,,,P4_N20_daily_B2_U_EW,P4,20,daily,2.0,unconstrained,equal,E2,evaluation,2010-01-01,2021-12-31,2022
2023-01-03,2023-12-29,250,0.144763124891655,0.144763124891655,0.1460019497944216,,not_applicable_no_external_contributions,0.14752004942927674,-0.11398729919083872,100,0.9975312615814678,0.10111450686939952,6.612243575827622,20.0,0.0,0.05000000000000001,0.25,0.9298803111059871,0.26175777831245095,0.2641068904875523,-0.11810494069313071,-0.01424409053692044,0.0,,,0.5485557706092534,0.5539830080583357,-0.40798105826391406,-0.006187909868973551,0.0,,,,,P4_N20_daily_B2_U_EW,P4,20,daily,2.0,unconstrained,equal,E3,evaluation,2010-01-01,2022-12-31,2023
2024-01-02,2024-12-31,252,0.22750627601275486,0.22750627601275486,0.22750627601275486,,not_applicable_no_external_contributions,0.1711972884226424,-0.12892921956325276,92,1.2830797435753385,0.11419410773306564,5.801927301186263,20.0,0.0,0.05,0.25,0.8433873357962145,0.24886449847111503,0.24886449847111503,-0.021358222458360165,-0.04487302089948475,0.0,,,0.2557827307615481,0.2557827307615481,-0.028276454748793256,0.006648231751584688,0.0,,,,,P4_N20_daily_B2_U_EW,P4,20,daily,2.0,unconstrained,equal,E4,evaluation,2010-01-01,2023-12-31,2024
2025-01-02,2025-12-31,250,0.2851868996703224,0.2851868996703224,0.2877691602674608,,not_applicable_no_external_contributions,0.17235060062559485,-0.13679582319894734,61,1.5540122727769607,0.11588410048808882,5.062280585776858,20.0,0.0,0.05000000000000001,0.25,0.8145378911035052,0.1771908045051671,0.17872809721523475,0.10904106305222605,0.050756521695326184,1.0,,,0.2077254840592302,0.20955041897086812,0.07821874129659268,0.09088722480661182,1.0,,,,,P4_N20_daily_B2_U_EW,P4,20,daily,2.0,unconstrained,equal,E5,evaluation,2010-01-01,2024-12-31,2025
2021-01-04,2021-12-31,252,0.1292855924677383,0.1292855924677383,0.1292855924677383,,not_applicable_no_external_contributions,0.1594883931555727,-0.07716829216771637,92,0.8420377285226542,0.1103764313916029,4.9892143049298046,20.0,0.0,0.050107227693586304,0.26311119335499406,0.8849573718127383,0.28728769487345307,0.28728769487345307,-0.15800210240571477,-0.02602684414421541,0.0,,,0.2741976405176627,0.2741976405176627,-0.1449120480499244,0.03134708180831802,0.0,,,,,P4_N20_monthly_B1.5_C_EW,P4,20,monthly,1.5,current_classification_constrained,equal,E1,evaluation,2010-01-01,2020-12-31,2021
2022-01-03,2022-12-30,251,-0.051888496750748914,-0.051888496750748914,-0.05208974383903753,,not_applicable_no_external_contributions,0.17983334550000396,-0.171633532263876,250,-0.20774580041177756,0.13177957551199837,3.0638320847391345,20.0,0.0,0.050102026979558144,0.26198649867241425,1.0,-0.18175361295122916,-0.18240727005194868,0.13031752621291115,0.07333040634553323,1.0,,,-0.32577015948669175,-0.326828176140617,0.27473843230157946,0.17664611504593752,1.0,,,,,P4_N20_monthly_B1.5_C_EW,P4,20,monthly,1.5,current_classification_constrained,equal,E2,evaluation,2010-01-01,2021-12-31,2022
2023-01-03,2023-12-29,250,0.12607286193656897,0.12607286193656897,0.1271430153472024,,not_applicable_no_external_contributions,0.13026838138451807,-0.09499204892994872,100,0.9838955395197075,0.08955213910554503,4.408435391293233,20.0,0.0,0.05009397368441652,0.2622487597668293,0.8872199234579118,0.26175777831245095,0.2641068904875523,-0.1369638751403499,0.004751159723969556,0.0,,,0.5485557706092534,0.5539830080583357,-0.42683999271113326,0.012807340391916444,0.0,,,,,P4_N20_monthly_B1.5_C_EW,P4,20,monthly,1.5,current_classification_constrained,equal,E3,evaluation,2010-01-01,2022-12-31,2023
2024-01-02,2024-12-31,252,0.2582938861593911,0.2582938861593911,0.2582938861593911,,not_applicable_no_external_contributions,0.14964359666037447,-0.11370330527070727,70,1.6106038289118643,0.09992461831019123,4.365360297832465,20.0,0.0,0.050186526417042326,0.26679438003097267,0.8042605672700379,0.24886449847111503,0.24886449847111503,0.009429387688276059,-0.029647106606939255,1.0,,,0.2557827307615481,0.2557827307615481,0.002511155397842968,0.021874146044130183,1.0,,,,,P4_N20_monthly_B1.5_C_EW,P4,20,monthly,1.5,current_classification_constrained,equal,E4,evaluation,2010-01-01,2023-12-31,2024
2025-01-02,2025-12-31,250,0.21114697122556447,0.21114697122556447,0.21300452854170882,,not_applicable_no_external_contributions,0.16354383477603293,-0.13524153525822702,61,1.2626846112004197,0.11148222214043672,3.3345414598318817,20.0,0.0,0.050154109453442404,0.26539517677969576,0.8534584599629336,0.1771908045051671,0.17872809721523475,0.034276431326474066,0.05231080963604651,1.0,,,0.2077254840592302,0.20955041897086812,0.003454109570840691,0.09244151274733214,1.0,,,,,P4_N20_monthly_B1.5_C_EW,P4,20,monthly,1.5,current_classification_constrained,equal,E5,evaluation,2010-01-01,2024-12-31,2025
2021-01-04,2021-12-31,252,0.15154814132412509,0.15154814132412509,0.15154814132412509,,not_applicable_no_external_contributions,0.18123070715319486,-0.08375840462023731,92,0.8691345860426837,0.12448730143415165,4.800909523906421,20.0,0.0,0.05012355790706559,0.2641528582643965,0.8437808588618572,0.28728769487345307,0.28728769487345307,-0.13573955354932798,-0.03261695659673636,0.0,,,0.2741976405176627,0.2741976405176627,-0.12264949919353763,0.024756969355797076,0.0,,,,,P4_N20_monthly_B1.5_U_EW,P4,20,monthly,1.5,unconstrained,equal,E1,evaluation,2010-01-01,2020-12-31,2021
2022-01-03,2022-12-30,251,-0.06058400620458271,-0.06058400620458271,-0.060817883734520795,,not_applicable_no_external_contributions,0.1850332819378541,-0.18618419107966488,250,-0.246710175934273,0.1371586606315197,2.9612362576901834,20.0,0.0,0.05010168072513921,0.2618867476131232,1.0,-0.18175361295122916,-0.18240727005194868,0.12158938631742788,0.05877974752974435,1.0,,,-0.32577015948669175,-0.326828176140617,0.2660102924060962,0.16209545623014865,1.0,,,,,P4_N20_monthly_B1.5_U_EW,P4,20,monthly,1.5,unconstrained,equal,E2,evaluation,2010-01-01,2021-12-31,2022
2023-01-03,2023-12-29,250,0.1797373444633743,0.1797373444633743,0.18129838384663932,,not_applicable_no_external_contributions,0.14825213576073804,-0.10149629456524412,100,1.1980940187870501,0.10131852568925433,3.8502913750841006,20.0,0.0,0.05012246911053941,0.2635176900151996,0.9158769728838455,0.26175777831245095,0.2641068904875523,-0.082808506640913,-0.0017530859113258357,0.0,,,0.5485557706092534,0.5539830080583357,-0.37268462421169635,0.006303094756621053,0.0,,,,,P4_N20_monthly_B1.5_U_EW,P4,20,monthly,1.5,unconstrained,equal,E3,evaluation,2010-01-01,2022-12-31,2023
2024-01-02,2024-12-31,252,0.2510825630808695,0.2510825630808695,0.2510825630808695,,not_applicable_no_external_contributions,0.17029016750710518,-0.121928278156475,85,1.4007995312356352,0.11268966934603779,3.8822522921633524,20.0,0.0,0.05018101011941705,0.26647347626768625,0.843329332613242,0.24886449847111503,0.24886449847111503,0.0022180646097544887,-0.03787207949270699,1.0,,,0.2557827307615481,0.2557827307615481,-0.004700167680678602,0.013649173158362449,0.0,,,,,P4_N20_monthly_B1.5_U_EW,P4,20,monthly,1.5,unconstrained,equal,E4,evaluation,2010-01-01,2023-12-31,2024
2025-01-02,2025-12-31,250,0.2148895496278298,0.2148895496278298,0.2167828802035614,,not_applicable_no_external_contributions,0.17326385170272446,-0.13524153525822702,61,1.2192520000840428,0.11865284211840971,3.2396401629654656,20.0,0.0,0.05015263674966043,0.26523788576272034,0.8281622848783498,0.1771908045051671,0.17872809721523475,0.03805478298832665,0.05231080963604651,1.0,,,0.2077254840592302,0.20955041897086812,0.007232461232693277,0.09244151274733214,1.0,,,,,P4_N20_monthly_B1.5_U_EW,P4,20,monthly,1.5,unconstrained,equal,E5,evaluation,2010-01-01,2024-12-31,2025
2021-01-04,2021-12-31,252,0.14848708898616336,0.14848708898616336,0.14848708898616336,,not_applicable_no_external_contributions,0.16130062582035568,-0.07616966869166908,77,0.938943983344151,0.11155213346293856,6.473704792695744,20.0,0.0,0.05011287275253401,0.26338339732543536,0.8780726915277088,0.28728769487345307,0.28728769487345307,-0.1388006058872897,-0.025028220668168122,0.0,,,0.2741976405176627,0.2741976405176627,-0.12571055153149935,0.03234570528436531,0.0,,,,,P4_N20_monthly_B1_C_EW,P4,20,monthly,1.0,current_classification_constrained,equal,E1,evaluation,2010-01-01,2020-12-31,2021
2022-01-03,2022-12-30,251,-0.05331541361578951,-0.05331541361578951,-0.053522037250135046,,not_applicable_no_external_contributions,0.17666915798602584,-0.1618272746731385,250,-0.22326846470811468,0.12811721272469598,4.423443986765913,20.0,0.0,0.05010250670085775,0.2618841988493791,1.0,-0.18175361295122916,-0.18240727005194868,0.12888523280181363,0.08313666393627073,1.0,,,-0.32577015948669175,-0.326828176140617,0.27330613889048194,0.18645237263667502,1.0,,,,,P4_N20_monthly_B1_C_EW,P4,20,monthly,1.0,current_classification_constrained,equal,E2,evaluation,2010-01-01,2021-12-31,2022
2023-01-03,2023-12-29,250,0.1982411590771771,0.1982411590771771,0.19997607498357106,,not_applicable_no_external_contributions,0.13985899891302467,-0.09951437667457297,90,1.3735701875659152,0.09305981946253207,5.304845290830056,20.0,0.0,0.05011232228865069,0.2632626323882564,0.870911003666028,0.26175777831245095,0.2641068904875523,-0.06413081550398125,0.00022883197934531196,0.0,,,0.5485557706092534,0.5539830080583357,-0.3540069330747646,0.0082850126472922,0.0,,,,,P4_N20_monthly_B1_C_EW,P4,20,monthly,1.0,current_classification_constrained,equal,E3,evaluation,2010-01-01,2022-12-31,2023
2024-01-02,2024-12-31,252,0.3051697933130202,0.3051697933130202,0.3051697933130202,,not_applicable_no_external_contributions,0.14494556184888316,-0.09542658019478589,29,1.910580428935395,0.09370815755867229,5.471738971171625,20.0,0.0,0.050158837409781214,0.265654507250909,0.8193860441115869,0.24886449847111503,0.24886449847111503,0.05630529484190516,-0.011370381531017881,1.0,,,0.2557827307615481,0.2557827307615481,0.04938706255147207,0.04015087112005156,1.0,,,,,P4_N20_monthly_B1_C_EW,P4,20,monthly,1.0,current_classification_constrained,equal,E4,evaluation,2010-01-01,2023-12-31,2024
2025-01-02,2025-12-31,250,0.23541940715555243,0.23541940715555243,0.23751062028352887,,not_applicable_no_external_contributions,0.16689964638699184,-0.1516432045003312,87,1.3606238284811436,0.11390179200978713,4.74908755846065,20.0,0.0,0.0501617980244109,0.26602322820309743,0.780725696789155,0.1771908045051671,0.17872809721523475,0.058782523068294124,0.03590914039394233,1.0,,,0.2077254840592302,0.20955041897086812,0.02796020131266075,0.07603984350522797,1.0,,,,,P4_N20_monthly_B1_C_EW,P4,20,monthly,1.0,current_classification_constrained,equal,E5,evaluation,2010-01-01,2024-12-31,2025
2021-01-04,2021-12-31,252,0.19378054069857686,0.19378054069857686,0.19378054069857686,,not_applicable_no_external_contributions,0.17828731438891804,-0.08444959388539341,74,1.0826859212894142,0.12166689360148976,6.765141367235641,20.0,0.0,0.05011824600123429,0.26377198029122767,0.8209397955906858,0.28728769487345307,0.28728769487345307,-0.0935071541748762,-0.03330814586189246,0.0,,,0.2741976405176627,0.2741976405176627,-0.08041709981908585,0.024065780090640976,0.0,,,,,P4_N20_monthly_B1_U_EW,P4,20,monthly,1.0,unconstrained,equal,E1,evaluation,2010-01-01,2020-12-31,2021
2022-01-03,2022-12-30,251,-0.06359270436463915,-0.06359270436463915,-0.06383779742088513,,not_applicable_no_external_contributions,0.17342269918088773,-0.17361000387155612,250,-0.2939132855867224,0.1257990061271364,4.868952040660968,20.0,0.0,0.05010087638229581,0.26170093507075026,1.0,-0.18175361295122916,-0.18240727005194868,0.11856947263106354,0.07135393473785312,1.0,,,-0.32577015948669175,-0.326828176140617,0.26299037871973185,0.17466964343825742,1.0,,,,,P4_N20_monthly_B1_U_EW,P4,20,monthly,1.0,unconstrained,equal,E2,evaluation,2010-01-01,2021-12-31,2022
2023-01-03,2023-12-29,250,0.22950005590666667,0.22950005590666667,0.23153392902127257,,not_applicable_no_external_contributions,0.16037561989466056,-0.1090878942603084,90,1.379020808328462,0.10887596937826867,5.509380946670989,20.0,0.0,0.0501244863112999,0.2638542648036827,0.8817804724791354,0.26175777831245095,0.2641068904875523,-0.03257296146627975,-0.009344685606390124,0.0,,,0.5485557706092534,0.5539830080583357,-0.3224490790370631,-0.0012885049384432357,0.0,,,,,P4_N20_monthly_B1_U_EW,P4,20,monthly,1.0,unconstrained,equal,E3,evaluation,2010-01-01,2022-12-31,2023
2024-01-02,2024-12-31,252,0.30930983123002154,0.30930983123002154,0.30930983123002154,,not_applicable_no_external_contributions,0.17098215355485408,-0.1212974783498747,68,1.6620863804109338,0.11058643796953962,5.806171103853357,20.0,0.0,0.05016114691973961,0.2661045600225653,0.8345462461777509,0.24886449847111503,0.24886449847111503,0.06044533275890651,-0.03724127968610669,1.0,,,0.2557827307615481,0.2557827307615481,0.05352710046847342,0.01427997296496275,1.0,,,,,P4_N20_monthly_B1_U_EW,P4,20,monthly,1.0,unconstrained,equal,E4,evaluation,2010-01-01,2023-12-31,2024
2025-01-02,2025-12-31,250,0.21005330569885272,0.21005330569885272,0.21190042688704436,,not_applicable_no_external_contributions,0.1787941285249145,-0.15164320450033142,87,1.1645541400177473,0.12354174628655543,5.325637549999754,20.0,0.0,0.05016219937679645,0.26602950254664853,0.7827883822472556,0.1771908045051671,0.17872809721523475,0.03317232967180961,0.03590914039394211,1.0,,,0.2077254840592302,0.20955041897086812,0.0023500079161762333,0.07603984350522774,1.0,,,,,P4_N20_monthly_B1_U_EW,P4,20,monthly,1.0,unconstrained,equal,E5,evaluation,2010-01-01,2024-12-31,2025
2021-01-04,2021-12-31,252,0.13245491026477962,0.13245491026477962,0.13245491026477962,,not_applicable_no_external_contributions,0.16289830941735683,-0.0745916270273409,123,0.8450157592043379,0.11342799867437484,4.239320882900521,20.0,0.0,0.050109253278461184,0.263121144421538,0.8967183619776855,0.28728769487345307,0.28728769487345307,-0.15483278460867345,-0.023450179003839944,0.0,,,0.2741976405176627,0.2741976405176627,-0.1417427302528831,0.03392374694869349,0.0,,,,,P4_N20_monthly_B2_C_EW,P4,20,monthly,2.0,current_classification_constrained,equal,E1,evaluation,2010-01-01,2020-12-31,2021
2022-01-03,2022-12-30,251,-0.07323255755323721,-0.07323255755323721,-0.07351332413252054,,not_applicable_no_external_contributions,0.18730114323812574,-0.18235283818818682,250,-0.3141124686921223,0.13851103987718852,2.28996718031073,20.0,0.0,0.050120466757014634,0.26283798681456116,1.0,-0.18175361295122916,-0.18240727005194868,0.10889394591942814,0.06261110042122242,1.0,,,-0.32577015948669175,-0.326828176140617,0.25331485200809645,0.16592680912162672,1.0,,,,,P4_N20_monthly_B2_C_EW,P4,20,monthly,2.0,current_classification_constrained,equal,E2,evaluation,2010-01-01,2021-12-31,2022
2023-01-03,2023-12-29,250,0.11699353517324895,0.11699353517324895,0.11798265271797947,,not_applicable_no_external_contributions,0.12866034096950263,-0.09347489520447472,100,0.9310977139643187,0.0874054665947655,3.5363911073113337,20.0,0.0,0.050091276608726004,0.2619278834221346,0.9210892492605364,0.26175777831245095,0.2641068904875523,-0.14612423776957284,0.006268313449443563,0.0,,,0.5485557706092534,0.5539830080583357,-0.4360003553403562,0.014324494117390452,0.0,,,,,P4_N20_monthly_B2_C_EW,P4,20,monthly,2.0,current_classification_constrained,equal,E3,evaluation,2010-01-01,2022-12-31,2023
2024-01-02,2024-12-31,252,0.3446448722103719,0.3446448722103719,0.3446448722103719,,not_applicable_no_external_contributions,0.1483443025246404,-0.10794163641124088,52,2.071290297744385,0.09750505419671378,2.8502163886796117,20.0,0.0,0.05017559203647741,0.2666058582191037,0.7814704165059823,0.24886449847111503,0.24886449847111503,0.09578037373925685,-0.02388543774747287,1.0,,,0.2557827307615481,0.2557827307615481,0.08886214144882376,0.027635814903596567,1.0,,,,,P4_N20_monthly_B2_C_EW,P4,20,monthly,2.0,current_classification_constrained,equal,E4,evaluation,2010-01-01,2023-12-31,2024
2025-01-02,2025-12-31,250,0.28522971365243244,0.28522971365243244,0.2878124034793357,,not_applicable_no_external_contributions,0.1651145916506396,-0.12487267196920271,51,1.6148086500715162,0.10900844683908537,2.0530329318460914,20.0,0.0,0.05014505488053674,0.2652484377926174,0.8514903998127905,0.1771908045051671,0.17872809721523475,0.10908430626410093,0.06267967292507082,1.0,,,0.2077254840592302,0.20955041897086812,0.07826198450846755,0.10281037603635645,1.0,,,,,P4_N20_monthly_B2_C_EW,P4,20,monthly,2.0,current_classification_constrained,equal,E5,evaluation,2010-01-01,2024-12-31,2025
2021-01-04,2021-12-31,252,0.09773819959138219,0.09773819959138219,0.09773819959138219,,not_applicable_no_external_contributions,0.17456861556530623,-0.10228918945682086,138,0.6213066655441852,0.12179516905158481,4.33559649042744,20.0,0.0,0.050113057074097515,0.26354120788464036,0.9447227512740319,0.28728769487345307,0.28728769487345307,-0.18954949528207088,-0.051147741433319904,0.0,,,0.2741976405176627,0.2741976405176627,-0.17645944092628052,0.006226184519213529,0.0,,,,,P4_N20_monthly_B2_U_EW,P4,20,monthly,2.0,unconstrained,equal,E1,evaluation,2010-01-01,2020-12-31,2021
2022-01-03,2022-12-30,251,-0.06719935832401347,-0.06719935832401347,-0.0674578449508656,,not_applicable_no_external_contributions,0.18857112583899252,-0.196416044228094,250,-0.2762194056318797,0.13904232930256294,2.4923618066366187,20.0,0.0,0.050125538848877015,0.26298667649309504,1.0,-0.18175361295122916,-0.18240727005194868,0.11494942510108308,0.04854789438131524,1.0,,,-0.32577015948669175,-0.326828176140617,0.2593703311897514,0.15186360308171953,1.0,,,,,P4_N20_monthly_B2_U_EW,P4,20,monthly,2.0,unconstrained,equal,E2,evaluation,2010-01-01,2021-12-31,2022
2023-01-03,2023-12-29,250,0.150707325676805,0.150707325676805,0.15200031263530223,,not_applicable_no_external_contributions,0.144299851422607,-0.09806604621990878,100,1.0527504923712816,0.09842908473261612,3.2938378799095402,20.0,0.0,0.050123781951955396,0.2634363784079063,0.9106323537219001,0.26175777831245095,0.2641068904875523,-0.11210657785225009,0.0016771624340095048,0.0,,,0.5485557706092534,0.5539830080583357,-0.40198269542303344,0.009733343101956393,0.0,,,,,P4_N20_monthly_B2_U_EW,P4,20,monthly,2.0,unconstrained,equal,E3,evaluation,2010-01-01,2022-12-31,2023
2024-01-02,2024-12-31,252,0.23532345080945016,0.23532345080945016,0.23532345080945016,,not_applicable_no_external_contributions,0.17992442793962923,-0.12848223059117836,72,1.264646218343752,0.12142947666389652,3.156688894546069,20.0,0.0,0.050151042122307025,0.26555466869791894,0.858245053975048,0.24886449847111503,0.24886449847111503,-0.013541047661664862,-0.04442603192741035,0.0,,,0.2557827307615481,0.2557827307615481,-0.020459279952097953,0.00709522072365909,0.0,,,,,P4_N20_monthly_B2_U_EW,P4,20,monthly,2.0,unconstrained,equal,E4,evaluation,2010-01-01,2023-12-31,2024
2025-01-02,2025-12-31,250,0.2749783345051595,0.2749783345051595,0.2774585794109661,,not_applicable_no_external_contributions,0.16878139177698187,-0.12487267196920215,51,1.5354917763291978,0.11227773615010678,2.1315305425404802,20.0,0.0,0.050141440780156386,0.26493949700316183,0.8421329154087417,0.1771908045051671,0.17872809721523475,0.09873048219573133,0.06267967292507137,1.0,,,0.2077254840592302,0.20955041897086812,0.06790816044009795,0.10281037603635701,1.0,,,,,P4_N20_monthly_B2_U_EW,P4,20,monthly,2.0,unconstrained,equal,E5,evaluation,2010-01-01,2024-12-31,2025
2021-01-04,2021-12-31,252,0.16559940912787519,0.16559940912787519,0.16559940912787519,,not_applicable_no_external_contributions,0.16086993944514186,-0.07784913155451034,96,1.0330320612202626,0.1112565851919948,7.081192230931299,20.0,0.0,0.050022936259928395,0.2552522218581897,0.8612611003762103,0.28728769487345307,0.28728769487345307,-0.12168828574557788,-0.026707683531009385,0.0,,,0.2741976405176627,0.2741976405176627,-0.10859823138978753,0.030666242421524048,0.0,,,,,P4_N20_weekly_B1.5_C_EW,P4,20,weekly,1.5,current_classification_constrained,equal,E1,evaluation,2010-01-01,2020-12-31,2021
2022-01-03,2022-12-30,251,-0.025281485158118344,-0.025281485158118344,-0.025380919053009432,,not_applicable_no_external_contributions,0.17559717347181644,-0.1483312577203324,230,-0.05882444101050791,0.1277377875428548,3.8359939797000866,20.0,0.0,0.05001986434008356,0.25484867557227947,1.0,-0.18175361295122916,-0.18240727005194868,0.15702635099893925,0.09663268088907684,1.0,,,-0.32577015948669175,-0.326828176140617,0.30144725708760756,0.19994838958948113,1.0,,,,,P4_N20_weekly_B1.5_C_EW,P4,20,weekly,1.5,current_classification_constrained,equal,E2,evaluation,2010-01-01,2021-12-31,2022
2023-01-03,2023-12-29,250,0.13778267825085488,0.13778267825085488,0.13895821729380842,,not_applicable_no_external_contributions,0.13953411204802263,-0.10089472948084721,90,1.0022359230349713,0.09541639518680249,7.816825123191523,20.0,0.0,0.05001961403740236,0.2545363989466268,0.8722657323668324,0.26175777831245095,0.2641068904875523,-0.1251486731937439,-0.0011515208269289312,0.0,,,0.5485557706092534,0.5539830080583357,-0.41502479076452725,0.006904659841017957,0.0,,,,,P4_N20_weekly_B1.5_C_EW,P4,20,weekly,1.5,current_classification_constrained,equal,E3,evaluation,2010-01-01,2022-12-31,2023
2024-01-02,2024-12-31,252,0.30181605258102584,0.30181605258102584,0.30181605258102584,,not_applicable_no_external_contributions,0.142547580737476,-0.09886308842734626,44,1.9222366867945218,0.09169703497421708,6.148589214309206,20.0,0.0,0.05002663334234076,0.25545612041418336,0.7994680128688118,0.24886449847111503,0.24886449847111503,0.052951554109910814,-0.014806889763578246,1.0,,,0.2557827307615481,0.2557827307615481,0.046033321819477724,0.03671436288749119,1.0,,,,,P4_N20_weekly_B1.5_C_EW,P4,20,weekly,1.5,current_classification_constrained,equal,E4,evaluation,2010-01-01,2023-12-31,2024
2025-01-02,2025-12-31,250,0.2336984300704552,0.2336984300704552,0.23577294863983767,,not_applicable_no_external_contributions,0.17233027893335817,-0.15915291319929936,75,1.3148818094520964,0.1187596991049328,5.376037243228205,20.0,0.0,0.050034991476879044,0.25615035862528013,0.786004508654735,0.1771908045051671,0.17872809721523475,0.057044851424602916,0.028399431694974164,1.0,,,0.2077254840592302,0.20955041897086812,0.02622252966896954,0.0685301348062598,1.0,,,,,P4_N20_weekly_B1.5_C_EW,P4,20,weekly,1.5,current_classification_constrained,equal,E5,evaluation,2010-01-01,2024-12-31,2025
2021-01-04,2021-12-31,252,0.155507314385829,0.155507314385829,0.155507314385829,,not_applicable_no_external_contributions,0.1787346937925932,-0.08594246932265093,93,0.8980225481295313,0.12380684385303863,6.297235721093652,20.0,0.0,0.05002418174087556,0.2554135779118098,0.823761774333373,0.28728769487345307,0.28728769487345307,-0.13178038048762408,-0.03480102129914997,0.0,,,0.2741976405176627,0.2741976405176627,-0.11869032613183372,0.022572904653383463,0.0,,,,,P4_N20_weekly_B1.5_U_EW,P4,20,weekly,1.5,unconstrained,equal,E1,evaluation,2010-01-01,2020-12-31,2021
2022-01-03,2022-12-30,251,-0.022230536189352557,-0.022230536189352557,-0.022318108307933238,,not_applicable_no_external_contributions,0.1769687651664779,-0.14725296437797875,228,-0.03925186616290441,0.12912530840974348,3.5345147927423857,20.0,0.0,0.05001976818223106,0.2548716827509077,1.0,-0.18175361295122916,-0.18240727005194868,0.16008916174401544,0.09771097423143049,1.0,,,-0.32577015948669175,-0.326828176140617,0.30451006783268375,0.2010266829318348,1.0,,,,,P4_N20_weekly_B1.5_U_EW,P4,20,weekly,1.5,unconstrained,equal,E2,evaluation,2010-01-01,2021-12-31,2022
2023-01-03,2023-12-29,250,0.1784326757953434,0.1784326757953434,0.17998154349611806,,not_applicable_no_external_contributions,0.15087219491292472,-0.10672044933600422,96,1.1724681660385965,0.10304505134372899,5.896780801180259,20.0,0.0,0.05002134623872353,0.25478721787097014,0.8811064408759757,0.26175777831245095,0.2641068904875523,-0.08412534699143426,-0.006977240682085939,0.0,,,0.5485557706092534,0.5539830080583357,-0.3740014645622176,0.0010789399858609494,0.0,,,,,P4_N20_weekly_B1.5_U_EW,P4,20,weekly,1.5,unconstrained,equal,E3,evaluation,2010-01-01,2022-12-31,2023
2024-01-02,2024-12-31,252,0.2958357219034695,0.2958357219034695,0.2958357219034695,,not_applicable_no_external_contributions,0.1706321841693643,-0.11531693897936302,62,1.604451402343997,0.110309392975114,4.834650133188717,20.0,0.0,0.0500297442139453,0.2557176576976702,0.7862511138041577,0.24886449847111503,0.24886449847111503,0.04697122343235449,-0.031260740315595004,1.0,,,0.2557827307615481,0.2557827307615481,0.0400529911419214,0.020260512335474434,1.0,,,,,P4_N20_weekly_B1.5_U_EW,P4,20,weekly,1.5,unconstrained,equal,E4,evaluation,2010-01-01,2023-12-31,2024
2025-01-02,2025-12-31,250,0.22789453105394375,0.22789453105394375,0.22991289128966597,,not_applicable_no_external_contributions,0.1890258971229122,-0.1676796009806537,86,1.1895289102808748,0.13118128405352336,4.641180809694294,20.0,0.0,0.05003559319138611,0.25628481972298084,0.732693727729414,0.1771908045051671,0.17872809721523475,0.05118479407443122,0.019872743913619817,1.0,,,0.2077254840592302,0.20955041897086812,0.020362472318797842,0.060003447024905454,1.0,,,,,P4_N20_weekly_B1.5_U_EW,P4,20,weekly,1.5,unconstrained,equal,E5,evaluation,2010-01-01,2024-12-31,2025
2021-01-04,2021-12-31,252,0.12247960424433302,0.12247960424433302,0.12247960424433302,,not_applicable_no_external_contributions,0.1633192930232161,-0.07331556959400565,96,0.7891383426506432,0.11612714505139901,12.290165656014961,20.0,0.0,0.05002332427319457,0.25523002734027656,0.8856770258256015,0.28728769487345307,0.28728769487345307,-0.16480809062912005,-0.02217412157050469,0.0,,,0.2741976405176627,0.2741976405176627,-0.1517180362733297,0.03519980438202874,0.0,,,,,P4_N20_weekly_B1_C_EW,P4,20,weekly,1.0,current_classification_constrained,equal,E1,evaluation,2010-01-01,2020-12-31,2021
2022-01-03,2022-12-30,251,-0.018289383323384367,-0.018289383323384367,-0.01836157630021329,,not_applicable_no_external_contributions,0.173639246279725,-0.13829536990950375,149,-0.020182478858972088,0.12463635495642923,9.65018872774076,20.0,0.0,0.05002032707311807,0.254872589047356,1.0,-0.18175361295122916,-0.18240727005194868,0.1640456937517354,0.10666856869990549,1.0,,,-0.32577015948669175,-0.326828176140617,0.3084665998404037,0.20998427740030978,1.0,,,,,P4_N20_weekly_B1_C_EW,P4,20,weekly,1.0,current_classification_constrained,equal,E2,evaluation,2010-01-01,2021-12-31,2022
2023-01-03,2023-12-29,250,0.16808991541530638,0.16808991541530638,0.16954270587638343,,not_applicable_no_external_contributions,0.1428233794939004,-0.1066661164361089,89,1.1680164297703517,0.09635365690862868,12.023294505296697,20.0,0.0,0.05002140666797328,0.25477305330468974,0.878167229845684,0.26175777831245095,0.2641068904875523,-0.09456418461116889,-0.006922907782190624,0.0,,,0.5485557706092534,0.5539830080583357,-0.38444030218195224,0.0011332728857562646,0.0,,,,,P4_N20_weekly_B1_C_EW,P4,20,weekly,1.0,current_classification_constrained,equal,E3,evaluation,2010-01-01,2022-12-31,2023
2024-01-02,2024-12-31,252,0.2730673827666046,0.2730673827666046,0.2730673827666046,,not_applicable_no_external_contributions,0.1396477753378846,-0.09997706692439867,46,1.7992275307480425,0.09157285165709138,11.661627638193513,20.0,0.0,0.05002655705700191,0.25551387409356563,0.8309860117296926,0.24886449847111503,0.24886449847111503,0.024202884295489557,-0.01592086826063066,1.0,,,0.2557827307615481,0.2557827307615481,0.017284652005056467,0.03560038439043878,1.0,,,,,P4_N20_weekly_B1_C_EW,P4,20,weekly,1.0,current_classification_constrained,equal,E4,evaluation,2010-01-01,2023-12-31,2024
2025-01-02,2025-12-31,250,0.25343756850053656,0.25343756850053656,0.2557047268060664,,not_applicable_no_external_contributions,0.15783247403827877,-0.15006149731434693,84,1.5221014521454297,0.10767591166856683,10.788853279282852,20.0,0.0,0.05003495424815825,0.25615091064317147,0.7727799354145316,0.1771908045051671,0.17872809721523475,0.07697662959083162,0.0374908475799266,1.0,,,0.2077254840592302,0.20955041897086812,0.04615430783519825,0.07762155069121224,1.0,,,,,P4_N20_weekly_B1_C_EW,P4,20,weekly,1.0,current_classification_constrained,equal,E5,evaluation,2010-01-01,2024-12-31,2025
2021-01-04,2021-12-31,252,0.1457963467997072,0.1457963467997072,0.1457963467997072,,not_applicable_no_external_contributions,0.1815012918541399,-0.08967316390129287,97,0.8406080984531061,0.12708634723145731,15.07925626514885,20.0,0.0,0.05002272531753496,0.25529480733812515,0.871756547777774,0.28728769487345307,0.28728769487345307,-0.14149134807374586,-0.03853171587779192,0.0,,,0.2741976405176627,0.2741976405176627,-0.1284012937179555,0.018842210074741517,0.0,,,,,P4_N20_weekly_B1_U_EW,P4,20,weekly,1.0,unconstrained,equal,E1,evaluation,2010-01-01,2020-12-31,2021
2022-01-03,2022-12-30,251,-0.05500559530119764,-0.05500559530119764,-0.05521857632052263,,not_applicable_no_external_contributions,0.16860495129996128,-0.16688678474142216,250,-0.252838911306487,0.12210615096122023,8.789435242484055,20.0,0.0,0.05001951240552354,0.2547369861244365,1.0,-0.18175361295122916,-0.18240727005194868,0.12718869373142605,0.07807715386798708,1.0,,,-0.32577015948669175,-0.326828176140617,0.27160959982009436,0.18139286256839138,1.0,,,,,P4_N20_weekly_B1_U_EW,P4,20,weekly,1.0,unconstrained,equal,E2,evaluation,2010-01-01,2021-12-31,2022
2023-01-03,2023-12-29,250,0.21038823712195276,0.21038823712195276,0.2122385534918294,,not_applicable_no_external_contributions,0.15620790506703155,-0.09913114802096101,89,1.3104301403752778,0.10600343605864877,13.944835619337763,20.0,0.0,0.05002209897598883,0.25487691663486306,0.8532890574017674,0.26175777831245095,0.2641068904875523,-0.05186833699572291,0.0006120606329572675,0.0,,,0.5485557706092534,0.5539830080583357,-0.34174445456650626,0.008668241300904156,0.0,,,,,P4_N20_weekly_B1_U_EW,P4,20,weekly,1.0,unconstrained,equal,E3,evaluation,2010-01-01,2022-12-31,2023
2024-01-02,2024-12-31,252,0.30925451013679295,0.30925451013679295,0.30925451013679295,,not_applicable_no_external_contributions,0.16479797252616113,-0.10248041937706698,61,1.7179979640191116,0.10767747032385917,13.284106969159296,20.0,0.0,0.05002881779129618,0.25567981804081796,0.8160667978600661,0.24886449847111503,0.24886449847111503,0.06039001166567792,-0.018424220713298967,1.0,,,0.2557827307615481,0.2557827307615481,0.05347177937524483,0.03309703193777047,1.0,,,,,P4_N20_weekly_B1_U_EW,P4,20,weekly,1.0,unconstrained,equal,E4,evaluation,2010-01-01,2023-12-31,2024
2025-01-02,2025-12-31,250,0.25958645498119437,0.25958645498119437,0.2619141368111628,,not_applicable_no_external_contributions,0.17231645679541907,-0.15006149731434693,84,1.436715757960284,0.11887678752636355,10.818506047024101,20.0,0.0,0.050035033039692374,0.25623272237109107,0.7720502126016754,0.1771908045051671,0.17872809721523475,0.08318603959592807,0.0374908475799266,1.0,,,0.2077254840592302,0.20955041897086812,0.0523637178402947,0.07762155069121224,1.0,,,,,P4_N20_weekly_B1_U_EW,P4,20,weekly,1.0,unconstrained,equal,E5,evaluation,2010-01-01,2024-12-31,2025
2021-01-04,2021-12-31,252,0.14049039472717872,0.14049039472717872,0.14049039472717872,,not_applicable_no_external_contributions,0.1608660215597584,-0.08197909512478196,117,0.8976303256267141,0.11265519663946197,5.373905583488626,20.0,0.0,0.05002213887242419,0.2552237578203599,0.8684465629087511,0.28728769487345307,0.28728769487345307,-0.14679730014627435,-0.030837647101281007,0.0,,,0.2741976405176627,0.2741976405176627,-0.133707245790484,0.026536278851252426,0.0,,,,,P4_N20_weekly_B2_C_EW,P4,20,weekly,2.0,current_classification_constrained,equal,E1,evaluation,2010-01-01,2020-12-31,2021
2022-01-03,2022-12-30,251,-0.02740972780694062,-0.02740972780694062,-0.027517413483518216,,not_applicable_no_external_contributions,0.18076946646416667,-0.15770663108932537,250,-0.06422949158737058,0.13098772854941787,3.3412731874094153,20.0,0.0,0.050022853926007804,0.25508653058511604,1.0,-0.18175361295122916,-0.18240727005194868,0.15488985656843046,0.08725730752008387,1.0,,,-0.32577015948669175,-0.326828176140617,0.2993107626570988,0.19057301622048817,1.0,,,,,P4_N20_weekly_B2_C_EW,P4,20,weekly,2.0,current_classification_constrained,equal,E2,evaluation,2010-01-01,2021-12-31,2022
2023-01-03,2023-12-29,250,0.12591944594951632,0.12591944594951632,0.12698822515270125,,not_applicable_no_external_contributions,0.130908007681011,-0.10216812229239036,106,0.9786422221584247,0.08883048229810857,4.554979846484294,20.0,0.0,0.05001948941826737,0.2545909863349814,0.9459772505119939,0.26175777831245095,0.2641068904875523,-0.13711866533485106,-0.0024249136384720815,0.0,,,0.5485557706092534,0.5539830080583357,-0.4269947829056344,0.005631267029474807,0.0,,,,,P4_N20_weekly_B2_C_EW,P4,20,weekly,2.0,current_classification_constrained,equal,E3,evaluation,2010-01-01,2022-12-31,2023
2024-01-02,2024-12-31,252,0.246103635810486,0.246103635810486,0.246103635810486,,not_applicable_no_external_contributions,0.14058499044013387,-0.10318078061494118,66,1.635736909041201,0.09317710661228013,4.010811467433688,20.0,0.0,0.05002331209964335,0.2552542387355481,0.8033023774827147,0.24886449847111503,0.24886449847111503,-0.0027608626606290265,-0.01912458195117317,0.0,,,0.2557827307615481,0.2557827307615481,-0.009679094951062117,0.03239667069989627,0.0,,,,,P4_N20_weekly_B2_C_EW,P4,20,weekly,2.0,current_classification_constrained,equal,E4,evaluation,2010-01-01,2023-12-31,2024
2025-01-02,2025-12-31,250,0.26165341605681003,0.26165341605681003,0.264001497515048,,not_applicable_no_external_contributions,0.16331461272005085,-0.12276117904103179,50,1.5165265153117866,0.10965540907714176,3.6572142367767717,20.0,0.0,0.050028090572957165,0.255660046481253,0.8129244575440391,0.1771908045051671,0.17872809721523475,0.08527340029981323,0.06479116585324174,1.0,,,0.2077254840592302,0.20955041897086812,0.054451078544179854,0.10492186896452738,1.0,,,,,P4_N20_weekly_B2_C_EW,P4,20,weekly,2.0,current_classification_constrained,equal,E5,evaluation,2010-01-01,2024-12-31,2025
2021-01-04,2021-12-31,252,0.15365191663585276,0.15365191663585276,0.15365191663585276,,not_applicable_no_external_contributions,0.17674891479173443,-0.09603846501498292,135,0.897036891379886,0.12321824553740825,5.239352524199733,20.0,0.0,0.05002415798300424,0.25542348693934824,0.8202459226873523,0.28728769487345307,0.28728769487345307,-0.1336357782376003,-0.044897016991481964,0.0,,,0.2741976405176627,0.2741976405176627,-0.12054572388180995,0.01247690896105147,0.0,,,,,P4_N20_weekly_B2_U_EW,P4,20,weekly,2.0,unconstrained,equal,E1,evaluation,2010-01-01,2020-12-31,2021
2022-01-03,2022-12-30,251,-0.02148456401618226,-0.02148456401618226,-0.021569230074031776,,not_applicable_no_external_contributions,0.18117647444507964,-0.15556796671681083,228,-0.030030436986932287,0.13101631931586827,3.253292762918564,20.0,0.0,0.05002334458080022,0.2551527709049117,1.0,-0.18175361295122916,-0.18240727005194868,0.1608380399779169,0.0893959718925984,1.0,,,-0.32577015948669175,-0.326828176140617,0.3052589460665852,0.1927116805930027,1.0,,,,,P4_N20_weekly_B2_U_EW,P4,20,weekly,2.0,unconstrained,equal,E2,evaluation,2010-01-01,2021-12-31,2022
2023-01-03,2023-12-29,250,0.14147213175172713,0.14147213175172713,0.1426810770383915,,not_applicable_no_external_contributions,0.1417845897811333,-0.09776476929522737,107,1.0115590582971004,0.09645823197201214,4.424121985527048,20.0,0.0,0.050021641900091965,0.25485191955476233,0.9385944656916267,0.26175777831245095,0.2641068904875523,-0.12142581344916081,0.001978439358690909,0.0,,,0.5485557706092534,0.5539830080583357,-0.41130193101994417,0.010034620026637797,0.0,,,,,P4_N20_weekly_B2_U_EW,P4,20,weekly,2.0,unconstrained,equal,E3,evaluation,2010-01-01,2022-12-31,2023
2024-01-02,2024-12-31,252,0.17612321824876953,0.17612321824876953,0.17612321824876953,,not_applicable_no_external_contributions,0.17196850388559717,-0.12828426136562843,121,1.0292361614173238,0.11544836044502349,4.460457004352218,20.0,0.0,0.050026320150263676,0.25552025546604845,0.8420012653939496,0.24886449847111503,0.24886449847111503,-0.0727412802223455,-0.044228062701860416,0.0,,,0.2557827307615481,0.2557827307615481,-0.07965951251277859,0.007293189949209022,0.0,,,,,P4_N20_weekly_B2_U_EW,P4,20,weekly,2.0,unconstrained,equal,E4,evaluation,2010-01-01,2023-12-31,2024
2025-01-02,2025-12-31,250,0.24302132203546378,0.24302132203546378,0.24518650984240975,,not_applicable_no_external_contributions,0.17495139083880762,-0.1372790016436074,59,1.3411403595503906,0.11929324699020448,3.549692624591372,20.0,0.0,0.050033304224703784,0.25606453376852745,0.840204689291999,0.1771908045051671,0.17872809721523475,0.066458412627175,0.050273343250666125,1.0,,,0.2077254840592302,0.20955041897086812,0.035636090871541626,0.09040404636195176,1.0,,,,,P4_N20_weekly_B2_U_EW,P4,20,weekly,2.0,unconstrained,equal,E5,evaluation,2010-01-01,2024-12-31,2025
2021-01-04,2021-12-31,252,0.15410379775255523,0.15410379775255523,0.15410379775255523,,not_applicable_no_external_contributions,0.15257184620064032,-0.07548434670475324,67,1.0157823126888001,0.10697970195064717,4.466758124498323,30.0,0.0,0.03336665761368696,0.17354652110714083,0.8173995630921733,0.28728769487345307,0.28728769487345307,-0.13318389712089784,-0.02434289868125228,0.0,,,0.2741976405176627,0.2741976405176627,-0.12009384276510748,0.033031027271281155,0.0,,,,,P4_N30_biweekly_B1.5_C_EW,P4,30,biweekly,1.5,current_classification_constrained,equal,E1,evaluation,2010-01-01,2020-12-31,2021
2022-01-03,2022-12-30,251,-0.06322184979112377,-0.06322184979112377,-0.06346556249881119,,not_applicable_no_external_contributions,0.18270606473558637,-0.1831405336784253,250,-0.2677219006209204,0.1330070957182174,2.4131444965680497,30.0,0.0,0.03337082651674346,0.1736399427730034,1.0,-0.18175361295122916,-0.18240727005194868,0.11894170755313749,0.06182340493098393,1.0,,,-0.32577015948669175,-0.326828176140617,0.2633626136418058,0.16513911363138822,1.0,,,,,P4_N30_biweekly_B1.5_C_EW,P4,30,biweekly,1.5,current_classification_constrained,equal,E2,evaluation,2010-01-01,2021-12-31,2022
2023-01-03,2023-12-29,250,0.10174823867709115,0.10174823867709115,0.10260262938939513,,not_applicable_no_external_contributions,0.12104406787665077,-0.10060653827444566,104,0.867390058798202,0.08375965425675042,3.9682675692746354,30.0,0.0,0.03335940397197612,0.1725623411001464,0.9220387506658213,0.26175777831245095,0.2641068904875523,-0.1615042610981572,-0.0008633296205273755,0.0,,,0.5485557706092534,0.5539830080583357,-0.45138037866894054,0.007192851047419513,0.0,,,,,P4_N30_biweekly_B1.5_C_EW,P4,30,biweekly,1.5,current_classification_constrained,equal,E3,evaluation,2010-01-01,2022-12-31,2023
2024-01-02,2024-12-31,252,0.2557765740104996,0.2557765740104996,0.2557765740104996,,not_applicable_no_external_contributions,0.13104677686896507,-0.07477634905427988,47,1.8039794433606315,0.08519981155533358,3.608803467813094,30.0,0.0,0.03337679745353937,0.17418550261928872,0.7781577706151545,0.24886449847111503,0.24886449847111503,0.0069120755393845545,0.009279849609488133,1.0,,,0.2557827307615481,0.2557827307615481,-6.15675104853608e-06,0.06080110226055757,0.0,,,,,P4_N30_biweekly_B1.5_C_EW,P4,30,biweekly,1.5,current_classification_constrained,equal,E4,evaluation,2010-01-01,2023-12-31,2024
2025-01-02,2025-12-31,250,0.18770998516675075,0.18770998516675075,0.18934565658633806,,not_applicable_no_external_contributions,0.16386731032784632,-0.1571824886370088,88,1.1401684675554897,0.11332061316613357,3.5224931257000685,30.0,0.0,0.033385920971404845,0.17507243655524338,0.7980192018326296,0.1771908045051671,0.17872809721523475,0.010617559371103313,0.030369856257264738,1.0,,,0.2077254840592302,0.20955041897086812,-0.02020476238453006,0.07050055936855038,0.0,,,,,P4_N30_biweekly_B1.5_C_EW,P4,30,biweekly,1.5,current_classification_constrained,equal,E5,evaluation,2010-01-01,2024-12-31,2025
2021-01-04,2021-12-31,252,0.16135892301387034,0.16135892301387034,0.16135892301387034,,not_applicable_no_external_contributions,0.1637493915133455,-0.08423260384665798,68,0.9954515356687659,0.11348506327279735,4.339082819686437,30.0,0.0,0.033366462801128434,0.17356480856800416,0.7659638095045663,0.28728769487345307,0.28728769487345307,-0.12592877185958273,-0.033091155823157026,0.0,,,0.2741976405176627,0.2741976405176627,-0.11283871750379237,0.024282770129376408,0.0,,,,,P4_N30_biweekly_B1.5_U_EW,P4,30,biweekly,1.5,unconstrained,equal,E1,evaluation,2010-01-01,2020-12-31,2021
2022-01-03,2022-12-30,251,-0.06283823318580573,-0.06283823318580573,-0.063080517425946,,not_applicable_no_external_contributions,0.18112348127526484,-0.18241256171731923,250,-0.26935676798858804,0.13265230415366985,2.4026681612414866,30.0,0.0,0.03336877540766734,0.17351398377564883,1.0,-0.18175361295122916,-0.18240727005194868,0.11932675262600267,0.06255137689209,1.0,,,-0.32577015948669175,-0.326828176140617,0.263747658714671,0.1658670855924943,1.0,,,,,P4_N30_biweekly_B1.5_U_EW,P4,30,biweekly,1.5,unconstrained,equal,E2,evaluation,2010-01-01,2021-12-31,2022
2023-01-03,2023-12-29,250,0.13767677682677748,0.13767677682677748,0.13885135840712448,,not_applicable_no_external_contributions,0.13481852903164115,-0.10544918404861314,108,1.0318363983711294,0.09299934734512665,3.3405154142287508,30.0,0.0,0.03336095445524008,0.17266844423992178,0.9407711362969252,0.26175777831245095,0.2641068904875523,-0.12525553208042783,-0.005705975394694862,0.0,,,0.5485557706092534,0.5539830080583357,-0.4151316496512112,0.002350205273252026,0.0,,,,,P4_N30_biweekly_B1.5_U_EW,P4,30,biweekly,1.5,unconstrained,equal,E3,evaluation,2010-01-01,2022-12-31,2023
2024-01-02,2024-12-31,252,0.2968520424801879,0.2968520424801879,0.2968520424801879,,not_applicable_no_external_contributions,0.15630939433922056,-0.09396261402059813,51,1.7416086419851866,0.10146314577074673,3.2612219491308356,30.0,0.0,0.033381927912157286,0.17458599869326483,0.803541991391077,0.24886449847111503,0.24886449847111503,0.0479875440090729,-0.009906415356830123,1.0,,,0.2557827307615481,0.2557827307615481,0.04106931171863981,0.041614837294239315,1.0,,,,,P4_N30_biweekly_B1.5_U_EW,P4,30,biweekly,1.5,unconstrained,equal,E4,evaluation,2010-01-01,2023-12-31,2024
2025-01-02,2025-12-31,250,0.16709538883568054,0.16709538883568054,0.16853897968380416,,not_applicable_no_external_contributions,0.17143058180515158,-0.16486597218574017,90,0.9942994324510356,0.1208590482710775,3.4749816169821606,30.0,0.0,0.033385502741401236,0.17496652580985922,0.8166421967851495,0.1771908045051671,0.17872809721523475,-0.010189117531430592,0.022686372708533353,0.0,,,0.2077254840592302,0.20955041897086812,-0.04101143928706397,0.06281707581981899,0.0,,,,,P4_N30_biweekly_B1.5_U_EW,P4,30,biweekly,1.5,unconstrained,equal,E5,evaluation,2010-01-01,2024-12-31,2025
2021-01-04,2021-12-31,252,0.21239375508702718,0.21239375508702718,0.21239375508702718,,not_applicable_no_external_contributions,0.1485909672946133,-0.06584569828987175,38,1.3707795645617522,0.10267706435333096,6.428344551811808,30.0,0.0,0.033368142194017486,0.17370727918371867,0.7639656145528282,0.28728769487345307,0.28728769487345307,-0.07489393978642589,-0.014704250266370789,0.0,,,0.2741976405176627,0.2741976405176627,-0.06180388543063553,0.042669675686162645,0.0,,,,,P4_N30_biweekly_B1_C_EW,P4,30,biweekly,1.0,current_classification_constrained,equal,E1,evaluation,2010-01-01,2020-12-31,2021
2022-01-03,2022-12-30,251,-0.07057847119492233,-0.07057847119492233,-0.07084945580836444,,not_applicable_no_external_contributions,0.173040555481065,-0.18279586563891792,250,-0.3383470412928901,0.12577705332069383,5.678630135302087,30.0,0.0,0.03336842474542376,0.1732466381173393,1.0,-0.18175361295122916,-0.18240727005194868,0.11155781424358424,0.06216807297049132,1.0,,,-0.32577015948669175,-0.326828176140617,0.25597872033225255,0.1654837816708956,1.0,,,,,P4_N30_biweekly_B1_C_EW,P4,30,biweekly,1.0,current_classification_constrained,equal,E2,evaluation,2010-01-01,2021-12-31,2022
2023-01-03,2023-12-29,250,0.12347938249787971,0.12347938249787971,0.12452632778994488,,not_applicable_no_external_contributions,0.12671713866597248,-0.09957532849509076,100,0.9894984971760042,0.08646810393975389,6.968529080783666,30.0,0.0,0.03336167461554532,0.17284711966886807,0.9277410157172556,0.26175777831245095,0.2641068904875523,-0.13958056269760744,0.00016788015882751584,0.0,,,0.5485557706092534,0.5539830080583357,-0.4294566802683908,0.008224060826774404,0.0,,,,,P4_N30_biweekly_B1_C_EW,P4,30,biweekly,1.0,current_classification_constrained,equal,E3,evaluation,2010-01-01,2022-12-31,2023
2024-01-02,2024-12-31,252,0.27519823489112394,0.27519823489112394,0.27519823489112394,,not_applicable_no_external_contributions,0.12856801530854384,-0.0706932681742729,41,1.9557622506006913,0.0830975082321903,6.451513175233689,30.0,0.0,0.03337600966516087,0.17410298257519569,0.7874491298319135,0.24886449847111503,0.24886449847111503,0.026333736420008913,0.013362930489495106,1.0,,,0.2557827307615481,0.2557827307615481,0.019415504129575822,0.06488418314056454,1.0,,,,,P4_N30_biweekly_B1_C_EW,P4,30,biweekly,1.0,current_classification_constrained,equal,E4,evaluation,2010-01-01,2023-12-31,2024
2025-01-02,2025-12-31,250,0.21883604332541817,0.21883604332541817,0.22076719713619464,,not_applicable_no_external_contributions,0.15453973296099843,-0.15415499091942297,85,1.3684710709168388,0.10749313268665467,6.77013434811016,30.0,0.0,0.03338288038091618,0.1748929540422837,0.8059449942936014,0.1771908045051671,0.17872809721523475,0.04203909992095989,0.03339735397485055,1.0,,,0.2077254840592302,0.20955041897086812,0.011216778165326513,0.07352805708613619,1.0,,,,,P4_N30_biweekly_B1_C_EW,P4,30,biweekly,1.0,current_classification_constrained,equal,E5,evaluation,2010-01-01,2024-12-31,2025
2021-01-04,2021-12-31,252,0.22676699058741434,0.22676699058741434,0.22676699058741434,,not_applicable_no_external_contributions,0.15921550322649203,-0.070315661924231,38,1.3636230258949407,0.1095515852723566,7.851787434030975,30.0,0.0,0.03336928166417837,0.1737215084272079,0.7950421249684051,0.28728769487345307,0.28728769487345307,-0.06052070428603873,-0.01917421390073004,0.0,,,0.2741976405176627,0.2741976405176627,-0.04743064993024837,0.03819971205180339,0.0,,,,,P4_N30_biweekly_B1_U_EW,P4,30,biweekly,1.0,unconstrained,equal,E1,evaluation,2010-01-01,2020-12-31,2021
2022-01-03,2022-12-30,251,-0.03985807726366075,-0.03985807726366075,-0.040013654199976934,,not_applicable_no_external_contributions,0.17196740619043294,-0.1651732934845107,250,-0.15175803629569432,0.12385696455149542,5.477665726976966,30.0,0.0,0.03336804110748948,0.17328341034963118,1.0,-0.18175361295122916,-0.18240727005194868,0.14239361585197174,0.07979064512489853,1.0,,,-0.32577015948669175,-0.326828176140617,0.28681452194064005,0.18310635382530283,1.0,,,,,P4_N30_biweekly_B1_U_EW,P4,30,biweekly,1.0,unconstrained,equal,E2,evaluation,2010-01-01,2021-12-31,2022
2023-01-03,2023-12-29,250,0.20926739245480874,0.20926739245480874,0.21110701912107377,,not_applicable_no_external_contributions,0.14257132274948162,-0.09991576323903328,77,1.4149875101562739,0.09716769952810705,6.977884365311463,30.0,0.0,0.033363617947057875,0.1730638340070226,0.9164643191995515,0.26175777831245095,0.2641068904875523,-0.052999871366478546,-0.00017255458511500343,0.0,,,0.5485557706092534,0.5539830080583357,-0.3428759889372619,0.007883626082831885,0.0,,,,,P4_N30_biweekly_B1_U_EW,P4,30,biweekly,1.0,unconstrained,equal,E3,evaluation,2010-01-01,2022-12-31,2023
2024-01-02,2024-12-31,252,0.27993237569704554,0.27993237569704554,0.27993237569704554,,not_applicable_no_external_contributions,0.14893443593708733,-0.0786244963903554,51,1.732089917686253,0.09694682023889581,7.280339062278635,30.0,0.0,0.03337741453375272,0.17421492063839988,0.8139796856448621,0.24886449847111503,0.24886449847111503,0.031067877225930518,0.005431702273412609,1.0,,,0.2557827307615481,0.2557827307615481,0.024149644935497427,0.05695295492448205,1.0,,,,,P4_N30_biweekly_B1_U_EW,P4,30,biweekly,1.0,unconstrained,equal,E4,evaluation,2010-01-01,2023-12-31,2024
2025-01-02,2025-12-31,250,0.22487353495719598,0.22487353495719598,0.22686275175623338,,not_applicable_no_external_contributions,0.1651775046889137,-0.15695562474183478,85,1.320807096220389,0.11554330238471004,6.791656905826188,30.0,0.0,0.03338471780959255,0.1750634270389135,0.8238544891135465,0.1771908045051671,0.17872809721523475,0.048134654540998634,0.03059672015243875,1.0,,,0.2077254840592302,0.20955041897086812,0.01731233278536526,0.07072742326372439,1.0,,,,,P4_N30_biweekly_B1_U_EW,P4,30,biweekly,1.0,unconstrained,equal,E5,evaluation,2010-01-01,2024-12-31,2025
2021-01-04,2021-12-31,252,0.1993489677186966,0.1993489677186966,0.1993489677186966,,not_applicable_no_external_contributions,0.14624456736879932,-0.07383855107747683,37,1.3163532071672859,0.10063601739324149,3.188700633725955,30.0,0.0,0.03336808604820416,0.17381248847889402,0.783839598153101,0.28728769487345307,0.28728769487345307,-0.08793872715475648,-0.022697103053975876,0.0,,,0.2741976405176627,0.2741976405176627,-0.07484867279896612,0.03467682289855756,0.0,,,,,P4_N30_biweekly_B2_C_EW,P4,30,biweekly,2.0,current_classification_constrained,equal,E1,evaluation,2010-01-01,2020-12-31,2021
2022-01-03,2022-12-30,251,-0.04188110340553386,-0.04188110340553386,-0.042044402569702655,,not_applicable_no_external_contributions,0.1931909400753881,-0.16689617478236862,250,-0.12599534804476253,0.13894272016161235,1.7699851318492326,30.0,0.0,0.033372548497651755,0.17377275710175408,1.0,-0.18175361295122916,-0.18240727005194868,0.14036286748224602,0.07806776382704061,1.0,,,-0.32577015948669175,-0.326828176140617,0.28478377357091433,0.1813834725274449,1.0,,,,,P4_N30_biweekly_B2_C_EW,P4,30,biweekly,2.0,current_classification_constrained,equal,E2,evaluation,2010-01-01,2021-12-31,2022
2023-01-03,2023-12-29,250,0.10055676736349772,0.10055676736349772,0.1014007001449293,,not_applicable_no_external_contributions,0.11691909093058467,-0.09530534139744307,106,0.8844433539605971,0.07974461540819563,2.6258258145809963,30.0,0.0,0.03336014609488964,0.17251034115477626,0.9060516395239298,0.26175777831245095,0.2641068904875523,-0.162706190342623,0.004437867256475214,0.0,,,0.5485557706092534,0.5539830080583357,-0.45258230791340637,0.012494047924422103,0.0,,,,,P4_N30_biweekly_B2_C_EW,P4,30,biweekly,2.0,current_classification_constrained,equal,E3,evaluation,2010-01-01,2022-12-31,2023
2024-01-02,2024-12-31,252,0.3584556901419167,0.3584556901419167,0.3584556901419167,,not_applicable_no_external_contributions,0.1305205877883022,-0.08229255644699285,33,2.413508953025466,0.08237639270117139,2.0479995016603567,30.0,0.0,0.0333811305368228,0.1745973320457601,0.7455872815859663,0.24886449847111503,0.24886449847111503,0.10959119167080167,0.001763642216775163,1.0,,,0.2557827307615481,0.2557827307615481,0.10267295938036858,0.0532848948678446,1.0,,,,,P4_N30_biweekly_B2_C_EW,P4,30,biweekly,2.0,current_classification_constrained,equal,E4,evaluation,2010-01-01,2023-12-31,2024
2025-01-02,2025-12-31,250,0.1949420288589332,0.1949420288589332,0.19664577345819434,,not_applicable_no_external_contributions,0.15764182966772408,-0.13881482015175084,60,1.2175272510319557,0.10577381448621642,2.335802571128962,30.0,0.0,0.03338264982671018,0.17471139834148935,0.8336735427657733,0.1771908045051671,0.17872809721523475,0.01791767624295959,0.048737524742522687,1.0,,,0.2077254840592302,0.20955041897086812,-0.012904645512673785,0.08886822785380832,0.0,,,,,P4_N30_biweekly_B2_C_EW,P4,30,biweekly,2.0,current_classification_constrained,equal,E5,evaluation,2010-01-01,2024-12-31,2025
2021-01-04,2021-12-31,252,0.19162942338356492,0.19162942338356492,0.19162942338356492,,not_applicable_no_external_contributions,0.1552464156996318,-0.08501264493240657,35,1.2071209803898515,0.10695681038586702,3.118281358963055,30.0,0.0,0.033367497958393846,0.17367621831775715,0.8134634587646955,0.28728769487345307,0.28728769487345307,-0.09565827148988815,-0.03387119690890561,0.0,,,0.2741976405176627,0.2741976405176627,-0.08256821713409779,0.023502729043627824,0.0,,,,,P4_N30_biweekly_B2_U_EW,P4,30,biweekly,2.0,unconstrained,equal,E1,evaluation,2010-01-01,2020-12-31,2021
2022-01-03,2022-12-30,251,-0.06206637129470283,-0.06206637129470283,-0.06230577946144078,,not_applicable_no_external_contributions,0.20371183053426936,-0.177688166844018,250,-0.21415740265455133,0.14730346106098968,1.7885287229176283,30.0,0.0,0.03337246489119027,0.1738264494913396,1.0,-0.18175361295122916,-0.18240727005194868,0.1201014905905079,0.06727577176539123,1.0,,,-0.32577015948669175,-0.326828176140617,0.2645223966791762,0.17059148046579553,1.0,,,,,P4_N30_biweekly_B2_U_EW,P4,30,biweekly,2.0,unconstrained,equal,E2,evaluation,2010-01-01,2021-12-31,2022
2023-01-03,2023-12-29,250,0.11632918225857924,0.11632918225857924,0.11731239357227263,,not_applicable_no_external_contributions,0.11817373747558618,-0.09161581311020994,78,0.9977309397360955,0.08043476053065869,2.552766652877771,30.0,0.0,0.03336026941859545,0.17260528212922513,0.8974893989073862,0.26175777831245095,0.2641068904875523,-0.14679449691527968,0.008127395543708338,0.0,,,0.5485557706092534,0.5539830080583357,-0.43667061448606304,0.016183576211655226,0.0,,,,,P4_N30_biweekly_B2_U_EW,P4,30,biweekly,2.0,unconstrained,equal,E3,evaluation,2010-01-01,2022-12-31,2023
2024-01-02,2024-12-31,252,0.276028108045264,0.276028108045264,0.276028108045264,,not_applicable_no_external_contributions,0.15227515028477523,-0.11254962068861185,48,1.677331390852476,0.10068709743769622,2.3704990940653863,30.0,0.0,0.033382953185551796,0.17472221951922898,0.7888241930568272,0.24886449847111503,0.24886449847111503,0.027163609574148984,-0.02849342202484384,1.0,,,0.2557827307615481,0.2557827307615481,0.020245377283715893,0.0230278306262256,1.0,,,,,P4_N30_biweekly_B2_U_EW,P4,30,biweekly,2.0,unconstrained,equal,E4,evaluation,2010-01-01,2023-12-31,2024
2025-01-02,2025-12-31,250,0.1929103392846505,0.1929103392846505,0.19459492437217252,,not_applicable_no_external_contributions,0.1556092549458004,-0.13067584646946306,59,1.2203366901400536,0.10358555979371684,2.3175148639741767,30.0,0.0,0.0333817709505591,0.17459359656407247,0.8682166938074716,0.1771908045051671,0.17872809721523475,0.01586682715693777,0.05687649842481046,1.0,,,0.2077254840592302,0.20955041897086812,-0.014955494598695607,0.0970072015360961,0.0,,,,,P4_N30_biweekly_B2_U_EW,P4,30,biweekly,2.0,unconstrained,equal,E5,evaluation,2010-01-01,2024-12-31,2025
2021-01-04,2021-12-31,252,0.1664333889350711,0.1664333889350711,0.1664333889350711,,not_applicable_no_external_contributions,0.15022885121930332,-0.0746463091473496,43,1.1000536445276754,0.10545416110987357,6.753638723831797,30.0,0.0,0.033333333333333326,0.16666666666666663,0.8330326111368889,0.28728769487345307,0.28728769487345307,-0.12085430593838198,-0.02350486112384864,0.0,,,0.2741976405176627,0.2741976405176627,-0.10776425158259162,0.03386906482868479,0.0,,,,,P4_N30_daily_B1.5_C_EW,P4,30,daily,1.5,current_classification_constrained,equal,E1,evaluation,2010-01-01,2020-12-31,2021
2022-01-03,2022-12-30,251,-0.04864394749387824,-0.04864394749387824,-0.04883293734992533,,not_applicable_no_external_contributions,0.17904119598431445,-0.16442394197143928,250,-0.19039215269671103,0.1284611497600968,4.494372139997741,30.0,0.0,0.033333333333333326,0.16666666666666666,1.0,-0.18175361295122916,-0.18240727005194868,0.13357433270202335,0.08053999663796996,1.0,,,-0.32577015948669175,-0.326828176140617,0.27799523879069166,0.18385570533837425,1.0,,,,,P4_N30_daily_B1.5_C_EW,P4,30,daily,1.5,current_classification_constrained,equal,E2,evaluation,2010-01-01,2021-12-31,2022
2023-01-03,2023-12-29,250,0.07537385427774446,0.07537385427774446,0.07599920137487515,,not_applicable_no_external_contributions,0.12054562250594018,-0.10645069981108402,107,0.6678045891382755,0.0843458915327166,6.965808242279687,30.0,0.0,0.033333333333333326,0.16666666666666663,0.9390219761528085,0.26175777831245095,0.2641068904875523,-0.18810768911267717,-0.006707491157165735,0.0,,,0.5485557706092534,0.5539830080583357,-0.4779838066834605,0.0013486895107811536,0.0,,,,,P4_N30_daily_B1.5_C_EW,P4,30,daily,1.5,current_classification_constrained,equal,E3,evaluation,2010-01-01,2022-12-31,2023
2024-01-02,2024-12-31,252,0.22181957335984093,0.22181957335984093,0.22181957335984093,,not_applicable_no_external_contributions,0.12957515752589824,-0.08847720283503768,47,1.6112823663162916,0.08569542094522685,5.908870674345751,30.0,0.0,0.033333333333333326,0.16666666666666663,0.7821323280036975,0.24886449847111503,0.24886449847111503,-0.0270449251112741,-0.004421004171269671,0.0,,,0.2557827307615481,0.2557827307615481,-0.03396315740170719,0.04710024847979977,0.0,,,,,P4_N30_daily_B1.5_C_EW,P4,30,daily,1.5,current_classification_constrained,equal,E4,evaluation,2010-01-01,2023-12-31,2024
2025-01-02,2025-12-31,250,0.1927719597492059,0.1927719597492059,0.1944552408873399,,not_applicable_no_external_contributions,0.16509751836682685,-0.16205556004116362,90,1.1587313381184565,0.11248011295510645,6.0699560536004835,30.0,0.0,0.033333333333333326,0.16666666666666663,0.8161064157553389,0.1771908045051671,0.17872809721523475,0.01572714367210515,0.02549678485310991,1.0,,,0.2077254840592302,0.20955041897086812,-0.015095178083528227,0.06562748796439555,0.0,,,,,P4_N30_daily_B1.5_C_EW,P4,30,daily,1.5,current_classification_constrained,equal,E5,evaluation,2010-01-01,2024-12-31,2025
2021-01-04,2021-12-31,252,0.18842907077736415,0.18842907077736415,0.18842907077736415,,not_applicable_no_external_contributions,0.16123065485508464,-0.08210624707099634,110,1.1515250744268917,0.11265658909910611,6.5622677487265975,30.0,0.0,0.033333333333333326,0.16666666666666663,0.753484902153763,0.28728769487345307,0.28728769487345307,-0.09885862409608892,-0.030964799047495384,0.0,,,0.2741976405176627,0.2741976405176627,-0.08576856974029856,0.02640912690503805,0.0,,,,,P4_N30_daily_B1.5_U_EW,P4,30,daily,1.5,unconstrained,equal,E1,evaluation,2010-01-01,2020-12-31,2021
2022-01-03,2022-12-30,251,-0.057945168092186305,-0.057945168092186305,-0.05816917709950964,,not_applicable_no_external_contributions,0.17963004630687743,-0.17637946444931163,250,-0.2440755753740302,0.12962386313950158,4.563215863921121,30.0,0.0,0.033333333333333326,0.16666666666666666,1.0,-0.18175361295122916,-0.18240727005194868,0.12423809295243904,0.06858447416009761,1.0,,,-0.32577015948669175,-0.326828176140617,0.26865899904110735,0.1719001828605019,1.0,,,,,P4_N30_daily_B1.5_U_EW,P4,30,daily,1.5,unconstrained,equal,E2,evaluation,2010-01-01,2021-12-31,2022
2023-01-03,2023-12-29,250,0.14318788137847616,0.14318788137847616,0.144412394772359,,not_applicable_no_external_contributions,0.1379606314710072,-0.10829211357975743,106,1.0467472799785593,0.09474835463505159,5.756268842540197,30.0,0.0,0.033333333333333326,0.16666666666666663,0.9433700607359725,0.26175777831245095,0.2641068904875523,-0.1196944957151933,-0.008548904925839151,0.0,,,0.5485557706092534,0.5539830080583357,-0.40957061328597666,-0.000492724257892263,0.0,,,,,P4_N30_daily_B1.5_U_EW,P4,30,daily,1.5,unconstrained,equal,E3,evaluation,2010-01-01,2022-12-31,2023
2024-01-02,2024-12-31,252,0.27476718385919474,0.27476718385919474,0.27476718385919474,,not_applicable_no_external_contributions,0.14735977960326924,-0.0885978339435094,45,1.7215528282102166,0.09594694473974907,5.628690316869622,30.0,0.0,0.033333333333333326,0.16666666666666663,0.7902321337911201,0.24886449847111503,0.24886449847111503,0.025902685388079716,-0.004541635279741385,1.0,,,0.2557827307615481,0.2557827307615481,0.018984453097646625,0.04697961737132805,1.0,,,,,P4_N30_daily_B1.5_U_EW,P4,30,daily,1.5,unconstrained,equal,E4,evaluation,2010-01-01,2023-12-31,2024
2025-01-02,2025-12-31,250,0.18545327572576276,0.18545327572576276,0.1870677780713368,,not_applicable_no_external_contributions,0.1714636155618621,-0.1628774419335718,89,1.0857456135957078,0.117802547037623,5.954081172394846,30.0,0.0,0.033333333333333326,0.16666666666666663,0.7799247457777614,0.1771908045051671,0.17872809721523475,0.008339680856102039,0.02467490296070174,1.0,,,0.2077254840592302,0.20955041897086812,-0.022482640899531336,0.06480560607198738,0.0,,,,,P4_N30_daily_B1.5_U_EW,P4,30,daily,1.5,unconstrained,equal,E5,evaluation,2010-01-01,2024-12-31,2025
2021-01-04,2021-12-31,252,0.20013086956023574,0.20013086956023574,0.20013086956023574,,not_applicable_no_external_contributions,0.14898342642784906,-0.06801607903708207,52,1.2992689458036089,0.1033906410055948,23.201803247779665,30.0,0.0,0.033333333333333326,0.16666666666666663,0.7700085610057662,0.28728769487345307,0.28728769487345307,-0.08715682531321733,-0.01687463101358111,0.0,,,0.2741976405176627,0.2741976405176627,-0.07406677095742698,0.040499294938952324,0.0,,,,,P4_N30_daily_B1_C_EW,P4,30,daily,1.0,current_classification_constrained,equal,E1,evaluation,2010-01-01,2020-12-31,2021
2022-01-03,2022-12-30,251,-0.06501602339852042,-0.06501602339852042,-0.06526640870031053,,not_applicable_no_external_contributions,0.17267145825862093,-0.17187932813933715,250,-0.30474729683408575,0.12548849322718952,17.61778391111494,30.0,0.0,0.033333333333333326,0.16666666666666666,1.0,-0.18175361295122916,-0.18240727005194868,0.11714086135163815,0.07308461047007209,1.0,,,-0.32577015948669175,-0.326828176140617,0.26156176744030646,0.17640031917047638,1.0,,,,,P4_N30_daily_B1_C_EW,P4,30,daily,1.0,current_classification_constrained,equal,E2,evaluation,2010-01-01,2021-12-31,2022
2023-01-03,2023-12-29,250,0.0797344066961665,0.0797344066961665,0.08039726546801318,,not_applicable_no_external_contributions,0.1263542522959524,-0.11599617052478017,114,0.6750441705281263,0.08805312236560806,22.33048471834771,30.0,0.0,0.033333333333333326,0.16666666666666663,0.9412689271531235,0.26175777831245095,0.2641068904875523,-0.18370962501953914,-0.016252961870861893,0.0,,,0.5485557706092534,0.5539830080583357,-0.4735857425903225,-0.008196781202915004,0.0,,,,,P4_N30_daily_B1_C_EW,P4,30,daily,1.0,current_classification_constrained,equal,E3,evaluation,2010-01-01,2022-12-31,2023
2024-01-02,2024-12-31,252,0.29590542353996985,0.29590542353996985,0.29590542353996985,,not_applicable_no_external_contributions,0.12735433241544142,-0.07155080895506594,47,2.0998227799480897,0.0824462431690172,20.825459056959286,30.0,0.0,0.033333333333333326,0.16666666666666663,0.7519338722997883,0.24886449847111503,0.24886449847111503,0.04704092506885482,0.012505389708702075,1.0,,,0.2557827307615481,0.2557827307615481,0.04012269277842173,0.06402664235977151,1.0,,,,,P4_N30_daily_B1_C_EW,P4,30,daily,1.0,current_classification_constrained,equal,E4,evaluation,2010-01-01,2023-12-31,2024
2025-01-02,2025-12-31,250,0.20037374835250232,0.20037374835250232,0.2021288527366265,,not_applicable_no_external_contributions,0.15156130917445917,-0.1514283245912954,85,1.2907902478786688,0.10504260353718298,21.542652105877156,30.0,0.0,0.033333333333333326,0.16666666666666663,0.8122400683071134,0.1771908045051671,0.17872809721523475,0.02340075552139176,0.03612402030297812,1.0,,,0.2077254840592302,0.20955041897086812,-0.007421566234241617,0.07625472341426376,0.0,,,,,P4_N30_daily_B1_C_EW,P4,30,daily,1.0,current_classification_constrained,equal,E5,evaluation,2010-01-01,2024-12-31,2025
2021-01-04,2021-12-31,252,0.20694519336170947,0.20694519336170947,0.20694519336170947,,not_applicable_no_external_contributions,0.16172904987185677,-0.07362346835605582,52,1.2441335488895344,0.11192268508298728,28.362753249021054,30.0,0.0,0.033333333333333326,0.16666666666666663,0.798075636597546,0.28728769487345307,0.28728769487345307,-0.0803425015117436,-0.022482020332554864,0.0,,,0.2741976405176627,0.2741976405176627,-0.06725244715595324,0.03489190561997857,0.0,,,,,P4_N30_daily_B1_U_EW,P4,30,daily,1.0,unconstrained,equal,E1,evaluation,2010-01-01,2020-12-31,2021
2022-01-03,2022-12-30,251,-0.031577268517446355,-0.031577268517446355,-0.031701058909186064,,not_applicable_no_external_contributions,0.16880216710610038,-0.14887425293855983,250,-0.1067045712372542,0.12150870775220625,17.75559615950663,30.0,0.0,0.033333333333333326,0.16666666666666666,1.0,-0.18175361295122916,-0.18240727005194868,0.1507062111427626,0.09608968567084941,1.0,,,-0.32577015948669175,-0.326828176140617,0.2951271172314309,0.1994053943712537,1.0,,,,,P4_N30_daily_B1_U_EW,P4,30,daily,1.0,unconstrained,equal,E2,evaluation,2010-01-01,2021-12-31,2022
2023-01-03,2023-12-29,250,0.17057230146048163,0.17057230146048163,0.17204808441378328,,not_applicable_no_external_contributions,0.14272245873251854,-0.10448543417456913,100,1.183795597269571,0.09818823962441982,25.040643970421716,30.0,0.0,0.033333333333333326,0.16666666666666663,0.9495683944176737,0.26175777831245095,0.2641068904875523,-0.09205880607376904,-0.004742225520650845,0.0,,,0.5485557706092534,0.5539830080583357,-0.3819349236445524,0.003313955147296044,0.0,,,,,P4_N30_daily_B1_U_EW,P4,30,daily,1.0,unconstrained,equal,E3,evaluation,2010-01-01,2022-12-31,2023
2024-01-02,2024-12-31,252,0.2971720814824239,0.2971720814824239,0.2971720814824239,,not_applicable_no_external_contributions,0.14700950261079462,-0.08014301685354985,54,1.8439716742762635,0.09597110320521297,25.122595996194814,30.0,0.0,0.033333333333333326,0.16666666666666663,0.7601932652802696,0.24886449847111503,0.24886449847111503,0.048307583011308886,0.003913181810218158,1.0,,,0.2557827307615481,0.2557827307615481,0.041389350720875795,0.055434434461287596,1.0,,,,,P4_N30_daily_B1_U_EW,P4,30,daily,1.0,unconstrained,equal,E4,evaluation,2010-01-01,2023-12-31,2024
2025-01-02,2025-12-31,250,0.2170804425140913,0.2170804425140913,0.2189947578652769,,not_applicable_no_external_contributions,0.1627025389648066,-0.15187815935158877,86,1.2989155993583241,0.11448788856328282,23.933134932983013,30.0,0.0,0.033333333333333326,0.16666666666666663,0.875369565458303,0.1771908045051671,0.17872809721523475,0.04026666065004214,0.035674185542684755,1.0,,,0.2077254840592302,0.20955041897086812,0.009444338894408766,0.07580488865397039,1.0,,,,,P4_N30_daily_B1_U_EW,P4,30,daily,1.0,unconstrained,equal,E5,evaluation,2010-01-01,2024-12-31,2025
2021-01-04,2021-12-31,252,0.2070195162536541,0.2070195162536541,0.2070195162536541,,not_applicable_no_external_contributions,0.14738411878607457,-0.07331552655453899,35,1.3505891497692795,0.1011289394749618,5.312108911604942,30.0,0.0,0.033333333333333326,0.16666666666666663,0.7967336530994497,0.28728769487345307,0.28728769487345307,-0.08026817861979896,-0.022174078531038033,0.0,,,0.2741976405176627,0.2741976405176627,-0.0671781242640086,0.0351998474214954,0.0,,,,,P4_N30_daily_B2_C_EW,P4,30,daily,2.0,current_classification_constrained,equal,E1,evaluation,2010-01-01,2020-12-31,2021
2022-01-03,2022-12-30,251,-0.05298501629246011,-0.05298501629246011,-0.05319039577217921,,not_applicable_no_external_contributions,0.18941928707543013,-0.16783319516156192,250,-0.19408883241964361,0.13641152393980852,3.603040502838043,30.0,0.0,0.033333333333333326,0.16666666666666666,1.0,-0.18175361295122916,-0.18240727005194868,0.12921687427976947,0.07713074344784732,1.0,,,-0.32577015948669175,-0.326828176140617,0.2736377803684378,0.1804464521482516,1.0,,,,,P4_N30_daily_B2_C_EW,P4,30,daily,2.0,current_classification_constrained,equal,E2,evaluation,2010-01-01,2021-12-31,2022
2023-01-03,2023-12-29,250,0.10417583627820348,0.10417583627820348,0.10505156696875884,,not_applicable_no_external_contributions,0.12120848810530914,-0.10408042007949603,106,0.8846648299252288,0.08290502181630396,4.521628457420636,30.0,0.0,0.033333333333333326,0.16666666666666663,0.9079881264542746,0.26175777831245095,0.2641068904875523,-0.15905532351879348,-0.004337211425577747,0.0,,,0.5485557706092534,0.5539830080583357,-0.44893144108957683,0.003718969242369141,0.0,,,,,P4_N30_daily_B2_C_EW,P4,30,daily,2.0,current_classification_constrained,equal,E3,evaluation,2010-01-01,2022-12-31,2023
2024-01-02,2024-12-31,252,0.24139818949601843,0.24139818949601843,0.24139818949601843,,not_applicable_no_external_contributions,0.1258912759571932,-0.08853713432607768,37,1.7810783579835152,0.08243000234911588,4.104604763602072,30.0,0.0,0.033333333333333326,0.16666666666666663,0.7708057558823694,0.24886449847111503,0.24886449847111503,-0.007466308975096592,-0.004480935662309671,0.0,,,0.2557827307615481,0.2557827307615481,-0.014384541265529682,0.04704031698875977,0.0,,,,,P4_N30_daily_B2_C_EW,P4,30,daily,2.0,current_classification_constrained,equal,E4,evaluation,2010-01-01,2023-12-31,2024
2025-01-02,2025-12-31,250,0.19902278715918476,0.19902278715918476,0.20076509891011596,,not_applicable_no_external_contributions,0.1496408035793464,-0.12773326912568095,60,1.2975295712670536,0.10027784975548756,4.325877830165884,30.0,0.0,0.033333333333333326,0.16666666666666663,0.8878045041871367,0.1771908045051671,0.17872809721523475,0.02203700169488121,0.05981907576859258,1.0,,,0.2077254840592302,0.20955041897086812,-0.008785320060752166,0.09994977887987821,0.0,,,,,P4_N30_daily_B2_C_EW,P4,30,daily,2.0,current_classification_constrained,equal,E5,evaluation,2010-01-01,2024-12-31,2025
2021-01-04,2021-12-31,252,0.20957401475935233,0.20957401475935233,0.20957401475935233,,not_applicable_no_external_contributions,0.15569805621521304,-0.0790392633618966,34,1.3001320405353824,0.10681989861710645,5.112109159475072,30.0,0.0,0.033333333333333326,0.16666666666666663,0.809114349996438,0.28728769487345307,0.28728769487345307,-0.07771368011410074,-0.027897815338395637,0.0,,,0.2741976405176627,0.2741976405176627,-0.06462362575831038,0.029476110614137796,0.0,,,,,P4_N30_daily_B2_U_EW,P4,30,daily,2.0,unconstrained,equal,E1,evaluation,2010-01-01,2020-12-31,2021
2022-01-03,2022-12-30,251,-0.06851176597957509,-0.06851176597957509,-0.0687751125008178,,not_applicable_no_external_contributions,0.19952565543460485,-0.18215950930118574,250,-0.2575916652943981,0.1440283695246648,3.6542349428959304,30.0,0.0,0.033333333333333326,0.16666666666666666,1.0,-0.18175361295122916,-0.18240727005194868,0.11363215755113087,0.0628044293082235,1.0,,,-0.32577015948669175,-0.326828176140617,0.2580530636397992,0.1661201380086278,1.0,,,,,P4_N30_daily_B2_U_EW,P4,30,daily,2.0,unconstrained,equal,E2,evaluation,2010-01-01,2021-12-31,2022
2023-01-03,2023-12-29,250,0.1292161358562669,0.1292161358562669,0.1303144819161366,,not_applicable_no_external_contributions,0.1259279434460757,-0.10523933330114921,106,1.0356990647722155,0.08551436293589974,4.663379516261758,30.0,0.0,0.033333333333333326,0.16666666666666663,0.9097851297314288,0.26175777831245095,0.2641068904875523,-0.13379240857141572,-0.005496124647230927,0.0,,,0.5485557706092534,0.5539830080583357,-0.4236685261421991,0.0025600560207159617,0.0,,,,,P4_N30_daily_B2_U_EW,P4,30,daily,2.0,unconstrained,equal,E3,evaluation,2010-01-01,2022-12-31,2023
2024-01-02,2024-12-31,252,0.30058633685352665,0.30058633685352665,0.30058633685352665,,not_applicable_no_external_contributions,0.15363483953869328,-0.11821778392326832,51,1.7880028333699485,0.10031841124814687,4.4345949847613735,30.0,0.0,0.033333333333333326,0.16666666666666663,0.7406690345185081,0.24886449847111503,0.24886449847111503,0.05172183838241162,-0.034161585259500304,1.0,,,0.2557827307615481,0.2557827307615481,0.04480360609197853,0.017359667391569134,1.0,,,,,P4_N30_daily_B2_U_EW,P4,30,daily,2.0,unconstrained,equal,E4,evaluation,2010-01-01,2023-12-31,2024
2025-01-02,2025-12-31,250,0.21550145047151337,0.21550145047151337,0.2174006387370404,,not_applicable_no_external_contributions,0.1525963335311867,-0.12496179483581249,59,1.3656270247858664,0.10351039065761464,4.324218991167651,30.0,0.0,0.033333333333333326,0.16666666666666663,0.8721055057605147,0.1771908045051671,0.17872809721523475,0.03867254152180566,0.06259055005846104,1.0,,,0.2077254840592302,0.20955041897086812,0.007850219766172284,0.10272125316974667,1.0,,,,,P4_N30_daily_B2_U_EW,P4,30,daily,2.0,unconstrained,equal,E5,evaluation,2010-01-01,2024-12-31,2025
2021-01-04,2021-12-31,252,0.1781334539949564,0.1781334539949564,0.1781334539949564,,not_applicable_no_external_contributions,0.15107906478783908,-0.0760324512082543,41,1.160821569916549,0.10592537317040104,3.975999693607581,30.0,0.0,0.033411236589039765,0.1777504456891172,0.7559716979231812,0.28728769487345307,0.28728769487345307,-0.10915424087849668,-0.024891003184753346,0.0,,,0.2741976405176627,0.2741976405176627,-0.09606418652270632,0.03248292276778009,0.0,,,,,P4_N30_monthly_B1.5_C_EW,P4,30,monthly,1.5,current_classification_constrained,equal,E1,evaluation,2010-01-01,2020-12-31,2021
2022-01-03,2022-12-30,251,-0.04934062630694025,-0.04934062630694025,-0.049532251806592376,,not_applicable_no_external_contributions,0.18267745265624308,-0.17351155018867737,250,-0.18697161981309118,0.1327102443371243,2.052144412542157,30.0,0.0,0.03341625610345944,0.17701173263580772,1.0,-0.18175361295122916,-0.18240727005194868,0.1328750182453563,0.07145238842073187,1.0,,,-0.32577015948669175,-0.326828176140617,0.2772959243340246,0.17476809712113617,1.0,,,,,P4_N30_monthly_B1.5_C_EW,P4,30,monthly,1.5,current_classification_constrained,equal,E2,evaluation,2010-01-01,2021-12-31,2022
2023-01-03,2023-12-29,250,0.11379283834935161,0.11379283834935161,0.11475353041880276,,not_applicable_no_external_contributions,0.12500659411681508,-0.09561116791357127,106,0.9314834719960151,0.08586108680400095,3.1224430697694077,30.0,0.0,0.033403652036057295,0.17691968255982665,0.9307484902036501,0.26175777831245095,0.2641068904875523,-0.14935336006874955,0.004132040740347009,0.0,,,0.5485557706092534,0.5539830080583357,-0.4392294776395329,0.012188221408293898,0.0,,,,,P4_N30_monthly_B1.5_C_EW,P4,30,monthly,1.5,current_classification_constrained,equal,E3,evaluation,2010-01-01,2022-12-31,2023
2024-01-02,2024-12-31,252,0.27309977585281286,0.27309977585281286,0.27309977585281286,,not_applicable_no_external_contributions,0.12660023525405106,-0.07632062539364193,47,1.9711649713860437,0.0821645420260957,2.920838537937395,30.0,0.0,0.03343869586944564,0.17978933550828424,0.7725904952810672,0.24886449847111503,0.24886449847111503,0.02423527738169784,0.007735573270126084,1.0,,,0.2557827307615481,0.2557827307615481,0.01731704509126475,0.05925682592119552,1.0,,,,,P4_N30_monthly_B1.5_C_EW,P4,30,monthly,1.5,current_classification_constrained,equal,E4,evaluation,2010-01-01,2023-12-31,2024
2025-01-02,2025-12-31,250,0.20050644221036662,0.20050644221036662,0.20226280377259043,,not_applicable_no_external_contributions,0.16710121294355598,-0.16017349996560581,62,1.185640631452142,0.11242852899074185,2.5395778576156935,30.0,0.0,0.033432284208953604,0.17951291179675904,0.8278164394779279,0.1771908045051671,0.17872809721523475,0.023534706557355678,0.02737884492866771,1.0,,,0.2077254840592302,0.20955041897086812,-0.007287615198277697,0.06750954803995335,0.0,,,,,P4_N30_monthly_B1.5_C_EW,P4,30,monthly,1.5,current_classification_constrained,equal,E5,evaluation,2010-01-01,2024-12-31,2025
2021-01-04,2021-12-31,252,0.18856858799943366,0.18856858799943366,0.18856858799943366,,not_applicable_no_external_contributions,0.16392891878934,-0.08644502232891116,38,1.1359064301194608,0.11290518393432844,3.788813189789939,30.0,0.0,0.03341077103399928,0.17781565641294123,0.7920531445101135,0.28728769487345307,0.28728769487345307,-0.09871910687401941,-0.0353035743054102,0.0,,,0.2741976405176627,0.2741976405176627,-0.08562905251822905,0.022070351647123232,0.0,,,,,P4_N30_monthly_B1.5_U_EW,P4,30,monthly,1.5,unconstrained,equal,E1,evaluation,2010-01-01,2020-12-31,2021
2022-01-03,2022-12-30,251,-0.054506449772574905,-0.054506449772574905,-0.05471755458186989,,not_applicable_no_external_contributions,0.18037608114741902,-0.17605048920208044,250,-0.22196781740948146,0.1319313971635249,2.0488782840186133,30.0,0.0,0.03341347561426881,0.1768657618528356,1.0,-0.18175361295122916,-0.18240727005194868,0.1276897154700788,0.0689134494073288,1.0,,,-0.32577015948669175,-0.326828176140617,0.2721106215587471,0.1722291581077331,1.0,,,,,P4_N30_monthly_B1.5_U_EW,P4,30,monthly,1.5,unconstrained,equal,E2,evaluation,2010-01-01,2021-12-31,2022
2023-01-03,2023-12-29,250,0.15986521661446518,0.15986521661446518,0.16124213266716736,,not_applicable_no_external_contributions,0.13635030775765256,-0.10148054413753171,105,1.164618104424523,0.0927509987100682,2.815340761762792,30.0,0.0,0.03340702849415995,0.1772543754801629,0.9126220107743512,0.26175777831245095,0.2641068904875523,-0.10286475782038496,-0.0017373354836134336,0.0,,,0.5485557706092534,0.5539830080583357,-0.3927408753911683,0.006318845184333455,0.0,,,,,P4_N30_monthly_B1.5_U_EW,P4,30,monthly,1.5,unconstrained,equal,E3,evaluation,2010-01-01,2022-12-31,2023
2024-01-02,2024-12-31,252,0.27543026073987575,0.27543026073987575,0.27543026073987575,,not_applicable_no_external_contributions,0.15926803552283628,-0.10957323391737084,63,1.6075505040349385,0.10569639958600306,2.75637229457136,30.0,0.0,0.033449064313659155,0.18059534103795855,0.7763544856632801,0.24886449847111503,0.24886449847111503,0.02656576226876073,-0.025517035253602827,1.0,,,0.2557827307615481,0.2557827307615481,0.019647529978327638,0.02600421739746661,1.0,,,,,P4_N30_monthly_B1.5_U_EW,P4,30,monthly,1.5,unconstrained,equal,E4,evaluation,2010-01-01,2023-12-31,2024
2025-01-02,2025-12-31,250,0.20230482331051314,0.20230482331051314,0.20407823490525212,,not_applicable_no_external_contributions,0.17183875822131384,-0.15872535606050642,70,1.1665118595876853,0.11773489629461699,2.5394455078005933,30.0,0.0,0.03343553650328869,0.1796397914415696,0.8287475716024878,0.1771908045051671,0.17872809721523475,0.02535013769001737,0.02882698883376711,1.0,,,0.2077254840592302,0.20955041897086812,-0.005472184065616004,0.06895769194505275,0.0,,,,,P4_N30_monthly_B1.5_U_EW,P4,30,monthly,1.5,unconstrained,equal,E5,evaluation,2010-01-01,2024-12-31,2025
2021-01-04,2021-12-31,252,0.2055340423714036,0.2055340423714036,0.2055340423714036,,not_applicable_no_external_contributions,0.14810282294923424,-0.07035070200842597,34,1.336477976421978,0.10274303515882797,4.547562771733458,30.0,0.0,0.03341158062132218,0.1777821283134664,0.7616479407247939,0.28728769487345307,0.28728769487345307,-0.08175365250204947,-0.019209253984925012,0.0,,,0.2741976405176627,0.2741976405176627,-0.06866359814625911,0.03816467196760842,0.0,,,,,P4_N30_monthly_B1_C_EW,P4,30,monthly,1.0,current_classification_constrained,equal,E1,evaluation,2010-01-01,2020-12-31,2021
2022-01-03,2022-12-30,251,-0.0631547190095526,-0.0631547190095526,-0.06339818178866952,,not_applicable_no_external_contributions,0.17527938725516806,-0.18508889810896278,250,-0.28623219604541905,0.12748857492477786,3.8336744225506463,30.0,0.0,0.03340485872461337,0.17615711333758563,1.0,-0.18175361295122916,-0.18240727005194868,0.11900908826327916,0.05987504050044645,1.0,,,-0.32577015948669175,-0.326828176140617,0.26342999435194747,0.16319074920085075,1.0,,,,,P4_N30_monthly_B1_C_EW,P4,30,monthly,1.0,current_classification_constrained,equal,E2,evaluation,2010-01-01,2021-12-31,2022
2023-01-03,2023-12-29,250,0.13500621111436728,0.13500621111436728,0.1361566742376943,,not_applicable_no_external_contributions,0.12205515252656557,-0.09799761707233201,94,1.1069120367099106,0.08305195182482543,4.476654569654048,30.0,0.0,0.03339321114047408,0.17628143019157538,0.9008322025883088,0.26175777831245095,0.2641068904875523,-0.12795021624985803,0.00174559158158627,0.0,,,0.5485557706092534,0.5539830080583357,-0.4178263338206414,0.009801772249533158,0.0,,,,,P4_N30_monthly_B1_C_EW,P4,30,monthly,1.0,current_classification_constrained,equal,E3,evaluation,2010-01-01,2022-12-31,2023
2024-01-02,2024-12-31,252,0.24399092785786092,0.24399092785786092,0.24399092785786092,,not_applicable_no_external_contributions,0.12955946983029445,-0.08617898130747015,47,1.7503754298087073,0.08487097419666076,4.228035852560755,30.0,0.0,0.03343942332529388,0.17994920885405177,0.7860872528803166,0.24886449847111503,0.24886449847111503,-0.004873570613254108,-0.002122782643702137,0.0,,,0.2557827307615481,0.2557827307615481,-0.011791802903687199,0.0493984700073673,0.0,,,,,P4_N30_monthly_B1_C_EW,P4,30,monthly,1.0,current_classification_constrained,equal,E4,evaluation,2010-01-01,2023-12-31,2024
2025-01-02,2025-12-31,250,0.16420757093283989,0.16420757093283989,0.16562448756386372,,not_applicable_no_external_contributions,0.1575278017524976,-0.15498730555708984,85,1.0517412539932598,0.10963880199986852,4.574954513262721,30.0,0.0,0.03343661025686488,0.17957926534517352,0.8302987421274924,0.1771908045051671,0.17872809721523475,-0.013103609651371029,0.03256503933718369,0.0,,,0.2077254840592302,0.20955041897086812,-0.043925931407004404,0.07269574244846932,0.0,,,,,P4_N30_monthly_B1_C_EW,P4,30,monthly,1.0,current_classification_constrained,equal,E5,evaluation,2010-01-01,2024-12-31,2025
2021-01-04,2021-12-31,252,0.23447031819657238,0.23447031819657238,0.23447031819657238,,not_applicable_no_external_contributions,0.16017648003420631,-0.07530579666214976,35,1.3955014359301192,0.10968403136069943,5.466697780154469,30.0,0.0,0.033413348678706566,0.17793582286879306,0.8048217344595411,0.28728769487345307,0.28728769487345307,-0.05281737667688069,-0.024164348638648803,0.0,,,0.2741976405176627,0.2741976405176627,-0.03972732232109033,0.03320957731388463,0.0,,,,,P4_N30_monthly_B1_U_EW,P4,30,monthly,1.0,unconstrained,equal,E1,evaluation,2010-01-01,2020-12-31,2021
2022-01-03,2022-12-30,251,-0.048849982482400356,-0.048849982482400356,-0.049039752013185445,,not_applicable_no_external_contributions,0.17094283527426027,-0.1839884204056096,250,-0.20890568374304022,0.12427580450256726,3.8870668788690432,30.0,0.0,0.033403247425111776,0.17606231350510312,1.0,-0.18175361295122916,-0.18240727005194868,0.13336751803876323,0.06097551820379965,1.0,,,-0.32577015948669175,-0.326828176140617,0.27778842412743154,0.16429122690420395,1.0,,,,,P4_N30_monthly_B1_U_EW,P4,30,monthly,1.0,unconstrained,equal,E2,evaluation,2010-01-01,2021-12-31,2022
2023-01-03,2023-12-29,250,0.22383612118160112,0.22383612118160112,0.22581534396288672,,not_applicable_no_external_contributions,0.13860851071756541,-0.09546158424717,89,1.5385625898823623,0.09311120001039379,4.5693243064569184,30.0,0.0,0.03341173098842015,0.17751164096337768,0.873327084862818,0.26175777831245095,0.2641068904875523,-0.0382915465246656,0.004281624406748286,0.0,,,0.5485557706092534,0.5539830080583357,-0.32816766409544895,0.012337805074695174,0.0,,,,,P4_N30_monthly_B1_U_EW,P4,30,monthly,1.0,unconstrained,equal,E3,evaluation,2010-01-01,2022-12-31,2023
2024-01-02,2024-12-31,252,0.27927948834997385,0.27927948834997385,0.27927948834997385,,not_applicable_no_external_contributions,0.14853875096096805,-0.09301321759529235,46,1.732866837813267,0.09653881121232166,4.775966352756034,30.0,0.0,0.033445349430150206,0.18033417428232343,0.7777621111831775,0.24886449847111503,0.24886449847111503,0.030414989878858822,-0.008957018931524341,1.0,,,0.2557827307615481,0.2557827307615481,0.023496757588425732,0.0425642337195451,1.0,,,,,P4_N30_monthly_B1_U_EW,P4,30,monthly,1.0,unconstrained,equal,E4,evaluation,2010-01-01,2023-12-31,2024
2025-01-02,2025-12-31,250,0.18782118615755916,0.18782118615755916,0.18945790159424392,,not_applicable_no_external_contributions,0.1667352337594639,-0.15498730555708928,85,1.1240987117385155,0.11663775948337553,4.462287242730316,30.0,0.0,0.033442436180854386,0.18002614862995484,0.8395691556327687,0.1771908045051671,0.17872809721523475,0.010729804379009167,0.03256503933718424,1.0,,,0.2077254840592302,0.20955041897086812,-0.020092517376624208,0.07269574244846988,0.0,,,,,P4_N30_monthly_B1_U_EW,P4,30,monthly,1.0,unconstrained,equal,E5,evaluation,2010-01-01,2024-12-31,2025
2021-01-04,2021-12-31,252,0.22316962828414155,0.22316962828414155,0.22316962828414155,,not_applicable_no_external_contributions,0.14812938963668815,-0.06829012281048419,35,1.4343283158619229,0.10076911496914942,2.58416538974493,30.0,0.0,0.0334068513057513,0.1776178494771658,0.7829263482696485,0.28728769487345307,0.28728769487345307,-0.06411806658931152,-0.01714867478698323,0.0,,,0.2741976405176627,0.2741976405176627,-0.05102801223352116,0.0402252511655502,0.0,,,,,P4_N30_monthly_B2_C_EW,P4,30,monthly,2.0,current_classification_constrained,equal,E1,evaluation,2010-01-01,2020-12-31,2021
2022-01-03,2022-12-30,251,-0.09006797775921427,-0.09006797775921427,-0.09041008188942856,,not_applicable_no_external_contributions,0.19882195458189997,-0.190457985547831,250,-0.3773612791802107,0.14460471464699648,1.4550603926006167,30.0,0.0,0.03341505209097036,0.17718044112062722,1.0,-0.18175361295122916,-0.18240727005194868,0.09199718816252012,0.05450595306157824,1.0,,,-0.32577015948669175,-0.326828176140617,0.23641809425118843,0.15782166176198253,1.0,,,,,P4_N30_monthly_B2_C_EW,P4,30,monthly,2.0,current_classification_constrained,equal,E2,evaluation,2010-01-01,2021-12-31,2022
2023-01-03,2023-12-29,250,0.1152170363780971,0.1152170363780971,0.11619036763445423,,not_applicable_no_external_contributions,0.1167520907833684,-0.09226631423827192,86,0.9998407505635093,0.07918758998262149,1.917149654468185,30.0,0.0,0.03340366917155843,0.17695554236101002,0.918414887231242,0.26175777831245095,0.2641068904875523,-0.1479165228530981,0.007476894415646362,0.0,,,0.5485557706092534,0.5539830080583357,-0.43779264042388144,0.01553307508359325,0.0,,,,,P4_N30_monthly_B2_C_EW,P4,30,monthly,2.0,current_classification_constrained,equal,E3,evaluation,2010-01-01,2022-12-31,2023
2024-01-02,2024-12-31,252,0.25919945919753884,0.25919945919753884,0.25919945919753884,,not_applicable_no_external_contributions,0.12504280121911732,-0.08850672281163774,33,1.9063216533301157,0.08317803778024996,1.9203498532997996,30.0,0.0,0.033422380762170543,0.1788650675786802,0.743363385113148,0.24886449847111503,0.24886449847111503,0.010334960726423814,-0.004450524147869728,1.0,,,0.2557827307615481,0.2557827307615481,0.0034167284359907235,0.04707072850319971,1.0,,,,,P4_N30_monthly_B2_C_EW,P4,30,monthly,2.0,current_classification_constrained,equal,E4,evaluation,2010-01-01,2023-12-31,2024
2025-01-02,2025-12-31,250,0.2077212920941618,0.2077212920941618,0.20954618708519046,,not_applicable_no_external_contributions,0.1594259493583578,-0.14480782563918004,63,1.272914144813018,0.10586699686259363,1.6449501006368996,30.0,0.0,0.033425258785415295,0.17902679329132878,0.7899055439523015,0.1771908045051671,0.17872809721523475,0.03081808986995571,0.04274451925509348,1.0,,,0.2077254840592302,0.20955041897086812,-4.231885677663527e-06,0.08287522236637912,0.0,,,,,P4_N30_monthly_B2_C_EW,P4,30,monthly,2.0,current_classification_constrained,equal,E5,evaluation,2010-01-01,2024-12-31,2025
2021-01-04,2021-12-31,252,0.2222771918877422,0.2222771918877422,0.2222771918877422,,not_applicable_no_external_contributions,0.16002691224839483,-0.09711061122781639,37,1.3345764041793817,0.10997944249658474,2.5759614910842714,30.0,0.0,0.03340779327509783,0.17772418158536188,0.8188702902649758,0.28728769487345307,0.28728769487345307,-0.06501050298571087,-0.04596916320431543,0.0,,,0.2741976405176627,0.2741976405176627,-0.05192044862992051,0.011404762748218,0.0,,,,,P4_N30_monthly_B2_U_EW,P4,30,monthly,2.0,unconstrained,equal,E1,evaluation,2010-01-01,2020-12-31,2021
2022-01-03,2022-12-30,251,-0.07788504991520773,-0.07788504991520773,-0.07818289044527638,,not_applicable_no_external_contributions,0.20160703572031186,-0.18266479112565515,250,-0.3031913319065536,0.14594183814219394,1.3937432428132137,30.0,0.0,0.03341145674603069,0.1772143945235388,1.0,-0.18175361295122916,-0.18240727005194868,0.1042243796066723,0.06229914748375409,1.0,,,-0.32577015948669175,-0.326828176140617,0.2486452856953406,0.1656148561841584,1.0,,,,,P4_N30_monthly_B2_U_EW,P4,30,monthly,2.0,unconstrained,equal,E2,evaluation,2010-01-01,2021-12-31,2022
2023-01-03,2023-12-29,250,0.11902929156525599,0.11902929156525599,0.12003652724490776,,not_applicable_no_external_contributions,0.12513528719918593,-0.1042402209841703,78,0.9684728007404493,0.08651063820522635,2.0337843639760504,30.0,0.0,0.03340464857859202,0.17714528087333428,0.9364129436353757,0.26175777831245095,0.2641068904875523,-0.14407036324264455,-0.004497012330252015,0.0,,,0.5485557706092534,0.5539830080583357,-0.4339464808134279,0.0035591683376948735,0.0,,,,,P4_N30_monthly_B2_U_EW,P4,30,monthly,2.0,unconstrained,equal,E3,evaluation,2010-01-01,2022-12-31,2023
2024-01-02,2024-12-31,252,0.24897463829516275,0.24897463829516275,0.24897463829516275,,not_applicable_no_external_contributions,0.15123833264642608,-0.1155666172038099,48,1.5459825582271929,0.10108170704642826,2.3011941569240006,30.0,0.0,0.03345376908269384,0.1809781893414551,0.7810648995319353,0.24886449847111503,0.24886449847111503,0.00011013982404772804,-0.031510418540041885,1.0,,,0.2557827307615481,0.2557827307615481,-0.006808092466385363,0.020010834111027553,0.0,,,,,P4_N30_monthly_B2_U_EW,P4,30,monthly,2.0,unconstrained,equal,E4,evaluation,2010-01-01,2023-12-31,2024
2025-01-02,2025-12-31,250,0.205743678791394,0.205743678791394,0.20754975383410756,,not_applicable_no_external_contributions,0.15585821449739923,-0.13937079160490784,60,1.2879258918670469,0.10436073988997953,1.623835050129901,30.0,0.0,0.03341874707872507,0.1785762588532029,0.8020125513623658,0.1771908045051671,0.17872809721523475,0.028821656618872815,0.048181553289365686,1.0,,,0.2077254840592302,0.20955041897086812,-0.00200066513676056,0.08831225640065132,0.0,,,,,P4_N30_monthly_B2_U_EW,P4,30,monthly,2.0,unconstrained,equal,E5,evaluation,2010-01-01,2024-12-31,2025
2021-01-04,2021-12-31,252,0.1425027308561091,0.1425027308561091,0.1425027308561091,,not_applicable_no_external_contributions,0.1500785470838488,-0.07668116615921006,76,0.9628045414556266,0.10563016263463913,4.99000936614115,30.0,0.0,0.03334827318532744,0.17088204283422379,0.8241018240751662,0.28728769487345307,0.28728769487345307,-0.14478496401734398,-0.0255397181357091,0.0,,,0.2741976405176627,0.2741976405176627,-0.13169490966155362,0.031834207816824334,0.0,,,,,P4_N30_weekly_B1.5_C_EW,P4,30,weekly,1.5,current_classification_constrained,equal,E1,evaluation,2010-01-01,2020-12-31,2021
2022-01-03,2022-12-30,251,-0.04936156066930342,-0.04936156066930342,-0.049553265335292584,,not_applicable_no_external_contributions,0.18091979159039867,-0.16732953284443597,250,-0.19072231938919312,0.13020778577971084,2.7823428175679052,30.0,0.0,0.03334875315394385,0.17078351505502734,1.0,-0.18175361295122916,-0.18240727005194868,0.1328540047166561,0.07763440576497327,1.0,,,-0.32577015948669175,-0.326828176140617,0.2772749108053244,0.18095011446537757,1.0,,,,,P4_N30_weekly_B1.5_C_EW,P4,30,weekly,1.5,current_classification_constrained,equal,E2,evaluation,2010-01-01,2021-12-31,2022
2023-01-03,2023-12-29,250,0.11201443578372494,0.11201443578372494,0.11295936588099242,,not_applicable_no_external_contributions,0.12163966909587938,-0.09657202164491763,100,0.9406159860001008,0.08339132039208048,4.8609613245404715,30.0,0.0,0.03334582873251378,0.17034813058237402,0.9056404361516506,0.26175777831245095,0.2641068904875523,-0.1511475246065599,0.0031711870090006533,0.0,,,0.5485557706092534,0.5539830080583357,-0.44102364217734324,0.011227367676947542,0.0,,,,,P4_N30_weekly_B1.5_C_EW,P4,30,weekly,1.5,current_classification_constrained,equal,E3,evaluation,2010-01-01,2022-12-31,2023
2024-01-02,2024-12-31,252,0.27241684613948913,0.27241684613948913,0.27241684613948913,,not_applicable_no_external_contributions,0.13191935436750266,-0.0845662657121834,36,1.892795772545003,0.08548039377142423,3.93019382033215,30.0,0.0,0.0333510451479494,0.17114835930009709,0.7764798123704382,0.24886449847111503,0.24886449847111503,0.023552347668374107,-0.0005100670484153857,1.0,,,0.2557827307615481,0.2557827307615481,0.016634115377941017,0.05101118560265405,1.0,,,,,P4_N30_weekly_B1.5_C_EW,P4,30,weekly,1.5,current_classification_constrained,equal,E4,evaluation,2010-01-01,2023-12-31,2024
2025-01-02,2025-12-31,250,0.16069272711864602,0.16069272711864602,0.16207725586332744,,not_applicable_no_external_contributions,0.16532864274676692,-0.1636233049313709,90,0.9911935552757292,0.11530698676733743,4.365968743124415,30.0,0.0,0.03335541117992878,0.17168048741756847,0.8470302048808527,0.1771908045051671,0.17872809721523475,-0.01665084135190731,0.023929039962902632,0.0,,,0.2077254840592302,0.20955041897086812,-0.047473163107540683,0.06405974307418827,0.0,,,,,P4_N30_weekly_B1.5_C_EW,P4,30,weekly,1.5,current_classification_constrained,equal,E5,evaluation,2010-01-01,2024-12-31,2025
2021-01-04,2021-12-31,252,0.16861772755740945,0.16861772755740945,0.16861772755740945,,not_applicable_no_external_contributions,0.16189173341565402,-0.0906973540361945,111,1.0435731740826981,0.1132672418076198,4.831639606414439,30.0,0.0,0.03334863992690885,0.1709750712321982,0.8038155395010927,0.28728769487345307,0.28728769487345307,-0.11866996731604362,-0.03955590601269354,0.0,,,0.2741976405176627,0.2741976405176627,-0.10557991296025326,0.01781801993983989,0.0,,,,,P4_N30_weekly_B1.5_U_EW,P4,30,weekly,1.5,unconstrained,equal,E1,evaluation,2010-01-01,2020-12-31,2021
2022-01-03,2022-12-30,251,-0.05237248524766125,-0.05237248524766125,-0.05257555694170413,,not_applicable_no_external_contributions,0.18097785858069895,-0.17377328991951801,250,-0.20818044039439837,0.13087231488750314,2.715637310992024,30.0,0.0,0.03334873368648036,0.17081378984553416,1.0,-0.18175361295122916,-0.18240727005194868,0.12983171311024455,0.07119064868989122,1.0,,,-0.32577015948669175,-0.326828176140617,0.27425261919891286,0.17450635739029552,1.0,,,,,P4_N30_weekly_B1.5_U_EW,P4,30,weekly,1.5,unconstrained,equal,E2,evaluation,2010-01-01,2021-12-31,2022
2023-01-03,2023-12-29,250,0.17372086105830875,0.17372086105830875,0.17522586790686767,,not_applicable_no_external_contributions,0.1362608685204956,-0.10476130730189737,100,1.2531891788073888,0.09234760013958211,3.776293034591953,30.0,0.0,0.03334702861555367,0.17047676319911037,0.9113774885855364,0.26175777831245095,0.2641068904875523,-0.08888102258068464,-0.005018098647979086,0.0,,,0.5485557706092534,0.5539830080583357,-0.378757140151468,0.0030380820199678027,0.0,,,,,P4_N30_weekly_B1.5_U_EW,P4,30,weekly,1.5,unconstrained,equal,E3,evaluation,2010-01-01,2022-12-31,2023
2024-01-02,2024-12-31,252,0.26247380546658383,0.26247380546658383,0.26247380546658383,,not_applicable_no_external_contributions,0.15303421001236664,-0.09572471950174044,51,1.5998677188403416,0.09988326527518687,3.9110112593061515,30.0,0.0,0.03335276722233046,0.17130574833356632,0.8040345939435544,0.24886449847111503,0.24886449847111503,0.013609306995468806,-0.01166852083797243,1.0,,,0.2557827307615481,0.2557827307615481,0.0066910747050357156,0.03985273181309701,1.0,,,,,P4_N30_weekly_B1.5_U_EW,P4,30,weekly,1.5,unconstrained,equal,E4,evaluation,2010-01-01,2023-12-31,2024
2025-01-02,2025-12-31,250,0.16267031123335363,0.16267031123335363,0.16407305207168665,,not_applicable_no_external_contributions,0.17048831212991652,-0.1618757595176702,90,0.9763332414615349,0.11951721622151448,4.123245088882258,30.0,0.0,0.0333556480991175,0.17168874865682396,0.8296124325134565,0.1771908045051671,0.17872809721523475,-0.014655045143548096,0.025676585376603334,0.0,,,0.2077254840592302,0.20955041897086812,-0.04547736689918147,0.06580728848788897,0.0,,,,,P4_N30_weekly_B1.5_U_EW,P4,30,weekly,1.5,unconstrained,equal,E5,evaluation,2010-01-01,2024-12-31,2025
2021-01-04,2021-12-31,252,0.17252410324503797,0.17252410324503797,0.17252410324503797,,not_applicable_no_external_contributions,0.14885306786535718,-0.0714234935496939,52,1.143831872984769,0.10339248418213236,10.829509101472315,30.0,0.0,0.033348544639626505,0.17090431416328547,0.8170848176980048,0.28728769487345307,0.28728769487345307,-0.1147635916284151,-0.02028204552619295,0.0,,,0.2741976405176627,0.2741976405176627,-0.10167353727262474,0.037091880426340484,0.0,,,,,P4_N30_weekly_B1_C_EW,P4,30,weekly,1.0,current_classification_constrained,equal,E1,evaluation,2010-01-01,2020-12-31,2021
2022-01-03,2022-12-30,251,-0.05938307712198865,-0.05938307712198865,-0.05961246718068569,,not_applicable_no_external_contributions,0.172820176259659,-0.17155866439417822,250,-0.2694361845506284,0.12582688242895546,7.737987335050166,30.0,0.0,0.033348148191710274,0.17066896983764998,1.0,-0.18175361295122916,-0.18240727005194868,0.12279480287126299,0.07340527421523102,1.0,,,-0.32577015948669175,-0.326828176140617,0.2672157089599313,0.17672098291563532,1.0,,,,,P4_N30_weekly_B1_C_EW,P4,30,weekly,1.0,current_classification_constrained,equal,E2,evaluation,2010-01-01,2021-12-31,2022
2023-01-03,2023-12-29,250,0.12378900249556257,0.12378900249556257,0.12483871592811191,,not_applicable_no_external_contributions,0.1273641237083172,-0.10748570616899455,102,0.9872904151606845,0.08673312653098708,10.097798271747578,30.0,0.0,0.03334640705355361,0.1704936013899104,0.9235756589762661,0.26175777831245095,0.2641068904875523,-0.1392681745594404,-0.007742497515076274,0.0,,,0.5485557706092534,0.5539830080583357,-0.42914429213022376,0.0003136831528706141,0.0,,,,,P4_N30_weekly_B1_C_EW,P4,30,weekly,1.0,current_classification_constrained,equal,E3,evaluation,2010-01-01,2022-12-31,2023
2024-01-02,2024-12-31,252,0.27177870792870107,0.27177870792870107,0.27177870792870107,,not_applicable_no_external_contributions,0.12723446207704459,-0.07192248230472642,36,1.9538171380518636,0.0825047955494159,8.731166328398299,30.0,0.0,0.03335055454589046,0.17112246072519174,0.7797388485870468,0.24886449847111503,0.24886449847111503,0.022914209457586043,0.01213371635904159,1.0,,,0.2557827307615481,0.2557827307615481,0.015995977167152953,0.06365496901011103,1.0,,,,,P4_N30_weekly_B1_C_EW,P4,30,weekly,1.0,current_classification_constrained,equal,E4,evaluation,2010-01-01,2023-12-31,2024
2025-01-02,2025-12-31,250,0.21196829458558453,0.21196829458558453,0.21383369449269285,,not_applicable_no_external_contributions,0.15295069904920147,-0.15833993217145248,85,1.3438303980929247,0.1064816387253846,8.925078633201197,30.0,0.0,0.03335484366721768,0.17160209364092188,0.7978145268037425,0.1771908045051671,0.17872809721523475,0.0351055972774581,0.029212412722821046,1.0,,,0.2077254840592302,0.20955041897086812,0.004283275521824725,0.06934311583410668,1.0,,,,,P4_N30_weekly_B1_C_EW,P4,30,weekly,1.0,current_classification_constrained,equal,E5,evaluation,2010-01-01,2024-12-31,2025
2021-01-04,2021-12-31,252,0.19654686461285853,0.19654686461285853,0.19654686461285853,,not_applicable_no_external_contributions,0.16060268048671042,-0.07548555741533847,74,1.1978101670335488,0.11121641629384905,12.267995157878204,30.0,0.0,0.03334908299654519,0.17092719252707808,0.8541222035904944,0.28728769487345307,0.28728769487345307,-0.09074083026059454,-0.02434410939183751,0.0,,,0.2741976405176627,0.2741976405176627,-0.07765077590480418,0.033029816560695924,0.0,,,,,P4_N30_weekly_B1_U_EW,P4,30,weekly,1.0,unconstrained,equal,E1,evaluation,2010-01-01,2020-12-31,2021
2022-01-03,2022-12-30,251,-0.016256310494698445,-0.016256310494698445,-0.016320545269172593,,not_applicable_no_external_contributions,0.1707671499505321,-0.14458441235790642,225,-0.011261871447675575,0.12258229406348005,7.660102334013977,30.0,0.0,0.03334768360491324,0.17067205559932042,1.0,-0.18175361295122916,-0.18240727005194868,0.16608672478277609,0.10037952625150282,1.0,,,-0.32577015948669175,-0.326828176140617,0.3105076308714444,0.2036952349519071,1.0,,,,,P4_N30_weekly_B1_U_EW,P4,30,weekly,1.0,unconstrained,equal,E2,evaluation,2010-01-01,2021-12-31,2022
2023-01-03,2023-12-29,250,0.19616783610547261,0.19616783610547261,0.19788315397247835,,not_applicable_no_external_contributions,0.1441603367792846,-0.1073453753929674,89,1.324732136740879,0.09782312184622313,10.797073954876112,30.0,0.0,0.03334796265759319,0.1706588262619203,0.8801441345991935,0.26175777831245095,0.2641068904875523,-0.06622373651507396,-0.007602166739049121,0.0,,,0.5485557706092534,0.5539830080583357,-0.3560998540858573,0.00045401392889776737,0.0,,,,,P4_N30_weekly_B1_U_EW,P4,30,weekly,1.0,unconstrained,equal,E3,evaluation,2010-01-01,2022-12-31,2023
2024-01-02,2024-12-31,252,0.28398479771118135,0.28398479771118135,0.28398479771118135,,not_applicable_no_external_contributions,0.14616480906235005,-0.0777593407173508,61,1.7837704262448768,0.09457719193848205,10.325205294286981,30.0,0.0,0.033351431010175944,0.17119189093668294,0.8130736263785255,0.24886449847111503,0.24886449847111503,0.03512029924006632,0.006296857946417211,1.0,,,0.2557827307615481,0.2557827307615481,0.02820206694963323,0.05781811059748665,1.0,,,,,P4_N30_weekly_B1_U_EW,P4,30,weekly,1.0,unconstrained,equal,E4,evaluation,2010-01-01,2023-12-31,2024
2025-01-02,2025-12-31,250,0.21885154877804447,0.21885154877804447,0.22078285139699672,,not_applicable_no_external_contributions,0.16401985580319986,-0.16076778532039848,89,1.298666599205947,0.11502071787871873,10.149404170382319,30.0,0.0,0.03335621543653059,0.17180512475407161,0.8179457016615604,0.1771908045051671,0.17872809721523475,0.042054754181761966,0.026784559573875044,1.0,,,0.2077254840592302,0.20955041897086812,0.011232432426128591,0.06691526268516068,1.0,,,,,P4_N30_weekly_B1_U_EW,P4,30,weekly,1.0,unconstrained,equal,E5,evaluation,2010-01-01,2024-12-31,2025
2021-01-04,2021-12-31,252,0.22082802773985954,0.22082802773985954,0.22082802773985954,,not_applicable_no_external_contributions,0.1488310301053938,-0.07609462905250985,38,1.415381148345926,0.10167779567372696,3.561830158406506,30.0,0.0,0.033347804112706624,0.17094381852798454,0.8095094729848289,0.28728769487345307,0.28728769487345307,-0.06645966713359353,-0.024953181029008897,0.0,,,0.2741976405176627,0.2741976405176627,-0.053369612777803166,0.032420744923524536,0.0,,,,,P4_N30_weekly_B2_C_EW,P4,30,weekly,2.0,current_classification_constrained,equal,E1,evaluation,2010-01-01,2020-12-31,2021
2022-01-03,2022-12-30,251,-0.03655808173948194,-0.03655808173948194,-0.036701025475343374,,not_applicable_no_external_contributions,0.18991929511476072,-0.15916741168986392,250,-0.10218345523613696,0.13623346760636232,1.9182289263723382,30.0,0.0,0.03334943167254372,0.17097586439598086,1.0,-0.18175361295122916,-0.18240727005194868,0.1457062445766053,0.08579652691954531,1.0,,,-0.32577015948669175,-0.326828176140617,0.2901271506652736,0.1891122356199496,1.0,,,,,P4_N30_weekly_B2_C_EW,P4,30,weekly,2.0,current_classification_constrained,equal,E2,evaluation,2010-01-01,2021-12-31,2022
2023-01-03,2023-12-29,250,0.13149419433245835,0.13149419433245835,0.13261301690375005,,not_applicable_no_external_contributions,0.12016177492358107,-0.10537339725387607,94,1.0964252416689981,0.08133207320749712,3.0253038742205525,30.0,0.0,0.0333466762290264,0.17048522888002532,0.9136053712712123,0.26175777831245095,0.2641068904875523,-0.13149387358380227,-0.005630188599957786,0.0,,,0.5485557706092534,0.5539830080583357,-0.4213699911545856,0.0024259920679891023,0.0,,,,,P4_N30_weekly_B2_C_EW,P4,30,weekly,2.0,current_classification_constrained,equal,E3,evaluation,2010-01-01,2022-12-31,2023
2024-01-02,2024-12-31,252,0.31840219099406664,0.31840219099406664,0.31840219099406664,,not_applicable_no_external_contributions,0.1342670682810053,-0.09082854353184311,33,2.1266657909787456,0.08525728074000338,2.614925193524888,30.0,0.0,0.03335533038835008,0.17157887024318255,0.765502192996299,0.24886449847111503,0.24886449847111503,0.06953769252295161,-0.0067723448680750975,1.0,,,0.2557827307615481,0.2557827307615481,0.06261946023251852,0.04474890778299434,1.0,,,,,P4_N30_weekly_B2_C_EW,P4,30,weekly,2.0,current_classification_constrained,equal,E4,evaluation,2010-01-01,2023-12-31,2024
2025-01-02,2025-12-31,250,0.1915238160859638,0.1915238160859638,0.19319534183519305,,not_applicable_no_external_contributions,0.14882955498472622,-0.12586015129112738,62,1.2612474673177858,0.09919771238456761,2.654886374834409,30.0,0.0,0.03335207149661215,0.17128506927288767,0.8359611282016267,0.1771908045051671,0.17872809721523475,0.014467244619958297,0.06169219360314615,1.0,,,0.2077254840592302,0.20955041897086812,-0.016355077135675078,0.10182289671443179,0.0,,,,,P4_N30_weekly_B2_C_EW,P4,30,weekly,2.0,current_classification_constrained,equal,E5,evaluation,2010-01-01,2024-12-31,2025
2021-01-04,2021-12-31,252,0.2223656391574571,0.2223656391574571,0.2223656391574571,,not_applicable_no_external_contributions,0.1616880420872262,-0.09034016992257188,37,1.3229603801305636,0.11122986720636768,3.52812636654768,30.0,0.0,0.03334887409698594,0.17106701111474212,0.8144984299008307,0.28728769487345307,0.28728769487345307,-0.06492205571599596,-0.03919872189907092,0.0,,,0.2741976405176627,0.2741976405176627,-0.051832001360205604,0.018175204053462513,0.0,,,,,P4_N30_weekly_B2_U_EW,P4,30,weekly,2.0,unconstrained,equal,E1,evaluation,2010-01-01,2020-12-31,2021
2022-01-03,2022-12-30,251,-0.04178530128886648,-0.04178530128886648,-0.04194823514544488,,not_applicable_no_external_contributions,0.1976043975307723,-0.16477226841560055,250,-0.11830549368165826,0.14242940027890152,1.9989039279317908,30.0,0.0,0.03334966948119892,0.17100155527405,1.0,-0.18175361295122916,-0.18240727005194868,0.1404590349065038,0.08019167019380868,1.0,,,-0.32577015948669175,-0.326828176140617,0.2848799409951721,0.18350737889421298,1.0,,,,,P4_N30_weekly_B2_U_EW,P4,30,weekly,2.0,unconstrained,equal,E2,evaluation,2010-01-01,2021-12-31,2022
2023-01-03,2023-12-29,250,0.12421434040720203,0.12421434040720203,0.12526785767244686,,not_applicable_no_external_contributions,0.12100349575124285,-0.10169152796747716,92,1.0358466291102029,0.08241100880308187,3.0169969888096033,30.0,0.0,0.03334663697934361,0.17045186744186108,0.9054747669651795,0.26175777831245095,0.2641068904875523,-0.13883903281510546,-0.0019483193135588772,0.0,,,0.5485557706092534,0.5539830080583357,-0.4287151503858888,0.006107861354388011,0.0,,,,,P4_N30_weekly_B2_U_EW,P4,30,weekly,2.0,unconstrained,equal,E3,evaluation,2010-01-01,2022-12-31,2023
2024-01-02,2024-12-31,252,0.2862220101650408,0.2862220101650408,0.2862220101650408,,not_applicable_no_external_contributions,0.1547680897544896,-0.11532730500487831,52,1.7042418350639579,0.10271956421200353,2.9180268481908334,30.0,0.0,0.03335632675855324,0.1716617900361807,0.8043275879926478,0.24886449847111503,0.24886449847111503,0.03735751169392576,-0.0312711063411103,1.0,,,0.2557827307615481,0.2557827307615481,0.03043927940349267,0.02025014630995914,1.0,,,,,P4_N30_weekly_B2_U_EW,P4,30,weekly,2.0,unconstrained,equal,E4,evaluation,2010-01-01,2023-12-31,2024
2025-01-02,2025-12-31,250,0.18241955825346556,0.18241955825346556,0.18400565747220443,,not_applicable_no_external_contributions,0.14883077885332505,-0.1250290379874992,59,1.209206588832663,0.09917330320081671,2.649646197978297,30.0,0.0,0.033352140559575895,0.17126969949388554,0.8648067279761881,0.1771908045051671,0.17872809721523475,0.005277560256969682,0.06252330690677432,1.0,,,0.2077254840592302,0.20955041897086812,-0.025544761498663693,0.10265401001805996,0.0,,,,,P4_N30_weekly_B2_U_EW,P4,30,weekly,2.0,unconstrained,equal,E5,evaluation,2010-01-01,2024-12-31,2025
2021-01-04,2021-12-31,252,0.22319285689963442,0.22319285689963442,0.22319285689963442,,not_applicable_no_external_contributions,0.14494922585731496,-0.0722486439041774,33,1.4627578009962536,0.09967942249774495,2.8545876311639358,40.0,0.0,0.025025229342843392,0.13097668797440007,0.7672427684940554,0.28728769487345307,0.28728769487345307,-0.06409483797381865,-0.021107195880676444,0.0,,,0.2741976405176627,0.2741976405176627,-0.05100478361802829,0.03626673007185699,0.0,,,,,P4_N40_biweekly_B1.5_C_EW,P4,40,biweekly,1.5,current_classification_constrained,equal,E1,evaluation,2010-01-01,2020-12-31,2021
2022-01-03,2022-12-30,251,-0.0491536960180905,-0.0491536960180905,-0.04934461453193484,,not_applicable_no_external_contributions,0.19360126792320784,-0.15853906144962704,250,-0.16485766839467753,0.13848949997880128,1.739901834912943,40.0,0.0,0.0250279677780818,0.1308698621982202,1.0,-0.18175361295122916,-0.18240727005194868,0.13306265552001384,0.0864248771597822,1.0,,,-0.32577015948669175,-0.326828176140617,0.27748356160868215,0.1897405858601865,1.0,,,,,P4_N40_biweekly_B1.5_C_EW,P4,40,biweekly,1.5,current_classification_constrained,equal,E2,evaluation,2010-01-01,2021-12-31,2022
2023-01-03,2023-12-29,250,0.11074815213981704,0.11074815213981704,0.1116818731610898,,not_applicable_no_external_contributions,0.11629507819094816,-0.09575597266908398,99,0.9685029280467264,0.07935131178145625,2.54501388163103,40.0,0.0,0.025019120872977398,0.1298880764384826,0.9267887278562226,0.26175777831245095,0.2641068904875523,-0.15242501732646252,0.003987235984834303,0.0,,,0.5485557706092534,0.5539830080583357,-0.4423011348972459,0.012043416652781191,0.0,,,,,P4_N40_biweekly_B1.5_C_EW,P4,40,biweekly,1.5,current_classification_constrained,equal,E3,evaluation,2010-01-01,2022-12-31,2023
2024-01-02,2024-12-31,252,0.2664073222225116,0.2664073222225116,0.2664073222225116,,not_applicable_no_external_contributions,0.12101417145285655,-0.07890092877505395,33,2.012852006401231,0.077377160688724,2.125717276913673,40.0,0.0,0.025032582913219605,0.13138952919621152,0.7661991752986622,0.24886449847111503,0.24886449847111503,0.017542823751396597,0.005155269888714065,1.0,,,0.2557827307615481,0.2557827307615481,0.010624591460963506,0.0566765225397835,1.0,,,,,P4_N40_biweekly_B1.5_C_EW,P4,40,biweekly,1.5,current_classification_constrained,equal,E4,evaluation,2010-01-01,2023-12-31,2024
2025-01-02,2025-12-31,250,0.1838635943288165,0.1838635943288165,0.1854632054816321,,not_applicable_no_external_contributions,0.15451026884889504,-0.13071840367398513,59,1.1781318910991923,0.1031896932281354,2.5362413629163245,40.0,0.0,0.02503712412419239,0.13178783549978004,0.8460000758880302,0.1771908045051671,0.17872809721523475,0.006735108266397338,0.0568339412202884,1.0,,,0.2077254840592302,0.20955041897086812,-0.024087213489236037,0.09696464433157403,0.0,,,,,P4_N40_biweekly_B1.5_C_EW,P4,40,biweekly,1.5,current_classification_constrained,equal,E5,evaluation,2010-01-01,2024-12-31,2025
2021-01-04,2021-12-31,252,0.2116640508140082,0.2116640508140082,0.2116640508140082,,not_applicable_no_external_contributions,0.15075865436189528,-0.07769362831008375,33,1.3491943321074715,0.10370211314104992,2.8462125836745895,40.0,0.0,0.02502475029592695,0.13093216466109195,0.763561686388484,0.28728769487345307,0.28728769487345307,-0.07562364405944488,-0.026552180286582794,0.0,,,0.2741976405176627,0.2741976405176627,-0.06253358970365452,0.03082174566595064,0.0,,,,,P4_N40_biweekly_B1.5_U_EW,P4,40,biweekly,1.5,unconstrained,equal,E1,evaluation,2010-01-01,2020-12-31,2021
2022-01-03,2022-12-30,251,-0.05434086386562742,-0.05434086386562742,-0.0545513460305751,,not_applicable_no_external_contributions,0.19509693178502344,-0.16856121499496346,250,-0.1902380691011832,0.14010277234024324,1.7858686157305215,40.0,0.0,0.025027152823816616,0.13080195490369254,1.0,-0.18175361295122916,-0.18240727005194868,0.12785592402137358,0.07640272361444578,1.0,,,-0.32577015948669175,-0.326828176140617,0.2722768301100419,0.17971843231485007,1.0,,,,,P4_N40_biweekly_B1.5_U_EW,P4,40,biweekly,1.5,unconstrained,equal,E2,evaluation,2010-01-01,2021-12-31,2022
2023-01-03,2023-12-29,250,0.13236627634337084,0.13236627634337084,0.13349294749689689,,not_applicable_no_external_contributions,0.12054295714696682,-0.1007158230387426,106,1.099795809972818,0.08197052106803714,2.498533122467199,40.0,0.0,0.02501965742300986,0.13000539301000874,0.930052366236088,0.26175777831245095,0.2641068904875523,-0.13061394299065543,-0.0009726143848243218,0.0,,,0.5485557706092534,0.5539830080583357,-0.4204900605614388,0.0070835662831225665,0.0,,,,,P4_N40_biweekly_B1.5_U_EW,P4,40,biweekly,1.5,unconstrained,equal,E3,evaluation,2010-01-01,2022-12-31,2023
2024-01-02,2024-12-31,252,0.2687468790980949,0.2687468790980949,0.2687468790980949,,not_applicable_no_external_contributions,0.13489832018844047,-0.08382145527228269,33,1.8324894443055366,0.0875531347406136,2.204350005366554,40.0,0.0,0.025034539070312386,0.13159442843497463,0.7669059197996958,0.24886449847111503,0.24886449847111503,0.01988238062697989,0.00023474339148532586,1.0,,,0.2557827307615481,0.2557827307615481,0.012964148336546799,0.051755996042554764,1.0,,,,,P4_N40_biweekly_B1.5_U_EW,P4,40,biweekly,1.5,unconstrained,equal,E4,evaluation,2010-01-01,2023-12-31,2024
2025-01-02,2025-12-31,250,0.18425651943663435,0.18425651943663435,0.1858598096760795,,not_applicable_no_external_contributions,0.15693367511180875,-0.1326804079888736,59,1.1644568100808723,0.10513361522838807,2.506716947670521,40.0,0.0,0.025037796915808885,0.13186844070327447,0.8437024288775892,0.1771908045051671,0.17872809721523475,0.0071317124608447635,0.05487193690539993,1.0,,,0.2077254840592302,0.20955041897086812,-0.02369060929478861,0.09500264001668557,0.0,,,,,P4_N40_biweekly_B1.5_U_EW,P4,40,biweekly,1.5,unconstrained,equal,E5,evaluation,2010-01-01,2024-12-31,2025
2021-01-04,2021-12-31,252,0.20660229680118958,0.20660229680118958,0.20660229680118958,,not_applicable_no_external_contributions,0.14373992204995345,-0.06521051910592701,34,1.378788367321661,0.09972084387734803,6.1100375918540255,40.0,0.0,0.025025079798168464,0.1308214420772308,0.7509224995523683,0.28728769487345307,0.28728769487345307,-0.08068539807226349,-0.014069071082426055,0.0,,,0.2741976405176627,0.2741976405176627,-0.06759534371647313,0.04330485487010738,0.0,,,,,P4_N40_biweekly_B1_C_EW,P4,40,biweekly,1.0,current_classification_constrained,equal,E1,evaluation,2010-01-01,2020-12-31,2021
2022-01-03,2022-12-30,251,-0.04030478962590367,-0.04030478962590367,-0.04046207320550965,,not_applicable_no_external_contributions,0.17594291557997335,-0.16448134515028834,250,-0.14706096944882563,0.12591318940223753,4.036826323380776,40.0,0.0,0.025026818233709475,0.13065637267362357,1.0,-0.18175361295122916,-0.18240727005194868,0.14194519684643903,0.0804825934591209,1.0,,,-0.32577015948669175,-0.326828176140617,0.28636610293510734,0.1837983021595252,1.0,,,,,P4_N40_biweekly_B1_C_EW,P4,40,biweekly,1.0,current_classification_constrained,equal,E2,evaluation,2010-01-01,2021-12-31,2022
2023-01-03,2023-12-29,250,0.1372641249025357,0.1372641249025357,0.13843497642553704,,not_applicable_no_external_contributions,0.12099821204760074,-0.10416449643038206,94,1.1320727352222202,0.08196967609574278,5.321574835162212,40.0,0.0,0.0250216893321436,0.13032078828071267,0.9326354296169035,0.26175777831245095,0.2641068904875523,-0.12567191406201528,-0.004421287776463778,0.0,,,0.5485557706092534,0.5539830080583357,-0.41554803163279863,0.0036348928914831102,0.0,,,,,P4_N40_biweekly_B1_C_EW,P4,40,biweekly,1.0,current_classification_constrained,equal,E3,evaluation,2010-01-01,2022-12-31,2023
2024-01-02,2024-12-31,252,0.2235742548351889,0.2235742548351889,0.2235742548351889,,not_applicable_no_external_contributions,0.12113875015968356,-0.059679003738156156,37,1.726641387764457,0.07869264736724664,5.691757106552336,40.0,0.0,0.025032371981528644,0.1313378554306046,0.7994903921636882,0.24886449847111503,0.24886449847111503,-0.025290243635926135,0.024377194925611856,0.0,,,0.2557827307615481,0.2557827307615481,-0.032208475926359226,0.0758984475766813,0.0,,,,,P4_N40_biweekly_B1_C_EW,P4,40,biweekly,1.0,current_classification_constrained,equal,E4,evaluation,2010-01-01,2023-12-31,2024
2025-01-02,2025-12-31,250,0.2009953973070937,0.2009953973070937,0.20275639238662757,,not_applicable_no_external_contributions,0.15505785412679296,-0.15729312040474308,89,1.268479713441249,0.10958287271777747,5.1179043831474855,40.0,0.0,0.025036627742129638,0.13194875767389708,0.8508961503867986,0.1771908045051671,0.17872809721523475,0.02402829517139282,0.030259224489530445,1.0,,,0.2077254840592302,0.20955041897086812,-0.006794026584240553,0.07038992760081608,0.0,,,,,P4_N40_biweekly_B1_C_EW,P4,40,biweekly,1.0,current_classification_constrained,equal,E5,evaluation,2010-01-01,2024-12-31,2025
2021-01-04,2021-12-31,252,0.22783736443888136,0.22783736443888136,0.22783736443888136,,not_applicable_no_external_contributions,0.14703678547644,-0.05980132383630077,33,1.469817362890991,0.10015731044533022,6.256129194864491,40.0,0.0,0.025025469521515437,0.13079285730439175,0.7650884068243331,0.28728769487345307,0.28728769487345307,-0.05945033043457171,-0.008659875812799811,0.0,,,0.2741976405176627,0.2741976405176627,-0.04636027607878135,0.04871405013973362,0.0,,,,,P4_N40_biweekly_B1_U_EW,P4,40,biweekly,1.0,unconstrained,equal,E1,evaluation,2010-01-01,2020-12-31,2021
2022-01-03,2022-12-30,251,-0.030789162123394442,-0.030789162123394442,-0.030909912509312742,,not_applicable_no_external_contributions,0.17478937365946212,-0.16070854060702755,250,-0.09253307673936917,0.12487519994365862,4.46690322205499,40.0,0.0,0.025026675723679503,0.13062750842665424,1.0,-0.18175361295122916,-0.18240727005194868,0.15149735754263594,0.08425539800238169,1.0,,,-0.32577015948669175,-0.326828176140617,0.29591826363130425,0.18757110670278598,1.0,,,,,P4_N40_biweekly_B1_U_EW,P4,40,biweekly,1.0,unconstrained,equal,E2,evaluation,2010-01-01,2021-12-31,2022
2023-01-03,2023-12-29,250,0.19051874721184392,0.19051874721184392,0.1921808145964896,,not_applicable_no_external_contributions,0.13167503997111826,-0.0999669978284271,77,1.401047821386149,0.08928470620851148,5.7884982266161185,40.0,0.0,0.025022144215512274,0.1304074436288297,0.9257535645975161,0.26175777831245095,0.2641068904875523,-0.0719260758910627,-0.00022378917450882607,0.0,,,0.5485557706092534,0.5539830080583357,-0.36180219346184606,0.007832391493438062,0.0,,,,,P4_N40_biweekly_B1_U_EW,P4,40,biweekly,1.0,unconstrained,equal,E3,evaluation,2010-01-01,2022-12-31,2023
2024-01-02,2024-12-31,252,0.25232210360121576,0.25232210360121576,0.25232210360121576,,not_applicable_no_external_contributions,0.13215997407631724,-0.06568243108387972,33,1.769025118175898,0.08582413795159571,5.349021314194015,40.0,0.0,0.025033124504822975,0.13146327013977704,0.7920809672486163,0.24886449847111503,0.24886449847111503,0.0034576051301007382,0.01837376757988829,1.0,,,0.2557827307615481,0.2557827307615481,-0.0034606271603323524,0.06989502023095773,0.0,,,,,P4_N40_biweekly_B1_U_EW,P4,40,biweekly,1.0,unconstrained,equal,E4,evaluation,2010-01-01,2023-12-31,2024
2025-01-02,2025-12-31,250,0.2101151538980781,0.2101151538980781,0.21196286504989748,,not_applicable_no_external_contributions,0.15742554854314592,-0.15729312040474308,89,1.300225066671148,0.11108610163470183,5.266207227355265,40.0,0.0,0.025037112578392733,0.13202880540119885,0.8499275305502387,0.1771908045051671,0.17872809721523475,0.033234767834662726,0.030259224489530445,1.0,,,0.2077254840592302,0.20955041897086812,0.002412446079029351,0.07038992760081608,1.0,,,,,P4_N40_biweekly_B1_U_EW,P4,40,biweekly,1.0,unconstrained,equal,E5,evaluation,2010-01-01,2024-12-31,2025
2021-01-04,2021-12-31,252,0.2456438477925884,0.2456438477925884,0.2456438477925884,,not_applicable_no_external_contributions,0.13352129153618306,-0.055577078252565415,35,1.71236434982676,0.0900566154554046,0.898599217215254,40.0,0.0,0.02502541639549841,0.13087752601787994,0.7394863672651357,0.28728769487345307,0.28728769487345307,-0.04164384708086466,-0.004435630229064458,0.0,,,0.2741976405176627,0.2741976405176627,-0.0285537927250743,0.052938295723468975,0.0,,,,,P4_N40_biweekly_B2_C_EW,P4,40,biweekly,2.0,current_classification_constrained,equal,E1,evaluation,2010-01-01,2020-12-31,2021
2022-01-03,2022-12-30,251,-0.14854327457221994,-0.14854327457221994,-0.1490885973296675,,not_applicable_no_external_contributions,0.24413950881748195,-0.2361734756667604,249,-0.5394248559167085,0.17549476057699073,1.1084688261629354,40.0,0.0,0.025037833527484996,0.13143626249594773,1.0,-0.18175361295122916,-0.18240727005194868,0.03331867272228117,0.008790462942648847,1.0,,,-0.32577015948669175,-0.326828176140617,0.17773957881094948,0.11210617164305314,1.0,,,,,P4_N40_biweekly_B2_C_EW,P4,40,biweekly,2.0,current_classification_constrained,equal,E2,evaluation,2010-01-01,2021-12-31,2022
2023-01-03,2023-12-29,250,0.27336159882709965,0.27336159882709965,0.2758257478990689,,not_applicable_no_external_contributions,0.13402792510567665,-0.100194920832125,85,1.8850506043553759,0.08570177009023364,0.8908799464671232,40.0,0.0,0.025025608353809837,0.13112720809483955,0.8732693544308258,0.26175777831245095,0.2641068904875523,0.01171885741151657,-0.00045171217820672016,1.0,,,0.5485557706092534,0.5539830080583357,-0.2781572601592668,0.007604468489740168,0.0,,,,,P4_N40_biweekly_B2_C_EW,P4,40,biweekly,2.0,current_classification_constrained,equal,E3,evaluation,2010-01-01,2022-12-31,2023
2024-01-02,2024-12-31,252,0.1776237469107278,0.1776237469107278,0.1776237469107278,,not_applicable_no_external_contributions,0.11858505658110949,-0.058702949174051944,34,1.4382601157987085,0.08078805986004409,1.0764795632455635,40.0,0.0,0.025035283367172912,0.1317445218836826,0.7791483593878931,0.24886449847111503,0.24886449847111503,-0.07124075156038723,0.025353249489716068,0.0,,,0.2557827307615481,0.2557827307615481,-0.07815898385082032,0.0768745021407855,0.0,,,,,P4_N40_biweekly_B2_C_EW,P4,40,biweekly,2.0,current_classification_constrained,equal,E4,evaluation,2010-01-01,2023-12-31,2024
2025-01-02,2025-12-31,250,0.17733837474987313,0.17733837474987313,0.17887704235016333,,not_applicable_no_external_contributions,0.18467538422404808,-0.16220024865009397,92,0.9827502065774656,0.12257403202878767,1.1557505145546978,40.0,0.0,0.02503940154300219,0.13229814195103767,0.8161026631807722,0.1771908045051671,0.17872809721523475,0.00014894513492857975,0.025352096244179556,1.0,,,0.2077254840592302,0.20955041897086812,-0.030673376620704795,0.0654827993554652,0.0,,,,,P4_N40_biweekly_B2_C_EW,P4,40,biweekly,2.0,current_classification_constrained,equal,E5,evaluation,2010-01-01,2024-12-31,2025
2021-01-04,2021-12-31,252,0.22827420151350442,0.22827420151350442,0.22827420151350442,,not_applicable_no_external_contributions,0.1331461791690501,-0.05465620522070713,40,1.6112692239841149,0.09043609980205869,0.8840444669162926,40.0,0.0,0.025024664875957968,0.1307814392310315,0.730347854782113,0.28728769487345307,0.28728769487345307,-0.059013493359948654,-0.0035147571972061753,0.0,,,0.2741976405176627,0.2741976405176627,-0.045923439004158295,0.05385916875532726,0.0,,,,,P4_N40_biweekly_B2_U_EW,P4,40,biweekly,2.0,unconstrained,equal,E1,evaluation,2010-01-01,2020-12-31,2021
2022-01-03,2022-12-30,251,-0.1736394083970828,-0.1736394083970828,-0.17426708558408033,,not_applicable_no_external_contributions,0.2510046031522161,-0.2583274907180335,249,-0.637493944909399,0.18115909094977367,1.1174854587085232,40.0,0.0,0.025038851960474125,0.13136350641553501,1.0,-0.18175361295122916,-0.18240727005194868,0.00814018446786835,-0.013363552108624277,1.0,,,-0.32577015948669175,-0.326828176140617,0.15256109055653666,0.08995215659178002,1.0,,,,,P4_N40_biweekly_B2_U_EW,P4,40,biweekly,2.0,unconstrained,equal,E2,evaluation,2010-01-01,2021-12-31,2022
2023-01-03,2023-12-29,250,0.2894380046626721,0.2894380046626721,0.292062940709376,,not_applicable_no_external_contributions,0.1362272115809089,-0.10239653990456454,85,1.9497095549794643,0.08654179244537147,0.9038775640955845,40.0,0.0,0.02502588158317088,0.13112627766692705,0.8857415350735264,0.26175777831245095,0.2641068904875523,0.02795605022182368,-0.0026533312506462625,1.0,,,0.5485557706092534,0.5539830080583357,-0.2619200673489597,0.005402849417300626,0.0,,,,,P4_N40_biweekly_B2_U_EW,P4,40,biweekly,2.0,unconstrained,equal,E3,evaluation,2010-01-01,2022-12-31,2023
2024-01-02,2024-12-31,252,0.19959509802328057,0.19959509802328057,0.19959509802328057,,not_applicable_no_external_contributions,0.12037003923842365,-0.05842563181232374,33,1.5723738383995083,0.08157502747194648,1.0757581150530937,40.0,0.0,0.025035211240695084,0.131734130326301,0.7511741526784516,0.24886449847111503,0.24886449847111503,-0.049269400447834455,0.02563056685144427,0.0,,,0.2557827307615481,0.2557827307615481,-0.056187632738267546,0.07715181950251371,0.0,,,,,P4_N40_biweekly_B2_U_EW,P4,40,biweekly,2.0,unconstrained,equal,E4,evaluation,2010-01-01,2023-12-31,2024
2025-01-02,2025-12-31,250,0.18072893370375254,0.18072893370375254,0.18229923174162233,,not_applicable_no_external_contributions,0.1831320078260902,-0.16088589328426584,75,1.0053023086979624,0.12108983963804808,1.1716101799498069,40.0,0.0,0.025040200997706825,0.13232784542291007,0.8211251567759847,0.1771908045051671,0.17872809721523475,0.003571134526387576,0.02666645161000769,1.0,,,0.2077254840592302,0.20955041897086812,-0.0272511872292458,0.06679715472129333,0.0,,,,,P4_N40_biweekly_B2_U_EW,P4,40,biweekly,2.0,unconstrained,equal,E5,evaluation,2010-01-01,2024-12-31,2025
2021-01-04,2021-12-31,252,0.18864161063308704,0.18864161063308704,0.18864161063308704,,not_applicable_no_external_contributions,0.1441691212104837,-0.07141429837171986,38,1.2709986635377089,0.09987242750244593,5.085168381538958,40.0,0.0,0.025,0.125,0.783608629939164,0.28728769487345307,0.28728769487345307,-0.09864608424036603,-0.020272850348218907,0.0,,,0.2741976405176627,0.2741976405176627,-0.08555602988457567,0.037101075604314526,0.0,,,,,P4_N40_daily_B1.5_C_EW,P4,40,daily,1.5,current_classification_constrained,equal,E1,evaluation,2010-01-01,2020-12-31,2021
2022-01-03,2022-12-30,251,-0.0642215167184943,-0.0642215167184943,-0.06446894891918498,,not_applicable_no_external_contributions,0.1905479663326576,-0.16950741846308426,250,-0.2547154597498757,0.1367008116833991,3.62416748849063,40.0,0.0,0.025,0.125,1.0,-0.18175361295122916,-0.18240727005194868,0.1179383211327637,0.07545652014632498,1.0,,,-0.32577015948669175,-0.326828176140617,0.262359227221432,0.17877222884672928,1.0,,,,,P4_N40_daily_B1.5_C_EW,P4,40,daily,1.5,current_classification_constrained,equal,E2,evaluation,2010-01-01,2021-12-31,2022
2023-01-03,2023-12-29,250,0.13853195530056794,0.13853195530056794,0.13971427088536092,,not_applicable_no_external_contributions,0.11818081357203163,-0.09695614205788006,100,1.16574128941134,0.0799155122253157,4.525344062840139,40.0,0.0,0.025000000000000005,0.125,0.9213487227261761,0.26175777831245095,0.2641068904875523,-0.12439261960219139,0.0027870665960382235,0.0,,,0.5485557706092534,0.5539830080583357,-0.41426873717297474,0.010843247263985112,0.0,,,,,P4_N40_daily_B1.5_C_EW,P4,40,daily,1.5,current_classification_constrained,equal,E3,evaluation,2010-01-01,2022-12-31,2023
2024-01-02,2024-12-31,252,0.2388493895268493,0.2388493895268493,0.2388493895268493,,not_applicable_no_external_contributions,0.12308534168242256,-0.07973628682621647,33,1.8021004300277246,0.07866470933932983,4.3340927699264,40.0,0.0,0.025,0.125,0.7353347248231628,0.24886449847111503,0.24886449847111503,-0.010015108944265716,0.004319911837551538,0.0,,,0.2557827307615481,0.2557827307615481,-0.016933341234698807,0.055841164488620976,0.0,,,,,P4_N40_daily_B1.5_C_EW,P4,40,daily,1.5,current_classification_constrained,equal,E4,evaluation,2010-01-01,2023-12-31,2024
2025-01-02,2025-12-31,250,0.1778538542678798,0.1778538542678798,0.17939732568679623,,not_applicable_no_external_contributions,0.15459510646633098,-0.13917538668913665,60,1.1445263815579465,0.10549782222826137,4.368728500635729,40.0,0.0,0.025000000000000005,0.125,0.8370084942163685,0.1771908045051671,0.17872809721523475,0.0006692284715614782,0.04837695820513688,1.0,,,0.2077254840592302,0.20955041897086812,-0.030153093284071897,0.08850766131642251,0.0,,,,,P4_N40_daily_B1.5_C_EW,P4,40,daily,1.5,current_classification_constrained,equal,E5,evaluation,2010-01-01,2024-12-31,2025
2021-01-04,2021-12-31,252,0.190337996095987,0.190337996095987,0.190337996095987,,not_applicable_no_external_contributions,0.14908987967407938,-0.07314056856655538,36,1.2434313240526098,0.10288684903128802,5.176106978805658,40.0,0.0,0.025,0.125,0.7743214405993513,0.28728769487345307,0.28728769487345307,-0.09694969877746606,-0.021999120543054418,0.0,,,0.2741976405176627,0.2741976405176627,-0.0838596444216757,0.035374805409479015,0.0,,,,,P4_N40_daily_B1.5_U_EW,P4,40,daily,1.5,unconstrained,equal,E1,evaluation,2010-01-01,2020-12-31,2021
2022-01-03,2022-12-30,251,-0.06160274497027285,-0.06160274497027285,-0.061840424374430825,,not_applicable_no_external_contributions,0.19037977017582872,-0.17139126188911213,250,-0.24035919482030596,0.13699498781183142,3.683556375260635,40.0,0.0,0.025,0.125,1.0,-0.18175361295122916,-0.18240727005194868,0.12056684567751785,0.0735726767202971,1.0,,,-0.32577015948669175,-0.326828176140617,0.26498775176618616,0.1768883854207014,1.0,,,,,P4_N40_daily_B1.5_U_EW,P4,40,daily,1.5,unconstrained,equal,E2,evaluation,2010-01-01,2021-12-31,2022
2023-01-03,2023-12-29,250,0.15786844217394225,0.15786844217394225,0.1592270085123162,,not_applicable_no_external_contributions,0.12723001823058996,-0.09912158189905618,104,1.2250297505275967,0.08634424867677763,4.478489179408305,40.0,0.0,0.025000000000000005,0.125,0.9347629261146849,0.26175777831245095,0.2641068904875523,-0.10487988197523612,0.0006216267548621035,0.0,,,0.5485557706092534,0.5539830080583357,-0.3947559995460195,0.008677807422808992,0.0,,,,,P4_N40_daily_B1.5_U_EW,P4,40,daily,1.5,unconstrained,equal,E3,evaluation,2010-01-01,2022-12-31,2023
2024-01-02,2024-12-31,252,0.24489186904713134,0.24489186904713134,0.24489186904713134,,not_applicable_no_external_contributions,0.1365339927759939,-0.08176357845463167,33,1.672966813910301,0.0877550011342628,4.425196611265031,40.0,0.0,0.025,0.125,0.752046042781416,0.24886449847111503,0.24886449847111503,-0.003972629423983687,0.0022926202091363423,0.0,,,0.2557827307615481,0.2557827307615481,-0.010890861714416777,0.05381387286020578,0.0,,,,,P4_N40_daily_B1.5_U_EW,P4,40,daily,1.5,unconstrained,equal,E4,evaluation,2010-01-01,2023-12-31,2024
2025-01-02,2025-12-31,250,0.184268172248355,0.184268172248355,0.18587157161297196,,not_applicable_no_external_contributions,0.155489176398103,-0.1383895694074061,63,1.1740467267604708,0.10588206927999275,4.392899552235657,40.0,0.0,0.025000000000000005,0.125,0.8171676694584032,0.1771908045051671,0.17872809721523475,0.007143474397737215,0.04916277548686743,1.0,,,0.2077254840592302,0.20955041897086812,-0.02367884735789616,0.08929347859815306,0.0,,,,,P4_N40_daily_B1.5_U_EW,P4,40,daily,1.5,unconstrained,equal,E5,evaluation,2010-01-01,2024-12-31,2025
2021-01-04,2021-12-31,252,0.2126585688741911,0.2126585688741911,0.2126585688741911,,not_applicable_no_external_contributions,0.1423740898285141,-0.062352525572241024,34,1.4258361910480906,0.09862176806503006,20.035868821803035,40.0,0.0,0.025,0.125,0.765527872527175,0.28728769487345307,0.28728769487345307,-0.07462912599926197,-0.011211077548740067,0.0,,,0.2741976405176627,0.2741976405176627,-0.06153907164347161,0.046162848403793366,0.0,,,,,P4_N40_daily_B1_C_EW,P4,40,daily,1.0,current_classification_constrained,equal,E1,evaluation,2010-01-01,2020-12-31,2021
2022-01-03,2022-12-30,251,-0.03235320519429097,-0.03235320519429097,-0.032479986142967765,,not_applicable_no_external_contributions,0.17670685439327594,-0.15111359930903134,250,-0.09878862660476737,0.12626851215946155,15.08845065558349,40.0,0.0,0.025,0.125,1.0,-0.18175361295122916,-0.18240727005194868,0.1499272839089809,0.0938503393003779,1.0,,,-0.32577015948669175,-0.326828176140617,0.2943481899976492,0.1971660480007822,1.0,,,,,P4_N40_daily_B1_C_EW,P4,40,daily,1.0,current_classification_constrained,equal,E2,evaluation,2010-01-01,2021-12-31,2022
2023-01-03,2023-12-29,250,0.1284607830686979,0.1284607830686979,0.1295523477650744,,not_applicable_no_external_contributions,0.12119727801511235,-0.10192389508555433,94,1.065754092523587,0.0825314434337435,18.240869133349335,40.0,0.0,0.025000000000000005,0.125,0.9364964085420364,0.26175777831245095,0.2641068904875523,-0.1345545427224779,-0.0021806864316360475,0.0,,,0.5485557706092534,0.5539830080583357,-0.42443066029326126,0.005875494236310841,0.0,,,,,P4_N40_daily_B1_C_EW,P4,40,daily,1.0,current_classification_constrained,equal,E3,evaluation,2010-01-01,2022-12-31,2023
2024-01-02,2024-12-31,252,0.23859987711564656,0.23859987711564656,0.23859987711564656,,not_applicable_no_external_contributions,0.12100740127716404,-0.07022038912014406,37,1.8293308514597524,0.0784487599823787,17.84597357400298,40.0,0.0,0.025,0.125,0.7509643903086773,0.24886449847111503,0.24886449847111503,-0.010264621355468462,0.013835809543623956,0.0,,,0.2557827307615481,0.2557827307615481,-0.017182853645901552,0.0653570621946934,0.0,,,,,P4_N40_daily_B1_C_EW,P4,40,daily,1.0,current_classification_constrained,equal,E4,evaluation,2010-01-01,2023-12-31,2024
2025-01-02,2025-12-31,250,0.20318810565194556,0.20318810565194556,0.20496989939810129,,not_applicable_no_external_contributions,0.1534027147592783,-0.14879900047753047,89,1.2922970212254858,0.10535509333216159,14.991524426300147,40.0,0.0,0.025000000000000005,0.125,0.828171205692839,0.1771908045051671,0.17872809721523475,0.026241802182866536,0.03875334441674305,1.0,,,0.2077254840592302,0.20955041897086812,-0.004580519572766839,0.07888404752802869,0.0,,,,,P4_N40_daily_B1_C_EW,P4,40,daily,1.0,current_classification_constrained,equal,E5,evaluation,2010-01-01,2024-12-31,2025
2021-01-04,2021-12-31,252,0.21735101256617995,0.21735101256617995,0.21735101256617995,,not_applicable_no_external_contributions,0.1469828010063107,-0.06282331860328927,34,1.411913313085553,0.1008577672567097,22.53902492588844,40.0,0.0,0.025,0.125,0.7648156352325682,0.28728769487345307,0.28728769487345307,-0.06993668230727312,-0.011681870579788312,0.0,,,0.2741976405176627,0.2741976405176627,-0.056846627951482764,0.04569205537274512,0.0,,,,,P4_N40_daily_B1_U_EW,P4,40,daily,1.0,unconstrained,equal,E1,evaluation,2010-01-01,2020-12-31,2021
2022-01-03,2022-12-30,251,-0.03491004426331501,-0.03491004426331501,-0.03504666196858908,,not_applicable_no_external_contributions,0.1748503131766164,-0.1521254620645519,250,-0.11691138896138328,0.12472745411435547,15.613744505735747,40.0,0.0,0.025,0.125,1.0,-0.18175361295122916,-0.18240727005194868,0.1473606080833596,0.09283847654485733,1.0,,,-0.32577015948669175,-0.326828176140617,0.2917815141720279,0.19615418524526163,1.0,,,,,P4_N40_daily_B1_U_EW,P4,40,daily,1.0,unconstrained,equal,E2,evaluation,2010-01-01,2021-12-31,2022
2023-01-03,2023-12-29,250,0.16143654419402997,0.16143654419402997,0.1628279197571072,,not_applicable_no_external_contributions,0.13267237397266082,-0.10910494572400176,90,1.2034883089506254,0.09078064395209809,18.84983799315274,40.0,0.0,0.025000000000000005,0.125,0.9134516175008455,0.26175777831245095,0.2641068904875523,-0.10127897073044512,-0.009361737070083476,0.0,,,0.5485557706092534,0.5539830080583357,-0.39115508830122847,-0.0013055564021365873,0.0,,,,,P4_N40_daily_B1_U_EW,P4,40,daily,1.0,unconstrained,equal,E3,evaluation,2010-01-01,2022-12-31,2023
2024-01-02,2024-12-31,252,0.24953305725824126,0.24953305725824126,0.24953305725824126,,not_applicable_no_external_contributions,0.1320071963213896,-0.0749515309313693,36,1.7540150808422705,0.08588189338718955,18.163811886138312,40.0,0.0,0.025,0.125,0.7766097829017896,0.24886449847111503,0.24886449847111503,0.0006685587871262388,0.009104667732398708,1.0,,,0.2557827307615481,0.2557827307615481,-0.006249673503306852,0.060625920383468146,0.0,,,,,P4_N40_daily_B1_U_EW,P4,40,daily,1.0,unconstrained,equal,E4,evaluation,2010-01-01,2023-12-31,2024
2025-01-02,2025-12-31,250,0.20941666436689177,0.20941666436689177,0.21125771418295725,,not_applicable_no_external_contributions,0.15588545981908894,-0.14879900047753047,89,1.3075914577743488,0.10718239715220447,15.864865442955479,40.0,0.0,0.025000000000000005,0.125,0.8509924819200134,0.1771908045051671,0.17872809721523475,0.0325296169677225,0.03875334441674305,1.0,,,0.2077254840592302,0.20955041897086812,0.0017072952120891216,0.07888404752802869,1.0,,,,,P4_N40_daily_B1_U_EW,P4,40,daily,1.0,unconstrained,equal,E5,evaluation,2010-01-01,2024-12-31,2025
2021-01-04,2021-12-31,252,0.26505273398940044,0.26505273398940044,0.26505273398940044,,not_applicable_no_external_contributions,0.1404976915703788,-0.05466970339514954,35,1.744258805781118,0.09418539503505174,2.6751723772576774,40.0,0.0,0.025,0.125,0.745759781117262,0.28728769487345307,0.28728769487345307,-0.022234960884052635,-0.003528255371648581,0.0,,,0.2741976405176627,0.2741976405176627,-0.009144906528262275,0.05384567058088485,0.0,,,,,P4_N40_daily_B2_C_EW,P4,40,daily,2.0,current_classification_constrained,equal,E1,evaluation,2010-01-01,2020-12-31,2021
2022-01-03,2022-12-30,251,-0.15913106161978685,-0.15913106161978685,-0.15971149450401023,,not_applicable_no_external_contributions,0.2533067667826503,-0.24663577119782032,249,-0.5605003996228991,0.18212160218850995,3.2067093520024423,40.0,0.0,0.025,0.125,1.0,-0.18175361295122916,-0.18240727005194868,0.022695775547938446,-0.0016718325884110818,1.0,,,-0.32577015948669175,-0.326828176140617,0.16711668163660676,0.10164387611199321,1.0,,,,,P4_N40_daily_B2_C_EW,P4,40,daily,2.0,current_classification_constrained,equal,E2,evaluation,2010-01-01,2021-12-31,2022
2023-01-03,2023-12-29,250,0.289123427651486,0.289123427651486,0.2917452018780322,,not_applicable_no_external_contributions,0.13812306660717247,-0.10196653486933493,85,1.9230424405535413,0.08813880022994011,2.578230569168214,40.0,0.0,0.025000000000000005,0.125,0.8715333130522063,0.26175777831245095,0.2641068904875523,0.027638311390479897,-0.0022233262154166544,1.0,,,0.5485557706092534,0.5539830080583357,-0.26223780618030346,0.005832854452530234,0.0,,,,,P4_N40_daily_B2_C_EW,P4,40,daily,2.0,current_classification_constrained,equal,E3,evaluation,2010-01-01,2022-12-31,2023
2024-01-02,2024-12-31,252,0.1705938329392236,0.1705938329392236,0.1705938329392236,,not_applicable_no_external_contributions,0.12459482537336546,-0.06400796639375117,34,1.326641946177102,0.08510982160548022,2.919147303169156,40.0,0.0,0.025,0.125,0.7795389657789265,0.24886449847111503,0.24886449847111503,-0.07827066553189144,0.02004823227001684,0.0,,,0.2557827307615481,0.2557827307615481,-0.08518889782232453,0.07156948492108628,0.0,,,,,P4_N40_daily_B2_C_EW,P4,40,daily,2.0,current_classification_constrained,equal,E4,evaluation,2010-01-01,2023-12-31,2024
2025-01-02,2025-12-31,250,0.19195750560103808,0.19195750560103808,0.1936331147709569,,not_applicable_no_external_contributions,0.19204297648516114,-0.17282953054662387,105,1.0169844806367314,0.12761974299760737,3.1501507059789784,40.0,0.0,0.025000000000000005,0.125,0.7845077240895573,0.1771908045051671,0.17872809721523475,0.014905017555722155,0.01472281434764966,1.0,,,0.2077254840592302,0.20955041897086812,-0.01591730419991122,0.0548535174589353,0.0,,,,,P4_N40_daily_B2_C_EW,P4,40,daily,2.0,current_classification_constrained,equal,E5,evaluation,2010-01-01,2024-12-31,2025
2021-01-04,2021-12-31,252,0.25745928621896064,0.25745928621896064,0.25745928621896064,,not_applicable_no_external_contributions,0.14186160689653052,-0.05493888617727305,35,1.6863737472053715,0.09564444657410646,2.694567465431528,40.0,0.0,0.025,0.125,0.7317893229566075,0.28728769487345307,0.28728769487345307,-0.029828408654492433,-0.0037974381537720925,0.0,,,0.2741976405176627,0.2741976405176627,-0.016738354298702074,0.05357648779876134,0.0,,,,,P4_N40_daily_B2_U_EW,P4,40,daily,2.0,unconstrained,equal,E1,evaluation,2010-01-01,2020-12-31,2021
2022-01-03,2022-12-30,251,-0.17215121305612247,-0.17215121305612247,-0.17277409071449457,,not_applicable_no_external_contributions,0.26103738977651214,-0.2619763655576708,249,-0.5962908232261591,0.1879965593284927,3.285183592598639,40.0,0.0,0.025,0.125,1.0,-0.18175361295122916,-0.18240727005194868,0.009633179337454112,-0.01701242694826155,1.0,,,-0.32577015948669175,-0.326828176140617,0.15405408542612242,0.08630328175214275,1.0,,,,,P4_N40_daily_B2_U_EW,P4,40,daily,2.0,unconstrained,equal,E2,evaluation,2010-01-01,2021-12-31,2022
2023-01-03,2023-12-29,250,0.30598135657379366,0.30598135657379366,0.3087734404231073,,not_applicable_no_external_contributions,0.14166464204766402,-0.10471750149407621,85,1.9709799718340528,0.08983502773543876,2.6016518248888687,40.0,0.0,0.025000000000000005,0.125,0.8772870745335507,0.26175777831245095,0.2641068904875523,0.04466654993555497,-0.0049742928401579345,1.0,,,0.5485557706092534,0.5539830080583357,-0.2452095676352284,0.003081887827788954,0.0,,,,,P4_N40_daily_B2_U_EW,P4,40,daily,2.0,unconstrained,equal,E3,evaluation,2010-01-01,2022-12-31,2023
2024-01-02,2024-12-31,252,0.18902713649413672,0.18902713649413672,0.18902713649413672,,not_applicable_no_external_contributions,0.12668854076221323,-0.0642620795134009,34,1.4302117625452502,0.08660307517557114,2.917464860293647,40.0,0.0,0.025,0.125,0.7618040907218083,0.24886449847111503,0.24886449847111503,-0.05983736197697831,0.019794119150367107,0.0,,,0.2557827307615481,0.2557827307615481,-0.0667555942674114,0.07131537180143654,0.0,,,,,P4_N40_daily_B2_U_EW,P4,40,daily,2.0,unconstrained,equal,E4,evaluation,2010-01-01,2023-12-31,2024
2025-01-02,2025-12-31,250,0.2034141346965812,0.2034141346965812,0.2051980742493411,,not_applicable_no_external_contributions,0.19325143598089717,-0.17647246692978347,93,1.0617719457550563,0.1288581409538242,3.128561770586213,40.0,0.0,0.025000000000000005,0.125,0.8062344180937712,0.1771908045051671,0.17872809721523475,0.026469977034106362,0.011079877964490059,1.0,,,0.2077254840592302,0.20955041897086812,-0.004352344721527013,0.051210581075775696,0.0,,,,,P4_N40_daily_B2_U_EW,P4,40,daily,2.0,unconstrained,equal,E5,evaluation,2010-01-01,2024-12-31,2025
2021-01-04,2021-12-31,252,0.23474531434891177,0.23474531434891177,0.23474531434891177,,not_applicable_no_external_contributions,0.14364667714755758,-0.07320283907739966,34,1.5402073516972437,0.09838616081650617,2.26872196654464,40.0,0.0,0.025056909832559943,0.13440870889452824,0.7645089028207542,0.28728769487345307,0.28728769487345307,-0.0525423805245413,-0.022061391053898705,0.0,,,0.2741976405176627,0.2741976405176627,-0.03945232616875094,0.03531253489863473,0.0,,,,,P4_N40_monthly_B1.5_C_EW,P4,40,monthly,1.5,current_classification_constrained,equal,E1,evaluation,2010-01-01,2020-12-31,2021
2022-01-03,2022-12-30,251,-0.05956521187925545,-0.05956521187925545,-0.05979528290939873,,not_applicable_no_external_contributions,0.19426933972175342,-0.1689593048871163,250,-0.22051450415063695,0.1392566558431687,1.3896683941748689,40.0,0.0,0.025059674394637896,0.1336393831302524,1.0,-0.18175361295122916,-0.18240727005194868,0.12261198714254995,0.07600463372229294,1.0,,,-0.32577015948669175,-0.326828176140617,0.26703289323121826,0.17932034242269723,1.0,,,,,P4_N40_monthly_B1.5_C_EW,P4,40,monthly,1.5,current_classification_constrained,equal,E2,evaluation,2010-01-01,2021-12-31,2022
2023-01-03,2023-12-29,250,0.11483141195915492,0.11483141195915492,0.11580131950326944,,not_applicable_no_external_contributions,0.1145505777582155,-0.0935738353883181,86,1.0138094134418483,0.07801029558327581,1.9517808403649244,40.0,0.0,0.025049909117620308,0.13351224416218307,0.9235391499717958,0.26175777831245095,0.2641068904875523,-0.14830557098428288,0.0061693732656001865,0.0,,,0.5485557706092534,0.5539830080583357,-0.43818168855506623,0.014225553933547075,0.0,,,,,P4_N40_monthly_B1.5_C_EW,P4,40,monthly,1.5,current_classification_constrained,equal,E3,evaluation,2010-01-01,2022-12-31,2023
2024-01-02,2024-12-31,252,0.23324701145321702,0.23324701145321702,0.23324701145321702,,not_applicable_no_external_contributions,0.12284933245650134,-0.08298729008311156,33,1.7684491943543974,0.08042207860606304,1.9507608555317981,40.0,0.0,0.025074100282301944,0.13613797939551087,0.7471518000385997,0.24886449847111503,0.24886449847111503,-0.015617487017898002,0.001068908580656447,0.0,,,0.2557827307615481,0.2557827307615481,-0.022535719308331092,0.052590161231725885,0.0,,,,,P4_N40_monthly_B1.5_C_EW,P4,40,monthly,1.5,current_classification_constrained,equal,E4,evaluation,2010-01-01,2023-12-31,2024
2025-01-02,2025-12-31,250,0.1759526848436057,0.1759526848436057,0.177478448061003,,not_applicable_no_external_contributions,0.14878026902261707,-0.13729898180419964,63,1.1723505602237614,0.1000810904129569,1.5105495444899988,40.0,0.0,0.02506500632660662,0.1350973782292449,0.8216006691833594,0.1771908045051671,0.17872809721523475,-0.0012496491542317578,0.05025336309007389,0.0,,,0.2077254840592302,0.20955041897086812,-0.03207197090986513,0.09038406620135953,0.0,,,,,P4_N40_monthly_B1.5_C_EW,P4,40,monthly,1.5,current_classification_constrained,equal,E5,evaluation,2010-01-01,2024-12-31,2025
2021-01-04,2021-12-31,252,0.20982321842004725,0.20982321842004725,0.20982321842004725,,not_applicable_no_external_contributions,0.1510545696376659,-0.08392288321362995,37,1.3367788007847463,0.1039745410986737,2.356021854748562,40.0,0.0,0.02505473471022686,0.13418010418365492,0.7707950995436476,0.28728769487345307,0.28728769487345307,-0.07746447645340582,-0.032781435190128994,0.0,,,0.2741976405176627,0.2741976405176627,-0.06437442209761546,0.02459249076240444,0.0,,,,,P4_N40_monthly_B1.5_U_EW,P4,40,monthly,1.5,unconstrained,equal,E1,evaluation,2010-01-01,2020-12-31,2021
2022-01-03,2022-12-30,251,-0.05104771762585414,-0.05104771762585414,-0.051245792681723246,,not_applicable_no_external_contributions,0.19274362757986466,-0.16408254522107346,250,-0.1768162025455411,0.13864121834009238,1.433839144534031,40.0,0.0,0.025058427910451077,0.13344705359757553,1.0,-0.18175361295122916,-0.18240727005194868,0.13116147737022543,0.08088139338833578,1.0,,,-0.32577015948669175,-0.326828176140617,0.27558238345889374,0.18419710208874007,1.0,,,,,P4_N40_monthly_B1.5_U_EW,P4,40,monthly,1.5,unconstrained,equal,E2,evaluation,2010-01-01,2021-12-31,2022
2023-01-03,2023-12-29,250,0.1304014845321717,0.1304014845321717,0.13151048056911185,,not_applicable_no_external_contributions,0.1214288113519998,-0.10160411063250607,104,1.0782283723866857,0.08259166581466446,1.9577443369428809,40.0,0.0,0.02505268264096664,0.13381923064288756,0.9452927090325426,0.26175777831245095,0.2641068904875523,-0.13259640991844046,-0.0018609019785877923,0.0,,,0.5485557706092534,0.5539830080583357,-0.4224725274892238,0.006195278689359096,0.0,,,,,P4_N40_monthly_B1.5_U_EW,P4,40,monthly,1.5,unconstrained,equal,E3,evaluation,2010-01-01,2022-12-31,2023
2024-01-02,2024-12-31,252,0.255957677873452,0.255957677873452,0.255957677873452,,not_applicable_no_external_contributions,0.13421472983871066,-0.08533700700839253,33,1.765609709943719,0.08817154083958346,2.065985209566102,40.0,0.0,0.025080761599297386,0.1365664574892591,0.7642100613253129,0.24886449847111503,0.24886449847111503,0.007093179402337002,-0.0012808083446245178,1.0,,,0.2557827307615481,0.2557827307615481,0.00017494711190391143,0.05024044430644492,1.0,,,,,P4_N40_monthly_B1.5_U_EW,P4,40,monthly,1.5,unconstrained,equal,E4,evaluation,2010-01-01,2023-12-31,2024
2025-01-02,2025-12-31,250,0.16464450263256203,0.16464450263256203,0.1660654514076858,,not_applicable_no_external_contributions,0.15537161842624278,-0.14645706034976524,60,1.066206474278196,0.1042508514498195,1.611659050754792,40.0,0.0,0.025065746068501874,0.13515951403166607,0.77590138502625,0.1771908045051671,0.17872809721523475,-0.012662645807548945,0.04109528454450828,0.0,,,0.2077254840592302,0.20955041897086812,-0.04348496756318232,0.08122598765579392,0.0,,,,,P4_N40_monthly_B1.5_U_EW,P4,40,monthly,1.5,unconstrained,equal,E5,evaluation,2010-01-01,2024-12-31,2025
2021-01-04,2021-12-31,252,0.2231287572627476,0.2231287572627476,0.2231287572627476,,not_applicable_no_external_contributions,0.1435125856668966,-0.06288703820300845,34,1.475600870794214,0.09886202313217979,4.489018909960452,40.0,0.0,0.0250568685008939,0.13426814429227601,0.7438656420437743,0.28728769487345307,0.28728769487345307,-0.06415893761070546,-0.011745590179507492,0.0,,,0.2741976405176627,0.2741976405176627,-0.0510688832549151,0.04562833577302594,0.0,,,,,P4_N40_monthly_B1_C_EW,P4,40,monthly,1.0,current_classification_constrained,equal,E1,evaluation,2010-01-01,2020-12-31,2021
2022-01-03,2022-12-30,251,-0.059633030713708735,-0.059633030713708735,-0.05986335527111053,,not_applicable_no_external_contributions,0.17658748197917667,-0.17861872615224839,250,-0.26151139372473214,0.12752854415275872,2.8894528928335177,40.0,0.0,0.025060488304874753,0.1333532578071977,1.0,-0.18175361295122916,-0.18240727005194868,0.12254391478083815,0.06634521245716085,1.0,,,-0.32577015948669175,-0.326828176140617,0.26696482086950646,0.16966092115756515,1.0,,,,,P4_N40_monthly_B1_C_EW,P4,40,monthly,1.0,current_classification_constrained,equal,E2,evaluation,2010-01-01,2021-12-31,2022
2023-01-03,2023-12-29,250,0.1299969200208213,0.1299969200208213,0.13110228004726387,,not_applicable_no_external_contributions,0.11906462227775062,-0.10262800320177223,94,1.0942249143043488,0.08077621068035629,3.704490534399912,40.0,0.0,0.025048298617230232,0.1335299721247317,0.920475155766248,0.26175777831245095,0.2641068904875523,-0.13300461044028844,-0.0028847945478539527,0.0,,,0.5485557706092534,0.5539830080583357,-0.4228807280110718,0.005171386120092936,0.0,,,,,P4_N40_monthly_B1_C_EW,P4,40,monthly,1.0,current_classification_constrained,equal,E3,evaluation,2010-01-01,2022-12-31,2023
2024-01-02,2024-12-31,252,0.2555128073977031,0.2555128073977031,0.2555128073977031,,not_applicable_no_external_contributions,0.12354263364843004,-0.06545301210200705,33,1.9041737225739817,0.08027044003428717,3.696945002321245,40.0,0.0,0.025079404227275504,0.1365721629588275,0.7563520071942212,0.24886449847111503,0.24886449847111503,0.006648308926588076,0.018603186561760965,1.0,,,0.2557827307615481,0.2557827307615481,-0.0002699233638450149,0.0701244392128304,0.0,,,,,P4_N40_monthly_B1_C_EW,P4,40,monthly,1.0,current_classification_constrained,equal,E4,evaluation,2010-01-01,2023-12-31,2024
2025-01-02,2025-12-31,250,0.15624406804170743,0.15624406804170743,0.15758772740957516,,not_applicable_no_external_contributions,0.1567730889086187,-0.15597084304163322,93,1.0118664150394792,0.11017457675818476,3.6081544510861567,40.0,0.0,0.02508581963597667,0.13662968707378825,0.8555613590674612,0.1771908045051671,0.17872809721523475,-0.021140369805659587,0.031581501852640304,0.0,,,0.2077254840592302,0.20955041897086812,-0.05196269156129296,0.07171220496392594,0.0,,,,,P4_N40_monthly_B1_C_EW,P4,40,monthly,1.0,current_classification_constrained,equal,E5,evaluation,2010-01-01,2024-12-31,2025
2021-01-04,2021-12-31,252,0.24089881272379254,0.24089881272379254,0.24089881272379254,,not_applicable_no_external_contributions,0.14686400716720002,-0.06288703820300878,34,1.5435129796168838,0.10042568896440272,4.378848064713267,40.0,0.0,0.025057852828363546,0.13419694730350468,0.7456387562088268,0.28728769487345307,0.28728769487345307,-0.046388882149660526,-0.011745590179507825,0.0,,,0.2741976405176627,0.2741976405176627,-0.03329882779387017,0.04562833577302561,0.0,,,,,P4_N40_monthly_B1_U_EW,P4,40,monthly,1.0,unconstrained,equal,E1,evaluation,2010-01-01,2020-12-31,2021
2022-01-03,2022-12-30,251,-0.05597855141506258,-0.05597855141506258,-0.05619518659326139,,not_applicable_no_external_contributions,0.17554401574308343,-0.17850165962699138,250,-0.24193503342663158,0.12663795438064038,3.1704951743961205,40.0,0.0,0.02505643912690422,0.1329614891680748,1.0,-0.18175361295122916,-0.18240727005194868,0.12621208345868729,0.06646227898241786,1.0,,,-0.32577015948669175,-0.326828176140617,0.2706329895473556,0.16977798768282215,1.0,,,,,P4_N40_monthly_B1_U_EW,P4,40,monthly,1.0,unconstrained,equal,E2,evaluation,2010-01-01,2021-12-31,2022
2023-01-03,2023-12-29,250,0.17704591716267504,0.17704591716267504,0.17858186012404742,,not_applicable_no_external_contributions,0.12990672683186774,-0.1014296148684618,90,1.3299774435438967,0.08840458558408133,4.173698132712422,40.0,0.0,0.025053487446494913,0.1337629434621826,0.9182899585806314,0.26175777831245095,0.2641068904875523,-0.0855250303635049,-0.0016864062145435232,0.0,,,0.5485557706092534,0.5539830080583357,-0.37540114793428825,0.006369774453403365,0.0,,,,,P4_N40_monthly_B1_U_EW,P4,40,monthly,1.0,unconstrained,equal,E3,evaluation,2010-01-01,2022-12-31,2023
2024-01-02,2024-12-31,252,0.2834680367421374,0.2834680367421374,0.2834680367421374,,not_applicable_no_external_contributions,0.13384517543294466,-0.06573048735116604,36,1.932122513421082,0.08603107334365591,3.809100150007926,40.0,0.0,0.025081836480536784,0.13685131822315783,0.7683336277817722,0.24886449847111503,0.24886449847111503,0.03460353827102236,0.018325711312601967,1.0,,,0.2557827307615481,0.2557827307615481,0.02768530598058927,0.0698469639636714,1.0,,,,,P4_N40_monthly_B1_U_EW,P4,40,monthly,1.0,unconstrained,equal,E4,evaluation,2010-01-01,2023-12-31,2024
2025-01-02,2025-12-31,250,0.17083945850791227,0.17083945850791227,0.17231771847282173,,not_applicable_no_external_contributions,0.1589199558883422,-0.15597084304163322,93,1.079948768071804,0.11176704135419532,3.6605022311061273,40.0,0.0,0.025088851718815298,0.13690696950924608,0.8708412591392589,0.1771908045051671,0.17872809721523475,-0.006410378742413014,0.031581501852640304,0.0,,,0.2077254840592302,0.20955041897086812,-0.03723270049804639,0.07171220496392594,0.0,,,,,P4_N40_monthly_B1_U_EW,P4,40,monthly,1.0,unconstrained,equal,E5,evaluation,2010-01-01,2024-12-31,2025
2021-01-04,2021-12-31,252,0.23734816663159264,0.23734816663159264,0.23734816663159264,,not_applicable_no_external_contributions,0.13328601237731227,-0.051521458410842325,39,1.664953550338069,0.08953492222482479,0.5979982552139567,40.0,0.0,0.025052129163947154,0.1335224877714997,0.7306976770158325,0.28728769487345307,0.28728769487345307,-0.04993952824186043,-0.0003800103873413674,0.0,,,0.2741976405176627,0.2741976405176627,-0.03684947388607007,0.056993915565192066,0.0,,,,,P4_N40_monthly_B2_C_EW,P4,40,monthly,2.0,current_classification_constrained,equal,E1,evaluation,2010-01-01,2020-12-31,2021
2022-01-03,2022-12-30,251,-0.15486987015483078,-0.15486987015483078,-0.1554362362186954,,not_applicable_no_external_contributions,0.2396720393019857,-0.23740542644131468,249,-0.585182186016897,0.17286321035925015,0.7223690309221718,40.0,0.0,0.025079609750123237,0.13487781761378312,1.0,-0.18175361295122916,-0.18240727005194868,0.026971033833253277,0.0075585121680945555,1.0,,,-0.32577015948669175,-0.326828176140617,0.1713919399219216,0.11087422086849885,1.0,,,,,P4_N40_monthly_B2_C_EW,P4,40,monthly,2.0,current_classification_constrained,equal,E2,evaluation,2010-01-01,2021-12-31,2022
2023-01-03,2023-12-29,250,0.30250456850461105,0.30250456850461105,0.3052613829219728,,not_applicable_no_external_contributions,0.1360776933630678,-0.10025932005674965,86,2.0264708133138343,0.08654519226942019,0.6781729937413773,40.0,0.0,0.025059622828398933,0.1344877979928651,0.8837945503848288,0.26175777831245095,0.2641068904875523,0.04115449243442049,-0.0005161114028313651,1.0,,,0.5485557706092534,0.5539830080583357,-0.24872162513636287,0.007540069265115523,0.0,,,,,P4_N40_monthly_B2_C_EW,P4,40,monthly,2.0,current_classification_constrained,equal,E3,evaluation,2010-01-01,2022-12-31,2023
2024-01-02,2024-12-31,252,0.1507137604243809,0.1507137604243809,0.1507137604243809,,not_applicable_no_external_contributions,0.12077492573148532,-0.0634271556216599,34,1.2228971964163702,0.08440801377641569,0.6880575336836279,40.0,0.0,0.025081029369969338,0.1359529019365141,0.768743777025656,0.24886449847111503,0.24886449847111503,-0.09815073804673413,0.02062904304210811,0.0,,,0.2557827307615481,0.2557827307615481,-0.10506897033716722,0.07215029569317755,0.0,,,,,P4_N40_monthly_B2_C_EW,P4,40,monthly,2.0,current_classification_constrained,equal,E4,evaluation,2010-01-01,2023-12-31,2024
2025-01-02,2025-12-31,250,0.21300398012078503,0.21300398012078503,0.2148792759122058,,not_applicable_no_external_contributions,0.18188243913296756,-0.16859068709462954,75,1.1606076125113065,0.12025206792343021,0.7436810196234868,40.0,0.0,0.025081286901473356,0.13643709068139773,0.777340291044018,0.1771908045051671,0.17872809721523475,0.03615117869697104,0.018961657799643983,1.0,,,0.2077254840592302,0.20955041897086812,0.005328856941337667,0.05909236091092962,1.0,,,,,P4_N40_monthly_B2_C_EW,P4,40,monthly,2.0,current_classification_constrained,equal,E5,evaluation,2010-01-01,2024-12-31,2025
2021-01-04,2021-12-31,252,0.2405950390964895,0.2405950390964895,0.2405950390964895,,not_applicable_no_external_contributions,0.13433239494674862,-0.05343960353817834,35,1.672558346273373,0.09047799120046127,0.6002540837305483,40.0,0.0,0.025052271795606647,0.13353628604208903,0.7181676803383802,0.28728769487345307,0.28728769487345307,-0.046692655776963576,-0.0022981555146773802,0.0,,,0.2741976405176627,0.2741976405176627,-0.03360260142117322,0.05507577043785605,0.0,,,,,P4_N40_monthly_B2_U_EW,P4,40,monthly,2.0,unconstrained,equal,E1,evaluation,2010-01-01,2020-12-31,2021
2022-01-03,2022-12-30,251,-0.15338062487664772,-0.15338062487664772,-0.1539420544481317,,not_applicable_no_external_contributions,0.24635789570646816,-0.24316130193537144,249,-0.5555426231280522,0.1778354458324259,0.7448212634922996,40.0,0.0,0.025086575676942734,0.13511196487034716,1.0,-0.18175361295122916,-0.18240727005194868,0.028465215603816985,0.0018026366740377942,1.0,,,-0.32577015948669175,-0.326828176140617,0.1728861216924853,0.10511834537444209,1.0,,,,,P4_N40_monthly_B2_U_EW,P4,40,monthly,2.0,unconstrained,equal,E2,evaluation,2010-01-01,2021-12-31,2022
2023-01-03,2023-12-29,250,0.30187040549219457,0.30187040549219457,0.30462079487839056,,not_applicable_no_external_contributions,0.1372801140073176,-0.09958079325728642,85,2.006328404445788,0.08709186903695036,0.6887877333572218,40.0,0.0,0.025060278536602625,0.13448366622962787,0.8839691093034447,0.26175777831245095,0.2641068904875523,0.04051390439083824,0.00016241539663186533,1.0,,,0.5485557706092534,0.5539830080583357,-0.2493622131799451,0.008218596064578754,0.0,,,,,P4_N40_monthly_B2_U_EW,P4,40,monthly,2.0,unconstrained,equal,E3,evaluation,2010-01-01,2022-12-31,2023
2024-01-02,2024-12-31,252,0.2023104138524061,0.2023104138524061,0.2023104138524061,,not_applicable_no_external_contributions,0.12071921209475636,-0.05836004657973781,31,1.5869596081546247,0.08285727639672211,0.6863987816998472,40.0,0.0,0.025076249330971485,0.135991830958565,0.7500376526645007,0.24886449847111503,0.24886449847111503,-0.04655408461870891,0.0256961520840302,0.0,,,0.2557827307615481,0.2557827307615481,-0.053472316909142004,0.07721740473509964,0.0,,,,,P4_N40_monthly_B2_U_EW,P4,40,monthly,2.0,unconstrained,equal,E4,evaluation,2010-01-01,2023-12-31,2024
2025-01-02,2025-12-31,250,0.18486552114596289,0.18486552114596289,0.18647451574824236,,not_applicable_no_external_contributions,0.18270011580320142,-0.17399275013571514,93,1.026665687513213,0.12221003537216525,0.7245230556139297,40.0,0.0,0.025077345892313325,0.135969909424035,0.8170294930881349,0.1771908045051671,0.17872809721523475,0.007746418533007615,0.013559594758558391,1.0,,,0.2077254840592302,0.20955041897086812,-0.02307590322262576,0.05369029786984403,0.0,,,,,P4_N40_monthly_B2_U_EW,P4,40,monthly,2.0,unconstrained,equal,E5,evaluation,2010-01-01,2024-12-31,2025
2021-01-04,2021-12-31,252,0.228976749884646,0.228976749884646,0.228976749884646,,not_applicable_no_external_contributions,0.1458913023600034,-0.07201839914560604,33,1.4866091311012222,0.10035159981795456,3.4243739890527927,40.0,0.0,0.025010824159519697,0.12855833648001183,0.7711474227640083,0.28728769487345307,0.28728769487345307,-0.05831094498880707,-0.02087695112210508,0.0,,,0.2741976405176627,0.2741976405176627,-0.04522089063301671,0.03649697483042835,0.0,,,,,P4_N40_weekly_B1.5_C_EW,P4,40,weekly,1.5,current_classification_constrained,equal,E1,evaluation,2010-01-01,2020-12-31,2021
2022-01-03,2022-12-30,251,-0.04311072604502608,-0.04311072604502608,-0.043278710538816156,,not_applicable_no_external_contributions,0.1903610564920979,-0.16232395881652883,250,-0.13752261480012892,0.13597482724317014,1.989830431276819,40.0,0.0,0.025011972794786477,0.12859130926673046,1.0,-0.18175361295122916,-0.18240727005194868,0.13912855951313252,0.0826399797928804,1.0,,,-0.32577015948669175,-0.326828176140617,0.28354946560180083,0.1859556884932847,1.0,,,,,P4_N40_weekly_B1.5_C_EW,P4,40,weekly,1.5,current_classification_constrained,equal,E2,evaluation,2010-01-01,2021-12-31,2022
2023-01-03,2023-12-29,250,0.13969045884346531,0.13969045884346531,0.14088325989260708,,not_applicable_no_external_contributions,0.11683522066750612,-0.09763680943091957,87,1.1866040731581764,0.07937846449920989,3.0691596981609335,40.0,0.0,0.025009226551991753,0.12815123721842125,0.9273956430019669,0.26175777831245095,0.2641068904875523,-0.12322363059494523,0.0021063992229987116,0.0,,,0.5485557706092534,0.5539830080583357,-0.4130997481657286,0.0101625798909456,0.0,,,,,P4_N40_weekly_B1.5_C_EW,P4,40,weekly,1.5,current_classification_constrained,equal,E3,evaluation,2010-01-01,2022-12-31,2023
2024-01-02,2024-12-31,252,0.24633862954875796,0.24633862954875796,0.24633862954875796,,not_applicable_no_external_contributions,0.12095151786977693,-0.07903914704260784,33,1.8816449006395441,0.07784711072307145,2.582672012222437,40.0,0.0,0.025013049544613614,0.12880458122475558,0.7492817232745919,0.24886449847111503,0.24886449847111503,-0.0025258689223570663,0.0050170516211601734,0.0,,,0.2557827307615481,0.2557827307615481,-0.009444101212790157,0.05653830427222961,0.0,,,,,P4_N40_weekly_B1.5_C_EW,P4,40,weekly,1.5,current_classification_constrained,equal,E4,evaluation,2010-01-01,2023-12-31,2024
2025-01-02,2025-12-31,250,0.18230686831011678,0.18230686831011678,0.18389191368092717,,not_applicable_no_external_contributions,0.15489076592273723,-0.1382642028490928,59,1.1670866836161855,0.10450266780640202,2.8863493894191423,40.0,0.0,0.025015467007494564,0.12908925589245374,0.8313714092693036,0.1771908045051671,0.17872809721523475,0.005163816465692417,0.04928814204518073,1.0,,,0.2077254840592302,0.20955041897086812,-0.025658505289940958,0.08941884515646636,0.0,,,,,P4_N40_weekly_B1.5_C_EW,P4,40,weekly,1.5,current_classification_constrained,equal,E5,evaluation,2010-01-01,2024-12-31,2025
2021-01-04,2021-12-31,252,0.22789778160224072,0.22789778160224072,0.22789778160224072,,not_applicable_no_external_contributions,0.15218680172877966,-0.07779608687345596,33,1.4254711146919345,0.1044262398703423,3.3812998002790486,40.0,0.0,0.0250109404722424,0.1286083105937897,0.761712233133629,0.28728769487345307,0.28728769487345307,-0.05938991327121235,-0.026654638849955004,0.0,,,0.2741976405176627,0.2741976405176627,-0.04629985891542199,0.03071928710257843,0.0,,,,,P4_N40_weekly_B1.5_U_EW,P4,40,weekly,1.5,unconstrained,equal,E1,evaluation,2010-01-01,2020-12-31,2021
2022-01-03,2022-12-30,251,-0.05778220778175924,-0.05778220778175924,-0.0580056063927884,,not_applicable_no_external_contributions,0.19314726386661163,-0.17409148636246552,250,-0.21305083226183857,0.13900403500491412,2.087579923628417,40.0,0.0,0.02501194948093054,0.12860537022045107,1.0,-0.18175361295122916,-0.18240727005194868,0.12440166365916028,0.07087245224694372,1.0,,,-0.32577015948669175,-0.326828176140617,0.2688225697478286,0.17418816094734801,1.0,,,,,P4_N40_weekly_B1.5_U_EW,P4,40,weekly,1.5,unconstrained,equal,E2,evaluation,2010-01-01,2021-12-31,2022
2023-01-03,2023-12-29,250,0.16301572295016764,0.16301572295016764,0.16442164756333755,,not_applicable_no_external_contributions,0.1266493433597439,-0.09793161013311735,100,1.26539090250171,0.08591260394976911,3.059513330189212,40.0,0.0,0.025010157386263433,0.12829134762521455,0.9429664586169625,0.26175777831245095,0.2641068904875523,-0.09968524292421477,0.0018115985208009278,0.0,,,0.5485557706092534,0.5539830080583357,-0.3895613604949981,0.009867779188747816,0.0,,,,,P4_N40_weekly_B1.5_U_EW,P4,40,weekly,1.5,unconstrained,equal,E3,evaluation,2010-01-01,2022-12-31,2023
2024-01-02,2024-12-31,252,0.2589143197525683,0.2589143197525683,0.2589143197525683,,not_applicable_no_external_contributions,0.13734682506452894,-0.08680800869083738,33,1.745510687922245,0.0885303778540823,2.7573761024515937,40.0,0.0,0.025015870545220226,0.12911657482866998,0.7728977791078046,0.24886449847111503,0.24886449847111503,0.010049821281453264,-0.002751810027069368,1.0,,,0.2557827307615481,0.2557827307615481,0.0031315889910201733,0.04876944262400007,1.0,,,,,P4_N40_weekly_B1.5_U_EW,P4,40,weekly,1.5,unconstrained,equal,E4,evaluation,2010-01-01,2023-12-31,2024
2025-01-02,2025-12-31,250,0.1747797652905494,0.1747797652905494,0.17629461587377193,,not_applicable_no_external_contributions,0.15380459571978264,-0.13636970184536001,59,1.1324045137852887,0.10432550559747565,2.942859049226121,40.0,0.0,0.025015667596299786,0.12911565906248232,0.8426704733087234,0.1771908045051671,0.17872809721523475,-0.0024334813414628176,0.05118264304891351,0.0,,,0.2077254840592302,0.20955041897086812,-0.03325580309709619,0.09131334616019915,0.0,,,,,P4_N40_weekly_B1.5_U_EW,P4,40,weekly,1.5,unconstrained,equal,E5,evaluation,2010-01-01,2024-12-31,2025
2021-01-04,2021-12-31,252,0.19647826165324012,0.19647826165324012,0.19647826165324012,,not_applicable_no_external_contributions,0.14297331826082277,-0.06395145603518582,34,1.3264489334747422,0.09965545884838958,8.775647507577474,40.0,0.0,0.0250109800710721,0.12854714285760088,0.7647949981146203,0.28728769487345307,0.28728769487345307,-0.09080943322021295,-0.01281000801168486,0.0,,,0.2741976405176627,0.2741976405176627,-0.0777193788644226,0.044563917940848574,0.0,,,,,P4_N40_weekly_B1_C_EW,P4,40,weekly,1.0,current_classification_constrained,equal,E1,evaluation,2010-01-01,2020-12-31,2021
2022-01-03,2022-12-30,251,-0.035142114244756995,-0.035142114244756995,-0.03527962343742297,,not_applicable_no_external_contributions,0.17685913572907086,-0.15844027981698783,250,-0.11492489792531194,0.126686860260361,5.919730754080465,40.0,0.0,0.025011758477417212,0.1284962231199557,1.0,-0.18175361295122916,-0.18240727005194868,0.1471276466145257,0.08652365879242141,1.0,,,-0.32577015948669175,-0.326828176140617,0.291548552703194,0.1898393674928257,1.0,,,,,P4_N40_weekly_B1_C_EW,P4,40,weekly,1.0,current_classification_constrained,equal,E2,evaluation,2010-01-01,2021-12-31,2022
2023-01-03,2023-12-29,250,0.1307068930452593,0.1307068930452593,0.13181863470555344,,not_applicable_no_external_contributions,0.11809174143702283,-0.10158815867094828,94,1.107632540015436,0.08025759666891841,7.888951520349523,40.0,0.0,0.025009617990305124,0.12824577508954954,0.9330215978607764,0.26175777831245095,0.2641068904875523,-0.13228825578199888,-0.0018449500170300004,0.0,,,0.5485557706092534,0.5539830080583357,-0.42216437335278223,0.006211230650916888,0.0,,,,,P4_N40_weekly_B1_C_EW,P4,40,weekly,1.0,current_classification_constrained,equal,E3,evaluation,2010-01-01,2022-12-31,2023
2024-01-02,2024-12-31,252,0.24957978454635743,0.24957978454635743,0.24957978454635743,,not_applicable_no_external_contributions,0.12099809763577474,-0.06273706866231898,32,1.9024645602680708,0.07814966839511951,7.713913904171104,40.0,0.0,0.025013188732761833,0.1288172316550868,0.7683864429664863,0.24886449847111503,0.24886449847111503,0.0007152860752424051,0.021319130001449027,1.0,,,0.2557827307615481,0.2557827307615481,-0.0062029462151906856,0.07284038265251847,0.0,,,,,P4_N40_weekly_B1_C_EW,P4,40,weekly,1.0,current_classification_constrained,equal,E4,evaluation,2010-01-01,2023-12-31,2024
2025-01-02,2025-12-31,250,0.17312615648137464,0.17312615648137464,0.17462563824793387,,not_applicable_no_external_contributions,0.15294784556033528,-0.16042258148579003,105,1.1289808627206677,0.1079540095757521,7.037448305002872,40.0,0.0,0.02501599600386051,0.12922542479263835,0.8558832881644561,0.1771908045051671,0.17872809721523475,-0.0041024589673008816,0.027129763408483498,0.0,,,0.2077254840592302,0.20955041897086812,-0.03492478072293426,0.06726046651976914,0.0,,,,,P4_N40_weekly_B1_C_EW,P4,40,weekly,1.0,current_classification_constrained,equal,E5,evaluation,2010-01-01,2024-12-31,2025
2021-01-04,2021-12-31,252,0.21196026994025052,0.21196026994025052,0.21196026994025052,,not_applicable_no_external_contributions,0.147403814391013,-0.0628125305475683,34,1.3781852981183227,0.10143308477058599,9.42894609650014,40.0,0.0,0.02501108350425381,0.1285337061437085,0.7516040059968554,0.28728769487345307,0.28728769487345307,-0.07532742493320255,-0.011671082524067344,0.0,,,0.2741976405176627,0.2741976405176627,-0.06223737057741219,0.04570284342846609,0.0,,,,,P4_N40_weekly_B1_U_EW,P4,40,weekly,1.0,unconstrained,equal,E1,evaluation,2010-01-01,2020-12-31,2021
2022-01-03,2022-12-30,251,-0.031278266482487216,-0.031278266482487216,-0.03140090381922067,,not_applicable_no_external_contributions,0.17494627034769017,-0.15533468070152723,250,-0.09518194118228972,0.1250974660330701,6.488950391778241,40.0,0.0,0.025011698714324643,0.12848963078565287,1.0,-0.18175361295122916,-0.18240727005194868,0.151006366232728,0.08962925790788201,1.0,,,-0.32577015948669175,-0.326828176140617,0.2954272723213963,0.1929449666082863,1.0,,,,,P4_N40_weekly_B1_U_EW,P4,40,weekly,1.0,unconstrained,equal,E2,evaluation,2010-01-01,2021-12-31,2022
2023-01-03,2023-12-29,250,0.1809885660152477,0.1809885660152477,0.18256128939971616,,not_applicable_no_external_contributions,0.13253796621367062,-0.10039084008775945,90,1.3316026633533335,0.08952804839103555,8.579472426565363,40.0,0.0,0.02501070076014059,0.12841647956111804,0.9102593294408364,0.26175777831245095,0.2641068904875523,-0.08154560108783615,-0.0006476314338411671,0.0,,,0.5485557706092534,0.5539830080583357,-0.3714217186586195,0.007408549234105721,0.0,,,,,P4_N40_weekly_B1_U_EW,P4,40,weekly,1.0,unconstrained,equal,E3,evaluation,2010-01-01,2022-12-31,2023
2024-01-02,2024-12-31,252,0.2692229738450864,0.2692229738450864,0.2692229738450864,,not_applicable_no_external_contributions,0.13230856784074296,-0.06594060567069915,33,1.8685950945804877,0.0855003296868931,7.6031496398729725,40.0,0.0,0.025013827033557562,0.12889781964814112,0.7841789838329012,0.24886449847111503,0.24886449847111503,0.020358475373971396,0.018115592993068863,1.0,,,0.2557827307615481,0.2557827307615481,0.013440243083538306,0.0696368456441383,1.0,,,,,P4_N40_weekly_B1_U_EW,P4,40,weekly,1.0,unconstrained,equal,E4,evaluation,2010-01-01,2023-12-31,2024
2025-01-02,2025-12-31,250,0.18224197907892004,0.18224197907892004,0.18382641766135488,,not_applicable_no_external_contributions,0.15568460843540027,-0.16042258148579003,105,1.1619942058110604,0.10970718145709679,7.132116832046366,40.0,0.0,0.025016235124824496,0.12927949595056612,0.8826300532474842,0.1771908045051671,0.17872809721523475,0.00509832044612013,0.027129763408483498,1.0,,,0.2077254840592302,0.20955041897086812,-0.025724001309513245,0.06726046651976914,0.0,,,,,P4_N40_weekly_B1_U_EW,P4,40,weekly,1.0,unconstrained,equal,E5,evaluation,2010-01-01,2024-12-31,2025
2021-01-04,2021-12-31,252,0.26686913825862457,0.26686913825862457,0.26686913825862457,,not_applicable_no_external_contributions,0.14047244578106732,-0.05477270392755074,35,1.7547713611952167,0.09412447113220822,1.2800129793521107,40.0,0.0,0.025010948120842934,0.12851606989902448,0.7461463012775793,0.28728769487345307,0.28728769487345307,-0.020418556614828498,-0.0036312559040497794,0.0,,,0.2741976405176627,0.2741976405176627,-0.007328502259038139,0.053742670048483654,0.0,,,,,P4_N40_weekly_B2_C_EW,P4,40,weekly,2.0,current_classification_constrained,equal,E1,evaluation,2010-01-01,2020-12-31,2021
2022-01-03,2022-12-30,251,-0.15814767769283333,-0.15814767769283333,-0.15872487192739937,,not_applicable_no_external_contributions,0.25298699423805854,-0.24742476879361086,249,-0.5568910705188593,0.18189946401472182,1.5072303475418627,40.0,0.0,0.025016624415738348,0.12916826563115216,1.0,-0.18175361295122916,-0.18240727005194868,0.02368239812454931,-0.0024608301842016234,1.0,,,-0.32577015948669175,-0.326828176140617,0.16810330421321762,0.10085487851620267,1.0,,,,,P4_N40_weekly_B2_C_EW,P4,40,weekly,2.0,current_classification_constrained,equal,E2,evaluation,2010-01-01,2021-12-31,2022
2023-01-03,2023-12-29,250,0.28692831957243903,0.28692831957243903,0.2895280479955087,,not_applicable_no_external_contributions,0.13835222004412048,-0.10269733497402167,86,1.9076550867116666,0.08829935561315899,1.209825088866711,40.0,0.0,0.025010847308523133,0.12857878129116151,0.871719844660402,0.26175777831245095,0.2641068904875523,0.02542115750795637,-0.0029541263201033896,1.0,,,0.5485557706092534,0.5539830080583357,-0.264454960062827,0.005102054347843499,0.0,,,,,P4_N40_weekly_B2_C_EW,P4,40,weekly,2.0,current_classification_constrained,equal,E3,evaluation,2010-01-01,2022-12-31,2023
2024-01-02,2024-12-31,252,0.1725879620676205,0.1725879620676205,0.1725879620676205,,not_applicable_no_external_contributions,0.1246939559804388,-0.06384313309379497,34,1.3393445233184142,0.08514511025290351,1.4602860253815857,40.0,0.0,0.0250163846688568,0.12927190404284014,0.7813252867767668,0.24886449847111503,0.24886449847111503,-0.07627653640349452,0.020213065569973043,0.0,,,0.2557827307615481,0.2557827307615481,-0.08319476869392761,0.07173431822104248,0.0,,,,,P4_N40_weekly_B2_C_EW,P4,40,weekly,2.0,current_classification_constrained,equal,E4,evaluation,2010-01-01,2023-12-31,2024
2025-01-02,2025-12-31,250,0.19310376029427512,0.19310376029427512,0.19479016820382888,,not_applicable_no_external_contributions,0.19192119795331056,-0.17168576268745062,105,1.0225822197816063,0.1276544743706061,1.565759746518337,40.0,0.0,0.025016949426543405,0.12933642042532614,0.7846811315027992,0.1771908045051671,0.17872809721523475,0.016062070988594135,0.01586658220682291,1.0,,,0.2077254840592302,0.20955041897086812,-0.01476025076703924,0.05599728531810855,0.0,,,,,P4_N40_weekly_B2_C_EW,P4,40,weekly,2.0,current_classification_constrained,equal,E5,evaluation,2010-01-01,2024-12-31,2025
2021-01-04,2021-12-31,252,0.2586765231069761,0.2586765231069761,0.2586765231069761,,not_applicable_no_external_contributions,0.1391760470902198,-0.05551610808221452,35,1.723160986749631,0.09345680065919734,1.2669351248539742,40.0,0.0,0.025010977458078218,0.12851832435934973,0.7271303454642104,0.28728769487345307,0.28728769487345307,-0.028611171766476984,-0.004374660058713564,0.0,,,0.2741976405176627,0.2741976405176627,-0.015521117410686625,0.05299926589381987,0.0,,,,,P4_N40_weekly_B2_U_EW,P4,40,weekly,2.0,unconstrained,equal,E1,evaluation,2010-01-01,2020-12-31,2021
2022-01-03,2022-12-30,251,-0.15851886783532165,-0.15851886783532165,-0.1590972850770912,,not_applicable_no_external_contributions,0.25543737186703114,-0.24881813269656539,249,-0.550845618086803,0.18372518984930833,1.5391518717949089,40.0,0.0,0.025017942441082346,0.12926415573283936,1.0,-0.18175361295122916,-0.18240727005194868,0.02330998497485748,-0.0038541940871561486,1.0,,,-0.32577015948669175,-0.326828176140617,0.1677308910635258,0.09946151461324815,1.0,,,,,P4_N40_weekly_B2_U_EW,P4,40,weekly,2.0,unconstrained,equal,E2,evaluation,2010-01-01,2021-12-31,2022
2023-01-03,2023-12-29,250,0.30080330650908604,0.30080330650908604,0.30354289020244196,,not_applicable_no_external_contributions,0.1379209343873734,-0.09687876350463775,80,1.9916422125657567,0.08746241401759725,1.2124687315176628,40.0,0.0,0.025010790298819308,0.1285548898462813,0.8663505506943715,0.26175777831245095,0.2641068904875523,0.03943599971488965,0.0028644451492805256,1.0,,,0.5485557706092534,0.5539830080583357,-0.2504401178558937,0.010920625817227414,0.0,,,,,P4_N40_weekly_B2_U_EW,P4,40,weekly,2.0,unconstrained,equal,E3,evaluation,2010-01-01,2022-12-31,2023
2024-01-02,2024-12-31,252,0.17836975275651046,0.17836975275651046,0.17836975275651046,,not_applicable_no_external_contributions,0.12480128792595736,-0.062489510277612514,34,1.3777422084582533,0.08539616543788708,1.4537379923338807,40.0,0.0,0.02501623202243618,0.12924724259125137,0.7615777658356462,0.24886449847111503,0.24886449847111503,-0.07049474571460457,0.021566688386155497,0.0,,,0.2557827307615481,0.2557827307615481,-0.07741297800503766,0.07308794103722493,0.0,,,,,P4_N40_weekly_B2_U_EW,P4,40,weekly,2.0,unconstrained,equal,E4,evaluation,2010-01-01,2023-12-31,2024
2025-01-02,2025-12-31,250,0.18222029344068824,0.18222029344068824,0.18380452924406532,,not_applicable_no_external_contributions,0.19042381641597575,-0.17113636898797557,76,0.9806005534879965,0.12743079075656763,1.5720951523573083,40.0,0.0,0.025016967034799158,0.12932734493527687,0.8216131607899099,0.1771908045051671,0.17872809721523475,0.005076432028830569,0.016415975906297953,1.0,,,0.2077254840592302,0.20955041897086812,-0.025745889726802806,0.05654667901758359,0.0,,,,,P4_N40_weekly_B2_U_EW,P4,40,weekly,2.0,unconstrained,equal,E5,evaluation,2010-01-01,2024-12-31,2025
