run_id,retrieval_started_at_utc,retrieval_completed_at_utc,score_session,source_snapshot,eligible_count,scored_count,code_commit,configuration_sha256,output_manifest_sha256,ticker,yf_p_score,YF-P_percentile,YF-QP,YF-QP_percentile,qvp_score,YF-QVP_percentile,YF-QVGP,YF-QVGP_percentile,quality_score,value_score,price_score,Growth,company_name,sector,industry,info_market_cap,latest_close,unconstrained_rank,price_rank,latest_price_session,data_quality_flags,constrained_portfolio_status,previous_rank,rank_change
2026-07-01T053352Z,2026-07-01T05:33:52.980988+00:00,2026-07-01T07:21:20.090043+00:00,2026-06-30,data/prospective/daily_qvp/snapshots/2026-07-01T053352Z/raw,1081,1043,144e01281e848a2a4c711cb0058eddc75099bb40,d3881a1328862a39dc4af32e15c4826237a09adca2da7038eafb5659ddb68bb4,8bda06ce0251beedd6a5f2cd61a08ef37682841102d3b9d86a1ab602640baf4e,NTCT,0.8080481036077706,0.9888991674375578,0.7385393014878296,0.9674641148325359,0.7755453750331843,1.0,0.6911723056111715,0.9865642994241842,0.6690304993678887,0.8495575221238938,0.8080481036077706,0.43805309734513276,"NetScout Systems, Inc.",Technology,Software - Infrastructure,3113616640,43.54999923706055,1.0,13.0,2026-06-30,none,SELECTED,,
2026-07-01T053352Z,2026-07-01T05:33:52.980988+00:00,2026-07-01T07:21:20.090043+00:00,2026-06-30,data/prospective/daily_qvp/snapshots/2026-07-01T053352Z/raw,1081,1043,144e01281e848a2a4c711cb0058eddc75099bb40,d3881a1328862a39dc4af32e15c4826237a09adca2da7038eafb5659ddb68bb4,8bda06ce0251beedd6a5f2cd61a08ef37682841102d3b9d86a1ab602640baf4e,CRUS,0.648936170212766,0.7395929694727105,0.7279377832732603,0.9578947368421052,0.7370126028114754,0.9990412272291467,0.6429143193652438,0.9510556621880998,0.8069393963337548,0.7551622418879056,0.648936170212766,0.3606194690265487,"Cirrus Logic, Inc.",Technology,Semiconductors,7493742592,148.52999877929688,2.0,282.0,2026-06-30,none,SELECTED,,
2026-07-01T053352Z,2026-07-01T05:33:52.980988+00:00,2026-07-01T07:21:20.090043+00:00,2026-06-30,data/prospective/daily_qvp/snapshots/2026-07-01T053352Z/raw,1081,1043,144e01281e848a2a4c711cb0058eddc75099bb40,d3881a1328862a39dc4af32e15c4826237a09adca2da7038eafb5659ddb68bb4,8bda06ce0251beedd6a5f2cd61a08ef37682841102d3b9d86a1ab602640baf4e,VISN,0.6625809435707678,0.7687326549491211,0.6343754709952448,0.8267942583732057,0.7356013464452075,0.9980824544582934,0.7873204788604543,1.0,0.6061699984197219,0.9380530973451328,0.6625809435707678,0.9424778761061947,"Vistance Networks, Inc.",Technology,Communication Equipment,2882779904,12.779999732971191,3.0,251.0,2026-06-30,none,SELECTED,,
2026-07-01T053352Z,2026-07-01T05:33:52.980988+00:00,2026-07-01T07:21:20.090043+00:00,2026-06-30,data/prospective/daily_qvp/snapshots/2026-07-01T053352Z/raw,1081,1043,144e01281e848a2a4c711cb0058eddc75099bb40,d3881a1328862a39dc4af32e15c4826237a09adca2da7038eafb5659ddb68bb4,8bda06ce0251beedd6a5f2cd61a08ef37682841102d3b9d86a1ab602640baf4e,RAMP,0.599213691026827,0.6456984273820536,0.6816637750330089,0.9129186602870814,0.7327119365510129,0.99712368168744,0.7088259878114898,0.9923224568138196,0.7641138590391908,0.8348082595870207,0.599213691026827,0.6371681415929203,"LiveRamp Holdings, Inc.",Technology,Software - Infrastructure,2261707264,37.63999938964844,4.0,384.0,2026-06-30,none,SELECTED,,
2026-07-01T053352Z,2026-07-01T05:33:52.980988+00:00,2026-07-01T07:21:20.090043+00:00,2026-06-30,data/prospective/daily_qvp/snapshots/2026-07-01T053352Z/raw,1081,1043,144e01281e848a2a4c711cb0058eddc75099bb40,d3881a1328862a39dc4af32e15c4826237a09adca2da7038eafb5659ddb68bb4,8bda06ce0251beedd6a5f2cd61a08ef37682841102d3b9d86a1ab602640baf4e,UGI,0.45397779833487506,0.3829787234042553,0.6302435747957251,0.8239234449760765,0.7290136073026114,0.9961649089165868,0.6545188261666137,0.9654510556621881,0.8065093512565752,0.9265536723163841,0.45397779833487506,0.4310344827586207,UGI Corporation,Utilities,Utilities - Regulated Gas,7405158912,34.540000915527344,5.0,668.0,2026-06-30,none,SELECTED,,
2026-07-01T053352Z,2026-07-01T05:33:52.980988+00:00,2026-07-01T07:21:20.090043+00:00,2026-06-30,data/prospective/daily_qvp/snapshots/2026-07-01T053352Z/raw,1081,1043,144e01281e848a2a4c711cb0058eddc75099bb40,d3881a1328862a39dc4af32e15c4826237a09adca2da7038eafb5659ddb68bb4,8bda06ce0251beedd6a5f2cd61a08ef37682841102d3b9d86a1ab602640baf4e,DINO,0.7453746530989824,0.9121184088806661,0.6661655874190564,0.8889952153110048,0.72581779661667,0.9952061361457335,0.6657401590567054,0.974088291746641,0.5869565217391304,0.8451222150118971,0.7453746530989824,0.48550724637681153,HF Sinclair Corporation,Energy,Oil & Gas Refining & Marketing,12556184576,69.6500015258789,6.0,96.0,2026-06-30,none,SELECTED,,
2026-07-01T053352Z,2026-07-01T05:33:52.980988+00:00,2026-07-01T07:21:20.090043+00:00,2026-06-30,data/prospective/daily_qvp/snapshots/2026-07-01T053352Z/raw,1081,1043,144e01281e848a2a4c711cb0058eddc75099bb40,d3881a1328862a39dc4af32e15c4826237a09adca2da7038eafb5659ddb68bb4,8bda06ce0251beedd6a5f2cd61a08ef37682841102d3b9d86a1ab602640baf4e,INCY,0.5830249768732655,0.6170212765957447,0.759870923025867,0.9837320574162679,0.7246620508233178,0.9942473633748802,0.7378870189334185,0.9971209213051824,0.9367168691784685,0.6542443064182195,0.5830249768732655,0.7775619232637203,Incyte Corporation,Healthcare,Biotechnology,22647306240,113.36000061035156,7.0,415.0,2026-06-30,none,SELECTED,,
2026-07-01T053352Z,2026-07-01T05:33:52.980988+00:00,2026-07-01T07:21:20.090043+00:00,2026-06-30,data/prospective/daily_qvp/snapshots/2026-07-01T053352Z/raw,1081,1043,144e01281e848a2a4c711cb0058eddc75099bb40,d3881a1328862a39dc4af32e15c4826237a09adca2da7038eafb5659ddb68bb4,8bda06ce0251beedd6a5f2cd61a08ef37682841102d3b9d86a1ab602640baf4e,KFY,0.4817298797409806,0.4158186864014801,0.6194635945790105,0.8019138755980861,0.7235930136699577,0.9932885906040269,0.6782503158080238,0.9779270633397313,0.7571973094170403,0.9318518518518518,0.4817298797409806,0.5422222222222222,Korn Ferry,Industrials,Staffing & Employment Services,3386059264,66.58000183105469,8.0,632.0,2026-06-30,none,SELECTED,,
2026-07-01T053352Z,2026-07-01T05:33:52.980988+00:00,2026-07-01T07:21:20.090043+00:00,2026-06-30,data/prospective/daily_qvp/snapshots/2026-07-01T053352Z/raw,1081,1043,144e01281e848a2a4c711cb0058eddc75099bb40,d3881a1328862a39dc4af32e15c4826237a09adca2da7038eafb5659ddb68bb4,8bda06ce0251beedd6a5f2cd61a08ef37682841102d3b9d86a1ab602640baf4e,POR,0.6371415356151711,0.7210915818686402,0.652659020291513,0.8660287081339713,0.7213583675766396,0.9923298178331735,0.6530877411997211,0.9625719769673704,0.668176504967855,0.8587570621468927,0.6371415356151711,0.4482758620689655,Portland General Electric Company,Utilities,Utilities - Regulated Electric,5998286336,51.83000183105469,9.0,302.0,2026-06-30,none,SELECTED,,
2026-07-01T053352Z,2026-07-01T05:33:52.980988+00:00,2026-07-01T07:21:20.090043+00:00,2026-06-30,data/prospective/daily_qvp/snapshots/2026-07-01T053352Z/raw,1081,1043,144e01281e848a2a4c711cb0058eddc75099bb40,d3881a1328862a39dc4af32e15c4826237a09adca2da7038eafb5659ddb68bb4,8bda06ce0251beedd6a5f2cd61a08ef37682841102d3b9d86a1ab602640baf4e,TDC,0.5617483811285847,0.5698427382053654,0.6784524143316755,0.908133971291866,0.7190174404295733,0.9913710450623202,0.5835108679327994,0.8282149712092131,0.7951564475347661,0.8001474926253689,0.5617483811285847,0.17699115044247785,Teradata Corporation,Technology,Software - Infrastructure,3260565248,34.650001525878906,10.0,466.0,2026-06-30,none,SELECTED,,
2026-07-01T053352Z,2026-07-01T05:33:52.980988+00:00,2026-07-01T07:21:20.090043+00:00,2026-06-30,data/prospective/daily_qvp/snapshots/2026-07-01T053352Z/raw,1081,1043,144e01281e848a2a4c711cb0058eddc75099bb40,d3881a1328862a39dc4af32e15c4826237a09adca2da7038eafb5659ddb68bb4,8bda06ce0251beedd6a5f2cd61a08ef37682841102d3b9d86a1ab602640baf4e,EIX,0.740518038852914,0.8991674375578168,0.7080366348560303,0.939712918660287,0.7187287546874477,0.9904122722914669,0.7362448418776547,0.9961612284069098,0.6755552308591466,0.7401129943502824,0.740518038852914,0.7887931034482758,Edison International,Utilities,Utilities - Regulated Electric,28647909376,74.44999694824219,11.0,110.0,2026-06-30,none,SELECTED,,
2026-07-01T053352Z,2026-07-01T05:33:52.980988+00:00,2026-07-01T07:21:20.090043+00:00,2026-06-30,data/prospective/daily_qvp/snapshots/2026-07-01T053352Z/raw,1081,1043,144e01281e848a2a4c711cb0058eddc75099bb40,d3881a1328862a39dc4af32e15c4826237a09adca2da7038eafb5659ddb68bb4,8bda06ce0251beedd6a5f2cd61a08ef37682841102d3b9d86a1ab602640baf4e,APA,0.6514801110083256,0.7437557816836263,0.7061748381128584,0.937799043062201,0.7144441478495076,0.9894534995206136,0.6119200674088698,0.9030710172744721,0.7608695652173912,0.7309827673228062,0.6514801110083256,0.3043478260869565,APA Corporation,Energy,Oil & Gas E&P,11512525824,32.56999969482422,12.0,278.0,2026-06-30,none,SELECTED,,
2026-07-01T053352Z,2026-07-01T05:33:52.980988+00:00,2026-07-01T07:21:20.090043+00:00,2026-06-30,data/prospective/daily_qvp/snapshots/2026-07-01T053352Z/raw,1081,1043,144e01281e848a2a4c711cb0058eddc75099bb40,d3881a1328862a39dc4af32e15c4826237a09adca2da7038eafb5659ddb68bb4,8bda06ce0251beedd6a5f2cd61a08ef37682841102d3b9d86a1ab602640baf4e,AZZ,0.7240980573543015,0.8677150786308974,0.7235587446711716,0.9540669856459331,0.7134836075585588,0.9884947267497604,0.6862238167800302,0.9836852207293666,0.7230194319880417,0.6933333333333334,0.7240980573543015,0.6044444444444445,AZZ Inc.,Industrials,Specialty Business Services,4654076928,155.0500030517578,13.0,144.0,2026-06-30,none,SELECTED,,
2026-07-01T053352Z,2026-07-01T05:33:52.980988+00:00,2026-07-01T07:21:20.090043+00:00,2026-06-30,data/prospective/daily_qvp/snapshots/2026-07-01T053352Z/raw,1081,1043,144e01281e848a2a4c711cb0058eddc75099bb40,d3881a1328862a39dc4af32e15c4826237a09adca2da7038eafb5659ddb68bb4,8bda06ce0251beedd6a5f2cd61a08ef37682841102d3b9d86a1ab602640baf4e,ZM,0.4939870490286771,0.4357076780758557,0.66675984088602,0.8909090909090909,0.7006520866477105,0.987535953978907,0.6527014543663138,0.9616122840690979,0.8395326327433629,0.7684365781710913,0.4939870490286771,0.5088495575221239,"Zoom Communications, Inc.",Technology,Software - Application,25308872704,86.30999755859375,14.0,611.0,2026-06-30,none,SELECTED,,
2026-07-01T053352Z,2026-07-01T05:33:52.980988+00:00,2026-07-01T07:21:20.090043+00:00,2026-06-30,data/prospective/daily_qvp/snapshots/2026-07-01T053352Z/raw,1081,1043,144e01281e848a2a4c711cb0058eddc75099bb40,d3881a1328862a39dc4af32e15c4826237a09adca2da7038eafb5659ddb68bb4,8bda06ce0251beedd6a5f2cd61a08ef37682841102d3b9d86a1ab602640baf4e,ED,0.6025670675300647,0.6503237742830712,0.6774524408369202,0.907177033492823,0.698339292008041,0.9865771812080537,0.6616855034887894,0.9712092130518234,0.7523378141437757,0.7401129943502825,0.6025670675300647,0.5517241379310345,"Consolidated Edison, Inc.",Utilities,Utilities - Regulated Electric,40770441216,110.62999725341795,15.0,379.0,2026-06-30,none,SELECTED,,
2026-07-01T053352Z,2026-07-01T05:33:52.980988+00:00,2026-07-01T07:21:20.090043+00:00,2026-06-30,data/prospective/daily_qvp/snapshots/2026-07-01T053352Z/raw,1081,1043,144e01281e848a2a4c711cb0058eddc75099bb40,d3881a1328862a39dc4af32e15c4826237a09adca2da7038eafb5659ddb68bb4,8bda06ce0251beedd6a5f2cd61a08ef37682841102d3b9d86a1ab602640baf4e,M,0.5615171137835338,0.5661424606845513,0.5631318538436838,0.6660287081339713,0.6956826738042858,0.9856184084372004,0.6036072434484525,0.8848368522072937,0.5647465939038337,0.9607843137254903,0.5615171137835338,0.32738095238095233,"Macy's, Inc.",Consumer Cyclical,Department Stores,6194543616,23.549999237060547,16.0,469.0,2026-06-30,none,SELECTED,,
2026-07-01T053352Z,2026-07-01T05:33:52.980988+00:00,2026-07-01T07:21:20.090043+00:00,2026-06-30,data/prospective/daily_qvp/snapshots/2026-07-01T053352Z/raw,1081,1043,144e01281e848a2a4c711cb0058eddc75099bb40,d3881a1328862a39dc4af32e15c4826237a09adca2da7038eafb5659ddb68bb4,8bda06ce0251beedd6a5f2cd61a08ef37682841102d3b9d86a1ab602640baf4e,SNA,0.6429232192414431,0.7303422756706753,0.7484496514742343,0.9770334928229665,0.6950158170322055,0.9846596356663471,0.5940396405519319,0.8570057581573897,0.8539760837070254,0.5881481481481482,0.6429232192414431,0.2911111111111111,Snap-on Incorporated,Industrials,Tools & Accessories,20845090816,402.3999938964844,17.0,292.0,2026-06-30,none,SELECTED,,
2026-07-01T053352Z,2026-07-01T05:33:52.980988+00:00,2026-07-01T07:21:20.090043+00:00,2026-06-30,data/prospective/daily_qvp/snapshots/2026-07-01T053352Z/raw,1081,1043,144e01281e848a2a4c711cb0058eddc75099bb40,d3881a1328862a39dc4af32e15c4826237a09adca2da7038eafb5659ddb68bb4,8bda06ce0251beedd6a5f2cd61a08ef37682841102d3b9d86a1ab602640baf4e,AVA,0.6066142460684552,0.6641998149861239,0.6413769652317729,0.8430622009569378,0.6940629862373777,0.9837008628954937,0.6498575845056196,0.9577735124760077,0.6761396843950905,0.7994350282485877,0.6066142460684552,0.5172413793103449,Avista Corporation,Utilities,Utilities - Diversified,3380738304,40.90999984741211,18.0,363.0,2026-06-30,none,SELECTED,,
2026-07-01T053352Z,2026-07-01T05:33:52.980988+00:00,2026-07-01T07:21:20.090043+00:00,2026-06-30,data/prospective/daily_qvp/snapshots/2026-07-01T053352Z/raw,1081,1043,144e01281e848a2a4c711cb0058eddc75099bb40,d3881a1328862a39dc4af32e15c4826237a09adca2da7038eafb5659ddb68bb4,8bda06ce0251beedd6a5f2cd61a08ef37682841102d3b9d86a1ab602640baf4e,PARR,0.6688251618871416,0.7807585568917669,0.6441951896392228,0.8488038277511962,0.6911141435386536,0.9827420901246404,0.6487703902626859,0.9539347408829175,0.6195652173913042,0.7849520513375152,0.6688251618871416,0.5217391304347826,"Par Pacific Holdings, Inc.",Energy,Oil & Gas Refining & Marketing,2812091136,56.08000183105469,19.0,238.0,2026-06-30,none,SELECTED,,
2026-07-01T053352Z,2026-07-01T05:33:52.980988+00:00,2026-07-01T07:21:20.090043+00:00,2026-06-30,data/prospective/daily_qvp/snapshots/2026-07-01T053352Z/raw,1081,1043,144e01281e848a2a4c711cb0058eddc75099bb40,d3881a1328862a39dc4af32e15c4826237a09adca2da7038eafb5659ddb68bb4,8bda06ce0251beedd6a5f2cd61a08ef37682841102d3b9d86a1ab602640baf4e,CALM,0.3469010175763182,0.23774283071230343,0.592958084545735,0.7454545454545455,0.6907599351517021,0.9817833173537871,0.7661760119698371,0.9990403071017274,0.8390151515151516,0.8863636363636364,0.3469010175763182,0.9924242424242424,"Cal-Maine Foods, Inc.",Consumer Defensive,Farm Products,3816657920,80.55999755859375,20.0,825.0,2026-06-30,none,SELECTED,,
2026-07-01T053352Z,2026-07-01T05:33:52.980988+00:00,2026-07-01T07:21:20.090043+00:00,2026-06-30,data/prospective/daily_qvp/snapshots/2026-07-01T053352Z/raw,1081,1043,144e01281e848a2a4c711cb0058eddc75099bb40,d3881a1328862a39dc4af32e15c4826237a09adca2da7038eafb5659ddb68bb4,8bda06ce0251beedd6a5f2cd61a08ef37682841102d3b9d86a1ab602640baf4e,ENS,0.7969472710453284,0.9796484736355227,0.7153719912775223,0.9473684210526315,0.6892603398640271,0.9808245445829339,0.6069452548980203,0.8953934740882917,0.6337967115097161,0.6370370370370372,0.7969472710453284,0.36,EnerSys,Industrials,Electrical Equipment & Parts,8538585600,233.82000732421875,21.0,23.0,2026-06-30,none,SELECTED,,
2026-07-01T053352Z,2026-07-01T05:33:52.980988+00:00,2026-07-01T07:21:20.090043+00:00,2026-06-30,data/prospective/daily_qvp/snapshots/2026-07-01T053352Z/raw,1081,1043,144e01281e848a2a4c711cb0058eddc75099bb40,d3881a1328862a39dc4af32e15c4826237a09adca2da7038eafb5659ddb68bb4,8bda06ce0251beedd6a5f2cd61a08ef37682841102d3b9d86a1ab602640baf4e,BIIB,0.6722941720629048,0.786308973172988,0.6424641281692633,0.8449760765550239,0.6891789839969004,0.9798657718120806,0.5992118242045718,0.8694817658349329,0.612634084275622,0.782608695652174,0.6722941720629048,0.3293103448275862,Biogen Inc.,Healthcare,Drug Manufacturers - General,31898476544,216.05999755859375,22.0,232.0,2026-06-30,none,SELECTED,,
2026-07-01T053352Z,2026-07-01T05:33:52.980988+00:00,2026-07-01T07:21:20.090043+00:00,2026-06-30,data/prospective/daily_qvp/snapshots/2026-07-01T053352Z/raw,1081,1043,144e01281e848a2a4c711cb0058eddc75099bb40,d3881a1328862a39dc4af32e15c4826237a09adca2da7038eafb5659ddb68bb4,8bda06ce0251beedd6a5f2cd61a08ef37682841102d3b9d86a1ab602640baf4e,TTC,0.6787696577243293,0.793709528214616,0.7098307680749201,0.9406698564593301,0.6885291540252553,0.9789069990412272,0.5719524210744971,0.789827255278311,0.7408918784255107,0.6459259259259259,0.6787696577243293,0.2222222222222222,The Toro Company,Industrials,Tools & Accessories,9277260800,97.41999816894533,23.0,224.0,2026-06-30,none,SELECTED,,
2026-07-01T053352Z,2026-07-01T05:33:52.980988+00:00,2026-07-01T07:21:20.090043+00:00,2026-06-30,data/prospective/daily_qvp/snapshots/2026-07-01T053352Z/raw,1081,1043,144e01281e848a2a4c711cb0058eddc75099bb40,d3881a1328862a39dc4af32e15c4826237a09adca2da7038eafb5659ddb68bb4,8bda06ce0251beedd6a5f2cd61a08ef37682841102d3b9d86a1ab602640baf4e,OGE,0.6206059204440333,0.6882516188714154,0.6886635680536941,0.9177033492822967,0.6850977459341011,0.9779482262703739,0.621581930140231,0.9213051823416507,0.7567212156633548,0.6779661016949152,0.6206059204440333,0.43103448275862066,OGE Energy Corp.,Utilities,Utilities - Regulated Electric,10042174464,48.65999984741211,24.0,338.0,2026-06-30,none,SELECTED,,
2026-07-01T053352Z,2026-07-01T05:33:52.980988+00:00,2026-07-01T07:21:20.090043+00:00,2026-06-30,data/prospective/daily_qvp/snapshots/2026-07-01T053352Z/raw,1081,1043,144e01281e848a2a4c711cb0058eddc75099bb40,d3881a1328862a39dc4af32e15c4826237a09adca2da7038eafb5659ddb68bb4,8bda06ce0251beedd6a5f2cd61a08ef37682841102d3b9d86a1ab602640baf4e,BRC,0.587881591119334,0.6253469010175763,0.71109326192738,0.9425837320574163,0.6834448906676359,0.9769894534995206,0.6286947791118381,0.9337811900191939,0.8343049327354259,0.6281481481481481,0.587881591119334,0.46444444444444444,Brady Corporation,Industrials,Security & Protection Services,4314118144,91.56999969482422,25.0,406.0,2026-06-30,none,SELECTED,,
2026-07-01T053352Z,2026-07-01T05:33:52.980988+00:00,2026-07-01T07:21:20.090043+00:00,2026-06-30,data/prospective/daily_qvp/snapshots/2026-07-01T053352Z/raw,1081,1043,144e01281e848a2a4c711cb0058eddc75099bb40,d3881a1328862a39dc4af32e15c4826237a09adca2da7038eafb5659ddb68bb4,8bda06ce0251beedd6a5f2cd61a08ef37682841102d3b9d86a1ab602640baf4e,NBIX,0.6271970397779834,0.7025901942645698,0.7452900004440122,0.9732057416267943,0.6831954040227162,0.9760306807286673,0.6178603704041182,0.9117082533589251,0.863382961110041,0.5590062111801242,0.6271970397779834,0.4218552695483244,"Neurocrine Biosciences, Inc.",Healthcare,Drug Manufacturers - Specialty & Generic,16946192384,168.5399932861328,26.0,322.0,2026-06-30,none,SELECTED,,
2026-07-01T053352Z,2026-07-01T05:33:52.980988+00:00,2026-07-01T07:21:20.090043+00:00,2026-06-30,data/prospective/daily_qvp/snapshots/2026-07-01T053352Z/raw,1081,1043,144e01281e848a2a4c711cb0058eddc75099bb40,d3881a1328862a39dc4af32e15c4826237a09adca2da7038eafb5659ddb68bb4,8bda06ce0251beedd6a5f2cd61a08ef37682841102d3b9d86a1ab602640baf4e,PRDO,0.46345975948196116,0.395004625346901,0.6796465464076472,0.9090909090909091,0.682053926561327,0.975071907957814,0.6365404449209953,0.944337811900192,0.8958333333333333,0.6868686868686869,0.46345975948196116,0.5,Perdoceo Education Corporation,Consumer Defensive,Education & Training Services,2006500224,32.0,27.0,655.0,2026-06-30,none,SELECTED,,
2026-07-01T053352Z,2026-07-01T05:33:52.980988+00:00,2026-07-01T07:21:20.090043+00:00,2026-06-30,data/prospective/daily_qvp/snapshots/2026-07-01T053352Z/raw,1081,1043,144e01281e848a2a4c711cb0058eddc75099bb40,d3881a1328862a39dc4af32e15c4826237a09adca2da7038eafb5659ddb68bb4,8bda06ce0251beedd6a5f2cd61a08ef37682841102d3b9d86a1ab602640baf4e,EXEL,0.559204440333025,0.5573543015726179,0.7454606880574547,0.9741626794258373,0.6819289335151838,0.9741131351869607,0.6460812314622741,0.9520153550863724,0.9317169357818844,0.5548654244306418,0.559204440333025,0.5385381253035454,"Exelixis, Inc.",Healthcare,Biotechnology,13676230656,54.40999984741211,28.0,479.0,2026-06-30,none,SELECTED,,
2026-07-01T053352Z,2026-07-01T05:33:52.980988+00:00,2026-07-01T07:21:20.090043+00:00,2026-06-30,data/prospective/daily_qvp/snapshots/2026-07-01T053352Z/raw,1081,1043,144e01281e848a2a4c711cb0058eddc75099bb40,d3881a1328862a39dc4af32e15c4826237a09adca2da7038eafb5659ddb68bb4,8bda06ce0251beedd6a5f2cd61a08ef37682841102d3b9d86a1ab602640baf4e,WLY,0.6352913968547641,0.7146160962072156,0.6545516640492223,0.8698564593301435,0.6803291286898197,0.9731543624161074,0.6213579576284759,0.918426103646833,0.6738119312436804,0.7318840579710145,0.6352913968547641,0.4444444444444444,"John Wiley & Sons, Inc.",Communication Services,Publishing,2462384896,48.5099983215332,29.0,309.0,2026-06-30,none,SELECTED,,
2026-07-01T053352Z,2026-07-01T05:33:52.980988+00:00,2026-07-01T07:21:20.090043+00:00,2026-06-30,data/prospective/daily_qvp/snapshots/2026-07-01T053352Z/raw,1081,1043,144e01281e848a2a4c711cb0058eddc75099bb40,d3881a1328862a39dc4af32e15c4826237a09adca2da7038eafb5659ddb68bb4,8bda06ce0251beedd6a5f2cd61a08ef37682841102d3b9d86a1ab602640baf4e,SIRI,0.7236355226641998,0.866327474560592,0.5799491510635908,0.7090909090909091,0.6789032987766933,0.9721955896452541,0.5702885851936311,0.783109404990403,0.43626277946298164,0.8768115942028984,0.7236355226641998,0.2444444444444444,Sirius XM Holdings Inc.,Communication Services,Entertainment,9943753728,29.540000915527344,30.0,145.0,2026-06-30,none,SELECTED,,
2026-07-01T053352Z,2026-07-01T05:33:52.980988+00:00,2026-07-01T07:21:20.090043+00:00,2026-06-30,data/prospective/daily_qvp/snapshots/2026-07-01T053352Z/raw,1081,1043,144e01281e848a2a4c711cb0058eddc75099bb40,d3881a1328862a39dc4af32e15c4826237a09adca2da7038eafb5659ddb68bb4,8bda06ce0251beedd6a5f2cd61a08ef37682841102d3b9d86a1ab602640baf4e,CBT,0.673450508788159,0.7890841813135985,0.6566405086313676,0.8717703349282296,0.6788149530235482,0.9712368168744008,0.6065688418863052,0.8925143953934741,0.6398305084745762,0.7231638418079096,0.673450508788159,0.38983050847457623,Cabot Corporation,Basic Materials,Specialty Chemicals,4688257024,90.81999969482422,31.0,229.0,2026-06-30,none,NOT_SELECTED,,
2026-07-01T053352Z,2026-07-01T05:33:52.980988+00:00,2026-07-01T07:21:20.090043+00:00,2026-06-30,data/prospective/daily_qvp/snapshots/2026-07-01T053352Z/raw,1081,1043,144e01281e848a2a4c711cb0058eddc75099bb40,d3881a1328862a39dc4af32e15c4826237a09adca2da7038eafb5659ddb68bb4,8bda06ce0251beedd6a5f2cd61a08ef37682841102d3b9d86a1ab602640baf4e,RS,0.7037465309898243,0.8334875115633672,0.6993308926135562,0.9320574162679426,0.6771433822696779,0.9702780441035475,0.6201456722954787,0.9174664107485605,0.6949152542372882,0.632768361581921,0.7037465309898243,0.4491525423728814,"Reliance, Inc.",Basic Materials,Steel,19071727616,373.6000061035156,32.0,181.0,2026-06-30,none,NOT_SELECTED,,
2026-07-01T053352Z,2026-07-01T05:33:52.980988+00:00,2026-07-01T07:21:20.090043+00:00,2026-06-30,data/prospective/daily_qvp/snapshots/2026-07-01T053352Z/raw,1081,1043,144e01281e848a2a4c711cb0058eddc75099bb40,d3881a1328862a39dc4af32e15c4826237a09adca2da7038eafb5659ddb68bb4,8bda06ce0251beedd6a5f2cd61a08ef37682841102d3b9d86a1ab602640baf4e,NOV,0.6255781683626271,0.700277520814061,0.580905026210299,0.7110047846889952,0.6750821644680288,0.9693192713326941,0.6005145219017463,0.8723608445297505,0.536231884057971,0.8634364409834884,0.6255781683626271,0.37681159420289856,NOV Inc.,Energy,Oil & Gas Equipment & Services,6657380864,18.549999237060547,33.0,325.0,2026-06-30,none,NOT_SELECTED,,
2026-07-01T053352Z,2026-07-01T05:33:52.980988+00:00,2026-07-01T07:21:20.090043+00:00,2026-06-30,data/prospective/daily_qvp/snapshots/2026-07-01T053352Z/raw,1081,1043,144e01281e848a2a4c711cb0058eddc75099bb40,d3881a1328862a39dc4af32e15c4826237a09adca2da7038eafb5659ddb68bb4,8bda06ce0251beedd6a5f2cd61a08ef37682841102d3b9d86a1ab602640baf4e,FLYW,0.5943570767807586,0.6364477335800185,0.6171330066267888,0.7990430622009569,0.6734672354896389,0.9683604985618408,0.7008968867942204,0.9875239923224568,0.6399089364728192,0.7861356932153392,0.5943570767807586,0.7831858407079646,Flywire Corporation,Technology,Software - Infrastructure,2168452096,17.56999969482422,34.0,394.0,2026-06-30,none,NOT_SELECTED,,
2026-07-01T053352Z,2026-07-01T05:33:52.980988+00:00,2026-07-01T07:21:20.090043+00:00,2026-06-30,data/prospective/daily_qvp/snapshots/2026-07-01T053352Z/raw,1081,1043,144e01281e848a2a4c711cb0058eddc75099bb40,d3881a1328862a39dc4af32e15c4826237a09adca2da7038eafb5659ddb68bb4,8bda06ce0251beedd6a5f2cd61a08ef37682841102d3b9d86a1ab602640baf4e,GNTX,0.5284458834412581,0.5023126734505088,0.6663330017209605,0.8899521531100478,0.6729801710819475,0.9674017257909875,0.6379196521209844,0.946257197696737,0.804220120000663,0.6862745098039215,0.5284458834412581,0.5327380952380952,Gentex Corporation,Consumer Cyclical,Auto Parts,5381293056,25.270000457763672,35.0,539.0,2026-06-30,none,NOT_SELECTED,,
2026-07-01T053352Z,2026-07-01T05:33:52.980988+00:00,2026-07-01T07:21:20.090043+00:00,2026-06-30,data/prospective/daily_qvp/snapshots/2026-07-01T053352Z/raw,1081,1043,144e01281e848a2a4c711cb0058eddc75099bb40,d3881a1328862a39dc4af32e15c4826237a09adca2da7038eafb5659ddb68bb4,8bda06ce0251beedd6a5f2cd61a08ef37682841102d3b9d86a1ab602640baf4e,MLI,0.6204902867715079,0.6873265494912119,0.7600408583832626,0.9846889952153111,0.6726198315147677,0.9664429530201343,0.6905759847471868,0.9856046065259118,0.8995914299950174,0.4977777777777778,0.6204902867715079,0.7444444444444445,"Mueller Industries, Inc.",Industrials,Metal Fabrication,27184891904,61.46500015258789,36.0,339.0,2026-06-30,none,NOT_SELECTED,,
2026-07-01T053352Z,2026-07-01T05:33:52.980988+00:00,2026-07-01T07:21:20.090043+00:00,2026-06-30,data/prospective/daily_qvp/snapshots/2026-07-01T053352Z/raw,1081,1043,144e01281e848a2a4c711cb0058eddc75099bb40,d3881a1328862a39dc4af32e15c4826237a09adca2da7038eafb5659ddb68bb4,8bda06ce0251beedd6a5f2cd61a08ef37682841102d3b9d86a1ab602640baf4e,BWA,0.7668825161887141,0.9546716003700277,0.6166493490230363,0.7971291866028708,0.6686159058846385,0.965484180249281,0.6100928817944313,0.8982725527831094,0.46641618185735834,0.7725490196078432,0.7668825161887141,0.43452380952380953,BorgWarner Inc.,Consumer Cyclical,Auto Parts,13619632128,66.4000015258789,37.0,50.0,2026-06-30,none,NOT_SELECTED,,
2026-07-01T053352Z,2026-07-01T05:33:52.980988+00:00,2026-07-01T07:21:20.090043+00:00,2026-06-30,data/prospective/daily_qvp/snapshots/2026-07-01T053352Z/raw,1081,1043,144e01281e848a2a4c711cb0058eddc75099bb40,d3881a1328862a39dc4af32e15c4826237a09adca2da7038eafb5659ddb68bb4,8bda06ce0251beedd6a5f2cd61a08ef37682841102d3b9d86a1ab602640baf4e,FFIV,0.7375115633672527,0.8922294172062905,0.7623586182828678,0.9856459330143541,0.6680227563380378,0.9645254074784276,0.6238046778729973,0.9261036468330134,0.7872056731984829,0.47935103244837757,0.7375115633672527,0.4911504424778761,"F5, Inc.",Technology,Software - Infrastructure,23468150784,415.9599914550781,38.0,117.0,2026-06-30,none,NOT_SELECTED,,
2026-07-01T053352Z,2026-07-01T05:33:52.980988+00:00,2026-07-01T07:21:20.090043+00:00,2026-06-30,data/prospective/daily_qvp/snapshots/2026-07-01T053352Z/raw,1081,1043,144e01281e848a2a4c711cb0058eddc75099bb40,d3881a1328862a39dc4af32e15c4826237a09adca2da7038eafb5659ddb68bb4,8bda06ce0251beedd6a5f2cd61a08ef37682841102d3b9d86a1ab602640baf4e,ADM,0.7574005550416282,0.9329324699352451,0.5576775502480869,0.6507177033492823,0.6663978281115193,0.9635666347075743,0.5509347347200031,0.708253358925144,0.3579545454545454,0.883838383838384,0.7574005550416282,0.2045454545454545,Archer-Daniels-Midland Company,Consumer Defensive,Farm Products,36821479424,76.4000015258789,39.0,73.0,2026-06-30,none,NOT_SELECTED,,
2026-07-01T053352Z,2026-07-01T05:33:52.980988+00:00,2026-07-01T07:21:20.090043+00:00,2026-06-30,data/prospective/daily_qvp/snapshots/2026-07-01T053352Z/raw,1081,1043,144e01281e848a2a4c711cb0058eddc75099bb40,d3881a1328862a39dc4af32e15c4826237a09adca2da7038eafb5659ddb68bb4,8bda06ce0251beedd6a5f2cd61a08ef37682841102d3b9d86a1ab602640baf4e,MATX,0.7509250693802035,0.9204440333024977,0.6496553598022095,0.8602870813397129,0.6661899929545593,0.962607861936721,0.5357536058270306,0.6333973128598849,0.5483856502242153,0.6992592592592594,0.7509250693802035,0.1444444444444444,"Matson, Inc.",Industrials,Marine Shipping,5817510400,192.22999572753903,40.0,87.0,2026-06-30,none,NOT_SELECTED,,
2026-07-01T053352Z,2026-07-01T05:33:52.980988+00:00,2026-07-01T07:21:20.090043+00:00,2026-06-30,data/prospective/daily_qvp/snapshots/2026-07-01T053352Z/raw,1081,1043,144e01281e848a2a4c711cb0058eddc75099bb40,d3881a1328862a39dc4af32e15c4826237a09adca2da7038eafb5659ddb68bb4,8bda06ce0251beedd6a5f2cd61a08ef37682841102d3b9d86a1ab602640baf4e,MSM,0.75,0.9195189639222942,0.7152653213751868,0.9464114832535885,0.6659793500525937,0.9616490891658677,0.5383734014283341,0.6458733205374281,0.6805306427503737,0.5674074074074074,0.75,0.1555555555555555,"MSC Industrial Direct Co., Inc.",Industrials,Industrial Distribution,6641491456,118.9499969482422,41.0,88.0,2026-06-30,none,NOT_SELECTED,,
2026-07-01T053352Z,2026-07-01T05:33:52.980988+00:00,2026-07-01T07:21:20.090043+00:00,2026-06-30,data/prospective/daily_qvp/snapshots/2026-07-01T053352Z/raw,1081,1043,144e01281e848a2a4c711cb0058eddc75099bb40,d3881a1328862a39dc4af32e15c4826237a09adca2da7038eafb5659ddb68bb4,8bda06ce0251beedd6a5f2cd61a08ef37682841102d3b9d86a1ab602640baf4e,AIT,0.7109158186864015,0.8482886216466234,0.7592820249386169,0.9818181818181818,0.665200362304757,0.9606903163950143,0.5939002717285677,0.8560460652591171,0.8076482311908322,0.4770370370370371,0.7109158186864015,0.38,"Applied Industrial Technologies, Inc.",Industrials,Industrial Distribution,12497867776,338.1499938964844,42.0,165.0,2026-06-30,none,NOT_SELECTED,,
2026-07-01T053352Z,2026-07-01T05:33:52.980988+00:00,2026-07-01T07:21:20.090043+00:00,2026-06-30,data/prospective/daily_qvp/snapshots/2026-07-01T053352Z/raw,1081,1043,144e01281e848a2a4c711cb0058eddc75099bb40,d3881a1328862a39dc4af32e15c4826237a09adca2da7038eafb5659ddb68bb4,8bda06ce0251beedd6a5f2cd61a08ef37682841102d3b9d86a1ab602640baf4e,BBY,0.5580481036077706,0.5550416281221091,0.604110291921234,0.7684210526315789,0.6648316978821298,0.959731543624161,0.6013023448401688,0.8733205374280231,0.6501724802346973,0.7862745098039216,0.5580481036077706,0.4107142857142857,"Best Buy Co., Inc.",Consumer Cyclical,Specialty Retail,15993008128,75.87999725341797,43.0,482.0,2026-06-30,none,NOT_SELECTED,,
2026-07-01T053352Z,2026-07-01T05:33:52.980988+00:00,2026-07-01T07:21:20.090043+00:00,2026-06-30,data/prospective/daily_qvp/snapshots/2026-07-01T053352Z/raw,1081,1043,144e01281e848a2a4c711cb0058eddc75099bb40,d3881a1328862a39dc4af32e15c4826237a09adca2da7038eafb5659ddb68bb4,8bda06ce0251beedd6a5f2cd61a08ef37682841102d3b9d86a1ab602640baf4e,LEA,0.679463459759482,0.7946345975948196,0.5297122857115412,0.5866028708133971,0.6642526349188053,0.9587727708533078,0.5800347142843421,0.817658349328215,0.37996111166360036,0.9333333333333335,0.679463459759482,0.32738095238095233,Lear Corporation,Consumer Cyclical,Auto Parts,6715748864,134.05999755859375,44.0,223.0,2026-06-30,none,NOT_SELECTED,,
2026-07-01T053352Z,2026-07-01T05:33:52.980988+00:00,2026-07-01T07:21:20.090043+00:00,2026-06-30,data/prospective/daily_qvp/snapshots/2026-07-01T053352Z/raw,1081,1043,144e01281e848a2a4c711cb0058eddc75099bb40,d3881a1328862a39dc4af32e15c4826237a09adca2da7038eafb5659ddb68bb4,8bda06ce0251beedd6a5f2cd61a08ef37682841102d3b9d86a1ab602640baf4e,EXE,0.30573543015726173,0.18408880666049954,0.5822155411655874,0.7138755980861244,0.6642510798868234,0.9578139980824545,0.746376715712219,0.9980806142034548,0.8586956521739131,0.8283221573292955,0.30573543015726173,0.9927536231884058,Expand Energy Corporation,Energy,Oil & Gas E&P,21815279616,91.19000244140624,45.0,883.0,2026-06-30,none,NOT_SELECTED,,
2026-07-01T053352Z,2026-07-01T05:33:52.980988+00:00,2026-07-01T07:21:20.090043+00:00,2026-06-30,data/prospective/daily_qvp/snapshots/2026-07-01T053352Z/raw,1081,1043,144e01281e848a2a4c711cb0058eddc75099bb40,d3881a1328862a39dc4af32e15c4826237a09adca2da7038eafb5659ddb68bb4,8bda06ce0251beedd6a5f2cd61a08ef37682841102d3b9d86a1ab602640baf4e,OVV,0.677382053654024,0.7918593894542091,0.6412272587110699,0.8411483253588516,0.6641757805688383,0.9568552253116012,0.6231318354266288,0.9232245681381958,0.6050724637681159,0.7100728242843752,0.677382053654024,0.49999999999999994,Ovintiv Inc.,Energy,Oil & Gas E&P,14795629568,52.650001525878906,46.0,226.0,2026-06-30,none,NOT_SELECTED,,
2026-07-01T053352Z,2026-07-01T05:33:52.980988+00:00,2026-07-01T07:21:20.090043+00:00,2026-06-30,data/prospective/daily_qvp/snapshots/2026-07-01T053352Z/raw,1081,1043,144e01281e848a2a4c711cb0058eddc75099bb40,d3881a1328862a39dc4af32e15c4826237a09adca2da7038eafb5659ddb68bb4,8bda06ce0251beedd6a5f2cd61a08ef37682841102d3b9d86a1ab602640baf4e,PGNY,0.46762257169287696,0.3987049028677151,0.6144262082444788,0.7913875598086124,0.6615153327564985,0.9558964525407478,0.6101785102521724,0.8992322456813819,0.7612298447960806,0.7556935817805382,0.46762257169287696,0.45616804273919376,"Progyny, Inc.",Healthcare,Healthcare Plans,2258322176,28.829999923706055,47.0,651.0,2026-06-30,none,NOT_SELECTED,,
2026-07-01T053352Z,2026-07-01T05:33:52.980988+00:00,2026-07-01T07:21:20.090043+00:00,2026-06-30,data/prospective/daily_qvp/snapshots/2026-07-01T053352Z/raw,1081,1043,144e01281e848a2a4c711cb0058eddc75099bb40,d3881a1328862a39dc4af32e15c4826237a09adca2da7038eafb5659ddb68bb4,8bda06ce0251beedd6a5f2cd61a08ef37682841102d3b9d86a1ab602640baf4e,RELY,0.5555041628122109,0.5494912118408881,0.6437444960710865,0.8478468899521531,0.6612180612941954,0.9549376797698945,0.7099622185370182,0.9932821497120922,0.7319848293299621,0.696165191740413,0.5555041628122109,0.8561946902654867,"Remitly Global, Inc.",Technology,Software - Infrastructure,4718673408,22.40999984741211,48.0,488.0,2026-06-30,none,NOT_SELECTED,,
2026-07-01T053352Z,2026-07-01T05:33:52.980988+00:00,2026-07-01T07:21:20.090043+00:00,2026-06-30,data/prospective/daily_qvp/snapshots/2026-07-01T053352Z/raw,1081,1043,144e01281e848a2a4c711cb0058eddc75099bb40,d3881a1328862a39dc4af32e15c4826237a09adca2da7038eafb5659ddb68bb4,8bda06ce0251beedd6a5f2cd61a08ef37682841102d3b9d86a1ab602640baf4e,RUSHA,0.6975023126734505,0.8223866790009251,0.6204273120060936,0.8057416267942584,0.6600234367622323,0.9539789069990412,0.5508211490002457,0.7072936660268714,0.5433523113387366,0.7392156862745098,0.6975023126734505,0.22321428571428564,"Rush Enterprises, Inc.",Consumer Cyclical,Auto & Truck Dealerships,5671831552,72.98999786376953,49.0,193.0,2026-06-30,none,NOT_SELECTED,,
2026-07-01T053352Z,2026-07-01T05:33:52.980988+00:00,2026-07-01T07:21:20.090043+00:00,2026-06-30,data/prospective/daily_qvp/snapshots/2026-07-01T053352Z/raw,1081,1043,144e01281e848a2a4c711cb0058eddc75099bb40,d3881a1328862a39dc4af32e15c4826237a09adca2da7038eafb5659ddb68bb4,8bda06ce0251beedd6a5f2cd61a08ef37682841102d3b9d86a1ab602640baf4e,KEX,0.61054579093432,0.6716003700277521,0.5933147489798656,0.7473684210526316,0.6597406968507745,0.9530201342281879,0.6248055226380809,0.927063339731286,0.576083707025411,0.7925925925925926,0.61054579093432,0.52,Kirby Corporation,Industrials,Marine Shipping,7270587904,135.97000122070312,50.0,356.0,2026-06-30,none,NOT_SELECTED,,
2026-07-01T053352Z,2026-07-01T05:33:52.980988+00:00,2026-07-01T07:21:20.090043+00:00,2026-06-30,data/prospective/daily_qvp/snapshots/2026-07-01T053352Z/raw,1081,1043,144e01281e848a2a4c711cb0058eddc75099bb40,d3881a1328862a39dc4af32e15c4826237a09adca2da7038eafb5659ddb68bb4,8bda06ce0251beedd6a5f2cd61a08ef37682841102d3b9d86a1ab602640baf4e,NYT,0.570536540240518,0.5892691951896393,0.7198662085541429,0.9502392344497608,0.6586547670554189,0.9520613614573347,0.6356577419582309,0.9433781190019194,0.8691958768677677,0.5362318840579711,0.570536540240518,0.5666666666666667,The New York Times Company,Communication Services,Publishing,11327152128,69.9800033569336,51.0,445.0,2026-06-30,none,NOT_SELECTED,,
2026-07-01T053352Z,2026-07-01T05:33:52.980988+00:00,2026-07-01T07:21:20.090043+00:00,2026-06-30,data/prospective/daily_qvp/snapshots/2026-07-01T053352Z/raw,1081,1043,144e01281e848a2a4c711cb0058eddc75099bb40,d3881a1328862a39dc4af32e15c4826237a09adca2da7038eafb5659ddb68bb4,8bda06ce0251beedd6a5f2cd61a08ef37682841102d3b9d86a1ab602640baf4e,CRC,0.5689176688251618,0.5846438482886216,0.5924298489053346,0.7444976076555024,0.6573249489012948,0.9511025886864813,0.6487908131252464,0.95489443378119,0.6159420289855072,0.7871151488932151,0.5689176688251618,0.6231884057971014,California Resources Corporation,Energy,Oil & Gas E&P,4694586368,52.869998931884766,52.0,450.0,2026-06-30,none,NOT_SELECTED,,
2026-07-01T053352Z,2026-07-01T05:33:52.980988+00:00,2026-07-01T07:21:20.090043+00:00,2026-06-30,data/prospective/daily_qvp/snapshots/2026-07-01T053352Z/raw,1081,1043,144e01281e848a2a4c711cb0058eddc75099bb40,d3881a1328862a39dc4af32e15c4826237a09adca2da7038eafb5659ddb68bb4,8bda06ce0251beedd6a5f2cd61a08ef37682841102d3b9d86a1ab602640baf4e,NJR,0.7112627197039778,0.8501387604070305,0.6764232943931929,0.9052631578947369,0.6562219326086446,0.950143815915628,0.6042354149737248,0.8886756238003839,0.641583869082408,0.615819209039548,0.7112627197039778,0.44827586206896547,New Jersey Resources Corporation,Utilities,Utilities - Regulated Gas,5655645184,56.040000915527344,53.0,163.0,2026-06-30,none,NOT_SELECTED,,
2026-07-01T053352Z,2026-07-01T05:33:52.980988+00:00,2026-07-01T07:21:20.090043+00:00,2026-06-30,data/prospective/daily_qvp/snapshots/2026-07-01T053352Z/raw,1081,1043,144e01281e848a2a4c711cb0058eddc75099bb40,d3881a1328862a39dc4af32e15c4826237a09adca2da7038eafb5659ddb68bb4,8bda06ce0251beedd6a5f2cd61a08ef37682841102d3b9d86a1ab602640baf4e,ES,0.5568917668825161,0.5531914893617021,0.6169540657907613,0.7980861244019138,0.6561238028058934,0.9491850431447747,0.6300238865871788,0.9366602687140115,0.6770163646990064,0.7344632768361582,0.5568917668825161,0.5517241379310345,Eversource Energy,Utilities,Utilities - Regulated Electric,27179302912,72.2699966430664,54.0,484.0,2026-06-30,none,NOT_SELECTED,,
2026-07-01T053352Z,2026-07-01T05:33:52.980988+00:00,2026-07-01T07:21:20.090043+00:00,2026-06-30,data/prospective/daily_qvp/snapshots/2026-07-01T053352Z/raw,1081,1043,144e01281e848a2a4c711cb0058eddc75099bb40,d3881a1328862a39dc4af32e15c4826237a09adca2da7038eafb5659ddb68bb4,8bda06ce0251beedd6a5f2cd61a08ef37682841102d3b9d86a1ab602640baf4e,MD,0.5561979648473636,0.5513413506012951,0.5396269860169736,0.6162679425837321,0.6551274454743937,0.9482262703739214,0.5683247001815601,0.77447216890595,0.5230560071865834,0.886128364389234,0.5561979648473636,0.3079164643030597,"Pediatrix Medical Group, Inc.",Healthcare,Medical Care Facilities,2080147968,25.329999923706055,55.0,486.0,2026-06-30,none,NOT_SELECTED,,
2026-07-01T053352Z,2026-07-01T05:33:52.980988+00:00,2026-07-01T07:21:20.090043+00:00,2026-06-30,data/prospective/daily_qvp/snapshots/2026-07-01T053352Z/raw,1081,1043,144e01281e848a2a4c711cb0058eddc75099bb40,d3881a1328862a39dc4af32e15c4826237a09adca2da7038eafb5659ddb68bb4,8bda06ce0251beedd6a5f2cd61a08ef37682841102d3b9d86a1ab602640baf4e,DAL,0.6859389454209065,0.8080481036077706,0.5784029555206176,0.7033492822966507,0.6547377728162141,0.947267497603068,0.5788311073899385,0.8099808061420346,0.4708669656203288,0.8074074074074074,0.6859389454209065,0.3511111111111111,"Delta Air Lines, Inc.",Industrials,Airlines,61534093312,93.66000366210938,56.0,208.0,2026-06-30,none,NOT_SELECTED,,
2026-07-01T053352Z,2026-07-01T05:33:52.980988+00:00,2026-07-01T07:21:20.090043+00:00,2026-06-30,data/prospective/daily_qvp/snapshots/2026-07-01T053352Z/raw,1081,1043,144e01281e848a2a4c711cb0058eddc75099bb40,d3881a1328862a39dc4af32e15c4826237a09adca2da7038eafb5659ddb68bb4,8bda06ce0251beedd6a5f2cd61a08ef37682841102d3b9d86a1ab602640baf4e,INSW,0.7867715078630897,0.9759481961147086,0.7801611162503854,0.9913875598086125,0.6545319067116877,0.9463087248322147,0.514449654671447,0.527831094049904,0.7735507246376812,0.40327348763429227,0.7867715078630897,0.09420289855072461,"International Seaways, Inc.",Energy,Oil & Gas Midstream,3791564544,76.58999633789062,57.0,27.0,2026-06-30,none,NOT_SELECTED,,
2026-07-01T053352Z,2026-07-01T05:33:52.980988+00:00,2026-07-01T07:21:20.090043+00:00,2026-06-30,data/prospective/daily_qvp/snapshots/2026-07-01T053352Z/raw,1081,1043,144e01281e848a2a4c711cb0058eddc75099bb40,d3881a1328862a39dc4af32e15c4826237a09adca2da7038eafb5659ddb68bb4,8bda06ce0251beedd6a5f2cd61a08ef37682841102d3b9d86a1ab602640baf4e,FDX,0.7745143385753931,0.96577243293247,0.563961205162136,0.6679425837320574,0.6535050009722881,0.9453499520613614,0.5651287507292162,0.7610364683301344,0.3534080717488789,0.8325925925925927,0.7745143385753931,0.3,FedEx Corporation,Industrials,Integrated Freight & Logistics,74714931200,313.1300048828125,58.0,38.0,2026-06-30,none,NOT_SELECTED,,
2026-07-01T053352Z,2026-07-01T05:33:52.980988+00:00,2026-07-01T07:21:20.090043+00:00,2026-06-30,data/prospective/daily_qvp/snapshots/2026-07-01T053352Z/raw,1081,1043,144e01281e848a2a4c711cb0058eddc75099bb40,d3881a1328862a39dc4af32e15c4826237a09adca2da7038eafb5659ddb68bb4,8bda06ce0251beedd6a5f2cd61a08ef37682841102d3b9d86a1ab602640baf4e,CF,0.5932007400555042,0.635522664199815,0.6694817259599555,0.8985645933014355,0.6534774594911944,0.9443911792905082,0.7083284336014466,0.991362763915547,0.7457627118644068,0.6214689265536723,0.5932007400555042,0.8728813559322034,"CF Industries Holdings, Inc.",Basic Materials,Agricultural Inputs,16631906304,108.26000213623048,59.0,395.0,2026-06-30,none,NOT_SELECTED,,
2026-07-01T053352Z,2026-07-01T05:33:52.980988+00:00,2026-07-01T07:21:20.090043+00:00,2026-06-30,data/prospective/daily_qvp/snapshots/2026-07-01T053352Z/raw,1081,1043,144e01281e848a2a4c711cb0058eddc75099bb40,d3881a1328862a39dc4af32e15c4826237a09adca2da7038eafb5659ddb68bb4,8bda06ce0251beedd6a5f2cd61a08ef37682841102d3b9d86a1ab602640baf4e,UTHR,0.5714616096207215,0.5925069380203515,0.7150836074446829,0.9454545454545454,0.6533959729410378,0.9434324065196549,0.5653019578505087,0.7629558541266794,0.8587056052686445,0.5300207039337473,0.5714616096207215,0.3010199125789218,United Therapeutics Corporation,Healthcare,Drug Manufacturers - Specialty & Generic,22998913024,541.8300170898438,60.0,441.0,2026-06-30,none,NOT_SELECTED,,
2026-07-01T053352Z,2026-07-01T05:33:52.980988+00:00,2026-07-01T07:21:20.090043+00:00,2026-06-30,data/prospective/daily_qvp/snapshots/2026-07-01T053352Z/raw,1081,1043,144e01281e848a2a4c711cb0058eddc75099bb40,d3881a1328862a39dc4af32e15c4826237a09adca2da7038eafb5659ddb68bb4,8bda06ce0251beedd6a5f2cd61a08ef37682841102d3b9d86a1ab602640baf4e,VTRS,0.7583256244218316,0.937095282146161,0.5364100458866805,0.6086124401913876,0.652982818720865,0.9424736337488016,0.5063349770809595,0.4856046065259117,0.3144944673515293,0.886128364389234,0.7583256244218316,0.0663914521612433,Viatris Inc.,Healthcare,Drug Manufacturers - Specialty & Generic,18493097984,15.880000114440918,61.0,69.0,2026-06-30,none,NOT_SELECTED,,
2026-07-01T053352Z,2026-07-01T05:33:52.980988+00:00,2026-07-01T07:21:20.090043+00:00,2026-06-30,data/prospective/daily_qvp/snapshots/2026-07-01T053352Z/raw,1081,1043,144e01281e848a2a4c711cb0058eddc75099bb40,d3881a1328862a39dc4af32e15c4826237a09adca2da7038eafb5659ddb68bb4,8bda06ce0251beedd6a5f2cd61a08ef37682841102d3b9d86a1ab602640baf4e,EOG,0.6452358926919519,0.7335800185013877,0.7447193956213383,0.9712918660287081,0.6523187587604172,0.9415148609779482,0.5761955908094434,0.7994241842610365,0.8442028985507246,0.46751748503857526,0.6452358926919519,0.34782608695652173,"EOG Resources, Inc.",Energy,Oil & Gas E&P,69097897984,129.72999572753906,62.0,289.0,2026-06-30,none,NOT_SELECTED,,
2026-07-01T053352Z,2026-07-01T05:33:52.980988+00:00,2026-07-01T07:21:20.090043+00:00,2026-06-30,data/prospective/daily_qvp/snapshots/2026-07-01T053352Z/raw,1081,1043,144e01281e848a2a4c711cb0058eddc75099bb40,d3881a1328862a39dc4af32e15c4826237a09adca2da7038eafb5659ddb68bb4,8bda06ce0251beedd6a5f2cd61a08ef37682841102d3b9d86a1ab602640baf4e,PHIN,0.7615633672525439,0.9426456984273821,0.6109443330055503,0.784688995215311,0.6517406664481447,0.9405560882070949,0.5966924045980133,0.8637236084452975,0.46032529875855666,0.7333333333333334,0.7615633672525439,0.43154761904761896,PHINIA Inc.,Consumer Cyclical,Auto Parts,3049383680,82.37000274658203,63.0,63.0,2026-06-30,none,NOT_SELECTED,,
2026-07-01T053352Z,2026-07-01T05:33:52.980988+00:00,2026-07-01T07:21:20.090043+00:00,2026-06-30,data/prospective/daily_qvp/snapshots/2026-07-01T053352Z/raw,1081,1043,144e01281e848a2a4c711cb0058eddc75099bb40,d3881a1328862a39dc4af32e15c4826237a09adca2da7038eafb5659ddb68bb4,8bda06ce0251beedd6a5f2cd61a08ef37682841102d3b9d86a1ab602640baf4e,MGY,0.5864939870490287,0.6234967622571693,0.7316527906259637,0.9598086124401913,0.6514188743813055,0.9395973154362416,0.5773322717280082,0.8023032629558541,0.8768115942028987,0.4909510418919893,0.5864939870490287,0.3550724637681159,Magnolia Oil & Gas Corporation,Energy,Oil & Gas E&P,4872258048,25.579999923706055,64.0,408.0,2026-06-30,none,NOT_SELECTED,,
2026-07-01T053352Z,2026-07-01T05:33:52.980988+00:00,2026-07-01T07:21:20.090043+00:00,2026-06-30,data/prospective/daily_qvp/snapshots/2026-07-01T053352Z/raw,1081,1043,144e01281e848a2a4c711cb0058eddc75099bb40,d3881a1328862a39dc4af32e15c4826237a09adca2da7038eafb5659ddb68bb4,8bda06ce0251beedd6a5f2cd61a08ef37682841102d3b9d86a1ab602640baf4e,AWR,0.5980573543015726,0.6447733580018501,0.755322511165982,0.9799043062200957,0.6504409961445531,0.9386385426653883,0.6236066091773803,0.9251439539347409,0.9125876680303916,0.4406779661016949,0.5980573543015726,0.5431034482758621,American States Water Company,Utilities,Utilities - Regulated Water,3238488832,82.62999725341797,65.0,385.0,2026-06-30,none,NOT_SELECTED,,
2026-07-01T053352Z,2026-07-01T05:33:52.980988+00:00,2026-07-01T07:21:20.090043+00:00,2026-06-30,data/prospective/daily_qvp/snapshots/2026-07-01T053352Z/raw,1081,1043,144e01281e848a2a4c711cb0058eddc75099bb40,d3881a1328862a39dc4af32e15c4826237a09adca2da7038eafb5659ddb68bb4,8bda06ce0251beedd6a5f2cd61a08ef37682841102d3b9d86a1ab602640baf4e,OGS,0.5262488436632746,0.49491211840888066,0.596262937319656,0.7502392344497608,0.6498626738439891,0.9376797698945349,0.6490349364174747,0.9558541266794626,0.6662770309760374,0.7570621468926554,0.5262488436632746,0.646551724137931,"ONE Gas, Inc.",Utilities,Utilities - Regulated Gas,4837108224,77.06999969482422,66.0,547.0,2026-06-30,none,NOT_SELECTED,,
2026-07-01T053352Z,2026-07-01T05:33:52.980988+00:00,2026-07-01T07:21:20.090043+00:00,2026-06-30,data/prospective/daily_qvp/snapshots/2026-07-01T053352Z/raw,1081,1043,144e01281e848a2a4c711cb0058eddc75099bb40,d3881a1328862a39dc4af32e15c4826237a09adca2da7038eafb5659ddb68bb4,8bda06ce0251beedd6a5f2cd61a08ef37682841102d3b9d86a1ab602640baf4e,MYRG,0.8020351526364476,0.9833487511563367,0.7451431368563404,0.9722488038277513,0.6493546838301528,0.9367209971236817,0.6859049017615035,0.9817658349328215,0.6882511210762332,0.4577777777777778,0.8020351526364476,0.7955555555555556,MYR Group Inc.,Industrials,Engineering & Construction,7791746560,500.3999938964844,67.0,19.0,2026-06-30,none,NOT_SELECTED,,
2026-07-01T053352Z,2026-07-01T05:33:52.980988+00:00,2026-07-01T07:21:20.090043+00:00,2026-06-30,data/prospective/daily_qvp/snapshots/2026-07-01T053352Z/raw,1081,1043,144e01281e848a2a4c711cb0058eddc75099bb40,d3881a1328862a39dc4af32e15c4826237a09adca2da7038eafb5659ddb68bb4,8bda06ce0251beedd6a5f2cd61a08ef37682841102d3b9d86a1ab602640baf4e,MTX,0.6713691026827011,0.7853839037927844,0.5750913310023675,0.6956937799043063,0.6489309438320868,0.9357622243528284,0.5777999027893193,0.8051823416506718,0.4788135593220339,0.7966101694915254,0.6713691026827011,0.364406779661017,Minerals Technologies Inc.,Basic Materials,Specialty Chemicals,2293715968,73.97000122070312,68.0,233.0,2026-06-30,none,NOT_SELECTED,,
2026-07-01T053352Z,2026-07-01T05:33:52.980988+00:00,2026-07-01T07:21:20.090043+00:00,2026-06-30,data/prospective/daily_qvp/snapshots/2026-07-01T053352Z/raw,1081,1043,144e01281e848a2a4c711cb0058eddc75099bb40,d3881a1328862a39dc4af32e15c4826237a09adca2da7038eafb5659ddb68bb4,8bda06ce0251beedd6a5f2cd61a08ef37682841102d3b9d86a1ab602640baf4e,DGII,0.7923219241443108,0.9777983348751156,0.6905371472807521,0.9205741626794258,0.6486570165745821,0.9348034515819751,0.5672449748203171,0.7696737044145874,0.5887523704171934,0.5648967551622419,0.7923219241443108,0.32300884955752207,Digi International Inc.,Technology,Communication Equipment,2825779712,74.94999694824219,69.0,25.0,2026-06-30,none,NOT_SELECTED,,
2026-07-01T053352Z,2026-07-01T05:33:52.980988+00:00,2026-07-01T07:21:20.090043+00:00,2026-06-30,data/prospective/daily_qvp/snapshots/2026-07-01T053352Z/raw,1081,1043,144e01281e848a2a4c711cb0058eddc75099bb40,d3881a1328862a39dc4af32e15c4826237a09adca2da7038eafb5659ddb68bb4,8bda06ce0251beedd6a5f2cd61a08ef37682841102d3b9d86a1ab602640baf4e,LSTR,0.7432932469935245,0.9047178538390379,0.7103910181155964,0.9416267942583733,0.6484088268918791,0.9338446788111218,0.5346399535022426,0.6276391554702495,0.6774887892376682,0.5244444444444444,0.7432932469935245,0.1933333333333333,"Landstar System, Inc.",Industrials,Integrated Freight & Logistics,7016692736,206.80999755859375,70.0,104.0,2026-06-30,none,NOT_SELECTED,,
2026-07-01T053352Z,2026-07-01T05:33:52.980988+00:00,2026-07-01T07:21:20.090043+00:00,2026-06-30,data/prospective/daily_qvp/snapshots/2026-07-01T053352Z/raw,1081,1043,144e01281e848a2a4c711cb0058eddc75099bb40,d3881a1328862a39dc4af32e15c4826237a09adca2da7038eafb5659ddb68bb4,8bda06ce0251beedd6a5f2cd61a08ef37682841102d3b9d86a1ab602640baf4e,EXPD,0.6066142460684552,0.6641998149861239,0.6930579949824089,0.9263157894736842,0.647717675667285,0.9328859060402684,0.5918993678615748,0.8512476007677543,0.7795017438963627,0.5570370370370371,0.6066142460684552,0.4244444444444444,"Expeditors International of Washington, Inc.",Industrials,Integrated Freight & Logistics,21316339712,162.97999572753906,71.0,364.0,2026-06-30,none,NOT_SELECTED,,
2026-07-01T053352Z,2026-07-01T05:33:52.980988+00:00,2026-07-01T07:21:20.090043+00:00,2026-06-30,data/prospective/daily_qvp/snapshots/2026-07-01T053352Z/raw,1081,1043,144e01281e848a2a4c711cb0058eddc75099bb40,d3881a1328862a39dc4af32e15c4826237a09adca2da7038eafb5659ddb68bb4,8bda06ce0251beedd6a5f2cd61a08ef37682841102d3b9d86a1ab602640baf4e,PVH,0.5129509713228493,0.469472710453284,0.4952821399799568,0.48325358851674644,0.6471815573722588,0.9319271332694151,0.5769040251720512,0.8013435700575816,0.4776133086370643,0.9509803921568628,0.5129509713228493,0.36607142857142855,PVH Corp.,Consumer Cyclical,Apparel Manufacturing,3423986944,74.26000213623047,72.0,574.0,2026-06-30,none,NOT_SELECTED,,
2026-07-01T053352Z,2026-07-01T05:33:52.980988+00:00,2026-07-01T07:21:20.090043+00:00,2026-06-30,data/prospective/daily_qvp/snapshots/2026-07-01T053352Z/raw,1081,1043,144e01281e848a2a4c711cb0058eddc75099bb40,d3881a1328862a39dc4af32e15c4826237a09adca2da7038eafb5659ddb68bb4,8bda06ce0251beedd6a5f2cd61a08ef37682841102d3b9d86a1ab602640baf4e,NTAP,0.7486123959296948,0.9176688251618872,0.7248810241342531,0.9569377990430622,0.6454959039951068,0.9309683604985618,0.5958475917131443,0.8598848368522073,0.7011496523388117,0.4867256637168141,0.7486123959296948,0.4469026548672566,"NetApp, Inc.",Technology,Software - Infrastructure,30320566272,154.75999450683594,73.0,90.0,2026-06-30,none,NOT_SELECTED,,
2026-07-01T053352Z,2026-07-01T05:33:52.980988+00:00,2026-07-01T07:21:20.090043+00:00,2026-06-30,data/prospective/daily_qvp/snapshots/2026-07-01T053352Z/raw,1081,1043,144e01281e848a2a4c711cb0058eddc75099bb40,d3881a1328862a39dc4af32e15c4826237a09adca2da7038eafb5659ddb68bb4,8bda06ce0251beedd6a5f2cd61a08ef37682841102d3b9d86a1ab602640baf4e,NWE,0.6773820536540242,0.7927844588344126,0.6275937153132773,0.8181818181818182,0.6443845107738233,0.9300095877277086,0.556564245149333,0.7303262955854126,0.5778053769725306,0.6779661016949152,0.6773820536540242,0.29310344827586204,"NorthWestern Energy Group, Inc.",Utilities,Utilities - Regulated Electric,4405204480,71.62000274658203,74.0,225.0,2026-06-30,none,NOT_SELECTED,,
2026-07-01T053352Z,2026-07-01T05:33:52.980988+00:00,2026-07-01T07:21:20.090043+00:00,2026-06-30,data/prospective/daily_qvp/snapshots/2026-07-01T053352Z/raw,1081,1043,144e01281e848a2a4c711cb0058eddc75099bb40,d3881a1328862a39dc4af32e15c4826237a09adca2da7038eafb5659ddb68bb4,8bda06ce0251beedd6a5f2cd61a08ef37682841102d3b9d86a1ab602640baf4e,OII,0.7308048103607772,0.8751156336725254,0.7059821153253161,0.9358851674641149,0.6437986856753339,0.9290508149568553,0.6386461157057759,0.9472168905950096,0.6811594202898551,0.5194318263753696,0.7308048103607772,0.6231884057971016,"Oceaneering International, Inc.",Energy,Oil & Gas Equipment & Services,4041677568,40.52000045776367,75.0,136.0,2026-06-30,none,NOT_SELECTED,,
2026-07-01T053352Z,2026-07-01T05:33:52.980988+00:00,2026-07-01T07:21:20.090043+00:00,2026-06-30,data/prospective/daily_qvp/snapshots/2026-07-01T053352Z/raw,1081,1043,144e01281e848a2a4c711cb0058eddc75099bb40,d3881a1328862a39dc4af32e15c4826237a09adca2da7038eafb5659ddb68bb4,8bda06ce0251beedd6a5f2cd61a08ef37682841102d3b9d86a1ab602640baf4e,IOSP,0.549722479185939,0.5383903792784459,0.6096070023048339,0.7808612440191387,0.6436928037964429,0.9280920421860019,0.5653967214914,0.7648752399232246,0.6694915254237288,0.711864406779661,0.549722479185939,0.33050847457627114,Innospec Inc.,Basic Materials,Specialty Chemicals,2004721024,81.38999938964844,76.0,500.0,2026-06-30,none,NOT_SELECTED,,
2026-07-01T053352Z,2026-07-01T05:33:52.980988+00:00,2026-07-01T07:21:20.090043+00:00,2026-06-30,data/prospective/daily_qvp/snapshots/2026-07-01T053352Z/raw,1081,1043,144e01281e848a2a4c711cb0058eddc75099bb40,d3881a1328862a39dc4af32e15c4826237a09adca2da7038eafb5659ddb68bb4,8bda06ce0251beedd6a5f2cd61a08ef37682841102d3b9d86a1ab602640baf4e,VLO,0.7678075855689177,0.9569842738205365,0.6628893000308357,0.8832535885167464,0.642926031779636,0.9271332694151486,0.5963249586173358,0.8608445297504799,0.5579710144927537,0.602999495277237,0.7678075855689177,0.45652173913043476,Valero Energy Corporation,Energy,Oil & Gas Refining & Marketing,77333168128,260.44000244140625,77.0,47.0,2026-06-30,none,NOT_SELECTED,,
2026-07-01T053352Z,2026-07-01T05:33:52.980988+00:00,2026-07-01T07:21:20.090043+00:00,2026-06-30,data/prospective/daily_qvp/snapshots/2026-07-01T053352Z/raw,1081,1043,144e01281e848a2a4c711cb0058eddc75099bb40,d3881a1328862a39dc4af32e15c4826237a09adca2da7038eafb5659ddb68bb4,8bda06ce0251beedd6a5f2cd61a08ef37682841102d3b9d86a1ab602640baf4e,AOS,0.375809435707678,0.2765957446808511,0.624481698421851,0.8133971291866029,0.6424939717874067,0.9261744966442953,0.5785371455072217,0.8080614203454894,0.873153961136024,0.6785185185185184,0.375809435707678,0.38666666666666666,A. O. Smith Corporation,Industrials,Specialty Industrial Machinery,8644611072,62.720001220703125,78.0,783.0,2026-06-30,none,NOT_SELECTED,,
2026-07-01T053352Z,2026-07-01T05:33:52.980988+00:00,2026-07-01T07:21:20.090043+00:00,2026-06-30,data/prospective/daily_qvp/snapshots/2026-07-01T053352Z/raw,1081,1043,144e01281e848a2a4c711cb0058eddc75099bb40,d3881a1328862a39dc4af32e15c4826237a09adca2da7038eafb5659ddb68bb4,8bda06ce0251beedd6a5f2cd61a08ef37682841102d3b9d86a1ab602640baf4e,GMED,0.3954671600370027,0.3071230342275671,0.5990985870926822,0.7569377990430622,0.6416350829065086,0.925215723873442,0.6564691485081962,0.9664107485604606,0.8027300141483615,0.7267080745341614,0.3954671600370027,0.7009713453132589,"Globus Medical, Inc.",Healthcare,Medical Devices,10725183488,79.01000213623047,79.0,750.0,2026-06-30,none,NOT_SELECTED,,
2026-07-01T053352Z,2026-07-01T05:33:52.980988+00:00,2026-07-01T07:21:20.090043+00:00,2026-06-30,data/prospective/daily_qvp/snapshots/2026-07-01T053352Z/raw,1081,1043,144e01281e848a2a4c711cb0058eddc75099bb40,d3881a1328862a39dc4af32e15c4826237a09adca2da7038eafb5659ddb68bb4,8bda06ce0251beedd6a5f2cd61a08ef37682841102d3b9d86a1ab602640baf4e,SSRM,0.5753931544865866,0.6012950971322849,0.637272848429734,0.8325358851674641,0.6414210703279206,0.9242569511025887,0.725769192576449,0.9952015355086372,0.6991525423728814,0.6497175141242938,0.5753931544865866,0.978813559322034,SSR Mining Inc.,Basic Materials,Gold,5867847680,28.280000686645508,80.0,432.0,2026-06-30,none,NOT_SELECTED,,
2026-07-01T053352Z,2026-07-01T05:33:52.980988+00:00,2026-07-01T07:21:20.090043+00:00,2026-06-30,data/prospective/daily_qvp/snapshots/2026-07-01T053352Z/raw,1081,1043,144e01281e848a2a4c711cb0058eddc75099bb40,d3881a1328862a39dc4af32e15c4826237a09adca2da7038eafb5659ddb68bb4,8bda06ce0251beedd6a5f2cd61a08ef37682841102d3b9d86a1ab602640baf4e,YETI,0.582099907493062,0.6151711378353376,0.7180118775693145,0.9492822966507177,0.6414196830854254,0.9232981783317353,0.5532373813616881,0.7197696737044146,0.8539238476455672,0.48823529411764705,0.582099907493062,0.28869047619047616,"YETI Holdings, Inc.",Consumer Cyclical,Leisure,3754582528,49.560001373291016,81.0,417.0,2026-06-30,none,NOT_SELECTED,,
2026-07-01T053352Z,2026-07-01T05:33:52.980988+00:00,2026-07-01T07:21:20.090043+00:00,2026-06-30,data/prospective/daily_qvp/snapshots/2026-07-01T053352Z/raw,1081,1043,144e01281e848a2a4c711cb0058eddc75099bb40,d3881a1328862a39dc4af32e15c4826237a09adca2da7038eafb5659ddb68bb4,8bda06ce0251beedd6a5f2cd61a08ef37682841102d3b9d86a1ab602640baf4e,UNF,0.6988899167437558,0.8251618871415356,0.6531195971362027,0.8679425837320575,0.6408451635229007,0.9223394055608821,0.5678560948643977,0.772552783109405,0.6073492775286498,0.6162962962962962,0.6988899167437558,0.34888888888888886,UniFirst Corporation,Industrials,Specialty Business Services,4782469120,264.4599914550781,82.0,190.0,2026-06-30,none,NOT_SELECTED,,
2026-07-01T053352Z,2026-07-01T05:33:52.980988+00:00,2026-07-01T07:21:20.090043+00:00,2026-06-30,data/prospective/daily_qvp/snapshots/2026-07-01T053352Z/raw,1081,1043,144e01281e848a2a4c711cb0058eddc75099bb40,d3881a1328862a39dc4af32e15c4826237a09adca2da7038eafb5659ddb68bb4,8bda06ce0251beedd6a5f2cd61a08ef37682841102d3b9d86a1ab602640baf4e,TILE,0.6114708603145236,0.6739130434782609,0.6586127941205986,0.877511961722488,0.6397287908516408,0.9213806327900288,0.6516715931387307,0.9596928982725528,0.7057547279266736,0.6019607843137255,0.6114708603145236,0.6875,"Interface, Inc.",Consumer Cyclical,"Furnishings, Fixtures & Appliances",2080733952,35.84000015258789,83.0,353.0,2026-06-30,none,NOT_SELECTED,,
2026-07-01T053352Z,2026-07-01T05:33:52.980988+00:00,2026-07-01T07:21:20.090043+00:00,2026-06-30,data/prospective/daily_qvp/snapshots/2026-07-01T053352Z/raw,1081,1043,144e01281e848a2a4c711cb0058eddc75099bb40,d3881a1328862a39dc4af32e15c4826237a09adca2da7038eafb5659ddb68bb4,8bda06ce0251beedd6a5f2cd61a08ef37682841102d3b9d86a1ab602640baf4e,OSK,0.4761794634597595,0.4070305272895467,0.5112362190243491,0.538755980861244,0.6395895781149982,0.9204218600191755,0.5274699613640264,0.5950095969289827,0.5462929745889387,0.8962962962962964,0.4761794634597595,0.19111111111111106,Oshkosh Corporation,Industrials,Farm & Heavy Construction Machinery,9569678336,153.47999572753906,84.0,642.0,2026-06-30,none,NOT_SELECTED,,
2026-07-01T053352Z,2026-07-01T05:33:52.980988+00:00,2026-07-01T07:21:20.090043+00:00,2026-06-30,data/prospective/daily_qvp/snapshots/2026-07-01T053352Z/raw,1081,1043,144e01281e848a2a4c711cb0058eddc75099bb40,d3881a1328862a39dc4af32e15c4826237a09adca2da7038eafb5659ddb68bb4,8bda06ce0251beedd6a5f2cd61a08ef37682841102d3b9d86a1ab602640baf4e,DECK,0.4042553191489362,0.3191489361702128,0.6836448744485835,0.9138755980861244,0.6394233803513432,0.9194630872483222,0.6254008685968407,0.9280230326295585,0.9630344297482307,0.5509803921568627,0.4042553191489362,0.5833333333333334,Deckers Outdoor Corporation,Consumer Cyclical,Footwear & Accessories,13789490176,99.29000091552734,85.0,737.0,2026-06-30,none,NOT_SELECTED,,
2026-07-01T053352Z,2026-07-01T05:33:52.980988+00:00,2026-07-01T07:21:20.090043+00:00,2026-06-30,data/prospective/daily_qvp/snapshots/2026-07-01T053352Z/raw,1081,1043,144e01281e848a2a4c711cb0058eddc75099bb40,d3881a1328862a39dc4af32e15c4826237a09adca2da7038eafb5659ddb68bb4,8bda06ce0251beedd6a5f2cd61a08ef37682841102d3b9d86a1ab602640baf4e,RHI,0.3947733580018501,0.30481036077705825,0.513763111487223,0.5435406698564593,0.6385581237075314,0.9185043144774688,0.49947414833620407,0.4596928982725528,0.632752864972596,0.8881481481481481,0.3947733580018501,0.0822222222222222,Robert Half Inc.,Industrials,Staffing & Employment Services,3140413440,30.700000762939453,86.0,752.0,2026-06-30,none,NOT_SELECTED,,
2026-07-01T053352Z,2026-07-01T05:33:52.980988+00:00,2026-07-01T07:21:20.090043+00:00,2026-06-30,data/prospective/daily_qvp/snapshots/2026-07-01T053352Z/raw,1081,1043,144e01281e848a2a4c711cb0058eddc75099bb40,d3881a1328862a39dc4af32e15c4826237a09adca2da7038eafb5659ddb68bb4,8bda06ce0251beedd6a5f2cd61a08ef37682841102d3b9d86a1ab602640baf4e,ARW,0.8075855689176688,0.9879740980573543,0.5544723040542832,0.6430622009569378,0.6378389598316657,0.9175455417066155,0.5635562110241917,0.755278310940499,0.30135903919089757,0.8045722713864306,0.8075855689176688,0.3407079646017699,"Arrow Electronics, Inc.",Technology,Electronics & Computer Distribution,10912495616,213.41000366210935,87.0,14.0,2026-06-30,none,NOT_SELECTED,,
2026-07-01T053352Z,2026-07-01T05:33:52.980988+00:00,2026-07-01T07:21:20.090043+00:00,2026-06-30,data/prospective/daily_qvp/snapshots/2026-07-01T053352Z/raw,1081,1043,144e01281e848a2a4c711cb0058eddc75099bb40,d3881a1328862a39dc4af32e15c4826237a09adca2da7038eafb5659ddb68bb4,8bda06ce0251beedd6a5f2cd61a08ef37682841102d3b9d86a1ab602640baf4e,SSD,0.6396854764107308,0.723404255319149,0.7350969754935011,0.9626794258373206,0.6369573056962322,0.9165867689357622,0.6154298436789539,0.9097888675623801,0.8305084745762712,0.4406779661016949,0.6396854764107308,0.5508474576271186,"Simpson Manufacturing Co., Inc.",Basic Materials,Lumber & Wood Production,8612307968,209.3500061035156,88.0,300.0,2026-06-30,none,NOT_SELECTED,,
2026-07-01T053352Z,2026-07-01T05:33:52.980988+00:00,2026-07-01T07:21:20.090043+00:00,2026-06-30,data/prospective/daily_qvp/snapshots/2026-07-01T053352Z/raw,1081,1043,144e01281e848a2a4c711cb0058eddc75099bb40,d3881a1328862a39dc4af32e15c4826237a09adca2da7038eafb5659ddb68bb4,8bda06ce0251beedd6a5f2cd61a08ef37682841102d3b9d86a1ab602640baf4e,BMY,0.6093894542090657,0.6706753006475485,0.6127602174201716,0.7885167464114833,0.6369402139598935,0.9156279961649089,0.591868589318876,0.8502879078694817,0.6161309806312777,0.6853002070393375,0.6093894542090657,0.4566537153958232,Bristol-Myers Squibb Company,Healthcare,Drug Manufacturers - General,117664145408,57.619998931884766,89.0,357.0,2026-06-30,none,NOT_SELECTED,,
2026-07-01T053352Z,2026-07-01T05:33:52.980988+00:00,2026-07-01T07:21:20.090043+00:00,2026-06-30,data/prospective/daily_qvp/snapshots/2026-07-01T053352Z/raw,1081,1043,144e01281e848a2a4c711cb0058eddc75099bb40,d3881a1328862a39dc4af32e15c4826237a09adca2da7038eafb5659ddb68bb4,8bda06ce0251beedd6a5f2cd61a08ef37682841102d3b9d86a1ab602640baf4e,RRC,0.44796484736355224,0.3681776133209991,0.6605766265803268,0.8803827751196173,0.6365292971876152,0.9146692233940557,0.6893534946298419,0.9846449136276392,0.8731884057971014,0.588434638402192,0.44796484736355224,0.8478260869565217,Range Resources Corporation,Energy,Oil & Gas E&P,8762790912,37.189998626708984,90.0,684.0,2026-06-30,none,NOT_SELECTED,,
2026-07-01T053352Z,2026-07-01T05:33:52.980988+00:00,2026-07-01T07:21:20.090043+00:00,2026-06-30,data/prospective/daily_qvp/snapshots/2026-07-01T053352Z/raw,1081,1043,144e01281e848a2a4c711cb0058eddc75099bb40,d3881a1328862a39dc4af32e15c4826237a09adca2da7038eafb5659ddb68bb4,8bda06ce0251beedd6a5f2cd61a08ef37682841102d3b9d86a1ab602640baf4e,HE,0.536308973172988,0.517113783533765,0.49976246437725963,0.49760765550239233,0.6363764828428434,0.9137104506232023,0.6119806379942015,0.9040307101727447,0.4632159555815313,0.9096045197740112,0.536308973172988,0.5387931034482759,"Hawaiian Electric Industries, Inc.",Utilities,Utilities - Regulated Electric,2335759872,13.529999732971191,91.0,523.0,2026-06-30,none,NOT_SELECTED,,
2026-07-01T053352Z,2026-07-01T05:33:52.980988+00:00,2026-07-01T07:21:20.090043+00:00,2026-06-30,data/prospective/daily_qvp/snapshots/2026-07-01T053352Z/raw,1081,1043,144e01281e848a2a4c711cb0058eddc75099bb40,d3881a1328862a39dc4af32e15c4826237a09adca2da7038eafb5659ddb68bb4,8bda06ce0251beedd6a5f2cd61a08ef37682841102d3b9d86a1ab602640baf4e,UNFI,0.6623496762257169,0.7678075855689177,0.5035233229613433,0.508133971291866,0.6361872658126128,0.912751677852349,0.6040343887533989,0.8877159309021113,0.34469696969696967,0.9015151515151515,0.6623496762257169,0.5075757575757576,"United Natural Foods, Inc.",Consumer Defensive,Food Distribution,2763909120,45.66999816894531,92.0,252.0,2026-06-30,none,NOT_SELECTED,,
2026-07-01T053352Z,2026-07-01T05:33:52.980988+00:00,2026-07-01T07:21:20.090043+00:00,2026-06-30,data/prospective/daily_qvp/snapshots/2026-07-01T053352Z/raw,1081,1043,144e01281e848a2a4c711cb0058eddc75099bb40,d3881a1328862a39dc4af32e15c4826237a09adca2da7038eafb5659ddb68bb4,8bda06ce0251beedd6a5f2cd61a08ef37682841102d3b9d86a1ab602640baf4e,CVS,0.6984273820536541,0.8242368177613321,0.5256850689946266,0.5751196172248804,0.6361709983773701,0.9117929050814957,0.565897068598472,0.7658349328214972,0.3529427559355991,0.8571428571428572,0.6984273820536541,0.3550752792617775,CVS Health Corporation,Healthcare,Healthcare Plans,131994673152,103.4499969482422,93.0,191.0,2026-06-30,none,NOT_SELECTED,,
2026-07-01T053352Z,2026-07-01T05:33:52.980988+00:00,2026-07-01T07:21:20.090043+00:00,2026-06-30,data/prospective/daily_qvp/snapshots/2026-07-01T053352Z/raw,1081,1043,144e01281e848a2a4c711cb0058eddc75099bb40,d3881a1328862a39dc4af32e15c4826237a09adca2da7038eafb5659ddb68bb4,8bda06ce0251beedd6a5f2cd61a08ef37682841102d3b9d86a1ab602640baf4e,ACAD,0.3674838112858464,0.26364477335800185,0.6207044965247809,0.8066985645933015,0.6353350887804958,0.9108341323106424,0.6035472126514234,0.8819577735124761,0.8739251817637154,0.6645962732919255,0.3674838112858464,0.508183584264206,ACADIA Pharmaceuticals Inc.,Healthcare,Biotechnology,4332267520,25.299999237060547,94.0,797.0,2026-06-30,none,NOT_SELECTED,,
2026-07-01T053352Z,2026-07-01T05:33:52.980988+00:00,2026-07-01T07:21:20.090043+00:00,2026-06-30,data/prospective/daily_qvp/snapshots/2026-07-01T053352Z/raw,1081,1043,144e01281e848a2a4c711cb0058eddc75099bb40,d3881a1328862a39dc4af32e15c4826237a09adca2da7038eafb5659ddb68bb4,8bda06ce0251beedd6a5f2cd61a08ef37682841102d3b9d86a1ab602640baf4e,CNC,0.5575855689176689,0.5541165587419057,0.47011573259842143,0.4019138755980861,0.6350115926087474,0.909875359539789,0.5800894375357252,0.8186180422264875,0.38264589627917395,0.9648033126293996,0.5575855689176689,0.41532297231665855,Centene Corporation,Healthcare,Healthcare Plans,31696830464,64.19000244140625,95.0,483.0,2026-06-30,none,NOT_SELECTED,,
2026-07-01T053352Z,2026-07-01T05:33:52.980988+00:00,2026-07-01T07:21:20.090043+00:00,2026-06-30,data/prospective/daily_qvp/snapshots/2026-07-01T053352Z/raw,1081,1043,144e01281e848a2a4c711cb0058eddc75099bb40,d3881a1328862a39dc4af32e15c4826237a09adca2da7038eafb5659ddb68bb4,8bda06ce0251beedd6a5f2cd61a08ef37682841102d3b9d86a1ab602640baf4e,TOL,0.5511100832562442,0.5430157261794635,0.5874608394502094,0.7282296650717703,0.6347778145354338,0.9089165867689357,0.5251905037587182,0.5767754318618042,0.6238115956441748,0.7294117647058823,0.5511100832562442,0.1964285714285714,"Toll Brothers, Inc.",Consumer Cyclical,Residential Construction,15399347200,164.75,96.0,495.0,2026-06-30,none,NOT_SELECTED,,
2026-07-01T053352Z,2026-07-01T05:33:52.980988+00:00,2026-07-01T07:21:20.090043+00:00,2026-06-30,data/prospective/daily_qvp/snapshots/2026-07-01T053352Z/raw,1081,1043,144e01281e848a2a4c711cb0058eddc75099bb40,d3881a1328862a39dc4af32e15c4826237a09adca2da7038eafb5659ddb68bb4,8bda06ce0251beedd6a5f2cd61a08ef37682841102d3b9d86a1ab602640baf4e,MU,0.7582099907493061,0.9361702127659575,0.8116468727450703,0.9971291866028709,0.6345099112302435,0.9079578139980825,0.7137142918297622,0.9942418426103646,0.8650837547408344,0.28023598820059,0.7582099907493061,0.9513274336283186,"Micron Technology, Inc.",Technology,Semiconductors,1303647223808,1154.2900390625,97.0,70.0,2026-06-30,none,NOT_SELECTED,,
2026-07-01T053352Z,2026-07-01T05:33:52.980988+00:00,2026-07-01T07:21:20.090043+00:00,2026-06-30,data/prospective/daily_qvp/snapshots/2026-07-01T053352Z/raw,1081,1043,144e01281e848a2a4c711cb0058eddc75099bb40,d3881a1328862a39dc4af32e15c4826237a09adca2da7038eafb5659ddb68bb4,8bda06ce0251beedd6a5f2cd61a08ef37682841102d3b9d86a1ab602640baf4e,AGCO,0.5046253469010176,0.45235892691951896,0.5145672823194674,0.5454545454545454,0.6344028795710029,0.9069990412272292,0.5077466041226967,0.4923224568138196,0.5245092177379173,0.8740740740740741,0.5046253469010176,0.12777777777777774,AGCO Corporation,Industrials,Farm & Heavy Construction Machinery,8667300864,119.6999969482422,98.0,593.0,2026-06-30,none,NOT_SELECTED,,
2026-07-01T053352Z,2026-07-01T05:33:52.980988+00:00,2026-07-01T07:21:20.090043+00:00,2026-06-30,data/prospective/daily_qvp/snapshots/2026-07-01T053352Z/raw,1081,1043,144e01281e848a2a4c711cb0058eddc75099bb40,d3881a1328862a39dc4af32e15c4826237a09adca2da7038eafb5659ddb68bb4,8bda06ce0251beedd6a5f2cd61a08ef37682841102d3b9d86a1ab602640baf4e,YOU,0.6901017576318224,0.8149861239592969,0.7385055643405636,0.9665071770334929,0.6339299632476912,0.9060402684563759,0.64912003880745,0.9568138195777351,0.7869093710493047,0.42477876106194684,0.6901017576318224,0.6946902654867257,"Clear Secure, Inc.",Technology,Software - Application,7448943616,55.72999954223633,99.0,201.0,2026-06-30,none,NOT_SELECTED,,
2026-07-01T053352Z,2026-07-01T05:33:52.980988+00:00,2026-07-01T07:21:20.090043+00:00,2026-06-30,data/prospective/daily_qvp/snapshots/2026-07-01T053352Z/raw,1081,1043,144e01281e848a2a4c711cb0058eddc75099bb40,d3881a1328862a39dc4af32e15c4826237a09adca2da7038eafb5659ddb68bb4,8bda06ce0251beedd6a5f2cd61a08ef37682841102d3b9d86a1ab602640baf4e,COLM,0.5226641998149861,0.4884366327474561,0.5974998584310208,0.7511961722488039,0.6336273566010727,0.9050814956855225,0.5488812317365188,0.6957773512476008,0.6723355170470555,0.7058823529411765,0.5226641998149861,0.2946428571428571,Columbia Sportswear Company,Consumer Cyclical,Apparel Manufacturing,3161523712,61.81999969482422,100.0,554.0,2026-06-30,none,NOT_SELECTED,,
2026-07-01T053352Z,2026-07-01T05:33:52.980988+00:00,2026-07-01T07:21:20.090043+00:00,2026-06-30,data/prospective/daily_qvp/snapshots/2026-07-01T053352Z/raw,1081,1043,144e01281e848a2a4c711cb0058eddc75099bb40,d3881a1328862a39dc4af32e15c4826237a09adca2da7038eafb5659ddb68bb4,8bda06ce0251beedd6a5f2cd61a08ef37682841102d3b9d86a1ab602640baf4e,AYI,0.4225254394079555,0.3367252543940796,0.6217634670881331,0.8086124401913876,0.633274410157521,0.9041227229146692,0.6110669187292518,0.9021113243761996,0.8210014947683109,0.6562962962962963,0.4225254394079555,0.5444444444444444,Acuity Inc.,Industrials,Electrical Equipment & Parts,11275524096,376.6600036621094,101.0,718.0,2026-06-30,none,NOT_SELECTED,,
2026-07-01T053352Z,2026-07-01T05:33:52.980988+00:00,2026-07-01T07:21:20.090043+00:00,2026-06-30,data/prospective/daily_qvp/snapshots/2026-07-01T053352Z/raw,1081,1043,144e01281e848a2a4c711cb0058eddc75099bb40,d3881a1328862a39dc4af32e15c4826237a09adca2da7038eafb5659ddb68bb4,8bda06ce0251beedd6a5f2cd61a08ef37682841102d3b9d86a1ab602640baf4e,JBHT,0.7636447733580017,0.9491211840888066,0.6917850174712281,0.9234449760765551,0.6330418634993372,0.9031639501438159,0.5686702865133918,0.7763915547024952,0.6199252615844544,0.5155555555555555,0.7636447733580017,0.3755555555555556,"J.B. Hunt Transport Services, Inc.",Industrials,Integrated Freight & Logistics,27293016064,289.42999267578125,102.0,56.0,2026-06-30,none,NOT_SELECTED,,
2026-07-01T053352Z,2026-07-01T05:33:52.980988+00:00,2026-07-01T07:21:20.090043+00:00,2026-06-30,data/prospective/daily_qvp/snapshots/2026-07-01T053352Z/raw,1081,1043,144e01281e848a2a4c711cb0058eddc75099bb40,d3881a1328862a39dc4af32e15c4826237a09adca2da7038eafb5659ddb68bb4,8bda06ce0251beedd6a5f2cd61a08ef37682841102d3b9d86a1ab602640baf4e,DLB,0.33094357076780756,0.21045328399629973,0.587519617969853,0.7291866028708134,0.632667399634223,0.9022051773729626,0.6017227719478895,0.8761996161228407,0.8440956651718983,0.7229629629629629,0.33094357076780756,0.508888888888889,"Dolby Laboratories, Inc.",Industrials,Specialty Business Services,4973968896,52.58000183105469,103.0,854.0,2026-06-30,none,NOT_SELECTED,,
2026-07-01T053352Z,2026-07-01T05:33:52.980988+00:00,2026-07-01T07:21:20.090043+00:00,2026-06-30,data/prospective/daily_qvp/snapshots/2026-07-01T053352Z/raw,1081,1043,144e01281e848a2a4c711cb0058eddc75099bb40,d3881a1328862a39dc4af32e15c4826237a09adca2da7038eafb5659ddb68bb4,8bda06ce0251beedd6a5f2cd61a08ef37682841102d3b9d86a1ab602640baf4e,NEM,0.452127659574468,0.3792784458834413,0.6656824738550307,0.8870813397129187,0.6321122330408301,0.9012464046021093,0.7071350222382498,0.9904030710172744,0.8792372881355932,0.5649717514124294,0.452127659574468,0.9322033898305084,Newmont Corporation,Basic Materials,Gold,99709427712,93.4000015258789,104.0,672.0,2026-06-30,none,NOT_SELECTED,,
2026-07-01T053352Z,2026-07-01T05:33:52.980988+00:00,2026-07-01T07:21:20.090043+00:00,2026-06-30,data/prospective/daily_qvp/snapshots/2026-07-01T053352Z/raw,1081,1043,144e01281e848a2a4c711cb0058eddc75099bb40,d3881a1328862a39dc4af32e15c4826237a09adca2da7038eafb5659ddb68bb4,8bda06ce0251beedd6a5f2cd61a08ef37682841102d3b9d86a1ab602640baf4e,TKR,0.8048103607770583,0.9856614246068455,0.6351804668857888,0.8287081339712918,0.6318487063189209,0.900287631831256,0.5322198630725239,0.6132437619961613,0.4655505729945192,0.6251851851851852,0.8048103607770583,0.23333333333333325,The Timken Company,Industrials,Tools & Accessories,10098942976,145.32000732421875,105.0,16.0,2026-06-30,none,NOT_SELECTED,,
2026-07-01T053352Z,2026-07-01T05:33:52.980988+00:00,2026-07-01T07:21:20.090043+00:00,2026-06-30,data/prospective/daily_qvp/snapshots/2026-07-01T053352Z/raw,1081,1043,144e01281e848a2a4c711cb0058eddc75099bb40,d3881a1328862a39dc4af32e15c4826237a09adca2da7038eafb5659ddb68bb4,8bda06ce0251beedd6a5f2cd61a08ef37682841102d3b9d86a1ab602640baf4e,CMCSA,0.3438945420906568,0.23404255319148937,0.46946580828833484,0.40095693779904307,0.6318177852357014,0.8993288590604027,0.5266411167045538,0.5873320537428023,0.5950370744860128,0.9565217391304347,0.3438945420906568,0.21111111111111105,Comcast Corporation,Communication Services,Telecom Services,87698210816,24.549999237060547,106.0,829.0,2026-06-30,none,NOT_SELECTED,,
2026-07-01T053352Z,2026-07-01T05:33:52.980988+00:00,2026-07-01T07:21:20.090043+00:00,2026-06-30,data/prospective/daily_qvp/snapshots/2026-07-01T053352Z/raw,1081,1043,144e01281e848a2a4c711cb0058eddc75099bb40,d3881a1328862a39dc4af32e15c4826237a09adca2da7038eafb5659ddb68bb4,8bda06ce0251beedd6a5f2cd61a08ef37682841102d3b9d86a1ab602640baf4e,CENTA,0.6265032377428308,0.7012025901942646,0.5310546491744457,0.5885167464114832,0.6318142105607416,0.8983700862895494,0.6045424761023743,0.8896353166986565,0.4356060606060606,0.8333333333333334,0.6265032377428308,0.5227272727272727,Central Garden & Pet Company,Consumer Defensive,Packaged Foods,2425869056,38.77000045776367,107.0,324.0,2026-06-30,none,NOT_SELECTED,,
2026-07-01T053352Z,2026-07-01T05:33:52.980988+00:00,2026-07-01T07:21:20.090043+00:00,2026-06-30,data/prospective/daily_qvp/snapshots/2026-07-01T053352Z/raw,1081,1043,144e01281e848a2a4c711cb0058eddc75099bb40,d3881a1328862a39dc4af32e15c4826237a09adca2da7038eafb5659ddb68bb4,8bda06ce0251beedd6a5f2cd61a08ef37682841102d3b9d86a1ab602640baf4e,GD,0.5753931544865865,0.599444958371878,0.5773901497395563,0.7014354066985646,0.6313465195794572,0.8974113135186961,0.6290654452401485,0.9347408829174664,0.5793871449925261,0.7392592592592592,0.5753931544865865,0.6222222222222222,General Dynamics Corporation,Industrials,Aerospace & Defense,95797182464,354.239990234375,108.0,433.0,2026-06-30,none,NOT_SELECTED,,
2026-07-01T053352Z,2026-07-01T05:33:52.980988+00:00,2026-07-01T07:21:20.090043+00:00,2026-06-30,data/prospective/daily_qvp/snapshots/2026-07-01T053352Z/raw,1081,1043,144e01281e848a2a4c711cb0058eddc75099bb40,d3881a1328862a39dc4af32e15c4826237a09adca2da7038eafb5659ddb68bb4,8bda06ce0251beedd6a5f2cd61a08ef37682841102d3b9d86a1ab602640baf4e,VMI,0.7631822386679001,0.9481961147086031,0.7225328233698245,0.9511961722488038,0.631318178542846,0.8964525407478428,0.5584886339071344,0.738003838771593,0.6818834080717489,0.4488888888888889,0.7631822386679001,0.33999999999999997,"Valmont Industries, Inc.",Industrials,Conglomerates,11213325312,577.5999755859375,109.0,57.0,2026-06-30,none,NOT_SELECTED,,
2026-07-01T053352Z,2026-07-01T05:33:52.980988+00:00,2026-07-01T07:21:20.090043+00:00,2026-06-30,data/prospective/daily_qvp/snapshots/2026-07-01T053352Z/raw,1081,1043,144e01281e848a2a4c711cb0058eddc75099bb40,d3881a1328862a39dc4af32e15c4826237a09adca2da7038eafb5659ddb68bb4,8bda06ce0251beedd6a5f2cd61a08ef37682841102d3b9d86a1ab602640baf4e,WOR,0.45189639222941713,0.3774283071230342,0.5598445588451519,0.6564593301435406,0.6310074836745457,0.8954937679769894,0.594922279422576,0.8579654510556622,0.6677927254608869,0.7733333333333333,0.45189639222941713,0.4866666666666666,"Worthington Enterprises, Inc.",Industrials,Metal Fabrication,2663624192,53.7599983215332,110.0,674.0,2026-06-30,none,NOT_SELECTED,,
2026-07-01T053352Z,2026-07-01T05:33:52.980988+00:00,2026-07-01T07:21:20.090043+00:00,2026-06-30,data/prospective/daily_qvp/snapshots/2026-07-01T053352Z/raw,1081,1043,144e01281e848a2a4c711cb0058eddc75099bb40,d3881a1328862a39dc4af32e15c4826237a09adca2da7038eafb5659ddb68bb4,8bda06ce0251beedd6a5f2cd61a08ef37682841102d3b9d86a1ab602640baf4e,SNX,0.8570767807585569,1.0,0.5835735515676476,0.7186602870813397,0.6306911189408703,0.8945349952061361,0.5471333834534402,0.6871401151631478,0.31007032237673826,0.7249262536873156,0.8570767807585569,0.2964601769911504,TD SYNNEX Corporation,Technology,Electronics & Computer Distribution,21210488832,267.3399963378906,111.0,1.0,2026-06-30,none,NOT_SELECTED,,
2026-07-01T053352Z,2026-07-01T05:33:52.980988+00:00,2026-07-01T07:21:20.090043+00:00,2026-06-30,data/prospective/daily_qvp/snapshots/2026-07-01T053352Z/raw,1081,1043,144e01281e848a2a4c711cb0058eddc75099bb40,d3881a1328862a39dc4af32e15c4826237a09adca2da7038eafb5659ddb68bb4,8bda06ce0251beedd6a5f2cd61a08ef37682841102d3b9d86a1ab602640baf4e,HPE,0.7710453283996299,0.9629972247918593,0.5264192745032283,0.5779904306220096,0.6306905291181798,0.8935762224352828,0.5504515251572188,0.7044145873320538,0.28179322060682677,0.8392330383480826,0.7710453283996299,0.30973451327433627,Hewlett Packard Enterprise Company,Technology,Communication Equipment,59734822912,45.11000061035156,112.0,41.0,2026-06-30,none,NOT_SELECTED,,
2026-07-01T053352Z,2026-07-01T05:33:52.980988+00:00,2026-07-01T07:21:20.090043+00:00,2026-06-30,data/prospective/daily_qvp/snapshots/2026-07-01T053352Z/raw,1081,1043,144e01281e848a2a4c711cb0058eddc75099bb40,d3881a1328862a39dc4af32e15c4826237a09adca2da7038eafb5659ddb68bb4,8bda06ce0251beedd6a5f2cd61a08ef37682841102d3b9d86a1ab602640baf4e,WHD,0.553422756706753,0.5467160037002775,0.7060592044403331,0.9368421052631579,0.6296697722202023,0.8926174496644296,0.5483392856868908,0.690978886756238,0.8586956521739131,0.47689090777994086,0.553422756706753,0.30434782608695654,"Cactus, Inc.",Energy,Oil & Gas Equipment & Services,3556306176,51.22999954223633,113.0,491.0,2026-06-30,none,NOT_SELECTED,,
2026-07-01T053352Z,2026-07-01T05:33:52.980988+00:00,2026-07-01T07:21:20.090043+00:00,2026-06-30,data/prospective/daily_qvp/snapshots/2026-07-01T053352Z/raw,1081,1043,144e01281e848a2a4c711cb0058eddc75099bb40,d3881a1328862a39dc4af32e15c4826237a09adca2da7038eafb5659ddb68bb4,8bda06ce0251beedd6a5f2cd61a08ef37682841102d3b9d86a1ab602640baf4e,QCOM,0.6038390379278445,0.654486586493987,0.6568598634645544,0.8727272727272727,0.6296469886223872,0.8916586768935763,0.6016600202278524,0.8752399232245681,0.7098806890012641,0.575221238938053,0.6038390379278445,0.5176991150442478,QUALCOMM Incorporated,Technology,Semiconductors,194768650240,184.7899932861328,114.0,374.0,2026-06-30,none,NOT_SELECTED,,
2026-07-01T053352Z,2026-07-01T05:33:52.980988+00:00,2026-07-01T07:21:20.090043+00:00,2026-06-30,data/prospective/daily_qvp/snapshots/2026-07-01T053352Z/raw,1081,1043,144e01281e848a2a4c711cb0058eddc75099bb40,d3881a1328862a39dc4af32e15c4826237a09adca2da7038eafb5659ddb68bb4,8bda06ce0251beedd6a5f2cd61a08ef37682841102d3b9d86a1ab602640baf4e,CHRD,0.6147086031452359,0.6790009250693803,0.5356151711378354,0.6066985645933014,0.629302608143372,0.8906999041227229,0.5027740575568043,0.472168905950096,0.4565217391304348,0.8166774821544451,0.6147086031452359,0.1231884057971014,Chord Energy Corporation,Energy,Oil & Gas E&P,6434996736,114.3000030517578,115.0,348.0,2026-06-30,none,NOT_SELECTED,,
2026-07-01T053352Z,2026-07-01T05:33:52.980988+00:00,2026-07-01T07:21:20.090043+00:00,2026-06-30,data/prospective/daily_qvp/snapshots/2026-07-01T053352Z/raw,1081,1043,144e01281e848a2a4c711cb0058eddc75099bb40,d3881a1328862a39dc4af32e15c4826237a09adca2da7038eafb5659ddb68bb4,8bda06ce0251beedd6a5f2cd61a08ef37682841102d3b9d86a1ab602640baf4e,WTS,0.7009713228492137,0.8288621646623496,0.7753909927649159,0.9904306220095693,0.6290260939420427,0.8897411313518696,0.6573251260120875,0.9673704414587332,0.8498106626806179,0.33629629629629626,0.7009713228492137,0.7422222222222222,"Watts Water Technologies, Inc.",Industrials,Specialty Industrial Machinery,13070864384,391.4500122070313,116.0,186.0,2026-06-30,none,NOT_SELECTED,,
2026-07-01T053352Z,2026-07-01T05:33:52.980988+00:00,2026-07-01T07:21:20.090043+00:00,2026-06-30,data/prospective/daily_qvp/snapshots/2026-07-01T053352Z/raw,1081,1043,144e01281e848a2a4c711cb0058eddc75099bb40,d3881a1328862a39dc4af32e15c4826237a09adca2da7038eafb5659ddb68bb4,8bda06ce0251beedd6a5f2cd61a08ef37682841102d3b9d86a1ab602640baf4e,QRVO,0.5735430157261794,0.5966697502312673,0.5222527025533552,0.5588516746411484,0.6288960986540558,0.8887823585810163,0.5828446403622233,0.8262955854126679,0.4709623893805309,0.8421828908554573,0.5735430157261794,0.44469026548672563,"Qorvo, Inc.",Technology,Semiconductors,8228093440,93.2699966430664,117.0,437.0,2026-06-30,none,NOT_SELECTED,,
2026-07-01T053352Z,2026-07-01T05:33:52.980988+00:00,2026-07-01T07:21:20.090043+00:00,2026-06-30,data/prospective/daily_qvp/snapshots/2026-07-01T053352Z/raw,1081,1043,144e01281e848a2a4c711cb0058eddc75099bb40,d3881a1328862a39dc4af32e15c4826237a09adca2da7038eafb5659ddb68bb4,8bda06ce0251beedd6a5f2cd61a08ef37682841102d3b9d86a1ab602640baf4e,KRYS,0.748149861239593,0.9167437557816837,0.7925104624046677,0.9942583732057416,0.6284093213822698,0.887823585810163,0.6602154417409277,0.9692898272552783,0.8368710635697425,0.3002070393374741,0.748149861239593,0.7556338028169014,"Krystal Biotech, Inc.",Healthcare,Biotechnology,10956741632,371.6700134277344,118.0,91.0,2026-06-30,none,NOT_SELECTED,,
2026-07-01T053352Z,2026-07-01T05:33:52.980988+00:00,2026-07-01T07:21:20.090043+00:00,2026-06-30,data/prospective/daily_qvp/snapshots/2026-07-01T053352Z/raw,1081,1043,144e01281e848a2a4c711cb0058eddc75099bb40,d3881a1328862a39dc4af32e15c4826237a09adca2da7038eafb5659ddb68bb4,8bda06ce0251beedd6a5f2cd61a08ef37682841102d3b9d86a1ab602640baf4e,DBD,0.6676688251618871,0.7784458834412581,0.5046723550588197,0.5119617224880383,0.6279919928514058,0.8868648130393096,0.5478745256120057,0.6890595009596929,0.3416758849557522,0.8746312684365782,0.6676688251618871,0.3075221238938053,"Diebold Nixdorf, Incorporated",Technology,Software - Application,2944105728,85.0199966430664,119.0,240.0,2026-06-30,none,NOT_SELECTED,,
2026-07-01T053352Z,2026-07-01T05:33:52.980988+00:00,2026-07-01T07:21:20.090043+00:00,2026-06-30,data/prospective/daily_qvp/snapshots/2026-07-01T053352Z/raw,1081,1043,144e01281e848a2a4c711cb0058eddc75099bb40,d3881a1328862a39dc4af32e15c4826237a09adca2da7038eafb5659ddb68bb4,8bda06ce0251beedd6a5f2cd61a08ef37682841102d3b9d86a1ab602640baf4e,FSLR,0.5074005550416282,0.4569842738205365,0.584230263298311,0.7205741626794259,0.6274416111270943,0.8859060402684564,0.5800944826816039,0.8195777351247601,0.6610599715549936,0.7138643067846608,0.5074005550416282,0.43805309734513276,"First Solar, Inc.",Technology,Solar,25354694656,235.9600067138672,120.0,588.0,2026-06-30,none,NOT_SELECTED,,
2026-07-01T053352Z,2026-07-01T05:33:52.980988+00:00,2026-07-01T07:21:20.090043+00:00,2026-06-30,data/prospective/daily_qvp/snapshots/2026-07-01T053352Z/raw,1081,1043,144e01281e848a2a4c711cb0058eddc75099bb40,d3881a1328862a39dc4af32e15c4826237a09adca2da7038eafb5659ddb68bb4,8bda06ce0251beedd6a5f2cd61a08ef37682841102d3b9d86a1ab602640baf4e,PHM,0.4993061979648474,0.4431082331174838,0.6007353218123841,0.7607655502392344,0.6272876001625044,0.8849472674976031,0.4927871286933068,0.43761996161228406,0.7021644456599208,0.680392156862745,0.4993061979648474,0.08928571428571425,"PulteGroup, Inc.",Consumer Cyclical,Residential Construction,26136633344,137.2100067138672,121.0,603.0,2026-06-30,none,NOT_SELECTED,,
2026-07-01T053352Z,2026-07-01T05:33:52.980988+00:00,2026-07-01T07:21:20.090043+00:00,2026-06-30,data/prospective/daily_qvp/snapshots/2026-07-01T053352Z/raw,1081,1043,144e01281e848a2a4c711cb0058eddc75099bb40,d3881a1328862a39dc4af32e15c4826237a09adca2da7038eafb5659ddb68bb4,8bda06ce0251beedd6a5f2cd61a08ef37682841102d3b9d86a1ab602640baf4e,OPLN,0.7435245143385754,0.906567992599445,0.6667862800920663,0.8918660287081339,0.6268771279045148,0.8839884947267498,0.6658423697379099,0.9750479846449136,0.5900480458455571,0.5470588235294117,0.7435245143385754,0.7827380952380952,"OPENLANE, Inc.",Consumer Cyclical,Auto & Truck Dealerships,4369217536,41.2400016784668,122.0,102.0,2026-06-30,none,NOT_SELECTED,,
2026-07-01T053352Z,2026-07-01T05:33:52.980988+00:00,2026-07-01T07:21:20.090043+00:00,2026-06-30,data/prospective/daily_qvp/snapshots/2026-07-01T053352Z/raw,1081,1043,144e01281e848a2a4c711cb0058eddc75099bb40,d3881a1328862a39dc4af32e15c4826237a09adca2da7038eafb5659ddb68bb4,8bda06ce0251beedd6a5f2cd61a08ef37682841102d3b9d86a1ab602640baf4e,TPC,0.5256706753006475,0.4939870490286771,0.5097112718805181,0.5320574162679426,0.625486526932691,0.8830297219558965,0.7052260063106293,0.9884836852207294,0.49375186846038865,0.857037037037037,0.5256706753006475,0.9444444444444444,Tutor Perini Corporation,Industrials,Engineering & Construction,4380106752,82.97000122070312,123.0,548.0,2026-06-30,none,NOT_SELECTED,,
2026-07-01T053352Z,2026-07-01T05:33:52.980988+00:00,2026-07-01T07:21:20.090043+00:00,2026-06-30,data/prospective/daily_qvp/snapshots/2026-07-01T053352Z/raw,1081,1043,144e01281e848a2a4c711cb0058eddc75099bb40,d3881a1328862a39dc4af32e15c4826237a09adca2da7038eafb5659ddb68bb4,8bda06ce0251beedd6a5f2cd61a08ef37682841102d3b9d86a1ab602640baf4e,BKE,0.38159111933395007,0.2858464384828862,0.6082155454127527,0.7751196172248804,0.6244312786411815,0.8820709491850431,0.6260615542189814,0.9299424184261037,0.8348399714915552,0.6568627450980392,0.38159111933395007,0.6309523809523809,"The Buckle, Inc.",Consumer Cyclical,Apparel Retail,2174063360,42.20000076293945,124.0,773.0,2026-06-30,none,NOT_SELECTED,,
2026-07-01T053352Z,2026-07-01T05:33:52.980988+00:00,2026-07-01T07:21:20.090043+00:00,2026-06-30,data/prospective/daily_qvp/snapshots/2026-07-01T053352Z/raw,1081,1043,144e01281e848a2a4c711cb0058eddc75099bb40,d3881a1328862a39dc4af32e15c4826237a09adca2da7038eafb5659ddb68bb4,8bda06ce0251beedd6a5f2cd61a08ef37682841102d3b9d86a1ab602640baf4e,EME,0.6454671600370027,0.7345050878815911,0.703665318932303,0.9330143540669856,0.6236781138561033,0.8811121764141898,0.6305363631698553,0.9376199616122841,0.7618634778276034,0.46370370370370373,0.6454671600370027,0.6511111111111112,"EMCOR Group, Inc.",Industrials,Engineering & Construction,36956688384,829.8800048828125,125.0,288.0,2026-06-30,none,NOT_SELECTED,,
2026-07-01T053352Z,2026-07-01T05:33:52.980988+00:00,2026-07-01T07:21:20.090043+00:00,2026-06-30,data/prospective/daily_qvp/snapshots/2026-07-01T053352Z/raw,1081,1043,144e01281e848a2a4c711cb0058eddc75099bb40,d3881a1328862a39dc4af32e15c4826237a09adca2da7038eafb5659ddb68bb4,8bda06ce0251beedd6a5f2cd61a08ef37682841102d3b9d86a1ab602640baf4e,ARCB,0.7331174838112858,0.8839037927844589,0.5327993996036997,0.5942583732057416,0.6228539207234541,0.8801534036433365,0.505473773875924,0.4836852207293666,0.3324813153961136,0.802962962962963,0.7331174838112858,0.15333333333333332,ArcBest Corporation,Industrials,Trucking,3195742720,143.5399932861328,126.0,126.0,2026-06-30,none,NOT_SELECTED,,
2026-07-01T053352Z,2026-07-01T05:33:52.980988+00:00,2026-07-01T07:21:20.090043+00:00,2026-06-30,data/prospective/daily_qvp/snapshots/2026-07-01T053352Z/raw,1081,1043,144e01281e848a2a4c711cb0058eddc75099bb40,d3881a1328862a39dc4af32e15c4826237a09adca2da7038eafb5659ddb68bb4,8bda06ce0251beedd6a5f2cd61a08ef37682841102d3b9d86a1ab602640baf4e,SPHR,0.7580943570767806,0.9352451433857539,0.6580214510920359,0.8755980861244019,0.6222558466217437,0.8791946308724832,0.6861363294107523,0.982725527831094,0.5579485451072912,0.5507246376811595,0.7580943570767806,0.8777777777777778,Sphere Entertainment Co.,Communication Services,Entertainment,6193124864,173.02999877929688,127.0,71.0,2026-06-30,none,NOT_SELECTED,,
2026-07-01T053352Z,2026-07-01T05:33:52.980988+00:00,2026-07-01T07:21:20.090043+00:00,2026-06-30,data/prospective/daily_qvp/snapshots/2026-07-01T053352Z/raw,1081,1043,144e01281e848a2a4c711cb0058eddc75099bb40,d3881a1328862a39dc4af32e15c4826237a09adca2da7038eafb5659ddb68bb4,8bda06ce0251beedd6a5f2cd61a08ef37682841102d3b9d86a1ab602640baf4e,AU,0.45790934320074006,0.3894542090656799,0.6929377224478277,0.9253588516746412,0.6220338111987401,0.87823585810163,0.7069914600939704,0.989443378119002,0.9279661016949153,0.48022598870056493,0.45790934320074006,0.961864406779661,AngloGold Ashanti plc,Basic Materials,Gold,40899936256,80.88999938964844,128.0,661.0,2026-06-30,none,NOT_SELECTED,,
2026-07-01T053352Z,2026-07-01T05:33:52.980988+00:00,2026-07-01T07:21:20.090043+00:00,2026-06-30,data/prospective/daily_qvp/snapshots/2026-07-01T053352Z/raw,1081,1043,144e01281e848a2a4c711cb0058eddc75099bb40,d3881a1328862a39dc4af32e15c4826237a09adca2da7038eafb5659ddb68bb4,8bda06ce0251beedd6a5f2cd61a08ef37682841102d3b9d86a1ab602640baf4e,PBI,0.7571692876965772,0.9315448658649399,0.6564159841572074,0.8708133971291866,0.6218081869690024,0.8772770853307766,0.5913561402267518,0.8493282149712092,0.5556626806178375,0.5525925925925926,0.7571692876965772,0.49999999999999994,Pitney Bowes Inc.,Industrials,Integrated Freight & Logistics,2372933888,17.520000457763672,129.0,75.0,2026-06-30,none,NOT_SELECTED,,
2026-07-01T053352Z,2026-07-01T05:33:52.980988+00:00,2026-07-01T07:21:20.090043+00:00,2026-06-30,data/prospective/daily_qvp/snapshots/2026-07-01T053352Z/raw,1081,1043,144e01281e848a2a4c711cb0058eddc75099bb40,d3881a1328862a39dc4af32e15c4826237a09adca2da7038eafb5659ddb68bb4,8bda06ce0251beedd6a5f2cd61a08ef37682841102d3b9d86a1ab602640baf4e,GRBK,0.5254394079555966,0.4925994449583719,0.6130318776638408,0.7894736842105263,0.6211062190961553,0.8763183125599233,0.5037760928935451,0.4779270633397313,0.7006243473720849,0.6372549019607844,0.5254394079555966,0.15178571428571425,"Green Brick Partners, Inc.",Consumer Cyclical,Residential Construction,3453289984,80.04000091552734,130.0,549.0,2026-06-30,none,NOT_SELECTED,,
2026-07-01T053352Z,2026-07-01T05:33:52.980988+00:00,2026-07-01T07:21:20.090043+00:00,2026-06-30,data/prospective/daily_qvp/snapshots/2026-07-01T053352Z/raw,1081,1043,144e01281e848a2a4c711cb0058eddc75099bb40,d3881a1328862a39dc4af32e15c4826237a09adca2da7038eafb5659ddb68bb4,8bda06ce0251beedd6a5f2cd61a08ef37682841102d3b9d86a1ab602640baf4e,TMHC,0.4525901942645698,0.3811285846438483,0.5005569542419926,0.5014354066985646,0.6206327407364919,0.87535953978907,0.5331828888857022,0.6238003838771593,0.5485237142194155,0.8607843137254901,0.4525901942645698,0.27083333333333326,Taylor Morrison Home Corporation,Consumer Cyclical,Residential Construction,6600076288,71.73999786376953,131.0,670.0,2026-06-30,none,NOT_SELECTED,,
2026-07-01T053352Z,2026-07-01T05:33:52.980988+00:00,2026-07-01T07:21:20.090043+00:00,2026-06-30,data/prospective/daily_qvp/snapshots/2026-07-01T053352Z/raw,1081,1043,144e01281e848a2a4c711cb0058eddc75099bb40,d3881a1328862a39dc4af32e15c4826237a09adca2da7038eafb5659ddb68bb4,8bda06ce0251beedd6a5f2cd61a08ef37682841102d3b9d86a1ab602640baf4e,NDSN,0.7236355226641998,0.866327474560592,0.7136961868428124,0.9444976076555024,0.6199949887594057,0.8744007670182167,0.606662908236221,0.8934740882917467,0.703756851021425,0.4325925925925926,0.7236355226641998,0.5666666666666667,Nordson Corporation,Industrials,Specialty Industrial Machinery,16809547776,301.69000244140625,132.0,146.0,2026-06-30,none,NOT_SELECTED,,
2026-07-01T053352Z,2026-07-01T05:33:52.980988+00:00,2026-07-01T07:21:20.090043+00:00,2026-06-30,data/prospective/daily_qvp/snapshots/2026-07-01T053352Z/raw,1081,1043,144e01281e848a2a4c711cb0058eddc75099bb40,d3881a1328862a39dc4af32e15c4826237a09adca2da7038eafb5659ddb68bb4,8bda06ce0251beedd6a5f2cd61a08ef37682841102d3b9d86a1ab602640baf4e,WFRD,0.5781683626271971,0.6077705827937095,0.6314754856614246,0.8248803827751197,0.6199886322319945,0.8734419942473634,0.5247740828696481,0.5748560460652591,0.6847826086956521,0.5970149253731344,0.5781683626271971,0.2391304347826087,Weatherford International plc,Energy,Oil & Gas Equipment & Services,5861914112,81.5,133.0,425.0,2026-06-30,none,NOT_SELECTED,,
2026-07-01T053352Z,2026-07-01T05:33:52.980988+00:00,2026-07-01T07:21:20.090043+00:00,2026-06-30,data/prospective/daily_qvp/snapshots/2026-07-01T053352Z/raw,1081,1043,144e01281e848a2a4c711cb0058eddc75099bb40,d3881a1328862a39dc4af32e15c4826237a09adca2da7038eafb5659ddb68bb4,8bda06ce0251beedd6a5f2cd61a08ef37682841102d3b9d86a1ab602640baf4e,FELE,0.5367715078630897,0.5180388529139686,0.621569610433787,0.8076555023923445,0.6198118390546234,0.87248322147651,0.6037477681798564,0.8867562380038387,0.7063677130044843,0.6162962962962962,0.5367715078630897,0.5555555555555556,"Franklin Electric Co., Inc.",Industrials,Specialty Industrial Machinery,4735893504,107.19000244140624,134.0,522.0,2026-06-30,none,NOT_SELECTED,,
2026-07-01T053352Z,2026-07-01T05:33:52.980988+00:00,2026-07-01T07:21:20.090043+00:00,2026-06-30,data/prospective/daily_qvp/snapshots/2026-07-01T053352Z/raw,1081,1043,144e01281e848a2a4c711cb0058eddc75099bb40,d3881a1328862a39dc4af32e15c4826237a09adca2da7038eafb5659ddb68bb4,8bda06ce0251beedd6a5f2cd61a08ef37682841102d3b9d86a1ab602640baf4e,DAN,0.6082331174838113,0.6688251618871416,0.5432615954548157,0.6210526315789474,0.6196907368391581,0.8715244487056567,0.5957204335817496,0.8589251439539347,0.4782900734258201,0.7725490196078432,0.6082331174838113,0.5238095238095238,Dana Incorporated,Consumer Cyclical,Auto Parts,2927107584,27.209999084472656,135.0,359.0,2026-06-30,none,NOT_SELECTED,,
2026-07-01T053352Z,2026-07-01T05:33:52.980988+00:00,2026-07-01T07:21:20.090043+00:00,2026-06-30,data/prospective/daily_qvp/snapshots/2026-07-01T053352Z/raw,1081,1043,144e01281e848a2a4c711cb0058eddc75099bb40,d3881a1328862a39dc4af32e15c4826237a09adca2da7038eafb5659ddb68bb4,8bda06ce0251beedd6a5f2cd61a08ef37682841102d3b9d86a1ab602640baf4e,UFPI,0.3596207215541165,0.25254394079555964,0.5251493438279058,0.5732057416267943,0.6194027640585285,0.8705656759348035,0.5238741069422015,0.5719769673704415,0.690677966101695,0.8079096045197739,0.3596207215541165,0.23728813559322035,"UFP Industries, Inc.",Basic Materials,Lumber & Wood Production,5125016064,90.73999786376952,136.0,809.0,2026-06-30,none,NOT_SELECTED,,
2026-07-01T053352Z,2026-07-01T05:33:52.980988+00:00,2026-07-01T07:21:20.090043+00:00,2026-06-30,data/prospective/daily_qvp/snapshots/2026-07-01T053352Z/raw,1081,1043,144e01281e848a2a4c711cb0058eddc75099bb40,d3881a1328862a39dc4af32e15c4826237a09adca2da7038eafb5659ddb68bb4,8bda06ce0251beedd6a5f2cd61a08ef37682841102d3b9d86a1ab602640baf4e,TDW,0.5432469935245143,0.5272895467160037,0.64300030835646,0.845933014354067,0.6170967037563748,0.8696069031639502,0.5787645568027884,0.809021113243762,0.7427536231884058,0.5652894945562045,0.5432469935245143,0.463768115942029,Tidewater Inc.,Energy,Oil & Gas Equipment & Services,3313553152,66.62999725341797,137.0,512.0,2026-06-30,none,NOT_SELECTED,,
2026-07-01T053352Z,2026-07-01T05:33:52.980988+00:00,2026-07-01T07:21:20.090043+00:00,2026-06-30,data/prospective/daily_qvp/snapshots/2026-07-01T053352Z/raw,1081,1043,144e01281e848a2a4c711cb0058eddc75099bb40,d3881a1328862a39dc4af32e15c4826237a09adca2da7038eafb5659ddb68bb4,8bda06ce0251beedd6a5f2cd61a08ef37682841102d3b9d86a1ab602640baf4e,CART,0.3744218316373728,0.2738205365402405,0.6584383121026438,0.876555023923445,0.6167366525128737,0.8686481303930969,0.5972251084322743,0.8656429942418427,0.9424547925679148,0.5333333333333333,0.3744218316373728,0.5386904761904762,Maplebear Inc.,Consumer Cyclical,Internet Retail,11128660992,47.349998474121094,138.0,786.0,2026-06-30,none,NOT_SELECTED,,
2026-07-01T053352Z,2026-07-01T05:33:52.980988+00:00,2026-07-01T07:21:20.090043+00:00,2026-06-30,data/prospective/daily_qvp/snapshots/2026-07-01T053352Z/raw,1081,1043,144e01281e848a2a4c711cb0058eddc75099bb40,d3881a1328862a39dc4af32e15c4826237a09adca2da7038eafb5659ddb68bb4,8bda06ce0251beedd6a5f2cd61a08ef37682841102d3b9d86a1ab602640baf4e,REGN,0.37118408880666043,0.26734505087881594,0.5678109342096999,0.676555023923445,0.6159457297767909,0.8676893576222435,0.4950639597900968,0.44337811900191937,0.7644377796127393,0.712215320910973,0.37118408880666043,0.13241864983001456,"Regeneron Pharmaceuticals, Inc.",Healthcare,Biotechnology,65371328512,623.5399780273438,139.0,793.0,2026-06-30,none,NOT_SELECTED,,
2026-07-01T053352Z,2026-07-01T05:33:52.980988+00:00,2026-07-01T07:21:20.090043+00:00,2026-06-30,data/prospective/daily_qvp/snapshots/2026-07-01T053352Z/raw,1081,1043,144e01281e848a2a4c711cb0058eddc75099bb40,d3881a1328862a39dc4af32e15c4826237a09adca2da7038eafb5659ddb68bb4,8bda06ce0251beedd6a5f2cd61a08ef37682841102d3b9d86a1ab602640baf4e,ADEA,0.7014338575393154,0.8307123034227567,0.7038103232070787,0.9339712918660287,0.6142412970839718,0.8667305848513902,0.6481809728129788,0.9529750479846449,0.7061867888748419,0.4351032448377581,0.7014338575393154,0.75,Adeia Inc.,Technology,Software - Application,3631973376,32.93000030517578,140.0,184.0,2026-06-30,none,NOT_SELECTED,,
2026-07-01T053352Z,2026-07-01T05:33:52.980988+00:00,2026-07-01T07:21:20.090043+00:00,2026-06-30,data/prospective/daily_qvp/snapshots/2026-07-01T053352Z/raw,1081,1043,144e01281e848a2a4c711cb0058eddc75099bb40,d3881a1328862a39dc4af32e15c4826237a09adca2da7038eafb5659ddb68bb4,8bda06ce0251beedd6a5f2cd61a08ef37682841102d3b9d86a1ab602640baf4e,EA,0.5753931544865865,0.599444958371878,0.7068840280915125,0.938755980861244,0.6137680960223609,0.8657718120805369,0.5131038497945485,0.5163147792706334,0.8383749016964386,0.4275362318840579,0.5753931544865865,0.21111111111111105,Electronic Arts Inc.,Communication Services,Electronic Gaming & Multimedia,51414081536,205.0399932861328,141.0,434.0,2026-06-30,none,NOT_SELECTED,,
2026-07-01T053352Z,2026-07-01T05:33:52.980988+00:00,2026-07-01T07:21:20.090043+00:00,2026-06-30,data/prospective/daily_qvp/snapshots/2026-07-01T053352Z/raw,1081,1043,144e01281e848a2a4c711cb0058eddc75099bb40,d3881a1328862a39dc4af32e15c4826237a09adca2da7038eafb5659ddb68bb4,8bda06ce0251beedd6a5f2cd61a08ef37682841102d3b9d86a1ab602640baf4e,SNDR,0.6882516188714154,0.8122109158186864,0.5247660685288815,0.570334928229665,0.6135477493896248,0.8648130393096836,0.590716367597774,0.8464491362763915,0.36128051818634777,0.791111111111111,0.6882516188714154,0.5222222222222221,"Schneider National, Inc.",Industrials,Trucking,6397290496,36.529998779296875,142.0,204.0,2026-06-30,none,NOT_SELECTED,,
2026-07-01T053352Z,2026-07-01T05:33:52.980988+00:00,2026-07-01T07:21:20.090043+00:00,2026-06-30,data/prospective/daily_qvp/snapshots/2026-07-01T053352Z/raw,1081,1043,144e01281e848a2a4c711cb0058eddc75099bb40,d3881a1328862a39dc4af32e15c4826237a09adca2da7038eafb5659ddb68bb4,8bda06ce0251beedd6a5f2cd61a08ef37682841102d3b9d86a1ab602640baf4e,VC,0.505781683626272,0.4551341350601295,0.49533035460049946,0.4842105263157895,0.6132267723480455,0.8638542665388304,0.5573903173562721,0.7332053742802304,0.48487902557472695,0.8490196078431372,0.505781683626272,0.3898809523809524,Visteon Corporation,Consumer Cyclical,Auto Parts,2648313600,99.20999908447266,143.0,590.0,2026-06-30,none,NOT_SELECTED,,
2026-07-01T053352Z,2026-07-01T05:33:52.980988+00:00,2026-07-01T07:21:20.090043+00:00,2026-06-30,data/prospective/daily_qvp/snapshots/2026-07-01T053352Z/raw,1081,1043,144e01281e848a2a4c711cb0058eddc75099bb40,d3881a1328862a39dc4af32e15c4826237a09adca2da7038eafb5659ddb68bb4,8bda06ce0251beedd6a5f2cd61a08ef37682841102d3b9d86a1ab602640baf4e,PFE,0.540009250693802,0.5217391304347826,0.5160550016262666,0.5492822966507177,0.6131878064672005,0.862895493767977,0.5556230063802692,0.7264875239923224,0.4921007525587311,0.8074534161490684,0.540009250693802,0.38292860611947543,Pfizer Inc.,Healthcare,Drug Manufacturers - General,137242615808,24.079999923706055,144.0,518.0,2026-06-30,none,NOT_SELECTED,,
2026-07-01T053352Z,2026-07-01T05:33:52.980988+00:00,2026-07-01T07:21:20.090043+00:00,2026-06-30,data/prospective/daily_qvp/snapshots/2026-07-01T053352Z/raw,1081,1043,144e01281e848a2a4c711cb0058eddc75099bb40,d3881a1328862a39dc4af32e15c4826237a09adca2da7038eafb5659ddb68bb4,8bda06ce0251beedd6a5f2cd61a08ef37682841102d3b9d86a1ab602640baf4e,ROST,0.7472247918593894,0.9158186864014801,0.753064561411272,0.9789473684210527,0.6131541520519591,0.8619367209971237,0.6019787092770645,0.8781190019193857,0.7589043309631546,0.3333333333333333,0.7472247918593894,0.5684523809523809,"Ross Stores, Inc.",Consumer Cyclical,Apparel Retail,68278255616,212.8500061035156,145.0,92.0,2026-06-30,none,NOT_SELECTED,,
2026-07-01T053352Z,2026-07-01T05:33:52.980988+00:00,2026-07-01T07:21:20.090043+00:00,2026-06-30,data/prospective/daily_qvp/snapshots/2026-07-01T053352Z/raw,1081,1043,144e01281e848a2a4c711cb0058eddc75099bb40,d3881a1328862a39dc4af32e15c4826237a09adca2da7038eafb5659ddb68bb4,8bda06ce0251beedd6a5f2cd61a08ef37682841102d3b9d86a1ab602640baf4e,BMRN,0.4248381128584644,0.3385753931544866,0.5292156222074392,0.584688995215311,0.6129898488974371,0.8609779482262704,0.5391984332976529,0.6525911708253359,0.6335931315564141,0.7805383022774327,0.4248381128584644,0.31782418649830013,BioMarin Pharmaceutical Inc.,Healthcare,Biotechnology,11059735552,57.220001220703125,146.0,716.0,2026-06-30,none,NOT_SELECTED,,
2026-07-01T053352Z,2026-07-01T05:33:52.980988+00:00,2026-07-01T07:21:20.090043+00:00,2026-06-30,data/prospective/daily_qvp/snapshots/2026-07-01T053352Z/raw,1081,1043,144e01281e848a2a4c711cb0058eddc75099bb40,d3881a1328862a39dc4af32e15c4826237a09adca2da7038eafb5659ddb68bb4,8bda06ce0251beedd6a5f2cd61a08ef37682841102d3b9d86a1ab602640baf4e,UNH,0.6043015726179464,0.6577243293246994,0.5448074528843407,0.6239234449760765,0.6123423046834183,0.8600191754554171,0.5361447809652107,0.6353166986564299,0.4853133331507352,0.7474120082815735,0.6043015726179464,0.3075522098105876,UnitedHealth Group Incorporated,Healthcare,Healthcare Plans,377452068864,415.6300048828125,147.0,370.0,2026-06-30,none,NOT_SELECTED,,
2026-07-01T053352Z,2026-07-01T05:33:52.980988+00:00,2026-07-01T07:21:20.090043+00:00,2026-06-30,data/prospective/daily_qvp/snapshots/2026-07-01T053352Z/raw,1081,1043,144e01281e848a2a4c711cb0058eddc75099bb40,d3881a1328862a39dc4af32e15c4826237a09adca2da7038eafb5659ddb68bb4,8bda06ce0251beedd6a5f2cd61a08ef37682841102d3b9d86a1ab602640baf4e,GGG,0.4098057354301572,0.32932469935245146,0.6699962907345105,0.8995215311004785,0.6120962925884391,0.8590604026845637,0.5979611083302183,0.8685220729366603,0.9301868460388639,0.4962962962962963,0.4098057354301572,0.5555555555555556,Graco Inc.,Industrials,Specialty Industrial Machinery,12548853760,75.61000061035156,148.0,726.0,2026-06-30,none,NOT_SELECTED,,
2026-07-01T053352Z,2026-07-01T05:33:52.980988+00:00,2026-07-01T07:21:20.090043+00:00,2026-06-30,data/prospective/daily_qvp/snapshots/2026-07-01T053352Z/raw,1081,1043,144e01281e848a2a4c711cb0058eddc75099bb40,d3881a1328862a39dc4af32e15c4826237a09adca2da7038eafb5659ddb68bb4,8bda06ce0251beedd6a5f2cd61a08ef37682841102d3b9d86a1ab602640baf4e,GEF,0.5240518038852914,0.48936170212765956,0.49807515152413506,0.49282296650717705,0.6117886631075934,0.8581016299137104,0.536966497330695,0.6381957773512476,0.47209849916297875,0.8392156862745098,0.5240518038852914,0.3125,"Greif, Inc.",Consumer Cyclical,Packaging & Containers,4232234496,74.48999786376953,149.0,553.0,2026-06-30,none,NOT_SELECTED,,
2026-07-01T053352Z,2026-07-01T05:33:52.980988+00:00,2026-07-01T07:21:20.090043+00:00,2026-06-30,data/prospective/daily_qvp/snapshots/2026-07-01T053352Z/raw,1081,1043,144e01281e848a2a4c711cb0058eddc75099bb40,d3881a1328862a39dc4af32e15c4826237a09adca2da7038eafb5659ddb68bb4,8bda06ce0251beedd6a5f2cd61a08ef37682841102d3b9d86a1ab602640baf4e,CNX,0.3919981498612396,0.299722479185939,0.5583179155103299,0.6545454545454545,0.6117389463413736,0.8571428571428571,0.685253485118349,0.9798464491362764,0.7246376811594203,0.718581008003461,0.3919981498612396,0.9057971014492754,CNX Resources Corporation,Energy,Oil & Gas E&P,4800334848,33.93000030517578,150.0,758.0,2026-06-30,none,NOT_SELECTED,,
2026-07-01T053352Z,2026-07-01T05:33:52.980988+00:00,2026-07-01T07:21:20.090043+00:00,2026-06-30,data/prospective/daily_qvp/snapshots/2026-07-01T053352Z/raw,1081,1043,144e01281e848a2a4c711cb0058eddc75099bb40,d3881a1328862a39dc4af32e15c4826237a09adca2da7038eafb5659ddb68bb4,8bda06ce0251beedd6a5f2cd61a08ef37682841102d3b9d86a1ab602640baf4e,WSO,0.48704902867715083,0.42738205365402404,0.6412275537008076,0.8421052631578947,0.611682566664736,0.8561840843720039,0.518761924998552,0.5499040307101728,0.7954060787244643,0.5525925925925926,0.48704902867715083,0.24000000000000002,"Watsco, Inc.",Industrials,Industrial Distribution,17164392448,416.7300109863281,151.0,620.0,2026-06-30,none,NOT_SELECTED,,
2026-07-01T053352Z,2026-07-01T05:33:52.980988+00:00,2026-07-01T07:21:20.090043+00:00,2026-06-30,data/prospective/daily_qvp/snapshots/2026-07-01T053352Z/raw,1081,1043,144e01281e848a2a4c711cb0058eddc75099bb40,d3881a1328862a39dc4af32e15c4826237a09adca2da7038eafb5659ddb68bb4,8bda06ce0251beedd6a5f2cd61a08ef37682841102d3b9d86a1ab602640baf4e,POWL,0.7658418131359852,0.9528214616096207,0.8290507022829902,1.0,0.6109720731269317,0.8552253116011506,0.650451277067421,0.9587332053742802,0.8922595914299951,0.17481481481481476,0.7658418131359852,0.768888888888889,"Powell Industries, Inc.",Industrials,Electrical Equipment & Parts,10432566272,286.3599853515625,152.0,52.0,2026-06-30,none,NOT_SELECTED,,
2026-07-01T053352Z,2026-07-01T05:33:52.980988+00:00,2026-07-01T07:21:20.090043+00:00,2026-06-30,data/prospective/daily_qvp/snapshots/2026-07-01T053352Z/raw,1081,1043,144e01281e848a2a4c711cb0058eddc75099bb40,d3881a1328862a39dc4af32e15c4826237a09adca2da7038eafb5659ddb68bb4,8bda06ce0251beedd6a5f2cd61a08ef37682841102d3b9d86a1ab602640baf4e,FRSH,0.21137835337650318,0.08788159111933395,0.5054402828829418,0.5157894736842106,0.6103131876053437,0.8542665388302972,0.6535313508809989,0.963531669865643,0.7995022123893806,0.8200589970501474,0.21137835337650318,0.7831858407079646,Freshworks Inc.,Technology,Software - Application,2797513728,10.119999885559082,153.0,987.0,2026-06-30,none,NOT_SELECTED,,
2026-07-01T053352Z,2026-07-01T05:33:52.980988+00:00,2026-07-01T07:21:20.090043+00:00,2026-06-30,data/prospective/daily_qvp/snapshots/2026-07-01T053352Z/raw,1081,1043,144e01281e848a2a4c711cb0058eddc75099bb40,d3881a1328862a39dc4af32e15c4826237a09adca2da7038eafb5659ddb68bb4,8bda06ce0251beedd6a5f2cd61a08ef37682841102d3b9d86a1ab602640baf4e,GILD,0.5605920444033303,0.5605920444033302,0.6372274883344269,0.8315789473684211,0.6097734670331653,0.8533077660594439,0.552825486384636,0.7159309021113244,0.7138629322655234,0.5548654244306418,0.5605920444033303,0.3819815444390481,"Gilead Sciences, Inc.",Healthcare,Drug Manufacturers - General,156859940864,126.33999633789062,154.0,476.0,2026-06-30,none,NOT_SELECTED,,
2026-07-01T053352Z,2026-07-01T05:33:52.980988+00:00,2026-07-01T07:21:20.090043+00:00,2026-06-30,data/prospective/daily_qvp/snapshots/2026-07-01T053352Z/raw,1081,1043,144e01281e848a2a4c711cb0058eddc75099bb40,d3881a1328862a39dc4af32e15c4826237a09adca2da7038eafb5659ddb68bb4,8bda06ce0251beedd6a5f2cd61a08ef37682841102d3b9d86a1ab602640baf4e,DHI,0.4699352451433857,0.40194264569842736,0.5573033985980798,0.6497607655502392,0.6094440957974127,0.8523489932885906,0.4749402147052023,0.3570057581573896,0.6446715520527738,0.7137254901960784,0.4699352451433857,0.0714285714285714,"D.R. Horton, Inc.",Consumer Cyclical,Residential Construction,46189449216,162.8800048828125,155.0,647.0,2026-06-30,none,NOT_SELECTED,,
2026-07-01T053352Z,2026-07-01T05:33:52.980988+00:00,2026-07-01T07:21:20.090043+00:00,2026-06-30,data/prospective/daily_qvp/snapshots/2026-07-01T053352Z/raw,1081,1043,144e01281e848a2a4c711cb0058eddc75099bb40,d3881a1328862a39dc4af32e15c4826237a09adca2da7038eafb5659ddb68bb4,8bda06ce0251beedd6a5f2cd61a08ef37682841102d3b9d86a1ab602640baf4e,UHS,0.24190564292321923,0.11193339500462535,0.44186949138361176,0.3090909090909091,0.6092794538830703,0.8513902205177373,0.5684336069251731,0.7754318618042226,0.6418333398440043,0.9440993788819876,0.24190564292321923,0.44589606605148124,"Universal Health Services, Inc.",Healthcare,Medical Care Facilities,9001150464,148.69000244140625,156.0,961.0,2026-06-30,none,NOT_SELECTED,,
2026-07-01T053352Z,2026-07-01T05:33:52.980988+00:00,2026-07-01T07:21:20.090043+00:00,2026-06-30,data/prospective/daily_qvp/snapshots/2026-07-01T053352Z/raw,1081,1043,144e01281e848a2a4c711cb0058eddc75099bb40,d3881a1328862a39dc4af32e15c4826237a09adca2da7038eafb5659ddb68bb4,8bda06ce0251beedd6a5f2cd61a08ef37682841102d3b9d86a1ab602640baf4e,NUE,0.8048103607770583,0.9856614246068455,0.6502865363207325,0.8631578947368421,0.6086656004850082,0.850431447746884,0.5793805562959595,0.8138195777351248,0.4957627118644068,0.5254237288135594,0.8048103607770583,0.4915254237288135,Nucor Corporation,Basic Materials,Steel,50729295872,222.75,157.0,17.0,2026-06-30,none,NOT_SELECTED,,
2026-07-01T053352Z,2026-07-01T05:33:52.980988+00:00,2026-07-01T07:21:20.090043+00:00,2026-06-30,data/prospective/daily_qvp/snapshots/2026-07-01T053352Z/raw,1081,1043,144e01281e848a2a4c711cb0058eddc75099bb40,d3881a1328862a39dc4af32e15c4826237a09adca2da7038eafb5659ddb68bb4,8bda06ce0251beedd6a5f2cd61a08ef37682841102d3b9d86a1ab602640baf4e,CTVA,0.646854764107308,0.7372802960222017,0.6433426362909422,0.84688995215311,0.6078028121412308,0.8494726749760306,0.6189877023262621,0.9165067178502879,0.6398305084745763,0.536723163841808,0.646854764107308,0.652542372881356,"Corteva, Inc.",Basic Materials,Agricultural Inputs,56642363392,84.69000244140625,158.0,285.0,2026-06-30,none,NOT_SELECTED,,
2026-07-01T053352Z,2026-07-01T05:33:52.980988+00:00,2026-07-01T07:21:20.090043+00:00,2026-06-30,data/prospective/daily_qvp/snapshots/2026-07-01T053352Z/raw,1081,1043,144e01281e848a2a4c711cb0058eddc75099bb40,d3881a1328862a39dc4af32e15c4826237a09adca2da7038eafb5659ddb68bb4,8bda06ce0251beedd6a5f2cd61a08ef37682841102d3b9d86a1ab602640baf4e,AGX,0.7375115633672527,0.8922294172062905,0.7677555325555745,0.9875598086124402,0.6076394908395187,0.8485139022051774,0.6523962847963057,0.9606525911708254,0.7979995017438963,0.2874074074074074,0.7375115633672527,0.7866666666666666,"Argan, Inc.",Industrials,Engineering & Construction,11195069440,798.5499877929688,159.0,118.0,2026-06-30,none,NOT_SELECTED,,
2026-07-01T053352Z,2026-07-01T05:33:52.980988+00:00,2026-07-01T07:21:20.090043+00:00,2026-06-30,data/prospective/daily_qvp/snapshots/2026-07-01T053352Z/raw,1081,1043,144e01281e848a2a4c711cb0058eddc75099bb40,d3881a1328862a39dc4af32e15c4826237a09adca2da7038eafb5659ddb68bb4,8bda06ce0251beedd6a5f2cd61a08ef37682841102d3b9d86a1ab602640baf4e,TALO,0.5631359851988899,0.5735430157261795,0.49352451433857536,0.4755980861244019,0.6074430499368714,0.8475551294343241,0.4773214178874361,0.3666026871401152,0.42391304347826086,0.8352801211334632,0.5631359851988899,0.0869565217391304,Talos Energy Inc.,Energy,Oil & Gas E&P,2155012352,12.90999984741211,160.0,462.0,2026-06-30,none,NOT_SELECTED,,
2026-07-01T053352Z,2026-07-01T05:33:52.980988+00:00,2026-07-01T07:21:20.090043+00:00,2026-06-30,data/prospective/daily_qvp/snapshots/2026-07-01T053352Z/raw,1081,1043,144e01281e848a2a4c711cb0058eddc75099bb40,d3881a1328862a39dc4af32e15c4826237a09adca2da7038eafb5659ddb68bb4,8bda06ce0251beedd6a5f2cd61a08ef37682841102d3b9d86a1ab602640baf4e,MRK,0.7178538390379278,0.8575393154486587,0.6656983428818557,0.8880382775119617,0.6066698407342116,0.8465963566634708,0.5426662950722712,0.6689059500959693,0.6135428467257836,0.48861283643892334,0.7178538390379278,0.3506556580864497,"Merck & Co., Inc.",Healthcare,Drug Manufacturers - General,317372465152,128.5,161.0,155.0,2026-06-30,none,NOT_SELECTED,,
2026-07-01T053352Z,2026-07-01T05:33:52.980988+00:00,2026-07-01T07:21:20.090043+00:00,2026-06-30,data/prospective/daily_qvp/snapshots/2026-07-01T053352Z/raw,1081,1043,144e01281e848a2a4c711cb0058eddc75099bb40,d3881a1328862a39dc4af32e15c4826237a09adca2da7038eafb5659ddb68bb4,8bda06ce0251beedd6a5f2cd61a08ef37682841102d3b9d86a1ab602640baf4e,VVX,0.6695189639222942,0.7835337650323775,0.4621660589417151,0.3722488038277512,0.6066292244796618,0.8456375838926175,0.5849719183597464,0.8358925143953935,0.254813153961136,0.8955555555555555,0.6695189639222942,0.52,"V2X, Inc.",Industrials,Aerospace & Defense,2334509568,74.55999755859375,162.0,235.0,2026-06-30,none,NOT_SELECTED,,
2026-07-01T053352Z,2026-07-01T05:33:52.980988+00:00,2026-07-01T07:21:20.090043+00:00,2026-06-30,data/prospective/daily_qvp/snapshots/2026-07-01T053352Z/raw,1081,1043,144e01281e848a2a4c711cb0058eddc75099bb40,d3881a1328862a39dc4af32e15c4826237a09adca2da7038eafb5659ddb68bb4,8bda06ce0251beedd6a5f2cd61a08ef37682841102d3b9d86a1ab602640baf4e,CHE,0.4093432007400555,0.3283996299722479,0.5910666478298259,0.7397129186602871,0.6066048183599805,0.8446788111217641,0.5028045122644,0.4731285988483685,0.7727900949195962,0.6376811594202898,0.4093432007400555,0.191403593977659,Chemed Corporation,Healthcare,Medical Care Facilities,6182281216,465.739990234375,163.0,727.0,2026-06-30,none,NOT_SELECTED,,
2026-07-01T053352Z,2026-07-01T05:33:52.980988+00:00,2026-07-01T07:21:20.090043+00:00,2026-06-30,data/prospective/daily_qvp/snapshots/2026-07-01T053352Z/raw,1081,1043,144e01281e848a2a4c711cb0058eddc75099bb40,d3881a1328862a39dc4af32e15c4826237a09adca2da7038eafb5659ddb68bb4,8bda06ce0251beedd6a5f2cd61a08ef37682841102d3b9d86a1ab602640baf4e,DGX,0.629740980573543,0.7053654024051804,0.5503273238645917,0.6325358851674641,0.6063603829214601,0.8437200383509108,0.5721695101148445,0.791746641074856,0.4709136671556405,0.7184265010351968,0.629740980573543,0.4695968916949975,Quest Diagnostics Incorporated,Healthcare,Diagnostics & Research,23462109184,211.9499969482422,164.0,319.0,2026-06-30,none,NOT_SELECTED,,
2026-07-01T053352Z,2026-07-01T05:33:52.980988+00:00,2026-07-01T07:21:20.090043+00:00,2026-06-30,data/prospective/daily_qvp/snapshots/2026-07-01T053352Z/raw,1081,1043,144e01281e848a2a4c711cb0058eddc75099bb40,d3881a1328862a39dc4af32e15c4826237a09adca2da7038eafb5659ddb68bb4,8bda06ce0251beedd6a5f2cd61a08ef37682841102d3b9d86a1ab602640baf4e,LEVI,0.6015263644773359,0.6475485661424607,0.6414033584274867,0.8440191387559809,0.6060336115006774,0.8427612655800575,0.6189597324350318,0.9155470249520153,0.6812803523776375,0.5352941176470588,0.6015263644773359,0.6577380952380952,Levi Strauss & Co.,Consumer Cyclical,Apparel Manufacturing,9549524992,24.829999923706055,165.0,382.0,2026-06-30,none,NOT_SELECTED,,
2026-07-01T053352Z,2026-07-01T05:33:52.980988+00:00,2026-07-01T07:21:20.090043+00:00,2026-06-30,data/prospective/daily_qvp/snapshots/2026-07-01T053352Z/raw,1081,1043,144e01281e848a2a4c711cb0058eddc75099bb40,d3881a1328862a39dc4af32e15c4826237a09adca2da7038eafb5659ddb68bb4,8bda06ce0251beedd6a5f2cd61a08ef37682841102d3b9d86a1ab602640baf4e,KNX,0.7384366327474561,0.8954671600370028,0.5331669959950533,0.5952153110047846,0.6058150343670726,0.8418024928092043,0.5676946091086379,0.7706333973128598,0.3278973592426507,0.7511111111111112,0.7384366327474561,0.45333333333333337,Knight-Swift Transportation Holdings Inc.,Industrials,Trucking,12653408256,77.87000274658203,166.0,114.0,2026-06-30,none,NOT_SELECTED,,
2026-07-01T053352Z,2026-07-01T05:33:52.980988+00:00,2026-07-01T07:21:20.090043+00:00,2026-06-30,data/prospective/daily_qvp/snapshots/2026-07-01T053352Z/raw,1081,1043,144e01281e848a2a4c711cb0058eddc75099bb40,d3881a1328862a39dc4af32e15c4826237a09adca2da7038eafb5659ddb68bb4,8bda06ce0251beedd6a5f2cd61a08ef37682841102d3b9d86a1ab602640baf4e,FIX,0.7617946345975948,0.9435707678075855,0.8201823197900779,0.999043062200957,0.6055536452921507,0.840843720038351,0.6847207895246685,0.9788867562380038,0.878570004982561,0.17629629629629626,0.7617946345975948,0.9222222222222223,"Comfort Systems USA, Inc.",Industrials,Engineering & Construction,69732859904,1981.949951171875,167.0,62.0,2026-06-30,none,NOT_SELECTED,,
2026-07-01T053352Z,2026-07-01T05:33:52.980988+00:00,2026-07-01T07:21:20.090043+00:00,2026-06-30,data/prospective/daily_qvp/snapshots/2026-07-01T053352Z/raw,1081,1043,144e01281e848a2a4c711cb0058eddc75099bb40,d3881a1328862a39dc4af32e15c4826237a09adca2da7038eafb5659ddb68bb4,8bda06ce0251beedd6a5f2cd61a08ef37682841102d3b9d86a1ab602640baf4e,TXT,0.532377428307123,0.5087881591119334,0.48701831056611755,0.4574162679425837,0.6051727008712389,0.8398849472674976,0.6105461923200959,0.9001919385796545,0.4416591928251121,0.8414814814814814,0.532377428307123,0.6266666666666667,Textron Inc.,Industrials,Aerospace & Defense,15950836736,91.7300033569336,168.0,532.0,2026-06-30,none,NOT_SELECTED,,
2026-07-01T053352Z,2026-07-01T05:33:52.980988+00:00,2026-07-01T07:21:20.090043+00:00,2026-06-30,data/prospective/daily_qvp/snapshots/2026-07-01T053352Z/raw,1081,1043,144e01281e848a2a4c711cb0058eddc75099bb40,d3881a1328862a39dc4af32e15c4826237a09adca2da7038eafb5659ddb68bb4,8bda06ce0251beedd6a5f2cd61a08ef37682841102d3b9d86a1ab602640baf4e,DIOD,0.730804810360777,0.8741905642923219,0.5786856305280497,0.7062200956937799,0.6050627900668807,0.8389261744966443,0.5339962075944084,0.6266794625719769,0.42656645069532234,0.6578171091445427,0.730804810360777,0.32079646017699115,Diodes Incorporated,Technology,Semiconductors,5028192256,109.44000244140624,169.0,137.0,2026-06-30,none,NOT_SELECTED,,
2026-07-01T053352Z,2026-07-01T05:33:52.980988+00:00,2026-07-01T07:21:20.090043+00:00,2026-06-30,data/prospective/daily_qvp/snapshots/2026-07-01T053352Z/raw,1081,1043,144e01281e848a2a4c711cb0058eddc75099bb40,d3881a1328862a39dc4af32e15c4826237a09adca2da7038eafb5659ddb68bb4,8bda06ce0251beedd6a5f2cd61a08ef37682841102d3b9d86a1ab602640baf4e,CALY,0.6660499537465311,0.7742830712303422,0.5580787409824595,0.6526315789473685,0.6047322325503979,0.837967401725791,0.5153051267937507,0.5345489443378119,0.45010752821838795,0.6980392156862746,0.6660499537465311,0.24702380952380948,Callaway Golf Company,Consumer Cyclical,Leisure,3377644800,18.790000915527344,170.0,245.0,2026-06-30,none,NOT_SELECTED,,
2026-07-01T053352Z,2026-07-01T05:33:52.980988+00:00,2026-07-01T07:21:20.090043+00:00,2026-06-30,data/prospective/daily_qvp/snapshots/2026-07-01T053352Z/raw,1081,1043,144e01281e848a2a4c711cb0058eddc75099bb40,d3881a1328862a39dc4af32e15c4826237a09adca2da7038eafb5659ddb68bb4,8bda06ce0251beedd6a5f2cd61a08ef37682841102d3b9d86a1ab602640baf4e,ROG,0.7835337650323775,0.973172987974098,0.5824965759422317,0.7157894736842105,0.6046535678356274,0.8370086289549377,0.5049282289740658,0.4817658349328215,0.38145938685208597,0.6489675516224188,0.7835337650323775,0.2057522123893805,Rogers Corporation,Technology,Electronic Components,2922340608,163.72999572753906,171.0,30.0,2026-06-30,none,NOT_SELECTED,,
2026-07-01T053352Z,2026-07-01T05:33:52.980988+00:00,2026-07-01T07:21:20.090043+00:00,2026-06-30,data/prospective/daily_qvp/snapshots/2026-07-01T053352Z/raw,1081,1043,144e01281e848a2a4c711cb0058eddc75099bb40,d3881a1328862a39dc4af32e15c4826237a09adca2da7038eafb5659ddb68bb4,8bda06ce0251beedd6a5f2cd61a08ef37682841102d3b9d86a1ab602640baf4e,OGN,0.6466234967622572,0.7363552266419982,0.504190046129529,0.5100478468899522,0.6045877050111285,0.8360498561840843,0.47000221634940986,0.33493282149712095,0.36175659549680084,0.8053830227743272,0.6466234967622572,0.06624575036425445,Organon & Co.,Healthcare,Drug Manufacturers - General,3555731712,13.539999961853027,172.0,286.0,2026-06-30,none,NOT_SELECTED,,
2026-07-01T053352Z,2026-07-01T05:33:52.980988+00:00,2026-07-01T07:21:20.090043+00:00,2026-06-30,data/prospective/daily_qvp/snapshots/2026-07-01T053352Z/raw,1081,1043,144e01281e848a2a4c711cb0058eddc75099bb40,d3881a1328862a39dc4af32e15c4826237a09adca2da7038eafb5659ddb68bb4,8bda06ce0251beedd6a5f2cd61a08ef37682841102d3b9d86a1ab602640baf4e,CLOV,0.6607308048103608,0.7650323774283071,0.6331643099295554,0.8258373205741627,0.6043041569302626,0.835091083413231,0.5822045625738503,0.8243761996161229,0.60559781504875,0.546583850931677,0.6607308048103608,0.5159057795046138,"Clover Health Investments, Corp.",Healthcare,Healthcare Plans,2759825664,5.239999771118164,173.0,255.0,2026-06-30,none,NOT_SELECTED,,
2026-07-01T053352Z,2026-07-01T05:33:52.980988+00:00,2026-07-01T07:21:20.090043+00:00,2026-06-30,data/prospective/daily_qvp/snapshots/2026-07-01T053352Z/raw,1081,1043,144e01281e848a2a4c711cb0058eddc75099bb40,d3881a1328862a39dc4af32e15c4826237a09adca2da7038eafb5659ddb68bb4,8bda06ce0251beedd6a5f2cd61a08ef37682841102d3b9d86a1ab602640baf4e,ALGN,0.34990749306197966,0.24051803885291398,0.5544569157310558,0.6421052631578947,0.6042825262913732,0.8341323106423778,0.48457420652037553,0.40307101727447214,0.759006338400132,0.7039337474120083,0.34990749306197966,0.1254492472073822,"Align Technology, Inc.",Healthcare,Medical Instruments & Supplies,12079114240,168.66000366210938,174.0,822.0,2026-06-30,none,NOT_SELECTED,,
2026-07-01T053352Z,2026-07-01T05:33:52.980988+00:00,2026-07-01T07:21:20.090043+00:00,2026-06-30,data/prospective/daily_qvp/snapshots/2026-07-01T053352Z/raw,1081,1043,144e01281e848a2a4c711cb0058eddc75099bb40,d3881a1328862a39dc4af32e15c4826237a09adca2da7038eafb5659ddb68bb4,8bda06ce0251beedd6a5f2cd61a08ef37682841102d3b9d86a1ab602640baf4e,ODFL,0.6692876965772433,0.782608695652174,0.7930357267141324,0.9952153110047847,0.6042460400316437,0.8331735378715245,0.4859623078015106,0.4107485604606526,0.9167837568510215,0.22666666666666666,0.6692876965772433,0.1311111111111111,"Old Dominion Freight Line, Inc.",Industrials,Trucking,45045932032,216.6000061035156,175.0,236.0,2026-06-30,none,NOT_SELECTED,,
2026-07-01T053352Z,2026-07-01T05:33:52.980988+00:00,2026-07-01T07:21:20.090043+00:00,2026-06-30,data/prospective/daily_qvp/snapshots/2026-07-01T053352Z/raw,1081,1043,144e01281e848a2a4c711cb0058eddc75099bb40,d3881a1328862a39dc4af32e15c4826237a09adca2da7038eafb5659ddb68bb4,8bda06ce0251beedd6a5f2cd61a08ef37682841102d3b9d86a1ab602640baf4e,BTSG,0.809204440333025,0.9898242368177613,0.6070226556510763,0.7712918660287081,0.6041296655341198,0.8322147651006712,0.6086642719772047,0.8973128598848369,0.4048408709691276,0.598343685300207,0.809204440333025,0.6222680913064594,"BrightSpring Health Services, Inc.",Healthcare,Health Information Services,13687061504,69.73999786376953,176.0,12.0,2026-06-30,none,NOT_SELECTED,,
2026-07-01T053352Z,2026-07-01T05:33:52.980988+00:00,2026-07-01T07:21:20.090043+00:00,2026-06-30,data/prospective/daily_qvp/snapshots/2026-07-01T053352Z/raw,1081,1043,144e01281e848a2a4c711cb0058eddc75099bb40,d3881a1328862a39dc4af32e15c4826237a09adca2da7038eafb5659ddb68bb4,8bda06ce0251beedd6a5f2cd61a08ef37682841102d3b9d86a1ab602640baf4e,KTB,0.5085568917668825,0.4606845513413506,0.6061263670045524,0.7703349282296651,0.6040842446697016,0.8312559923298178,0.5929441358832286,0.8541266794625719,0.7036958422422223,0.6,0.5085568917668825,0.5595238095238094,"Kontoor Brands, Inc.",Consumer Cyclical,Apparel Manufacturing,4606398464,83.33999633789062,177.0,584.0,2026-06-30,none,NOT_SELECTED,,
2026-07-01T053352Z,2026-07-01T05:33:52.980988+00:00,2026-07-01T07:21:20.090043+00:00,2026-06-30,data/prospective/daily_qvp/snapshots/2026-07-01T053352Z/raw,1081,1043,144e01281e848a2a4c711cb0058eddc75099bb40,d3881a1328862a39dc4af32e15c4826237a09adca2da7038eafb5659ddb68bb4,8bda06ce0251beedd6a5f2cd61a08ef37682841102d3b9d86a1ab602640baf4e,CVX,0.6419981498612396,0.7275670675300647,0.6344048720320691,0.8277511961722488,0.6036513649247851,0.8302972195589645,0.5596225816646032,0.744721689059501,0.6268115942028986,0.5421443507102169,0.6419981498612396,0.427536231884058,Chevron Corporation,Energy,Oil & Gas Integrated,330127212544,165.75999450683594,178.0,295.0,2026-06-30,none,NOT_SELECTED,,
2026-07-01T053352Z,2026-07-01T05:33:52.980988+00:00,2026-07-01T07:21:20.090043+00:00,2026-06-30,data/prospective/daily_qvp/snapshots/2026-07-01T053352Z/raw,1081,1043,144e01281e848a2a4c711cb0058eddc75099bb40,d3881a1328862a39dc4af32e15c4826237a09adca2da7038eafb5659ddb68bb4,8bda06ce0251beedd6a5f2cd61a08ef37682841102d3b9d86a1ab602640baf4e,XOM,0.6579555966697502,0.7604070305272895,0.6496299722479186,0.8593301435406698,0.6027215653667115,0.8293384467881112,0.5516788551844539,0.7120921305182342,0.6413043478260869,0.5089047516042974,0.6579555966697502,0.39855072463768115,Exxon Mobil Corporation,Energy,Oil & Gas Integrated,566697197568,136.72000122070312,179.0,260.0,2026-06-30,none,NOT_SELECTED,,
2026-07-01T053352Z,2026-07-01T05:33:52.980988+00:00,2026-07-01T07:21:20.090043+00:00,2026-06-30,data/prospective/daily_qvp/snapshots/2026-07-01T053352Z/raw,1081,1043,144e01281e848a2a4c711cb0058eddc75099bb40,d3881a1328862a39dc4af32e15c4826237a09adca2da7038eafb5659ddb68bb4,8bda06ce0251beedd6a5f2cd61a08ef37682841102d3b9d86a1ab602640baf4e,VZ,0.6056891766882516,0.6618871415356151,0.5307824604933226,0.5875598086124402,0.602647244193616,0.8283796740172579,0.5353187664785453,0.6305182341650671,0.45587574429839345,0.7463768115942028,0.6056891766882516,0.3333333333333333,Verizon Communications Inc.,Communication Services,Telecom Services,176793157632,42.34000015258789,180.0,366.0,2026-06-30,none,NOT_SELECTED,,
2026-07-01T053352Z,2026-07-01T05:33:52.980988+00:00,2026-07-01T07:21:20.090043+00:00,2026-06-30,data/prospective/daily_qvp/snapshots/2026-07-01T053352Z/raw,1081,1043,144e01281e848a2a4c711cb0058eddc75099bb40,d3881a1328862a39dc4af32e15c4826237a09adca2da7038eafb5659ddb68bb4,8bda06ce0251beedd6a5f2cd61a08ef37682841102d3b9d86a1ab602640baf4e,MHO,0.5559666975023126,0.5504162812210915,0.5419349279035273,0.6191387559808612,0.6024664225239201,0.8274209012464045,0.4838438645119878,0.40115163147792704,0.527903158304742,0.7235294117647059,0.5559666975023126,0.12797619047619044,"M/I Homes, Inc.",Consumer Cyclical,Residential Construction,4143190016,160.7899932861328,181.0,487.0,2026-06-30,none,NOT_SELECTED,,
2026-07-01T053352Z,2026-07-01T05:33:52.980988+00:00,2026-07-01T07:21:20.090043+00:00,2026-06-30,data/prospective/daily_qvp/snapshots/2026-07-01T053352Z/raw,1081,1043,144e01281e848a2a4c711cb0058eddc75099bb40,d3881a1328862a39dc4af32e15c4826237a09adca2da7038eafb5659ddb68bb4,8bda06ce0251beedd6a5f2cd61a08ef37682841102d3b9d86a1ab602640baf4e,JNJ,0.7330018501387604,0.8825161887141536,0.6981007772846323,0.9301435406698565,0.6020464809226741,0.8264621284755513,0.5695533162529575,0.7792706333973128,0.6631997044305041,0.4099378881987577,0.7330018501387604,0.4720738222438077,Johnson & Johnson,Healthcare,Drug Manufacturers - General,611360899072,253.97000122070312,182.0,128.0,2026-06-30,none,NOT_SELECTED,,
2026-07-01T053352Z,2026-07-01T05:33:52.980988+00:00,2026-07-01T07:21:20.090043+00:00,2026-06-30,data/prospective/daily_qvp/snapshots/2026-07-01T053352Z/raw,1081,1043,144e01281e848a2a4c711cb0058eddc75099bb40,d3881a1328862a39dc4af32e15c4826237a09adca2da7038eafb5659ddb68bb4,8bda06ce0251beedd6a5f2cd61a08ef37682841102d3b9d86a1ab602640baf4e,STLD,0.7643385753931544,0.9509713228492137,0.6597116605779332,0.8784688995215311,0.6017663424568519,0.825503355704698,0.548782383961283,0.6938579654510557,0.5550847457627119,0.48587570621468923,0.7643385753931544,0.3898305084745763,"Steel Dynamics, Inc.",Basic Materials,Steel,33091065856,229.4600067138672,183.0,54.0,2026-06-30,none,NOT_SELECTED,,
2026-07-01T053352Z,2026-07-01T05:33:52.980988+00:00,2026-07-01T07:21:20.090043+00:00,2026-06-30,data/prospective/daily_qvp/snapshots/2026-07-01T053352Z/raw,1081,1043,144e01281e848a2a4c711cb0058eddc75099bb40,d3881a1328862a39dc4af32e15c4826237a09adca2da7038eafb5659ddb68bb4,8bda06ce0251beedd6a5f2cd61a08ef37682841102d3b9d86a1ab602640baf4e,HLIO,0.7368177613321,0.8899167437557817,0.629973404831471,0.8229665071770335,0.6012168377888819,0.8245445829338447,0.5898015172305503,0.845489443378119,0.5231290483308421,0.5437037037037037,0.7368177613321,0.5555555555555556,"Helios Technologies, Inc.",Industrials,Specialty Industrial Machinery,2949387520,89.25,184.0,120.0,2026-06-30,none,NOT_SELECTED,,
2026-07-01T053352Z,2026-07-01T05:33:52.980988+00:00,2026-07-01T07:21:20.090043+00:00,2026-06-30,data/prospective/daily_qvp/snapshots/2026-07-01T053352Z/raw,1081,1043,144e01281e848a2a4c711cb0058eddc75099bb40,d3881a1328862a39dc4af32e15c4826237a09adca2da7038eafb5659ddb68bb4,8bda06ce0251beedd6a5f2cd61a08ef37682841102d3b9d86a1ab602640baf4e,BHE,0.8191489361702128,0.9935245143385754,0.5502093448234123,0.631578947368421,0.6008278621339956,0.8235858101629914,0.4882315160695233,0.42034548944337813,0.2812697534766119,0.7020648967551623,0.8191489361702128,0.15044247787610615,"Benchmark Electronics, Inc.",Technology,Electronic Components,3539987200,98.66999816894533,185.0,8.0,2026-06-30,none,NOT_SELECTED,,
2026-07-01T053352Z,2026-07-01T05:33:52.980988+00:00,2026-07-01T07:21:20.090043+00:00,2026-06-30,data/prospective/daily_qvp/snapshots/2026-07-01T053352Z/raw,1081,1043,144e01281e848a2a4c711cb0058eddc75099bb40,d3881a1328862a39dc4af32e15c4826237a09adca2da7038eafb5659ddb68bb4,8bda06ce0251beedd6a5f2cd61a08ef37682841102d3b9d86a1ab602640baf4e,MHK,0.4148936170212766,0.33209990749306195,0.44492712608145357,0.3215311004784689,0.6005396526817534,0.822627037392138,0.5076964061779816,0.491362763915547,0.47496063514163056,0.9117647058823529,0.4148936170212766,0.22916666666666657,"Mohawk Industries, Inc.",Consumer Cyclical,"Furnishings, Fixtures & Appliances",7395445248,121.33000183105467,186.0,723.0,2026-06-30,none,NOT_SELECTED,,
2026-07-01T053352Z,2026-07-01T05:33:52.980988+00:00,2026-07-01T07:21:20.090043+00:00,2026-06-30,data/prospective/daily_qvp/snapshots/2026-07-01T053352Z/raw,1081,1043,144e01281e848a2a4c711cb0058eddc75099bb40,d3881a1328862a39dc4af32e15c4826237a09adca2da7038eafb5659ddb68bb4,8bda06ce0251beedd6a5f2cd61a08ef37682841102d3b9d86a1ab602640baf4e,LYFT,0.17368177613320995,0.06567992599444958,0.41996351764941153,0.25645933014354066,0.6002804965253697,0.8216682646212847,0.522113027261284,0.5652591170825336,0.6662452591656132,0.9609144542772863,0.17368177613320995,0.28761061946902655,"Lyft, Inc.",Technology,Software - Application,5547161600,14.609999656677246,187.0,1011.0,2026-06-30,none,NOT_SELECTED,,
2026-07-01T053352Z,2026-07-01T05:33:52.980988+00:00,2026-07-01T07:21:20.090043+00:00,2026-06-30,data/prospective/daily_qvp/snapshots/2026-07-01T053352Z/raw,1081,1043,144e01281e848a2a4c711cb0058eddc75099bb40,d3881a1328862a39dc4af32e15c4826237a09adca2da7038eafb5659ddb68bb4,8bda06ce0251beedd6a5f2cd61a08ef37682841102d3b9d86a1ab602640baf4e,EQT,0.408418131359852,0.3251618871415356,0.5900786308973174,0.737799043062201,0.6002259490910133,0.8207094918504314,0.6856767081950716,0.980806142034549,0.7717391304347827,0.6205205854784052,0.408418131359852,0.9420289855072463,EQT Corporation,Energy,Oil & Gas E&P,33256665088,53.16999816894531,188.0,730.0,2026-06-30,none,NOT_SELECTED,,
2026-07-01T053352Z,2026-07-01T05:33:52.980988+00:00,2026-07-01T07:21:20.090043+00:00,2026-06-30,data/prospective/daily_qvp/snapshots/2026-07-01T053352Z/raw,1081,1043,144e01281e848a2a4c711cb0058eddc75099bb40,d3881a1328862a39dc4af32e15c4826237a09adca2da7038eafb5659ddb68bb4,8bda06ce0251beedd6a5f2cd61a08ef37682841102d3b9d86a1ab602640baf4e,TXG,0.7243293246993525,0.8691026827012026,0.6903880843314077,0.9196172248803828,0.5996652101201794,0.8197507190795782,0.5819611465410817,0.8234165067178503,0.656446843963463,0.41821946169772256,0.7243293246993525,0.5288489558037882,"10x Genomics, Inc.",Healthcare,Health Information Services,4867500544,38.34000015258789,189.0,142.0,2026-06-30,none,NOT_SELECTED,,
2026-07-01T053352Z,2026-07-01T05:33:52.980988+00:00,2026-07-01T07:21:20.090043+00:00,2026-06-30,data/prospective/daily_qvp/snapshots/2026-07-01T053352Z/raw,1081,1043,144e01281e848a2a4c711cb0058eddc75099bb40,d3881a1328862a39dc4af32e15c4826237a09adca2da7038eafb5659ddb68bb4,8bda06ce0251beedd6a5f2cd61a08ef37682841102d3b9d86a1ab602640baf4e,TGT,0.7102220166512488,0.8445883441258094,0.6088988871135033,0.7779904306220096,0.5995352850116956,0.8187919463087249,0.5254090395163475,0.5806142034548945,0.5075757575757576,0.5808080808080808,0.7102220166512488,0.303030303030303,Target Corporation,Consumer Defensive,Discount Stores,59321901056,130.61000061035156,190.0,169.0,2026-06-30,none,NOT_SELECTED,,
2026-07-01T053352Z,2026-07-01T05:33:52.980988+00:00,2026-07-01T07:21:20.090043+00:00,2026-06-30,data/prospective/daily_qvp/snapshots/2026-07-01T053352Z/raw,1081,1043,144e01281e848a2a4c711cb0058eddc75099bb40,d3881a1328862a39dc4af32e15c4826237a09adca2da7038eafb5659ddb68bb4,8bda06ce0251beedd6a5f2cd61a08ef37682841102d3b9d86a1ab602640baf4e,CROX,0.5626734505087881,0.5721554116558741,0.5714109280124204,0.6880382775119617,0.5992412722697181,0.8178331735378715,0.48216904944038386,0.3925143953934741,0.5801484055160526,0.6549019607843137,0.5626734505087881,0.1309523809523809,"Crocs, Inc.",Consumer Cyclical,Footwear & Accessories,5994558976,120.63999938964844,191.0,463.0,2026-06-30,none,NOT_SELECTED,,
2026-07-01T053352Z,2026-07-01T05:33:52.980988+00:00,2026-07-01T07:21:20.090043+00:00,2026-06-30,data/prospective/daily_qvp/snapshots/2026-07-01T053352Z/raw,1081,1043,144e01281e848a2a4c711cb0058eddc75099bb40,d3881a1328862a39dc4af32e15c4826237a09adca2da7038eafb5659ddb68bb4,8bda06ce0251beedd6a5f2cd61a08ef37682841102d3b9d86a1ab602640baf4e,MSA,0.5080943570767807,0.4588344125809436,0.6394084142135275,0.8382775119617225,0.5991117823151911,0.8168744007670182,0.5304449478475044,0.6055662188099808,0.770722471350274,0.5185185185185185,0.5080943570767807,0.32444444444444437,MSA Safety Incorporated,Industrials,Security & Protection Services,6739501568,174.5800018310547,192.0,586.0,2026-06-30,none,NOT_SELECTED,,
2026-07-01T053352Z,2026-07-01T05:33:52.980988+00:00,2026-07-01T07:21:20.090043+00:00,2026-06-30,data/prospective/daily_qvp/snapshots/2026-07-01T053352Z/raw,1081,1043,144e01281e848a2a4c711cb0058eddc75099bb40,d3881a1328862a39dc4af32e15c4826237a09adca2da7038eafb5659ddb68bb4,8bda06ce0251beedd6a5f2cd61a08ef37682841102d3b9d86a1ab602640baf4e,NVST,0.5242830712303422,0.4902867715078631,0.4889198954619024,0.46411483253588515,0.5985483913155264,0.8159156279961649,0.5781002201500737,0.8071017274472169,0.4535567196934626,0.8178053830227743,0.5242830712303422,0.5167557066537154,Envista Holdings Corporation,Healthcare,Medical Instruments & Supplies,4287880704,26.350000381469727,193.0,552.0,2026-06-30,none,NOT_SELECTED,,
2026-07-01T053352Z,2026-07-01T05:33:52.980988+00:00,2026-07-01T07:21:20.090043+00:00,2026-06-30,data/prospective/daily_qvp/snapshots/2026-07-01T053352Z/raw,1081,1043,144e01281e848a2a4c711cb0058eddc75099bb40,d3881a1328862a39dc4af32e15c4826237a09adca2da7038eafb5659ddb68bb4,8bda06ce0251beedd6a5f2cd61a08ef37682841102d3b9d86a1ab602640baf4e,IEX,0.6866327474560592,0.8094357076780758,0.6689391938575762,0.8966507177033493,0.5975644008433224,0.8149568552253116,0.5692844117436029,0.7773512476007678,0.6512456402590932,0.4548148148148148,0.6866327474560592,0.48444444444444446,IDEX Corporation,Industrials,Specialty Industrial Machinery,16797716480,226.9499969482422,194.0,207.0,2026-06-30,none,NOT_SELECTED,,
2026-07-01T053352Z,2026-07-01T05:33:52.980988+00:00,2026-07-01T07:21:20.090043+00:00,2026-06-30,data/prospective/daily_qvp/snapshots/2026-07-01T053352Z/raw,1081,1043,144e01281e848a2a4c711cb0058eddc75099bb40,d3881a1328862a39dc4af32e15c4826237a09adca2da7038eafb5659ddb68bb4,8bda06ce0251beedd6a5f2cd61a08ef37682841102d3b9d86a1ab602640baf4e,GOOGL,0.7425994449583718,0.9037927844588344,0.7685633726308543,0.9894736842105263,0.5969166445558352,0.8139980824544583,0.5699097056390986,0.7821497120921305,0.7945273003033367,0.25362318840579706,0.7425994449583718,0.4888888888888889,Alphabet Inc.,Communication Services,Internet Content & Information,4360833335296,357.3699951171875,195.0,105.0,2026-06-30,none,NOT_SELECTED,,
2026-07-01T053352Z,2026-07-01T05:33:52.980988+00:00,2026-07-01T07:21:20.090043+00:00,2026-06-30,data/prospective/daily_qvp/snapshots/2026-07-01T053352Z/raw,1081,1043,144e01281e848a2a4c711cb0058eddc75099bb40,d3881a1328862a39dc4af32e15c4826237a09adca2da7038eafb5659ddb68bb4,8bda06ce0251beedd6a5f2cd61a08ef37682841102d3b9d86a1ab602640baf4e,DOV,0.6080018501387604,0.6669750231267345,0.6391080501316622,0.8373205741626795,0.5964424037914785,0.8130393096836049,0.6056651361769422,0.8915547024952015,0.670214250124564,0.5111111111111111,0.6080018501387604,0.6333333333333333,Dover Corporation,Industrials,Specialty Industrial Machinery,30201860096,224.27999877929688,196.0,361.0,2026-06-30,none,NOT_SELECTED,,
2026-07-01T053352Z,2026-07-01T05:33:52.980988+00:00,2026-07-01T07:21:20.090043+00:00,2026-06-30,data/prospective/daily_qvp/snapshots/2026-07-01T053352Z/raw,1081,1043,144e01281e848a2a4c711cb0058eddc75099bb40,d3881a1328862a39dc4af32e15c4826237a09adca2da7038eafb5659ddb68bb4,8bda06ce0251beedd6a5f2cd61a08ef37682841102d3b9d86a1ab602640baf4e,MTCH,0.606845513413506,0.666049953746531,0.6407465124645331,0.8401913875598086,0.5962464672468867,0.8120805369127517,0.5305181837684984,0.6065259117082533,0.67464751151556,0.5072463768115941,0.606845513413506,0.3333333333333333,"Match Group, Inc.",Communication Services,Internet Content & Information,8875791360,38.04999923706055,197.0,362.0,2026-06-30,none,NOT_SELECTED,,
2026-07-01T053352Z,2026-07-01T05:33:52.980988+00:00,2026-07-01T07:21:20.090043+00:00,2026-06-30,data/prospective/daily_qvp/snapshots/2026-07-01T053352Z/raw,1081,1043,144e01281e848a2a4c711cb0058eddc75099bb40,d3881a1328862a39dc4af32e15c4826237a09adca2da7038eafb5659ddb68bb4,8bda06ce0251beedd6a5f2cd61a08ef37682841102d3b9d86a1ab602640baf4e,FTNT,0.7116096207215541,0.851063829787234,0.790257836593394,0.9933014354066986,0.5951768074831083,0.8111217641418984,0.5558958799486144,0.727447216890595,0.8689060524652339,0.20501474926253685,0.7116096207215541,0.43805309734513276,"Fortinet, Inc.",Technology,Software - Infrastructure,112549437440,153.6199951171875,198.0,162.0,2026-06-30,none,NOT_SELECTED,,
2026-07-01T053352Z,2026-07-01T05:33:52.980988+00:00,2026-07-01T07:21:20.090043+00:00,2026-06-30,data/prospective/daily_qvp/snapshots/2026-07-01T053352Z/raw,1081,1043,144e01281e848a2a4c711cb0058eddc75099bb40,d3881a1328862a39dc4af32e15c4826237a09adca2da7038eafb5659ddb68bb4,8bda06ce0251beedd6a5f2cd61a08ef37682841102d3b9d86a1ab602640baf4e,RMBS,0.6366790009250692,0.7178538390379279,0.746619565253938,0.9760765550239234,0.5950915095793214,0.8101629913710451,0.6415619950163495,0.9500959692898272,0.8565601295828067,0.2920353982300885,0.6366790009250692,0.7809734513274336,Rambus Inc.,Technology,Semiconductors,14354101248,132.74000549316406,199.0,306.0,2026-06-30,none,NOT_SELECTED,,
2026-07-01T053352Z,2026-07-01T05:33:52.980988+00:00,2026-07-01T07:21:20.090043+00:00,2026-06-30,data/prospective/daily_qvp/snapshots/2026-07-01T053352Z/raw,1081,1043,144e01281e848a2a4c711cb0058eddc75099bb40,d3881a1328862a39dc4af32e15c4826237a09adca2da7038eafb5659ddb68bb4,8bda06ce0251beedd6a5f2cd61a08ef37682841102d3b9d86a1ab602640baf4e,FIZZ,0.4558279370952822,0.38575393154486587,0.6701488170324895,0.9004784688995215,0.5949140261698079,0.8092042186001918,0.5882309741728105,0.8426103646833013,0.8844696969696969,0.4444444444444444,0.4558279370952822,0.5681818181818182,National Beverage Corp.,Consumer Defensive,Beverages - Non-Alcoholic,2921321728,31.200000762939453,200.0,665.0,2026-06-30,none,NOT_SELECTED,,
2026-07-01T053352Z,2026-07-01T05:33:52.980988+00:00,2026-07-01T07:21:20.090043+00:00,2026-06-30,data/prospective/daily_qvp/snapshots/2026-07-01T053352Z/raw,1081,1043,144e01281e848a2a4c711cb0058eddc75099bb40,d3881a1328862a39dc4af32e15c4826237a09adca2da7038eafb5659ddb68bb4,8bda06ce0251beedd6a5f2cd61a08ef37682841102d3b9d86a1ab602640baf4e,DCI,0.48681776133209986,0.425531914893617,0.638864785000878,0.8363636363636363,0.5947987455561409,0.8082454458293384,0.5488768369448834,0.6948176583493282,0.7909118086696562,0.5066666666666667,0.48681776133209986,0.4111111111111111,"Donaldson Company, Inc.",Industrials,Specialty Industrial Machinery,10405335040,89.7699966430664,201.0,621.0,2026-06-30,none,NOT_SELECTED,,
2026-07-01T053352Z,2026-07-01T05:33:52.980988+00:00,2026-07-01T07:21:20.090043+00:00,2026-06-30,data/prospective/daily_qvp/snapshots/2026-07-01T053352Z/raw,1081,1043,144e01281e848a2a4c711cb0058eddc75099bb40,d3881a1328862a39dc4af32e15c4826237a09adca2da7038eafb5659ddb68bb4,8bda06ce0251beedd6a5f2cd61a08ef37682841102d3b9d86a1ab602640baf4e,SWK,0.5774745605920444,0.6059204440333025,0.47264360814853834,0.4076555023923445,0.5946019116051985,0.8072866730584851,0.5465069892594544,0.6852207293666027,0.36781265570503235,0.8385185185185186,0.5774745605920444,0.4022222222222222,"Stanley Black & Decker, Inc.",Industrials,Tools & Accessories,14631478272,94.12000274658205,202.0,427.0,2026-06-30,none,NOT_SELECTED,,
2026-07-01T053352Z,2026-07-01T05:33:52.980988+00:00,2026-07-01T07:21:20.090043+00:00,2026-06-30,data/prospective/daily_qvp/snapshots/2026-07-01T053352Z/raw,1081,1043,144e01281e848a2a4c711cb0058eddc75099bb40,d3881a1328862a39dc4af32e15c4826237a09adca2da7038eafb5659ddb68bb4,8bda06ce0251beedd6a5f2cd61a08ef37682841102d3b9d86a1ab602640baf4e,UAL,0.5522664199814986,0.545790934320074,0.46784222842622514,0.39330143540669854,0.5943639547532859,0.8063279002876318,0.5313285216205199,0.6103646833013435,0.38341803687095166,0.8474074074074074,0.5522664199814986,0.3422222222222222,"United Airlines Holdings, Inc.",Industrials,Airlines,44138237952,135.99000549316406,203.0,492.0,2026-06-30,none,NOT_SELECTED,,
2026-07-01T053352Z,2026-07-01T05:33:52.980988+00:00,2026-07-01T07:21:20.090043+00:00,2026-06-30,data/prospective/daily_qvp/snapshots/2026-07-01T053352Z/raw,1081,1043,144e01281e848a2a4c711cb0058eddc75099bb40,d3881a1328862a39dc4af32e15c4826237a09adca2da7038eafb5659ddb68bb4,8bda06ce0251beedd6a5f2cd61a08ef37682841102d3b9d86a1ab602640baf4e,THC,0.3226179463459759,0.19703977798334876,0.46870479607615156,0.39617224880382773,0.594043363015571,0.8053691275167785,0.5365900744714889,0.6372360844529751,0.6147916458063272,0.8447204968944099,0.3226179463459759,0.36423020883924234,Tenet Healthcare Corporation,Healthcare,Medical Care Facilities,16114509824,187.0800018310547,204.0,869.0,2026-06-30,none,NOT_SELECTED,,
2026-07-01T053352Z,2026-07-01T05:33:52.980988+00:00,2026-07-01T07:21:20.090043+00:00,2026-06-30,data/prospective/daily_qvp/snapshots/2026-07-01T053352Z/raw,1081,1043,144e01281e848a2a4c711cb0058eddc75099bb40,d3881a1328862a39dc4af32e15c4826237a09adca2da7038eafb5659ddb68bb4,8bda06ce0251beedd6a5f2cd61a08ef37682841102d3b9d86a1ab602640baf4e,KN,0.8237742830712302,0.9953746530989824,0.6448942132802422,0.8507177033492823,0.5921713634257662,0.8044103547459253,0.5630444517728644,0.7543186180422264,0.4660141434892541,0.4867256637168141,0.8237742830712302,0.47566371681415925,Knowles Corporation,Technology,Electronic Components,3549056000,41.47999954223633,205.0,6.0,2026-06-30,none,NOT_SELECTED,,
2026-07-01T053352Z,2026-07-01T05:33:52.980988+00:00,2026-07-01T07:21:20.090043+00:00,2026-06-30,data/prospective/daily_qvp/snapshots/2026-07-01T053352Z/raw,1081,1043,144e01281e848a2a4c711cb0058eddc75099bb40,d3881a1328862a39dc4af32e15c4826237a09adca2da7038eafb5659ddb68bb4,8bda06ce0251beedd6a5f2cd61a08ef37682841102d3b9d86a1ab602640baf4e,ASO,0.37465309898242366,0.27474560592044406,0.4546352777162297,0.3444976076555024,0.591979074033042,0.8034515819750719,0.5355021626676386,0.6314779270633397,0.5346174564500357,0.8666666666666666,0.37465309898242366,0.36607142857142855,"Academy Sports and Outdoors, Inc.",Consumer Cyclical,Specialty Retail,2922925824,47.130001068115234,206.0,785.0,2026-06-30,none,NOT_SELECTED,,
2026-07-01T053352Z,2026-07-01T05:33:52.980988+00:00,2026-07-01T07:21:20.090043+00:00,2026-06-30,data/prospective/daily_qvp/snapshots/2026-07-01T053352Z/raw,1081,1043,144e01281e848a2a4c711cb0058eddc75099bb40,d3881a1328862a39dc4af32e15c4826237a09adca2da7038eafb5659ddb68bb4,8bda06ce0251beedd6a5f2cd61a08ef37682841102d3b9d86a1ab602640baf4e,GPOR,0.2749768732654949,0.150786308973173,0.556872494603762,0.6478468899521531,0.5916920050789326,0.8024928092042186,0.6684066849686197,0.9760076775431862,0.8387681159420289,0.6613310260292738,0.2749768732654949,0.8985507246376812,Gulfport Energy Corporation,Energy,Oil & Gas E&P,3049447936,169.6999969482422,207.0,919.0,2026-06-30,none,NOT_SELECTED,,
2026-07-01T053352Z,2026-07-01T05:33:52.980988+00:00,2026-07-01T07:21:20.090043+00:00,2026-06-30,data/prospective/daily_qvp/snapshots/2026-07-01T053352Z/raw,1081,1043,144e01281e848a2a4c711cb0058eddc75099bb40,d3881a1328862a39dc4af32e15c4826237a09adca2da7038eafb5659ddb68bb4,8bda06ce0251beedd6a5f2cd61a08ef37682841102d3b9d86a1ab602640baf4e,AVT,0.8117483811285847,0.9916743755781684,0.5374619750143556,0.6114832535885167,0.590608868298656,0.8015340364333653,0.46618673971956714,0.32629558541266795,0.2631755689001264,0.6969026548672567,0.8117483811285847,0.09292035398230085,"Avnet, Inc.",Technology,Electronics & Computer Distribution,7285378560,88.81999969482422,208.0,10.0,2026-06-30,none,NOT_SELECTED,,
2026-07-01T053352Z,2026-07-01T05:33:52.980988+00:00,2026-07-01T07:21:20.090043+00:00,2026-06-30,data/prospective/daily_qvp/snapshots/2026-07-01T053352Z/raw,1081,1043,144e01281e848a2a4c711cb0058eddc75099bb40,d3881a1328862a39dc4af32e15c4826237a09adca2da7038eafb5659ddb68bb4,8bda06ce0251beedd6a5f2cd61a08ef37682841102d3b9d86a1ab602640baf4e,IPAR,0.5404717853839038,0.5226641998149861,0.6679631654192246,0.8956937799043062,0.5900899217272946,0.800575263662512,0.53915835038638,0.6516314779270633,0.7954545454545455,0.4343434343434343,0.5404717853839038,0.38636363636363635,"Interparfums, Inc.",Consumer Defensive,Household & Personal Products,3582403840,111.86000061035156,209.0,517.0,2026-06-30,none,NOT_SELECTED,,
2026-07-01T053352Z,2026-07-01T05:33:52.980988+00:00,2026-07-01T07:21:20.090043+00:00,2026-06-30,data/prospective/daily_qvp/snapshots/2026-07-01T053352Z/raw,1081,1043,144e01281e848a2a4c711cb0058eddc75099bb40,d3881a1328862a39dc4af32e15c4826237a09adca2da7038eafb5659ddb68bb4,8bda06ce0251beedd6a5f2cd61a08ef37682841102d3b9d86a1ab602640baf4e,CTSH,0.1920675300647548,0.07493061979648474,0.40216326882504494,0.20956937799043063,0.5898885902294794,0.7996164908916586,0.5220624603712246,0.564299424184261,0.612259007585335,0.9653392330383482,0.1920675300647548,0.3185840707964602,Cognizant Technology Solutions Corporation,Technology,Information Technology Services,18319290368,38.72999954223633,210.0,1001.0,2026-06-30,none,NOT_SELECTED,,
2026-07-01T053352Z,2026-07-01T05:33:52.980988+00:00,2026-07-01T07:21:20.090043+00:00,2026-06-30,data/prospective/daily_qvp/snapshots/2026-07-01T053352Z/raw,1081,1043,144e01281e848a2a4c711cb0058eddc75099bb40,d3881a1328862a39dc4af32e15c4826237a09adca2da7038eafb5659ddb68bb4,8bda06ce0251beedd6a5f2cd61a08ef37682841102d3b9d86a1ab602640baf4e,AAPL,0.6894079555966698,0.81313598519889,0.7401389493533286,0.968421052631579,0.5897878148097903,0.7986577181208053,0.5208806841161924,0.5575815738963532,0.7908699431099874,0.28908554572271383,0.6894079555966698,0.3141592920353983,Apple Inc.,Technology,Consumer Electronics,4249933053952,289.3599853515625,211.0,203.0,2026-06-30,none,NOT_SELECTED,,
2026-07-01T053352Z,2026-07-01T05:33:52.980988+00:00,2026-07-01T07:21:20.090043+00:00,2026-06-30,data/prospective/daily_qvp/snapshots/2026-07-01T053352Z/raw,1081,1043,144e01281e848a2a4c711cb0058eddc75099bb40,d3881a1328862a39dc4af32e15c4826237a09adca2da7038eafb5659ddb68bb4,8bda06ce0251beedd6a5f2cd61a08ef37682841102d3b9d86a1ab602640baf4e,ESE,0.7752081406105458,0.967622571692877,0.6720936404696218,0.9033492822966507,0.5896553473337302,0.7976989453499521,0.5594981476684393,0.7428023032629558,0.5689791403286979,0.4247787610619469,0.7752081406105458,0.4690265486725663,ESCO Technologies Inc.,Technology,Scientific & Technical Instruments,9068547072,350.0400085449219,212.0,36.0,2026-06-30,none,NOT_SELECTED,,
2026-07-01T053352Z,2026-07-01T05:33:52.980988+00:00,2026-07-01T07:21:20.090043+00:00,2026-06-30,data/prospective/daily_qvp/snapshots/2026-07-01T053352Z/raw,1081,1043,144e01281e848a2a4c711cb0058eddc75099bb40,d3881a1328862a39dc4af32e15c4826237a09adca2da7038eafb5659ddb68bb4,8bda06ce0251beedd6a5f2cd61a08ef37682841102d3b9d86a1ab602640baf4e,PTEN,0.6662812210915818,0.7752081406105458,0.48169133518347207,0.43732057416267944,0.5895679634513218,0.7967401725790988,0.5146397407044334,0.5316698656429942,0.2971014492753623,0.8053212199870213,0.6662812210915818,0.2898550724637681,"Patterson-UTI Energy, Inc.",Energy,Oil & Gas Drilling,3484890368,9.18000030517578,213.0,244.0,2026-06-30,none,NOT_SELECTED,,
2026-07-01T053352Z,2026-07-01T05:33:52.980988+00:00,2026-07-01T07:21:20.090043+00:00,2026-06-30,data/prospective/daily_qvp/snapshots/2026-07-01T053352Z/raw,1081,1043,144e01281e848a2a4c711cb0058eddc75099bb40,d3881a1328862a39dc4af32e15c4826237a09adca2da7038eafb5659ddb68bb4,8bda06ce0251beedd6a5f2cd61a08ef37682841102d3b9d86a1ab602640baf4e,CMC,0.5099444958371877,0.46345975948196116,0.43919995095795605,0.29952153110047847,0.5890962636016004,0.7957813998082455,0.48237775325675586,0.3934740882917466,0.36845540607872446,0.888888888888889,0.5099444958371877,0.1622222222222222,Commercial Metals Company,Industrials,Metal Fabrication,6941677056,62.75,214.0,581.0,2026-06-30,none,NOT_SELECTED,,
2026-07-01T053352Z,2026-07-01T05:33:52.980988+00:00,2026-07-01T07:21:20.090043+00:00,2026-06-30,data/prospective/daily_qvp/snapshots/2026-07-01T053352Z/raw,1081,1043,144e01281e848a2a4c711cb0058eddc75099bb40,d3881a1328862a39dc4af32e15c4826237a09adca2da7038eafb5659ddb68bb4,8bda06ce0251beedd6a5f2cd61a08ef37682841102d3b9d86a1ab602640baf4e,AVNT,0.5397779833487512,0.5208140610545791,0.4965839069286129,0.48899521531100476,0.5890597044307513,0.7948226270373921,0.5159473206959448,0.5422264875239923,0.4533898305084746,0.7740112994350282,0.5397779833487512,0.2966101694915254,Avient Corporation,Basic Materials,Specialty Chemicals,3389607680,36.959999084472656,215.0,519.0,2026-06-30,none,NOT_SELECTED,,
2026-07-01T053352Z,2026-07-01T05:33:52.980988+00:00,2026-07-01T07:21:20.090043+00:00,2026-06-30,data/prospective/daily_qvp/snapshots/2026-07-01T053352Z/raw,1081,1043,144e01281e848a2a4c711cb0058eddc75099bb40,d3881a1328862a39dc4af32e15c4826237a09adca2da7038eafb5659ddb68bb4,8bda06ce0251beedd6a5f2cd61a08ef37682841102d3b9d86a1ab602640baf4e,FCN,0.3667900092506937,0.2608695652173913,0.486539000639298,0.45454545454545453,0.5890506917842234,0.7938638542665388,0.5834546855048341,0.8272552783109405,0.6062879920279023,0.7940740740740742,0.3667900092506937,0.5666666666666667,"FTI Consulting, Inc.",Industrials,Consulting Services,4491763712,149.00999450683594,216.0,800.0,2026-06-30,none,NOT_SELECTED,,
2026-07-01T053352Z,2026-07-01T05:33:52.980988+00:00,2026-07-01T07:21:20.090043+00:00,2026-06-30,data/prospective/daily_qvp/snapshots/2026-07-01T053352Z/raw,1081,1043,144e01281e848a2a4c711cb0058eddc75099bb40,d3881a1328862a39dc4af32e15c4826237a09adca2da7038eafb5659ddb68bb4,8bda06ce0251beedd6a5f2cd61a08ef37682841102d3b9d86a1ab602640baf4e,KSS,0.3408880666049953,0.22756706753006475,0.39316589571610217,0.19808612440191387,0.5889079827649831,0.7929050814956855,0.5272464632642135,0.5921305182341651,0.44544372482720895,0.9803921568627452,0.3408880666049953,0.3422619047619047,Kohl's Corporation,Consumer Cyclical,Department Stores,2009447808,17.719999313354492,217.0,836.0,2026-06-30,none,NOT_SELECTED,,
2026-07-01T053352Z,2026-07-01T05:33:52.980988+00:00,2026-07-01T07:21:20.090043+00:00,2026-06-30,data/prospective/daily_qvp/snapshots/2026-07-01T053352Z/raw,1081,1043,144e01281e848a2a4c711cb0058eddc75099bb40,d3881a1328862a39dc4af32e15c4826237a09adca2da7038eafb5659ddb68bb4,8bda06ce0251beedd6a5f2cd61a08ef37682841102d3b9d86a1ab602640baf4e,HAL,0.6618871415356151,0.7668825161887142,0.599059512796793,0.7559808612440191,0.5885719414030678,0.7919463087248322,0.5283854777914313,0.5978886756238004,0.536231884057971,0.5675967986156175,0.6618871415356151,0.34782608695652173,Halliburton Company,Energy,Oil & Gas Equipment & Services,28361754624,33.95000076293945,218.0,253.0,2026-06-30,none,NOT_SELECTED,,
2026-07-01T053352Z,2026-07-01T05:33:52.980988+00:00,2026-07-01T07:21:20.090043+00:00,2026-06-30,data/prospective/daily_qvp/snapshots/2026-07-01T053352Z/raw,1081,1043,144e01281e848a2a4c711cb0058eddc75099bb40,d3881a1328862a39dc4af32e15c4826237a09adca2da7038eafb5659ddb68bb4,8bda06ce0251beedd6a5f2cd61a08ef37682841102d3b9d86a1ab602640baf4e,MMS,0.2509250693802035,0.12210915818686402,0.4024555591046508,0.21244019138755982,0.5885506196500141,0.7909875359539789,0.5591907425152883,0.7418426103646834,0.5539860488290981,0.9607407407407408,0.2509250693802035,0.47111111111111115,"Maximus, Inc.",Industrials,Specialty Business Services,2824569856,53.7599983215332,219.0,950.0,2026-06-30,none,NOT_SELECTED,,
2026-07-01T053352Z,2026-07-01T05:33:52.980988+00:00,2026-07-01T07:21:20.090043+00:00,2026-06-30,data/prospective/daily_qvp/snapshots/2026-07-01T053352Z/raw,1081,1043,144e01281e848a2a4c711cb0058eddc75099bb40,d3881a1328862a39dc4af32e15c4826237a09adca2da7038eafb5659ddb68bb4,8bda06ce0251beedd6a5f2cd61a08ef37682841102d3b9d86a1ab602640baf4e,CSCO,0.8159111933395005,0.9925994449583718,0.691620459185553,0.9224880382775119,0.5879239639408111,0.7900287631831256,0.4846376632210951,0.4040307101727447,0.5673297250316056,0.38053097345132736,0.8159111933395005,0.17477876106194684,"Cisco Systems, Inc.",Technology,Communication Equipment,462960918528,117.45999908447266,220.0,9.0,2026-06-30,none,NOT_SELECTED,,
2026-07-01T053352Z,2026-07-01T05:33:52.980988+00:00,2026-07-01T07:21:20.090043+00:00,2026-06-30,data/prospective/daily_qvp/snapshots/2026-07-01T053352Z/raw,1081,1043,144e01281e848a2a4c711cb0058eddc75099bb40,d3881a1328862a39dc4af32e15c4826237a09adca2da7038eafb5659ddb68bb4,8bda06ce0251beedd6a5f2cd61a08ef37682841102d3b9d86a1ab602640baf4e,PPLI,0.6160962072155411,0.6799259944495837,0.5245378238639216,0.5684210526315789,0.5876145878899574,0.7890699904122723,0.5420998298063568,0.6650671785028791,0.43297944051230197,0.7137681159420289,0.6160962072155411,0.40555555555555556,People Incorporated,Communication Services,Internet Content & Information,3433726720,46.15999984741211,221.0,347.0,2026-06-30,none,NOT_SELECTED,,
2026-07-01T053352Z,2026-07-01T05:33:52.980988+00:00,2026-07-01T07:21:20.090043+00:00,2026-06-30,data/prospective/daily_qvp/snapshots/2026-07-01T053352Z/raw,1081,1043,144e01281e848a2a4c711cb0058eddc75099bb40,d3881a1328862a39dc4af32e15c4826237a09adca2da7038eafb5659ddb68bb4,8bda06ce0251beedd6a5f2cd61a08ef37682841102d3b9d86a1ab602640baf4e,CMI,0.7495374653098983,0.9185938945420906,0.6799157182055222,0.9100478468899521,0.5871043059641753,0.788111217641419,0.5636615628064647,0.7562380038387716,0.610293971101146,0.4014814814814814,0.7495374653098983,0.4933333333333333,Cummins Inc.,Industrials,Specialty Industrial Machinery,98415190016,713.2100219726562,222.0,89.0,2026-06-30,none,NOT_SELECTED,,
2026-07-01T053352Z,2026-07-01T05:33:52.980988+00:00,2026-07-01T07:21:20.090043+00:00,2026-06-30,data/prospective/daily_qvp/snapshots/2026-07-01T053352Z/raw,1081,1043,144e01281e848a2a4c711cb0058eddc75099bb40,d3881a1328862a39dc4af32e15c4826237a09adca2da7038eafb5659ddb68bb4,8bda06ce0251beedd6a5f2cd61a08ef37682841102d3b9d86a1ab602640baf4e,MOG-A,0.830018501387604,0.9981498612395929,0.6856669487506032,0.9148325358851674,0.5869878423769453,0.7871524448705657,0.5591297706715979,0.7408829174664108,0.5413153961136024,0.38962962962962955,0.830018501387604,0.4755555555555555,Moog Inc.,Industrials,Aerospace & Defense,13428334592,423.8399963378906,223.0,3.0,2026-06-30,none,NOT_SELECTED,,
2026-07-01T053352Z,2026-07-01T05:33:52.980988+00:00,2026-07-01T07:21:20.090043+00:00,2026-06-30,data/prospective/daily_qvp/snapshots/2026-07-01T053352Z/raw,1081,1043,144e01281e848a2a4c711cb0058eddc75099bb40,d3881a1328862a39dc4af32e15c4826237a09adca2da7038eafb5659ddb68bb4,8bda06ce0251beedd6a5f2cd61a08ef37682841102d3b9d86a1ab602640baf4e,ST,0.717391304347826,0.8556891766882516,0.47338433738250973,0.4143540669856459,0.5869759889334726,0.7861936720997124,0.5176656200186884,0.5470249520153551,0.2293773704171934,0.8141592920353982,0.717391304347826,0.30973451327433627,Sensata Technologies Holding plc,Technology,Scientific & Technical Instruments,6942926336,47.7400016784668,224.0,157.0,2026-06-30,none,NOT_SELECTED,,
2026-07-01T053352Z,2026-07-01T05:33:52.980988+00:00,2026-07-01T07:21:20.090043+00:00,2026-06-30,data/prospective/daily_qvp/snapshots/2026-07-01T053352Z/raw,1081,1043,144e01281e848a2a4c711cb0058eddc75099bb40,d3881a1328862a39dc4af32e15c4826237a09adca2da7038eafb5659ddb68bb4,8bda06ce0251beedd6a5f2cd61a08ef37682841102d3b9d86a1ab602640baf4e,CTRI,0.561054579093432,0.5638297872340425,0.5739594929365466,0.6947368421052632,0.5869711120518596,0.785234899328859,0.5889352305906188,0.8445297504798465,0.586864406779661,0.6129943502824858,0.561054579093432,0.5948275862068966,"Centuri Holdings, Inc.",Utilities,Utilities - Regulated Gas,3052264192,30.239999771118164,225.0,472.0,2026-06-30,none,NOT_SELECTED,,
2026-07-01T053352Z,2026-07-01T05:33:52.980988+00:00,2026-07-01T07:21:20.090043+00:00,2026-06-30,data/prospective/daily_qvp/snapshots/2026-07-01T053352Z/raw,1081,1043,144e01281e848a2a4c711cb0058eddc75099bb40,d3881a1328862a39dc4af32e15c4826237a09adca2da7038eafb5659ddb68bb4,8bda06ce0251beedd6a5f2cd61a08ef37682841102d3b9d86a1ab602640baf4e,OXY,0.6017576318223867,0.6484736355226642,0.5889222941720629,0.7339712918660287,0.5869571609523562,0.7842761265580057,0.5253627982504989,0.5796545105566219,0.5760869565217391,0.5830268945129425,0.6017576318223867,0.3405797101449275,Occidental Petroleum Corporation,Energy,Oil & Gas E&P,48309407744,48.56999969482422,226.0,381.0,2026-06-30,none,NOT_SELECTED,,
2026-07-01T053352Z,2026-07-01T05:33:52.980988+00:00,2026-07-01T07:21:20.090043+00:00,2026-06-30,data/prospective/daily_qvp/snapshots/2026-07-01T053352Z/raw,1081,1043,144e01281e848a2a4c711cb0058eddc75099bb40,d3881a1328862a39dc4af32e15c4826237a09adca2da7038eafb5659ddb68bb4,8bda06ce0251beedd6a5f2cd61a08ef37682841102d3b9d86a1ab602640baf4e,WSM,0.6080018501387605,0.667900092506938,0.7361270003515641,0.9636363636363636,0.5861761701690166,0.7833173537871524,0.5318940323886672,0.6122840690978887,0.8642521505643678,0.28627450980392155,0.6080018501387605,0.36904761904761907,"Williams-Sonoma, Inc.",Consumer Cyclical,Specialty Retail,27446734848,233.1000061035156,227.0,360.0,2026-06-30,none,NOT_SELECTED,,
2026-07-01T053352Z,2026-07-01T05:33:52.980988+00:00,2026-07-01T07:21:20.090043+00:00,2026-06-30,data/prospective/daily_qvp/snapshots/2026-07-01T053352Z/raw,1081,1043,144e01281e848a2a4c711cb0058eddc75099bb40,d3881a1328862a39dc4af32e15c4826237a09adca2da7038eafb5659ddb68bb4,8bda06ce0251beedd6a5f2cd61a08ef37682841102d3b9d86a1ab602640baf4e,DOCU,0.15286771507863084,0.05365402405180388,0.48381968244449874,0.44401913875598087,0.5860666122884662,0.7823585810162992,0.5462977468269692,0.6842610364683301,0.8147716498103666,0.7905604719764012,0.15286771507863084,0.4269911504424778,"DocuSign, Inc.",Technology,Software - Application,8481759232,44.41999816894531,228.0,1024.0,2026-06-30,none,NOT_SELECTED,,
2026-07-01T053352Z,2026-07-01T05:33:52.980988+00:00,2026-07-01T07:21:20.090043+00:00,2026-06-30,data/prospective/daily_qvp/snapshots/2026-07-01T053352Z/raw,1081,1043,144e01281e848a2a4c711cb0058eddc75099bb40,d3881a1328862a39dc4af32e15c4826237a09adca2da7038eafb5659ddb68bb4,8bda06ce0251beedd6a5f2cd61a08ef37682841102d3b9d86a1ab602640baf4e,SWKS,0.4821924144310823,0.41905642923219244,0.46635003939000386,0.39043062200956935,0.5857279515304058,0.7813998082454459,0.45478268931152116,0.2783109404990403,0.4505076643489254,0.8244837758112095,0.4821924144310823,0.061946902654867256,"Skyworks Solutions, Inc.",Technology,Semiconductors,10197525504,67.80000305175781,229.0,629.0,2026-06-30,none,NOT_SELECTED,,
2026-07-01T053352Z,2026-07-01T05:33:52.980988+00:00,2026-07-01T07:21:20.090043+00:00,2026-06-30,data/prospective/daily_qvp/snapshots/2026-07-01T053352Z/raw,1081,1043,144e01281e848a2a4c711cb0058eddc75099bb40,d3881a1328862a39dc4af32e15c4826237a09adca2da7038eafb5659ddb68bb4,8bda06ce0251beedd6a5f2cd61a08ef37682841102d3b9d86a1ab602640baf4e,SLB,0.6593432007400555,0.7631822386679001,0.6195266728337958,0.8038277511961722,0.5855848979994671,0.7804410354745925,0.5442611372677163,0.6775431861804223,0.5797101449275361,0.5177013483308097,0.6593432007400555,0.42028985507246375,SLB N.V.,Energy,Oil & Gas Equipment & Services,69505236992,46.4900016784668,230.0,257.0,2026-06-30,none,NOT_SELECTED,,
2026-07-01T053352Z,2026-07-01T05:33:52.980988+00:00,2026-07-01T07:21:20.090043+00:00,2026-06-30,data/prospective/daily_qvp/snapshots/2026-07-01T053352Z/raw,1081,1043,144e01281e848a2a4c711cb0058eddc75099bb40,d3881a1328862a39dc4af32e15c4826237a09adca2da7038eafb5659ddb68bb4,8bda06ce0251beedd6a5f2cd61a08ef37682841102d3b9d86a1ab602640baf4e,XYZ,0.5004625346901017,0.44680851063829785,0.4476870195574402,0.3263157894736842,0.5855769904227576,0.7794822627037392,0.5520146012241478,0.7130518234165067,0.39491150442477874,0.8613569321533924,0.5004625346901017,0.45132743362831856,"Block, Inc.",Technology,Software - Infrastructure,45233754112,76.0,231.0,599.0,2026-06-30,none,NOT_SELECTED,,
2026-07-01T053352Z,2026-07-01T05:33:52.980988+00:00,2026-07-01T07:21:20.090043+00:00,2026-06-30,data/prospective/daily_qvp/snapshots/2026-07-01T053352Z/raw,1081,1043,144e01281e848a2a4c711cb0058eddc75099bb40,d3881a1328862a39dc4af32e15c4826237a09adca2da7038eafb5659ddb68bb4,8bda06ce0251beedd6a5f2cd61a08ef37682841102d3b9d86a1ab602640baf4e,CGNX,0.7310360777058278,0.8765032377428307,0.712127354592484,0.9435406698564593,0.5853710387548714,0.7785234899328859,0.5717716418980119,0.7888675623800384,0.6932186314791403,0.331858407079646,0.7310360777058278,0.5309734513274337,Cognex Corporation,Technology,Scientific & Technical Instruments,12052097024,72.41999816894531,232.0,134.0,2026-06-30,none,NOT_SELECTED,,
2026-07-01T053352Z,2026-07-01T05:33:52.980988+00:00,2026-07-01T07:21:20.090043+00:00,2026-06-30,data/prospective/daily_qvp/snapshots/2026-07-01T053352Z/raw,1081,1043,144e01281e848a2a4c711cb0058eddc75099bb40,d3881a1328862a39dc4af32e15c4826237a09adca2da7038eafb5659ddb68bb4,8bda06ce0251beedd6a5f2cd61a08ef37682841102d3b9d86a1ab602640baf4e,CRGY,0.49976873265494914,0.44588344125809437,0.4727104532839963,0.40956937799043064,0.5850828599320184,0.7775647171620326,0.5873628695866949,0.8387715930902111,0.44565217391304346,0.8098276732280626,0.49976873265494914,0.5942028985507246,Crescent Energy Company,Energy,Oil & Gas E&P,3243070720,9.81999969482422,233.0,600.0,2026-06-30,none,NOT_SELECTED,,
2026-07-01T053352Z,2026-07-01T05:33:52.980988+00:00,2026-07-01T07:21:20.090043+00:00,2026-06-30,data/prospective/daily_qvp/snapshots/2026-07-01T053352Z/raw,1081,1043,144e01281e848a2a4c711cb0058eddc75099bb40,d3881a1328862a39dc4af32e15c4826237a09adca2da7038eafb5659ddb68bb4,8bda06ce0251beedd6a5f2cd61a08ef37682841102d3b9d86a1ab602640baf4e,LH,0.5319148936170213,0.5074005550416282,0.4884818539670158,0.46220095693779906,0.584453741153994,0.7766059443911792,0.5544160707999297,0.72552783109405,0.4450488143170104,0.7763975155279503,0.5319148936170213,0.4643030597377368,Labcorp Holdings Inc.,Healthcare,Diagnostics & Research,22960001024,280.0,234.0,533.0,2026-06-30,none,NOT_SELECTED,,
2026-07-01T053352Z,2026-07-01T05:33:52.980988+00:00,2026-07-01T07:21:20.090043+00:00,2026-06-30,data/prospective/daily_qvp/snapshots/2026-07-01T053352Z/raw,1081,1043,144e01281e848a2a4c711cb0058eddc75099bb40,d3881a1328862a39dc4af32e15c4826237a09adca2da7038eafb5659ddb68bb4,8bda06ce0251beedd6a5f2cd61a08ef37682841102d3b9d86a1ab602640baf4e,OKTA,0.6322849213691026,0.7104532839962997,0.6035357919108472,0.7665071770334928,0.5842647658953337,0.775647171620326,0.6035746806161906,0.8838771593090211,0.5747866624525917,0.5457227138643068,0.6322849213691026,0.661504424778761,"Okta, Inc.",Technology,Software - Infrastructure,23926022144,136.4499969482422,235.0,314.0,2026-06-30,none,NOT_SELECTED,,
2026-07-01T053352Z,2026-07-01T05:33:52.980988+00:00,2026-07-01T07:21:20.090043+00:00,2026-06-30,data/prospective/daily_qvp/snapshots/2026-07-01T053352Z/raw,1081,1043,144e01281e848a2a4c711cb0058eddc75099bb40,d3881a1328862a39dc4af32e15c4826237a09adca2da7038eafb5659ddb68bb4,8bda06ce0251beedd6a5f2cd61a08ef37682841102d3b9d86a1ab602640baf4e,RNG,0.5876503237742831,0.6244218316373727,0.5615415612234247,0.662200956937799,0.5838005688392153,0.7746883988494727,0.559531842558615,0.7437619961612284,0.5354327986725663,0.6283185840707964,0.5876503237742831,0.48672566371681414,"RingCentral, Inc.",Technology,Software - Application,3268808448,38.97999954223633,236.0,407.0,2026-06-30,none,NOT_SELECTED,,
2026-07-01T053352Z,2026-07-01T05:33:52.980988+00:00,2026-07-01T07:21:20.090043+00:00,2026-06-30,data/prospective/daily_qvp/snapshots/2026-07-01T053352Z/raw,1081,1043,144e01281e848a2a4c711cb0058eddc75099bb40,d3881a1328862a39dc4af32e15c4826237a09adca2da7038eafb5659ddb68bb4,8bda06ce0251beedd6a5f2cd61a08ef37682841102d3b9d86a1ab602640baf4e,HSIC,0.5409343200740055,0.5235892691951897,0.5065186274150238,0.5215311004784688,0.5833657654126384,0.7737296260786194,0.5029990690813341,0.4740882917466411,0.47210293475604215,0.7370600414078675,0.5409343200740055,0.2618989800874211,"Henry Schein, Inc.",Healthcare,Medical Distribution,9514327040,83.5199966430664,237.0,516.0,2026-06-30,none,NOT_SELECTED,,
2026-07-01T053352Z,2026-07-01T05:33:52.980988+00:00,2026-07-01T07:21:20.090043+00:00,2026-06-30,data/prospective/daily_qvp/snapshots/2026-07-01T053352Z/raw,1081,1043,144e01281e848a2a4c711cb0058eddc75099bb40,d3881a1328862a39dc4af32e15c4826237a09adca2da7038eafb5659ddb68bb4,8bda06ce0251beedd6a5f2cd61a08ef37682841102d3b9d86a1ab602640baf4e,ZWS,0.5520351526364478,0.5448658649398704,0.6579607751224092,0.8746411483253589,0.5833318747729642,0.7727708533077661,0.5969433505241676,0.8646833013435701,0.7638863976083707,0.4340740740740741,0.5520351526364478,0.6377777777777778,Zurn Elkay Water Solutions Corporation,Industrials,Pollution & Treatment Controls,8465912320,50.529998779296875,238.0,493.0,2026-06-30,none,NOT_SELECTED,,
2026-07-01T053352Z,2026-07-01T05:33:52.980988+00:00,2026-07-01T07:21:20.090043+00:00,2026-06-30,data/prospective/daily_qvp/snapshots/2026-07-01T053352Z/raw,1081,1043,144e01281e848a2a4c711cb0058eddc75099bb40,d3881a1328862a39dc4af32e15c4826237a09adca2da7038eafb5659ddb68bb4,8bda06ce0251beedd6a5f2cd61a08ef37682841102d3b9d86a1ab602640baf4e,RMD,0.30827937095282143,0.1868640148011101,0.5716104013014871,0.6889952153110048,0.583282020467382,0.7718120805369127,0.5735652064627269,0.7946257197696737,0.8349414316501527,0.6066252587991718,0.30827937095282143,0.5444147644487616,ResMed Inc.,Healthcare,Medical Instruments & Supplies,28268589056,194.8800048828125,239.0,880.0,2026-06-30,none,NOT_SELECTED,,
2026-07-01T053352Z,2026-07-01T05:33:52.980988+00:00,2026-07-01T07:21:20.090043+00:00,2026-06-30,data/prospective/daily_qvp/snapshots/2026-07-01T053352Z/raw,1081,1043,144e01281e848a2a4c711cb0058eddc75099bb40,d3881a1328862a39dc4af32e15c4826237a09adca2da7038eafb5659ddb68bb4,8bda06ce0251beedd6a5f2cd61a08ef37682841102d3b9d86a1ab602640baf4e,MPC,0.7569380203515264,0.9306197964847364,0.5831791551032994,0.7167464114832536,0.5832485736596081,0.7708533077660594,0.5570016476360105,0.7312859884836852,0.40942028985507245,0.5833874107722258,0.7569380203515264,0.4782608695652174,Marathon Petroleum Corporation,Energy,Oil & Gas Refining & Marketing,74639441920,255.6699981689453,240.0,76.0,2026-06-30,none,NOT_SELECTED,,
2026-07-01T053352Z,2026-07-01T05:33:52.980988+00:00,2026-07-01T07:21:20.090043+00:00,2026-06-30,data/prospective/daily_qvp/snapshots/2026-07-01T053352Z/raw,1081,1043,144e01281e848a2a4c711cb0058eddc75099bb40,d3881a1328862a39dc4af32e15c4826237a09adca2da7038eafb5659ddb68bb4,8bda06ce0251beedd6a5f2cd61a08ef37682841102d3b9d86a1ab602640baf4e,PPG,0.568686401480111,0.5823311748381128,0.5894279465027673,0.7368421052631579,0.5831591206440294,0.7698945349952061,0.5390642557372594,0.6497120921305183,0.6101694915254237,0.5706214689265536,0.568686401480111,0.4067796610169492,"PPG Industries, Inc.",Basic Materials,Specialty Chemicals,27035541504,121.29000091552734,241.0,452.0,2026-06-30,none,NOT_SELECTED,,
2026-07-01T053352Z,2026-07-01T05:33:52.980988+00:00,2026-07-01T07:21:20.090043+00:00,2026-06-30,data/prospective/daily_qvp/snapshots/2026-07-01T053352Z/raw,1081,1043,144e01281e848a2a4c711cb0058eddc75099bb40,d3881a1328862a39dc4af32e15c4826237a09adca2da7038eafb5659ddb68bb4,8bda06ce0251beedd6a5f2cd61a08ef37682841102d3b9d86a1ab602640baf4e,NXT,0.6371415356151711,0.7210915818686402,0.638636349349937,0.8354066985645933,0.5820997491241467,0.7689357622243528,0.5411102100731986,0.6612284069097889,0.6401311630847029,0.4690265486725664,0.6371415356151711,0.41814159292035397,Nextpower Inc.,Technology,Solar,18131118080,119.13999938964844,242.0,303.0,2026-06-30,none,NOT_SELECTED,,
2026-07-01T053352Z,2026-07-01T05:33:52.980988+00:00,2026-07-01T07:21:20.090043+00:00,2026-06-30,data/prospective/daily_qvp/snapshots/2026-07-01T053352Z/raw,1081,1043,144e01281e848a2a4c711cb0058eddc75099bb40,d3881a1328862a39dc4af32e15c4826237a09adca2da7038eafb5659ddb68bb4,8bda06ce0251beedd6a5f2cd61a08ef37682841102d3b9d86a1ab602640baf4e,ILMN,0.6681313598519889,0.7798334875115633,0.6718631109499253,0.9014354066985646,0.5817941788665478,0.7679769894534996,0.5364427686812367,0.6362763915547025,0.6755948620478619,0.4016563146997929,0.6681313598519889,0.4003885381253035,"Illumina, Inc.",Healthcare,Diagnostics & Research,26603079680,175.8300018310547,243.0,239.0,2026-06-30,none,NOT_SELECTED,,
2026-07-01T053352Z,2026-07-01T05:33:52.980988+00:00,2026-07-01T07:21:20.090043+00:00,2026-06-30,data/prospective/daily_qvp/snapshots/2026-07-01T053352Z/raw,1081,1043,144e01281e848a2a4c711cb0058eddc75099bb40,d3881a1328862a39dc4af32e15c4826237a09adca2da7038eafb5659ddb68bb4,8bda06ce0251beedd6a5f2cd61a08ef37682841102d3b9d86a1ab602640baf4e,SEM,0.5615171137835338,0.5661424606845513,0.41098801014956443,0.23062200956937798,0.5817904884779015,0.7670182166826462,0.5263380096318597,0.5863723608445297,0.2604589065155951,0.9233954451345756,0.5615171137835338,0.35998057309373477,Select Medical Holdings Corporation,Healthcare,Medical Care Facilities,2046298112,16.510000228881836,244.0,470.0,2026-06-30,none,NOT_SELECTED,,
2026-07-01T053352Z,2026-07-01T05:33:52.980988+00:00,2026-07-01T07:21:20.090043+00:00,2026-06-30,data/prospective/daily_qvp/snapshots/2026-07-01T053352Z/raw,1081,1043,144e01281e848a2a4c711cb0058eddc75099bb40,d3881a1328862a39dc4af32e15c4826237a09adca2da7038eafb5659ddb68bb4,8bda06ce0251beedd6a5f2cd61a08ef37682841102d3b9d86a1ab602640baf4e,GTES,0.5617483811285846,0.5684551341350601,0.5013325861796386,0.5023923444976076,0.5816291315271664,0.7660594439117929,0.5401107375342638,0.6593090211132437,0.44091679123069255,0.7422222222222222,0.5617483811285846,0.4155555555555555,Gates Industrial Corporation plc,Industrials,Specialty Industrial Machinery,7104377856,27.969999313354492,245.0,467.0,2026-06-30,none,NOT_SELECTED,,
2026-07-01T053352Z,2026-07-01T05:33:52.980988+00:00,2026-07-01T07:21:20.090043+00:00,2026-06-30,data/prospective/daily_qvp/snapshots/2026-07-01T053352Z/raw,1081,1043,144e01281e848a2a4c711cb0058eddc75099bb40,d3881a1328862a39dc4af32e15c4826237a09adca2da7038eafb5659ddb68bb4,8bda06ce0251beedd6a5f2cd61a08ef37682841102d3b9d86a1ab602640baf4e,ANF,0.1990055504162812,0.08048103607770583,0.47783977568880626,0.42488038277511964,0.5813049484984197,0.7651006711409396,0.5453537113738148,0.6804222648752399,0.7566740009613313,0.788235294117647,0.1990055504162812,0.4375,Abercrombie & Fitch Co.,Consumer Cyclical,Apparel Retail,3999298560,90.01000213623047,246.0,995.0,2026-06-30,none,NOT_SELECTED,,
2026-07-01T053352Z,2026-07-01T05:33:52.980988+00:00,2026-07-01T07:21:20.090043+00:00,2026-06-30,data/prospective/daily_qvp/snapshots/2026-07-01T053352Z/raw,1081,1043,144e01281e848a2a4c711cb0058eddc75099bb40,d3881a1328862a39dc4af32e15c4826237a09adca2da7038eafb5659ddb68bb4,8bda06ce0251beedd6a5f2cd61a08ef37682841102d3b9d86a1ab602640baf4e,GTX,0.8061979648473636,0.9870490286771508,0.6933357206100806,0.9272727272727272,0.5811780621060668,0.7641418983700863,0.5638597370557406,0.7581573896353166,0.5804734763727977,0.3568627450980392,0.8061979648473636,0.5119047619047619,Garrett Motion Inc.,Consumer Cyclical,Auto Parts,6781839360,36.22999954223633,247.0,15.0,2026-06-30,none,NOT_SELECTED,,
2026-07-01T053352Z,2026-07-01T05:33:52.980988+00:00,2026-07-01T07:21:20.090043+00:00,2026-06-30,data/prospective/daily_qvp/snapshots/2026-07-01T053352Z/raw,1081,1043,144e01281e848a2a4c711cb0058eddc75099bb40,d3881a1328862a39dc4af32e15c4826237a09adca2da7038eafb5659ddb68bb4,8bda06ce0251beedd6a5f2cd61a08ef37682841102d3b9d86a1ab602640baf4e,DVA,0.7324236817761332,0.879740980573543,0.5713056140074967,0.6870813397129186,0.5810084355633138,0.763183125599233,0.507927283447619,0.4932821497120921,0.41018754623886017,0.6004140786749482,0.7324236817761332,0.2886838271005342,DaVita Inc.,Healthcare,Medical Care Facilities,14279878656,222.47999572753903,248.0,131.0,2026-06-30,none,NOT_SELECTED,,
2026-07-01T053352Z,2026-07-01T05:33:52.980988+00:00,2026-07-01T07:21:20.090043+00:00,2026-06-30,data/prospective/daily_qvp/snapshots/2026-07-01T053352Z/raw,1081,1043,144e01281e848a2a4c711cb0058eddc75099bb40,d3881a1328862a39dc4af32e15c4826237a09adca2da7038eafb5659ddb68bb4,8bda06ce0251beedd6a5f2cd61a08ef37682841102d3b9d86a1ab602640baf4e,KMT,0.5467160037002775,0.5328399629972248,0.5202065319946331,0.5550239234449761,0.5808784287371628,0.7622243528283796,0.4789921548862054,0.3761996161228407,0.4936970602889886,0.7022222222222222,0.5467160037002775,0.17333333333333328,Kennametal Inc.,Industrials,Tools & Accessories,2671164160,35.04999923706055,249.0,506.0,2026-06-30,none,NOT_SELECTED,,
2026-07-01T053352Z,2026-07-01T05:33:52.980988+00:00,2026-07-01T07:21:20.090043+00:00,2026-06-30,data/prospective/daily_qvp/snapshots/2026-07-01T053352Z/raw,1081,1043,144e01281e848a2a4c711cb0058eddc75099bb40,d3881a1328862a39dc4af32e15c4826237a09adca2da7038eafb5659ddb68bb4,8bda06ce0251beedd6a5f2cd61a08ef37682841102d3b9d86a1ab602640baf4e,GWW,0.7180851063829787,0.8589269195189639,0.7240300967888984,0.9550239234449761,0.5804645089703767,0.7612655800575263,0.5209039372833381,0.5585412667946257,0.7299750871948181,0.2933333333333333,0.7180851063829787,0.3422222222222222,"W.W. Grainger, Inc.",Industrials,Industrial Distribution,64228728832,1360.4000244140625,250.0,153.0,2026-06-30,none,NOT_SELECTED,,
2026-07-01T053352Z,2026-07-01T05:33:52.980988+00:00,2026-07-01T07:21:20.090043+00:00,2026-06-30,data/prospective/daily_qvp/snapshots/2026-07-01T053352Z/raw,1081,1043,144e01281e848a2a4c711cb0058eddc75099bb40,d3881a1328862a39dc4af32e15c4826237a09adca2da7038eafb5659ddb68bb4,8bda06ce0251beedd6a5f2cd61a08ef37682841102d3b9d86a1ab602640baf4e,MSGE,0.7964847363552267,0.9787234042553191,0.6495231231489649,0.8574162679425837,0.5803584106017253,0.7603068072866731,0.5047132523957384,0.48080614203454897,0.5025615099427031,0.44202898550724634,0.7964847363552267,0.2777777777777777,Madison Square Garden Entertainment Corp.,Communication Services,Entertainment,3826520064,80.88999938964844,251.0,24.0,2026-06-30,none,NOT_SELECTED,,
2026-07-01T053352Z,2026-07-01T05:33:52.980988+00:00,2026-07-01T07:21:20.090043+00:00,2026-06-30,data/prospective/daily_qvp/snapshots/2026-07-01T053352Z/raw,1081,1043,144e01281e848a2a4c711cb0058eddc75099bb40,d3881a1328862a39dc4af32e15c4826237a09adca2da7038eafb5659ddb68bb4,8bda06ce0251beedd6a5f2cd61a08ef37682841102d3b9d86a1ab602640baf4e,ROKU,0.6223404255319148,0.6938020351526365,0.6673478894315006,0.8947368421052632,0.5801642934374255,0.7593480345158198,0.6184565534114025,0.9136276391554703,0.7123553533310865,0.40579710144927533,0.6223404255319148,0.7333333333333333,"Roku, Inc.",Communication Services,Entertainment,20491984896,138.13999938964844,252.0,332.0,2026-06-30,none,NOT_SELECTED,,
2026-07-01T053352Z,2026-07-01T05:33:52.980988+00:00,2026-07-01T07:21:20.090043+00:00,2026-06-30,data/prospective/daily_qvp/snapshots/2026-07-01T053352Z/raw,1081,1043,144e01281e848a2a4c711cb0058eddc75099bb40,d3881a1328862a39dc4af32e15c4826237a09adca2da7038eafb5659ddb68bb4,8bda06ce0251beedd6a5f2cd61a08ef37682841102d3b9d86a1ab602640baf4e,AEP,0.6800416281221091,0.7964847363552267,0.6498907731493071,0.861244019138756,0.580153170800103,0.7583892617449665,0.6269252229276634,0.9309021113243762,0.619739918176505,0.4406779661016949,0.6800416281221091,0.7672413793103448,"American Electric Power Company, Inc.",Utilities,Utilities - Regulated Electric,74439008256,136.80999755859375,253.0,221.0,2026-06-30,none,NOT_SELECTED,,
2026-07-01T053352Z,2026-07-01T05:33:52.980988+00:00,2026-07-01T07:21:20.090043+00:00,2026-06-30,data/prospective/daily_qvp/snapshots/2026-07-01T053352Z/raw,1081,1043,144e01281e848a2a4c711cb0058eddc75099bb40,d3881a1328862a39dc4af32e15c4826237a09adca2da7038eafb5659ddb68bb4,8bda06ce0251beedd6a5f2cd61a08ef37682841102d3b9d86a1ab602640baf4e,MWA,0.48612395929694724,0.4227567067530065,0.591676827680362,0.7416267942583732,0.5796364036387599,0.7574304889741131,0.6297273027290698,0.935700575815739,0.6972296960637767,0.5555555555555556,0.48612395929694724,0.78,"Mueller Water Products, Inc.",Industrials,Specialty Industrial Machinery,4041647872,25.829999923706055,254.0,625.0,2026-06-30,none,NOT_SELECTED,,
2026-07-01T053352Z,2026-07-01T05:33:52.980988+00:00,2026-07-01T07:21:20.090043+00:00,2026-06-30,data/prospective/daily_qvp/snapshots/2026-07-01T053352Z/raw,1081,1043,144e01281e848a2a4c711cb0058eddc75099bb40,d3881a1328862a39dc4af32e15c4826237a09adca2da7038eafb5659ddb68bb4,8bda06ce0251beedd6a5f2cd61a08ef37682841102d3b9d86a1ab602640baf4e,CI,0.3908418131359852,0.2978723404255319,0.40353431766717496,0.21435406698564594,0.5795818846559634,0.7564717162032598,0.5327922901311177,0.6190019193857965,0.4162268221983647,0.9316770186335405,0.3908418131359852,0.39242350655658087,The Cigna Group,Healthcare,Healthcare Plans,72926289920,275.67999267578125,255.0,760.0,2026-06-30,none,NOT_SELECTED,,
2026-07-01T053352Z,2026-07-01T05:33:52.980988+00:00,2026-07-01T07:21:20.090043+00:00,2026-06-30,data/prospective/daily_qvp/snapshots/2026-07-01T053352Z/raw,1081,1043,144e01281e848a2a4c711cb0058eddc75099bb40,d3881a1328862a39dc4af32e15c4826237a09adca2da7038eafb5659ddb68bb4,8bda06ce0251beedd6a5f2cd61a08ef37682841102d3b9d86a1ab602640baf4e,MAS,0.5948196114708603,0.637372802960222,0.6284760737972139,0.8200956937799043,0.5794778763586365,0.7555129434324065,0.47960840726897724,0.3790786948176583,0.6621325361235675,0.48148148148148145,0.5948196114708603,0.17999999999999994,Masco Corporation,Industrials,Building Products & Equipment,16415131648,81.37000274658203,256.0,393.0,2026-06-30,none,NOT_SELECTED,,
2026-07-01T053352Z,2026-07-01T05:33:52.980988+00:00,2026-07-01T07:21:20.090043+00:00,2026-06-30,data/prospective/daily_qvp/snapshots/2026-07-01T053352Z/raw,1081,1043,144e01281e848a2a4c711cb0058eddc75099bb40,d3881a1328862a39dc4af32e15c4826237a09adca2da7038eafb5659ddb68bb4,8bda06ce0251beedd6a5f2cd61a08ef37682841102d3b9d86a1ab602640baf4e,SWX,0.6219935245143385,0.692876965772433,0.6089219522045684,0.7789473684210526,0.5792059719028573,0.7545541706615532,0.5583268927202464,0.736084452975048,0.5958503798947983,0.519774011299435,0.6219935245143385,0.4956896551724138,"Southwest Gas Holdings, Inc.",Utilities,Utilities - Regulated Gas,6418203648,88.68000030517578,257.0,333.0,2026-06-30,none,NOT_SELECTED,,
2026-07-01T053352Z,2026-07-01T05:33:52.980988+00:00,2026-07-01T07:21:20.090043+00:00,2026-06-30,data/prospective/daily_qvp/snapshots/2026-07-01T053352Z/raw,1081,1043,144e01281e848a2a4c711cb0058eddc75099bb40,d3881a1328862a39dc4af32e15c4826237a09adca2da7038eafb5659ddb68bb4,8bda06ce0251beedd6a5f2cd61a08ef37682841102d3b9d86a1ab602640baf4e,BKH,0.6424606845513413,0.72895467160037,0.55800708102494,0.6516746411483254,0.5791610295345174,0.7535953978907,0.537819048012957,0.6401151631477927,0.4735534774985388,0.6214689265536723,0.6424606845513413,0.4137931034482758,Black Hills Corporation,Utilities,Utilities - Regulated Gas,5663932416,74.4000015258789,258.0,294.0,2026-06-30,none,NOT_SELECTED,,
2026-07-01T053352Z,2026-07-01T05:33:52.980988+00:00,2026-07-01T07:21:20.090043+00:00,2026-06-30,data/prospective/daily_qvp/snapshots/2026-07-01T053352Z/raw,1081,1043,144e01281e848a2a4c711cb0058eddc75099bb40,d3881a1328862a39dc4af32e15c4826237a09adca2da7038eafb5659ddb68bb4,8bda06ce0251beedd6a5f2cd61a08ef37682841102d3b9d86a1ab602640baf4e,EXC,0.5653330249768732,0.57631822386679,0.5457436603551812,0.6277511961722488,0.5785183724401772,0.7526366251198466,0.5847508482956502,0.8349328214971209,0.5261542957334892,0.6440677966101694,0.5653330249768732,0.603448275862069,Exelon Corporation,Utilities,Utilities - Regulated Electric,47701962752,46.619998931884766,259.0,459.0,2026-06-30,none,NOT_SELECTED,,
2026-07-01T053352Z,2026-07-01T05:33:52.980988+00:00,2026-07-01T07:21:20.090043+00:00,2026-06-30,data/prospective/daily_qvp/snapshots/2026-07-01T053352Z/raw,1081,1043,144e01281e848a2a4c711cb0058eddc75099bb40,d3881a1328862a39dc4af32e15c4826237a09adca2da7038eafb5659ddb68bb4,8bda06ce0251beedd6a5f2cd61a08ef37682841102d3b9d86a1ab602640baf4e,DOX,0.272895467160037,0.1452358926919519,0.3992578631628251,0.20574162679425836,0.5783646324723652,0.7516778523489933,0.5136960407259553,0.5182341650671785,0.5256202591656132,0.9365781710914455,0.272895467160037,0.31969026548672563,Amdocs Limited,Technology,Software - Infrastructure,5365528576,50.540000915527344,260.0,925.0,2026-06-30,none,NOT_SELECTED,,
2026-07-01T053352Z,2026-07-01T05:33:52.980988+00:00,2026-07-01T07:21:20.090043+00:00,2026-06-30,data/prospective/daily_qvp/snapshots/2026-07-01T053352Z/raw,1081,1043,144e01281e848a2a4c711cb0058eddc75099bb40,d3881a1328862a39dc4af32e15c4826237a09adca2da7038eafb5659ddb68bb4,8bda06ce0251beedd6a5f2cd61a08ef37682841102d3b9d86a1ab602640baf4e,F,0.6537927844588345,0.7474560592044404,0.42720545816348315,0.276555023923445,0.5782676910632372,0.75071907957814,0.4716471968688564,0.34644913627639157,0.20061813186813182,0.8803921568627452,0.6537927844588345,0.15178571428571425,Ford Motor Company,Consumer Cyclical,Auto Manufacturers,55387226112,13.899999618530272,261.0,274.0,2026-06-30,none,NOT_SELECTED,,
2026-07-01T053352Z,2026-07-01T05:33:52.980988+00:00,2026-07-01T07:21:20.090043+00:00,2026-06-30,data/prospective/daily_qvp/snapshots/2026-07-01T053352Z/raw,1081,1043,144e01281e848a2a4c711cb0058eddc75099bb40,d3881a1328862a39dc4af32e15c4826237a09adca2da7038eafb5659ddb68bb4,8bda06ce0251beedd6a5f2cd61a08ef37682841102d3b9d86a1ab602640baf4e,LFUS,0.7987974098057354,0.9814986123959297,0.5886123189989486,0.7330143540669857,0.5772656364614427,0.7497603068072867,0.5618209087620112,0.7514395393474088,0.3784272281921618,0.5545722713864306,0.7987974098057354,0.5154867256637168,"Littelfuse, Inc.",Technology,Electronic Components,11514796032,455.3299865722656,262.0,21.0,2026-06-30,none,NOT_SELECTED,,
2026-07-01T053352Z,2026-07-01T05:33:52.980988+00:00,2026-07-01T07:21:20.090043+00:00,2026-06-30,data/prospective/daily_qvp/snapshots/2026-07-01T053352Z/raw,1081,1043,144e01281e848a2a4c711cb0058eddc75099bb40,d3881a1328862a39dc4af32e15c4826237a09adca2da7038eafb5659ddb68bb4,8bda06ce0251beedd6a5f2cd61a08ef37682841102d3b9d86a1ab602640baf4e,BDX,0.48866790009250693,0.4283071230342276,0.45481933329054025,0.34545454545454546,0.5771949454511124,0.7488015340364333,0.5154484188989219,0.536468330134357,0.42097076648857357,0.8219461697722567,0.48866790009250693,0.33020883924235067,"Becton, Dickinson and Company",Healthcare,Medical Instruments & Supplies,41697529856,151.3300018310547,263.0,619.0,2026-06-30,none,NOT_SELECTED,,
2026-07-01T053352Z,2026-07-01T05:33:52.980988+00:00,2026-07-01T07:21:20.090043+00:00,2026-06-30,data/prospective/daily_qvp/snapshots/2026-07-01T053352Z/raw,1081,1043,144e01281e848a2a4c711cb0058eddc75099bb40,d3881a1328862a39dc4af32e15c4826237a09adca2da7038eafb5659ddb68bb4,8bda06ce0251beedd6a5f2cd61a08ef37682841102d3b9d86a1ab602640baf4e,EW,0.5608233117483811,0.5615171137835338,0.6531059391608192,0.8669856459330143,0.5768808400478616,0.74784276126558,0.5351497024011219,0.6295585412667947,0.7453885665732574,0.4244306418219461,0.5608233117483811,0.40995628946090334,Edwards Lifesciences Corporation,Healthcare,Medical Devices,52086865920,90.45999908447266,264.0,475.0,2026-06-30,none,NOT_SELECTED,,
2026-07-01T053352Z,2026-07-01T05:33:52.980988+00:00,2026-07-01T07:21:20.090043+00:00,2026-06-30,data/prospective/daily_qvp/snapshots/2026-07-01T053352Z/raw,1081,1043,144e01281e848a2a4c711cb0058eddc75099bb40,d3881a1328862a39dc4af32e15c4826237a09adca2da7038eafb5659ddb68bb4,8bda06ce0251beedd6a5f2cd61a08ef37682841102d3b9d86a1ab602640baf4e,TDY,0.673913043478261,0.7909343200740055,0.5654993077694718,0.6698564593301436,0.5766062248453313,0.7468839884947267,0.5170785624393082,0.54510556621881,0.4570855720606826,0.5988200589970502,0.673913043478261,0.3384955752212389,Teledyne Technologies Incorporated,Technology,Scientific & Technical Instruments,30896902144,666.9000244140625,265.0,227.0,2026-06-30,none,NOT_SELECTED,,
2026-07-01T053352Z,2026-07-01T05:33:52.980988+00:00,2026-07-01T07:21:20.090043+00:00,2026-06-30,data/prospective/daily_qvp/snapshots/2026-07-01T053352Z/raw,1081,1043,144e01281e848a2a4c711cb0058eddc75099bb40,d3881a1328862a39dc4af32e15c4826237a09adca2da7038eafb5659ddb68bb4,8bda06ce0251beedd6a5f2cd61a08ef37682841102d3b9d86a1ab602640baf4e,AME,0.6635060129509713,0.7724329324699353,0.6893190254092176,0.9186602870813397,0.5765830539765154,0.7459252157238735,0.5696595127046088,0.7802303262955854,0.7151320378674639,0.3511111111111111,0.6635060129509713,0.5488888888888889,"AMETEK, Inc.",Industrials,Specialty Industrial Machinery,55453376512,241.94000244140625,266.0,247.0,2026-06-30,none,NOT_SELECTED,,
2026-07-01T053352Z,2026-07-01T05:33:52.980988+00:00,2026-07-01T07:21:20.090043+00:00,2026-06-30,data/prospective/daily_qvp/snapshots/2026-07-01T053352Z/raw,1081,1043,144e01281e848a2a4c711cb0058eddc75099bb40,d3881a1328862a39dc4af32e15c4826237a09adca2da7038eafb5659ddb68bb4,8bda06ce0251beedd6a5f2cd61a08ef37682841102d3b9d86a1ab602640baf4e,RRX,0.654486586493987,0.7516188714153561,0.5247744342534708,0.5712918660287082,0.5765162895023139,0.7449664429530202,0.5396094393489577,0.6554702495201535,0.3950622820129546,0.68,0.654486586493987,0.4288888888888889,Regal Rexnord Corporation,Industrials,Specialty Industrial Machinery,15856206848,238.19000244140625,267.0,268.0,2026-06-30,none,NOT_SELECTED,,
2026-07-01T053352Z,2026-07-01T05:33:52.980988+00:00,2026-07-01T07:21:20.090043+00:00,2026-06-30,data/prospective/daily_qvp/snapshots/2026-07-01T053352Z/raw,1081,1043,144e01281e848a2a4c711cb0058eddc75099bb40,d3881a1328862a39dc4af32e15c4826237a09adca2da7038eafb5659ddb68bb4,8bda06ce0251beedd6a5f2cd61a08ef37682841102d3b9d86a1ab602640baf4e,NVDA,0.559204440333025,0.5573543015726179,0.7458780972208741,0.9751196172248804,0.5759147983439062,0.7440076701821668,0.5677214969880182,0.7715930902111324,0.9325517541087232,0.23598820058997047,0.559204440333025,0.543141592920354,NVIDIA Corporation,Technology,Semiconductors,4846379859968,200.08999633789065,268.0,480.0,2026-06-30,none,NOT_SELECTED,,
2026-07-01T053352Z,2026-07-01T05:33:52.980988+00:00,2026-07-01T07:21:20.090043+00:00,2026-06-30,data/prospective/daily_qvp/snapshots/2026-07-01T053352Z/raw,1081,1043,144e01281e848a2a4c711cb0058eddc75099bb40,d3881a1328862a39dc4af32e15c4826237a09adca2da7038eafb5659ddb68bb4,8bda06ce0251beedd6a5f2cd61a08ef37682841102d3b9d86a1ab602640baf4e,SKY,0.3956984273820537,0.3089731729879741,0.5668018391198967,0.6746411483253588,0.5759071084328723,0.7430488974113135,0.5799958075151304,0.8157389635316699,0.7379052508577396,0.5941176470588235,0.3956984273820537,0.5922619047619048,"Champion Homes, Inc.",Consumer Cyclical,Residential Construction,4837284352,88.12000274658203,269.0,748.0,2026-06-30,none,NOT_SELECTED,,
2026-07-01T053352Z,2026-07-01T05:33:52.980988+00:00,2026-07-01T07:21:20.090043+00:00,2026-06-30,data/prospective/daily_qvp/snapshots/2026-07-01T053352Z/raw,1081,1043,144e01281e848a2a4c711cb0058eddc75099bb40,d3881a1328862a39dc4af32e15c4826237a09adca2da7038eafb5659ddb68bb4,8bda06ce0251beedd6a5f2cd61a08ef37682841102d3b9d86a1ab602640baf4e,COP,0.6163274745605921,0.6808510638297872,0.6070767807585569,0.7722488038277512,0.5754823886528914,0.7420901246404602,0.5421190378664801,0.6660268714011516,0.5978260869565217,0.5122936044415604,0.6163274745605921,0.44202898550724634,ConocoPhillips,Energy,Oil & Gas E&P,126653841408,103.95999908447266,270.0,346.0,2026-06-30,none,NOT_SELECTED,,
2026-07-01T053352Z,2026-07-01T05:33:52.980988+00:00,2026-07-01T07:21:20.090043+00:00,2026-06-30,data/prospective/daily_qvp/snapshots/2026-07-01T053352Z/raw,1081,1043,144e01281e848a2a4c711cb0058eddc75099bb40,d3881a1328862a39dc4af32e15c4826237a09adca2da7038eafb5659ddb68bb4,8bda06ce0251beedd6a5f2cd61a08ef37682841102d3b9d86a1ab602640baf4e,T,0.4234505087881591,0.33765032377428306,0.44978277602086303,0.33301435406698565,0.5752175028544885,0.7411313518696069,0.5258575715853108,0.5834932821497121,0.476115043253567,0.8260869565217391,0.4234505087881591,0.37777777777777777,AT&T Inc.,Communication Services,Telecom Services,143830614016,20.700000762939453,271.0,717.0,2026-06-30,none,NOT_SELECTED,,
2026-07-01T053352Z,2026-07-01T05:33:52.980988+00:00,2026-07-01T07:21:20.090043+00:00,2026-06-30,data/prospective/daily_qvp/snapshots/2026-07-01T053352Z/raw,1081,1043,144e01281e848a2a4c711cb0058eddc75099bb40,d3881a1328862a39dc4af32e15c4826237a09adca2da7038eafb5659ddb68bb4,8bda06ce0251beedd6a5f2cd61a08ef37682841102d3b9d86a1ab602640baf4e,GVA,0.7451433857539316,0.9111933395004626,0.5630201233702393,0.6650717703349283,0.5748529217529991,0.7401725790987536,0.6122508024258604,0.9049904030710173,0.380896860986547,0.5985185185185186,0.7451433857539316,0.7244444444444444,Granite Construction Incorporated,Industrials,Engineering & Construction,6915478528,158.0800018310547,272.0,97.0,2026-06-30,none,NOT_SELECTED,,
2026-07-01T053352Z,2026-07-01T05:33:52.980988+00:00,2026-07-01T07:21:20.090043+00:00,2026-06-30,data/prospective/daily_qvp/snapshots/2026-07-01T053352Z/raw,1081,1043,144e01281e848a2a4c711cb0058eddc75099bb40,d3881a1328862a39dc4af32e15c4826237a09adca2da7038eafb5659ddb68bb4,8bda06ce0251beedd6a5f2cd61a08ef37682841102d3b9d86a1ab602640baf4e,KBH,0.3656336725254394,0.2585568917668825,0.4180337262731617,0.25263157894736843,0.5747675822213235,0.7392138063279002,0.45116497238027836,0.2648752399232246,0.4704337800208841,0.8882352941176471,0.3656336725254394,0.0803571428571428,KB Home,Consumer Cyclical,Residential Construction,3836766976,62.59000015258789,273.0,802.0,2026-06-30,none,NOT_SELECTED,,
2026-07-01T053352Z,2026-07-01T05:33:52.980988+00:00,2026-07-01T07:21:20.090043+00:00,2026-06-30,data/prospective/daily_qvp/snapshots/2026-07-01T053352Z/raw,1081,1043,144e01281e848a2a4c711cb0058eddc75099bb40,d3881a1328862a39dc4af32e15c4826237a09adca2da7038eafb5659ddb68bb4,8bda06ce0251beedd6a5f2cd61a08ef37682841102d3b9d86a1ab602640baf4e,ADBE,0.19865864939870487,0.07909343200740056,0.5163104008687582,0.5502392344497608,0.5742954294877267,0.738255033557047,0.5335976783104853,0.6247600767754319,0.8339621523388117,0.6902654867256638,0.19865864939870487,0.41150442477876104,Adobe Inc.,Technology,Software - Application,81495449600,205.02000427246097,274.0,996.0,2026-06-30,none,NOT_SELECTED,,
2026-07-01T053352Z,2026-07-01T05:33:52.980988+00:00,2026-07-01T07:21:20.090043+00:00,2026-06-30,data/prospective/daily_qvp/snapshots/2026-07-01T053352Z/raw,1081,1043,144e01281e848a2a4c711cb0058eddc75099bb40,d3881a1328862a39dc4af32e15c4826237a09adca2da7038eafb5659ddb68bb4,8bda06ce0251beedd6a5f2cd61a08ef37682841102d3b9d86a1ab602640baf4e,ADT,0.32539315448658646,0.20259019426456984,0.42817116618200773,0.2794258373205742,0.5728548515287458,0.7372962607861937,0.5779744719798927,0.8061420345489443,0.530949177877429,0.8622222222222221,0.32539315448658646,0.5933333333333333,ADT Inc.,Industrials,Security & Protection Services,4943583744,6.5,275.0,863.0,2026-06-30,none,NOT_SELECTED,,
2026-07-01T053352Z,2026-07-01T05:33:52.980988+00:00,2026-07-01T07:21:20.090043+00:00,2026-06-30,data/prospective/daily_qvp/snapshots/2026-07-01T053352Z/raw,1081,1043,144e01281e848a2a4c711cb0058eddc75099bb40,d3881a1328862a39dc4af32e15c4826237a09adca2da7038eafb5659ddb68bb4,8bda06ce0251beedd6a5f2cd61a08ef37682841102d3b9d86a1ab602640baf4e,PSMT,0.8038852913968547,0.9842738205365402,0.6519426456984274,0.8650717703349282,0.5726755685127563,0.7363374880153404,0.5791278885057793,0.8119001919385797,0.5,0.41414141414141414,0.8038852913968547,0.5984848484848485,"PriceSmart, Inc.",Consumer Defensive,Discount Stores,6035201024,195.33999633789065,276.0,18.0,2026-06-30,none,NOT_SELECTED,,
2026-07-01T053352Z,2026-07-01T05:33:52.980988+00:00,2026-07-01T07:21:20.090043+00:00,2026-06-30,data/prospective/daily_qvp/snapshots/2026-07-01T053352Z/raw,1081,1043,144e01281e848a2a4c711cb0058eddc75099bb40,d3881a1328862a39dc4af32e15c4826237a09adca2da7038eafb5659ddb68bb4,8bda06ce0251beedd6a5f2cd61a08ef37682841102d3b9d86a1ab602640baf4e,MGEE,0.47479185938945423,0.4061054579093432,0.6018757660477371,0.7636363636363637,0.5726252752935949,0.7353787152444871,0.5975724047460582,0.8666026871401151,0.7289596727060199,0.5141242937853107,0.47479185938945423,0.6724137931034483,"MGE Energy, Inc.",Utilities,Utilities - Regulated Electric,3077851392,81.54000091552734,277.0,643.0,2026-06-30,none,NOT_SELECTED,,
2026-07-01T053352Z,2026-07-01T05:33:52.980988+00:00,2026-07-01T07:21:20.090043+00:00,2026-06-30,data/prospective/daily_qvp/snapshots/2026-07-01T053352Z/raw,1081,1043,144e01281e848a2a4c711cb0058eddc75099bb40,d3881a1328862a39dc4af32e15c4826237a09adca2da7038eafb5659ddb68bb4,8bda06ce0251beedd6a5f2cd61a08ef37682841102d3b9d86a1ab602640baf4e,CASY,0.7442183163737279,0.9093432007400555,0.6638094921666098,0.8851674641148325,0.5726050209215306,0.7344199424736337,0.6169537656911479,0.9107485604606526,0.5834006679594915,0.3901960784313725,0.7442183163737279,0.75,"Casey's General Stores, Inc.",Consumer Cyclical,Specialty Retail,29411133440,794.7899780273438,278.0,99.0,2026-06-30,none,NOT_SELECTED,,
2026-07-01T053352Z,2026-07-01T05:33:52.980988+00:00,2026-07-01T07:21:20.090043+00:00,2026-06-30,data/prospective/daily_qvp/snapshots/2026-07-01T053352Z/raw,1081,1043,144e01281e848a2a4c711cb0058eddc75099bb40,d3881a1328862a39dc4af32e15c4826237a09adca2da7038eafb5659ddb68bb4,8bda06ce0251beedd6a5f2cd61a08ef37682841102d3b9d86a1ab602640baf4e,CPRT,0.29694727104532836,0.1702127659574468,0.5698450854479258,0.6794258373205742,0.572489316224543,0.7334611697027804,0.5588114316128517,0.7389635316698656,0.8427428998505231,0.5777777777777777,0.29694727104532836,0.5177777777777777,"Copart, Inc.",Industrials,Specialty Business Services,27155664896,28.190000534057617,279.0,898.0,2026-06-30,none,NOT_SELECTED,,
2026-07-01T053352Z,2026-07-01T05:33:52.980988+00:00,2026-07-01T07:21:20.090043+00:00,2026-06-30,data/prospective/daily_qvp/snapshots/2026-07-01T053352Z/raw,1081,1043,144e01281e848a2a4c711cb0058eddc75099bb40,d3881a1328862a39dc4af32e15c4826237a09adca2da7038eafb5659ddb68bb4,8bda06ce0251beedd6a5f2cd61a08ef37682841102d3b9d86a1ab602640baf4e,MUSA,0.6253469010175764,0.6993524514338575,0.5698197779746859,0.6784688995215311,0.572036714728222,0.7325023969319271,0.5145930122366427,0.5297504798464492,0.5142926549317952,0.5764705882352942,0.6253469010175764,0.3422619047619047,Murphy USA Inc.,Consumer Cyclical,Specialty Retail,9953297408,538.8699951171875,280.0,326.0,2026-06-30,none,NOT_SELECTED,,
2026-07-01T053352Z,2026-07-01T05:33:52.980988+00:00,2026-07-01T07:21:20.090043+00:00,2026-06-30,data/prospective/daily_qvp/snapshots/2026-07-01T053352Z/raw,1081,1043,144e01281e848a2a4c711cb0058eddc75099bb40,d3881a1328862a39dc4af32e15c4826237a09adca2da7038eafb5659ddb68bb4,8bda06ce0251beedd6a5f2cd61a08ef37682841102d3b9d86a1ab602640baf4e,NE,0.6137835337650324,0.6771507863089732,0.5315294480419365,0.5904306220095694,0.5719125106301159,0.7315436241610739,0.5267604699291086,0.5902111324376199,0.4492753623188405,0.6526786358064749,0.6137835337650324,0.391304347826087,Noble Corporation plc,Energy,Oil & Gas Drilling,5951064064,37.29999923706055,281.0,350.0,2026-06-30,none,NOT_SELECTED,,
2026-07-01T053352Z,2026-07-01T05:33:52.980988+00:00,2026-07-01T07:21:20.090043+00:00,2026-06-30,data/prospective/daily_qvp/snapshots/2026-07-01T053352Z/raw,1081,1043,144e01281e848a2a4c711cb0058eddc75099bb40,d3881a1328862a39dc4af32e15c4826237a09adca2da7038eafb5659ddb68bb4,8bda06ce0251beedd6a5f2cd61a08ef37682841102d3b9d86a1ab602640baf4e,ATKR,0.5360777058279371,0.5143385753931545,0.42745589327271294,0.2784688995215311,0.5718841757620555,0.7305848513902206,0.434746465154875,0.2092130518234165,0.31883408071748875,0.8607407407407407,0.5360777058279371,0.0233333333333333,Atkore Inc.,Industrials,Electrical Equipment & Parts,2567662848,76.04000091552734,282.0,525.0,2026-06-30,none,NOT_SELECTED,,
2026-07-01T053352Z,2026-07-01T05:33:52.980988+00:00,2026-07-01T07:21:20.090043+00:00,2026-06-30,data/prospective/daily_qvp/snapshots/2026-07-01T053352Z/raw,1081,1043,144e01281e848a2a4c711cb0058eddc75099bb40,d3881a1328862a39dc4af32e15c4826237a09adca2da7038eafb5659ddb68bb4,8bda06ce0251beedd6a5f2cd61a08ef37682841102d3b9d86a1ab602640baf4e,MNST,0.7296484736355227,0.8732654949121184,0.8023242368177613,0.9961722488038277,0.5710781107404604,0.7296260786193672,0.6536873709341332,0.9644913627639156,0.875,0.10858585858585852,0.7296484736355227,0.9015151515151516,Monster Beverage Corporation,Consumer Defensive,Beverages - Non-Alcoholic,94006140928,96.12000274658205,283.0,138.0,2026-06-30,none,NOT_SELECTED,,
2026-07-01T053352Z,2026-07-01T05:33:52.980988+00:00,2026-07-01T07:21:20.090043+00:00,2026-06-30,data/prospective/daily_qvp/snapshots/2026-07-01T053352Z/raw,1081,1043,144e01281e848a2a4c711cb0058eddc75099bb40,d3881a1328862a39dc4af32e15c4826237a09adca2da7038eafb5659ddb68bb4,8bda06ce0251beedd6a5f2cd61a08ef37682841102d3b9d86a1ab602640baf4e,KEYS,0.7747456059204441,0.9666975023126735,0.687660216044925,0.9167464114832536,0.5705345393101859,0.7286673058485139,0.4964849752790996,0.4472168905950096,0.6005748261694058,0.336283185840708,0.7747456059204441,0.2743362831858407,"Keysight Technologies, Inc.",Technology,Scientific & Technical Instruments,59825340416,350.07000732421875,284.0,37.0,2026-06-30,none,NOT_SELECTED,,
2026-07-01T053352Z,2026-07-01T05:33:52.980988+00:00,2026-07-01T07:21:20.090043+00:00,2026-06-30,data/prospective/daily_qvp/snapshots/2026-07-01T053352Z/raw,1081,1043,144e01281e848a2a4c711cb0058eddc75099bb40,d3881a1328862a39dc4af32e15c4826237a09adca2da7038eafb5659ddb68bb4,8bda06ce0251beedd6a5f2cd61a08ef37682841102d3b9d86a1ab602640baf4e,COKE,0.624190564292322,0.6970397779833487,0.6094437669946459,0.7799043062200957,0.5704372588045113,0.7277085330776606,0.5604037016791411,0.7456813819577736,0.5946969696969697,0.49242424242424243,0.624190564292322,0.5303030303030303,"Coca-Cola Consolidated, Inc.",Consumer Defensive,Beverages - Non-Alcoholic,12708455424,190.9199981689453,285.0,328.0,2026-06-30,none,NOT_SELECTED,,
2026-07-01T053352Z,2026-07-01T05:33:52.980988+00:00,2026-07-01T07:21:20.090043+00:00,2026-06-30,data/prospective/daily_qvp/snapshots/2026-07-01T053352Z/raw,1081,1043,144e01281e848a2a4c711cb0058eddc75099bb40,d3881a1328862a39dc4af32e15c4826237a09adca2da7038eafb5659ddb68bb4,8bda06ce0251beedd6a5f2cd61a08ef37682841102d3b9d86a1ab602640baf4e,LFST,0.6024514338575393,0.6493987049028677,0.5333257982148711,0.5961722488038278,0.5701813119914185,0.7267497603068073,0.5880050952126022,0.8406909788867563,0.464200162572203,0.6438923395445134,0.6024514338575393,0.6414764448761534,"LifeStance Health Group, Inc.",Healthcare,Medical Care Facilities,4089446656,10.710000038146973,286.0,380.0,2026-06-30,none,NOT_SELECTED,,
2026-07-01T053352Z,2026-07-01T05:33:52.980988+00:00,2026-07-01T07:21:20.090043+00:00,2026-06-30,data/prospective/daily_qvp/snapshots/2026-07-01T053352Z/raw,1081,1043,144e01281e848a2a4c711cb0058eddc75099bb40,d3881a1328862a39dc4af32e15c4826237a09adca2da7038eafb5659ddb68bb4,8bda06ce0251beedd6a5f2cd61a08ef37682841102d3b9d86a1ab602640baf4e,ZBH,0.35707678075855687,0.25161887141535616,0.4296796324267183,0.2822966507177033,0.5700969806240234,0.725790987535954,0.4838075581974979,0.4001919385796545,0.5022824840948797,0.8509316770186336,0.35707678075855687,0.2249392909179213,"Zimmer Biomet Holdings, Inc.",Healthcare,Medical Devices,16655183872,86.08999633789062,287.0,810.0,2026-06-30,none,NOT_SELECTED,,
2026-07-01T053352Z,2026-07-01T05:33:52.980988+00:00,2026-07-01T07:21:20.090043+00:00,2026-06-30,data/prospective/daily_qvp/snapshots/2026-07-01T053352Z/raw,1081,1043,144e01281e848a2a4c711cb0058eddc75099bb40,d3881a1328862a39dc4af32e15c4826237a09adca2da7038eafb5659ddb68bb4,8bda06ce0251beedd6a5f2cd61a08ef37682841102d3b9d86a1ab602640baf4e,LRN,0.2821461609620721,0.15911193339500462,0.506603383511339,0.523444976076555,0.5700588213307917,0.7248322147651006,0.6623926008465786,0.972168905950096,0.731060606060606,0.6969696969696969,0.2821461609620721,0.9393939393939394,"Stride, Inc.",Consumer Defensive,Education & Training Services,3667342080,86.23999786376953,288.0,910.0,2026-06-30,none,NOT_SELECTED,,
2026-07-01T053352Z,2026-07-01T05:33:52.980988+00:00,2026-07-01T07:21:20.090043+00:00,2026-06-30,data/prospective/daily_qvp/snapshots/2026-07-01T053352Z/raw,1081,1043,144e01281e848a2a4c711cb0058eddc75099bb40,d3881a1328862a39dc4af32e15c4826237a09adca2da7038eafb5659ddb68bb4,8bda06ce0251beedd6a5f2cd61a08ef37682841102d3b9d86a1ab602640baf4e,GAP,0.2254856614246068,0.09250693802035152,0.4031773255161421,0.21339712918660286,0.5694384784486699,0.7238734419942474,0.5327336207412643,0.6180422264875239,0.5808689896076774,0.9019607843137255,0.2254856614246068,0.42261904761904767,"The Gap, Inc.",Consumer Cyclical,Apparel Retail,6724406784,18.68000030517578,289.0,982.0,2026-06-30,none,NOT_SELECTED,,
2026-07-01T053352Z,2026-07-01T05:33:52.980988+00:00,2026-07-01T07:21:20.090043+00:00,2026-06-30,data/prospective/daily_qvp/snapshots/2026-07-01T053352Z/raw,1081,1043,144e01281e848a2a4c711cb0058eddc75099bb40,d3881a1328862a39dc4af32e15c4826237a09adca2da7038eafb5659ddb68bb4,8bda06ce0251beedd6a5f2cd61a08ef37682841102d3b9d86a1ab602640baf4e,FAST,0.5767807585568918,0.6040703052728955,0.7428223673202994,0.970334928229665,0.5692889856209403,0.7229146692233941,0.5775222947712608,0.8042226487523992,0.908863976083707,0.22222222222222218,0.5767807585568918,0.6022222222222222,Fastenal Company,Industrials,Industrial Distribution,55140122624,48.029998779296875,290.0,429.0,2026-06-30,none,NOT_SELECTED,,
2026-07-01T053352Z,2026-07-01T05:33:52.980988+00:00,2026-07-01T07:21:20.090043+00:00,2026-06-30,data/prospective/daily_qvp/snapshots/2026-07-01T053352Z/raw,1081,1043,144e01281e848a2a4c711cb0058eddc75099bb40,d3881a1328862a39dc4af32e15c4826237a09adca2da7038eafb5659ddb68bb4,8bda06ce0251beedd6a5f2cd61a08ef37682841102d3b9d86a1ab602640baf4e,ACLS,0.7372802960222016,0.8908418131359852,0.6450159776571185,0.8516746411483254,0.5691453617025825,0.7219558964525408,0.43377273809109607,0.20825335892514396,0.5527516592920354,0.4174041297935103,0.7372802960222016,0.02765486725663715,"Axcelis Technologies, Inc.",Technology,Semiconductor Equipment & Materials,5822536704,189.4499969482422,291.0,119.0,2026-06-30,none,NOT_SELECTED,,
2026-07-01T053352Z,2026-07-01T05:33:52.980988+00:00,2026-07-01T07:21:20.090043+00:00,2026-06-30,data/prospective/daily_qvp/snapshots/2026-07-01T053352Z/raw,1081,1043,144e01281e848a2a4c711cb0058eddc75099bb40,d3881a1328862a39dc4af32e15c4826237a09adca2da7038eafb5659ddb68bb4,8bda06ce0251beedd6a5f2cd61a08ef37682841102d3b9d86a1ab602640baf4e,ANET,0.5975948196114709,0.6429232192414431,0.7230107275996671,0.9531100478468899,0.5690278007006631,0.7209971236816874,0.5816381071626655,0.8224568138195777,0.8484266355878635,0.2610619469026549,0.5975948196114709,0.6194690265486725,"Arista Networks, Inc.",Technology,Computer Hardware,213907701760,169.8800048828125,292.0,387.0,2026-06-30,none,NOT_SELECTED,,
2026-07-01T053352Z,2026-07-01T05:33:52.980988+00:00,2026-07-01T07:21:20.090043+00:00,2026-06-30,data/prospective/daily_qvp/snapshots/2026-07-01T053352Z/raw,1081,1043,144e01281e848a2a4c711cb0058eddc75099bb40,d3881a1328862a39dc4af32e15c4826237a09adca2da7038eafb5659ddb68bb4,8bda06ce0251beedd6a5f2cd61a08ef37682841102d3b9d86a1ab602640baf4e,WDC,0.7623728029602219,0.9454209065679926,0.7560876340970515,0.9808612440191388,0.5679718937244846,0.7200383509108341,0.6638107787004431,0.9731285988483686,0.7498024652338812,0.191740412979351,0.7623728029602219,0.9513274336283186,Western Digital Corporation,Technology,Computer Hardware,220155363328,638.719970703125,293.0,60.0,2026-06-30,none,NOT_SELECTED,,
2026-07-01T053352Z,2026-07-01T05:33:52.980988+00:00,2026-07-01T07:21:20.090043+00:00,2026-06-30,data/prospective/daily_qvp/snapshots/2026-07-01T053352Z/raw,1081,1043,144e01281e848a2a4c711cb0058eddc75099bb40,d3881a1328862a39dc4af32e15c4826237a09adca2da7038eafb5659ddb68bb4,8bda06ce0251beedd6a5f2cd61a08ef37682841102d3b9d86a1ab602640baf4e,ALAB,0.7331174838112858,0.8839037927844589,0.8153848915579818,0.9980861244019139,0.5679262108911618,0.7190795781399808,0.6731791714427077,0.9769673704414588,0.8976522993046776,0.07300884955752211,0.7331174838112858,0.9889380530973452,"Astera Labs, Inc.",Technology,Semiconductors,82793455616,483.0199890136719,294.0,127.0,2026-06-30,none,NOT_SELECTED,,
2026-07-01T053352Z,2026-07-01T05:33:52.980988+00:00,2026-07-01T07:21:20.090043+00:00,2026-06-30,data/prospective/daily_qvp/snapshots/2026-07-01T053352Z/raw,1081,1043,144e01281e848a2a4c711cb0058eddc75099bb40,d3881a1328862a39dc4af32e15c4826237a09adca2da7038eafb5659ddb68bb4,8bda06ce0251beedd6a5f2cd61a08ef37682841102d3b9d86a1ab602640baf4e,VRTX,0.46068455134135067,0.3940795559666975,0.6496280019300374,0.8583732057416268,0.567660903978203,0.7181208053691275,0.5874503890084215,0.8397312859884837,0.8385714525187242,0.40372670807453415,0.46068455134135067,0.6468188440990772,Vertex Pharmaceuticals Incorporated,Healthcare,Biotechnology,126072774656,496.7300109863281,295.0,656.0,2026-06-30,none,NOT_SELECTED,,
2026-07-01T053352Z,2026-07-01T05:33:52.980988+00:00,2026-07-01T07:21:20.090043+00:00,2026-06-30,data/prospective/daily_qvp/snapshots/2026-07-01T053352Z/raw,1081,1043,144e01281e848a2a4c711cb0058eddc75099bb40,d3881a1328862a39dc4af32e15c4826237a09adca2da7038eafb5659ddb68bb4,8bda06ce0251beedd6a5f2cd61a08ef37682841102d3b9d86a1ab602640baf4e,ADI,0.7654949121184088,0.9518963922294172,0.6654443982210249,0.8861244019138756,0.567523404123751,0.7171620325982742,0.6020806061901585,0.8790786948176583,0.5653938843236409,0.3716814159292035,0.7654949121184088,0.7057522123893805,"Analog Devices, Inc.",Technology,Semiconductors,193456373760,397.1700134277344,296.0,53.0,2026-06-30,none,NOT_SELECTED,,
2026-07-01T053352Z,2026-07-01T05:33:52.980988+00:00,2026-07-01T07:21:20.090043+00:00,2026-06-30,data/prospective/daily_qvp/snapshots/2026-07-01T053352Z/raw,1081,1043,144e01281e848a2a4c711cb0058eddc75099bb40,d3881a1328862a39dc4af32e15c4826237a09adca2da7038eafb5659ddb68bb4,8bda06ce0251beedd6a5f2cd61a08ef37682841102d3b9d86a1ab602640baf4e,WST,0.6632747456059205,0.77104532839963,0.6770776318588172,0.9062200956937799,0.5673271168913854,0.716203259827421,0.5144098592809723,0.5268714011516314,0.6908805181117139,0.3478260869565217,0.6632747456059205,0.35565808644973285,"West Pharmaceutical Services, Inc.",Healthcare,Medical Instruments & Supplies,25362485248,359.0,297.0,248.0,2026-06-30,none,NOT_SELECTED,,
2026-07-01T053352Z,2026-07-01T05:33:52.980988+00:00,2026-07-01T07:21:20.090043+00:00,2026-06-30,data/prospective/daily_qvp/snapshots/2026-07-01T053352Z/raw,1081,1043,144e01281e848a2a4c711cb0058eddc75099bb40,d3881a1328862a39dc4af32e15c4826237a09adca2da7038eafb5659ddb68bb4,8bda06ce0251beedd6a5f2cd61a08ef37682841102d3b9d86a1ab602640baf4e,LNT,0.6673219241443108,0.7770582793709528,0.6158789632410624,0.7952153110047847,0.5668948267181472,0.7152444870565676,0.5846538786593,0.8330134357005758,0.5644360023378141,0.4689265536723164,0.6673219241443108,0.6379310344827587,Alliant Energy Corporation,Utilities,Utilities - Regulated Electric,19703955456,76.29000091552734,298.0,242.0,2026-06-30,none,NOT_SELECTED,,
2026-07-01T053352Z,2026-07-01T05:33:52.980988+00:00,2026-07-01T07:21:20.090043+00:00,2026-06-30,data/prospective/daily_qvp/snapshots/2026-07-01T053352Z/raw,1081,1043,144e01281e848a2a4c711cb0058eddc75099bb40,d3881a1328862a39dc4af32e15c4826237a09adca2da7038eafb5659ddb68bb4,8bda06ce0251beedd6a5f2cd61a08ef37682841102d3b9d86a1ab602640baf4e,EXPE,0.38228492136910264,0.2872340425531915,0.5893655516961038,0.7358851674641148,0.5667665769477294,0.7142857142857143,0.6215035041393684,0.9193857965451055,0.7964461820231051,0.5215686274509803,0.38228492136910264,0.7857142857142857,"Expedia Group, Inc.",Consumer Cyclical,Travel Services,30711250944,255.8800048828125,299.0,771.0,2026-06-30,none,NOT_SELECTED,,
2026-07-01T053352Z,2026-07-01T05:33:52.980988+00:00,2026-07-01T07:21:20.090043+00:00,2026-06-30,data/prospective/daily_qvp/snapshots/2026-07-01T053352Z/raw,1081,1043,144e01281e848a2a4c711cb0058eddc75099bb40,d3881a1328862a39dc4af32e15c4826237a09adca2da7038eafb5659ddb68bb4,8bda06ce0251beedd6a5f2cd61a08ef37682841102d3b9d86a1ab602640baf4e,LRCX,0.7698889916743756,0.9602220166512488,0.7826955625249248,0.9923444976076555,0.5665364713784652,0.713326941514861,0.6035527960117248,0.8829174664107485,0.795502133375474,0.1342182890855457,0.7698889916743756,0.7146017699115044,Lam Research Corporation,Technology,Semiconductor Equipment & Materials,541909909504,433.3299865722656,300.0,44.0,2026-06-30,none,NOT_SELECTED,,
2026-07-01T053352Z,2026-07-01T05:33:52.980988+00:00,2026-07-01T07:21:20.090043+00:00,2026-06-30,data/prospective/daily_qvp/snapshots/2026-07-01T053352Z/raw,1081,1043,144e01281e848a2a4c711cb0058eddc75099bb40,d3881a1328862a39dc4af32e15c4826237a09adca2da7038eafb5659ddb68bb4,8bda06ce0251beedd6a5f2cd61a08ef37682841102d3b9d86a1ab602640baf4e,ULS,0.6419981498612396,0.7275670675300647,0.74207032555344,0.969377990430622,0.5663184886405649,0.7123681687440077,0.6014055331470903,0.8742802303262955,0.8421425012456403,0.2148148148148148,0.6419981498612396,0.7066666666666667,UL Solutions Inc.,Industrials,Specialty Business Services,20531220480,101.86000061035156,301.0,296.0,2026-06-30,none,NOT_SELECTED,,
2026-07-01T053352Z,2026-07-01T05:33:52.980988+00:00,2026-07-01T07:21:20.090043+00:00,2026-06-30,data/prospective/daily_qvp/snapshots/2026-07-01T053352Z/raw,1081,1043,144e01281e848a2a4c711cb0058eddc75099bb40,d3881a1328862a39dc4af32e15c4826237a09adca2da7038eafb5659ddb68bb4,8bda06ce0251beedd6a5f2cd61a08ef37682841102d3b9d86a1ab602640baf4e,WCC,0.7160037002775208,0.8538390379278445,0.5522021490924226,0.6373205741626794,0.5661594574196397,0.7114093959731543,0.5507307041758409,0.7053742802303263,0.38840059790732434,0.5940740740740741,0.7160037002775208,0.5044444444444444,"WESCO International, Inc.",Industrials,Industrial Distribution,16824130560,345.42999267578125,302.0,159.0,2026-06-30,none,NOT_SELECTED,,
2026-07-01T053352Z,2026-07-01T05:33:52.980988+00:00,2026-07-01T07:21:20.090043+00:00,2026-06-30,data/prospective/daily_qvp/snapshots/2026-07-01T053352Z/raw,1081,1043,144e01281e848a2a4c711cb0058eddc75099bb40,d3881a1328862a39dc4af32e15c4826237a09adca2da7038eafb5659ddb68bb4,8bda06ce0251beedd6a5f2cd61a08ef37682841102d3b9d86a1ab602640baf4e,SAH,0.5793246993524515,0.6110083256244219,0.4245051181445598,0.2698564593301435,0.5660099480440856,0.710450623202301,0.5800134134140166,0.8166986564299424,0.26968553693666814,0.8490196078431372,0.5793246993524515,0.6220238095238095,"Sonic Automotive, Inc.",Consumer Cyclical,Auto & Truck Dealerships,2679712000,84.79000091552734,303.0,421.0,2026-06-30,none,NOT_SELECTED,,
2026-07-01T053352Z,2026-07-01T05:33:52.980988+00:00,2026-07-01T07:21:20.090043+00:00,2026-06-30,data/prospective/daily_qvp/snapshots/2026-07-01T053352Z/raw,1081,1043,144e01281e848a2a4c711cb0058eddc75099bb40,d3881a1328862a39dc4af32e15c4826237a09adca2da7038eafb5659ddb68bb4,8bda06ce0251beedd6a5f2cd61a08ef37682841102d3b9d86a1ab602640baf4e,HUBG,0.4472710453283996,0.36632747456059206,0.42003063975438415,0.2574162679425837,0.5659463524288487,0.7094918504314478,0.45945976432163654,0.30038387715930903,0.3927902341803687,0.8577777777777779,0.4472710453283996,0.13999999999999996,"Hub Group, Inc.",Industrials,Integrated Freight & Logistics,2677912320,43.790000915527344,304.0,686.0,2026-06-30,none,NOT_SELECTED,,
2026-07-01T053352Z,2026-07-01T05:33:52.980988+00:00,2026-07-01T07:21:20.090043+00:00,2026-06-30,data/prospective/daily_qvp/snapshots/2026-07-01T053352Z/raw,1081,1043,144e01281e848a2a4c711cb0058eddc75099bb40,d3881a1328862a39dc4af32e15c4826237a09adca2da7038eafb5659ddb68bb4,8bda06ce0251beedd6a5f2cd61a08ef37682841102d3b9d86a1ab602640baf4e,QLYS,0.32099907493061974,0.19518963922294172,0.5993921575664477,0.7578947368421053,0.5657697962930693,0.7085330776605945,0.5498804445649348,0.7015355086372361,0.8777852402022757,0.49852507374631266,0.32099907493061974,0.502212389380531,"Qualys, Inc.",Technology,Software - Infrastructure,4841986560,137.49000549316406,305.0,870.0,2026-06-30,none,NOT_SELECTED,,
2026-07-01T053352Z,2026-07-01T05:33:52.980988+00:00,2026-07-01T07:21:20.090043+00:00,2026-06-30,data/prospective/daily_qvp/snapshots/2026-07-01T053352Z/raw,1081,1043,144e01281e848a2a4c711cb0058eddc75099bb40,d3881a1328862a39dc4af32e15c4826237a09adca2da7038eafb5659ddb68bb4,8bda06ce0251beedd6a5f2cd61a08ef37682841102d3b9d86a1ab602640baf4e,SPSC,0.0878815911193339,0.018501387604070305,0.4271928104142814,0.2755980861244019,0.5655228372280067,0.7075743048897412,0.570712924381182,0.7850287907869482,0.7665040297092289,0.8421828908554572,0.0878815911193339,0.586283185840708,"SPS Commerce, Inc.",Technology,Software - Application,2098865280,57.16999816894531,306.0,1062.0,2026-06-30,none,NOT_SELECTED,,
2026-07-01T053352Z,2026-07-01T05:33:52.980988+00:00,2026-07-01T07:21:20.090043+00:00,2026-06-30,data/prospective/daily_qvp/snapshots/2026-07-01T053352Z/raw,1081,1043,144e01281e848a2a4c711cb0058eddc75099bb40,d3881a1328862a39dc4af32e15c4826237a09adca2da7038eafb5659ddb68bb4,8bda06ce0251beedd6a5f2cd61a08ef37682841102d3b9d86a1ab602640baf4e,PSX,0.7171600370027752,0.8547641073080481,0.5850292938637064,0.723444976076555,0.5653025345060083,0.7066155321188878,0.5308609588505208,0.6074856046065259,0.45289855072463764,0.5258490157906122,0.7171600370027752,0.4275362318840579,Phillips 66,Energy,Oil & Gas Refining & Marketing,67778064384,169.0500030517578,307.0,158.0,2026-06-30,none,NOT_SELECTED,,
2026-07-01T053352Z,2026-07-01T05:33:52.980988+00:00,2026-07-01T07:21:20.090043+00:00,2026-06-30,data/prospective/daily_qvp/snapshots/2026-07-01T053352Z/raw,1081,1043,144e01281e848a2a4c711cb0058eddc75099bb40,d3881a1328862a39dc4af32e15c4826237a09adca2da7038eafb5659ddb68bb4,8bda06ce0251beedd6a5f2cd61a08ef37682841102d3b9d86a1ab602640baf4e,KHC,0.48080481036077705,0.4144310823311748,0.442106950634934,0.31004784688995213,0.5649399872919761,0.7056567593480345,0.4540080207720124,0.27543186180422263,0.4034090909090909,0.8106060606060606,0.48080481036077705,0.12121212121212115,The Kraft Heinz Company,Consumer Defensive,Packaged Foods,28008069120,23.6200008392334,308.0,634.0,2026-06-30,none,NOT_SELECTED,,
2026-07-01T053352Z,2026-07-01T05:33:52.980988+00:00,2026-07-01T07:21:20.090043+00:00,2026-06-30,data/prospective/daily_qvp/snapshots/2026-07-01T053352Z/raw,1081,1043,144e01281e848a2a4c711cb0058eddc75099bb40,d3881a1328862a39dc4af32e15c4826237a09adca2da7038eafb5659ddb68bb4,8bda06ce0251beedd6a5f2cd61a08ef37682841102d3b9d86a1ab602640baf4e,RSI,0.6725254394079556,0.7872340425531915,0.7241579739595262,0.9559808612440192,0.5644713290449129,0.7046979865771812,0.65921659202178,0.9683301343570058,0.7757905085110968,0.24509803921568626,0.6725254394079556,0.943452380952381,"Rush Street Interactive, Inc.",Consumer Cyclical,Gambling,6887018496,29.739999771118164,309.0,231.0,2026-06-30,none,NOT_SELECTED,,
2026-07-01T053352Z,2026-07-01T05:33:52.980988+00:00,2026-07-01T07:21:20.090043+00:00,2026-06-30,data/prospective/daily_qvp/snapshots/2026-07-01T053352Z/raw,1081,1043,144e01281e848a2a4c711cb0058eddc75099bb40,d3881a1328862a39dc4af32e15c4826237a09adca2da7038eafb5659ddb68bb4,8bda06ce0251beedd6a5f2cd61a08ef37682841102d3b9d86a1ab602640baf4e,LCII,0.3970860314523589,0.3112858464384829,0.44955241356815645,0.3320574162679426,0.5644074913983789,0.7037392138063279,0.6122937137868794,0.9059500959692899,0.502018795683954,0.7941176470588235,0.3970860314523589,0.7559523809523809,LCI Industries,Consumer Cyclical,Recreational Vehicles,2571317248,105.87999725341795,310.0,745.0,2026-06-30,none,NOT_SELECTED,,
2026-07-01T053352Z,2026-07-01T05:33:52.980988+00:00,2026-07-01T07:21:20.090043+00:00,2026-06-30,data/prospective/daily_qvp/snapshots/2026-07-01T053352Z/raw,1081,1043,144e01281e848a2a4c711cb0058eddc75099bb40,d3881a1328862a39dc4af32e15c4826237a09adca2da7038eafb5659ddb68bb4,8bda06ce0251beedd6a5f2cd61a08ef37682841102d3b9d86a1ab602640baf4e,JKHY,0.3064292321924144,0.18593894542090658,0.5313652956158027,0.5894736842105263,0.5641747005186964,0.7027804410354745,0.5309850076899072,0.6094049904030711,0.7563013590391909,0.6297935103244838,0.3064292321924144,0.4314159292035399,"Jack Henry & Associates, Inc.",Technology,Information Technology Services,9786534912,137.74000549316406,311.0,881.0,2026-06-30,none,NOT_SELECTED,,
2026-07-01T053352Z,2026-07-01T05:33:52.980988+00:00,2026-07-01T07:21:20.090043+00:00,2026-06-30,data/prospective/daily_qvp/snapshots/2026-07-01T053352Z/raw,1081,1043,144e01281e848a2a4c711cb0058eddc75099bb40,d3881a1328862a39dc4af32e15c4826237a09adca2da7038eafb5659ddb68bb4,8bda06ce0251beedd6a5f2cd61a08ef37682841102d3b9d86a1ab602640baf4e,INGR,0.38031914893617014,0.2839962997224792,0.45720502901353965,0.35406698564593303,0.5640626119349523,0.7018216682646213,0.5328954437996991,0.6218809980806143,0.5340909090909092,0.7777777777777778,0.38031914893617014,0.4393939393939394,Ingredion Incorporated,Consumer Defensive,Packaged Foods,5972323328,94.70999908447266,312.0,775.0,2026-06-30,none,NOT_SELECTED,,
2026-07-01T053352Z,2026-07-01T05:33:52.980988+00:00,2026-07-01T07:21:20.090043+00:00,2026-06-30,data/prospective/daily_qvp/snapshots/2026-07-01T053352Z/raw,1081,1043,144e01281e848a2a4c711cb0058eddc75099bb40,d3881a1328862a39dc4af32e15c4826237a09adca2da7038eafb5659ddb68bb4,8bda06ce0251beedd6a5f2cd61a08ef37682841102d3b9d86a1ab602640baf4e,EHC,0.4051803885291397,0.32007400555041626,0.5144315519624804,0.5444976076555024,0.5637963279473817,0.700862895493768,0.5482964931679185,0.6900191938579654,0.6236827153958211,0.6625258799171844,0.4051803885291397,0.5017969888295288,Encompass Health Corporation,Healthcare,Medical Care Facilities,10027042816,101.08000183105467,313.0,736.0,2026-06-30,none,NOT_SELECTED,,
2026-07-01T053352Z,2026-07-01T05:33:52.980988+00:00,2026-07-01T07:21:20.090043+00:00,2026-06-30,data/prospective/daily_qvp/snapshots/2026-07-01T053352Z/raw,1081,1043,144e01281e848a2a4c711cb0058eddc75099bb40,d3881a1328862a39dc4af32e15c4826237a09adca2da7038eafb5659ddb68bb4,8bda06ce0251beedd6a5f2cd61a08ef37682841102d3b9d86a1ab602640baf4e,AA,0.561054579093432,0.5638297872340425,0.5262900014111228,0.5760765550239234,0.5636660273060968,0.6999041227229147,0.5583427408185557,0.7370441458733206,0.4915254237288135,0.6384180790960451,0.561054579093432,0.5423728813559322,Alcoa Corporation,Basic Materials,Aluminum,13759217664,52.13999938964844,314.0,473.0,2026-06-30,none,NOT_SELECTED,,
2026-07-01T053352Z,2026-07-01T05:33:52.980988+00:00,2026-07-01T07:21:20.090043+00:00,2026-06-30,data/prospective/daily_qvp/snapshots/2026-07-01T053352Z/raw,1081,1043,144e01281e848a2a4c711cb0058eddc75099bb40,d3881a1328862a39dc4af32e15c4826237a09adca2da7038eafb5659ddb68bb4,8bda06ce0251beedd6a5f2cd61a08ef37682841102d3b9d86a1ab602640baf4e,NSIT,0.5145698427382054,0.47409805735430155,0.4111299355916058,0.23157894736842105,0.5631721694504511,0.6989453499520614,0.45390567576040475,0.27351247600767753,0.3076900284450063,0.8672566371681416,0.5145698427382054,0.12610619469026546,"Insight Enterprises, Inc.",Technology,Electronics & Computer Distribution,3678836992,121.8000030517578,315.0,569.0,2026-06-30,none,NOT_SELECTED,,
2026-07-01T053352Z,2026-07-01T05:33:52.980988+00:00,2026-07-01T07:21:20.090043+00:00,2026-06-30,data/prospective/daily_qvp/snapshots/2026-07-01T053352Z/raw,1081,1043,144e01281e848a2a4c711cb0058eddc75099bb40,d3881a1328862a39dc4af32e15c4826237a09adca2da7038eafb5659ddb68bb4,8bda06ce0251beedd6a5f2cd61a08ef37682841102d3b9d86a1ab602640baf4e,PLXS,0.7874653098982424,0.9768732654949122,0.570378119550891,0.6822966507177034,0.5631429351578211,0.697986577181208,0.4804324226073039,0.3867562380038388,0.35329092920353977,0.5486725663716814,0.7874653098982424,0.23230088495575216,Plexus Corp.,Technology,Electronic Components,8044853248,300.6700134277344,316.0,26.0,2026-06-30,none,NOT_SELECTED,,
2026-07-01T053352Z,2026-07-01T05:33:52.980988+00:00,2026-07-01T07:21:20.090043+00:00,2026-06-30,data/prospective/daily_qvp/snapshots/2026-07-01T053352Z/raw,1081,1043,144e01281e848a2a4c711cb0058eddc75099bb40,d3881a1328862a39dc4af32e15c4826237a09adca2da7038eafb5659ddb68bb4,8bda06ce0251beedd6a5f2cd61a08ef37682841102d3b9d86a1ab602640baf4e,KALU,0.7703515263644773,0.9611470860314524,0.5864469496229167,0.7272727272727273,0.562339397677048,0.6970278044103547,0.6187884465628708,0.9145873320537428,0.40254237288135597,0.5141242937853108,0.7703515263644773,0.788135593220339,Kaiser Aluminum Corporation,Basic Materials,Aluminum,3196712704,195.6300048828125,317.0,43.0,2026-06-30,none,NOT_SELECTED,,
2026-07-01T053352Z,2026-07-01T05:33:52.980988+00:00,2026-07-01T07:21:20.090043+00:00,2026-06-30,data/prospective/daily_qvp/snapshots/2026-07-01T053352Z/raw,1081,1043,144e01281e848a2a4c711cb0058eddc75099bb40,d3881a1328862a39dc4af32e15c4826237a09adca2da7038eafb5659ddb68bb4,8bda06ce0251beedd6a5f2cd61a08ef37682841102d3b9d86a1ab602640baf4e,DVN,0.6066142460684552,0.6641998149861239,0.60040857230959,0.7598086124401914,0.5617596312813566,0.6960690316395014,0.5390733466494233,0.6506717850287908,0.5942028985507247,0.48446174922489,0.6066142460684552,0.47101449275362317,Devon Energy Corporation,Energy,Oil & Gas E&P,47658618880,41.31999969482422,318.0,365.0,2026-06-30,none,NOT_SELECTED,,
2026-07-01T053352Z,2026-07-01T05:33:52.980988+00:00,2026-07-01T07:21:20.090043+00:00,2026-06-30,data/prospective/daily_qvp/snapshots/2026-07-01T053352Z/raw,1081,1043,144e01281e848a2a4c711cb0058eddc75099bb40,d3881a1328862a39dc4af32e15c4826237a09adca2da7038eafb5659ddb68bb4,8bda06ce0251beedd6a5f2cd61a08ef37682841102d3b9d86a1ab602640baf4e,TTEK,0.2617946345975948,0.13506012950971322,0.46261131829530955,0.3741626794258373,0.5617408788635397,0.6951102588686481,0.5790834369254325,0.8109404990403071,0.6634280019930243,0.7600000000000001,0.2617946345975948,0.6311111111111111,"Tetra Tech, Inc.",Industrials,Engineering & Construction,7497668608,28.88999938964844,319.0,936.0,2026-06-30,none,NOT_SELECTED,,
2026-07-01T053352Z,2026-07-01T05:33:52.980988+00:00,2026-07-01T07:21:20.090043+00:00,2026-06-30,data/prospective/daily_qvp/snapshots/2026-07-01T053352Z/raw,1081,1043,144e01281e848a2a4c711cb0058eddc75099bb40,d3881a1328862a39dc4af32e15c4826237a09adca2da7038eafb5659ddb68bb4,8bda06ce0251beedd6a5f2cd61a08ef37682841102d3b9d86a1ab602640baf4e,DXCM,0.3802035152636447,0.28307123034227566,0.590954416058524,0.738755980861244,0.5616714740597198,0.6941514860977949,0.5851256307997681,0.836852207293666,0.8017053168534032,0.5031055900621118,0.3802035152636447,0.6554881010199125,"DexCom, Inc.",Healthcare,Medical Devices,25988544512,67.3499984741211,320.0,776.0,2026-06-30,none,NOT_SELECTED,,
2026-07-01T053352Z,2026-07-01T05:33:52.980988+00:00,2026-07-01T07:21:20.090043+00:00,2026-06-30,data/prospective/daily_qvp/snapshots/2026-07-01T053352Z/raw,1081,1043,144e01281e848a2a4c711cb0058eddc75099bb40,d3881a1328862a39dc4af32e15c4826237a09adca2da7038eafb5659ddb68bb4,8bda06ce0251beedd6a5f2cd61a08ef37682841102d3b9d86a1ab602640baf4e,BKR,0.654717853839038,0.7548566142460684,0.609967622571693,0.7818181818181819,0.5616430387889927,0.6931927133269415,0.5589134385120343,0.7399232245681382,0.5652173913043479,0.46499387122359215,0.654717853839038,0.5507246376811594,Baker Hughes Company,Energy,Oil & Gas Equipment & Services,55059812352,55.5,321.0,266.0,2026-06-30,none,NOT_SELECTED,,
2026-07-01T053352Z,2026-07-01T05:33:52.980988+00:00,2026-07-01T07:21:20.090043+00:00,2026-06-30,data/prospective/daily_qvp/snapshots/2026-07-01T053352Z/raw,1081,1043,144e01281e848a2a4c711cb0058eddc75099bb40,d3881a1328862a39dc4af32e15c4826237a09adca2da7038eafb5659ddb68bb4,8bda06ce0251beedd6a5f2cd61a08ef37682841102d3b9d86a1ab602640baf4e,HII,0.38598519888991667,0.2904717853839038,0.40096469710315463,0.2076555023923445,0.5616307857230908,0.6922339405560882,0.5845564226256514,0.8320537428023033,0.4159441953163926,0.8829629629629631,0.38598519888991667,0.6533333333333333,"Huntington Ingalls Industries, Inc.",Industrials,Aerospace & Defense,11028794368,279.8900146484375,322.0,768.0,2026-06-30,none,NOT_SELECTED,,
2026-07-01T053352Z,2026-07-01T05:33:52.980988+00:00,2026-07-01T07:21:20.090043+00:00,2026-06-30,data/prospective/daily_qvp/snapshots/2026-07-01T053352Z/raw,1081,1043,144e01281e848a2a4c711cb0058eddc75099bb40,d3881a1328862a39dc4af32e15c4826237a09adca2da7038eafb5659ddb68bb4,8bda06ce0251beedd6a5f2cd61a08ef37682841102d3b9d86a1ab602640baf4e,CHRW,0.6043015726179464,0.6577243293246994,0.5834537260199846,0.7177033492822966,0.5613148296923355,0.6912751677852349,0.5170972333803627,0.5460652591170825,0.5626058794220229,0.5170370370370371,0.6043015726179464,0.38444444444444437,"C.H. Robinson Worldwide, Inc.",Industrials,Integrated Freight & Logistics,22200207360,188.33999633789065,323.0,371.0,2026-06-30,none,NOT_SELECTED,,
2026-07-01T053352Z,2026-07-01T05:33:52.980988+00:00,2026-07-01T07:21:20.090043+00:00,2026-06-30,data/prospective/daily_qvp/snapshots/2026-07-01T053352Z/raw,1081,1043,144e01281e848a2a4c711cb0058eddc75099bb40,d3881a1328862a39dc4af32e15c4826237a09adca2da7038eafb5659ddb68bb4,8bda06ce0251beedd6a5f2cd61a08ef37682841102d3b9d86a1ab602640baf4e,MDU,0.6304347826086957,0.7076780758556892,0.5387708688028867,0.614354066985646,0.5606871705390243,0.6903163950143816,0.5325843434215096,0.6161228406909789,0.4471069549970777,0.6045197740112994,0.6304347826086957,0.4482758620689655,"MDU Resources Group, Inc.",Utilities,Utilities - Regulated Gas,4433017344,21.209999084472656,324.0,317.0,2026-06-30,none,NOT_SELECTED,,
2026-07-01T053352Z,2026-07-01T05:33:52.980988+00:00,2026-07-01T07:21:20.090043+00:00,2026-06-30,data/prospective/daily_qvp/snapshots/2026-07-01T053352Z/raw,1081,1043,144e01281e848a2a4c711cb0058eddc75099bb40,d3881a1328862a39dc4af32e15c4826237a09adca2da7038eafb5659ddb68bb4,8bda06ce0251beedd6a5f2cd61a08ef37682841102d3b9d86a1ab602640baf4e,HP,0.6281221091581868,0.7039777983348752,0.46261177921677454,0.3751196172248804,0.5606009933884897,0.6893576222435283,0.5400159624326716,0.6583493282149712,0.29710144927536225,0.75657942173192,0.6281221091581868,0.47826086956521735,"Helmerich & Payne, Inc.",Energy,Oil & Gas Drilling,3271739648,32.7400016784668,325.0,321.0,2026-06-30,none,NOT_SELECTED,,
2026-07-01T053352Z,2026-07-01T05:33:52.980988+00:00,2026-07-01T07:21:20.090043+00:00,2026-06-30,data/prospective/daily_qvp/snapshots/2026-07-01T053352Z/raw,1081,1043,144e01281e848a2a4c711cb0058eddc75099bb40,d3881a1328862a39dc4af32e15c4826237a09adca2da7038eafb5659ddb68bb4,8bda06ce0251beedd6a5f2cd61a08ef37682841102d3b9d86a1ab602640baf4e,STRL,0.7424838112858464,0.902867715078631,0.7663689609493507,0.9866028708133971,0.5602953566822831,0.6883988494726749,0.6402215175117124,0.9491362763915547,0.790254110612855,0.1481481481481481,0.7424838112858464,0.88,"Sterling Infrastructure, Inc.",Industrials,Engineering & Construction,25756561408,839.3599853515625,326.0,106.0,2026-06-30,none,NOT_SELECTED,,
2026-07-01T053352Z,2026-07-01T05:33:52.980988+00:00,2026-07-01T07:21:20.090043+00:00,2026-06-30,data/prospective/daily_qvp/snapshots/2026-07-01T053352Z/raw,1081,1043,144e01281e848a2a4c711cb0058eddc75099bb40,d3881a1328862a39dc4af32e15c4826237a09adca2da7038eafb5659ddb68bb4,8bda06ce0251beedd6a5f2cd61a08ef37682841102d3b9d86a1ab602640baf4e,PEG,0.4949121184088806,0.43848288621646625,0.5546229206889524,0.6449760765550239,0.5599557701014861,0.6874400767018217,0.635484068955425,0.9424184261036468,0.614333722969024,0.5706214689265537,0.4949121184088806,0.8620689655172414,Public Service Enterprise Group Incorporated,Utilities,Utilities - Regulated Electric,40443768832,81.16000366210938,327.0,608.0,2026-06-30,none,NOT_SELECTED,,
2026-07-01T053352Z,2026-07-01T05:33:52.980988+00:00,2026-07-01T07:21:20.090043+00:00,2026-06-30,data/prospective/daily_qvp/snapshots/2026-07-01T053352Z/raw,1081,1043,144e01281e848a2a4c711cb0058eddc75099bb40,d3881a1328862a39dc4af32e15c4826237a09adca2da7038eafb5659ddb68bb4,8bda06ce0251beedd6a5f2cd61a08ef37682841102d3b9d86a1ab602640baf4e,SANM,0.7104532839962998,0.84736355226642,0.4873922156391107,0.45933014354066987,0.5599330601802527,0.6864813039309684,0.4984896181440391,0.4510556621880998,0.2643311472819216,0.7050147492625368,0.7104532839962998,0.31415929203539816,Sanmina Corporation,Technology,Electronic Components,13564515328,253.0800018310547,328.0,166.0,2026-06-30,none,NOT_SELECTED,,
2026-07-01T053352Z,2026-07-01T05:33:52.980988+00:00,2026-07-01T07:21:20.090043+00:00,2026-06-30,data/prospective/daily_qvp/snapshots/2026-07-01T053352Z/raw,1081,1043,144e01281e848a2a4c711cb0058eddc75099bb40,d3881a1328862a39dc4af32e15c4826237a09adca2da7038eafb5659ddb68bb4,8bda06ce0251beedd6a5f2cd61a08ef37682841102d3b9d86a1ab602640baf4e,PEGA,0.09851988899167433,0.025901942645698426,0.4878908310318675,0.46124401913875596,0.5592821862729658,0.6855225311601151,0.5964527901472023,0.8627639155470249,0.8772617730720607,0.7020648967551623,0.09851988899167433,0.7079646017699115,Pegasystems Inc.,Technology,Software - Application,5008467968,29.969999313354492,329.0,1054.0,2026-06-30,none,NOT_SELECTED,,
2026-07-01T053352Z,2026-07-01T05:33:52.980988+00:00,2026-07-01T07:21:20.090043+00:00,2026-06-30,data/prospective/daily_qvp/snapshots/2026-07-01T053352Z/raw,1081,1043,144e01281e848a2a4c711cb0058eddc75099bb40,d3881a1328862a39dc4af32e15c4826237a09adca2da7038eafb5659ddb68bb4,8bda06ce0251beedd6a5f2cd61a08ef37682841102d3b9d86a1ab602640baf4e,FIVE,0.5474098057354301,0.5346901017576319,0.5875936536342938,0.7301435406698564,0.5583957690895293,0.6845637583892618,0.635314683960004,0.9414587332053743,0.6277775015331577,0.5,0.5474098057354301,0.8660714285714285,"Five Below, Inc.",Consumer Cyclical,Specialty Retail,9941551104,179.7899932861328,330.0,504.0,2026-06-30,none,NOT_SELECTED,,
2026-07-01T053352Z,2026-07-01T05:33:52.980988+00:00,2026-07-01T07:21:20.090043+00:00,2026-06-30,data/prospective/daily_qvp/snapshots/2026-07-01T053352Z/raw,1081,1043,144e01281e848a2a4c711cb0058eddc75099bb40,d3881a1328862a39dc4af32e15c4826237a09adca2da7038eafb5659ddb68bb4,8bda06ce0251beedd6a5f2cd61a08ef37682841102d3b9d86a1ab602640baf4e,PATH,0.14084181313598515,0.04625346901017576,0.4541074979080685,0.3435406698564593,0.5583922159111804,0.6836049856184084,0.5963384097209958,0.8618042226487524,0.7673731826801518,0.7669616519174042,0.14084181313598515,0.7101769911504425,"UiPath, Inc.",Technology,Software - Infrastructure,5631967232,10.869999885559082,331.0,1032.0,2026-06-30,none,NOT_SELECTED,,
2026-07-01T053352Z,2026-07-01T05:33:52.980988+00:00,2026-07-01T07:21:20.090043+00:00,2026-06-30,data/prospective/daily_qvp/snapshots/2026-07-01T053352Z/raw,1081,1043,144e01281e848a2a4c711cb0058eddc75099bb40,d3881a1328862a39dc4af32e15c4826237a09adca2da7038eafb5659ddb68bb4,8bda06ce0251beedd6a5f2cd61a08ef37682841102d3b9d86a1ab602640baf4e,FTV,0.5677613320999075,0.5790934320074006,0.5104530427882598,0.5349282296650718,0.5580994719866668,0.6826462128475551,0.4672471703616815,0.3272552783109405,0.45314475347661193,0.6533923303834808,0.5677613320999075,0.19469026548672563,Fortive Corporation,Technology,Scientific & Technical Instruments,18623959040,61.09000015258789,332.0,456.0,2026-06-30,none,NOT_SELECTED,,
2026-07-01T053352Z,2026-07-01T05:33:52.980988+00:00,2026-07-01T07:21:20.090043+00:00,2026-06-30,data/prospective/daily_qvp/snapshots/2026-07-01T053352Z/raw,1081,1043,144e01281e848a2a4c711cb0058eddc75099bb40,d3881a1328862a39dc4af32e15c4826237a09adca2da7038eafb5659ddb68bb4,8bda06ce0251beedd6a5f2cd61a08ef37682841102d3b9d86a1ab602640baf4e,FLS,0.48196114708603144,0.41766882516188714,0.5228888944199465,0.5607655502392345,0.557975312329347,0.6816874400767018,0.561259262024788,0.7495201535508638,0.5638166417538615,0.6281481481481481,0.48196114708603144,0.5711111111111111,Flowserve Corporation,Industrials,Specialty Industrial Machinery,9478169600,74.16000366210938,333.0,630.0,2026-06-30,none,NOT_SELECTED,,
2026-07-01T053352Z,2026-07-01T05:33:52.980988+00:00,2026-07-01T07:21:20.090043+00:00,2026-06-30,data/prospective/daily_qvp/snapshots/2026-07-01T053352Z/raw,1081,1043,144e01281e848a2a4c711cb0058eddc75099bb40,d3881a1328862a39dc4af32e15c4826237a09adca2da7038eafb5659ddb68bb4,8bda06ce0251beedd6a5f2cd61a08ef37682841102d3b9d86a1ab602640baf4e,LKQ,0.27474560592044395,0.14801110083256244,0.382643943961001,0.1799043062200957,0.5577103417256346,0.6807286673058485,0.4755744229608926,0.3598848368522073,0.490542282001558,0.907843137254902,0.27474560592044395,0.22916666666666663,LKQ Corporation,Consumer Cyclical,Auto Parts,6708642816,26.329999923706055,334.0,922.0,2026-06-30,none,NOT_SELECTED,,
2026-07-01T053352Z,2026-07-01T05:33:52.980988+00:00,2026-07-01T07:21:20.090043+00:00,2026-06-30,data/prospective/daily_qvp/snapshots/2026-07-01T053352Z/raw,1081,1043,144e01281e848a2a4c711cb0058eddc75099bb40,d3881a1328862a39dc4af32e15c4826237a09adca2da7038eafb5659ddb68bb4,8bda06ce0251beedd6a5f2cd61a08ef37682841102d3b9d86a1ab602640baf4e,BIO,0.450277520814061,0.37280296022201664,0.4534910001302357,0.3406698564593301,0.5576758496382386,0.6797698945349953,0.4522964695501942,0.2696737044145873,0.45670447944641035,0.7660455486542442,0.450277520814061,0.1361583292860612,"Bio-Rad Laboratories, Inc.",Healthcare,Medical Devices,7857472512,293.6099853515625,335.0,679.0,2026-06-30,none,NOT_SELECTED,,
2026-07-01T053352Z,2026-07-01T05:33:52.980988+00:00,2026-07-01T07:21:20.090043+00:00,2026-06-30,data/prospective/daily_qvp/snapshots/2026-07-01T053352Z/raw,1081,1043,144e01281e848a2a4c711cb0058eddc75099bb40,d3881a1328862a39dc4af32e15c4826237a09adca2da7038eafb5659ddb68bb4,8bda06ce0251beedd6a5f2cd61a08ef37682841102d3b9d86a1ab602640baf4e,CW,0.7129972247918593,0.8529139685476411,0.7300088266460543,0.9588516746411483,0.5572898350479868,0.6788111217641419,0.5996340429526568,0.8704414587332053,0.7470204285002491,0.21185185185185185,0.7129972247918593,0.7266666666666666,Curtiss-Wright Corporation,Industrials,Aerospace & Defense,27992537088,757.760009765625,336.0,160.0,2026-06-30,none,NOT_SELECTED,,
2026-07-01T053352Z,2026-07-01T05:33:52.980988+00:00,2026-07-01T07:21:20.090043+00:00,2026-06-30,data/prospective/daily_qvp/snapshots/2026-07-01T053352Z/raw,1081,1043,144e01281e848a2a4c711cb0058eddc75099bb40,d3881a1328862a39dc4af32e15c4826237a09adca2da7038eafb5659ddb68bb4,8bda06ce0251beedd6a5f2cd61a08ef37682841102d3b9d86a1ab602640baf4e,WAB,0.6979648473635522,0.8233117483811286,0.6088055427649849,0.7770334928229665,0.5569814729544343,0.6778523489932886,0.5732916602713813,0.7936660268714012,0.5196462381664175,0.4533333333333333,0.6979648473635522,0.6222222222222222,Westinghouse Air Brake Technologies Corporation,Industrials,Railroads,45745012736,269.6000061035156,337.0,192.0,2026-06-30,none,NOT_SELECTED,,
2026-07-01T053352Z,2026-07-01T05:33:52.980988+00:00,2026-07-01T07:21:20.090043+00:00,2026-06-30,data/prospective/daily_qvp/snapshots/2026-07-01T053352Z/raw,1081,1043,144e01281e848a2a4c711cb0058eddc75099bb40,d3881a1328862a39dc4af32e15c4826237a09adca2da7038eafb5659ddb68bb4,8bda06ce0251beedd6a5f2cd61a08ef37682841102d3b9d86a1ab602640baf4e,BCPC,0.5164199814986123,0.4791859389454209,0.6501591432916791,0.8622009569377991,0.5558499750004791,0.6768935762224353,0.5927349388774779,0.8531669865642995,0.7838983050847458,0.3672316384180791,0.5164199814986123,0.7033898305084745,Balchem Corporation,Basic Materials,Specialty Chemicals,5428335616,168.9499969482422,338.0,564.0,2026-06-30,none,NOT_SELECTED,,
2026-07-01T053352Z,2026-07-01T05:33:52.980988+00:00,2026-07-01T07:21:20.090043+00:00,2026-06-30,data/prospective/daily_qvp/snapshots/2026-07-01T053352Z/raw,1081,1043,144e01281e848a2a4c711cb0058eddc75099bb40,d3881a1328862a39dc4af32e15c4826237a09adca2da7038eafb5659ddb68bb4,8bda06ce0251beedd6a5f2cd61a08ef37682841102d3b9d86a1ab602640baf4e,TER,0.7459528214616096,0.9130434782608695,0.759472934118921,0.9827751196172249,0.5554794978688579,0.675934803451582,0.5521184729591655,0.7149712092130518,0.7729930467762326,0.14749262536873153,0.7459528214616096,0.5420353982300885,"Teradyne, Inc.",Technology,Semiconductor Equipment & Materials,75741356032,483.8399963378906,339.0,95.0,2026-06-30,none,NOT_SELECTED,,
2026-07-01T053352Z,2026-07-01T05:33:52.980988+00:00,2026-07-01T07:21:20.090043+00:00,2026-06-30,data/prospective/daily_qvp/snapshots/2026-07-01T053352Z/raw,1081,1043,144e01281e848a2a4c711cb0058eddc75099bb40,d3881a1328862a39dc4af32e15c4826237a09adca2da7038eafb5659ddb68bb4,8bda06ce0251beedd6a5f2cd61a08ef37682841102d3b9d86a1ab602640baf4e,REYN,0.5603607770582794,0.5596669750231268,0.5360995165353717,0.6076555023923444,0.5554388933765223,0.6749760306807286,0.4999125033657251,0.4616122840690979,0.5118382560124641,0.5941176470588235,0.5603607770582794,0.3333333333333333,Reynolds Consumer Products Inc.,Consumer Cyclical,Packaging & Containers,5659104256,26.850000381469727,340.0,477.0,2026-06-30,none,NOT_SELECTED,,
2026-07-01T053352Z,2026-07-01T05:33:52.980988+00:00,2026-07-01T07:21:20.090043+00:00,2026-06-30,data/prospective/daily_qvp/snapshots/2026-07-01T053352Z/raw,1081,1043,144e01281e848a2a4c711cb0058eddc75099bb40,d3881a1328862a39dc4af32e15c4826237a09adca2da7038eafb5659ddb68bb4,8bda06ce0251beedd6a5f2cd61a08ef37682841102d3b9d86a1ab602640baf4e,CDE,0.37627197039777976,0.27752081406105455,0.5610173411310933,0.6602870813397129,0.5548025212060396,0.6740172579098753,0.6608052807350382,0.9702495201535508,0.7457627118644068,0.5423728813559322,0.37627197039777976,0.978813559322034,"Coeur Mining, Inc.",Basic Materials,Gold,16818323456,16.31999969482422,341.0,782.0,2026-06-30,none,NOT_SELECTED,,
2026-07-01T053352Z,2026-07-01T05:33:52.980988+00:00,2026-07-01T07:21:20.090043+00:00,2026-06-30,data/prospective/daily_qvp/snapshots/2026-07-01T053352Z/raw,1081,1043,144e01281e848a2a4c711cb0058eddc75099bb40,d3881a1328862a39dc4af32e15c4826237a09adca2da7038eafb5659ddb68bb4,8bda06ce0251beedd6a5f2cd61a08ef37682841102d3b9d86a1ab602640baf4e,FERG,0.46415356151711373,0.39592969472710454,0.5476024409478941,0.630622009569378,0.5546979235948925,0.673058485139022,0.5199123315850582,0.553742802303263,0.6310513203786746,0.5688888888888889,0.46415356151711373,0.41555555555555557,Ferguson Enterprises Inc.,Industrials,Industrial Distribution,46027264000,237.3300018310547,342.0,654.0,2026-06-30,none,NOT_SELECTED,,
2026-07-01T053352Z,2026-07-01T05:33:52.980988+00:00,2026-07-01T07:21:20.090043+00:00,2026-06-30,data/prospective/daily_qvp/snapshots/2026-07-01T053352Z/raw,1081,1043,144e01281e848a2a4c711cb0058eddc75099bb40,d3881a1328862a39dc4af32e15c4826237a09adca2da7038eafb5659ddb68bb4,8bda06ce0251beedd6a5f2cd61a08ef37682841102d3b9d86a1ab602640baf4e,ACA,0.6732192414431082,0.788159111933395,0.5335005026348575,0.5980861244019139,0.554679347435584,0.6720997123681688,0.6282317327989102,0.9318618042226487,0.39378176382660685,0.597037037037037,0.6732192414431082,0.8488888888888889,"Arcosa, Inc.",Industrials,Engineering & Construction,7134727680,145.2899932861328,343.0,230.0,2026-06-30,none,NOT_SELECTED,,
2026-07-01T053352Z,2026-07-01T05:33:52.980988+00:00,2026-07-01T07:21:20.090043+00:00,2026-06-30,data/prospective/daily_qvp/snapshots/2026-07-01T053352Z/raw,1081,1043,144e01281e848a2a4c711cb0058eddc75099bb40,d3881a1328862a39dc4af32e15c4826237a09adca2da7038eafb5659ddb68bb4,8bda06ce0251beedd6a5f2cd61a08ef37682841102d3b9d86a1ab602640baf4e,FSS,0.4576780758556891,0.3885291396854764,0.5918634524769227,0.7435406698564593,0.5545756349846152,0.6711409395973155,0.6181539484606835,0.9126679462571977,0.7260488290981564,0.48000000000000004,0.4576780758556891,0.8088888888888889,Federal Signal Corporation,Industrials,Farm & Heavy Construction Machinery,7838180352,128.49000549316406,344.0,662.0,2026-06-30,none,NOT_SELECTED,,
2026-07-01T053352Z,2026-07-01T05:33:52.980988+00:00,2026-07-01T07:21:20.090043+00:00,2026-06-30,data/prospective/daily_qvp/snapshots/2026-07-01T053352Z/raw,1081,1043,144e01281e848a2a4c711cb0058eddc75099bb40,d3881a1328862a39dc4af32e15c4826237a09adca2da7038eafb5659ddb68bb4,8bda06ce0251beedd6a5f2cd61a08ef37682841102d3b9d86a1ab602640baf4e,GFS,0.7537002775208141,0.9241443108233117,0.5772540973571201,0.7004784688995215,0.554452584078788,0.6701821668264621,0.48331731416528567,0.3982725527831094,0.400807917193426,0.5088495575221238,0.7537002775208141,0.26991150442477874,GLOBALFOUNDRIES Inc.,Technology,Semiconductors,45218439168,82.41000366210938,345.0,83.0,2026-06-30,none,NOT_SELECTED,,
2026-07-01T053352Z,2026-07-01T05:33:52.980988+00:00,2026-07-01T07:21:20.090043+00:00,2026-06-30,data/prospective/daily_qvp/snapshots/2026-07-01T053352Z/raw,1081,1043,144e01281e848a2a4c711cb0058eddc75099bb40,d3881a1328862a39dc4af32e15c4826237a09adca2da7038eafb5659ddb68bb4,8bda06ce0251beedd6a5f2cd61a08ef37682841102d3b9d86a1ab602640baf4e,CEG,0.19680851063829785,0.07678075855689177,0.5112110934255194,0.5377990430622009,0.5536134219823614,0.6692233940556088,0.4798652389005641,0.3809980806142035,0.8256136762127411,0.6384180790960452,0.19680851063829785,0.25862068965517243,Constellation Energy Corporation,Utilities,Utilities - Independent Power Producers,88693424128,248.3699951171875,346.0,999.0,2026-06-30,none,NOT_SELECTED,,
2026-07-01T053352Z,2026-07-01T05:33:52.980988+00:00,2026-07-01T07:21:20.090043+00:00,2026-06-30,data/prospective/daily_qvp/snapshots/2026-07-01T053352Z/raw,1081,1043,144e01281e848a2a4c711cb0058eddc75099bb40,d3881a1328862a39dc4af32e15c4826237a09adca2da7038eafb5659ddb68bb4,8bda06ce0251beedd6a5f2cd61a08ef37682841102d3b9d86a1ab602640baf4e,PTC,0.2280296022201665,0.09620721554116558,0.48623943764611355,0.45167464114832534,0.5532648365035054,0.6682646212847555,0.6151698663156822,0.9088291746641075,0.7444492730720607,0.687315634218289,0.2280296022201665,0.8008849557522124,PTC Inc.,Technology,Software - Application,13122613248,113.61000061035156,347.0,978.0,2026-06-30,none,NOT_SELECTED,,
2026-07-01T053352Z,2026-07-01T05:33:52.980988+00:00,2026-07-01T07:21:20.090043+00:00,2026-06-30,data/prospective/daily_qvp/snapshots/2026-07-01T053352Z/raw,1081,1043,144e01281e848a2a4c711cb0058eddc75099bb40,d3881a1328862a39dc4af32e15c4826237a09adca2da7038eafb5659ddb68bb4,8bda06ce0251beedd6a5f2cd61a08ef37682841102d3b9d86a1ab602640baf4e,TREX,0.42183163737280294,0.33580018501387604,0.5989651460406615,0.755023923444976,0.5523965171135274,0.6673058485139022,0.45985294339070115,0.30326295585412666,0.7760986547085202,0.45925925925925926,0.42183163737280294,0.1822222222222222,"Trex Company, Inc.",Industrials,Building Products & Equipment,5199092224,50.040000915527344,348.0,719.0,2026-06-30,none,NOT_SELECTED,,
2026-07-01T053352Z,2026-07-01T05:33:52.980988+00:00,2026-07-01T07:21:20.090043+00:00,2026-06-30,data/prospective/daily_qvp/snapshots/2026-07-01T053352Z/raw,1081,1043,144e01281e848a2a4c711cb0058eddc75099bb40,d3881a1328862a39dc4af32e15c4826237a09adca2da7038eafb5659ddb68bb4,8bda06ce0251beedd6a5f2cd61a08ef37682841102d3b9d86a1ab602640baf4e,VRT,0.7273358001850139,0.8723404255319149,0.768428737162761,0.9885167464114832,0.552285824775174,0.6663470757430489,0.6258810352480472,0.9289827255278311,0.8095216741405082,0.11999999999999995,0.7273358001850139,0.8466666666666667,Vertiv Holdings Co,Industrials,Electrical Equipment & Parts,128607313920,334.82000732421875,349.0,139.0,2026-06-30,none,NOT_SELECTED,,
2026-07-01T053352Z,2026-07-01T05:33:52.980988+00:00,2026-07-01T07:21:20.090043+00:00,2026-06-30,data/prospective/daily_qvp/snapshots/2026-07-01T053352Z/raw,1081,1043,144e01281e848a2a4c711cb0058eddc75099bb40,d3881a1328862a39dc4af32e15c4826237a09adca2da7038eafb5659ddb68bb4,8bda06ce0251beedd6a5f2cd61a08ef37682841102d3b9d86a1ab602640baf4e,R,0.7335800185013875,0.8862164662349676,0.474306202574062,0.41818181818181815,0.5517596906049302,0.6653883029721956,0.5110419901759199,0.5076775431861804,0.2150323866467364,0.7066666666666667,0.7335800185013875,0.38888888888888884,"Ryder System, Inc.",Industrials,Rental & Leasing Services,10205529088,263.7699890136719,350.0,124.0,2026-06-30,none,NOT_SELECTED,,
2026-07-01T053352Z,2026-07-01T05:33:52.980988+00:00,2026-07-01T07:21:20.090043+00:00,2026-06-30,data/prospective/daily_qvp/snapshots/2026-07-01T053352Z/raw,1081,1043,144e01281e848a2a4c711cb0058eddc75099bb40,d3881a1328862a39dc4af32e15c4826237a09adca2da7038eafb5659ddb68bb4,8bda06ce0251beedd6a5f2cd61a08ef37682841102d3b9d86a1ab602640baf4e,RXO,0.6815448658649399,0.8006475485661425,0.53478339456675,0.600956937799043,0.5515839914395616,0.6644295302013423,0.5625768824685602,0.7523992322456814,0.38802192326856,0.5851851851851851,0.6815448658649399,0.5955555555555555,"RXO, Inc.",Industrials,Trucking,4550151680,27.59000015258789,351.0,216.0,2026-06-30,none,NOT_SELECTED,,
2026-07-01T053352Z,2026-07-01T05:33:52.980988+00:00,2026-07-01T07:21:20.090043+00:00,2026-06-30,data/prospective/daily_qvp/snapshots/2026-07-01T053352Z/raw,1081,1043,144e01281e848a2a4c711cb0058eddc75099bb40,d3881a1328862a39dc4af32e15c4826237a09adca2da7038eafb5659ddb68bb4,8bda06ce0251beedd6a5f2cd61a08ef37682841102d3b9d86a1ab602640baf4e,AXTA,0.49699352451433854,0.4421831637372803,0.49637811818937266,0.4880382775119617,0.5512577285104293,0.663470757430489,0.5236127879082456,0.5700575815738963,0.4957627118644068,0.6610169491525424,0.49699352451433854,0.4406779661016949,Axalta Coating Systems Ltd.,Basic Materials,Specialty Chemicals,7323727872,34.220001220703125,352.0,604.0,2026-06-30,none,NOT_SELECTED,,
2026-07-01T053352Z,2026-07-01T05:33:52.980988+00:00,2026-07-01T07:21:20.090043+00:00,2026-06-30,data/prospective/daily_qvp/snapshots/2026-07-01T053352Z/raw,1081,1043,144e01281e848a2a4c711cb0058eddc75099bb40,d3881a1328862a39dc4af32e15c4826237a09adca2da7038eafb5659ddb68bb4,8bda06ce0251beedd6a5f2cd61a08ef37682841102d3b9d86a1ab602640baf4e,EMN,0.46022201665124884,0.3926919518963922,0.4080771100205397,0.22392344497607655,0.550770804043825,0.6625119846596357,0.45333234032100433,0.2715930902111324,0.35593220338983056,0.8361581920903954,0.46022201665124884,0.16101694915254233,Eastman Chemical Company,Basic Materials,Specialty Chemicals,7659160576,66.9800033569336,353.0,657.0,2026-06-30,none,NOT_SELECTED,,
2026-07-01T053352Z,2026-07-01T05:33:52.980988+00:00,2026-07-01T07:21:20.090043+00:00,2026-06-30,data/prospective/daily_qvp/snapshots/2026-07-01T053352Z/raw,1081,1043,144e01281e848a2a4c711cb0058eddc75099bb40,d3881a1328862a39dc4af32e15c4826237a09adca2da7038eafb5659ddb68bb4,8bda06ce0251beedd6a5f2cd61a08ef37682841102d3b9d86a1ab602640baf4e,ATEN,0.8270120259019427,0.9972247918593895,0.6693234118131711,0.8976076555023923,0.5504437298026844,0.6615532118887824,0.49247881505112834,0.43666026871401153,0.5116347977243996,0.3126843657817109,0.8270120259019427,0.3185840707964602,"A10 Networks, Inc.",Technology,Software - Infrastructure,2689851904,37.36000061035156,354.0,4.0,2026-06-30,none,NOT_SELECTED,,
2026-07-01T053352Z,2026-07-01T05:33:52.980988+00:00,2026-07-01T07:21:20.090043+00:00,2026-06-30,data/prospective/daily_qvp/snapshots/2026-07-01T053352Z/raw,1081,1043,144e01281e848a2a4c711cb0058eddc75099bb40,d3881a1328862a39dc4af32e15c4826237a09adca2da7038eafb5659ddb68bb4,8bda06ce0251beedd6a5f2cd61a08ef37682841102d3b9d86a1ab602640baf4e,LECO,0.5788621646623497,0.6096207215541165,0.6381954071941545,0.8344497607655502,0.5504018764010412,0.660594439117929,0.5416902961896698,0.6641074856046065,0.6975286497259592,0.37481481481481477,0.5788621646623497,0.5155555555555555,"Lincoln Electric Holdings, Inc.",Industrials,Tools & Accessories,14546526208,265.510009765625,355.0,423.0,2026-06-30,none,NOT_SELECTED,,
2026-07-01T053352Z,2026-07-01T05:33:52.980988+00:00,2026-07-01T07:21:20.090043+00:00,2026-06-30,data/prospective/daily_qvp/snapshots/2026-07-01T053352Z/raw,1081,1043,144e01281e848a2a4c711cb0058eddc75099bb40,d3881a1328862a39dc4af32e15c4826237a09adca2da7038eafb5659ddb68bb4,8bda06ce0251beedd6a5f2cd61a08ef37682841102d3b9d86a1ab602640baf4e,ULTA,0.32816836262719706,0.2062904717853839,0.5622519025441026,0.6631578947368421,0.5499980003888788,0.6596356663470757,0.539730643148802,0.6564299424184261,0.7963354424610081,0.5254901960784314,0.32816836262719706,0.5089285714285714,"Ulta Beauty, Inc.",Consumer Cyclical,Specialty Retail,19387320320,450.9800109863281,356.0,859.0,2026-06-30,none,NOT_SELECTED,,
2026-07-01T053352Z,2026-07-01T05:33:52.980988+00:00,2026-07-01T07:21:20.090043+00:00,2026-06-30,data/prospective/daily_qvp/snapshots/2026-07-01T053352Z/raw,1081,1043,144e01281e848a2a4c711cb0058eddc75099bb40,d3881a1328862a39dc4af32e15c4826237a09adca2da7038eafb5659ddb68bb4,8bda06ce0251beedd6a5f2cd61a08ef37682841102d3b9d86a1ab602640baf4e,INTU,0.09747918593894535,0.024051803885291396,0.437092943159106,0.2966507177033493,0.5495073898346843,0.6586768935762224,0.5636792149423849,0.7571976967370442,0.7767067003792667,0.7743362831858406,0.09747918593894535,0.6061946902654867,Intuit Inc.,Technology,Software - Application,71393157120,261.0,357.0,1056.0,2026-06-30,none,NOT_SELECTED,,
2026-07-01T053352Z,2026-07-01T05:33:52.980988+00:00,2026-07-01T07:21:20.090043+00:00,2026-06-30,data/prospective/daily_qvp/snapshots/2026-07-01T053352Z/raw,1081,1043,144e01281e848a2a4c711cb0058eddc75099bb40,d3881a1328862a39dc4af32e15c4826237a09adca2da7038eafb5659ddb68bb4,8bda06ce0251beedd6a5f2cd61a08ef37682841102d3b9d86a1ab602640baf4e,CARG,0.3055041628122109,0.1822386679000925,0.6012552844624759,0.7617224880382775,0.5492028693802127,0.6577181208053692,0.6388366758446833,0.9481765834932822,0.897006406112741,0.44509803921568625,0.3055041628122109,0.9077380952380953,"CarGurus, Inc.",Consumer Cyclical,Auto & Truck Dealerships,3074478080,34.09000015258789,358.0,884.0,2026-06-30,none,NOT_SELECTED,,
2026-07-01T053352Z,2026-07-01T05:33:52.980988+00:00,2026-07-01T07:21:20.090043+00:00,2026-06-30,data/prospective/daily_qvp/snapshots/2026-07-01T053352Z/raw,1081,1043,144e01281e848a2a4c711cb0058eddc75099bb40,d3881a1328862a39dc4af32e15c4826237a09adca2da7038eafb5659ddb68bb4,8bda06ce0251beedd6a5f2cd61a08ef37682841102d3b9d86a1ab602640baf4e,DAR,0.7231729879740981,0.8649398704902868,0.5206774030779582,0.5559808612440191,0.5491384707388408,0.6567593480345159,0.6145053682056457,0.9078694817658349,0.3181818181818181,0.6060606060606061,0.7231729879740981,0.8106060606060606,Darling Ingredients Inc.,Consumer Defensive,Packaged Foods,8680611840,54.619998931884766,359.0,147.0,2026-06-30,none,NOT_SELECTED,,
2026-07-01T053352Z,2026-07-01T05:33:52.980988+00:00,2026-07-01T07:21:20.090043+00:00,2026-06-30,data/prospective/daily_qvp/snapshots/2026-07-01T053352Z/raw,1081,1043,144e01281e848a2a4c711cb0058eddc75099bb40,d3881a1328862a39dc4af32e15c4826237a09adca2da7038eafb5659ddb68bb4,8bda06ce0251beedd6a5f2cd61a08ef37682841102d3b9d86a1ab602640baf4e,UPS,0.5670675300647549,0.5781683626271971,0.49244507544592997,0.4717703349282297,0.549037457704694,0.6558005752636625,0.4717780932785205,0.34836852207293667,0.4178226208271051,0.6622222222222222,0.5670675300647549,0.23999999999999996,"United Parcel Service, Inc.",Industrials,Integrated Freight & Logistics,91375673344,107.5,360.0,457.0,2026-06-30,none,NOT_SELECTED,,
2026-07-01T053352Z,2026-07-01T05:33:52.980988+00:00,2026-07-01T07:21:20.090043+00:00,2026-06-30,data/prospective/daily_qvp/snapshots/2026-07-01T053352Z/raw,1081,1043,144e01281e848a2a4c711cb0058eddc75099bb40,d3881a1328862a39dc4af32e15c4826237a09adca2da7038eafb5659ddb68bb4,8bda06ce0251beedd6a5f2cd61a08ef37682841102d3b9d86a1ab602640baf4e,HON,0.6244218316373727,0.6984273820536541,0.5120938256343316,0.539712918660287,0.5488032911636284,0.6548418024928092,0.5154913572616102,0.5374280230326296,0.39976581963129043,0.6222222222222222,0.6244218316373727,0.4155555555555555,Honeywell International Inc.,Industrials,Conglomerates,70937468928,223.8999938964844,361.0,327.0,2026-06-30,none,NOT_SELECTED,,
2026-07-01T053352Z,2026-07-01T05:33:52.980988+00:00,2026-07-01T07:21:20.090043+00:00,2026-06-30,data/prospective/daily_qvp/snapshots/2026-07-01T053352Z/raw,1081,1043,144e01281e848a2a4c711cb0058eddc75099bb40,d3881a1328862a39dc4af32e15c4826237a09adca2da7038eafb5659ddb68bb4,8bda06ce0251beedd6a5f2cd61a08ef37682841102d3b9d86a1ab602640baf4e,CWT,0.5564292321924145,0.5522664199814986,0.5599942771131563,0.6574162679425838,0.5484707610132907,0.6538830297219559,0.4307496224841059,0.19769673704414586,0.5635593220338982,0.5254237288135593,0.5564292321924145,0.07758620689655164,California Water Service Group,Utilities,Utilities - Regulated Water,2911861504,48.650001525878906,362.0,485.0,2026-06-30,none,NOT_SELECTED,,
2026-07-01T053352Z,2026-07-01T05:33:52.980988+00:00,2026-07-01T07:21:20.090043+00:00,2026-06-30,data/prospective/daily_qvp/snapshots/2026-07-01T053352Z/raw,1081,1043,144e01281e848a2a4c711cb0058eddc75099bb40,d3881a1328862a39dc4af32e15c4826237a09adca2da7038eafb5659ddb68bb4,8bda06ce0251beedd6a5f2cd61a08ef37682841102d3b9d86a1ab602640baf4e,STE,0.36864014801110084,0.2664199814986124,0.49276813733537095,0.47464114832535886,0.5479737892794813,0.6529242569511026,0.5234074910611166,0.5690978886756238,0.6168961266596411,0.6583850931677019,0.36864014801110084,0.4497085964060223,STERIS plc,Healthcare,Medical Devices,20521664512,210.57000732421875,363.0,794.0,2026-06-30,none,NOT_SELECTED,,
2026-07-01T053352Z,2026-07-01T05:33:52.980988+00:00,2026-07-01T07:21:20.090043+00:00,2026-06-30,data/prospective/daily_qvp/snapshots/2026-07-01T053352Z/raw,1081,1043,144e01281e848a2a4c711cb0058eddc75099bb40,d3881a1328862a39dc4af32e15c4826237a09adca2da7038eafb5659ddb68bb4,8bda06ce0251beedd6a5f2cd61a08ef37682841102d3b9d86a1ab602640baf4e,MPWR,0.6859389454209065,0.8080481036077706,0.7370389851946504,0.9645933014354067,0.5478981631877807,0.6519654841802492,0.5762997285855258,0.800383877159309,0.7881390249683944,0.16961651917404127,0.6859389454209065,0.661504424778761,"Monolithic Power Systems, Inc.",Technology,Semiconductors,67915345920,1382.3599853515625,364.0,209.0,2026-06-30,none,NOT_SELECTED,,
2026-07-01T053352Z,2026-07-01T05:33:52.980988+00:00,2026-07-01T07:21:20.090043+00:00,2026-06-30,data/prospective/daily_qvp/snapshots/2026-07-01T053352Z/raw,1081,1043,144e01281e848a2a4c711cb0058eddc75099bb40,d3881a1328862a39dc4af32e15c4826237a09adca2da7038eafb5659ddb68bb4,8bda06ce0251beedd6a5f2cd61a08ef37682841102d3b9d86a1ab602640baf4e,BAND,0.7549722479185939,0.9287696577243293,0.5187037282576534,0.55311004784689,0.5478673822602645,0.6510067114093959,0.47505982873059666,0.3579654510556622,0.282435208596713,0.6061946902654868,0.7549722479185939,0.2566371681415929,Bandwidth Inc.,Technology,Software - Infrastructure,2026695552,63.29999923706055,365.0,78.0,2026-06-30,none,NOT_SELECTED,,
2026-07-01T053352Z,2026-07-01T05:33:52.980988+00:00,2026-07-01T07:21:20.090043+00:00,2026-06-30,data/prospective/daily_qvp/snapshots/2026-07-01T053352Z/raw,1081,1043,144e01281e848a2a4c711cb0058eddc75099bb40,d3881a1328862a39dc4af32e15c4826237a09adca2da7038eafb5659ddb68bb4,8bda06ce0251beedd6a5f2cd61a08ef37682841102d3b9d86a1ab602640baf4e,ETSY,0.5797872340425532,0.6133209990749307,0.6243519047742476,0.8124401913875599,0.5469535574311978,0.6500479386385427,0.5009889775972078,0.4654510556621881,0.6689165755059421,0.392156862745098,0.5797872340425532,0.363095238095238,"Etsy, Inc.",Consumer Cyclical,Internet Retail,7148533248,75.33000183105469,366.0,419.0,2026-06-30,none,NOT_SELECTED,,
2026-07-01T053352Z,2026-07-01T05:33:52.980988+00:00,2026-07-01T07:21:20.090043+00:00,2026-06-30,data/prospective/daily_qvp/snapshots/2026-07-01T053352Z/raw,1081,1043,144e01281e848a2a4c711cb0058eddc75099bb40,d3881a1328862a39dc4af32e15c4826237a09adca2da7038eafb5659ddb68bb4,8bda06ce0251beedd6a5f2cd61a08ef37682841102d3b9d86a1ab602640baf4e,SON,0.6216466234967624,0.6901017576318224,0.49573569386098953,0.4861244019138756,0.5468303318550388,0.6490891658676894,0.6370572727008028,0.9452975047984645,0.3698247642252167,0.6490196078431373,0.6216466234967624,0.9077380952380951,Sonoco Products Company,Consumer Cyclical,Packaging & Containers,5571250176,56.349998474121094,367.0,336.0,2026-06-30,none,NOT_SELECTED,,
2026-07-01T053352Z,2026-07-01T05:33:52.980988+00:00,2026-07-01T07:21:20.090043+00:00,2026-06-30,data/prospective/daily_qvp/snapshots/2026-07-01T053352Z/raw,1081,1043,144e01281e848a2a4c711cb0058eddc75099bb40,d3881a1328862a39dc4af32e15c4826237a09adca2da7038eafb5659ddb68bb4,8bda06ce0251beedd6a5f2cd61a08ef37682841102d3b9d86a1ab602640baf4e,EPAM,0.09828862164662341,0.02497687326549491,0.3353524334528945,0.10717703349282297,0.5468229595683997,0.6481303930968361,0.49916589224267144,0.45777351247600767,0.5724162452591656,0.9697640117994101,0.09828862164662341,0.3561946902654867,"EPAM Systems, Inc.",Technology,Information Technology Services,4145597184,79.3499984741211,368.0,1055.0,2026-06-30,none,NOT_SELECTED,,
2026-07-01T053352Z,2026-07-01T05:33:52.980988+00:00,2026-07-01T07:21:20.090043+00:00,2026-06-30,data/prospective/daily_qvp/snapshots/2026-07-01T053352Z/raw,1081,1043,144e01281e848a2a4c711cb0058eddc75099bb40,d3881a1328862a39dc4af32e15c4826237a09adca2da7038eafb5659ddb68bb4,8bda06ce0251beedd6a5f2cd61a08ef37682841102d3b9d86a1ab602640baf4e,ALRM,0.34481961147086027,0.23496762257169287,0.41606893974301545,0.24497607655502393,0.5467991555022267,0.6471716203259827,0.5140816675116258,0.5230326295585412,0.48731826801517064,0.808259587020649,0.34481961147086027,0.41592920353982293,"Alarm.com Holdings, Inc.",Technology,Software - Application,2310798592,46.720001220703125,369.0,828.0,2026-06-30,none,NOT_SELECTED,,
2026-07-01T053352Z,2026-07-01T05:33:52.980988+00:00,2026-07-01T07:21:20.090043+00:00,2026-06-30,data/prospective/daily_qvp/snapshots/2026-07-01T053352Z/raw,1081,1043,144e01281e848a2a4c711cb0058eddc75099bb40,d3881a1328862a39dc4af32e15c4826237a09adca2da7038eafb5659ddb68bb4,8bda06ce0251beedd6a5f2cd61a08ef37682841102d3b9d86a1ab602640baf4e,TSN,0.5254394079555966,0.4925994449583719,0.4161287948868892,0.24593301435406698,0.5467794659515288,0.6462128475551294,0.5294027812818285,0.6026871401151631,0.30681818181818177,0.8080808080808081,0.5254394079555966,0.4772727272727273,"Tyson Foods, Inc.",Consumer Defensive,Farm Products,20159408128,57.25,370.0,550.0,2026-06-30,none,NOT_SELECTED,,
2026-07-01T053352Z,2026-07-01T05:33:52.980988+00:00,2026-07-01T07:21:20.090043+00:00,2026-06-30,data/prospective/daily_qvp/snapshots/2026-07-01T053352Z/raw,1081,1043,144e01281e848a2a4c711cb0058eddc75099bb40,d3881a1328862a39dc4af32e15c4826237a09adca2da7038eafb5659ddb68bb4,8bda06ce0251beedd6a5f2cd61a08ef37682841102d3b9d86a1ab602640baf4e,LHX,0.5471785383903793,0.5337650323774283,0.4949345606750103,0.48038277511961724,0.5467464972401304,0.6452540747842761,0.5267265395967644,0.5892514395393474,0.44269058295964125,0.6503703703703704,0.5471785383903793,0.4666666666666666,"L3Harris Technologies, Inc.",Industrials,Aerospace & Defense,54135447552,290.5899963378906,371.0,505.0,2026-06-30,none,NOT_SELECTED,,
2026-07-01T053352Z,2026-07-01T05:33:52.980988+00:00,2026-07-01T07:21:20.090043+00:00,2026-06-30,data/prospective/daily_qvp/snapshots/2026-07-01T053352Z/raw,1081,1043,144e01281e848a2a4c711cb0058eddc75099bb40,d3881a1328862a39dc4af32e15c4826237a09adca2da7038eafb5659ddb68bb4,8bda06ce0251beedd6a5f2cd61a08ef37682841102d3b9d86a1ab602640baf4e,GME,0.36609620721554115,0.2599444958371878,0.45369787239102355,0.3416267942583732,0.546256097933885,0.6442953020134228,0.5406444544027946,0.6602687140115163,0.541299537566506,0.7313725490196079,0.36609620721554115,0.5238095238095237,GameStop Corp.,Consumer Cyclical,Specialty Retail,9907102720,22.079999923706055,372.0,801.0,2026-06-30,none,NOT_SELECTED,,
2026-07-01T053352Z,2026-07-01T05:33:52.980988+00:00,2026-07-01T07:21:20.090043+00:00,2026-06-30,data/prospective/daily_qvp/snapshots/2026-07-01T053352Z/raw,1081,1043,144e01281e848a2a4c711cb0058eddc75099bb40,d3881a1328862a39dc4af32e15c4826237a09adca2da7038eafb5659ddb68bb4,8bda06ce0251beedd6a5f2cd61a08ef37682841102d3b9d86a1ab602640baf4e,DOCS,0.06047641073080475,0.009250693802035153,0.487673090423622,0.4602870813397129,0.5459573535881427,0.6433365292425696,0.4866687194164591,0.4145873320537428,0.9148697701164392,0.6625258799171843,0.06047641073080475,0.30880281690140843,"Doximity, Inc.",Healthcare,Health Information Services,3792766208,20.739999771118164,373.0,1072.0,2026-06-30,none,NOT_SELECTED,,
2026-07-01T053352Z,2026-07-01T05:33:52.980988+00:00,2026-07-01T07:21:20.090043+00:00,2026-06-30,data/prospective/daily_qvp/snapshots/2026-07-01T053352Z/raw,1081,1043,144e01281e848a2a4c711cb0058eddc75099bb40,d3881a1328862a39dc4af32e15c4826237a09adca2da7038eafb5659ddb68bb4,8bda06ce0251beedd6a5f2cd61a08ef37682841102d3b9d86a1ab602640baf4e,EBAY,0.6690564292321923,0.7816836262719704,0.6912997471936242,0.9215311004784689,0.5458338183905207,0.6423777564717162,0.5239586971262238,0.572936660268714,0.713543065155056,0.2549019607843137,0.6690564292321923,0.4583333333333333,eBay Inc.,Consumer Cyclical,Internet Retail,49616998400,111.75,374.0,237.0,2026-06-30,none,NOT_SELECTED,,
2026-07-01T053352Z,2026-07-01T05:33:52.980988+00:00,2026-07-01T07:21:20.090043+00:00,2026-06-30,data/prospective/daily_qvp/snapshots/2026-07-01T053352Z/raw,1081,1043,144e01281e848a2a4c711cb0058eddc75099bb40,d3881a1328862a39dc4af32e15c4826237a09adca2da7038eafb5659ddb68bb4,8bda06ce0251beedd6a5f2cd61a08ef37682841102d3b9d86a1ab602640baf4e,PBH,0.23589269195189635,0.10545790934320073,0.3816273873061366,0.17799043062200956,0.5456535929176867,0.6414189837008629,0.42900100090487503,0.19001919385796545,0.5273620826603769,0.8737060041407867,0.23589269195189635,0.07904322486644,Prestige Consumer Healthcare Inc.,Healthcare,Drug Manufacturers - Specialty & Generic,2239282432,47.27000045776367,375.0,968.0,2026-06-30,none,NOT_SELECTED,,
2026-07-01T053352Z,2026-07-01T05:33:52.980988+00:00,2026-07-01T07:21:20.090043+00:00,2026-06-30,data/prospective/daily_qvp/snapshots/2026-07-01T053352Z/raw,1081,1043,144e01281e848a2a4c711cb0058eddc75099bb40,d3881a1328862a39dc4af32e15c4826237a09adca2da7038eafb5659ddb68bb4,8bda06ce0251beedd6a5f2cd61a08ef37682841102d3b9d86a1ab602640baf4e,ON,0.7060592044403331,0.8371877890841813,0.564233774154427,0.6688995215311004,0.5452807265257634,0.6404602109300096,0.4128322263102518,0.13531669865642995,0.4224083438685208,0.5073746312684365,0.7060592044403331,0.0154867256637168,ON Semiconductor Corporation,Technology,Semiconductors,36793606144,94.54000091552734,376.0,177.0,2026-06-30,none,NOT_SELECTED,,
2026-07-01T053352Z,2026-07-01T05:33:52.980988+00:00,2026-07-01T07:21:20.090043+00:00,2026-06-30,data/prospective/daily_qvp/snapshots/2026-07-01T053352Z/raw,1081,1043,144e01281e848a2a4c711cb0058eddc75099bb40,d3881a1328862a39dc4af32e15c4826237a09adca2da7038eafb5659ddb68bb4,8bda06ce0251beedd6a5f2cd61a08ef37682841102d3b9d86a1ab602640baf4e,VST,0.26965772432932467,0.14153561517113783,0.5212257061155683,0.5578947368421052,0.5452239170713957,0.6395014381591563,0.44232311021733994,0.22744721689059502,0.7727936879018119,0.5932203389830508,0.26965772432932467,0.1336206896551724,Vistra Corp.,Utilities,Utilities - Independent Power Producers,53487255552,158.6300048828125,377.0,929.0,2026-06-30,none,NOT_SELECTED,,
2026-07-01T053352Z,2026-07-01T05:33:52.980988+00:00,2026-07-01T07:21:20.090043+00:00,2026-06-30,data/prospective/daily_qvp/snapshots/2026-07-01T053352Z/raw,1081,1043,144e01281e848a2a4c711cb0058eddc75099bb40,d3881a1328862a39dc4af32e15c4826237a09adca2da7038eafb5659ddb68bb4,8bda06ce0251beedd6a5f2cd61a08ef37682841102d3b9d86a1ab602640baf4e,SM,0.5679925994449584,0.5804810360777058,0.47964847363552265,0.4296650717703349,0.5445595539621247,0.638542665388303,0.5098689408339124,0.5038387715930902,0.3913043478260869,0.6743817146153291,0.5679925994449584,0.4057971014492754,SM Energy Company,Energy,Oil & Gas E&P,6257441280,26.100000381469727,378.0,454.0,2026-06-30,none,NOT_SELECTED,,
2026-07-01T053352Z,2026-07-01T05:33:52.980988+00:00,2026-07-01T07:21:20.090043+00:00,2026-06-30,data/prospective/daily_qvp/snapshots/2026-07-01T053352Z/raw,1081,1043,144e01281e848a2a4c711cb0058eddc75099bb40,d3881a1328862a39dc4af32e15c4826237a09adca2da7038eafb5659ddb68bb4,8bda06ce0251beedd6a5f2cd61a08ef37682841102d3b9d86a1ab602640baf4e,DBX,0.39893617021276595,0.3131359851988899,0.5454477587789495,0.6258373205741626,0.5445561263049438,0.6375838926174496,0.5273330239322476,0.5930902111324377,0.6919593473451329,0.5427728613569321,0.39893617021276595,0.47566371681415925,"Dropbox, Inc.",Technology,Software - Infrastructure,6408769024,27.469999313354492,379.0,743.0,2026-06-30,none,NOT_SELECTED,,
2026-07-01T053352Z,2026-07-01T05:33:52.980988+00:00,2026-07-01T07:21:20.090043+00:00,2026-06-30,data/prospective/daily_qvp/snapshots/2026-07-01T053352Z/raw,1081,1043,144e01281e848a2a4c711cb0058eddc75099bb40,d3881a1328862a39dc4af32e15c4826237a09adca2da7038eafb5659ddb68bb4,8bda06ce0251beedd6a5f2cd61a08ef37682841102d3b9d86a1ab602640baf4e,OMC,0.38367252543940794,0.28862164662349676,0.3852667761451618,0.18660287081339713,0.5442841309566779,0.6366251198465963,0.4929353204397307,0.43953934740882916,0.3868610268509156,0.8623188405797101,0.38367252543940794,0.3388888888888889,Omnicom Group Inc.,Communication Services,Advertising Agencies,20757002240,72.83000183105469,380.0,770.0,2026-06-30,none,NOT_SELECTED,,
2026-07-01T053352Z,2026-07-01T05:33:52.980988+00:00,2026-07-01T07:21:20.090043+00:00,2026-06-30,data/prospective/daily_qvp/snapshots/2026-07-01T053352Z/raw,1081,1043,144e01281e848a2a4c711cb0058eddc75099bb40,d3881a1328862a39dc4af32e15c4826237a09adca2da7038eafb5659ddb68bb4,8bda06ce0251beedd6a5f2cd61a08ef37682841102d3b9d86a1ab602640baf4e,SHOO,0.5360777058279371,0.5143385753931545,0.5511478065545964,0.6344497607655503,0.5439024592716917,0.6356663470757431,0.509117320644245,0.4980806142034549,0.5662179072812557,0.5294117647058822,0.5360777058279371,0.4047619047619047,"Steven Madden, Ltd.",Consumer Cyclical,Footwear & Accessories,3076897024,42.099998474121094,381.0,526.0,2026-06-30,none,NOT_SELECTED,,
2026-07-01T053352Z,2026-07-01T05:33:52.980988+00:00,2026-07-01T07:21:20.090043+00:00,2026-06-30,data/prospective/daily_qvp/snapshots/2026-07-01T053352Z/raw,1081,1043,144e01281e848a2a4c711cb0058eddc75099bb40,d3881a1328862a39dc4af32e15c4826237a09adca2da7038eafb5659ddb68bb4,8bda06ce0251beedd6a5f2cd61a08ef37682841102d3b9d86a1ab602640baf4e,SCCO,0.6026827012025903,0.6512488436632747,0.7049430455165493,0.9349282296650717,0.5434083580279822,0.6347075743048898,0.6215393193684442,0.9203454894433781,0.8072033898305084,0.22033898305084745,0.6026827012025903,0.8559322033898304,Southern Copper Corporation,Basic Materials,Copper,145390075904,174.25999450683594,382.0,378.0,2026-06-30,none,NOT_SELECTED,,
2026-07-01T053352Z,2026-07-01T05:33:52.980988+00:00,2026-07-01T07:21:20.090043+00:00,2026-06-30,data/prospective/daily_qvp/snapshots/2026-07-01T053352Z/raw,1081,1043,144e01281e848a2a4c711cb0058eddc75099bb40,d3881a1328862a39dc4af32e15c4826237a09adca2da7038eafb5659ddb68bb4,8bda06ce0251beedd6a5f2cd61a08ef37682841102d3b9d86a1ab602640baf4e,SAIC,0.45120259019426456,0.37465309898242366,0.3733721152614812,0.16555023923444975,0.5434083521605548,0.6337488015340365,0.4407421048283807,0.22168905950095968,0.29554164032869784,0.883480825958702,0.45120259019426456,0.13274336283185836,Science Applications International Corporation,Technology,Information Technology Services,4667783680,110.41000366210938,383.0,677.0,2026-06-30,none,NOT_SELECTED,,
2026-07-01T053352Z,2026-07-01T05:33:52.980988+00:00,2026-07-01T07:21:20.090043+00:00,2026-06-30,data/prospective/daily_qvp/snapshots/2026-07-01T053352Z/raw,1081,1043,144e01281e848a2a4c711cb0058eddc75099bb40,d3881a1328862a39dc4af32e15c4826237a09adca2da7038eafb5659ddb68bb4,8bda06ce0251beedd6a5f2cd61a08ef37682841102d3b9d86a1ab602640baf4e,TWLO,0.6475485661424607,0.7382053654024052,0.5451860640446817,0.6248803827751196,0.5433983789796403,0.6327900287631831,0.5646284302524294,0.7600767754318618,0.44282356194690264,0.5398230088495575,0.6475485661424607,0.6283185840707964,Twilio Inc.,Technology,Software - Infrastructure,31315499008,206.3300018310547,384.0,284.0,2026-06-30,none,NOT_SELECTED,,
2026-07-01T053352Z,2026-07-01T05:33:52.980988+00:00,2026-07-01T07:21:20.090043+00:00,2026-06-30,data/prospective/daily_qvp/snapshots/2026-07-01T053352Z/raw,1081,1043,144e01281e848a2a4c711cb0058eddc75099bb40,d3881a1328862a39dc4af32e15c4826237a09adca2da7038eafb5659ddb68bb4,8bda06ce0251beedd6a5f2cd61a08ef37682841102d3b9d86a1ab602640baf4e,DRS,0.5217391304347826,0.48751156336725254,0.5691804770260609,0.6775119617224881,0.542910441474164,0.6318312559923298,0.5816272755500675,0.8214971209213052,0.6166218236173393,0.49037037037037035,0.5217391304347826,0.6977777777777778,"Leonardo DRS, Inc.",Industrials,Aerospace & Defense,11382737920,42.66999816894531,385.0,555.0,2026-06-30,none,NOT_SELECTED,,
2026-07-01T053352Z,2026-07-01T05:33:52.980988+00:00,2026-07-01T07:21:20.090043+00:00,2026-06-30,data/prospective/daily_qvp/snapshots/2026-07-01T053352Z/raw,1081,1043,144e01281e848a2a4c711cb0058eddc75099bb40,d3881a1328862a39dc4af32e15c4826237a09adca2da7038eafb5659ddb68bb4,8bda06ce0251beedd6a5f2cd61a08ef37682841102d3b9d86a1ab602640baf4e,GEV,0.7072155411655874,0.8390379278445883,0.7165300426306263,0.9483253588516747,0.5428718802722693,0.6308724832214765,0.5999316879819798,0.8714011516314779,0.7258445440956651,0.1955555555555555,0.7072155411655874,0.7711111111111111,GE Vernova Inc.,Industrials,Specialty Industrial Machinery,315708375040,1174.8599853515625,386.0,175.0,2026-06-30,none,NOT_SELECTED,,
2026-07-01T053352Z,2026-07-01T05:33:52.980988+00:00,2026-07-01T07:21:20.090043+00:00,2026-06-30,data/prospective/daily_qvp/snapshots/2026-07-01T053352Z/raw,1081,1043,144e01281e848a2a4c711cb0058eddc75099bb40,d3881a1328862a39dc4af32e15c4826237a09adca2da7038eafb5659ddb68bb4,8bda06ce0251beedd6a5f2cd61a08ef37682841102d3b9d86a1ab602640baf4e,TAP,0.35383903792784455,0.2479185938945421,0.37673012502452835,0.17129186602870813,0.5423992079288101,0.6299137104506232,0.4560418301890319,0.2821497120921305,0.39962121212121215,0.8737373737373737,0.35383903792784455,0.19696969696969693,Molson Coors Beverage Company,Consumer Defensive,Beverages - Brewers,7307000832,38.959999084472656,387.0,814.0,2026-06-30,none,NOT_SELECTED,,
2026-07-01T053352Z,2026-07-01T05:33:52.980988+00:00,2026-07-01T07:21:20.090043+00:00,2026-06-30,data/prospective/daily_qvp/snapshots/2026-07-01T053352Z/raw,1081,1043,144e01281e848a2a4c711cb0058eddc75099bb40,d3881a1328862a39dc4af32e15c4826237a09adca2da7038eafb5659ddb68bb4,8bda06ce0251beedd6a5f2cd61a08ef37682841102d3b9d86a1ab602640baf4e,ATR,0.4081868640148011,0.32377428307123035,0.4770489466130806,0.4229665071770335,0.5423252466723505,0.6289549376797698,0.47027598939960036,0.3378119001919386,0.5459110292113601,0.6728778467908901,0.4081868640148011,0.2541282175813501,"AptarGroup, Inc.",Healthcare,Medical Instruments & Supplies,7990303232,125.1999969482422,388.0,732.0,2026-06-30,none,NOT_SELECTED,,
2026-07-01T053352Z,2026-07-01T05:33:52.980988+00:00,2026-07-01T07:21:20.090043+00:00,2026-06-30,data/prospective/daily_qvp/snapshots/2026-07-01T053352Z/raw,1081,1043,144e01281e848a2a4c711cb0058eddc75099bb40,d3881a1328862a39dc4af32e15c4826237a09adca2da7038eafb5659ddb68bb4,8bda06ce0251beedd6a5f2cd61a08ef37682841102d3b9d86a1ab602640baf4e,VICR,0.7519657724329324,0.9213691026827012,0.7520248821077431,0.9779904306220095,0.5421562144238444,0.6279961649089166,0.622878222764786,0.9222648752399232,0.7520839917825537,0.1224188790560472,0.7519657724329324,0.8650442477876106,Vicor Corporation,Technology,Electronic Components,17310906368,379.7799987792969,389.0,86.0,2026-06-30,none,NOT_SELECTED,,
2026-07-01T053352Z,2026-07-01T05:33:52.980988+00:00,2026-07-01T07:21:20.090043+00:00,2026-06-30,data/prospective/daily_qvp/snapshots/2026-07-01T053352Z/raw,1081,1043,144e01281e848a2a4c711cb0058eddc75099bb40,d3881a1328862a39dc4af32e15c4826237a09adca2da7038eafb5659ddb68bb4,8bda06ce0251beedd6a5f2cd61a08ef37682841102d3b9d86a1ab602640baf4e,ABNB,0.49074930619796486,0.4301572617946346,0.6610084583962492,0.8813397129186603,0.5419794951399831,0.6270373921380633,0.5285084308787968,0.5988483685220729,0.8312676105945337,0.30392156862745096,0.49074930619796486,0.4880952380952381,"Airbnb, Inc.",Consumer Cyclical,Travel Services,84930551808,143.10000610351562,390.0,617.0,2026-06-30,none,NOT_SELECTED,,
2026-07-01T053352Z,2026-07-01T05:33:52.980988+00:00,2026-07-01T07:21:20.090043+00:00,2026-06-30,data/prospective/daily_qvp/snapshots/2026-07-01T053352Z/raw,1081,1043,144e01281e848a2a4c711cb0058eddc75099bb40,d3881a1328862a39dc4af32e15c4826237a09adca2da7038eafb5659ddb68bb4,8bda06ce0251beedd6a5f2cd61a08ef37682841102d3b9d86a1ab602640baf4e,FTDR,0.5150323774283071,0.47641073080481033,0.6145238068501653,0.7923444976076555,0.5417086816909599,0.62607861936721,0.6019660350777437,0.8771593090211133,0.7140152362720236,0.39607843137254894,0.5150323774283071,0.7827380952380952,"Frontdoor, Inc.",Consumer Cyclical,Personal Services,5449527296,77.58999633789062,391.0,567.0,2026-06-30,none,NOT_SELECTED,,
2026-07-01T053352Z,2026-07-01T05:33:52.980988+00:00,2026-07-01T07:21:20.090043+00:00,2026-06-30,data/prospective/daily_qvp/snapshots/2026-07-01T053352Z/raw,1081,1043,144e01281e848a2a4c711cb0058eddc75099bb40,d3881a1328862a39dc4af32e15c4826237a09adca2da7038eafb5659ddb68bb4,8bda06ce0251beedd6a5f2cd61a08ef37682841102d3b9d86a1ab602640baf4e,CVSA,0.39569842738205363,0.3080481036077706,0.5444401227819359,0.6229665071770335,0.5414112603058023,0.6251198465963567,0.6314372331081397,0.9385796545105566,0.6931818181818181,0.5353535353535354,0.39569842738205363,0.9015151515151516,Covista Inc.,Consumer Defensive,Education & Training Services,4242290688,124.66000366210938,392.0,749.0,2026-06-30,none,NOT_SELECTED,,
2026-07-01T053352Z,2026-07-01T05:33:52.980988+00:00,2026-07-01T07:21:20.090043+00:00,2026-06-30,data/prospective/daily_qvp/snapshots/2026-07-01T053352Z/raw,1081,1043,144e01281e848a2a4c711cb0058eddc75099bb40,d3881a1328862a39dc4af32e15c4826237a09adca2da7038eafb5659ddb68bb4,8bda06ce0251beedd6a5f2cd61a08ef37682841102d3b9d86a1ab602640baf4e,RL,0.5783996299722479,0.6086956521739131,0.6601486531012517,0.8794258373205741,0.5414062916099848,0.6241610738255033,0.6233166234693933,0.9241842610364683,0.7418976762302555,0.303921568627451,0.5783996299722479,0.8690476190476191,Ralph Lauren Corporation,Consumer Cyclical,Apparel Manufacturing,23890456576,401.4100036621094,393.0,424.0,2026-06-30,none,NOT_SELECTED,,
2026-07-01T053352Z,2026-07-01T05:33:52.980988+00:00,2026-07-01T07:21:20.090043+00:00,2026-06-30,data/prospective/daily_qvp/snapshots/2026-07-01T053352Z/raw,1081,1043,144e01281e848a2a4c711cb0058eddc75099bb40,d3881a1328862a39dc4af32e15c4826237a09adca2da7038eafb5659ddb68bb4,8bda06ce0251beedd6a5f2cd61a08ef37682841102d3b9d86a1ab602640baf4e,PR,0.687095282146161,0.8103607770582794,0.5953592352759791,0.7483253588516746,0.541280901484969,0.62320230105465,0.4947287920557558,0.44145873320537427,0.5036231884057971,0.433124233902949,0.687095282146161,0.35507246376811596,Permian Resources Corporation,Energy,Oil & Gas E&P,15860880384,18.40999984741211,394.0,206.0,2026-06-30,none,NOT_SELECTED,,
2026-07-01T053352Z,2026-07-01T05:33:52.980988+00:00,2026-07-01T07:21:20.090043+00:00,2026-06-30,data/prospective/daily_qvp/snapshots/2026-07-01T053352Z/raw,1081,1043,144e01281e848a2a4c711cb0058eddc75099bb40,d3881a1328862a39dc4af32e15c4826237a09adca2da7038eafb5659ddb68bb4,8bda06ce0251beedd6a5f2cd61a08ef37682841102d3b9d86a1ab602640baf4e,ROK,0.7000462534690102,0.8270120259019427,0.695424222897933,0.9291866028708134,0.541147012796153,0.6222435282837967,0.5497491484860035,0.7005758157389635,0.690802192326856,0.23259259259259255,0.7000462534690102,0.5755555555555555,"Rockwell Automation, Inc.",Industrials,Specialty Industrial Machinery,55089508352,495.0799865722656,395.0,188.0,2026-06-30,none,NOT_SELECTED,,
2026-07-01T053352Z,2026-07-01T05:33:52.980988+00:00,2026-07-01T07:21:20.090043+00:00,2026-06-30,data/prospective/daily_qvp/snapshots/2026-07-01T053352Z/raw,1081,1043,144e01281e848a2a4c711cb0058eddc75099bb40,d3881a1328862a39dc4af32e15c4826237a09adca2da7038eafb5659ddb68bb4,8bda06ce0251beedd6a5f2cd61a08ef37682841102d3b9d86a1ab602640baf4e,RPM,0.4791859389454209,0.4125809435707678,0.57116076608288,0.6861244019138756,0.5408491736221083,0.6212847555129435,0.5221623039453948,0.5662188099808061,0.6631355932203391,0.48022598870056493,0.4791859389454209,0.46610169491525427,RPM International Inc.,Basic Materials,Specialty Chemicals,14235612160,111.1500015258789,396.0,636.0,2026-06-30,none,NOT_SELECTED,,
2026-07-01T053352Z,2026-07-01T05:33:52.980988+00:00,2026-07-01T07:21:20.090043+00:00,2026-06-30,data/prospective/daily_qvp/snapshots/2026-07-01T053352Z/raw,1081,1043,144e01281e848a2a4c711cb0058eddc75099bb40,d3881a1328862a39dc4af32e15c4826237a09adca2da7038eafb5659ddb68bb4,8bda06ce0251beedd6a5f2cd61a08ef37682841102d3b9d86a1ab602640baf4e,CRS,0.7183163737280296,0.8603145235892692,0.7370729850702928,0.9655502392344497,0.5407647060962446,0.6203259827420902,0.5811290851277391,0.8205374280230326,0.7558295964125561,0.1481481481481481,0.7183163737280296,0.7022222222222223,Carpenter Technology Corporation,Industrials,Metal Fabrication,30648074240,616.8400268554688,397.0,152.0,2026-06-30,none,NOT_SELECTED,,
2026-07-01T053352Z,2026-07-01T05:33:52.980988+00:00,2026-07-01T07:21:20.090043+00:00,2026-06-30,data/prospective/daily_qvp/snapshots/2026-07-01T053352Z/raw,1081,1043,144e01281e848a2a4c711cb0058eddc75099bb40,d3881a1328862a39dc4af32e15c4826237a09adca2da7038eafb5659ddb68bb4,8bda06ce0251beedd6a5f2cd61a08ef37682841102d3b9d86a1ab602640baf4e,SN,0.5901942645698427,0.6290471785383904,0.6805381948046038,0.9119617224880383,0.5406202344448993,0.6193672099712368,0.6331437472622459,0.9395393474088292,0.7708821250393648,0.26078431372549016,0.5901942645698427,0.9107142857142857,"SharkNinja, Inc.",Consumer Cyclical,"Furnishings, Fixtures & Appliances",21549309952,152.27000427246094,398.0,402.0,2026-06-30,none,NOT_SELECTED,,
2026-07-01T053352Z,2026-07-01T05:33:52.980988+00:00,2026-07-01T07:21:20.090043+00:00,2026-06-30,data/prospective/daily_qvp/snapshots/2026-07-01T053352Z/raw,1081,1043,144e01281e848a2a4c711cb0058eddc75099bb40,d3881a1328862a39dc4af32e15c4826237a09adca2da7038eafb5659ddb68bb4,8bda06ce0251beedd6a5f2cd61a08ef37682841102d3b9d86a1ab602640baf4e,DELL,0.7678075855689177,0.9569842738205365,0.5823077118742186,0.7148325358851675,0.5401225453792726,0.6184084372003835,0.5328573957601181,0.6199616122840691,0.3968078381795196,0.4557522123893805,0.7678075855689177,0.5110619469026548,Dell Technologies Inc.,Technology,Computer Hardware,278784606208,431.4599914550781,399.0,48.0,2026-06-30,none,NOT_SELECTED,,
2026-07-01T053352Z,2026-07-01T05:33:52.980988+00:00,2026-07-01T07:21:20.090043+00:00,2026-06-30,data/prospective/daily_qvp/snapshots/2026-07-01T053352Z/raw,1081,1043,144e01281e848a2a4c711cb0058eddc75099bb40,d3881a1328862a39dc4af32e15c4826237a09adca2da7038eafb5659ddb68bb4,8bda06ce0251beedd6a5f2cd61a08ef37682841102d3b9d86a1ab602640baf4e,HQY,0.3619333950046253,0.2553191489361702,0.5075401508175836,0.5282296650717704,0.5398783890198661,0.6174496644295302,0.553372851988309,0.7216890595009597,0.6531469066305421,0.6045548654244306,0.3619333950046253,0.5938562408936376,"HealthEquity, Inc.",Healthcare,Health Information Services,7571566592,90.31999969482422,400.0,806.0,2026-06-30,none,NOT_SELECTED,,
2026-07-01T053352Z,2026-07-01T05:33:52.980988+00:00,2026-07-01T07:21:20.090043+00:00,2026-06-30,data/prospective/daily_qvp/snapshots/2026-07-01T053352Z/raw,1081,1043,144e01281e848a2a4c711cb0058eddc75099bb40,d3881a1328862a39dc4af32e15c4826237a09adca2da7038eafb5659ddb68bb4,8bda06ce0251beedd6a5f2cd61a08ef37682841102d3b9d86a1ab602640baf4e,MIDD,0.4958371877890841,0.43940795559666973,0.4635015535357977,0.3799043062200957,0.5391244924806552,0.6164908916586769,0.4593433693604914,0.29942418426103645,0.43116591928251125,0.6903703703703704,0.4958371877890841,0.21999999999999995,The Middleby Corporation,Industrials,Specialty Industrial Machinery,7777345024,172.00999450683594,401.0,607.0,2026-06-30,none,NOT_SELECTED,,
2026-07-01T053352Z,2026-07-01T05:33:52.980988+00:00,2026-07-01T07:21:20.090043+00:00,2026-06-30,data/prospective/daily_qvp/snapshots/2026-07-01T053352Z/raw,1081,1043,144e01281e848a2a4c711cb0058eddc75099bb40,d3881a1328862a39dc4af32e15c4826237a09adca2da7038eafb5659ddb68bb4,8bda06ce0251beedd6a5f2cd61a08ef37682841102d3b9d86a1ab602640baf4e,LOPE,0.30249768732654947,0.17853839037927843,0.6114761163905476,0.7875598086124402,0.5389638755734963,0.6155321188878236,0.5822532097104252,0.8253358925143954,0.9204545454545455,0.39393939393939387,0.30249768732654947,0.7121212121212122,"Grand Canyon Education, Inc.",Consumer Defensive,Education & Training Services,3794460928,143.11000061035156,402.0,889.0,2026-06-30,none,NOT_SELECTED,,
2026-07-01T053352Z,2026-07-01T05:33:52.980988+00:00,2026-07-01T07:21:20.090043+00:00,2026-06-30,data/prospective/daily_qvp/snapshots/2026-07-01T053352Z/raw,1081,1043,144e01281e848a2a4c711cb0058eddc75099bb40,d3881a1328862a39dc4af32e15c4826237a09adca2da7038eafb5659ddb68bb4,8bda06ce0251beedd6a5f2cd61a08ef37682841102d3b9d86a1ab602640baf4e,VSAT,0.7434088806660499,0.9056429232192414,0.4631037766162108,0.37894736842105264,0.5388243466526951,0.6145733461169702,0.51473772901607,0.5326295585412668,0.18279867256637167,0.6902654867256636,0.7434088806660499,0.44247787610619466,"Viasat, Inc.",Technology,Communication Equipment,12265257984,89.80999755859375,403.0,103.0,2026-06-30,none,NOT_SELECTED,,
2026-07-01T053352Z,2026-07-01T05:33:52.980988+00:00,2026-07-01T07:21:20.090043+00:00,2026-06-30,data/prospective/daily_qvp/snapshots/2026-07-01T053352Z/raw,1081,1043,144e01281e848a2a4c711cb0058eddc75099bb40,d3881a1328862a39dc4af32e15c4826237a09adca2da7038eafb5659ddb68bb4,8bda06ce0251beedd6a5f2cd61a08ef37682841102d3b9d86a1ab602640baf4e,PCAR,0.5499537465309898,0.5393154486586494,0.4734248055026648,0.41626794258373206,0.5383325863844926,0.613614573346117,0.4140272175661472,0.1420345489443378,0.3968958644743398,0.668148148148148,0.5499537465309898,0.04111111111111105,PACCAR Inc,Industrials,Farm & Heavy Construction Machinery,63217504256,120.12000274658205,404.0,499.0,2026-06-30,none,NOT_SELECTED,,
2026-07-01T053352Z,2026-07-01T05:33:52.980988+00:00,2026-07-01T07:21:20.090043+00:00,2026-06-30,data/prospective/daily_qvp/snapshots/2026-07-01T053352Z/raw,1081,1043,144e01281e848a2a4c711cb0058eddc75099bb40,d3881a1328862a39dc4af32e15c4826237a09adca2da7038eafb5659ddb68bb4,8bda06ce0251beedd6a5f2cd61a08ef37682841102d3b9d86a1ab602640baf4e,TPR,0.591581868640148,0.6318223866790009,0.6574814167260541,0.8736842105263158,0.5383209444840361,0.6126558005752637,0.5651990416963604,0.761996161228407,0.7233809648119603,0.3,0.591581868640148,0.6458333333333333,"Tapestry, Inc.",Consumer Cyclical,Luxury Goods,29575307264,146.3800048828125,405.0,399.0,2026-06-30,none,NOT_SELECTED,,
2026-07-01T053352Z,2026-07-01T05:33:52.980988+00:00,2026-07-01T07:21:20.090043+00:00,2026-06-30,data/prospective/daily_qvp/snapshots/2026-07-01T053352Z/raw,1081,1043,144e01281e848a2a4c711cb0058eddc75099bb40,d3881a1328862a39dc4af32e15c4826237a09adca2da7038eafb5659ddb68bb4,8bda06ce0251beedd6a5f2cd61a08ef37682841102d3b9d86a1ab602640baf4e,IRDM,0.7201665124884365,0.8630897317298798,0.625321712597437,0.815311004784689,0.5376540885915281,0.6116970278044104,0.5476850108880904,0.6880998080614203,0.5304769127064374,0.36231884057971014,0.7201665124884365,0.5777777777777777,Iridium Communications Inc.,Communication Services,Telecom Services,5811701248,54.849998474121094,406.0,149.0,2026-06-30,none,NOT_SELECTED,,
2026-07-01T053352Z,2026-07-01T05:33:52.980988+00:00,2026-07-01T07:21:20.090043+00:00,2026-06-30,data/prospective/daily_qvp/snapshots/2026-07-01T053352Z/raw,1081,1043,144e01281e848a2a4c711cb0058eddc75099bb40,d3881a1328862a39dc4af32e15c4826237a09adca2da7038eafb5659ddb68bb4,8bda06ce0251beedd6a5f2cd61a08ef37682841102d3b9d86a1ab602640baf4e,ABG,0.28052728954671596,0.1572617946345976,0.32485649818691276,0.09569377990430622,0.5374860314710137,0.610738255033557,0.5273704759842127,0.5940499040307101,0.3691857068271095,0.9627450980392157,0.28052728954671596,0.49702380952380953,"Asbury Automotive Group, Inc.",Consumer Cyclical,Auto & Truck Dealerships,3743868416,201.0800018310547,407.0,912.0,2026-06-30,none,NOT_SELECTED,,
2026-07-01T053352Z,2026-07-01T05:33:52.980988+00:00,2026-07-01T07:21:20.090043+00:00,2026-06-30,data/prospective/daily_qvp/snapshots/2026-07-01T053352Z/raw,1081,1043,144e01281e848a2a4c711cb0058eddc75099bb40,d3881a1328862a39dc4af32e15c4826237a09adca2da7038eafb5659ddb68bb4,8bda06ce0251beedd6a5f2cd61a08ef37682841102d3b9d86a1ab602640baf4e,AEE,0.6217622571692876,0.6910268270120259,0.5839305149084311,0.7196172248803828,0.5361796653061857,0.6097794822627037,0.6284278524279151,0.9328214971209213,0.5460987726475746,0.4406779661016949,0.6217622571692876,0.9051724137931035,Ameren Corporation,Utilities,Utilities - Regulated Electric,31284002816,113.04000091552734,408.0,335.0,2026-06-30,none,NOT_SELECTED,,
2026-07-01T053352Z,2026-07-01T05:33:52.980988+00:00,2026-07-01T07:21:20.090043+00:00,2026-06-30,data/prospective/daily_qvp/snapshots/2026-07-01T053352Z/raw,1081,1043,144e01281e848a2a4c711cb0058eddc75099bb40,d3881a1328862a39dc4af32e15c4826237a09adca2da7038eafb5659ddb68bb4,8bda06ce0251beedd6a5f2cd61a08ef37682841102d3b9d86a1ab602640baf4e,CAH,0.5723866790009251,0.5957446808510638,0.4863766335976487,0.45263157894736844,0.5361213444136154,0.6088207094918504,0.45558785143794345,0.28119001919385794,0.4003665881943724,0.6356107660455487,0.5723866790009251,0.2139873725109276,"Cardinal Health, Inc.",Healthcare,Medical Distribution,55637942272,237.55999755859375,409.0,438.0,2026-06-30,none,NOT_SELECTED,,
2026-07-01T053352Z,2026-07-01T05:33:52.980988+00:00,2026-07-01T07:21:20.090043+00:00,2026-06-30,data/prospective/daily_qvp/snapshots/2026-07-01T053352Z/raw,1081,1043,144e01281e848a2a4c711cb0058eddc75099bb40,d3881a1328862a39dc4af32e15c4826237a09adca2da7038eafb5659ddb68bb4,8bda06ce0251beedd6a5f2cd61a08ef37682841102d3b9d86a1ab602640baf4e,MO,0.7067530064754857,0.8381128584643849,0.6800810486922882,0.9110047846889953,0.5358789482864413,0.6078619367209971,0.5458486051542248,0.682341650671785,0.6534090909090908,0.24747474747474743,0.7067530064754857,0.5757575757575757,"Altria Group, Inc.",Consumer Defensive,Tobacco,120148664320,71.94999694824219,410.0,176.0,2026-06-30,none,NOT_SELECTED,,
2026-07-01T053352Z,2026-07-01T05:33:52.980988+00:00,2026-07-01T07:21:20.090043+00:00,2026-06-30,data/prospective/daily_qvp/snapshots/2026-07-01T053352Z/raw,1081,1043,144e01281e848a2a4c711cb0058eddc75099bb40,d3881a1328862a39dc4af32e15c4826237a09adca2da7038eafb5659ddb68bb4,8bda06ce0251beedd6a5f2cd61a08ef37682841102d3b9d86a1ab602640baf4e,DIS,0.37881591119333946,0.2793709528214616,0.44859231690438794,0.33014354066985646,0.5357765204483359,0.6069031639501438,0.5212768347806964,0.5595009596928983,0.5183687226154364,0.7101449275362319,0.37881591119333946,0.47777777777777775,The Walt Disney Company,Communication Services,Entertainment,167139229696,96.25,411.0,780.0,2026-06-30,none,NOT_SELECTED,,
2026-07-01T053352Z,2026-07-01T05:33:52.980988+00:00,2026-07-01T07:21:20.090043+00:00,2026-06-30,data/prospective/daily_qvp/snapshots/2026-07-01T053352Z/raw,1081,1043,144e01281e848a2a4c711cb0058eddc75099bb40,d3881a1328862a39dc4af32e15c4826237a09adca2da7038eafb5659ddb68bb4,8bda06ce0251beedd6a5f2cd61a08ef37682841102d3b9d86a1ab602640baf4e,PAG,0.5360777058279371,0.5143385753931545,0.4445307292503019,0.32057416267942584,0.5355695057747111,0.6059443911792906,0.48947474837865235,0.42802303262955854,0.3529837526726667,0.7176470588235294,0.5360777058279371,0.35119047619047616,"Penske Automotive Group, Inc.",Consumer Cyclical,Auto & Truck Dealerships,11765829632,178.9499969482422,412.0,527.0,2026-06-30,none,NOT_SELECTED,,
2026-07-01T053352Z,2026-07-01T05:33:52.980988+00:00,2026-07-01T07:21:20.090043+00:00,2026-06-30,data/prospective/daily_qvp/snapshots/2026-07-01T053352Z/raw,1081,1043,144e01281e848a2a4c711cb0058eddc75099bb40,d3881a1328862a39dc4af32e15c4826237a09adca2da7038eafb5659ddb68bb4,8bda06ce0251beedd6a5f2cd61a08ef37682841102d3b9d86a1ab602640baf4e,AMAT,0.767691951896392,0.9555966697502313,0.7229637856827094,0.9521531100478469,0.535564844339112,0.6049856184084372,0.4818727482985818,0.3915547024952015,0.6782356194690267,0.16076696165191737,0.767691951896392,0.3207964601769911,"Applied Materials, Inc.",Technology,Semiconductor Equipment & Materials,574032642048,723.0,413.0,49.0,2026-06-30,none,NOT_SELECTED,,
2026-07-01T053352Z,2026-07-01T05:33:52.980988+00:00,2026-07-01T07:21:20.090043+00:00,2026-06-30,data/prospective/daily_qvp/snapshots/2026-07-01T053352Z/raw,1081,1043,144e01281e848a2a4c711cb0058eddc75099bb40,d3881a1328862a39dc4af32e15c4826237a09adca2da7038eafb5659ddb68bb4,8bda06ce0251beedd6a5f2cd61a08ef37682841102d3b9d86a1ab602640baf4e,PENG,0.7546253469010176,0.9278445883441259,0.5325453694049967,0.5913875598086125,0.5354628913044128,0.6040268456375839,0.5669732746729998,0.7677543186180422,0.31046539190897593,0.5412979351032449,0.7546253469010176,0.6615044247787611,"Penguin Solutions, Inc.",Technology,Information Technology Services,3995097600,76.01000213623047,414.0,79.0,2026-06-30,none,NOT_SELECTED,,
2026-07-01T053352Z,2026-07-01T05:33:52.980988+00:00,2026-07-01T07:21:20.090043+00:00,2026-06-30,data/prospective/daily_qvp/snapshots/2026-07-01T053352Z/raw,1081,1043,144e01281e848a2a4c711cb0058eddc75099bb40,d3881a1328862a39dc4af32e15c4826237a09adca2da7038eafb5659ddb68bb4,8bda06ce0251beedd6a5f2cd61a08ef37682841102d3b9d86a1ab602640baf4e,VLTO,0.37210915818686396,0.27012025901942643,0.5698587644447025,0.6803827751196172,0.5354613985186906,0.6030680728667306,0.5288182711112401,0.5998080614203455,0.7676083707025411,0.4666666666666666,0.37210915818686396,0.5088888888888888,Veralto Corporation,Industrials,Pollution & Treatment Controls,21779742720,88.68000030517578,415.0,790.0,2026-06-30,none,NOT_SELECTED,,
2026-07-01T053352Z,2026-07-01T05:33:52.980988+00:00,2026-07-01T07:21:20.090043+00:00,2026-06-30,data/prospective/daily_qvp/snapshots/2026-07-01T053352Z/raw,1081,1043,144e01281e848a2a4c711cb0058eddc75099bb40,d3881a1328862a39dc4af32e15c4826237a09adca2da7038eafb5659ddb68bb4,8bda06ce0251beedd6a5f2cd61a08ef37682841102d3b9d86a1ab602640baf4e,HUBB,0.5691489361702128,0.5855689176688251,0.6230796997741945,0.8095693779904306,0.5353864665161298,0.6021093000958773,0.5520954054426529,0.7140115163147792,0.6770104633781764,0.36000000000000004,0.5691489361702128,0.6022222222222222,Hubbell Incorporated,Industrials,Electrical Equipment & Parts,27646818304,523.2000122070312,416.0,449.0,2026-06-30,none,NOT_SELECTED,,
2026-07-01T053352Z,2026-07-01T05:33:52.980988+00:00,2026-07-01T07:21:20.090043+00:00,2026-06-30,data/prospective/daily_qvp/snapshots/2026-07-01T053352Z/raw,1081,1043,144e01281e848a2a4c711cb0058eddc75099bb40,d3881a1328862a39dc4af32e15c4826237a09adca2da7038eafb5659ddb68bb4,8bda06ce0251beedd6a5f2cd61a08ef37682841102d3b9d86a1ab602640baf4e,MZTI,0.25138760407030525,0.12349676225716928,0.49690592324727384,0.4909090909090909,0.5349743192018863,0.6011505273250239,0.5394883151589904,0.654510556621881,0.7424242424242424,0.6111111111111112,0.25138760407030525,0.553030303030303,The Marzetti Company,Consumer Defensive,Packaged Foods,3130539008,114.16000366210938,417.0,948.0,2026-06-30,none,NOT_SELECTED,,
2026-07-01T053352Z,2026-07-01T05:33:52.980988+00:00,2026-07-01T07:21:20.090043+00:00,2026-06-30,data/prospective/daily_qvp/snapshots/2026-07-01T053352Z/raw,1081,1043,144e01281e848a2a4c711cb0058eddc75099bb40,d3881a1328862a39dc4af32e15c4826237a09adca2da7038eafb5659ddb68bb4,8bda06ce0251beedd6a5f2cd61a08ef37682841102d3b9d86a1ab602640baf4e,HRB,0.27497687326549486,0.14939870490286772,0.5121779722102922,0.5406698564593302,0.5349160337611097,0.6001917545541706,0.5202346443684513,0.5566218809980806,0.7493790711550894,0.5803921568627451,0.27497687326549486,0.47619047619047616,"H&R Block, Inc.",Consumer Cyclical,Personal Services,4827028992,38.08000183105469,418.0,920.0,2026-06-30,none,NOT_SELECTED,,
2026-07-01T053352Z,2026-07-01T05:33:52.980988+00:00,2026-07-01T07:21:20.090043+00:00,2026-06-30,data/prospective/daily_qvp/snapshots/2026-07-01T053352Z/raw,1081,1043,144e01281e848a2a4c711cb0058eddc75099bb40,d3881a1328862a39dc4af32e15c4826237a09adca2da7038eafb5659ddb68bb4,8bda06ce0251beedd6a5f2cd61a08ef37682841102d3b9d86a1ab602640baf4e,PRVA,0.4384828862164662,0.35337650323774283,0.46666957091315364,0.3923444976076555,0.5347155317474855,0.5992329817833174,0.5434540844589871,0.6727447216890595,0.4948562556098411,0.6708074534161491,0.4384828862164662,0.569669742593492,"Privia Health Group, Inc.",Healthcare,Health Information Services,3242298368,25.729999542236328,419.0,700.0,2026-06-30,none,NOT_SELECTED,,
2026-07-01T053352Z,2026-07-01T05:33:52.980988+00:00,2026-07-01T07:21:20.090043+00:00,2026-06-30,data/prospective/daily_qvp/snapshots/2026-07-01T053352Z/raw,1081,1043,144e01281e848a2a4c711cb0058eddc75099bb40,d3881a1328862a39dc4af32e15c4826237a09adca2da7038eafb5659ddb68bb4,8bda06ce0251beedd6a5f2cd61a08ef37682841102d3b9d86a1ab602640baf4e,CSL,0.42553191489361697,0.3408880666049954,0.5396991911289211,0.6172248803827751,0.5346142755674289,0.5982742090124641,0.44373848445334946,0.23224568138195778,0.6538664673642253,0.5244444444444444,0.42553191489361697,0.1711111111111111,Carlisle Companies Incorporated,Industrials,Building Products & Equipment,14678706176,362.75,420.0,713.0,2026-06-30,none,NOT_SELECTED,,
2026-07-01T053352Z,2026-07-01T05:33:52.980988+00:00,2026-07-01T07:21:20.090043+00:00,2026-06-30,data/prospective/daily_qvp/snapshots/2026-07-01T053352Z/raw,1081,1043,144e01281e848a2a4c711cb0058eddc75099bb40,d3881a1328862a39dc4af32e15c4826237a09adca2da7038eafb5659ddb68bb4,8bda06ce0251beedd6a5f2cd61a08ef37682841102d3b9d86a1ab602640baf4e,BAH,0.24144310823311743,0.1091581868640148,0.4259868754917456,0.2736842105263158,0.5346085342784477,0.5973154362416108,0.4265119562643913,0.1833013435700576,0.6105306427503737,0.7518518518518519,0.24144310823311743,0.1022222222222222,Booz Allen Hamilton Holding Corporation,Industrials,Consulting Services,7276398080,60.66999816894531,421.0,964.0,2026-06-30,none,NOT_SELECTED,,
2026-07-01T053352Z,2026-07-01T05:33:52.980988+00:00,2026-07-01T07:21:20.090043+00:00,2026-06-30,data/prospective/daily_qvp/snapshots/2026-07-01T053352Z/raw,1081,1043,144e01281e848a2a4c711cb0058eddc75099bb40,d3881a1328862a39dc4af32e15c4826237a09adca2da7038eafb5659ddb68bb4,8bda06ce0251beedd6a5f2cd61a08ef37682841102d3b9d86a1ab602640baf4e,CNK,0.5263644773358002,0.4958371877890842,0.49385997150690697,0.47655502392344495,0.5345539906664404,0.5963566634707574,0.4731377152220525,0.3522072936660269,0.4613554656780137,0.6159420289855072,0.5263644773358002,0.28888888888888886,"Cinemark Holdings, Inc.",Communication Services,Entertainment,3705675520,31.729999542236328,422.0,546.0,2026-06-30,none,NOT_SELECTED,,
2026-07-01T053352Z,2026-07-01T05:33:52.980988+00:00,2026-07-01T07:21:20.090043+00:00,2026-06-30,data/prospective/daily_qvp/snapshots/2026-07-01T053352Z/raw,1081,1043,144e01281e848a2a4c711cb0058eddc75099bb40,d3881a1328862a39dc4af32e15c4826237a09adca2da7038eafb5659ddb68bb4,8bda06ce0251beedd6a5f2cd61a08ef37682841102d3b9d86a1ab602640baf4e,RBC,0.7694264569842738,0.9583718778908418,0.6861382409485395,0.9157894736842105,0.53446253100273,0.5953978906999041,0.5708468982520475,0.7859884836852208,0.6028500249128051,0.23111111111111104,0.7694264569842738,0.68,RBC Bearings Incorporated,Industrials,Tools & Accessories,20375070720,644.0599975585938,423.0,46.0,2026-06-30,none,NOT_SELECTED,,
2026-07-01T053352Z,2026-07-01T05:33:52.980988+00:00,2026-07-01T07:21:20.090043+00:00,2026-06-30,data/prospective/daily_qvp/snapshots/2026-07-01T053352Z/raw,1081,1043,144e01281e848a2a4c711cb0058eddc75099bb40,d3881a1328862a39dc4af32e15c4826237a09adca2da7038eafb5659ddb68bb4,8bda06ce0251beedd6a5f2cd61a08ef37682841102d3b9d86a1ab602640baf4e,MEDP,0.3383441258094357,0.22294172062904719,0.5911487505117978,0.7406698564593301,0.5328155231155257,0.5944391179290508,0.5254130022200828,0.581573896353167,0.8439533752141599,0.4161490683229814,0.3383441258094357,0.5032054395337542,"Medpace Holdings, Inc.",Healthcare,Diagnostics & Research,15124925440,529.5900268554688,424.0,841.0,2026-06-30,none,NOT_SELECTED,,
2026-07-01T053352Z,2026-07-01T05:33:52.980988+00:00,2026-07-01T07:21:20.090043+00:00,2026-06-30,data/prospective/daily_qvp/snapshots/2026-07-01T053352Z/raw,1081,1043,144e01281e848a2a4c711cb0058eddc75099bb40,d3881a1328862a39dc4af32e15c4826237a09adca2da7038eafb5659ddb68bb4,8bda06ce0251beedd6a5f2cd61a08ef37682841102d3b9d86a1ab602640baf4e,TEX,0.5279833487511563,0.49953746530989823,0.4147216195674067,0.24019138755980862,0.5327773760079008,0.5934803451581975,0.4929163653392589,0.43857965451055664,0.30145989038365717,0.7688888888888888,0.5279833487511563,0.37333333333333335,Terex Corporation,Industrials,Farm & Heavy Construction Machinery,8268137984,72.38999938964844,425.0,542.0,2026-06-30,none,NOT_SELECTED,,
2026-07-01T053352Z,2026-07-01T05:33:52.980988+00:00,2026-07-01T07:21:20.090043+00:00,2026-06-30,data/prospective/daily_qvp/snapshots/2026-07-01T053352Z/raw,1081,1043,144e01281e848a2a4c711cb0058eddc75099bb40,d3881a1328862a39dc4af32e15c4826237a09adca2da7038eafb5659ddb68bb4,8bda06ce0251beedd6a5f2cd61a08ef37682841102d3b9d86a1ab602640baf4e,BCC,0.3325624421831637,0.211840888066605,0.4332303736339548,0.2909090909090909,0.5326997217823352,0.5925215723873442,0.43977902862488694,0.21976967370441458,0.5338983050847458,0.731638418079096,0.3325624421831637,0.16101694915254233,Boise Cascade Company,Basic Materials,Lumber & Wood Production,2731779072,77.62999725341797,426.0,853.0,2026-06-30,none,NOT_SELECTED,,
2026-07-01T053352Z,2026-07-01T05:33:52.980988+00:00,2026-07-01T07:21:20.090043+00:00,2026-06-30,data/prospective/daily_qvp/snapshots/2026-07-01T053352Z/raw,1081,1043,144e01281e848a2a4c711cb0058eddc75099bb40,d3881a1328862a39dc4af32e15c4826237a09adca2da7038eafb5659ddb68bb4,8bda06ce0251beedd6a5f2cd61a08ef37682841102d3b9d86a1ab602640baf4e,DUOL,0.04347826086956515,0.005550416281221091,0.4435203014208762,0.3138755980861244,0.5326516857063461,0.5915627996164909,0.607453366049671,0.8963531669865643,0.8435623419721872,0.7109144542772862,0.04347826086956515,0.831858407079646,"Duolingo, Inc.",Technology,Software - Application,5359139840,115.0199966430664,427.0,1076.0,2026-06-30,none,NOT_SELECTED,,
2026-07-01T053352Z,2026-07-01T05:33:52.980988+00:00,2026-07-01T07:21:20.090043+00:00,2026-06-30,data/prospective/daily_qvp/snapshots/2026-07-01T053352Z/raw,1081,1043,144e01281e848a2a4c711cb0058eddc75099bb40,d3881a1328862a39dc4af32e15c4826237a09adca2da7038eafb5659ddb68bb4,8bda06ce0251beedd6a5f2cd61a08ef37682841102d3b9d86a1ab602640baf4e,PBF,0.656567992599445,0.759481961147086,0.47683472093740364,0.4200956937799043,0.5320364719725456,0.5906040268456376,0.4687737307910034,0.33013435700575816,0.2971014492753623,0.6424399740428294,0.656567992599445,0.27898550724637683,PBF Energy Inc.,Energy,Oil & Gas Refining & Marketing,5385400832,45.52000045776367,428.0,261.0,2026-06-30,none,NOT_SELECTED,,
2026-07-01T053352Z,2026-07-01T05:33:52.980988+00:00,2026-07-01T07:21:20.090043+00:00,2026-06-30,data/prospective/daily_qvp/snapshots/2026-07-01T053352Z/raw,1081,1043,144e01281e848a2a4c711cb0058eddc75099bb40,d3881a1328862a39dc4af32e15c4826237a09adca2da7038eafb5659ddb68bb4,8bda06ce0251beedd6a5f2cd61a08ef37682841102d3b9d86a1ab602640baf4e,FE,0.5926225716928769,0.6345975948196114,0.5239559380965846,0.5645933014354066,0.5319781583544086,0.5896452540747843,0.5541560325589099,0.7236084452975048,0.45528930450029226,0.5480225988700566,0.5926225716928769,0.6206896551724138,FirstEnergy Corp.,Utilities,Utilities - Regulated Electric,27498618880,47.540000915527344,429.0,396.0,2026-06-30,none,NOT_SELECTED,,
2026-07-01T053352Z,2026-07-01T05:33:52.980988+00:00,2026-07-01T07:21:20.090043+00:00,2026-06-30,data/prospective/daily_qvp/snapshots/2026-07-01T053352Z/raw,1081,1043,144e01281e848a2a4c711cb0058eddc75099bb40,d3881a1328862a39dc4af32e15c4826237a09adca2da7038eafb5659ddb68bb4,8bda06ce0251beedd6a5f2cd61a08ef37682841102d3b9d86a1ab602640baf4e,PEN,0.5050878815911193,0.45374653098982426,0.6271359537139283,0.8172248803827751,0.5319622714200515,0.588686481303931,0.57151905664906,0.7879078694817658,0.7491840258367372,0.34161490683229806,0.5050878815911193,0.6901894123360854,"Penumbra, Inc.",Healthcare,Medical Devices,12418896896,315.75,430.0,591.0,2026-06-30,none,NOT_SELECTED,,
2026-07-01T053352Z,2026-07-01T05:33:52.980988+00:00,2026-07-01T07:21:20.090043+00:00,2026-06-30,data/prospective/daily_qvp/snapshots/2026-07-01T053352Z/raw,1081,1043,144e01281e848a2a4c711cb0058eddc75099bb40,d3881a1328862a39dc4af32e15c4826237a09adca2da7038eafb5659ddb68bb4,8bda06ce0251beedd6a5f2cd61a08ef37682841102d3b9d86a1ab602640baf4e,MTH,0.47294172062904716,0.40425531914893614,0.4515824078921345,0.3368421052631579,0.5311202980718805,0.5877277085330777,0.4028045092681961,0.11516314779270634,0.43022309515522184,0.6901960784313727,0.47294172062904716,0.0178571428571428,Meritage Homes Corporation,Consumer Cyclical,Residential Construction,5601235456,83.8499984741211,431.0,645.0,2026-06-30,none,NOT_SELECTED,,
2026-07-01T053352Z,2026-07-01T05:33:52.980988+00:00,2026-07-01T07:21:20.090043+00:00,2026-06-30,data/prospective/daily_qvp/snapshots/2026-07-01T053352Z/raw,1081,1043,144e01281e848a2a4c711cb0058eddc75099bb40,d3881a1328862a39dc4af32e15c4826237a09adca2da7038eafb5659ddb68bb4,8bda06ce0251beedd6a5f2cd61a08ef37682841102d3b9d86a1ab602640baf4e,EEFT,0.34308510638297873,0.23126734505087881,0.33212350293864484,0.10239234449760766,0.5306585398155371,0.5867689357622243,0.46602487831298023,0.32437619961612285,0.32116189949431095,0.9277286135693216,0.34308510638297873,0.2721238938053097,"Euronet Worldwide, Inc.",Technology,Software - Infrastructure,2786716416,73.19000244140625,432.0,832.0,2026-06-30,none,NOT_SELECTED,,
2026-07-01T053352Z,2026-07-01T05:33:52.980988+00:00,2026-07-01T07:21:20.090043+00:00,2026-06-30,data/prospective/daily_qvp/snapshots/2026-07-01T053352Z/raw,1081,1043,144e01281e848a2a4c711cb0058eddc75099bb40,d3881a1328862a39dc4af32e15c4826237a09adca2da7038eafb5659ddb68bb4,8bda06ce0251beedd6a5f2cd61a08ef37682841102d3b9d86a1ab602640baf4e,PFGC,0.6040703052728955,0.6558741905642923,0.4649139405152356,0.384688995215311,0.5304813475488777,0.585810162991371,0.5512701015707492,0.710172744721689,0.32575757575757575,0.6616161616161617,0.6040703052728955,0.6136363636363636,Performance Food Group Company,Consumer Defensive,Food Distribution,17561075712,111.79000091552734,433.0,373.0,2026-06-30,none,NOT_SELECTED,,
2026-07-01T053352Z,2026-07-01T05:33:52.980988+00:00,2026-07-01T07:21:20.090043+00:00,2026-06-30,data/prospective/daily_qvp/snapshots/2026-07-01T053352Z/raw,1081,1043,144e01281e848a2a4c711cb0058eddc75099bb40,d3881a1328862a39dc4af32e15c4826237a09adca2da7038eafb5659ddb68bb4,8bda06ce0251beedd6a5f2cd61a08ef37682841102d3b9d86a1ab602640baf4e,AKAM,0.6632747456059205,0.77104532839963,0.4915664578219236,0.4688995215311005,0.5302675107210071,0.5848513902205177,0.4496917834832332,0.255278310940499,0.3198581700379267,0.6076696165191741,0.6632747456059205,0.2079646017699115,"Akamai Technologies, Inc.",Technology,Software - Infrastructure,17186015232,118.20999908447266,434.0,249.0,2026-06-30,none,NOT_SELECTED,,
2026-07-01T053352Z,2026-07-01T05:33:52.980988+00:00,2026-07-01T07:21:20.090043+00:00,2026-06-30,data/prospective/daily_qvp/snapshots/2026-07-01T053352Z/raw,1081,1043,144e01281e848a2a4c711cb0058eddc75099bb40,d3881a1328862a39dc4af32e15c4826237a09adca2da7038eafb5659ddb68bb4,8bda06ce0251beedd6a5f2cd61a08ef37682841102d3b9d86a1ab602640baf4e,SR,0.5141073080481036,0.47178538390379277,0.4646077159761266,0.3827751196172249,0.5300774603682652,0.5838926174496645,0.5139374056210264,0.5211132437619962,0.4151081239041496,0.6610169491525424,0.5141073080481036,0.46551724137931033,Spire Inc.,Utilities,Utilities - Regulated Gas,4616430080,78.08999633789062,435.0,571.0,2026-06-30,none,NOT_SELECTED,,
2026-07-01T053352Z,2026-07-01T05:33:52.980988+00:00,2026-07-01T07:21:20.090043+00:00,2026-06-30,data/prospective/daily_qvp/snapshots/2026-07-01T053352Z/raw,1081,1043,144e01281e848a2a4c711cb0058eddc75099bb40,d3881a1328862a39dc4af32e15c4826237a09adca2da7038eafb5659ddb68bb4,8bda06ce0251beedd6a5f2cd61a08ef37682841102d3b9d86a1ab602640baf4e,UBER,0.2916281221091581,0.16604995374653098,0.4605215120659571,0.36650717703349284,0.5297282056840894,0.5829338446788112,0.569862525944483,0.781190019193858,0.6294149020227561,0.668141592920354,0.2916281221091581,0.6902654867256637,"Uber Technologies, Inc.",Technology,Software - Application,146888835072,72.16000366210938,436.0,902.0,2026-06-30,none,NOT_SELECTED,,
2026-07-01T053352Z,2026-07-01T05:33:52.980988+00:00,2026-07-01T07:21:20.090043+00:00,2026-06-30,data/prospective/daily_qvp/snapshots/2026-07-01T053352Z/raw,1081,1043,144e01281e848a2a4c711cb0058eddc75099bb40,d3881a1328862a39dc4af32e15c4826237a09adca2da7038eafb5659ddb68bb4,8bda06ce0251beedd6a5f2cd61a08ef37682841102d3b9d86a1ab602640baf4e,AIR,0.7125346901017575,0.8519888991674376,0.5433525468446008,0.6220095693779905,0.5296424386371412,0.5819750719079578,0.5938984956445226,0.8550863723608445,0.3741704035874439,0.5022222222222222,0.7125346901017575,0.7866666666666666,AAR Corp.,Industrials,Aerospace & Defense,5683506688,142.92999267578125,437.0,161.0,2026-06-30,none,NOT_SELECTED,,
2026-07-01T053352Z,2026-07-01T05:33:52.980988+00:00,2026-07-01T07:21:20.090043+00:00,2026-06-30,data/prospective/daily_qvp/snapshots/2026-07-01T053352Z/raw,1081,1043,144e01281e848a2a4c711cb0058eddc75099bb40,d3881a1328862a39dc4af32e15c4826237a09adca2da7038eafb5659ddb68bb4,8bda06ce0251beedd6a5f2cd61a08ef37682841102d3b9d86a1ab602640baf4e,CCK,0.49468085106382975,0.4375578168362627,0.4628229351037909,0.37799043062200954,0.5294636560822658,0.5810162991371045,0.5496275039664613,0.699616122840691,0.4309650191437521,0.6627450980392157,0.49468085106382975,0.6101190476190477,"Crown Holdings, Inc.",Consumer Cyclical,Packaging & Containers,12495506432,111.81999969482422,438.0,609.0,2026-06-30,none,NOT_SELECTED,,
2026-07-01T053352Z,2026-07-01T05:33:52.980988+00:00,2026-07-01T07:21:20.090043+00:00,2026-06-30,data/prospective/daily_qvp/snapshots/2026-07-01T053352Z/raw,1081,1043,144e01281e848a2a4c711cb0058eddc75099bb40,d3881a1328862a39dc4af32e15c4826237a09adca2da7038eafb5659ddb68bb4,8bda06ce0251beedd6a5f2cd61a08ef37682841102d3b9d86a1ab602640baf4e,EXTR,0.7086031452358927,0.8408880666049954,0.5976693428455064,0.7521531100478469,0.5292230230572795,0.5800575263662512,0.5042181522487119,0.47888675623800386,0.48673554045512013,0.3923303834808259,0.7086031452358927,0.42920353982300885,"Extreme Networks, Inc.",Technology,Communication Equipment,4233286656,32.369998931884766,439.0,173.0,2026-06-30,none,NOT_SELECTED,,
2026-07-01T053352Z,2026-07-01T05:33:52.980988+00:00,2026-07-01T07:21:20.090043+00:00,2026-06-30,data/prospective/daily_qvp/snapshots/2026-07-01T053352Z/raw,1081,1043,144e01281e848a2a4c711cb0058eddc75099bb40,d3881a1328862a39dc4af32e15c4826237a09adca2da7038eafb5659ddb68bb4,8bda06ce0251beedd6a5f2cd61a08ef37682841102d3b9d86a1ab602640baf4e,PH,0.5753931544865865,0.599444958371878,0.640085715260234,0.8392344497607656,0.5289460323957115,0.5790987535953979,0.520042857630117,0.555662188099808,0.7047782760338814,0.30666666666666664,0.5753931544865865,0.49333333333333335,Parker-Hannifin Corporation,Industrials,Specialty Industrial Machinery,123327619072,978.1199951171876,440.0,435.0,2026-06-30,none,NOT_SELECTED,,
2026-07-01T053352Z,2026-07-01T05:33:52.980988+00:00,2026-07-01T07:21:20.090043+00:00,2026-06-30,data/prospective/daily_qvp/snapshots/2026-07-01T053352Z/raw,1081,1043,144e01281e848a2a4c711cb0058eddc75099bb40,d3881a1328862a39dc4af32e15c4826237a09adca2da7038eafb5659ddb68bb4,8bda06ce0251beedd6a5f2cd61a08ef37682841102d3b9d86a1ab602640baf4e,HTO,0.6815448658649399,0.8006475485661425,0.5474863429266255,0.6296650717703349,0.5288327031940215,0.5781399808245445,0.4849865963610333,0.4049904030710173,0.4134278199883109,0.4915254237288136,0.6815448658649399,0.3534482758620689,H2O America,Utilities,Utilities - Regulated Water,2542631936,60.77000045776367,441.0,217.0,2026-06-30,none,NOT_SELECTED,,
2026-07-01T053352Z,2026-07-01T05:33:52.980988+00:00,2026-07-01T07:21:20.090043+00:00,2026-06-30,data/prospective/daily_qvp/snapshots/2026-07-01T053352Z/raw,1081,1043,144e01281e848a2a4c711cb0058eddc75099bb40,d3881a1328862a39dc4af32e15c4826237a09adca2da7038eafb5659ddb68bb4,8bda06ce0251beedd6a5f2cd61a08ef37682841102d3b9d86a1ab602640baf4e,EMR,0.5141073080481036,0.47178538390379277,0.55157532816456,0.6363636363636364,0.5287045397640276,0.5771812080536913,0.5604172937119096,0.746641074856046,0.5890433482810165,0.482962962962963,0.5141073080481036,0.6555555555555554,Emerson Electric Co.,Industrials,Specialty Industrial Machinery,80178307072,143.14999389648438,442.0,572.0,2026-06-30,none,NOT_SELECTED,,
2026-07-01T053352Z,2026-07-01T05:33:52.980988+00:00,2026-07-01T07:21:20.090043+00:00,2026-06-30,data/prospective/daily_qvp/snapshots/2026-07-01T053352Z/raw,1081,1043,144e01281e848a2a4c711cb0058eddc75099bb40,d3881a1328862a39dc4af32e15c4826237a09adca2da7038eafb5659ddb68bb4,8bda06ce0251beedd6a5f2cd61a08ef37682841102d3b9d86a1ab602640baf4e,BLD,0.3524514338575393,0.24514338575393155,0.4391156023298658,0.2976076555023923,0.5282992904421328,0.576222435282838,0.45622446783159953,0.28310940499040305,0.5257797708021923,0.7066666666666667,0.3524514338575393,0.23999999999999994,TopBuild Corp.,Industrials,Engineering & Construction,9935550464,354.5299987792969,443.0,817.0,2026-06-30,none,NOT_SELECTED,,
2026-07-01T053352Z,2026-07-01T05:33:52.980988+00:00,2026-07-01T07:21:20.090043+00:00,2026-06-30,data/prospective/daily_qvp/snapshots/2026-07-01T053352Z/raw,1081,1043,144e01281e848a2a4c711cb0058eddc75099bb40,d3881a1328862a39dc4af32e15c4826237a09adca2da7038eafb5659ddb68bb4,8bda06ce0251beedd6a5f2cd61a08ef37682841102d3b9d86a1ab602640baf4e,DUK,0.5688020351526364,0.5837187789084182,0.5152601642741557,0.5464114832535886,0.5280642149774974,0.5752636625119847,0.5081171267503645,0.4942418426103647,0.46171829339567505,0.5536723163841808,0.5688020351526364,0.4482758620689655,Duke Energy Corporation,Utilities,Utilities - Regulated Electric,98681290752,126.58000183105467,444.0,451.0,2026-06-30,none,NOT_SELECTED,,
2026-07-01T053352Z,2026-07-01T05:33:52.980988+00:00,2026-07-01T07:21:20.090043+00:00,2026-06-30,data/prospective/daily_qvp/snapshots/2026-07-01T053352Z/raw,1081,1043,144e01281e848a2a4c711cb0058eddc75099bb40,d3881a1328862a39dc4af32e15c4826237a09adca2da7038eafb5659ddb68bb4,8bda06ce0251beedd6a5f2cd61a08ef37682841102d3b9d86a1ab602640baf4e,NWN,0.6001387604070305,0.6466234967622572,0.4813595613841114,0.4354066985645933,0.5280626831072984,0.5743048897411314,0.6050987364684048,0.8905950095969289,0.3625803623611923,0.6214689265536723,0.6001387604070305,0.8362068965517242,Northwest Natural Holding Company,Utilities,Utilities - Regulated Gas,2064462080,49.060001373291016,445.0,383.0,2026-06-30,none,NOT_SELECTED,,
2026-07-01T053352Z,2026-07-01T05:33:52.980988+00:00,2026-07-01T07:21:20.090043+00:00,2026-06-30,data/prospective/daily_qvp/snapshots/2026-07-01T053352Z/raw,1081,1043,144e01281e848a2a4c711cb0058eddc75099bb40,d3881a1328862a39dc4af32e15c4826237a09adca2da7038eafb5659ddb68bb4,8bda06ce0251beedd6a5f2cd61a08ef37682841102d3b9d86a1ab602640baf4e,OLN,0.4174375578168363,0.3330249768732655,0.3188882704338419,0.08995215311004785,0.528034741494501,0.573346116970278,0.4850091069683334,0.4069097888675624,0.22033898305084745,0.9463276836158192,0.4174375578168363,0.35593220338983045,Olin Corporation,Basic Materials,Chemicals,2259049472,19.81999969482422,446.0,722.0,2026-06-30,none,NOT_SELECTED,,
2026-07-01T053352Z,2026-07-01T05:33:52.980988+00:00,2026-07-01T07:21:20.090043+00:00,2026-06-30,data/prospective/daily_qvp/snapshots/2026-07-01T053352Z/raw,1081,1043,144e01281e848a2a4c711cb0058eddc75099bb40,d3881a1328862a39dc4af32e15c4826237a09adca2da7038eafb5659ddb68bb4,8bda06ce0251beedd6a5f2cd61a08ef37682841102d3b9d86a1ab602640baf4e,ONTO,0.7379740980573543,0.8936170212765957,0.6615162841740627,0.8822966507177034,0.5280315050835934,0.5723873441994247,0.42146610668880125,0.1708253358925144,0.5850584702907711,0.2610619469026549,0.7379740980573543,0.10176991150442476,Onto Innovation Inc.,Technology,Semiconductor Equipment & Materials,18825453568,378.4500122070313,447.0,116.0,2026-06-30,none,NOT_SELECTED,,
2026-07-01T053352Z,2026-07-01T05:33:52.980988+00:00,2026-07-01T07:21:20.090043+00:00,2026-06-30,data/prospective/daily_qvp/snapshots/2026-07-01T053352Z/raw,1081,1043,144e01281e848a2a4c711cb0058eddc75099bb40,d3881a1328862a39dc4af32e15c4826237a09adca2da7038eafb5659ddb68bb4,8bda06ce0251beedd6a5f2cd61a08ef37682841102d3b9d86a1ab602640baf4e,FUL,0.44495837187789083,0.36077705827937095,0.43010630458301324,0.2832535885167464,0.5277921503246453,0.5714285714285714,0.5060136042689077,0.4846449136276392,0.4152542372881356,0.7231638418079095,0.44495837187789083,0.44067796610169496,H.B. Fuller Company,Basic Materials,Specialty Chemicals,3135268352,58.290000915527344,448.0,692.0,2026-06-30,none,NOT_SELECTED,,
2026-07-01T053352Z,2026-07-01T05:33:52.980988+00:00,2026-07-01T07:21:20.090043+00:00,2026-06-30,data/prospective/daily_qvp/snapshots/2026-07-01T053352Z/raw,1081,1043,144e01281e848a2a4c711cb0058eddc75099bb40,d3881a1328862a39dc4af32e15c4826237a09adca2da7038eafb5659ddb68bb4,8bda06ce0251beedd6a5f2cd61a08ef37682841102d3b9d86a1ab602640baf4e,KLAC,0.7422525439407954,0.9019426456984274,0.7336815817049109,0.9607655502392345,0.5274691370658108,0.5704697986577181,0.5797832687285617,0.8147792706333973,0.7251106194690266,0.11504424778761059,0.7422525439407954,0.7367256637168141,KLA Corporation,Technology,Semiconductor Equipment & Materials,394116268032,301.7099914550781,449.0,107.0,2026-06-30,none,NOT_SELECTED,,
2026-07-01T053352Z,2026-07-01T05:33:52.980988+00:00,2026-07-01T07:21:20.090043+00:00,2026-06-30,data/prospective/daily_qvp/snapshots/2026-07-01T053352Z/raw,1081,1043,144e01281e848a2a4c711cb0058eddc75099bb40,d3881a1328862a39dc4af32e15c4826237a09adca2da7038eafb5659ddb68bb4,8bda06ce0251beedd6a5f2cd61a08ef37682841102d3b9d86a1ab602640baf4e,RVTY,0.5083256244218316,0.4597594819611471,0.4733967262512003,0.415311004784689,0.5274680728493165,0.5695110258868649,0.4575910983475264,0.2907869481765835,0.43846782808056894,0.6356107660455487,0.5083256244218316,0.24796017484215635,"Revvity, Inc.",Healthcare,Diagnostics & Research,12412140544,111.26000213623048,450.0,585.0,2026-06-30,none,NOT_SELECTED,,
2026-07-01T053352Z,2026-07-01T05:33:52.980988+00:00,2026-07-01T07:21:20.090043+00:00,2026-06-30,data/prospective/daily_qvp/snapshots/2026-07-01T053352Z/raw,1081,1043,144e01281e848a2a4c711cb0058eddc75099bb40,d3881a1328862a39dc4af32e15c4826237a09adca2da7038eafb5659ddb68bb4,8bda06ce0251beedd6a5f2cd61a08ef37682841102d3b9d86a1ab602640baf4e,GNRC,0.7310360777058278,0.8765032377428307,0.6258045361125053,0.816267942583732,0.5273264808651269,0.5685522531160115,0.418272638426623,0.15834932821497122,0.5205729945191828,0.3303703703703703,0.7310360777058278,0.09111111111111105,Generac Holdings Inc.,Industrials,Specialty Industrial Machinery,17237338112,292.80999755859375,451.0,135.0,2026-06-30,none,NOT_SELECTED,,
2026-07-01T053352Z,2026-07-01T05:33:52.980988+00:00,2026-07-01T07:21:20.090043+00:00,2026-06-30,data/prospective/daily_qvp/snapshots/2026-07-01T053352Z/raw,1081,1043,144e01281e848a2a4c711cb0058eddc75099bb40,d3881a1328862a39dc4af32e15c4826237a09adca2da7038eafb5659ddb68bb4,8bda06ce0251beedd6a5f2cd61a08ef37682841102d3b9d86a1ab602640baf4e,ACIW,0.43246993524514343,0.34782608695652173,0.4445110817186526,0.3196172248803828,0.5269208588055521,0.5675934803451582,0.47151807773248267,0.34452975047984646,0.4565522281921618,0.691740412979351,0.43246993524514343,0.30530973451327437,"ACI Worldwide, Inc.",Technology,Software - Infrastructure,5112560128,50.290000915527344,452.0,706.0,2026-06-30,none,NOT_SELECTED,,
2026-07-01T053352Z,2026-07-01T05:33:52.980988+00:00,2026-07-01T07:21:20.090043+00:00,2026-06-30,data/prospective/daily_qvp/snapshots/2026-07-01T053352Z/raw,1081,1043,144e01281e848a2a4c711cb0058eddc75099bb40,d3881a1328862a39dc4af32e15c4826237a09adca2da7038eafb5659ddb68bb4,8bda06ce0251beedd6a5f2cd61a08ef37682841102d3b9d86a1ab602640baf4e,WTTR,0.7694264569842739,0.9592969472710453,0.6111625038544558,0.785645933014354,0.5269167575627874,0.5666347075743049,0.5020716261431051,0.46833013435700577,0.4528985507246377,0.35842526497945054,0.7694264569842739,0.427536231884058,"Select Water Solutions, Inc.",Energy,Oil & Gas Equipment & Services,2808689664,19.979999542236328,453.0,45.0,2026-06-30,none,NOT_SELECTED,,
2026-07-01T053352Z,2026-07-01T05:33:52.980988+00:00,2026-07-01T07:21:20.090043+00:00,2026-06-30,data/prospective/daily_qvp/snapshots/2026-07-01T053352Z/raw,1081,1043,144e01281e848a2a4c711cb0058eddc75099bb40,d3881a1328862a39dc4af32e15c4826237a09adca2da7038eafb5659ddb68bb4,8bda06ce0251beedd6a5f2cd61a08ef37682841102d3b9d86a1ab602640baf4e,COCO,0.6588806660499538,0.7613320999074931,0.7347433633280072,0.9617224880382775,0.5268659459223751,0.5656759348034516,0.5542403685326904,0.7245681381957774,0.8106060606060606,0.11111111111111106,0.6588806660499538,0.6363636363636364,"The Vita Coco Company, Inc.",Consumer Defensive,Beverages - Non-Alcoholic,3777430272,66.13999938964844,454.0,259.0,2026-06-30,none,NOT_SELECTED,,
2026-07-01T053352Z,2026-07-01T05:33:52.980988+00:00,2026-07-01T07:21:20.090043+00:00,2026-06-30,data/prospective/daily_qvp/snapshots/2026-07-01T053352Z/raw,1081,1043,144e01281e848a2a4c711cb0058eddc75099bb40,d3881a1328862a39dc4af32e15c4826237a09adca2da7038eafb5659ddb68bb4,8bda06ce0251beedd6a5f2cd61a08ef37682841102d3b9d86a1ab602640baf4e,OC,0.5291396854764107,0.5041628122109159,0.4161841925139901,0.24688995215311005,0.5268388443920428,0.5647171620325983,0.48290691107180983,0.3963531669865643,0.30322869955156945,0.7481481481481481,0.5291396854764107,0.3511111111111111,Owens Corning,Industrials,Building Products & Equipment,12800782336,158.9600067138672,455.0,537.0,2026-06-30,none,NOT_SELECTED,,
2026-07-01T053352Z,2026-07-01T05:33:52.980988+00:00,2026-07-01T07:21:20.090043+00:00,2026-06-30,data/prospective/daily_qvp/snapshots/2026-07-01T053352Z/raw,1081,1043,144e01281e848a2a4c711cb0058eddc75099bb40,d3881a1328862a39dc4af32e15c4826237a09adca2da7038eafb5659ddb68bb4,8bda06ce0251beedd6a5f2cd61a08ef37682841102d3b9d86a1ab602640baf4e,GFF,0.6172525439407957,0.6836262719703978,0.5285764463600341,0.5827751196172248,0.5262114580671832,0.5637583892617449,0.5157697046614985,0.5403071017274472,0.4399003487792725,0.5214814814814814,0.6172525439407957,0.4844444444444444,Griffon Corporation,Industrials,Building Products & Equipment,4473372672,97.52999877929688,456.0,343.0,2026-06-30,none,NOT_SELECTED,,
2026-07-01T053352Z,2026-07-01T05:33:52.980988+00:00,2026-07-01T07:21:20.090043+00:00,2026-06-30,data/prospective/daily_qvp/snapshots/2026-07-01T053352Z/raw,1081,1043,144e01281e848a2a4c711cb0058eddc75099bb40,d3881a1328862a39dc4af32e15c4826237a09adca2da7038eafb5659ddb68bb4,8bda06ce0251beedd6a5f2cd61a08ef37682841102d3b9d86a1ab602640baf4e,NOC,0.44680851063829785,0.364477335800185,0.46930859014725057,0.3980861244019139,0.5262057267648337,0.5627996164908916,0.4796542950736252,0.3800383877159309,0.49180866965620323,0.64,0.44680851063829785,0.33999999999999997,Northrop Grumman Corporation,Industrials,Aerospace & Defense,72339070976,509.30999755859375,457.0,687.0,2026-06-30,none,NOT_SELECTED,,
2026-07-01T053352Z,2026-07-01T05:33:52.980988+00:00,2026-07-01T07:21:20.090043+00:00,2026-06-30,data/prospective/daily_qvp/snapshots/2026-07-01T053352Z/raw,1081,1043,144e01281e848a2a4c711cb0058eddc75099bb40,d3881a1328862a39dc4af32e15c4826237a09adca2da7038eafb5659ddb68bb4,8bda06ce0251beedd6a5f2cd61a08ef37682841102d3b9d86a1ab602640baf4e,ALGT,0.5779370952821461,0.606845513413506,0.39073486552846715,0.19425837320574163,0.5261689226979904,0.5618408437200384,0.5490711364679373,0.6967370441458733,0.20353263577478817,0.797037037037037,0.5779370952821461,0.6177777777777778,Allegiant Travel Company,Industrials,Airlines,3160793856,117.5999984741211,458.0,426.0,2026-06-30,none,NOT_SELECTED,,
2026-07-01T053352Z,2026-07-01T05:33:52.980988+00:00,2026-07-01T07:21:20.090043+00:00,2026-06-30,data/prospective/daily_qvp/snapshots/2026-07-01T053352Z/raw,1081,1043,144e01281e848a2a4c711cb0058eddc75099bb40,d3881a1328862a39dc4af32e15c4826237a09adca2da7038eafb5659ddb68bb4,8bda06ce0251beedd6a5f2cd61a08ef37682841102d3b9d86a1ab602640baf4e,TJX,0.5638297872340425,0.5753931544865865,0.64604465054938,0.8545454545454545,0.5261212703008938,0.5608820709491851,0.567210000344718,0.7687140115163148,0.7282595138647174,0.2862745098039215,0.5638297872340425,0.6904761904761905,"The TJX Companies, Inc.",Consumer Cyclical,Apparel Retail,167362707456,151.5,459.0,460.0,2026-06-30,none,NOT_SELECTED,,
2026-07-01T053352Z,2026-07-01T05:33:52.980988+00:00,2026-07-01T07:21:20.090043+00:00,2026-06-30,data/prospective/daily_qvp/snapshots/2026-07-01T053352Z/raw,1081,1043,144e01281e848a2a4c711cb0058eddc75099bb40,d3881a1328862a39dc4af32e15c4826237a09adca2da7038eafb5659ddb68bb4,8bda06ce0251beedd6a5f2cd61a08ef37682841102d3b9d86a1ab602640baf4e,A,0.46854764107308045,0.3996299722479186,0.5541162540667053,0.6411483253588517,0.5260706013998878,0.5599232981783318,0.45966344157929906,0.30134357005758156,0.6396848670603302,0.4699792960662526,0.46854764107308045,0.2604419621175328,"Agilent Technologies, Inc.",Healthcare,Diagnostics & Research,37515436032,132.8300018310547,460.0,650.0,2026-06-30,none,NOT_SELECTED,,
2026-07-01T053352Z,2026-07-01T05:33:52.980988+00:00,2026-07-01T07:21:20.090043+00:00,2026-06-30,data/prospective/daily_qvp/snapshots/2026-07-01T053352Z/raw,1081,1043,144e01281e848a2a4c711cb0058eddc75099bb40,d3881a1328862a39dc4af32e15c4826237a09adca2da7038eafb5659ddb68bb4,8bda06ce0251beedd6a5f2cd61a08ef37682841102d3b9d86a1ab602640baf4e,PINS,0.1357539315448658,0.043478260869565216,0.46261912957425294,0.37607655502392345,0.5258040573973282,0.5589645254074784,0.5610197097146629,0.7485604606525912,0.7894843276036401,0.6521739130434784,0.1357539315448658,0.6666666666666667,"Pinterest, Inc.",Communication Services,Internet Content & Information,11780108288,21.030000686645508,461.0,1035.0,2026-06-30,none,NOT_SELECTED,,
2026-07-01T053352Z,2026-07-01T05:33:52.980988+00:00,2026-07-01T07:21:20.090043+00:00,2026-06-30,data/prospective/daily_qvp/snapshots/2026-07-01T053352Z/raw,1081,1043,144e01281e848a2a4c711cb0058eddc75099bb40,d3881a1328862a39dc4af32e15c4826237a09adca2da7038eafb5659ddb68bb4,8bda06ce0251beedd6a5f2cd61a08ef37682841102d3b9d86a1ab602640baf4e,ALSN,0.5959759481961147,0.6392229417206291,0.5666991271983507,0.6736842105263158,0.5255118364328873,0.5580057526366251,0.44993744875323693,0.2600767754318618,0.5374223062005867,0.44313725490196076,0.5959759481961147,0.22321428571428564,"Allison Transmission Holdings, Inc.",Consumer Cyclical,Auto Parts,9350202368,112.73999786376952,462.0,391.0,2026-06-30,none,NOT_SELECTED,,
2026-07-01T053352Z,2026-07-01T05:33:52.980988+00:00,2026-07-01T07:21:20.090043+00:00,2026-06-30,data/prospective/daily_qvp/snapshots/2026-07-01T053352Z/raw,1081,1043,144e01281e848a2a4c711cb0058eddc75099bb40,d3881a1328862a39dc4af32e15c4826237a09adca2da7038eafb5659ddb68bb4,8bda06ce0251beedd6a5f2cd61a08ef37682841102d3b9d86a1ab602640baf4e,PLUS,0.4301572617946346,0.3459759481961147,0.46643174404523136,0.39138755980861245,0.5253104448993774,0.5570469798657718,0.5532748690727632,0.7207293666026872,0.5027062262958281,0.6430678466076696,0.4301572617946346,0.6371681415929203,ePlus inc.,Technology,Software - Application,2196652800,83.2300033569336,463.0,708.0,2026-06-30,none,NOT_SELECTED,,
2026-07-01T053352Z,2026-07-01T05:33:52.980988+00:00,2026-07-01T07:21:20.090043+00:00,2026-06-30,data/prospective/daily_qvp/snapshots/2026-07-01T053352Z/raw,1081,1043,144e01281e848a2a4c711cb0058eddc75099bb40,d3881a1328862a39dc4af32e15c4826237a09adca2da7038eafb5659ddb68bb4,8bda06ce0251beedd6a5f2cd61a08ef37682841102d3b9d86a1ab602640baf4e,ANDE,0.7180851063829787,0.8589269195189639,0.4982470986460348,0.4937799043062201,0.5249256751916326,0.5560882070949185,0.45998213518160325,0.30518234165067176,0.2784090909090909,0.5782828282828283,0.7180851063829787,0.26515151515151514,"The Andersons, Inc.",Consumer Defensive,Food Distribution,2329297408,68.4000015258789,464.0,154.0,2026-06-30,none,NOT_SELECTED,,
2026-07-01T053352Z,2026-07-01T05:33:52.980988+00:00,2026-07-01T07:21:20.090043+00:00,2026-06-30,data/prospective/daily_qvp/snapshots/2026-07-01T053352Z/raw,1081,1043,144e01281e848a2a4c711cb0058eddc75099bb40,d3881a1328862a39dc4af32e15c4826237a09adca2da7038eafb5659ddb68bb4,8bda06ce0251beedd6a5f2cd61a08ef37682841102d3b9d86a1ab602640baf4e,BC,0.5920444033302497,0.6327474560592045,0.47045120403530366,0.40382775119617226,0.5247452471346469,0.5551294343240653,0.4612672686843185,0.31190019193857965,0.34885800474035766,0.6333333333333333,0.5920444033302497,0.2708333333333333,Brunswick Corporation,Consumer Cyclical,Recreational Vehicles,5473446912,84.23999786376953,465.0,398.0,2026-06-30,none,NOT_SELECTED,,
2026-07-01T053352Z,2026-07-01T05:33:52.980988+00:00,2026-07-01T07:21:20.090043+00:00,2026-06-30,data/prospective/daily_qvp/snapshots/2026-07-01T053352Z/raw,1081,1043,144e01281e848a2a4c711cb0058eddc75099bb40,d3881a1328862a39dc4af32e15c4826237a09adca2da7038eafb5659ddb68bb4,8bda06ce0251beedd6a5f2cd61a08ef37682841102d3b9d86a1ab602640baf4e,VEEV,0.20235892691951893,0.08140610545790934,0.500184982787547,0.49856459330143543,0.5246229767928022,0.5541706615532119,0.5529196366742519,0.716890595009597,0.798011038655575,0.5734989648033126,0.20235892691951893,0.6378096163186013,Veeva Systems Inc.,Healthcare,Health Information Services,28828811264,177.47000122070312,466.0,994.0,2026-06-30,none,NOT_SELECTED,,
2026-07-01T053352Z,2026-07-01T05:33:52.980988+00:00,2026-07-01T07:21:20.090043+00:00,2026-06-30,data/prospective/daily_qvp/snapshots/2026-07-01T053352Z/raw,1081,1043,144e01281e848a2a4c711cb0058eddc75099bb40,d3881a1328862a39dc4af32e15c4826237a09adca2da7038eafb5659ddb68bb4,8bda06ce0251beedd6a5f2cd61a08ef37682841102d3b9d86a1ab602640baf4e,JBL,0.7416743755781684,0.9010175763182239,0.529674893225241,0.5856459330143541,0.5242080409112225,0.5532118887823586,0.44846576519669124,0.2514395393474088,0.31767541087231355,0.5132743362831858,0.7416743755781684,0.2212389380530973,Jabil Inc.,Technology,Electronic Components,40669151232,385.4800109863281,467.0,108.0,2026-06-30,none,NOT_SELECTED,,
2026-07-01T053352Z,2026-07-01T05:33:52.980988+00:00,2026-07-01T07:21:20.090043+00:00,2026-06-30,data/prospective/daily_qvp/snapshots/2026-07-01T053352Z/raw,1081,1043,144e01281e848a2a4c711cb0058eddc75099bb40,d3881a1328862a39dc4af32e15c4826237a09adca2da7038eafb5659ddb68bb4,8bda06ce0251beedd6a5f2cd61a08ef37682841102d3b9d86a1ab602640baf4e,AROC,0.753931544865865,0.9259944495837188,0.6668208448967006,0.8928229665071771,0.523932910225315,0.5522531160115053,0.6030946102052182,0.8809980806142035,0.5797101449275363,0.23815704088254375,0.753931544865865,0.8405797101449275,"Archrock, Inc.",Energy,Oil & Gas Equipment & Services,7134899712,40.709999084472656,468.0,81.0,2026-06-30,none,NOT_SELECTED,,
2026-07-01T053352Z,2026-07-01T05:33:52.980988+00:00,2026-07-01T07:21:20.090043+00:00,2026-06-30,data/prospective/daily_qvp/snapshots/2026-07-01T053352Z/raw,1081,1043,144e01281e848a2a4c711cb0058eddc75099bb40,d3881a1328862a39dc4af32e15c4826237a09adca2da7038eafb5659ddb68bb4,8bda06ce0251beedd6a5f2cd61a08ef37682841102d3b9d86a1ab602640baf4e,SAIA,0.6403792784458835,0.7243293246993524,0.584337621285722,0.7215311004784689,0.5238794018448023,0.551294343240652,0.4329095513836017,0.20249520153550865,0.5282959641255605,0.40296296296296297,0.6403792784458835,0.15999999999999998,"Saia, Inc.",Industrials,Trucking,11203665920,421.1600036621094,469.0,299.0,2026-06-30,none,NOT_SELECTED,,
2026-07-01T053352Z,2026-07-01T05:33:52.980988+00:00,2026-07-01T07:21:20.090043+00:00,2026-06-30,data/prospective/daily_qvp/snapshots/2026-07-01T053352Z/raw,1081,1043,144e01281e848a2a4c711cb0058eddc75099bb40,d3881a1328862a39dc4af32e15c4826237a09adca2da7038eafb5659ddb68bb4,8bda06ce0251beedd6a5f2cd61a08ef37682841102d3b9d86a1ab602640baf4e,NPO,0.7606382978723404,0.940795559666975,0.6352070413128519,0.8296650717703349,0.5237182744554815,0.5503355704697986,0.5461220391749444,0.6833013435700576,0.5097757847533633,0.3007407407407407,0.7606382978723404,0.6133333333333333,Enpro Inc.,Industrials,Specialty Industrial Machinery,7963273216,376.9299926757813,470.0,64.0,2026-06-30,none,NOT_SELECTED,,
2026-07-01T053352Z,2026-07-01T05:33:52.980988+00:00,2026-07-01T07:21:20.090043+00:00,2026-06-30,data/prospective/daily_qvp/snapshots/2026-07-01T053352Z/raw,1081,1043,144e01281e848a2a4c711cb0058eddc75099bb40,d3881a1328862a39dc4af32e15c4826237a09adca2da7038eafb5659ddb68bb4,8bda06ce0251beedd6a5f2cd61a08ef37682841102d3b9d86a1ab602640baf4e,HALO,0.5693802035152636,0.5864939870490287,0.6106249443094018,0.783732057416268,0.523025325191775,0.5493767976989453,0.5705776388671193,0.7840690978886756,0.6518696851035399,0.3478260869565217,0.5693802035152636,0.713234579893152,"Halozyme Therapeutics, Inc.",Healthcare,Biotechnology,9283838976,78.2699966430664,471.0,448.0,2026-06-30,none,NOT_SELECTED,,
2026-07-01T053352Z,2026-07-01T05:33:52.980988+00:00,2026-07-01T07:21:20.090043+00:00,2026-06-30,data/prospective/daily_qvp/snapshots/2026-07-01T053352Z/raw,1081,1043,144e01281e848a2a4c711cb0058eddc75099bb40,d3881a1328862a39dc4af32e15c4826237a09adca2da7038eafb5659ddb68bb4,8bda06ce0251beedd6a5f2cd61a08ef37682841102d3b9d86a1ab602640baf4e,JBTM,0.3929232192414431,0.30249768732654947,0.4117904586491221,0.23253588516746412,0.5229220341611432,0.548418024928092,0.5441359700653018,0.6756238003838771,0.4306576980568012,0.7451851851851852,0.3929232192414431,0.6077777777777778,JBT Marel Corporation,Industrials,Specialty Industrial Machinery,7549832704,145.0,472.0,755.0,2026-06-30,none,NOT_SELECTED,,
2026-07-01T053352Z,2026-07-01T05:33:52.980988+00:00,2026-07-01T07:21:20.090043+00:00,2026-06-30,data/prospective/daily_qvp/snapshots/2026-07-01T053352Z/raw,1081,1043,144e01281e848a2a4c711cb0058eddc75099bb40,d3881a1328862a39dc4af32e15c4826237a09adca2da7038eafb5659ddb68bb4,8bda06ce0251beedd6a5f2cd61a08ef37682841102d3b9d86a1ab602640baf4e,APG,0.5460222016651248,0.5309898242368177,0.5160504630647498,0.5483253588516747,0.5227990741419319,0.5474592521572388,0.5515437500508934,0.7111324376199616,0.48607872446437467,0.5362962962962963,0.5460222016651248,0.6377777777777778,APi Group Corporation,Industrials,Engineering & Construction,18347204608,42.349998474121094,473.0,508.0,2026-06-30,none,NOT_SELECTED,,
2026-07-01T053352Z,2026-07-01T05:33:52.980988+00:00,2026-07-01T07:21:20.090043+00:00,2026-06-30,data/prospective/daily_qvp/snapshots/2026-07-01T053352Z/raw,1081,1043,144e01281e848a2a4c711cb0058eddc75099bb40,d3881a1328862a39dc4af32e15c4826237a09adca2da7038eafb5659ddb68bb4,8bda06ce0251beedd6a5f2cd61a08ef37682841102d3b9d86a1ab602640baf4e,CL,0.610777058279371,0.6725254394079556,0.6671309533821097,0.8937799043062201,0.5221950463624839,0.5465004793863855,0.4768735574991357,0.3637236084452975,0.7234848484848484,0.2323232323232323,0.610777058279371,0.34090909090909094,Colgate-Palmolive Company,Consumer Defensive,Household & Personal Products,73361358848,91.68000030517578,474.0,355.0,2026-06-30,none,NOT_SELECTED,,
2026-07-01T053352Z,2026-07-01T05:33:52.980988+00:00,2026-07-01T07:21:20.090043+00:00,2026-06-30,data/prospective/daily_qvp/snapshots/2026-07-01T053352Z/raw,1081,1043,144e01281e848a2a4c711cb0058eddc75099bb40,d3881a1328862a39dc4af32e15c4826237a09adca2da7038eafb5659ddb68bb4,8bda06ce0251beedd6a5f2cd61a08ef37682841102d3b9d86a1ab602640baf4e,HL,0.34343200740055496,0.2326549491211841,0.5784956647172266,0.7043062200956938,0.5212569968171341,0.5455417066155321,0.6335274933755624,0.9404990403071017,0.8135593220338982,0.4067796610169491,0.34343200740055496,0.9703389830508475,Hecla Mining Company,Basic Materials,Other Precious Metals & Mining,10349091840,15.43000030517578,475.0,830.0,2026-06-30,none,NOT_SELECTED,,
2026-07-01T053352Z,2026-07-01T05:33:52.980988+00:00,2026-07-01T07:21:20.090043+00:00,2026-06-30,data/prospective/daily_qvp/snapshots/2026-07-01T053352Z/raw,1081,1043,144e01281e848a2a4c711cb0058eddc75099bb40,d3881a1328862a39dc4af32e15c4826237a09adca2da7038eafb5659ddb68bb4,8bda06ce0251beedd6a5f2cd61a08ef37682841102d3b9d86a1ab602640baf4e,WMS,0.4347826086956521,0.34967622571692875,0.545946361647278,0.6287081339712919,0.5210012781352223,0.5445829338446788,0.47797318082363893,0.3723608445297505,0.6571101145989038,0.4711111111111111,0.4347826086956521,0.34888888888888886,"Advanced Drainage Systems, Inc.",Industrials,Building Products & Equipment,12022463488,156.9600067138672,476.0,704.0,2026-06-30,none,NOT_SELECTED,,
2026-07-01T053352Z,2026-07-01T05:33:52.980988+00:00,2026-07-01T07:21:20.090043+00:00,2026-06-30,data/prospective/daily_qvp/snapshots/2026-07-01T053352Z/raw,1081,1043,144e01281e848a2a4c711cb0058eddc75099bb40,d3881a1328862a39dc4af32e15c4826237a09adca2da7038eafb5659ddb68bb4,8bda06ce0251beedd6a5f2cd61a08ef37682841102d3b9d86a1ab602640baf4e,CLH,0.654486586493987,0.7516188714153561,0.5507335772529726,0.6334928229665072,0.5207359650822286,0.5436241610738255,0.48499641825611595,0.4059500959692898,0.4469805680119581,0.46074074074074073,0.654486586493987,0.37777777777777777,"Clean Harbors, Inc.",Industrials,Waste Management,15787752448,298.75,477.0,269.0,2026-06-30,none,NOT_SELECTED,,
2026-07-01T053352Z,2026-07-01T05:33:52.980988+00:00,2026-07-01T07:21:20.090043+00:00,2026-06-30,data/prospective/daily_qvp/snapshots/2026-07-01T053352Z/raw,1081,1043,144e01281e848a2a4c711cb0058eddc75099bb40,d3881a1328862a39dc4af32e15c4826237a09adca2da7038eafb5659ddb68bb4,8bda06ce0251beedd6a5f2cd61a08ef37682841102d3b9d86a1ab602640baf4e,DK,0.6938020351526364,0.8172987974098057,0.46103145235892684,0.369377990430622,0.5205275656868295,0.5426653883029722,0.5063377032506293,0.4865642994241843,0.22826086956521735,0.6395197923426347,0.6938020351526364,0.463768115942029,"Delek US Holdings, Inc.",Energy,Oil & Gas Refining & Marketing,3114020096,50.810001373291016,478.0,198.0,2026-06-30,none,NOT_SELECTED,,
2026-07-01T053352Z,2026-07-01T05:33:52.980988+00:00,2026-07-01T07:21:20.090043+00:00,2026-06-30,data/prospective/daily_qvp/snapshots/2026-07-01T053352Z/raw,1081,1043,144e01281e848a2a4c711cb0058eddc75099bb40,d3881a1328862a39dc4af32e15c4826237a09adca2da7038eafb5659ddb68bb4,8bda06ce0251beedd6a5f2cd61a08ef37682841102d3b9d86a1ab602640baf4e,TENB,0.5208140610545791,0.4856614246068455,0.5263382094147737,0.5770334928229665,0.5205086587838904,0.5417066155321189,0.4716868038224311,0.3474088291746641,0.5318623577749684,0.5088495575221238,0.5208140610545791,0.3252212389380531,"Tenable Holdings, Inc.",Technology,Software - Infrastructure,4066830592,36.880001068115234,479.0,557.0,2026-06-30,none,NOT_SELECTED,,
2026-07-01T053352Z,2026-07-01T05:33:52.980988+00:00,2026-07-01T07:21:20.090043+00:00,2026-06-30,data/prospective/daily_qvp/snapshots/2026-07-01T053352Z/raw,1081,1043,144e01281e848a2a4c711cb0058eddc75099bb40,d3881a1328862a39dc4af32e15c4826237a09adca2da7038eafb5659ddb68bb4,8bda06ce0251beedd6a5f2cd61a08ef37682841102d3b9d86a1ab602640baf4e,SPXC,0.5635985198889917,0.574468085106383,0.6147389709559556,0.7942583732057417,0.5204432645879211,0.5407478427612655,0.5442213373298297,0.6765834932821497,0.6658794220229197,0.33185185185185184,0.5635985198889917,0.6155555555555555,"SPX Technologies, Inc.",Industrials,Building Products & Equipment,12274397184,245.1699981689453,480.0,461.0,2026-06-30,none,NOT_SELECTED,,
2026-07-01T053352Z,2026-07-01T05:33:52.980988+00:00,2026-07-01T07:21:20.090043+00:00,2026-06-30,data/prospective/daily_qvp/snapshots/2026-07-01T053352Z/raw,1081,1043,144e01281e848a2a4c711cb0058eddc75099bb40,d3881a1328862a39dc4af32e15c4826237a09adca2da7038eafb5659ddb68bb4,8bda06ce0251beedd6a5f2cd61a08ef37682841102d3b9d86a1ab602640baf4e,IFF,0.5587419056429233,0.5559666975023126,0.49970993587230905,0.4966507177033493,0.5195806352143078,0.5397890699904123,0.4765498831903918,0.362763915547025,0.44067796610169485,0.559322033898305,0.5587419056429233,0.34745762711864403,International Flavors & Fragrances Inc.,Basic Materials,Specialty Chemicals,20225140736,79.22000122070312,481.0,481.0,2026-06-30,none,NOT_SELECTED,,
2026-07-01T053352Z,2026-07-01T05:33:52.980988+00:00,2026-07-01T07:21:20.090043+00:00,2026-06-30,data/prospective/daily_qvp/snapshots/2026-07-01T053352Z/raw,1081,1043,144e01281e848a2a4c711cb0058eddc75099bb40,d3881a1328862a39dc4af32e15c4826237a09adca2da7038eafb5659ddb68bb4,8bda06ce0251beedd6a5f2cd61a08ef37682841102d3b9d86a1ab602640baf4e,OLED,0.18015726179463454,0.06799259944495838,0.4517351574459898,0.33779904306220093,0.5194458571763826,0.538830297219559,0.4620401450946763,0.31381957773512476,0.7233130530973451,0.6548672566371682,0.18015726179463454,0.2898230088495575,Universal Display Corporation,Technology,Electronic Components,4048159488,86.58999633789062,482.0,1008.0,2026-06-30,none,NOT_SELECTED,,
2026-07-01T053352Z,2026-07-01T05:33:52.980988+00:00,2026-07-01T07:21:20.090043+00:00,2026-06-30,data/prospective/daily_qvp/snapshots/2026-07-01T053352Z/raw,1081,1043,144e01281e848a2a4c711cb0058eddc75099bb40,d3881a1328862a39dc4af32e15c4826237a09adca2da7038eafb5659ddb68bb4,8bda06ce0251beedd6a5f2cd61a08ef37682841102d3b9d86a1ab602640baf4e,SKYW,0.32377428307123035,0.20166512488436633,0.3393086661992923,0.11674641148325358,0.5192921972192813,0.5378715244487057,0.5861358145811276,0.8378119001919386,0.3548430493273542,0.8792592592592592,0.32377428307123035,0.7866666666666666,"SkyWest, Inc.",Industrials,Airlines,3939455744,99.33000183105467,483.0,864.0,2026-06-30,none,NOT_SELECTED,,
2026-07-01T053352Z,2026-07-01T05:33:52.980988+00:00,2026-07-01T07:21:20.090043+00:00,2026-06-30,data/prospective/daily_qvp/snapshots/2026-07-01T053352Z/raw,1081,1043,144e01281e848a2a4c711cb0058eddc75099bb40,d3881a1328862a39dc4af32e15c4826237a09adca2da7038eafb5659ddb68bb4,8bda06ce0251beedd6a5f2cd61a08ef37682841102d3b9d86a1ab602640baf4e,CALX,0.18293246993524512,0.07123034227567067,0.4049736622748286,0.22009569377990432,0.5192449783897087,0.5369127516778524,0.5846770966241399,0.8339731285988484,0.6270148546144121,0.747787610619469,0.18293246993524512,0.7809734513274336,"Calix, Inc.",Technology,Software - Infrastructure,2380355328,37.31999969482422,484.0,1005.0,2026-06-30,none,NOT_SELECTED,,
2026-07-01T053352Z,2026-07-01T05:33:52.980988+00:00,2026-07-01T07:21:20.090043+00:00,2026-06-30,data/prospective/daily_qvp/snapshots/2026-07-01T053352Z/raw,1081,1043,144e01281e848a2a4c711cb0058eddc75099bb40,d3881a1328862a39dc4af32e15c4826237a09adca2da7038eafb5659ddb68bb4,8bda06ce0251beedd6a5f2cd61a08ef37682841102d3b9d86a1ab602640baf4e,DTE,0.6330943570767807,0.7132284921369103,0.5071520879480923,0.5253588516746411,0.5188923524173723,0.535953978906999,0.5389537470716499,0.6487523992322457,0.38120981881940386,0.5423728813559322,0.6330943570767807,0.5991379310344828,DTE Energy Company,Utilities,Utilities - Regulated Electric,31697274880,152.3699951171875,485.0,311.0,2026-06-30,none,NOT_SELECTED,,
2026-07-01T053352Z,2026-07-01T05:33:52.980988+00:00,2026-07-01T07:21:20.090043+00:00,2026-06-30,data/prospective/daily_qvp/snapshots/2026-07-01T053352Z/raw,1081,1043,144e01281e848a2a4c711cb0058eddc75099bb40,d3881a1328862a39dc4af32e15c4826237a09adca2da7038eafb5659ddb68bb4,8bda06ce0251beedd6a5f2cd61a08ef37682841102d3b9d86a1ab602640baf4e,CAKE,0.654486586493987,0.7516188714153561,0.5388489858198806,0.615311004784689,0.5187097813962603,0.5349952061361457,0.5437942408091,0.6737044145873321,0.4232113851457743,0.47843137254901963,0.654486586493987,0.6190476190476191,The Cheesecake Factory Incorporated,Consumer Cyclical,Restaurants,3951973888,79.54000091552734,486.0,270.0,2026-06-30,none,NOT_SELECTED,,
2026-07-01T053352Z,2026-07-01T05:33:52.980988+00:00,2026-07-01T07:21:20.090043+00:00,2026-06-30,data/prospective/daily_qvp/snapshots/2026-07-01T053352Z/raw,1081,1043,144e01281e848a2a4c711cb0058eddc75099bb40,d3881a1328862a39dc4af32e15c4826237a09adca2da7038eafb5659ddb68bb4,8bda06ce0251beedd6a5f2cd61a08ef37682841102d3b9d86a1ab602640baf4e,DT,0.33973172987974093,0.2247918593894542,0.5031959060271018,0.507177033492823,0.5183547928086283,0.5340364333652924,0.548611227349834,0.6928982725527831,0.6666600821744627,0.5486725663716814,0.33973172987974093,0.6393805309734513,"Dynatrace, Inc.",Technology,Software - Application,12798699520,43.90999984741211,487.0,839.0,2026-06-30,none,NOT_SELECTED,,
2026-07-01T053352Z,2026-07-01T05:33:52.980988+00:00,2026-07-01T07:21:20.090043+00:00,2026-06-30,data/prospective/daily_qvp/snapshots/2026-07-01T053352Z/raw,1081,1043,144e01281e848a2a4c711cb0058eddc75099bb40,d3881a1328862a39dc4af32e15c4826237a09adca2da7038eafb5659ddb68bb4,8bda06ce0251beedd6a5f2cd61a08ef37682841102d3b9d86a1ab602640baf4e,AEO,0.2644542090656799,0.13598519888991675,0.3879770672398162,0.19138755980861244,0.518128502342884,0.5330776605944392,0.47044161485240105,0.34069097888675626,0.5114999254139525,0.7784313725490195,0.2644542090656799,0.32738095238095233,"American Eagle Outfitters, Inc.",Consumer Cyclical,Apparel Retail,2882261248,17.200000762939453,488.0,935.0,2026-06-30,none,NOT_SELECTED,,
2026-07-01T053352Z,2026-07-01T05:33:52.980988+00:00,2026-07-01T07:21:20.090043+00:00,2026-06-30,data/prospective/daily_qvp/snapshots/2026-07-01T053352Z/raw,1081,1043,144e01281e848a2a4c711cb0058eddc75099bb40,d3881a1328862a39dc4af32e15c4826237a09adca2da7038eafb5659ddb68bb4,8bda06ce0251beedd6a5f2cd61a08ef37682841102d3b9d86a1ab602640baf4e,AMKR,0.7326549491211841,0.8811285846438482,0.5245725756983923,0.569377990430622,0.5178566433859488,0.5321188878235859,0.4580827480261873,0.29174664107485604,0.31649020227560043,0.504424778761062,0.7326549491211841,0.2787610619469026,"Amkor Technology, Inc.",Technology,Semiconductor Equipment & Materials,21374048256,86.2300033569336,489.0,129.0,2026-06-30,none,NOT_SELECTED,,
2026-07-01T053352Z,2026-07-01T05:33:52.980988+00:00,2026-07-01T07:21:20.090043+00:00,2026-06-30,data/prospective/daily_qvp/snapshots/2026-07-01T053352Z/raw,1081,1043,144e01281e848a2a4c711cb0058eddc75099bb40,d3881a1328862a39dc4af32e15c4826237a09adca2da7038eafb5659ddb68bb4,8bda06ce0251beedd6a5f2cd61a08ef37682841102d3b9d86a1ab602640baf4e,ELAN,0.536077705827937,0.5124884366327475,0.4575991678448529,0.3559808612440191,0.5176264983699985,0.5311601150527325,0.46396659548706665,0.31861804222648754,0.37912062986176875,0.6376811594202899,0.536077705827937,0.302986886838271,Elanco Animal Health Incorporated,Healthcare,Drug Manufacturers - Specialty & Generic,12291453952,24.61000061035156,490.0,528.0,2026-06-30,none,NOT_SELECTED,,
2026-07-01T053352Z,2026-07-01T05:33:52.980988+00:00,2026-07-01T07:21:20.090043+00:00,2026-06-30,data/prospective/daily_qvp/snapshots/2026-07-01T053352Z/raw,1081,1043,144e01281e848a2a4c711cb0058eddc75099bb40,d3881a1328862a39dc4af32e15c4826237a09adca2da7038eafb5659ddb68bb4,8bda06ce0251beedd6a5f2cd61a08ef37682841102d3b9d86a1ab602640baf4e,FLEX,0.772664199814986,0.9639222941720629,0.5334806855585676,0.5971291866028708,0.5174040361934207,0.5302013422818792,0.48042028378223367,0.3857965451055662,0.29429717130214916,0.4852507374631268,0.772664199814986,0.36946902654867253,Flex Ltd.,Technology,Electronic Components,59380760576,162.07000732421875,491.0,40.0,2026-06-30,none,NOT_SELECTED,,
2026-07-01T053352Z,2026-07-01T05:33:52.980988+00:00,2026-07-01T07:21:20.090043+00:00,2026-06-30,data/prospective/daily_qvp/snapshots/2026-07-01T053352Z/raw,1081,1043,144e01281e848a2a4c711cb0058eddc75099bb40,d3881a1328862a39dc4af32e15c4826237a09adca2da7038eafb5659ddb68bb4,8bda06ce0251beedd6a5f2cd61a08ef37682841102d3b9d86a1ab602640baf4e,HPQ,0.477104532839963,0.408418131359852,0.44034884511783234,0.3043062200956938,0.5172630452211311,0.5292425695110259,0.4299826821459368,0.1928982725527831,0.4035931573957016,0.6710914454277286,0.477104532839963,0.16814159292035397,HP Inc.,Technology,Computer Hardware,20064628736,21.940000534057617,492.0,640.0,2026-06-30,none,NOT_SELECTED,,
2026-07-01T053352Z,2026-07-01T05:33:52.980988+00:00,2026-07-01T07:21:20.090043+00:00,2026-06-30,data/prospective/daily_qvp/snapshots/2026-07-01T053352Z/raw,1081,1043,144e01281e848a2a4c711cb0058eddc75099bb40,d3881a1328862a39dc4af32e15c4826237a09adca2da7038eafb5659ddb68bb4,8bda06ce0251beedd6a5f2cd61a08ef37682841102d3b9d86a1ab602640baf4e,XYL,0.35638297872340424,0.2506938020351526,0.4803663772540788,0.4325358851674641,0.5167874613792625,0.5282837967401726,0.5581461515900024,0.7351247600767754,0.6043497757847534,0.5896296296296296,0.35638297872340424,0.6822222222222223,Xylem Inc.,Industrials,Specialty Industrial Machinery,28097746944,118.20999908447266,493.0,811.0,2026-06-30,none,NOT_SELECTED,,
2026-07-01T053352Z,2026-07-01T05:33:52.980988+00:00,2026-07-01T07:21:20.090043+00:00,2026-06-30,data/prospective/daily_qvp/snapshots/2026-07-01T053352Z/raw,1081,1043,144e01281e848a2a4c711cb0058eddc75099bb40,d3881a1328862a39dc4af32e15c4826237a09adca2da7038eafb5659ddb68bb4,8bda06ce0251beedd6a5f2cd61a08ef37682841102d3b9d86a1ab602640baf4e,ZETA,0.4530527289546716,0.3820536540240518,0.482773401455844,0.4411483253588517,0.5165391997906216,0.5273250239693192,0.6036654617898689,0.8857965451055663,0.5124940739570164,0.584070796460177,0.4530527289546716,0.8650442477876106,Zeta Global Holdings Corp.,Technology,Software - Infrastructure,4905390080,19.68000030517578,494.0,669.0,2026-06-30,none,NOT_SELECTED,,
2026-07-01T053352Z,2026-07-01T05:33:52.980988+00:00,2026-07-01T07:21:20.090043+00:00,2026-06-30,data/prospective/daily_qvp/snapshots/2026-07-01T053352Z/raw,1081,1043,144e01281e848a2a4c711cb0058eddc75099bb40,d3881a1328862a39dc4af32e15c4826237a09adca2da7038eafb5659ddb68bb4,8bda06ce0251beedd6a5f2cd61a08ef37682841102d3b9d86a1ab602640baf4e,BELFB,0.7606382978723404,0.940795559666975,0.6014938881902789,0.7626794258373206,0.516531815332359,0.5263662511984659,0.5710271800833401,0.7869481765834933,0.4423494785082175,0.3466076696165192,0.7606382978723404,0.7345132743362832,Bel Fuse Inc.,Technology,Electronic Components,4736730624,333.0400085449219,495.0,65.0,2026-06-30,none,NOT_SELECTED,,
2026-07-01T053352Z,2026-07-01T05:33:52.980988+00:00,2026-07-01T07:21:20.090043+00:00,2026-06-30,data/prospective/daily_qvp/snapshots/2026-07-01T053352Z/raw,1081,1043,144e01281e848a2a4c711cb0058eddc75099bb40,d3881a1328862a39dc4af32e15c4826237a09adca2da7038eafb5659ddb68bb4,8bda06ce0251beedd6a5f2cd61a08ef37682841102d3b9d86a1ab602640baf4e,ASH,0.5032377428307122,0.4514338575393155,0.4327629392119663,0.28995215311004785,0.5163805658776573,0.5254074784276127,0.4699125430523108,0.33397312859884837,0.3622881355932203,0.6836158192090395,0.5032377428307122,0.3305084745762712,Ashland Inc.,Basic Materials,Specialty Chemicals,3016956416,65.88999938964844,496.0,594.0,2026-06-30,none,NOT_SELECTED,,
2026-07-01T053352Z,2026-07-01T05:33:52.980988+00:00,2026-07-01T07:21:20.090043+00:00,2026-06-30,data/prospective/daily_qvp/snapshots/2026-07-01T053352Z/raw,1081,1043,144e01281e848a2a4c711cb0058eddc75099bb40,d3881a1328862a39dc4af32e15c4826237a09adca2da7038eafb5659ddb68bb4,8bda06ce0251beedd6a5f2cd61a08ef37682841102d3b9d86a1ab602640baf4e,VNT,0.25555041628122105,0.13043478260869565,0.35191296888650175,0.1368421052631579,0.5158279182940494,0.5244487056567594,0.4482647440302715,0.2504798464491363,0.44827552149178246,0.8436578171091446,0.25555041628122105,0.24557522123893805,Vontier Corporation,Technology,Scientific & Technical Instruments,4083200000,29.0,497.0,941.0,2026-06-30,none,NOT_SELECTED,,
2026-07-01T053352Z,2026-07-01T05:33:52.980988+00:00,2026-07-01T07:21:20.090043+00:00,2026-06-30,data/prospective/daily_qvp/snapshots/2026-07-01T053352Z/raw,1081,1043,144e01281e848a2a4c711cb0058eddc75099bb40,d3881a1328862a39dc4af32e15c4826237a09adca2da7038eafb5659ddb68bb4,8bda06ce0251beedd6a5f2cd61a08ef37682841102d3b9d86a1ab602640baf4e,BYD,0.49144310823311754,0.4320074005550416,0.5364193791045422,0.6095693779904306,0.5157828540435508,0.5234899328859061,0.4686823786279013,0.3291746641074856,0.5813956499759667,0.47450980392156855,0.49144310823311754,0.32738095238095233,Boyd Gaming Corporation,Consumer Cyclical,Resorts & Casinos,6565583360,88.33000183105469,498.0,615.0,2026-06-30,none,NOT_SELECTED,,
2026-07-01T053352Z,2026-07-01T05:33:52.980988+00:00,2026-07-01T07:21:20.090043+00:00,2026-06-30,data/prospective/daily_qvp/snapshots/2026-07-01T053352Z/raw,1081,1043,144e01281e848a2a4c711cb0058eddc75099bb40,d3881a1328862a39dc4af32e15c4826237a09adca2da7038eafb5659ddb68bb4,8bda06ce0251beedd6a5f2cd61a08ef37682841102d3b9d86a1ab602640baf4e,CENX,0.5848751156336724,0.6197964847363552,0.5699799306981922,0.6813397129186602,0.5155798408044445,0.5225311601150527,0.5773628467050282,0.8032629558541267,0.5550847457627119,0.4067796610169492,0.5848751156336724,0.7627118644067796,Century Aluminum Company,Basic Materials,Aluminum,4553795584,46.0099983215332,499.0,412.0,2026-06-30,none,NOT_SELECTED,,
2026-07-01T053352Z,2026-07-01T05:33:52.980988+00:00,2026-07-01T07:21:20.090043+00:00,2026-06-30,data/prospective/daily_qvp/snapshots/2026-07-01T053352Z/raw,1081,1043,144e01281e848a2a4c711cb0058eddc75099bb40,d3881a1328862a39dc4af32e15c4826237a09adca2da7038eafb5659ddb68bb4,8bda06ce0251beedd6a5f2cd61a08ef37682841102d3b9d86a1ab602640baf4e,ARMK,0.7802960222016652,0.9703977798334875,0.479191359381849,0.4267942583732057,0.5155102889706153,0.5215723873441994,0.5238549389501838,0.5710172744721689,0.17808669656203285,0.5881481481481482,0.7802960222016652,0.5488888888888889,Aramark,Industrials,Specialty Business Services,14962058240,56.900001525878906,500.0,33.0,2026-06-30,none,NOT_SELECTED,,
2026-07-01T053352Z,2026-07-01T05:33:52.980988+00:00,2026-07-01T07:21:20.090043+00:00,2026-06-30,data/prospective/daily_qvp/snapshots/2026-07-01T053352Z/raw,1081,1043,144e01281e848a2a4c711cb0058eddc75099bb40,d3881a1328862a39dc4af32e15c4826237a09adca2da7038eafb5659ddb68bb4,8bda06ce0251beedd6a5f2cd61a08ef37682841102d3b9d86a1ab602640baf4e,BCRX,0.5166512488436633,0.4801110083256244,0.5069209920569718,0.5244019138755981,0.5153110271408107,0.5206136145733461,0.6067904583109262,0.8944337811900192,0.49719073527028035,0.5320910973084886,0.5166512488436633,0.8812287518212725,"BioCryst Pharmaceuticals, Inc.",Healthcare,Drug Manufacturers - Specialty & Generic,2541626624,10.0,501.0,563.0,2026-06-30,none,NOT_SELECTED,,
2026-07-01T053352Z,2026-07-01T05:33:52.980988+00:00,2026-07-01T07:21:20.090043+00:00,2026-06-30,data/prospective/daily_qvp/snapshots/2026-07-01T053352Z/raw,1081,1043,144e01281e848a2a4c711cb0058eddc75099bb40,d3881a1328862a39dc4af32e15c4826237a09adca2da7038eafb5659ddb68bb4,8bda06ce0251beedd6a5f2cd61a08ef37682841102d3b9d86a1ab602640baf4e,BOX,0.3233117483811285,0.198427382053654,0.4915735021930927,0.4698564593301435,0.5150313023470175,0.5196548418024928,0.45983542366291796,0.30230326295585414,0.6598352560050569,0.5619469026548672,0.3233117483811285,0.2942477876106194,"Box, Inc.",Technology,Software - Infrastructure,3676656384,26.540000915527344,502.0,867.0,2026-06-30,none,NOT_SELECTED,,
2026-07-01T053352Z,2026-07-01T05:33:52.980988+00:00,2026-07-01T07:21:20.090043+00:00,2026-06-30,data/prospective/daily_qvp/snapshots/2026-07-01T053352Z/raw,1081,1043,144e01281e848a2a4c711cb0058eddc75099bb40,d3881a1328862a39dc4af32e15c4826237a09adca2da7038eafb5659ddb68bb4,8bda06ce0251beedd6a5f2cd61a08ef37682841102d3b9d86a1ab602640baf4e,EVRG,0.6828168362627196,0.8057354301572618,0.5572178862786421,0.6488038277511962,0.5146047678769102,0.5186960690316395,0.4850915069421654,0.40786948176583493,0.4316189362945646,0.42937853107344637,0.6828168362627196,0.396551724137931,"Evergy, Inc.",Utilities,Utilities - Regulated Electric,19923240960,86.43000030517578,503.0,211.0,2026-06-30,none,NOT_SELECTED,,
2026-07-01T053352Z,2026-07-01T05:33:52.980988+00:00,2026-07-01T07:21:20.090043+00:00,2026-06-30,data/prospective/daily_qvp/snapshots/2026-07-01T053352Z/raw,1081,1043,144e01281e848a2a4c711cb0058eddc75099bb40,d3881a1328862a39dc4af32e15c4826237a09adca2da7038eafb5659ddb68bb4,8bda06ce0251beedd6a5f2cd61a08ef37682841102d3b9d86a1ab602640baf4e,SJM,0.5700740055504163,0.5874190564292322,0.4460218512600566,0.32344497607655504,0.5145196180117549,0.5177372962607862,0.4654351680542707,0.32341650671785027,0.3219696969696969,0.6515151515151515,0.5700740055504163,0.3181818181818181,The J. M. Smucker Company,Consumer Defensive,Packaged Foods,12024077312,112.5,504.0,447.0,2026-06-30,none,NOT_SELECTED,,
2026-07-01T053352Z,2026-07-01T05:33:52.980988+00:00,2026-07-01T07:21:20.090043+00:00,2026-06-30,data/prospective/daily_qvp/snapshots/2026-07-01T053352Z/raw,1081,1043,144e01281e848a2a4c711cb0058eddc75099bb40,d3881a1328862a39dc4af32e15c4826237a09adca2da7038eafb5659ddb68bb4,8bda06ce0251beedd6a5f2cd61a08ef37682841102d3b9d86a1ab602640baf4e,BBWI,0.31036077705827936,0.1887141535615171,0.4835600688036163,0.4430622009569378,0.513876647176267,0.5167785234899329,0.44344319966791457,0.23128598848368523,0.6567593605489532,0.5745098039215687,0.31036077705827936,0.2321428571428571,"Bath & Body Works, Inc.",Consumer Cyclical,Specialty Retail,4662124544,23.1299991607666,505.0,878.0,2026-06-30,none,NOT_SELECTED,,
2026-07-01T053352Z,2026-07-01T05:33:52.980988+00:00,2026-07-01T07:21:20.090043+00:00,2026-06-30,data/prospective/daily_qvp/snapshots/2026-07-01T053352Z/raw,1081,1043,144e01281e848a2a4c711cb0058eddc75099bb40,d3881a1328862a39dc4af32e15c4826237a09adca2da7038eafb5659ddb68bb4,8bda06ce0251beedd6a5f2cd61a08ef37682841102d3b9d86a1ab602640baf4e,PANW,0.7340425531914894,0.8871415356151712,0.6543948543454285,0.8688995215311005,0.5134510435065885,0.5158197507190796,0.5532298755502953,0.718809980806142,0.5747471554993678,0.23156342182890852,0.7340425531914894,0.6725663716814159,"Palo Alto Networks, Inc.",Technology,Software - Infrastructure,277931294720,341.0199890136719,506.0,123.0,2026-06-30,none,NOT_SELECTED,,
2026-07-01T053352Z,2026-07-01T05:33:52.980988+00:00,2026-07-01T07:21:20.090043+00:00,2026-06-30,data/prospective/daily_qvp/snapshots/2026-07-01T053352Z/raw,1081,1043,144e01281e848a2a4c711cb0058eddc75099bb40,d3881a1328862a39dc4af32e15c4826237a09adca2da7038eafb5659ddb68bb4,8bda06ce0251beedd6a5f2cd61a08ef37682841102d3b9d86a1ab602640baf4e,AVY,0.40772432932469926,0.3209990749306198,0.4895866541622916,0.4660287081339713,0.5133192073500245,0.5148609779482263,0.4876679769410897,0.418426103646833,0.5714489789998839,0.5607843137254902,0.40772432932469926,0.4107142857142857,Avery Dennison Corporation,Consumer Cyclical,Packaging & Containers,12418213888,162.35000610351562,507.0,735.0,2026-06-30,none,NOT_SELECTED,,
2026-07-01T053352Z,2026-07-01T05:33:52.980988+00:00,2026-07-01T07:21:20.090043+00:00,2026-06-30,data/prospective/daily_qvp/snapshots/2026-07-01T053352Z/raw,1081,1043,144e01281e848a2a4c711cb0058eddc75099bb40,d3881a1328862a39dc4af32e15c4826237a09adca2da7038eafb5659ddb68bb4,8bda06ce0251beedd6a5f2cd61a08ef37682841102d3b9d86a1ab602640baf4e,USFD,0.6056891766882516,0.6618871415356151,0.5244354974350349,0.5665071770334928,0.5129233282563531,0.513902205177373,0.5324197689195376,0.6151631477927063,0.4431818181818181,0.4898989898989899,0.6056891766882516,0.5909090909090909,US Foods Holding Corp.,Consumer Defensive,Food Distribution,22517665792,102.25,508.0,367.0,2026-06-30,none,NOT_SELECTED,,
2026-07-01T053352Z,2026-07-01T05:33:52.980988+00:00,2026-07-01T07:21:20.090043+00:00,2026-06-30,data/prospective/daily_qvp/snapshots/2026-07-01T053352Z/raw,1081,1043,144e01281e848a2a4c711cb0058eddc75099bb40,d3881a1328862a39dc4af32e15c4826237a09adca2da7038eafb5659ddb68bb4,8bda06ce0251beedd6a5f2cd61a08ef37682841102d3b9d86a1ab602640baf4e,LAUR,0.547641073080481,0.5356151711378353,0.5844265971463012,0.722488038277512,0.5125133543264903,0.5129434324065196,0.5927183490782011,0.8522072936660269,0.6212121212121212,0.3686868686868687,0.547641073080481,0.8333333333333333,"Laureate Education, Inc.",Consumer Defensive,Education & Training Services,5084011520,36.31999969482422,509.0,503.0,2026-06-30,none,NOT_SELECTED,,
2026-07-01T053352Z,2026-07-01T05:33:52.980988+00:00,2026-07-01T07:21:20.090043+00:00,2026-06-30,data/prospective/daily_qvp/snapshots/2026-07-01T053352Z/raw,1081,1043,144e01281e848a2a4c711cb0058eddc75099bb40,d3881a1328862a39dc4af32e15c4826237a09adca2da7038eafb5659ddb68bb4,8bda06ce0251beedd6a5f2cd61a08ef37682841102d3b9d86a1ab602640baf4e,BRKR,0.6207215541165586,0.6891766882516188,0.5004040752654201,0.5004784688995215,0.5123466781962703,0.5119846596356663,0.40852542875405073,0.1238003838771593,0.38008659641428155,0.5362318840579711,0.6207215541165586,0.09706168042739191,Bruker Corporation,Healthcare,Medical Devices,9160938496,60.18000030517578,510.0,337.0,2026-06-30,none,NOT_SELECTED,,
2026-07-01T053352Z,2026-07-01T05:33:52.980988+00:00,2026-07-01T07:21:20.090043+00:00,2026-06-30,data/prospective/daily_qvp/snapshots/2026-07-01T053352Z/raw,1081,1043,144e01281e848a2a4c711cb0058eddc75099bb40,d3881a1328862a39dc4af32e15c4826237a09adca2da7038eafb5659ddb68bb4,8bda06ce0251beedd6a5f2cd61a08ef37682841102d3b9d86a1ab602640baf4e,WWD,0.6676688251618871,0.7784458834412581,0.6633660518435245,0.8842105263157894,0.5118736641919793,0.5110258868648131,0.5377941370328734,0.6391554702495201,0.659063278525162,0.20888888888888882,0.6676688251618871,0.6155555555555555,"Woodward, Inc.",Industrials,Aerospace & Defense,25348931584,425.44000244140625,511.0,241.0,2026-06-30,none,NOT_SELECTED,,
2026-07-01T053352Z,2026-07-01T05:33:52.980988+00:00,2026-07-01T07:21:20.090043+00:00,2026-06-30,data/prospective/daily_qvp/snapshots/2026-07-01T053352Z/raw,1081,1043,144e01281e848a2a4c711cb0058eddc75099bb40,d3881a1328862a39dc4af32e15c4826237a09adca2da7038eafb5659ddb68bb4,8bda06ce0251beedd6a5f2cd61a08ef37682841102d3b9d86a1ab602640baf4e,MMSI,0.2601757631822387,0.1341350601295097,0.40175491195733787,0.20861244019138755,0.5114528950661065,0.5100671140939598,0.5027676703282346,0.4712092130518234,0.5433340607324371,0.7308488612836439,0.2601757631822387,0.47671199611461873,"Merit Medical Systems, Inc.",Healthcare,Medical Instruments & Supplies,4136467456,69.33999633789062,512.0,937.0,2026-06-30,none,NOT_SELECTED,,
2026-07-01T053352Z,2026-07-01T05:33:52.980988+00:00,2026-07-01T07:21:20.090043+00:00,2026-06-30,data/prospective/daily_qvp/snapshots/2026-07-01T053352Z/raw,1081,1043,144e01281e848a2a4c711cb0058eddc75099bb40,d3881a1328862a39dc4af32e15c4826237a09adca2da7038eafb5659ddb68bb4,8bda06ce0251beedd6a5f2cd61a08ef37682841102d3b9d86a1ab602640baf4e,ATO,0.5438251618871415,0.5291396854764108,0.5976723705402978,0.75311004784689,0.511442597309351,0.5091083413231065,0.5559957410854616,0.7284069097888676,0.651519579193454,0.3389830508474576,0.5438251618871415,0.6896551724137931,Atmos Energy Corporation,Utilities,Utilities - Regulated Gas,28755277824,172.27000427246094,513.0,510.0,2026-06-30,none,NOT_SELECTED,,
2026-07-01T053352Z,2026-07-01T05:33:52.980988+00:00,2026-07-01T07:21:20.090043+00:00,2026-06-30,data/prospective/daily_qvp/snapshots/2026-07-01T053352Z/raw,1081,1043,144e01281e848a2a4c711cb0058eddc75099bb40,d3881a1328862a39dc4af32e15c4826237a09adca2da7038eafb5659ddb68bb4,8bda06ce0251beedd6a5f2cd61a08ef37682841102d3b9d86a1ab602640baf4e,CNM,0.26873265494912113,0.13922294172062905,0.40637928213325514,0.22296650717703348,0.5114133485826639,0.5081495685522531,0.4802266781036646,0.3848368522072937,0.5440259093173891,0.7214814814814815,0.26873265494912113,0.38666666666666666,"Core & Main, Inc.",Industrials,Industrial Distribution,9338306560,48.25,514.0,931.0,2026-06-30,none,NOT_SELECTED,,
2026-07-01T053352Z,2026-07-01T05:33:52.980988+00:00,2026-07-01T07:21:20.090043+00:00,2026-06-30,data/prospective/daily_qvp/snapshots/2026-07-01T053352Z/raw,1081,1043,144e01281e848a2a4c711cb0058eddc75099bb40,d3881a1328862a39dc4af32e15c4826237a09adca2da7038eafb5659ddb68bb4,8bda06ce0251beedd6a5f2cd61a08ef37682841102d3b9d86a1ab602640baf4e,TMUS,0.3614708603145236,0.2543940795559667,0.4482166120469371,0.32727272727272727,0.511371461171388,0.5071907957813998,0.47519526254520766,0.35892514395393477,0.5349623637793506,0.6376811594202899,0.3614708603145236,0.36666666666666664,"T-Mobile US, Inc.",Communication Services,Telecom Services,181518188544,167.72999572753906,515.0,807.0,2026-06-30,none,NOT_SELECTED,,
2026-07-01T053352Z,2026-07-01T05:33:52.980988+00:00,2026-07-01T07:21:20.090043+00:00,2026-06-30,data/prospective/daily_qvp/snapshots/2026-07-01T053352Z/raw,1081,1043,144e01281e848a2a4c711cb0058eddc75099bb40,d3881a1328862a39dc4af32e15c4826237a09adca2da7038eafb5659ddb68bb4,8bda06ce0251beedd6a5f2cd61a08ef37682841102d3b9d86a1ab602640baf4e,AMGN,0.5904255319148937,0.6299722479185939,0.5672397840446894,0.6755980861244019,0.5113551631381436,0.5062320230105465,0.5178412873608927,0.5479846449136276,0.5440540361744853,0.3995859213250517,0.5904255319148937,0.5372996600291403,Amgen Inc.,Healthcare,Drug Manufacturers - General,195439165440,362.1199951171875,516.0,401.0,2026-06-30,none,NOT_SELECTED,,
2026-07-01T053352Z,2026-07-01T05:33:52.980988+00:00,2026-07-01T07:21:20.090043+00:00,2026-06-30,data/prospective/daily_qvp/snapshots/2026-07-01T053352Z/raw,1081,1043,144e01281e848a2a4c711cb0058eddc75099bb40,d3881a1328862a39dc4af32e15c4826237a09adca2da7038eafb5659ddb68bb4,8bda06ce0251beedd6a5f2cd61a08ef37682841102d3b9d86a1ab602640baf4e,NEE,0.6038390379278445,0.654486586493987,0.5861100508166399,0.724401913875598,0.511267340845745,0.5052732502396932,0.5386229194274121,0.6468330134357005,0.5683810637054354,0.3615819209039548,0.6038390379278445,0.6206896551724138,"NextEra Energy, Inc.",Utilities,Utilities - Regulated Electric,183053582336,87.7699966430664,517.0,375.0,2026-06-30,none,NOT_SELECTED,,
2026-07-01T053352Z,2026-07-01T05:33:52.980988+00:00,2026-07-01T07:21:20.090043+00:00,2026-06-30,data/prospective/daily_qvp/snapshots/2026-07-01T053352Z/raw,1081,1043,144e01281e848a2a4c711cb0058eddc75099bb40,d3881a1328862a39dc4af32e15c4826237a09adca2da7038eafb5659ddb68bb4,8bda06ce0251beedd6a5f2cd61a08ef37682841102d3b9d86a1ab602640baf4e,MUR,0.5145698427382054,0.47409805735430155,0.45656028368794327,0.35119617224880384,0.5106128571859583,0.5043144774688398,0.4137567443387441,0.1401151631477927,0.39855072463768115,0.6187180041819885,0.5145698427382054,0.1231884057971014,Murphy Oil Corporation,Energy,Oil & Gas E&P,4667462144,32.560001373291016,518.0,570.0,2026-06-30,none,NOT_SELECTED,,
2026-07-01T053352Z,2026-07-01T05:33:52.980988+00:00,2026-07-01T07:21:20.090043+00:00,2026-06-30,data/prospective/daily_qvp/snapshots/2026-07-01T053352Z/raw,1081,1043,144e01281e848a2a4c711cb0058eddc75099bb40,d3881a1328862a39dc4af32e15c4826237a09adca2da7038eafb5659ddb68bb4,8bda06ce0251beedd6a5f2cd61a08ef37682841102d3b9d86a1ab602640baf4e,ITW,0.5282146160962071,0.5004625346901017,0.6198609204048549,0.8047846889952153,0.5105245642205206,0.5033557046979866,0.45733786760983486,0.28982725527831094,0.7115072247135027,0.2918518518518518,0.5282146160962071,0.29777777777777775,Illinois Tool Works Inc.,Industrials,Specialty Industrial Machinery,77814218752,270.4700012207031,519.0,541.0,2026-06-30,none,NOT_SELECTED,,
2026-07-01T053352Z,2026-07-01T05:33:52.980988+00:00,2026-07-01T07:21:20.090043+00:00,2026-06-30,data/prospective/daily_qvp/snapshots/2026-07-01T053352Z/raw,1081,1043,144e01281e848a2a4c711cb0058eddc75099bb40,d3881a1328862a39dc4af32e15c4826237a09adca2da7038eafb5659ddb68bb4,8bda06ce0251beedd6a5f2cd61a08ef37682841102d3b9d86a1ab602640baf4e,EXLS,0.18015726179463454,0.06799259944495838,0.3879906884194412,0.1923444976076555,0.5103812062422627,0.5023969319271333,0.49727705512417486,0.4491362763915547,0.5958241150442478,0.7551622418879056,0.18015726179463454,0.45796460176991144,"ExlService Holdings, Inc.",Technology,Information Technology Services,3950966528,25.86000061035156,520.0,1009.0,2026-06-30,none,NOT_SELECTED,,
2026-07-01T053352Z,2026-07-01T05:33:52.980988+00:00,2026-07-01T07:21:20.090043+00:00,2026-06-30,data/prospective/daily_qvp/snapshots/2026-07-01T053352Z/raw,1081,1043,144e01281e848a2a4c711cb0058eddc75099bb40,d3881a1328862a39dc4af32e15c4826237a09adca2da7038eafb5659ddb68bb4,8bda06ce0251beedd6a5f2cd61a08ef37682841102d3b9d86a1ab602640baf4e,VRSN,0.5122571692876966,0.4671600370027752,0.6289334795553527,0.8220095693779904,0.5099969509720051,0.50143815915628,0.44610390791926935,0.2418426103646833,0.7456097898230089,0.2721238938053097,0.5122571692876966,0.25442477876106195,"VeriSign, Inc.",Technology,Software - Infrastructure,22891960320,251.55999755859375,521.0,577.0,2026-06-30,none,NOT_SELECTED,,
2026-07-01T053352Z,2026-07-01T05:33:52.980988+00:00,2026-07-01T07:21:20.090043+00:00,2026-06-30,data/prospective/daily_qvp/snapshots/2026-07-01T053352Z/raw,1081,1043,144e01281e848a2a4c711cb0058eddc75099bb40,d3881a1328862a39dc4af32e15c4826237a09adca2da7038eafb5659ddb68bb4,8bda06ce0251beedd6a5f2cd61a08ef37682841102d3b9d86a1ab602640baf4e,HAE,0.3270120259019426,0.2053654024051804,0.42221354148679324,0.26220095693779905,0.5099090966709747,0.5004793863854267,0.4720384276513612,0.3493282149712092,0.5174150570716439,0.6853002070393375,0.3270120259019426,0.35842642059252067,Haemonetics Corporation,Healthcare,Medical Devices,3408448768,75.0,522.0,860.0,2026-06-30,none,NOT_SELECTED,,
2026-07-01T053352Z,2026-07-01T05:33:52.980988+00:00,2026-07-01T07:21:20.090043+00:00,2026-06-30,data/prospective/daily_qvp/snapshots/2026-07-01T053352Z/raw,1081,1043,144e01281e848a2a4c711cb0058eddc75099bb40,d3881a1328862a39dc4af32e15c4826237a09adca2da7038eafb5659ddb68bb4,8bda06ce0251beedd6a5f2cd61a08ef37682841102d3b9d86a1ab602640baf4e,IDCC,0.2444495837187789,0.11563367252543941,0.4975309707468737,0.49186602870813395,0.509661748442852,0.49952061361457334,0.47903834673036905,0.3771593090211132,0.7506123577749685,0.5339233038348082,0.2444495837187789,0.38716814159292035,"InterDigital, Inc.",Technology,Software - Application,7317502976,283.1300048828125,523.0,957.0,2026-06-30,none,NOT_SELECTED,,
2026-07-01T053352Z,2026-07-01T05:33:52.980988+00:00,2026-07-01T07:21:20.090043+00:00,2026-06-30,data/prospective/daily_qvp/snapshots/2026-07-01T053352Z/raw,1081,1043,144e01281e848a2a4c711cb0058eddc75099bb40,d3881a1328862a39dc4af32e15c4826237a09adca2da7038eafb5659ddb68bb4,8bda06ce0251beedd6a5f2cd61a08ef37682841102d3b9d86a1ab602640baf4e,KBR,0.2916281221091581,0.16604995374653098,0.3267034481995716,0.09665071770334928,0.5096541506515663,0.49856184084372,0.48001839076645253,0.3838771593090211,0.36177877428998506,0.8755555555555556,0.2916281221091581,0.39111111111111113,"KBR, Inc.",Industrials,Engineering & Construction,4378057216,34.529998779296875,524.0,903.0,2026-06-30,none,NOT_SELECTED,,
2026-07-01T053352Z,2026-07-01T05:33:52.980988+00:00,2026-07-01T07:21:20.090043+00:00,2026-06-30,data/prospective/daily_qvp/snapshots/2026-07-01T053352Z/raw,1081,1043,144e01281e848a2a4c711cb0058eddc75099bb40,d3881a1328862a39dc4af32e15c4826237a09adca2da7038eafb5659ddb68bb4,8bda06ce0251beedd6a5f2cd61a08ef37682841102d3b9d86a1ab602640baf4e,ACHC,0.5617483811285846,0.5684551341350601,0.4598277917810544,0.36363636363636365,0.5094504119120072,0.49760306807286675,0.41667984390243673,0.15355086372360843,0.35790720243352414,0.6086956521739131,0.5617483811285846,0.13836813987372504,"Acadia Healthcare Company, Inc.",Healthcare,Medical Care Facilities,2715786240,29.530000686645508,525.0,468.0,2026-06-30,none,NOT_SELECTED,,
2026-07-01T053352Z,2026-07-01T05:33:52.980988+00:00,2026-07-01T07:21:20.090043+00:00,2026-06-30,data/prospective/daily_qvp/snapshots/2026-07-01T053352Z/raw,1081,1043,144e01281e848a2a4c711cb0058eddc75099bb40,d3881a1328862a39dc4af32e15c4826237a09adca2da7038eafb5659ddb68bb4,8bda06ce0251beedd6a5f2cd61a08ef37682841102d3b9d86a1ab602640baf4e,DY,0.734736355226642,0.8880666049953746,0.552916259327322,0.6382775119617224,0.5093515802922887,0.4966442953020134,0.5609025741081054,0.7476007677543186,0.37109616342800195,0.4222222222222222,0.734736355226642,0.7155555555555555,"Dycom Industries, Inc.",Industrials,Engineering & Construction,15177103360,505.5899963378906,526.0,122.0,2026-06-30,none,NOT_SELECTED,,
2026-07-01T053352Z,2026-07-01T05:33:52.980988+00:00,2026-07-01T07:21:20.090043+00:00,2026-06-30,data/prospective/daily_qvp/snapshots/2026-07-01T053352Z/raw,1081,1043,144e01281e848a2a4c711cb0058eddc75099bb40,d3881a1328862a39dc4af32e15c4826237a09adca2da7038eafb5659ddb68bb4,8bda06ce0251beedd6a5f2cd61a08ef37682841102d3b9d86a1ab602640baf4e,WEC,0.592391304347826,0.633672525439408,0.5627429929103245,0.6641148325358852,0.5088719764411579,0.4956855225311601,0.519585016813627,0.5518234165067178,0.5330946814728228,0.4011299435028249,0.592391304347826,0.5517241379310345,"WEC Energy Group, Inc.",Utilities,Utilities - Regulated Electric,38034984960,116.7699966430664,527.0,397.0,2026-06-30,none,NOT_SELECTED,,
2026-07-01T053352Z,2026-07-01T05:33:52.980988+00:00,2026-07-01T07:21:20.090043+00:00,2026-06-30,data/prospective/daily_qvp/snapshots/2026-07-01T053352Z/raw,1081,1043,144e01281e848a2a4c711cb0058eddc75099bb40,d3881a1328862a39dc4af32e15c4826237a09adca2da7038eafb5659ddb68bb4,8bda06ce0251beedd6a5f2cd61a08ef37682841102d3b9d86a1ab602640baf4e,AMRX,0.681313598519889,0.7992599444958371,0.5425021479243365,0.6200956937799043,0.5086660282228496,0.4947267497603068,0.4825558591953062,0.3944337811900192,0.40369069732878393,0.4409937888198758,0.681313598519889,0.4042253521126761,"Amneal Pharmaceuticals, Inc.",Healthcare,Drug Manufacturers - Specialty & Generic,5527625728,17.309999465942383,528.0,218.0,2026-06-30,none,NOT_SELECTED,,
2026-07-01T053352Z,2026-07-01T05:33:52.980988+00:00,2026-07-01T07:21:20.090043+00:00,2026-06-30,data/prospective/daily_qvp/snapshots/2026-07-01T053352Z/raw,1081,1043,144e01281e848a2a4c711cb0058eddc75099bb40,d3881a1328862a39dc4af32e15c4826237a09adca2da7038eafb5659ddb68bb4,8bda06ce0251beedd6a5f2cd61a08ef37682841102d3b9d86a1ab602640baf4e,AWI,0.37395929694727104,0.2719703977798335,0.5706692349210696,0.6842105263157895,0.5083473911819475,0.4937679769894535,0.5612605433864607,0.7504798464491362,0.767379172894868,0.38370370370370366,0.37395929694727104,0.72,"Armstrong World Industries, Inc.",Industrials,Building Products & Equipment,6846538752,160.4199981689453,529.0,788.0,2026-06-30,none,NOT_SELECTED,,
2026-07-01T053352Z,2026-07-01T05:33:52.980988+00:00,2026-07-01T07:21:20.090043+00:00,2026-06-30,data/prospective/daily_qvp/snapshots/2026-07-01T053352Z/raw,1081,1043,144e01281e848a2a4c711cb0058eddc75099bb40,d3881a1328862a39dc4af32e15c4826237a09adca2da7038eafb5659ddb68bb4,8bda06ce0251beedd6a5f2cd61a08ef37682841102d3b9d86a1ab602640baf4e,HWM,0.6949583718778908,0.8196114708603145,0.6981667793619648,0.9311004784688995,0.5079136553771123,0.4928092042186002,0.5881574637550565,0.8416506717850288,0.7013751868460388,0.12740740740740739,0.6949583718778908,0.828888888888889,Howmet Aerospace Inc.,Industrials,Aerospace & Defense,107572895744,268.8599853515625,530.0,196.0,2026-06-30,none,NOT_SELECTED,,
2026-07-01T053352Z,2026-07-01T05:33:52.980988+00:00,2026-07-01T07:21:20.090043+00:00,2026-06-30,data/prospective/daily_qvp/snapshots/2026-07-01T053352Z/raw,1081,1043,144e01281e848a2a4c711cb0058eddc75099bb40,d3881a1328862a39dc4af32e15c4826237a09adca2da7038eafb5659ddb68bb4,8bda06ce0251beedd6a5f2cd61a08ef37682841102d3b9d86a1ab602640baf4e,CR,0.5159574468085106,0.4782608695652174,0.5892766805542304,0.7349282296650718,0.5079128487645487,0.49185043144774687,0.5653790810178558,0.763915547024952,0.6625959142999501,0.3451851851851851,0.5159574468085106,0.7377777777777778,Crane Company,Industrials,Specialty Industrial Machinery,12881331200,223.07000732421875,531.0,565.0,2026-06-30,none,NOT_SELECTED,,
2026-07-01T053352Z,2026-07-01T05:33:52.980988+00:00,2026-07-01T07:21:20.090043+00:00,2026-06-30,data/prospective/daily_qvp/snapshots/2026-07-01T053352Z/raw,1081,1043,144e01281e848a2a4c711cb0058eddc75099bb40,d3881a1328862a39dc4af32e15c4826237a09adca2da7038eafb5659ddb68bb4,8bda06ce0251beedd6a5f2cd61a08ef37682841102d3b9d86a1ab602640baf4e,USLM,0.32608695652173914,0.20351526364477335,0.6174926308032425,0.8,0.5077069516089413,0.49089165867689355,0.5884073323507738,0.8435700575815739,0.9088983050847458,0.28813559322033894,0.32608695652173914,0.8305084745762712,"United States Lime & Minerals, Inc.",Basic Materials,Building Materials,3002150656,104.66999816894533,532.0,862.0,2026-06-30,none,NOT_SELECTED,,
2026-07-01T053352Z,2026-07-01T05:33:52.980988+00:00,2026-07-01T07:21:20.090043+00:00,2026-06-30,data/prospective/daily_qvp/snapshots/2026-07-01T053352Z/raw,1081,1043,144e01281e848a2a4c711cb0058eddc75099bb40,d3881a1328862a39dc4af32e15c4826237a09adca2da7038eafb5659ddb68bb4,8bda06ce0251beedd6a5f2cd61a08ef37682841102d3b9d86a1ab602640baf4e,LDOS,0.24179000925069377,0.11100832562442182,0.3057776689742723,0.07942583732057416,0.5071949454912061,0.4899328859060403,0.4617015188529179,0.31285988483685223,0.36976532869785084,0.9100294985250738,0.24179000925069377,0.32522123893805305,"Leidos Holdings, Inc.",Technology,Information Technology Services,12952129536,102.97000122070312,533.0,962.0,2026-06-30,none,NOT_SELECTED,,
2026-07-01T053352Z,2026-07-01T05:33:52.980988+00:00,2026-07-01T07:21:20.090043+00:00,2026-06-30,data/prospective/daily_qvp/snapshots/2026-07-01T053352Z/raw,1081,1043,144e01281e848a2a4c711cb0058eddc75099bb40,d3881a1328862a39dc4af32e15c4826237a09adca2da7038eafb5659ddb68bb4,8bda06ce0251beedd6a5f2cd61a08ef37682841102d3b9d86a1ab602640baf4e,AMD,0.7622571692876965,0.9444958371877891,0.6739985672607889,0.9043062200956937,0.5068545020676645,0.48897411313518696,0.5693001685861465,0.7783109404990403,0.5857399652338812,0.1725663716814159,0.7622571692876965,0.7566371681415929,"Advanced Micro Devices, Inc.",Technology,Semiconductors,947232112640,580.9099731445312,534.0,61.0,2026-06-30,none,NOT_SELECTED,,
2026-07-01T053352Z,2026-07-01T05:33:52.980988+00:00,2026-07-01T07:21:20.090043+00:00,2026-06-30,data/prospective/daily_qvp/snapshots/2026-07-01T053352Z/raw,1081,1043,144e01281e848a2a4c711cb0058eddc75099bb40,d3881a1328862a39dc4af32e15c4826237a09adca2da7038eafb5659ddb68bb4,8bda06ce0251beedd6a5f2cd61a08ef37682841102d3b9d86a1ab602640baf4e,URBN,0.3508325624421832,0.2432932469935245,0.4736165820514829,0.4172248803827751,0.5065940612369363,0.48801534036433364,0.5793503078324642,0.8128598848368522,0.5964006016607826,0.5725490196078432,0.3508325624421832,0.7976190476190477,"Urban Outfitters, Inc.",Consumer Cyclical,Apparel Retail,6068101632,70.86000061035156,535.0,819.0,2026-06-30,none,NOT_SELECTED,,
2026-07-01T053352Z,2026-07-01T05:33:52.980988+00:00,2026-07-01T07:21:20.090043+00:00,2026-06-30,data/prospective/daily_qvp/snapshots/2026-07-01T053352Z/raw,1081,1043,144e01281e848a2a4c711cb0058eddc75099bb40,d3881a1328862a39dc4af32e15c4826237a09adca2da7038eafb5659ddb68bb4,8bda06ce0251beedd6a5f2cd61a08ef37682841102d3b9d86a1ab602640baf4e,UNP,0.6530989824236817,0.7460684551341351,0.6024239306737242,0.7655502392344498,0.5063073118071741,0.48705656759348037,0.47750826163315835,0.3694817658349328,0.5517488789237667,0.314074074074074,0.6530989824236817,0.3911111111111111,Union Pacific Corporation,Industrials,Railroads,161489993728,272.0,536.0,275.0,2026-06-30,none,NOT_SELECTED,,
2026-07-01T053352Z,2026-07-01T05:33:52.980988+00:00,2026-07-01T07:21:20.090043+00:00,2026-06-30,data/prospective/daily_qvp/snapshots/2026-07-01T053352Z/raw,1081,1043,144e01281e848a2a4c711cb0058eddc75099bb40,d3881a1328862a39dc4af32e15c4826237a09adca2da7038eafb5659ddb68bb4,8bda06ce0251beedd6a5f2cd61a08ef37682841102d3b9d86a1ab602640baf4e,VFC,0.39222941720629045,0.30064754856614245,0.41225440412632486,0.23636363636363636,0.5062088184371577,0.48609779482262705,0.5232578043040588,0.5681381957773513,0.4322793910463593,0.6941176470588236,0.39222941720629045,0.5744047619047619,V.F. Corporation,Consumer Cyclical,Apparel Manufacturing,6544348672,16.68000030517578,537.0,757.0,2026-06-30,none,NOT_SELECTED,,
2026-07-01T053352Z,2026-07-01T05:33:52.980988+00:00,2026-07-01T07:21:20.090043+00:00,2026-06-30,data/prospective/daily_qvp/snapshots/2026-07-01T053352Z/raw,1081,1043,144e01281e848a2a4c711cb0058eddc75099bb40,d3881a1328862a39dc4af32e15c4826237a09adca2da7038eafb5659ddb68bb4,8bda06ce0251beedd6a5f2cd61a08ef37682841102d3b9d86a1ab602640baf4e,MAT,0.1699814986123959,0.06475485661424607,0.3649387566156306,0.15598086124401914,0.5060376024496361,0.4851390220517737,0.42417105898008417,0.1785028790786948,0.5598960146188653,0.788235294117647,0.1699814986123959,0.1785714285714285,"Mattel, Inc.",Consumer Cyclical,Leisure,4033097728,13.880000114440918,538.0,1012.0,2026-06-30,none,NOT_SELECTED,,
2026-07-01T053352Z,2026-07-01T05:33:52.980988+00:00,2026-07-01T07:21:20.090043+00:00,2026-06-30,data/prospective/daily_qvp/snapshots/2026-07-01T053352Z/raw,1081,1043,144e01281e848a2a4c711cb0058eddc75099bb40,d3881a1328862a39dc4af32e15c4826237a09adca2da7038eafb5659ddb68bb4,8bda06ce0251beedd6a5f2cd61a08ef37682841102d3b9d86a1ab602640baf4e,SITE,0.25323774283071226,0.1267345050878816,0.38600352512736413,0.1875598086124402,0.5057307451466377,0.4841802492809204,0.5142980588599784,0.5249520153550864,0.518769307424016,0.7451851851851852,0.25323774283071226,0.54,"SiteOne Landscape Supply, Inc.",Industrials,Industrial Distribution,5069304320,114.41000366210938,539.0,945.0,2026-06-30,none,NOT_SELECTED,,
2026-07-01T053352Z,2026-07-01T05:33:52.980988+00:00,2026-07-01T07:21:20.090043+00:00,2026-06-30,data/prospective/daily_qvp/snapshots/2026-07-01T053352Z/raw,1081,1043,144e01281e848a2a4c711cb0058eddc75099bb40,d3881a1328862a39dc4af32e15c4826237a09adca2da7038eafb5659ddb68bb4,8bda06ce0251beedd6a5f2cd61a08ef37682841102d3b9d86a1ab602640baf4e,SOLV,0.44912118408880664,0.3700277520814061,0.46230843719939396,0.37320574162679426,0.5055831265249239,0.48322147651006714,0.39824392575819023,0.10268714011516315,0.4754956903099813,0.5921325051759835,0.44912118408880664,0.0762263234579893,Solventum Corporation,Healthcare,Medical Instruments & Supplies,13360430080,77.1500015258789,540.0,682.0,2026-06-30,none,NOT_SELECTED,,
2026-07-01T053352Z,2026-07-01T05:33:52.980988+00:00,2026-07-01T07:21:20.090043+00:00,2026-06-30,data/prospective/daily_qvp/snapshots/2026-07-01T053352Z/raw,1081,1043,144e01281e848a2a4c711cb0058eddc75099bb40,d3881a1328862a39dc4af32e15c4826237a09adca2da7038eafb5659ddb68bb4,8bda06ce0251beedd6a5f2cd61a08ef37682841102d3b9d86a1ab602640baf4e,MTZ,0.7853839037927844,0.9750231267345051,0.5809480555336617,0.7119617224880382,0.5053233950471325,0.4822627037392138,0.5723258796186828,0.7927063339731286,0.37651220727453905,0.35407407407407404,0.7853839037927844,0.7733333333333333,"MasTec, Inc.",Industrials,Engineering & Construction,32876462080,416.05999755859375,541.0,28.0,2026-06-30,none,NOT_SELECTED,,
2026-07-01T053352Z,2026-07-01T05:33:52.980988+00:00,2026-07-01T07:21:20.090043+00:00,2026-06-30,data/prospective/daily_qvp/snapshots/2026-07-01T053352Z/raw,1081,1043,144e01281e848a2a4c711cb0058eddc75099bb40,d3881a1328862a39dc4af32e15c4826237a09adca2da7038eafb5659ddb68bb4,8bda06ce0251beedd6a5f2cd61a08ef37682841102d3b9d86a1ab602640baf4e,ATI,0.7553191489361702,0.9296947271045328,0.648713386127278,0.8555023923444977,0.5050681833441112,0.4813039309683605,0.5382455819525278,0.6449136276391555,0.5421076233183857,0.21777777777777774,0.7553191489361702,0.6377777777777778,ATI Inc.,Industrials,Metal Fabrication,26898323456,197.1000061035156,542.0,77.0,2026-06-30,none,NOT_SELECTED,,
2026-07-01T053352Z,2026-07-01T05:33:52.980988+00:00,2026-07-01T07:21:20.090043+00:00,2026-06-30,data/prospective/daily_qvp/snapshots/2026-07-01T053352Z/raw,1081,1043,144e01281e848a2a4c711cb0058eddc75099bb40,d3881a1328862a39dc4af32e15c4826237a09adca2da7038eafb5659ddb68bb4,8bda06ce0251beedd6a5f2cd61a08ef37682841102d3b9d86a1ab602640baf4e,CNR,0.3737280296022202,0.27104532839962997,0.3761756090040086,0.16937799043062202,0.5046833235405868,0.48034515819750717,0.5007951013510922,0.46449136276391556,0.37862318840579706,0.7616987526137429,0.3737280296022202,0.4891304347826087,"Core Natural Resources, Inc.",Energy,Thermal Coal,4033616640,80.0199966430664,543.0,789.0,2026-06-30,none,NOT_SELECTED,,
2026-07-01T053352Z,2026-07-01T05:33:52.980988+00:00,2026-07-01T07:21:20.090043+00:00,2026-06-30,data/prospective/daily_qvp/snapshots/2026-07-01T053352Z/raw,1081,1043,144e01281e848a2a4c711cb0058eddc75099bb40,d3881a1328862a39dc4af32e15c4826237a09adca2da7038eafb5659ddb68bb4,8bda06ce0251beedd6a5f2cd61a08ef37682841102d3b9d86a1ab602640baf4e,SMG,0.4854301572617946,0.42183163737280294,0.4927150786308973,0.47368421052631576,0.5045595816108054,0.4793863854266539,0.5140129065470871,0.5220729366602687,0.5,0.5282485875706214,0.4854301572617946,0.5423728813559322,The Scotts Miracle-Gro Company,Basic Materials,Agricultural Inputs,3962771712,68.11000061035156,544.0,626.0,2026-06-30,none,NOT_SELECTED,,
2026-07-01T053352Z,2026-07-01T05:33:52.980988+00:00,2026-07-01T07:21:20.090043+00:00,2026-06-30,data/prospective/daily_qvp/snapshots/2026-07-01T053352Z/raw,1081,1043,144e01281e848a2a4c711cb0058eddc75099bb40,d3881a1328862a39dc4af32e15c4826237a09adca2da7038eafb5659ddb68bb4,8bda06ce0251beedd6a5f2cd61a08ef37682841102d3b9d86a1ab602640baf4e,ZBRA,0.3404255319148936,0.22664199814986125,0.3873331041369664,0.18851674641148325,0.504534753790426,0.4784276126558006,0.44864442817467787,0.2523992322456814,0.4342406763590392,0.7389380530973452,0.3404255319148936,0.28097345132743357,Zebra Technologies Corporation,Technology,Communication Equipment,12539967488,263.260009765625,545.0,837.0,2026-06-30,none,NOT_SELECTED,,
2026-07-01T053352Z,2026-07-01T05:33:52.980988+00:00,2026-07-01T07:21:20.090043+00:00,2026-06-30,data/prospective/daily_qvp/snapshots/2026-07-01T053352Z/raw,1081,1043,144e01281e848a2a4c711cb0058eddc75099bb40,d3881a1328862a39dc4af32e15c4826237a09adca2da7038eafb5659ddb68bb4,8bda06ce0251beedd6a5f2cd61a08ef37682841102d3b9d86a1ab602640baf4e,KMI,0.6329787234042552,0.7123034227567068,0.5719241443108233,0.6909090909090909,0.5041947728721997,0.47746883988494726,0.5248852100889324,0.5758157389635317,0.5108695652173914,0.36873602999495275,0.6329787234042552,0.5869565217391304,"Kinder Morgan, Inc.",Energy,Oil & Gas Midstream,71127678976,31.969999313354492,546.0,312.0,2026-06-30,none,NOT_SELECTED,,
2026-07-01T053352Z,2026-07-01T05:33:52.980988+00:00,2026-07-01T07:21:20.090043+00:00,2026-06-30,data/prospective/daily_qvp/snapshots/2026-07-01T053352Z/raw,1081,1043,144e01281e848a2a4c711cb0058eddc75099bb40,d3881a1328862a39dc4af32e15c4826237a09adca2da7038eafb5659ddb68bb4,8bda06ce0251beedd6a5f2cd61a08ef37682841102d3b9d86a1ab602640baf4e,LLY,0.5962072155411656,0.6401480111008325,0.6454574128985668,0.8526315789473684,0.5041489722981475,0.47651006711409394,0.5739713698258446,0.7955854126679462,0.6947076102559682,0.22153209109730845,0.5962072155411656,0.7834385624089364,Eli Lilly and Company,Healthcare,Drug Manufacturers - General,1069581402112,1199.4300537109375,547.0,390.0,2026-06-30,none,NOT_SELECTED,,
2026-07-01T053352Z,2026-07-01T05:33:52.980988+00:00,2026-07-01T07:21:20.090043+00:00,2026-06-30,data/prospective/daily_qvp/snapshots/2026-07-01T053352Z/raw,1081,1043,144e01281e848a2a4c711cb0058eddc75099bb40,d3881a1328862a39dc4af32e15c4826237a09adca2da7038eafb5659ddb68bb4,8bda06ce0251beedd6a5f2cd61a08ef37682841102d3b9d86a1ab602640baf4e,SYNA,0.727104532839963,0.8709528214616096,0.4822360922733317,0.43923444976076553,0.5033982994703234,0.47555129434324067,0.5064204060186718,0.4875239923224568,0.23736765170670035,0.5457227138643068,0.727104532839963,0.5154867256637168,Synaptics Incorporated,Technology,Semiconductors,4852756480,124.2300033569336,548.0,140.0,2026-06-30,none,NOT_SELECTED,,
2026-07-01T053352Z,2026-07-01T05:33:52.980988+00:00,2026-07-01T07:21:20.090043+00:00,2026-06-30,data/prospective/daily_qvp/snapshots/2026-07-01T053352Z/raw,1081,1043,144e01281e848a2a4c711cb0058eddc75099bb40,d3881a1328862a39dc4af32e15c4826237a09adca2da7038eafb5659ddb68bb4,8bda06ce0251beedd6a5f2cd61a08ef37682841102d3b9d86a1ab602640baf4e,RTX,0.5626734505087881,0.5721554116558741,0.49535017816919225,0.4851674641148325,0.5030729582856344,0.47459252157238735,0.5750824964920035,0.7965451055662188,0.4280269058295964,0.5185185185185185,0.5626734505087881,0.7911111111111111,RTX Corporation,Industrials,Aerospace & Defense,255506235392,189.72999572753903,549.0,464.0,2026-06-30,none,NOT_SELECTED,,
2026-07-01T053352Z,2026-07-01T05:33:52.980988+00:00,2026-07-01T07:21:20.090043+00:00,2026-06-30,data/prospective/daily_qvp/snapshots/2026-07-01T053352Z/raw,1081,1043,144e01281e848a2a4c711cb0058eddc75099bb40,d3881a1328862a39dc4af32e15c4826237a09adca2da7038eafb5659ddb68bb4,8bda06ce0251beedd6a5f2cd61a08ef37682841102d3b9d86a1ab602640baf4e,CHD,0.5804810360777058,0.6142460684551342,0.6178920331903681,0.8009569377990431,0.5028371130360029,0.473633748801534,0.4453096529588204,0.2399232245681382,0.6553030303030303,0.2727272727272727,0.5804810360777058,0.2727272727272727,"Church & Dwight Co., Inc.",Consumer Defensive,Household & Personal Products,22955096064,96.87999725341795,550.0,418.0,2026-06-30,none,NOT_SELECTED,,
2026-07-01T053352Z,2026-07-01T05:33:52.980988+00:00,2026-07-01T07:21:20.090043+00:00,2026-06-30,data/prospective/daily_qvp/snapshots/2026-07-01T053352Z/raw,1081,1043,144e01281e848a2a4c711cb0058eddc75099bb40,d3881a1328862a39dc4af32e15c4826237a09adca2da7038eafb5659ddb68bb4,8bda06ce0251beedd6a5f2cd61a08ef37682841102d3b9d86a1ab602640baf4e,GEN,0.3882978723404255,0.29509713228492135,0.4237435948301369,0.2660287081339713,0.5027513837707304,0.4726749760306807,0.5507361041997292,0.7063339731285988,0.4591893173198483,0.6607669616519174,0.3882978723404255,0.6946902654867256,Gen Digital Inc.,Technology,Software - Infrastructure,14994578432,24.88999938964844,551.0,762.0,2026-06-30,none,NOT_SELECTED,,
2026-07-01T053352Z,2026-07-01T05:33:52.980988+00:00,2026-07-01T07:21:20.090043+00:00,2026-06-30,data/prospective/daily_qvp/snapshots/2026-07-01T053352Z/raw,1081,1043,144e01281e848a2a4c711cb0058eddc75099bb40,d3881a1328862a39dc4af32e15c4826237a09adca2da7038eafb5659ddb68bb4,8bda06ce0251beedd6a5f2cd61a08ef37682841102d3b9d86a1ab602640baf4e,WDAY,0.12488436632747454,0.03515263644773358,0.3770953121144326,0.1722488038277512,0.5026259799543611,0.47171620325982744,0.5357084230188681,0.6324376199616123,0.6293062579013906,0.7536873156342182,0.12488436632747454,0.6349557522123894,"Workday, Inc.",Technology,Software - Application,30234492928,122.41999816894533,552.0,1044.0,2026-06-30,none,NOT_SELECTED,,
2026-07-01T053352Z,2026-07-01T05:33:52.980988+00:00,2026-07-01T07:21:20.090043+00:00,2026-06-30,data/prospective/daily_qvp/snapshots/2026-07-01T053352Z/raw,1081,1043,144e01281e848a2a4c711cb0058eddc75099bb40,d3881a1328862a39dc4af32e15c4826237a09adca2da7038eafb5659ddb68bb4,8bda06ce0251beedd6a5f2cd61a08ef37682841102d3b9d86a1ab602640baf4e,DD,0.6630434782608695,0.7696577243293247,0.5052505526897568,0.5148325358851674,0.5025587488741504,0.4707574304889741,0.5252241464013756,0.5777351247600768,0.34745762711864403,0.4971751412429379,0.6630434782608695,0.5932203389830508,"DuPont de Nemours, Inc.",Basic Materials,Specialty Chemicals,18314033152,135.63999938964844,553.0,250.0,2026-06-30,none,NOT_SELECTED,,
2026-07-01T053352Z,2026-07-01T05:33:52.980988+00:00,2026-07-01T07:21:20.090043+00:00,2026-06-30,data/prospective/daily_qvp/snapshots/2026-07-01T053352Z/raw,1081,1043,144e01281e848a2a4c711cb0058eddc75099bb40,d3881a1328862a39dc4af32e15c4826237a09adca2da7038eafb5659ddb68bb4,8bda06ce0251beedd6a5f2cd61a08ef37682841102d3b9d86a1ab602640baf4e,HXL,0.7222479185938945,0.8640148011100832,0.5631493703582328,0.6669856459330143,0.5023464938190688,0.4697986577181208,0.43731542591985706,0.21497120921305182,0.404050822122571,0.38074074074074077,0.7222479185938945,0.24222222222222217,Hexcel Corporation,Industrials,Aerospace & Defense,7547244032,100.05999755859376,554.0,148.0,2026-06-30,none,NOT_SELECTED,,
2026-07-01T053352Z,2026-07-01T05:33:52.980988+00:00,2026-07-01T07:21:20.090043+00:00,2026-06-30,data/prospective/daily_qvp/snapshots/2026-07-01T053352Z/raw,1081,1043,144e01281e848a2a4c711cb0058eddc75099bb40,d3881a1328862a39dc4af32e15c4826237a09adca2da7038eafb5659ddb68bb4,8bda06ce0251beedd6a5f2cd61a08ef37682841102d3b9d86a1ab602640baf4e,MGM,0.6313598519888992,0.7086031452358927,0.4554487403249155,0.3473684210526316,0.50232530400746,0.46883988494726747,0.44519635895797594,0.23896353166986564,0.2795376286609318,0.596078431372549,0.6313598519888992,0.2738095238095238,MGM Resorts International,Consumer Cyclical,Resorts & Casinos,12232247296,47.810001373291016,555.0,316.0,2026-06-30,none,NOT_SELECTED,,
2026-07-01T053352Z,2026-07-01T05:33:52.980988+00:00,2026-07-01T07:21:20.090043+00:00,2026-06-30,data/prospective/daily_qvp/snapshots/2026-07-01T053352Z/raw,1081,1043,144e01281e848a2a4c711cb0058eddc75099bb40,d3881a1328862a39dc4af32e15c4826237a09adca2da7038eafb5659ddb68bb4,8bda06ce0251beedd6a5f2cd61a08ef37682841102d3b9d86a1ab602640baf4e,WERN,0.7086031452358926,0.8399629972247918,0.4488357031610455,0.3311004784688995,0.5021867650703267,0.4678811121764142,0.4444178515805227,0.23512476007677544,0.18906826108619829,0.6088888888888889,0.7086031452358926,0.2711111111111111,"Werner Enterprises, Inc.",Industrials,Trucking,2614424576,43.61000061035156,556.0,174.0,2026-06-30,none,NOT_SELECTED,,
2026-07-01T053352Z,2026-07-01T05:33:52.980988+00:00,2026-07-01T07:21:20.090043+00:00,2026-06-30,data/prospective/daily_qvp/snapshots/2026-07-01T053352Z/raw,1081,1043,144e01281e848a2a4c711cb0058eddc75099bb40,d3881a1328862a39dc4af32e15c4826237a09adca2da7038eafb5659ddb68bb4,8bda06ce0251beedd6a5f2cd61a08ef37682841102d3b9d86a1ab602640baf4e,GEHC,0.2717391304347826,0.14384828862164661,0.371981997171525,0.16267942583732056,0.501956252082604,0.4669223394055609,0.4471689860507825,0.24664107485604606,0.47222486390826746,0.7619047619047619,0.2717391304347826,0.2828071879553181,GE HealthCare Technologies Inc.,Healthcare,Medical Devices,29117624320,64.01000213623047,557.0,926.0,2026-06-30,none,NOT_SELECTED,,
2026-07-01T053352Z,2026-07-01T05:33:52.980988+00:00,2026-07-01T07:21:20.090043+00:00,2026-06-30,data/prospective/daily_qvp/snapshots/2026-07-01T053352Z/raw,1081,1043,144e01281e848a2a4c711cb0058eddc75099bb40,d3881a1328862a39dc4af32e15c4826237a09adca2da7038eafb5659ddb68bb4,8bda06ce0251beedd6a5f2cd61a08ef37682841102d3b9d86a1ab602640baf4e,PPL,0.5361933395004626,0.5161887141535615,0.49855400464210736,0.49473684210526314,0.5018608618518003,0.46596356663470756,0.5380335774233331,0.6420345489443378,0.4609146697837522,0.5084745762711864,0.5361933395004626,0.646551724137931,PPL Corporation,Utilities,Utilities - Regulated Electric,27347933184,36.349998474121094,558.0,524.0,2026-06-30,none,NOT_SELECTED,,
2026-07-01T053352Z,2026-07-01T05:33:52.980988+00:00,2026-07-01T07:21:20.090043+00:00,2026-06-30,data/prospective/daily_qvp/snapshots/2026-07-01T053352Z/raw,1081,1043,144e01281e848a2a4c711cb0058eddc75099bb40,d3881a1328862a39dc4af32e15c4826237a09adca2da7038eafb5659ddb68bb4,8bda06ce0251beedd6a5f2cd61a08ef37682841102d3b9d86a1ab602640baf4e,ITRI,0.20883441258094354,0.08695652173913043,0.3109348658985628,0.08229665071770335,0.5017835192519425,0.4650047938638543,0.4543243651026737,0.2763915547024952,0.4130353192161821,0.8834808259587019,0.20883441258094354,0.31194690265486724,"Itron, Inc.",Technology,Scientific & Technical Instruments,3836683776,86.52999877929688,559.0,988.0,2026-06-30,none,NOT_SELECTED,,
2026-07-01T053352Z,2026-07-01T05:33:52.980988+00:00,2026-07-01T07:21:20.090043+00:00,2026-06-30,data/prospective/daily_qvp/snapshots/2026-07-01T053352Z/raw,1081,1043,144e01281e848a2a4c711cb0058eddc75099bb40,d3881a1328862a39dc4af32e15c4826237a09adca2da7038eafb5659ddb68bb4,8bda06ce0251beedd6a5f2cd61a08ef37682841102d3b9d86a1ab602640baf4e,COO,0.33024976873265494,0.20906567992599445,0.41406217822314273,0.23827751196172248,0.5017143299955527,0.46404602109300097,0.4293454852334299,0.190978886756238,0.49787458771363047,0.6770186335403726,0.33024976873265494,0.21223895094706163,"The Cooper Companies, Inc.",Healthcare,Medical Instruments & Supplies,13985645568,71.70999908447266,560.0,856.0,2026-06-30,none,NOT_SELECTED,,
2026-07-01T053352Z,2026-07-01T05:33:52.980988+00:00,2026-07-01T07:21:20.090043+00:00,2026-06-30,data/prospective/daily_qvp/snapshots/2026-07-01T053352Z/raw,1081,1043,144e01281e848a2a4c711cb0058eddc75099bb40,d3881a1328862a39dc4af32e15c4826237a09adca2da7038eafb5659ddb68bb4,8bda06ce0251beedd6a5f2cd61a08ef37682841102d3b9d86a1ab602640baf4e,TXN,0.7326549491211841,0.8811285846438482,0.6381056825251938,0.8334928229665072,0.5016083114573072,0.46308724832214765,0.4862726052743963,0.41362763915547024,0.5435564159292036,0.22861356932153387,0.7326549491211841,0.4402654867256637,Texas Instruments Incorporated,Technology,Semiconductors,271271362560,298.07000732421875,561.0,130.0,2026-06-30,none,NOT_SELECTED,,
2026-07-01T053352Z,2026-07-01T05:33:52.980988+00:00,2026-07-01T07:21:20.090043+00:00,2026-06-30,data/prospective/daily_qvp/snapshots/2026-07-01T053352Z/raw,1081,1043,144e01281e848a2a4c711cb0058eddc75099bb40,d3881a1328862a39dc4af32e15c4826237a09adca2da7038eafb5659ddb68bb4,8bda06ce0251beedd6a5f2cd61a08ef37682841102d3b9d86a1ab602640baf4e,HCA,0.3499074930619796,0.23959296947271044,0.45824577452118764,0.3588516746411483,0.5014944224896255,0.4621284755512943,0.4772682185185061,0.3656429942418426,0.5665840559803956,0.587991718426501,0.3499074930619796,0.4045896066051481,"HCA Healthcare, Inc.",Healthcare,Medical Care Facilities,86493126656,389.8900146484375,562.0,823.0,2026-06-30,none,NOT_SELECTED,,
2026-07-01T053352Z,2026-07-01T05:33:52.980988+00:00,2026-07-01T07:21:20.090043+00:00,2026-06-30,data/prospective/daily_qvp/snapshots/2026-07-01T053352Z/raw,1081,1043,144e01281e848a2a4c711cb0058eddc75099bb40,d3881a1328862a39dc4af32e15c4826237a09adca2da7038eafb5659ddb68bb4,8bda06ce0251beedd6a5f2cd61a08ef37682841102d3b9d86a1ab602640baf4e,NGVT,0.6029139685476411,0.6521739130434783,0.5228552893585663,0.5598086124401914,0.5011125657870669,0.46116970278044106,0.4584615429843679,0.29558541266794625,0.4427966101694915,0.45762711864406774,0.6029139685476411,0.3305084745762712,Ingevity Corporation,Basic Materials,Specialty Chemicals,2596401920,74.66999816894531,563.0,377.0,2026-06-30,none,NOT_SELECTED,,
2026-07-01T053352Z,2026-07-01T05:33:52.980988+00:00,2026-07-01T07:21:20.090043+00:00,2026-06-30,data/prospective/daily_qvp/snapshots/2026-07-01T053352Z/raw,1081,1043,144e01281e848a2a4c711cb0058eddc75099bb40,d3881a1328862a39dc4af32e15c4826237a09adca2da7038eafb5659ddb68bb4,8bda06ce0251beedd6a5f2cd61a08ef37682841102d3b9d86a1ab602640baf4e,ALHC,0.3924606845513413,0.301572617946346,0.4646611313734847,0.3837320574162679,0.5009404091834274,0.46021093000958774,0.5645044812440543,0.7591170825335892,0.5368615781956281,0.5734989648033126,0.3924606845513413,0.755196697425935,"Alignment Healthcare, Inc.",Healthcare,Healthcare Plans,4922332160,23.809999465942383,564.0,756.0,2026-06-30,none,NOT_SELECTED,,
2026-07-01T053352Z,2026-07-01T05:33:52.980988+00:00,2026-07-01T07:21:20.090043+00:00,2026-06-30,data/prospective/daily_qvp/snapshots/2026-07-01T053352Z/raw,1081,1043,144e01281e848a2a4c711cb0058eddc75099bb40,d3881a1328862a39dc4af32e15c4826237a09adca2da7038eafb5659ddb68bb4,8bda06ce0251beedd6a5f2cd61a08ef37682841102d3b9d86a1ab602640baf4e,ADSK,0.22872340425531912,0.0971322849213691,0.5003890804462436,0.4995215311004785,0.5002593869641624,0.4592521572387344,0.532274186240821,0.6142034548944337,0.7720547566371682,0.5,0.22872340425531912,0.6283185840707965,"Autodesk, Inc.",Technology,Software - Application,41050857472,194.4199981689453,565.0,977.0,2026-06-30,none,NOT_SELECTED,,
2026-07-01T053352Z,2026-07-01T05:33:52.980988+00:00,2026-07-01T07:21:20.090043+00:00,2026-06-30,data/prospective/daily_qvp/snapshots/2026-07-01T053352Z/raw,1081,1043,144e01281e848a2a4c711cb0058eddc75099bb40,d3881a1328862a39dc4af32e15c4826237a09adca2da7038eafb5659ddb68bb4,8bda06ce0251beedd6a5f2cd61a08ef37682841102d3b9d86a1ab602640baf4e,BF-B,0.37950971322849214,0.2816836262719704,0.5155124323718219,0.5473684210526316,0.5002406114802044,0.4582933844678811,0.4357865192162139,0.21113243761996162,0.6515151515151515,0.4696969696969697,0.37950971322849214,0.2424242424242424,Brown-Forman Corporation,Consumer Defensive,Beverages - Wineries & Distilleries,12228731904,26.649999618530273,566.0,777.0,2026-06-30,none,NOT_SELECTED,,
2026-07-01T053352Z,2026-07-01T05:33:52.980988+00:00,2026-07-01T07:21:20.090043+00:00,2026-06-30,data/prospective/daily_qvp/snapshots/2026-07-01T053352Z/raw,1081,1043,144e01281e848a2a4c711cb0058eddc75099bb40,d3881a1328862a39dc4af32e15c4826237a09adca2da7038eafb5659ddb68bb4,8bda06ce0251beedd6a5f2cd61a08ef37682841102d3b9d86a1ab602640baf4e,CRM,0.18432007400555037,0.07215541165587419,0.3739137506563782,0.16650717703349283,0.5000132968977625,0.4573346116970278,0.4828639549742068,0.39539347408829173,0.563507427307206,0.7522123893805309,0.18432007400555037,0.43141592920353977,"Salesforce, Inc.",Technology,Software - Application,128304545792,156.66000366210938,567.0,1004.0,2026-06-30,none,NOT_SELECTED,,
2026-07-01T053352Z,2026-07-01T05:33:52.980988+00:00,2026-07-01T07:21:20.090043+00:00,2026-06-30,data/prospective/daily_qvp/snapshots/2026-07-01T053352Z/raw,1081,1043,144e01281e848a2a4c711cb0058eddc75099bb40,d3881a1328862a39dc4af32e15c4826237a09adca2da7038eafb5659ddb68bb4,8bda06ce0251beedd6a5f2cd61a08ef37682841102d3b9d86a1ab602640baf4e,VSH,0.7782146160962071,0.9685476410730804,0.4907735138003159,0.46698564593301434,0.4997487142149599,0.4563758389261745,0.41905932327183937,0.16026871401151632,0.20333241150442474,0.5176991150442478,0.7782146160962071,0.17699115044247785,"Vishay Intertechnology, Inc.",Technology,Semiconductors,7320958464,53.779998779296875,568.0,35.0,2026-06-30,none,NOT_SELECTED,,
2026-07-01T053352Z,2026-07-01T05:33:52.980988+00:00,2026-07-01T07:21:20.090043+00:00,2026-06-30,data/prospective/daily_qvp/snapshots/2026-07-01T053352Z/raw,1081,1043,144e01281e848a2a4c711cb0058eddc75099bb40,d3881a1328862a39dc4af32e15c4826237a09adca2da7038eafb5659ddb68bb4,8bda06ce0251beedd6a5f2cd61a08ef37682841102d3b9d86a1ab602640baf4e,FLNC,0.4316604995374653,0.34690101757631825,0.5271248143508483,0.5799043062200957,0.49925081785348463,0.4554170661553212,0.39275707890735484,0.09213051823416507,0.6225891291642314,0.4435028248587571,0.4316604995374653,0.0732758620689655,"Fluence Energy, Inc.",Utilities,Utilities - Renewable,3664096256,19.8799991607666,569.0,707.0,2026-06-30,none,NOT_SELECTED,,
2026-07-01T053352Z,2026-07-01T05:33:52.980988+00:00,2026-07-01T07:21:20.090043+00:00,2026-06-30,data/prospective/daily_qvp/snapshots/2026-07-01T053352Z/raw,1081,1043,144e01281e848a2a4c711cb0058eddc75099bb40,d3881a1328862a39dc4af32e15c4826237a09adca2da7038eafb5659ddb68bb4,8bda06ce0251beedd6a5f2cd61a08ef37682841102d3b9d86a1ab602640baf4e,LSCC,0.7590194264569843,0.938945420906568,0.6934418402828537,0.9282296650717703,0.499167716530752,0.45445829338446786,0.40037136261930295,0.10844529750479846,0.6278642541087232,0.11061946902654864,0.7590194264569843,0.10398230088495569,Lattice Semiconductor Corporation,Technology,Semiconductors,20956723200,152.9600067138672,570.0,67.0,2026-06-30,none,NOT_SELECTED,,
2026-07-01T053352Z,2026-07-01T05:33:52.980988+00:00,2026-07-01T07:21:20.090043+00:00,2026-06-30,data/prospective/daily_qvp/snapshots/2026-07-01T053352Z/raw,1081,1043,144e01281e848a2a4c711cb0058eddc75099bb40,d3881a1328862a39dc4af32e15c4826237a09adca2da7038eafb5659ddb68bb4,8bda06ce0251beedd6a5f2cd61a08ef37682841102d3b9d86a1ab602640baf4e,TOST,0.1570305272895467,0.058279370952821465,0.4507102699658859,0.33588516746411484,0.4990969154738158,0.4534995206136146,0.5562917131540344,0.7293666026871402,0.7443900126422252,0.5958702064896755,0.1570305272895467,0.7278761061946903,"Toast, Inc.",Technology,Software - Infrastructure,16135600128,27.81999969482422,571.0,1019.0,2026-06-30,none,NOT_SELECTED,,
2026-07-01T053352Z,2026-07-01T05:33:52.980988+00:00,2026-07-01T07:21:20.090043+00:00,2026-06-30,data/prospective/daily_qvp/snapshots/2026-07-01T053352Z/raw,1081,1043,144e01281e848a2a4c711cb0058eddc75099bb40,d3881a1328862a39dc4af32e15c4826237a09adca2da7038eafb5659ddb68bb4,8bda06ce0251beedd6a5f2cd61a08ef37682841102d3b9d86a1ab602640baf4e,ALB,0.4828862164662349,0.4199814986123959,0.4660193794195581,0.3875598086124402,0.49900350341718186,0.45254074784276127,0.5119644919696661,0.510556621880998,0.4491525423728813,0.5649717514124294,0.4828862164662349,0.5508474576271187,Albemarle Corporation,Basic Materials,Specialty Chemicals,15924715520,135.02999877929688,572.0,628.0,2026-06-30,none,NOT_SELECTED,,
2026-07-01T053352Z,2026-07-01T05:33:52.980988+00:00,2026-07-01T07:21:20.090043+00:00,2026-06-30,data/prospective/daily_qvp/snapshots/2026-07-01T053352Z/raw,1081,1043,144e01281e848a2a4c711cb0058eddc75099bb40,d3881a1328862a39dc4af32e15c4826237a09adca2da7038eafb5659ddb68bb4,8bda06ce0251beedd6a5f2cd61a08ef37682841102d3b9d86a1ab602640baf4e,PAYX,0.3552266419981498,0.24976873265494912,0.48384653054395477,0.4449760765550239,0.4985722199693228,0.45158197507190795,0.42370792603893903,0.17754318618042225,0.6124664190897597,0.5280235988200589,0.3552266419981498,0.1991150442477876,"Paychex, Inc.",Technology,Software - Application,34966147072,98.33000183105467,573.0,812.0,2026-06-30,none,NOT_SELECTED,,
2026-07-01T053352Z,2026-07-01T05:33:52.980988+00:00,2026-07-01T07:21:20.090043+00:00,2026-06-30,data/prospective/daily_qvp/snapshots/2026-07-01T053352Z/raw,1081,1043,144e01281e848a2a4c711cb0058eddc75099bb40,d3881a1328862a39dc4af32e15c4826237a09adca2da7038eafb5659ddb68bb4,8bda06ce0251beedd6a5f2cd61a08ef37682841102d3b9d86a1ab602640baf4e,TXRH,0.5430157261794635,0.5263644773358002,0.5717116280276595,0.6899521531100479,0.4981345494040606,0.4506232023010546,0.49860091205304546,0.45393474088291746,0.6004075298758557,0.35098039215686266,0.5430157261794635,0.49999999999999994,"Texas Roadhouse, Inc.",Consumer Cyclical,Restaurants,12700933120,193.22999572753903,574.0,513.0,2026-06-30,none,NOT_SELECTED,,
2026-07-01T053352Z,2026-07-01T05:33:52.980988+00:00,2026-07-01T07:21:20.090043+00:00,2026-06-30,data/prospective/daily_qvp/snapshots/2026-07-01T053352Z/raw,1081,1043,144e01281e848a2a4c711cb0058eddc75099bb40,d3881a1328862a39dc4af32e15c4826237a09adca2da7038eafb5659ddb68bb4,8bda06ce0251beedd6a5f2cd61a08ef37682841102d3b9d86a1ab602640baf4e,SSNC,0.31452358926919516,0.19056429232192415,0.3383863600581121,0.11291866028708133,0.497960621552999,0.44966442953020136,0.44592621837713864,0.24088291746641075,0.3622491308470291,0.8171091445427728,0.31452358926919516,0.2898230088495575,"SS&C Technologies Holdings, Inc.",Technology,Software - Application,14943751168,62.04999923706055,575.0,876.0,2026-06-30,none,NOT_SELECTED,,
2026-07-01T053352Z,2026-07-01T05:33:52.980988+00:00,2026-07-01T07:21:20.090043+00:00,2026-06-30,data/prospective/daily_qvp/snapshots/2026-07-01T053352Z/raw,1081,1043,144e01281e848a2a4c711cb0058eddc75099bb40,d3881a1328862a39dc4af32e15c4826237a09adca2da7038eafb5659ddb68bb4,8bda06ce0251beedd6a5f2cd61a08ef37682841102d3b9d86a1ab602640baf4e,META,0.31105457909343204,0.18963922294172064,0.558177272694677,0.6535885167464115,0.4977220465307508,0.44870565675934804,0.512180423786952,0.5115163147792706,0.8052999662959219,0.37681159420289845,0.31105457909343204,0.5555555555555556,"Meta Platforms, Inc.",Communication Services,Internet Content & Information,1429868380160,563.2899780273438,576.0,877.0,2026-06-30,none,NOT_SELECTED,,
2026-07-01T053352Z,2026-07-01T05:33:52.980988+00:00,2026-07-01T07:21:20.090043+00:00,2026-06-30,data/prospective/daily_qvp/snapshots/2026-07-01T053352Z/raw,1081,1043,144e01281e848a2a4c711cb0058eddc75099bb40,d3881a1328862a39dc4af32e15c4826237a09adca2da7038eafb5659ddb68bb4,8bda06ce0251beedd6a5f2cd61a08ef37682841102d3b9d86a1ab602640baf4e,HRL,0.44241443108233125,0.3580018501387604,0.4181769125108626,0.2535885167464115,0.49763982719579397,0.4477468839884947,0.4546692643362394,0.27735124760076774,0.3939393939393939,0.6565656565656566,0.44241443108233125,0.32575757575757575,Hormel Foods Corporation,Consumer Defensive,Packaged Foods,13658054656,24.81999969482422,577.0,695.0,2026-06-30,none,NOT_SELECTED,,
2026-07-01T053352Z,2026-07-01T05:33:52.980988+00:00,2026-07-01T07:21:20.090043+00:00,2026-06-30,data/prospective/daily_qvp/snapshots/2026-07-01T053352Z/raw,1081,1043,144e01281e848a2a4c711cb0058eddc75099bb40,d3881a1328862a39dc4af32e15c4826237a09adca2da7038eafb5659ddb68bb4,8bda06ce0251beedd6a5f2cd61a08ef37682841102d3b9d86a1ab602640baf4e,CIEN,0.7462997224791859,0.913968547641073,0.6446070752092516,0.8497607655502393,0.4975846578091176,0.4467881112176414,0.5214185818524134,0.5604606525911708,0.5429144279393173,0.20353982300884954,0.7462997224791859,0.5929203539823009,Ciena Corporation,Technology,Communication Equipment,69440200704,490.55999755859375,578.0,94.0,2026-06-30,none,NOT_SELECTED,,
2026-07-01T053352Z,2026-07-01T05:33:52.980988+00:00,2026-07-01T07:21:20.090043+00:00,2026-06-30,data/prospective/daily_qvp/snapshots/2026-07-01T053352Z/raw,1081,1043,144e01281e848a2a4c711cb0058eddc75099bb40,d3881a1328862a39dc4af32e15c4826237a09adca2da7038eafb5659ddb68bb4,8bda06ce0251beedd6a5f2cd61a08ef37682841102d3b9d86a1ab602640baf4e,CAT,0.8117483811285846,0.9907493061979649,0.6720575488104308,0.9023923444976076,0.4974210819230033,0.4458293384467881,0.4419547003311413,0.22456813819577734,0.5323667164922771,0.1481481481481481,0.8117483811285846,0.2755555555555555,Caterpillar Inc.,Industrials,Farm & Heavy Construction Machinery,490484400128,1064.9000244140625,579.0,11.0,2026-06-30,none,NOT_SELECTED,,
2026-07-01T053352Z,2026-07-01T05:33:52.980988+00:00,2026-07-01T07:21:20.090043+00:00,2026-06-30,data/prospective/daily_qvp/snapshots/2026-07-01T053352Z/raw,1081,1043,144e01281e848a2a4c711cb0058eddc75099bb40,d3881a1328862a39dc4af32e15c4826237a09adca2da7038eafb5659ddb68bb4,8bda06ce0251beedd6a5f2cd61a08ef37682841102d3b9d86a1ab602640baf4e,BSX,0.1520582793709528,0.05180388529139685,0.39900006287916556,0.20478468899521532,0.4971939687655445,0.4448705656759348,0.524243218196305,0.5738963531669866,0.6459418463873784,0.6935817805383023,0.1520582793709528,0.6053909664885867,Boston Scientific Corporation,Healthcare,Medical Devices,63437639680,42.68000030517578,580.0,1026.0,2026-06-30,none,NOT_SELECTED,,
2026-07-01T053352Z,2026-07-01T05:33:52.980988+00:00,2026-07-01T07:21:20.090043+00:00,2026-06-30,data/prospective/daily_qvp/snapshots/2026-07-01T053352Z/raw,1081,1043,144e01281e848a2a4c711cb0058eddc75099bb40,d3881a1328862a39dc4af32e15c4826237a09adca2da7038eafb5659ddb68bb4,8bda06ce0251beedd6a5f2cd61a08ef37682841102d3b9d86a1ab602640baf4e,DHR,0.35291396854764107,0.24699352451433856,0.45568821322358644,0.3492822966507177,0.497028857124903,0.4439117929050815,0.4198333232710692,0.16506717850287908,0.5584624578995318,0.5797101449275363,0.35291396854764107,0.1882467217095677,Danaher Corporation,Healthcare,Diagnostics & Research,134816145408,190.47999572753903,581.0,815.0,2026-06-30,none,NOT_SELECTED,,
2026-07-01T053352Z,2026-07-01T05:33:52.980988+00:00,2026-07-01T07:21:20.090043+00:00,2026-06-30,data/prospective/daily_qvp/snapshots/2026-07-01T053352Z/raw,1081,1043,144e01281e848a2a4c711cb0058eddc75099bb40,d3881a1328862a39dc4af32e15c4826237a09adca2da7038eafb5659ddb68bb4,8bda06ce0251beedd6a5f2cd61a08ef37682841102d3b9d86a1ab602640baf4e,LMT,0.5374653098982424,0.5189639222941721,0.473356471590875,0.4133971291866029,0.49631172180132416,0.4429530201342282,0.5133449024621042,0.517274472168906,0.4092476332835077,0.5422222222222223,0.5374653098982424,0.5644444444444445,Lockheed Martin Corporation,Industrials,Aerospace & Defense,117462941696,509.4599914550781,582.0,521.0,2026-06-30,none,NOT_SELECTED,,
2026-07-01T053352Z,2026-07-01T05:33:52.980988+00:00,2026-07-01T07:21:20.090043+00:00,2026-06-30,data/prospective/daily_qvp/snapshots/2026-07-01T053352Z/raw,1081,1043,144e01281e848a2a4c711cb0058eddc75099bb40,d3881a1328862a39dc4af32e15c4826237a09adca2da7038eafb5659ddb68bb4,8bda06ce0251beedd6a5f2cd61a08ef37682841102d3b9d86a1ab602640baf4e,ABBV,0.59736355226642,0.6419981498612396,0.572519984312738,0.692822966507177,0.49624175627750516,0.4419942473633749,0.5215985100201735,0.5614203454894434,0.5476764163590561,0.3436853002070393,0.59736355226642,0.5976687712481787,AbbVie Inc.,Healthcare,Drug Manufacturers - General,444595732480,251.63999938964844,583.0,388.0,2026-06-30,none,NOT_SELECTED,,
2026-07-01T053352Z,2026-07-01T05:33:52.980988+00:00,2026-07-01T07:21:20.090043+00:00,2026-06-30,data/prospective/daily_qvp/snapshots/2026-07-01T053352Z/raw,1081,1043,144e01281e848a2a4c711cb0058eddc75099bb40,d3881a1328862a39dc4af32e15c4826237a09adca2da7038eafb5659ddb68bb4,8bda06ce0251beedd6a5f2cd61a08ef37682841102d3b9d86a1ab602640baf4e,SXI,0.727104532839963,0.8709528214616096,0.6036444437991544,0.7674641148325358,0.4957629625327696,0.44103547459252157,0.5145999996773549,0.5307101727447217,0.4801843547583458,0.27999999999999997,0.727104532839963,0.5711111111111111,Standex International Corporation,Industrials,Specialty Industrial Machinery,4333144064,357.6700134277344,584.0,141.0,2026-06-30,none,NOT_SELECTED,,
2026-07-01T053352Z,2026-07-01T05:33:52.980988+00:00,2026-07-01T07:21:20.090043+00:00,2026-06-30,data/prospective/daily_qvp/snapshots/2026-07-01T053352Z/raw,1081,1043,144e01281e848a2a4c711cb0058eddc75099bb40,d3881a1328862a39dc4af32e15c4826237a09adca2da7038eafb5659ddb68bb4,8bda06ce0251beedd6a5f2cd61a08ef37682841102d3b9d86a1ab602640baf4e,PCG,0.5481036077705828,0.5365402405180388,0.44263012065910784,0.3119617224880383,0.4956517188574843,0.44007670182166825,0.48165258224656154,0.390595009596929,0.3371566335476329,0.6016949152542374,0.5481036077705828,0.43965517241379304,PG&E Corporation,Utilities,Utilities - Regulated Electric,37041418240,16.81999969482422,585.0,502.0,2026-06-30,none,NOT_SELECTED,,
2026-07-01T053352Z,2026-07-01T05:33:52.980988+00:00,2026-07-01T07:21:20.090043+00:00,2026-06-30,data/prospective/daily_qvp/snapshots/2026-07-01T053352Z/raw,1081,1043,144e01281e848a2a4c711cb0058eddc75099bb40,d3881a1328862a39dc4af32e15c4826237a09adca2da7038eafb5659ddb68bb4,8bda06ce0251beedd6a5f2cd61a08ef37682841102d3b9d86a1ab602640baf4e,CXT,0.27937095282146157,0.15356151711378355,0.35525348836887727,0.1444976076555024,0.49560109101135025,0.439117929050815,0.48058970714740157,0.3877159309021113,0.4311360239162929,0.7762962962962963,0.27937095282146157,0.43555555555555553,"Crane NXT, Co.",Industrials,Specialty Industrial Machinery,2943867648,51.15999984741211,586.0,916.0,2026-06-30,none,NOT_SELECTED,,
2026-07-01T053352Z,2026-07-01T05:33:52.980988+00:00,2026-07-01T07:21:20.090043+00:00,2026-06-30,data/prospective/daily_qvp/snapshots/2026-07-01T053352Z/raw,1081,1043,144e01281e848a2a4c711cb0058eddc75099bb40,d3881a1328862a39dc4af32e15c4826237a09adca2da7038eafb5659ddb68bb4,8bda06ce0251beedd6a5f2cd61a08ef37682841102d3b9d86a1ab602640baf4e,PPC,0.2414431082331175,0.11008325624421832,0.3442064026014072,0.12440191387559808,0.49546420106087075,0.43815915627996166,0.5022799689774713,0.47024952015355087,0.446969696969697,0.7979797979797979,0.2414431082331175,0.5227272727272727,Pilgrim's Pride Corporation,Consumer Defensive,Packaged Foods,6687985664,28.11000061035156,587.0,963.0,2026-06-30,none,NOT_SELECTED,,
2026-07-01T053352Z,2026-07-01T05:33:52.980988+00:00,2026-07-01T07:21:20.090043+00:00,2026-06-30,data/prospective/daily_qvp/snapshots/2026-07-01T053352Z/raw,1081,1043,144e01281e848a2a4c711cb0058eddc75099bb40,d3881a1328862a39dc4af32e15c4826237a09adca2da7038eafb5659ddb68bb4,8bda06ce0251beedd6a5f2cd61a08ef37682841102d3b9d86a1ab602640baf4e,MSFT,0.3667900092506938,0.26179463459759483,0.5381229992524013,0.6133971291866028,0.4954251656766255,0.43720038350910834,0.498781263638,0.45489443378119004,0.7094559892541087,0.4100294985250737,0.3667900092506938,0.5088495575221239,Microsoft Corporation,Technology,Software - Infrastructure,2770954616832,373.0199890136719,588.0,799.0,2026-06-30,none,NOT_SELECTED,,
2026-07-01T053352Z,2026-07-01T05:33:52.980988+00:00,2026-07-01T07:21:20.090043+00:00,2026-06-30,data/prospective/daily_qvp/snapshots/2026-07-01T053352Z/raw,1081,1043,144e01281e848a2a4c711cb0058eddc75099bb40,d3881a1328862a39dc4af32e15c4826237a09adca2da7038eafb5659ddb68bb4,8bda06ce0251beedd6a5f2cd61a08ef37682841102d3b9d86a1ab602640baf4e,DTM,0.7176225716928769,0.8566142460684552,0.6287388220783225,0.8210526315789474,0.4950358700893722,0.436241610738255,0.5433783518423915,0.6717850287907869,0.5398550724637682,0.2276299661114716,0.7176225716928769,0.6884057971014492,"DT Midstream, Inc.",Energy,Oil & Gas Midstream,14969552896,146.74000549316406,589.0,156.0,2026-06-30,none,NOT_SELECTED,,
2026-07-01T053352Z,2026-07-01T05:33:52.980988+00:00,2026-07-01T07:21:20.090043+00:00,2026-06-30,data/prospective/daily_qvp/snapshots/2026-07-01T053352Z/raw,1081,1043,144e01281e848a2a4c711cb0058eddc75099bb40,d3881a1328862a39dc4af32e15c4826237a09adca2da7038eafb5659ddb68bb4,8bda06ce0251beedd6a5f2cd61a08ef37682841102d3b9d86a1ab602640baf4e,PAY,0.1482423681776133,0.04810360777058279,0.4191798519143439,0.2555023923444976,0.49430082556334826,0.43528283796740175,0.5399734067831307,0.6573896353166987,0.6901173356510746,0.644542772861357,0.1482423681776133,0.6769911504424778,"Paymentus Holdings, Inc.",Technology,Software - Infrastructure,3039070464,24.15999984741211,590.0,1030.0,2026-06-30,none,NOT_SELECTED,,
2026-07-01T053352Z,2026-07-01T05:33:52.980988+00:00,2026-07-01T07:21:20.090043+00:00,2026-06-30,data/prospective/daily_qvp/snapshots/2026-07-01T053352Z/raw,1081,1043,144e01281e848a2a4c711cb0058eddc75099bb40,d3881a1328862a39dc4af32e15c4826237a09adca2da7038eafb5659ddb68bb4,8bda06ce0251beedd6a5f2cd61a08ef37682841102d3b9d86a1ab602640baf4e,AVPT,0.18223866790009244,0.06938020351526364,0.4566030965922713,0.3521531100478469,0.49417590903594877,0.4343240651965484,0.5752779494760767,0.7984644913627639,0.7309675252844501,0.5693215339233038,0.18223866790009244,0.8185840707964602,"AvePoint, Inc.",Technology,Software - Infrastructure,2376712704,11.210000038146973,591.0,1007.0,2026-06-30,none,NOT_SELECTED,,
2026-07-01T053352Z,2026-07-01T05:33:52.980988+00:00,2026-07-01T07:21:20.090043+00:00,2026-06-30,data/prospective/daily_qvp/snapshots/2026-07-01T053352Z/raw,1081,1043,144e01281e848a2a4c711cb0058eddc75099bb40,d3881a1328862a39dc4af32e15c4826237a09adca2da7038eafb5659ddb68bb4,8bda06ce0251beedd6a5f2cd61a08ef37682841102d3b9d86a1ab602640baf4e,AAP,0.595513413506013,0.6382978723404256,0.44413695263834285,0.31770334928229665,0.4941305174451697,0.4333652924256951,0.49857407856006775,0.45297504798464494,0.29276049177067276,0.5941176470588235,0.595513413506013,0.5119047619047619,"Advance Auto Parts, Inc.",Consumer Cyclical,Auto Parts,3753683456,62.220001220703125,592.0,392.0,2026-06-30,none,NOT_SELECTED,,
2026-07-01T053352Z,2026-07-01T05:33:52.980988+00:00,2026-07-01T07:21:20.090043+00:00,2026-06-30,data/prospective/daily_qvp/snapshots/2026-07-01T053352Z/raw,1081,1043,144e01281e848a2a4c711cb0058eddc75099bb40,d3881a1328862a39dc4af32e15c4826237a09adca2da7038eafb5659ddb68bb4,8bda06ce0251beedd6a5f2cd61a08ef37682841102d3b9d86a1ab602640baf4e,IPGP,0.6043015726179464,0.6577243293246994,0.4785345173456356,0.4258373205741627,0.49355595158342275,0.4324065196548418,0.44206961855482374,0.2255278310940499,0.3527674620733249,0.523598820058997,0.6043015726179464,0.28761061946902655,IPG Photonics Corporation,Technology,Semiconductor Equipment & Materials,4979485184,117.31999969482422,593.0,372.0,2026-06-30,none,NOT_SELECTED,,
2026-07-01T053352Z,2026-07-01T05:33:52.980988+00:00,2026-07-01T07:21:20.090043+00:00,2026-06-30,data/prospective/daily_qvp/snapshots/2026-07-01T053352Z/raw,1081,1043,144e01281e848a2a4c711cb0058eddc75099bb40,d3881a1328862a39dc4af32e15c4826237a09adca2da7038eafb5659ddb68bb4,8bda06ce0251beedd6a5f2cd61a08ef37682841102d3b9d86a1ab602640baf4e,TR,0.530296022201665,0.5050878815911193,0.5861707383735598,0.7253588516746412,0.49347409494264255,0.4314477468839885,0.47048435908576974,0.3416506717850288,0.6420454545454546,0.308080808080808,0.530296022201665,0.4015151515151515,"Tootsie Roll Industries, Inc.",Consumer Defensive,Confectioners,2973020160,39.54999923706055,594.0,536.0,2026-06-30,none,NOT_SELECTED,,
2026-07-01T053352Z,2026-07-01T05:33:52.980988+00:00,2026-07-01T07:21:20.090043+00:00,2026-06-30,data/prospective/daily_qvp/snapshots/2026-07-01T053352Z/raw,1081,1043,144e01281e848a2a4c711cb0058eddc75099bb40,d3881a1328862a39dc4af32e15c4826237a09adca2da7038eafb5659ddb68bb4,8bda06ce0251beedd6a5f2cd61a08ef37682841102d3b9d86a1ab602640baf4e,SYK,0.3630897317298797,0.25624421831637373,0.4925599857383664,0.4727272727272727,0.4933146626799599,0.4304889741131352,0.46458895961317537,0.31957773512476007,0.6220302397468531,0.494824016563147,0.3630897317298797,0.37841185041282177,Stryker Corporation,Healthcare,Medical Devices,120697298944,314.8399963378906,595.0,805.0,2026-06-30,none,NOT_SELECTED,,
2026-07-01T053352Z,2026-07-01T05:33:52.980988+00:00,2026-07-01T07:21:20.090043+00:00,2026-06-30,data/prospective/daily_qvp/snapshots/2026-07-01T053352Z/raw,1081,1043,144e01281e848a2a4c711cb0058eddc75099bb40,d3881a1328862a39dc4af32e15c4826237a09adca2da7038eafb5659ddb68bb4,8bda06ce0251beedd6a5f2cd61a08ef37682841102d3b9d86a1ab602640baf4e,MCK,0.39338575393154485,0.303422756706753,0.4344646058063536,0.29282296650717704,0.4932317523871204,0.42953020134228187,0.4872683990402189,0.4165067178502879,0.47554345768116235,0.6107660455486542,0.39338575393154485,0.4693783389995143,McKesson Corporation,Healthcare,Medical Distribution,88463941632,755.5999755859375,596.0,754.0,2026-06-30,none,NOT_SELECTED,,
2026-07-01T053352Z,2026-07-01T05:33:52.980988+00:00,2026-07-01T07:21:20.090043+00:00,2026-06-30,data/prospective/daily_qvp/snapshots/2026-07-01T053352Z/raw,1081,1043,144e01281e848a2a4c711cb0058eddc75099bb40,d3881a1328862a39dc4af32e15c4826237a09adca2da7038eafb5659ddb68bb4,8bda06ce0251beedd6a5f2cd61a08ef37682841102d3b9d86a1ab602640baf4e,EAT,0.36748381128584645,0.2645698427382054,0.4799576478569686,0.430622009569378,0.493174379617064,0.42857142857142855,0.6027676894747027,0.8800383877159309,0.5924314844280907,0.5196078431372548,0.36748381128584645,0.931547619047619,"Brinker International, Inc.",Consumer Cyclical,Restaurants,7205149184,168.0,597.0,796.0,2026-06-30,none,NOT_SELECTED,,
2026-07-01T053352Z,2026-07-01T05:33:52.980988+00:00,2026-07-01T07:21:20.090043+00:00,2026-06-30,data/prospective/daily_qvp/snapshots/2026-07-01T053352Z/raw,1081,1043,144e01281e848a2a4c711cb0058eddc75099bb40,d3881a1328862a39dc4af32e15c4826237a09adca2da7038eafb5659ddb68bb4,8bda06ce0251beedd6a5f2cd61a08ef37682841102d3b9d86a1ab602640baf4e,MANH,0.23311748381128578,0.10083256244218317,0.5606366496174001,0.6583732057416268,0.49273515087571024,0.4276126558005753,0.45085667289129594,0.2629558541266795,0.8881558154235145,0.35693215339233036,0.23311748381128578,0.32522123893805305,"Manhattan Associates, Inc.",Technology,Software - Application,8238670336,139.25,598.0,973.0,2026-06-30,none,NOT_SELECTED,,
2026-07-01T053352Z,2026-07-01T05:33:52.980988+00:00,2026-07-01T07:21:20.090043+00:00,2026-06-30,data/prospective/daily_qvp/snapshots/2026-07-01T053352Z/raw,1081,1043,144e01281e848a2a4c711cb0058eddc75099bb40,d3881a1328862a39dc4af32e15c4826237a09adca2da7038eafb5659ddb68bb4,8bda06ce0251beedd6a5f2cd61a08ef37682841102d3b9d86a1ab602640baf4e,TPL,0.5538852913968547,0.5481036077705828,0.6927035152636447,0.9244019138755981,0.49254236321731865,0.42665388302972196,0.5034647434274817,0.47696737044145876,0.8315217391304347,0.09222005912466646,0.5538852913968547,0.536231884057971,Texas Pacific Land Corporation,Energy,Oil & Gas E&P,30185971712,437.6400146484375,599.0,489.0,2026-06-30,none,NOT_SELECTED,,
2026-07-01T053352Z,2026-07-01T05:33:52.980988+00:00,2026-07-01T07:21:20.090043+00:00,2026-06-30,data/prospective/daily_qvp/snapshots/2026-07-01T053352Z/raw,1081,1043,144e01281e848a2a4c711cb0058eddc75099bb40,d3881a1328862a39dc4af32e15c4826237a09adca2da7038eafb5659ddb68bb4,8bda06ce0251beedd6a5f2cd61a08ef37682841102d3b9d86a1ab602640baf4e,CE,0.35013876040703046,0.2414431082331175,0.30430666833910847,0.07751196172248803,0.4919483250320987,0.42569511025886864,0.4134527691978028,0.13915547024952016,0.2584745762711864,0.8672316384180792,0.35013876040703046,0.17796610169491525,Celanese Corporation,Basic Materials,Chemicals,5044476416,46.0,600.0,821.0,2026-06-30,none,NOT_SELECTED,,
2026-07-01T053352Z,2026-07-01T05:33:52.980988+00:00,2026-07-01T07:21:20.090043+00:00,2026-06-30,data/prospective/daily_qvp/snapshots/2026-07-01T053352Z/raw,1081,1043,144e01281e848a2a4c711cb0058eddc75099bb40,d3881a1328862a39dc4af32e15c4826237a09adca2da7038eafb5659ddb68bb4,8bda06ce0251beedd6a5f2cd61a08ef37682841102d3b9d86a1ab602640baf4e,OKE,0.6184088806660499,0.6854764107308048,0.5229725562750539,0.5617224880382775,0.4918934978719313,0.4247363374880153,0.5156592538387311,0.5393474088291746,0.4275362318840579,0.4297353810656861,0.6184088806660499,0.5869565217391305,"ONEOK, Inc.",Energy,Oil & Gas Midstream,54775054336,86.94000244140625,601.0,341.0,2026-06-30,none,NOT_SELECTED,,
2026-07-01T053352Z,2026-07-01T05:33:52.980988+00:00,2026-07-01T07:21:20.090043+00:00,2026-06-30,data/prospective/daily_qvp/snapshots/2026-07-01T053352Z/raw,1081,1043,144e01281e848a2a4c711cb0058eddc75099bb40,d3881a1328862a39dc4af32e15c4826237a09adca2da7038eafb5659ddb68bb4,8bda06ce0251beedd6a5f2cd61a08ef37682841102d3b9d86a1ab602640baf4e,INDV,0.6447733580018501,0.7326549491211841,0.6145350174552379,0.7933014354066986,0.49181561550155956,0.42377756471716205,0.46070848190300306,0.30998080614203455,0.5842966769086256,0.24637681159420288,0.6447733580018501,0.36738708110733365,"Indivior Pharmaceuticals, Inc.",Healthcare,Drug Manufacturers - Specialty & Generic,4849933824,41.029998779296875,602.0,290.0,2026-06-30,none,NOT_SELECTED,,
2026-07-01T053352Z,2026-07-01T05:33:52.980988+00:00,2026-07-01T07:21:20.090043+00:00,2026-06-30,data/prospective/daily_qvp/snapshots/2026-07-01T053352Z/raw,1081,1043,144e01281e848a2a4c711cb0058eddc75099bb40,d3881a1328862a39dc4af32e15c4826237a09adca2da7038eafb5659ddb68bb4,8bda06ce0251beedd6a5f2cd61a08ef37682841102d3b9d86a1ab602640baf4e,FBIN,0.3055041628122109,0.1822386679000925,0.37138685968213936,0.16076555023923444,0.4915418570720435,0.4228187919463087,0.4008786150262548,0.11036468330134357,0.4372695565520678,0.7318518518518519,0.3055041628122109,0.12888888888888886,"Fortune Brands Innovations, Inc.",Industrials,Building Products & Equipment,6549208576,54.900001525878906,603.0,885.0,2026-06-30,none,NOT_SELECTED,,
2026-07-01T053352Z,2026-07-01T05:33:52.980988+00:00,2026-07-01T07:21:20.090043+00:00,2026-06-30,data/prospective/daily_qvp/snapshots/2026-07-01T053352Z/raw,1081,1043,144e01281e848a2a4c711cb0058eddc75099bb40,d3881a1328862a39dc4af32e15c4826237a09adca2da7038eafb5659ddb68bb4,8bda06ce0251beedd6a5f2cd61a08ef37682841102d3b9d86a1ab602640baf4e,LII,0.45235892691951896,0.38020351526364476,0.5724487708837754,0.691866028708134,0.49126214355214654,0.4218600191754554,0.4651132743307766,0.32149712092130517,0.6925386148480319,0.32888888888888884,0.45235892691951896,0.38666666666666666,Lennox International Inc.,Industrials,Building Products & Equipment,19938641920,572.9500122070312,604.0,671.0,2026-06-30,none,NOT_SELECTED,,
2026-07-01T053352Z,2026-07-01T05:33:52.980988+00:00,2026-07-01T07:21:20.090043+00:00,2026-06-30,data/prospective/daily_qvp/snapshots/2026-07-01T053352Z/raw,1081,1043,144e01281e848a2a4c711cb0058eddc75099bb40,d3881a1328862a39dc4af32e15c4826237a09adca2da7038eafb5659ddb68bb4,8bda06ce0251beedd6a5f2cd61a08ef37682841102d3b9d86a1ab602640baf4e,CTAS,0.3876040703052729,0.2923219241443108,0.6101560461142708,0.7827751196172249,0.49121514185395815,0.42090124640460214,0.5423002452793575,0.6669865642994242,0.8327080219232685,0.25333333333333324,0.3876040703052729,0.6955555555555556,Cintas Corporation,Industrials,Specialty Business Services,68055285760,170.0800018310547,605.0,766.0,2026-06-30,none,NOT_SELECTED,,
2026-07-01T053352Z,2026-07-01T05:33:52.980988+00:00,2026-07-01T07:21:20.090043+00:00,2026-06-30,data/prospective/daily_qvp/snapshots/2026-07-01T053352Z/raw,1081,1043,144e01281e848a2a4c711cb0058eddc75099bb40,d3881a1328862a39dc4af32e15c4826237a09adca2da7038eafb5659ddb68bb4,8bda06ce0251beedd6a5f2cd61a08ef37682841102d3b9d86a1ab602640baf4e,MOH,0.3684088806660499,0.26549491211840887,0.38299791571273545,0.18086124401913875,0.49066665740407345,0.4199424736337488,0.44934409213027704,0.2543186180422265,0.3975869507594211,0.7060041407867494,0.3684088806660499,0.32537639630888776,"Molina Healthcare, Inc.",Healthcare,Healthcare Plans,11915270144,228.6999969482422,606.0,795.0,2026-06-30,none,NOT_SELECTED,,
2026-07-01T053352Z,2026-07-01T05:33:52.980988+00:00,2026-07-01T07:21:20.090043+00:00,2026-06-30,data/prospective/daily_qvp/snapshots/2026-07-01T053352Z/raw,1081,1043,144e01281e848a2a4c711cb0058eddc75099bb40,d3881a1328862a39dc4af32e15c4826237a09adca2da7038eafb5659ddb68bb4,8bda06ce0251beedd6a5f2cd61a08ef37682841102d3b9d86a1ab602640baf4e,MTDR,0.5097132284921368,0.46253469010175763,0.4794942954054887,0.42870813397129187,0.4900909165755148,0.4189837008628955,0.4563363033736651,0.2840690978886756,0.4492753623188406,0.5112841589155671,0.5097132284921368,0.3550724637681159,Matador Resources Company,Energy,Oil & Gas E&P,6181592064,49.779998779296875,607.0,582.0,2026-06-30,none,NOT_SELECTED,,
2026-07-01T053352Z,2026-07-01T05:33:52.980988+00:00,2026-07-01T07:21:20.090043+00:00,2026-06-30,data/prospective/daily_qvp/snapshots/2026-07-01T053352Z/raw,1081,1043,144e01281e848a2a4c711cb0058eddc75099bb40,d3881a1328862a39dc4af32e15c4826237a09adca2da7038eafb5659ddb68bb4,8bda06ce0251beedd6a5f2cd61a08ef37682841102d3b9d86a1ab602640baf4e,ENSG,0.42044403330249763,0.3348751156336725,0.4054577470939041,0.22200956937799043,0.4897668624518367,0.41802492809204217,0.49231907593066965,0.43570057581573896,0.39047146088531054,0.6583850931677019,0.42044403330249763,0.49997571636716853,"The Ensign Group, Inc.",Healthcare,Medical Care Facilities,9368798208,160.3000030517578,608.0,720.0,2026-06-30,none,NOT_SELECTED,,
2026-07-01T053352Z,2026-07-01T05:33:52.980988+00:00,2026-07-01T07:21:20.090043+00:00,2026-06-30,data/prospective/daily_qvp/snapshots/2026-07-01T053352Z/raw,1081,1043,144e01281e848a2a4c711cb0058eddc75099bb40,d3881a1328862a39dc4af32e15c4826237a09adca2da7038eafb5659ddb68bb4,8bda06ce0251beedd6a5f2cd61a08ef37682841102d3b9d86a1ab602640baf4e,ROP,0.27983348751156334,0.1549491211840888,0.3648248900895364,0.15502392344497606,0.48952927775880606,0.4170661553211889,0.46062040964653816,0.30902111324376197,0.44981629266750944,0.7389380530973453,0.27983348751156334,0.3738938053097345,"Roper Technologies, Inc.",Technology,Software - Application,34149427200,338.3900146484375,609.0,914.0,2026-06-30,none,NOT_SELECTED,,
2026-07-01T053352Z,2026-07-01T05:33:52.980988+00:00,2026-07-01T07:21:20.090043+00:00,2026-06-30,data/prospective/daily_qvp/snapshots/2026-07-01T053352Z/raw,1081,1043,144e01281e848a2a4c711cb0058eddc75099bb40,d3881a1328862a39dc4af32e15c4826237a09adca2da7038eafb5659ddb68bb4,8bda06ce0251beedd6a5f2cd61a08ef37682841102d3b9d86a1ab602640baf4e,LUV,0.5703052728954672,0.5883441258094357,0.4683589144746394,0.3952153110047847,0.4895232269337102,0.4161073825503356,0.4793646424225049,0.3781190019193858,0.3664125560538116,0.5318518518518519,0.5703052728954672,0.4488888888888889,Southwest Airlines Co.,Industrials,Airlines,25132744704,51.41999816894531,610.0,446.0,2026-06-30,none,NOT_SELECTED,,
2026-07-01T053352Z,2026-07-01T05:33:52.980988+00:00,2026-07-01T07:21:20.090043+00:00,2026-06-30,data/prospective/daily_qvp/snapshots/2026-07-01T053352Z/raw,1081,1043,144e01281e848a2a4c711cb0058eddc75099bb40,d3881a1328862a39dc4af32e15c4826237a09adca2da7038eafb5659ddb68bb4,8bda06ce0251beedd6a5f2cd61a08ef37682841102d3b9d86a1ab602640baf4e,FA,0.4518963922294172,0.37835337650323775,0.3831031537629398,0.18181818181818182,0.48947617658270065,0.41514860977948226,0.6143293546592477,0.9069097888675623,0.31430991529646235,0.7022222222222222,0.4518963922294172,0.9888888888888888,First Advantage Corporation,Industrials,Specialty Business Services,3096243456,18.049999237060547,611.0,673.0,2026-06-30,none,NOT_SELECTED,,
2026-07-01T053352Z,2026-07-01T05:33:52.980988+00:00,2026-07-01T07:21:20.090043+00:00,2026-06-30,data/prospective/daily_qvp/snapshots/2026-07-01T053352Z/raw,1081,1043,144e01281e848a2a4c711cb0058eddc75099bb40,d3881a1328862a39dc4af32e15c4826237a09adca2da7038eafb5659ddb68bb4,8bda06ce0251beedd6a5f2cd61a08ef37682841102d3b9d86a1ab602640baf4e,CDNS,0.5855689176688252,0.6216466234967623,0.6239959395550194,0.8114832535885167,0.48925196363648293,0.41418983700862894,0.49636375148842415,0.44625719769673705,0.6624229614412136,0.21976401179941,0.5855689176688252,0.5176991150442478,"Cadence Design Systems, Inc.",Technology,Software - Application,103519264768,375.3200073242187,612.0,410.0,2026-06-30,none,NOT_SELECTED,,
2026-07-01T053352Z,2026-07-01T05:33:52.980988+00:00,2026-07-01T07:21:20.090043+00:00,2026-06-30,data/prospective/daily_qvp/snapshots/2026-07-01T053352Z/raw,1081,1043,144e01281e848a2a4c711cb0058eddc75099bb40,d3881a1328862a39dc4af32e15c4826237a09adca2da7038eafb5659ddb68bb4,8bda06ce0251beedd6a5f2cd61a08ef37682841102d3b9d86a1ab602640baf4e,HOG,0.4817298797409806,0.4158186864014801,0.398523787433184,0.20382775119617225,0.4892119367201619,0.41323106423777567,0.45842680968297855,0.2946257197696737,0.31531769512538743,0.6705882352941176,0.4817298797409806,0.36607142857142855,"Harley-Davidson, Inc.",Consumer Cyclical,Recreational Vehicles,2574862592,24.459999084472656,613.0,633.0,2026-06-30,none,NOT_SELECTED,,
2026-07-01T053352Z,2026-07-01T05:33:52.980988+00:00,2026-07-01T07:21:20.090043+00:00,2026-06-30,data/prospective/daily_qvp/snapshots/2026-07-01T053352Z/raw,1081,1043,144e01281e848a2a4c711cb0058eddc75099bb40,d3881a1328862a39dc4af32e15c4826237a09adca2da7038eafb5659ddb68bb4,8bda06ce0251beedd6a5f2cd61a08ef37682841102d3b9d86a1ab602640baf4e,PWR,0.773126734505088,0.9648473635522664,0.5980830483686377,0.754066985645933,0.48909240261612874,0.41227229146692235,0.5379304130732077,0.6410748560460653,0.4230393622321873,0.271111111111111,0.773126734505088,0.6844444444444444,"Quanta Services, Inc.",Industrials,Engineering & Construction,108049301504,720.0399780273438,614.0,39.0,2026-06-30,none,NOT_SELECTED,,
2026-07-01T053352Z,2026-07-01T05:33:52.980988+00:00,2026-07-01T07:21:20.090043+00:00,2026-06-30,data/prospective/daily_qvp/snapshots/2026-07-01T053352Z/raw,1081,1043,144e01281e848a2a4c711cb0058eddc75099bb40,d3881a1328862a39dc4af32e15c4826237a09adca2da7038eafb5659ddb68bb4,8bda06ce0251beedd6a5f2cd61a08ef37682841102d3b9d86a1ab602640baf4e,THO,0.23288621646623492,0.09990749306197964,0.3197906750705033,0.09186602870813397,0.4890107768443878,0.411313518696069,0.4158652254904337,0.14875239923224567,0.4066951336747716,0.8274509803921569,0.23288621646623492,0.1964285714285714,"THOR Industries, Inc.",Consumer Cyclical,Recreational Vehicles,3912632320,75.16000366210938,615.0,974.0,2026-06-30,none,NOT_SELECTED,,
2026-07-01T053352Z,2026-07-01T05:33:52.980988+00:00,2026-07-01T07:21:20.090043+00:00,2026-06-30,data/prospective/daily_qvp/snapshots/2026-07-01T053352Z/raw,1081,1043,144e01281e848a2a4c711cb0058eddc75099bb40,d3881a1328862a39dc4af32e15c4826237a09adca2da7038eafb5659ddb68bb4,8bda06ce0251beedd6a5f2cd61a08ef37682841102d3b9d86a1ab602640baf4e,KR,0.387372802960222,0.2913968547641073,0.3925500378437473,0.19712918660287082,0.48897275250189215,0.4103547459252157,0.4330174431642979,0.20441458733205375,0.3977272727272727,0.6818181818181818,0.387372802960222,0.2651515151515151,The Kroger Co.,Consumer Defensive,Grocery Stores,34020302848,55.529998779296875,616.0,767.0,2026-06-30,none,NOT_SELECTED,,
2026-07-01T053352Z,2026-07-01T05:33:52.980988+00:00,2026-07-01T07:21:20.090043+00:00,2026-06-30,data/prospective/daily_qvp/snapshots/2026-07-01T053352Z/raw,1081,1043,144e01281e848a2a4c711cb0058eddc75099bb40,d3881a1328862a39dc4af32e15c4826237a09adca2da7038eafb5659ddb68bb4,8bda06ce0251beedd6a5f2cd61a08ef37682841102d3b9d86a1ab602640baf4e,ABT,0.27497687326549486,0.14939870490286772,0.41766971466698577,0.2516746411483254,0.48893646954334585,0.40939597315436244,0.46894858819442053,0.3310940499040307,0.5603625560684766,0.6314699792960662,0.27497687326549486,0.40898494414764447,Abbott Laboratories,Healthcare,Medical Devices,158052122624,90.73999786376952,617.0,921.0,2026-06-30,none,NOT_SELECTED,,
2026-07-01T053352Z,2026-07-01T05:33:52.980988+00:00,2026-07-01T07:21:20.090043+00:00,2026-06-30,data/prospective/daily_qvp/snapshots/2026-07-01T053352Z/raw,1081,1043,144e01281e848a2a4c711cb0058eddc75099bb40,d3881a1328862a39dc4af32e15c4826237a09adca2da7038eafb5659ddb68bb4,8bda06ce0251beedd6a5f2cd61a08ef37682841102d3b9d86a1ab602640baf4e,NI,0.6391073080481036,0.7224791859389454,0.554613560511486,0.6440191387559808,0.4883864414709342,0.4084372003835091,0.5667208655859592,0.7667946257197696,0.4701198129748685,0.35593220338983045,0.6391073080481036,0.8017241379310345,NiSource Inc.,Utilities,Utilities - Regulated Gas,22797334528,47.54999923706055,618.0,301.0,2026-06-30,none,NOT_SELECTED,,
2026-07-01T053352Z,2026-07-01T05:33:52.980988+00:00,2026-07-01T07:21:20.090043+00:00,2026-06-30,data/prospective/daily_qvp/snapshots/2026-07-01T053352Z/raw,1081,1043,144e01281e848a2a4c711cb0058eddc75099bb40,d3881a1328862a39dc4af32e15c4826237a09adca2da7038eafb5659ddb68bb4,8bda06ce0251beedd6a5f2cd61a08ef37682841102d3b9d86a1ab602640baf4e,PCTY,0.19472710453283992,0.07585568917668825,0.37929998557868294,0.17320574162679425,0.4883632155578634,0.4074784276126558,0.4785511727303444,0.3752399232245681,0.563872866624526,0.7064896755162242,0.19472710453283992,0.4491150442477876,Paylocity Holding Corporation,Technology,Software - Application,5596960256,104.52999877929688,619.0,1000.0,2026-06-30,none,NOT_SELECTED,,
2026-07-01T053352Z,2026-07-01T05:33:52.980988+00:00,2026-07-01T07:21:20.090043+00:00,2026-06-30,data/prospective/daily_qvp/snapshots/2026-07-01T053352Z/raw,1081,1043,144e01281e848a2a4c711cb0058eddc75099bb40,d3881a1328862a39dc4af32e15c4826237a09adca2da7038eafb5659ddb68bb4,8bda06ce0251beedd6a5f2cd61a08ef37682841102d3b9d86a1ab602640baf4e,NFG,0.4419518963922295,0.35522664199814985,0.5235121800801728,0.5626794258373206,0.48835967147508424,0.40651965484180247,0.5510523623019653,0.7092130518234165,0.605072463768116,0.4180546542649073,0.4419518963922295,0.7391304347826086,National Fuel Gas Company,Energy,Oil & Gas Integrated,7337679872,77.20999908447266,620.0,698.0,2026-06-30,none,NOT_SELECTED,,
2026-07-01T053352Z,2026-07-01T05:33:52.980988+00:00,2026-07-01T07:21:20.090043+00:00,2026-06-30,data/prospective/daily_qvp/snapshots/2026-07-01T053352Z/raw,1081,1043,144e01281e848a2a4c711cb0058eddc75099bb40,d3881a1328862a39dc4af32e15c4826237a09adca2da7038eafb5659ddb68bb4,8bda06ce0251beedd6a5f2cd61a08ef37682841102d3b9d86a1ab602640baf4e,TECH,0.3882978723404255,0.29509713228492135,0.5290257363146149,0.583732057416268,0.4879495246928351,0.4055608820709492,0.4224883698430843,0.1727447216890595,0.6697536002888044,0.40579710144927533,0.3882978723404255,0.22610490529383195,Bio-Techne Corporation,Healthcare,Biotechnology,11008023552,70.6500015258789,621.0,763.0,2026-06-30,none,NOT_SELECTED,,
2026-07-01T053352Z,2026-07-01T05:33:52.980988+00:00,2026-07-01T07:21:20.090043+00:00,2026-06-30,data/prospective/daily_qvp/snapshots/2026-07-01T053352Z/raw,1081,1043,144e01281e848a2a4c711cb0058eddc75099bb40,d3881a1328862a39dc4af32e15c4826237a09adca2da7038eafb5659ddb68bb4,8bda06ce0251beedd6a5f2cd61a08ef37682841102d3b9d86a1ab602640baf4e,OPCH,0.1394542090656799,0.045328399629972246,0.31027588150703633,0.08038277511961722,0.48773395551124704,0.4046021093000959,0.47164675123761207,0.345489443378119,0.4810975539483927,0.8426501035196686,0.1394542090656799,0.4233851384167071,"Option Care Health, Inc.",Healthcare,Medical Care Facilities,3292866560,20.969999313354492,622.0,1033.0,2026-06-30,none,NOT_SELECTED,,
2026-07-01T053352Z,2026-07-01T05:33:52.980988+00:00,2026-07-01T07:21:20.090043+00:00,2026-06-30,data/prospective/daily_qvp/snapshots/2026-07-01T053352Z/raw,1081,1043,144e01281e848a2a4c711cb0058eddc75099bb40,d3881a1328862a39dc4af32e15c4826237a09adca2da7038eafb5659ddb68bb4,8bda06ce0251beedd6a5f2cd61a08ef37682841102d3b9d86a1ab602640baf4e,BG,0.6551803885291396,0.755781683626272,0.4241811033554789,0.2679425837320574,0.4873328567824404,0.40364333652924256,0.5217496425868303,0.5623800383877159,0.19318181818181815,0.6136363636363636,0.6551803885291396,0.625,Bunge Global SA,Consumer Defensive,Farm Products,20707553280,106.7300033569336,623.0,265.0,2026-06-30,none,NOT_SELECTED,,
2026-07-01T053352Z,2026-07-01T05:33:52.980988+00:00,2026-07-01T07:21:20.090043+00:00,2026-06-30,data/prospective/daily_qvp/snapshots/2026-07-01T053352Z/raw,1081,1043,144e01281e848a2a4c711cb0058eddc75099bb40,d3881a1328862a39dc4af32e15c4826237a09adca2da7038eafb5659ddb68bb4,8bda06ce0251beedd6a5f2cd61a08ef37682841102d3b9d86a1ab602640baf4e,PAYC,0.22571692876965768,0.09343200740055504,0.40446422449860886,0.21722488038277513,0.4869486177090037,0.40268456375838924,0.42107429514015987,0.1689059500959693,0.5832115202275601,0.6519174041297935,0.22571692876965768,0.22345132743362828,"Paycom Software, Inc.",Technology,Software - Application,5860093440,125.68000030517578,624.0,981.0,2026-06-30,none,NOT_SELECTED,,
2026-07-01T053352Z,2026-07-01T05:33:52.980988+00:00,2026-07-01T07:21:20.090043+00:00,2026-06-30,data/prospective/daily_qvp/snapshots/2026-07-01T053352Z/raw,1081,1043,144e01281e848a2a4c711cb0058eddc75099bb40,d3881a1328862a39dc4af32e15c4826237a09adca2da7038eafb5659ddb68bb4,8bda06ce0251beedd6a5f2cd61a08ef37682841102d3b9d86a1ab602640baf4e,SDRL,0.5848751156336726,0.6207215541165587,0.4391766882516189,0.2985645933014354,0.4866220342423968,0.40172579098753597,0.4446766706093338,0.23704414587332054,0.2934782608695652,0.5815127262239527,0.5848751156336726,0.3188405797101449,Seadrill Limited,Energy,Oil & Gas Drilling,2364903680,37.81999969482422,625.0,411.0,2026-06-30,none,NOT_SELECTED,,
2026-07-01T053352Z,2026-07-01T05:33:52.980988+00:00,2026-07-01T07:21:20.090043+00:00,2026-06-30,data/prospective/daily_qvp/snapshots/2026-07-01T053352Z/raw,1081,1043,144e01281e848a2a4c711cb0058eddc75099bb40,d3881a1328862a39dc4af32e15c4826237a09adca2da7038eafb5659ddb68bb4,8bda06ce0251beedd6a5f2cd61a08ef37682841102d3b9d86a1ab602640baf4e,KO,0.6546022201665125,0.7539315448658649,0.6511647464468926,0.8641148325358852,0.4862983831531473,0.40076701821668265,0.5200268176678907,0.5547024952015355,0.6477272727272727,0.1565656565656565,0.6546022201665125,0.6212121212121212,The Coca-Cola Company,Consumer Defensive,Beverages - Non-Alcoholic,349662740480,81.2699966430664,626.0,267.0,2026-06-30,none,NOT_SELECTED,,
2026-07-01T053352Z,2026-07-01T05:33:52.980988+00:00,2026-07-01T07:21:20.090043+00:00,2026-06-30,data/prospective/daily_qvp/snapshots/2026-07-01T053352Z/raw,1081,1043,144e01281e848a2a4c711cb0058eddc75099bb40,d3881a1328862a39dc4af32e15c4826237a09adca2da7038eafb5659ddb68bb4,8bda06ce0251beedd6a5f2cd61a08ef37682841102d3b9d86a1ab602640baf4e,GSAT,0.6530989824236817,0.7460684551341351,0.5786363353866526,0.7052631578947368,0.48599910281815495,0.3998082454458293,0.5339437715580606,0.6257197696737045,0.5041736883496236,0.3007246376811594,0.6530989824236817,0.6777777777777778,"Globalstar, Inc.",Communication Services,Telecom Services,10469252096,81.29000091552734,627.0,276.0,2026-06-30,none,NOT_SELECTED,,
2026-07-01T053352Z,2026-07-01T05:33:52.980988+00:00,2026-07-01T07:21:20.090043+00:00,2026-06-30,data/prospective/daily_qvp/snapshots/2026-07-01T053352Z/raw,1081,1043,144e01281e848a2a4c711cb0058eddc75099bb40,d3881a1328862a39dc4af32e15c4826237a09adca2da7038eafb5659ddb68bb4,8bda06ce0251beedd6a5f2cd61a08ef37682841102d3b9d86a1ab602640baf4e,FROG,0.6271970397779834,0.7025901942645698,0.6072092578788779,0.7732057416267942,0.4859271158720542,0.39884947267497606,0.549179850178377,0.6986564299424184,0.5872214759797725,0.24336283185840704,0.6271970397779834,0.7389380530973452,JFrog Ltd.,Technology,Software - Application,11007361024,90.87999725341795,628.0,323.0,2026-06-30,none,NOT_SELECTED,,
2026-07-01T053352Z,2026-07-01T05:33:52.980988+00:00,2026-07-01T07:21:20.090043+00:00,2026-06-30,data/prospective/daily_qvp/snapshots/2026-07-01T053352Z/raw,1081,1043,144e01281e848a2a4c711cb0058eddc75099bb40,d3881a1328862a39dc4af32e15c4826237a09adca2da7038eafb5659ddb68bb4,8bda06ce0251beedd6a5f2cd61a08ef37682841102d3b9d86a1ab602640baf4e,DORM,0.4472710453283997,0.36725254394079554,0.5099701674688673,0.5339712918660288,0.4857317456328396,0.39789069990412274,0.5458464282722488,0.6813819577735125,0.5726692896093348,0.43725490196078426,0.4472710453283997,0.7261904761904762,"Dorman Products, Inc.",Consumer Cyclical,Auto Parts,4077506304,136.4499969482422,629.0,685.0,2026-06-30,none,NOT_SELECTED,,
2026-07-01T053352Z,2026-07-01T05:33:52.980988+00:00,2026-07-01T07:21:20.090043+00:00,2026-06-30,data/prospective/daily_qvp/snapshots/2026-07-01T053352Z/raw,1081,1043,144e01281e848a2a4c711cb0058eddc75099bb40,d3881a1328862a39dc4af32e15c4826237a09adca2da7038eafb5659ddb68bb4,8bda06ce0251beedd6a5f2cd61a08ef37682841102d3b9d86a1ab602640baf4e,ISRG,0.2717391304347826,0.14384828862164661,0.5608618347310321,0.6593301435406699,0.4857091320567129,0.3969319271332694,0.5137961763859052,0.519193857965451,0.8499845390272818,0.3354037267080745,0.2717391304347826,0.5980573093734822,"Intuitive Surgical, Inc.",Healthcare,Medical Instruments & Supplies,140843483136,397.6799926757813,630.0,927.0,2026-06-30,none,NOT_SELECTED,,
2026-07-01T053352Z,2026-07-01T05:33:52.980988+00:00,2026-07-01T07:21:20.090043+00:00,2026-06-30,data/prospective/daily_qvp/snapshots/2026-07-01T053352Z/raw,1081,1043,144e01281e848a2a4c711cb0058eddc75099bb40,d3881a1328862a39dc4af32e15c4826237a09adca2da7038eafb5659ddb68bb4,8bda06ce0251beedd6a5f2cd61a08ef37682841102d3b9d86a1ab602640baf4e,AIN,0.5515726179463459,0.543940795559667,0.4682996826658453,0.39425837320574164,0.48540240282298175,0.3959731543624161,0.37744465926009346,0.07197696737044146,0.38502674738534465,0.5196078431372548,0.5515726179463459,0.053571428571428506,Albany International Corp.,Consumer Cyclical,Textile Manufacturing,2112444800,74.5,631.0,494.0,2026-06-30,none,NOT_SELECTED,,
2026-07-01T053352Z,2026-07-01T05:33:52.980988+00:00,2026-07-01T07:21:20.090043+00:00,2026-06-30,data/prospective/daily_qvp/snapshots/2026-07-01T053352Z/raw,1081,1043,144e01281e848a2a4c711cb0058eddc75099bb40,d3881a1328862a39dc4af32e15c4826237a09adca2da7038eafb5659ddb68bb4,8bda06ce0251beedd6a5f2cd61a08ef37682841102d3b9d86a1ab602640baf4e,RDDT,0.25069380203515257,0.1211840888066605,0.6044665224084312,0.769377990430622,0.48510328547035514,0.3950143815915628,0.6110496863249886,0.9011516314779271,0.9582392427817099,0.24637681159420288,0.25069380203515257,0.9888888888888888,"Reddit, Inc.",Communication Services,Internet Content & Information,33415718912,173.5800018310547,632.0,951.0,2026-06-30,none,NOT_SELECTED,,
2026-07-01T053352Z,2026-07-01T05:33:52.980988+00:00,2026-07-01T07:21:20.090043+00:00,2026-06-30,data/prospective/daily_qvp/snapshots/2026-07-01T053352Z/raw,1081,1043,144e01281e848a2a4c711cb0058eddc75099bb40,d3881a1328862a39dc4af32e15c4826237a09adca2da7038eafb5659ddb68bb4,8bda06ce0251beedd6a5f2cd61a08ef37682841102d3b9d86a1ab602640baf4e,ESI,0.7638760407030527,0.9500462534690102,0.5916837830633908,0.7425837320574162,0.4848513356015825,0.3940556088207095,0.49711307797237336,0.44817658349328215,0.41949152542372875,0.2711864406779661,0.7638760407030527,0.5338983050847458,Element Solutions Inc,Basic Materials,Specialty Chemicals,11632243712,47.75,633.0,55.0,2026-06-30,none,NOT_SELECTED,,
2026-07-01T053352Z,2026-07-01T05:33:52.980988+00:00,2026-07-01T07:21:20.090043+00:00,2026-06-30,data/prospective/daily_qvp/snapshots/2026-07-01T053352Z/raw,1081,1043,144e01281e848a2a4c711cb0058eddc75099bb40,d3881a1328862a39dc4af32e15c4826237a09adca2da7038eafb5659ddb68bb4,8bda06ce0251beedd6a5f2cd61a08ef37682841102d3b9d86a1ab602640baf4e,CPAY,0.5215078630897317,0.486586493987049,0.4534787261087091,0.3397129186602871,0.4847183641118041,0.3930968360498562,0.45203434830509204,0.2687140115163148,0.38544958912768645,0.547197640117994,0.5215078630897317,0.35398230088495575,"Corpay, Inc.",Technology,Software - Infrastructure,21783166976,333.2699890136719,634.0,556.0,2026-06-30,none,NOT_SELECTED,,
2026-07-01T053352Z,2026-07-01T05:33:52.980988+00:00,2026-07-01T07:21:20.090043+00:00,2026-06-30,data/prospective/daily_qvp/snapshots/2026-07-01T053352Z/raw,1081,1043,144e01281e848a2a4c711cb0058eddc75099bb40,d3881a1328862a39dc4af32e15c4826237a09adca2da7038eafb5659ddb68bb4,8bda06ce0251beedd6a5f2cd61a08ef37682841102d3b9d86a1ab602640baf4e,BR,0.25300647548566135,0.12580943570767808,0.3690117317377738,0.15789473684210525,0.4844542321712985,0.39213806327900286,0.45902651483643847,0.29750479846449135,0.4850169879898862,0.715339233038348,0.25300647548566135,0.3827433628318584,"Broadridge Financial Solutions, Inc.",Technology,Information Technology Services,15839403008,136.9499969482422,635.0,946.0,2026-06-30,none,NOT_SELECTED,,
2026-07-01T053352Z,2026-07-01T05:33:52.980988+00:00,2026-07-01T07:21:20.090043+00:00,2026-06-30,data/prospective/daily_qvp/snapshots/2026-07-01T053352Z/raw,1081,1043,144e01281e848a2a4c711cb0058eddc75099bb40,d3881a1328862a39dc4af32e15c4826237a09adca2da7038eafb5659ddb68bb4,8bda06ce0251beedd6a5f2cd61a08ef37682841102d3b9d86a1ab602640baf4e,MTRN,0.8006475485661424,0.9824236817761333,0.607950892927139,0.7741626794258373,0.4843966404824995,0.3911792905081496,0.486178836294078,0.4126679462571977,0.4152542372881356,0.23728813559322035,0.8006475485661424,0.4915254237288136,Materion Corporation,Basic Materials,Other Industrial Metals & Mining,6186153472,297.3900146484375,636.0,20.0,2026-06-30,none,NOT_SELECTED,,
2026-07-01T053352Z,2026-07-01T05:33:52.980988+00:00,2026-07-01T07:21:20.090043+00:00,2026-06-30,data/prospective/daily_qvp/snapshots/2026-07-01T053352Z/raw,1081,1043,144e01281e848a2a4c711cb0058eddc75099bb40,d3881a1328862a39dc4af32e15c4826237a09adca2da7038eafb5659ddb68bb4,8bda06ce0251beedd6a5f2cd61a08ef37682841102d3b9d86a1ab602640baf4e,GATX,0.5148011100832561,0.47548566142460685,0.4160515266410302,0.24401913875598086,0.48428126467426696,0.39022051773729627,0.5382109485057003,0.6439539347408829,0.31730194319880417,0.6207407407407407,0.5148011100832561,0.7,GATX Corporation,Industrials,Rental & Leasing Services,6290734080,177.19000244140625,637.0,568.0,2026-06-30,none,NOT_SELECTED,,
2026-07-01T053352Z,2026-07-01T05:33:52.980988+00:00,2026-07-01T07:21:20.090043+00:00,2026-06-30,data/prospective/daily_qvp/snapshots/2026-07-01T053352Z/raw,1081,1043,144e01281e848a2a4c711cb0058eddc75099bb40,d3881a1328862a39dc4af32e15c4826237a09adca2da7038eafb5659ddb68bb4,8bda06ce0251beedd6a5f2cd61a08ef37682841102d3b9d86a1ab602640baf4e,DDOG,0.7104532839962997,0.8464384828862165,0.6456521318843698,0.8535885167464115,0.4840237418068856,0.38926174496644295,0.4780620541427749,0.3742802303262956,0.5808509797724399,0.16076696165191737,0.7104532839962997,0.46017699115044247,"Datadog, Inc.",Technology,Software - Application,92677791744,260.3599853515625,638.0,167.0,2026-06-30,none,NOT_SELECTED,,
2026-07-01T053352Z,2026-07-01T05:33:52.980988+00:00,2026-07-01T07:21:20.090043+00:00,2026-06-30,data/prospective/daily_qvp/snapshots/2026-07-01T053352Z/raw,1081,1043,144e01281e848a2a4c711cb0058eddc75099bb40,d3881a1328862a39dc4af32e15c4826237a09adca2da7038eafb5659ddb68bb4,8bda06ce0251beedd6a5f2cd61a08ef37682841102d3b9d86a1ab602640baf4e,KMX,0.40194264569842736,0.3172987974098057,0.28288969670763275,0.05454545454545454,0.48336437296848717,0.3883029721955896,0.4265113749644606,0.18234165067178504,0.16383674771683815,0.884313725490196,0.40194264569842736,0.25595238095238093,"CarMax, Inc.",Consumer Cyclical,Auto & Truck Dealerships,7505678336,52.88999938964844,639.0,739.0,2026-06-30,none,NOT_SELECTED,,
2026-07-01T053352Z,2026-07-01T05:33:52.980988+00:00,2026-07-01T07:21:20.090043+00:00,2026-06-30,data/prospective/daily_qvp/snapshots/2026-07-01T053352Z/raw,1081,1043,144e01281e848a2a4c711cb0058eddc75099bb40,d3881a1328862a39dc4af32e15c4826237a09adca2da7038eafb5659ddb68bb4,8bda06ce0251beedd6a5f2cd61a08ef37682841102d3b9d86a1ab602640baf4e,AMSC,0.4891304347826087,0.42923219241443106,0.5589212213773531,0.6555023923444976,0.48323143153551934,0.38734419942473636,0.5907569069849729,0.8474088291746641,0.6287120079720976,0.33185185185185184,0.4891304347826087,0.9133333333333333,American Superconductor Corporation,Industrials,Specialty Industrial Machinery,2011670272,41.5099983215332,640.0,618.0,2026-06-30,none,NOT_SELECTED,,
2026-07-01T053352Z,2026-07-01T05:33:52.980988+00:00,2026-07-01T07:21:20.090043+00:00,2026-06-30,data/prospective/daily_qvp/snapshots/2026-07-01T053352Z/raw,1081,1043,144e01281e848a2a4c711cb0058eddc75099bb40,d3881a1328862a39dc4af32e15c4826237a09adca2da7038eafb5659ddb68bb4,8bda06ce0251beedd6a5f2cd61a08ef37682841102d3b9d86a1ab602640baf4e,TYL,0.16535615171137832,0.061979648473635525,0.4022893274359673,0.21148325358851675,0.48304047591109717,0.38638542665388304,0.47013433923420783,0.33589251439539347,0.6392225031605563,0.644542772861357,0.16535615171137832,0.43141592920353977,"Tyler Technologies, Inc.",Technology,Software - Application,12031966208,292.4599914550781,641.0,1015.0,2026-06-30,none,NOT_SELECTED,,
2026-07-01T053352Z,2026-07-01T05:33:52.980988+00:00,2026-07-01T07:21:20.090043+00:00,2026-06-30,data/prospective/daily_qvp/snapshots/2026-07-01T053352Z/raw,1081,1043,144e01281e848a2a4c711cb0058eddc75099bb40,d3881a1328862a39dc4af32e15c4826237a09adca2da7038eafb5659ddb68bb4,8bda06ce0251beedd6a5f2cd61a08ef37682841102d3b9d86a1ab602640baf4e,AMR,0.3741905642923219,0.272895467160037,0.37671392621395755,0.17033492822966506,0.48278103555506774,0.3854266538830297,0.3716196749713855,0.060460652591170824,0.3792372881355932,0.6949152542372881,0.3741905642923219,0.03813559322033895,"Alpha Metallurgical Resources, Inc.",Basic Materials,Coking Coal,2097150080,164.94000244140625,642.0,787.0,2026-06-30,none,NOT_SELECTED,,
2026-07-01T053352Z,2026-07-01T05:33:52.980988+00:00,2026-07-01T07:21:20.090043+00:00,2026-06-30,data/prospective/daily_qvp/snapshots/2026-07-01T053352Z/raw,1081,1043,144e01281e848a2a4c711cb0058eddc75099bb40,d3881a1328862a39dc4af32e15c4826237a09adca2da7038eafb5659ddb68bb4,8bda06ce0251beedd6a5f2cd61a08ef37682841102d3b9d86a1ab602640baf4e,VECO,0.7574005550416282,0.9329324699352451,0.533602102742053,0.5990430622009569,0.48257839297847777,0.3844678811121764,0.3682944142028849,0.05758157389635317,0.3098036504424778,0.38053097345132736,0.7574005550416282,0.02544247787610615,Veeco Instruments Inc.,Technology,Semiconductor Equipment & Materials,4626338304,75.80000305175781,643.0,74.0,2026-06-30,none,NOT_SELECTED,,
2026-07-01T053352Z,2026-07-01T05:33:52.980988+00:00,2026-07-01T07:21:20.090043+00:00,2026-06-30,data/prospective/daily_qvp/snapshots/2026-07-01T053352Z/raw,1081,1043,144e01281e848a2a4c711cb0058eddc75099bb40,d3881a1328862a39dc4af32e15c4826237a09adca2da7038eafb5659ddb68bb4,8bda06ce0251beedd6a5f2cd61a08ef37682841102d3b9d86a1ab602640baf4e,CSX,0.7590194264569842,0.9380203515263644,0.5879825582708438,0.7311004784688995,0.482358742550933,0.3835091083413231,0.3862135013576441,0.07965451055662189,0.4169456900847035,0.2711111111111111,0.7590194264569842,0.09777777777777776,CSX Corporation,Industrials,Railroads,88317337600,47.529998779296875,644.0,68.0,2026-06-30,none,NOT_SELECTED,,
2026-07-01T053352Z,2026-07-01T05:33:52.980988+00:00,2026-07-01T07:21:20.090043+00:00,2026-06-30,data/prospective/daily_qvp/snapshots/2026-07-01T053352Z/raw,1081,1043,144e01281e848a2a4c711cb0058eddc75099bb40,d3881a1328862a39dc4af32e15c4826237a09adca2da7038eafb5659ddb68bb4,8bda06ce0251beedd6a5f2cd61a08ef37682841102d3b9d86a1ab602640baf4e,OTTR,0.5888066604995374,0.6262719703977798,0.47686969796277323,0.42105263157894735,0.4823575764196266,0.3825503355704698,0.3995459600924977,0.10460652591170826,0.36493273542600896,0.49333333333333335,0.5888066604995374,0.15111111111111108,Otter Tail Corporation,Industrials,Conglomerates,3777734144,89.9800033569336,645.0,405.0,2026-06-30,none,NOT_SELECTED,,
2026-07-01T053352Z,2026-07-01T05:33:52.980988+00:00,2026-07-01T07:21:20.090043+00:00,2026-06-30,data/prospective/daily_qvp/snapshots/2026-07-01T053352Z/raw,1081,1043,144e01281e848a2a4c711cb0058eddc75099bb40,d3881a1328862a39dc4af32e15c4826237a09adca2da7038eafb5659ddb68bb4,8bda06ce0251beedd6a5f2cd61a08ef37682841102d3b9d86a1ab602640baf4e,GTLB,0.15541165587419054,0.05735430157261795,0.42089038466908013,0.2602870813397129,0.48216684444998653,0.3815915627996165,0.5751207085587289,0.7975047984644914,0.6863691134639697,0.6047197640117995,0.15541165587419054,0.8539823008849557,GitLab Inc.,Technology,Software - Infrastructure,5156516864,30.530000686645508,646.0,1020.0,2026-06-30,none,NOT_SELECTED,,
2026-07-01T053352Z,2026-07-01T05:33:52.980988+00:00,2026-07-01T07:21:20.090043+00:00,2026-06-30,data/prospective/daily_qvp/snapshots/2026-07-01T053352Z/raw,1081,1043,144e01281e848a2a4c711cb0058eddc75099bb40,d3881a1328862a39dc4af32e15c4826237a09adca2da7038eafb5659ddb68bb4,8bda06ce0251beedd6a5f2cd61a08ef37682841102d3b9d86a1ab602640baf4e,FSLY,0.6361008325624422,0.7169287696577243,0.4506703198842552,0.3349282296650718,0.4818628091263766,0.38063279002876316,0.543366133393455,0.6708253358925144,0.2652398072060682,0.5442477876106194,0.6361008325624422,0.7278761061946903,"Fastly, Inc.",Technology,Software - Application,2873340160,18.36000061035156,647.0,307.0,2026-06-30,none,NOT_SELECTED,,
2026-07-01T053352Z,2026-07-01T05:33:52.980988+00:00,2026-07-01T07:21:20.090043+00:00,2026-06-30,data/prospective/daily_qvp/snapshots/2026-07-01T053352Z/raw,1081,1043,144e01281e848a2a4c711cb0058eddc75099bb40,d3881a1328862a39dc4af32e15c4826237a09adca2da7038eafb5659ddb68bb4,8bda06ce0251beedd6a5f2cd61a08ef37682841102d3b9d86a1ab602640baf4e,OTIS,0.3295559666975023,0.20814061054579094,0.47272890512254284,0.4105263157894737,0.48132544292120144,0.3796740172579099,0.4882163044131233,0.41938579654510555,0.6159018435475834,0.4985185185185185,0.3295559666975023,0.5088888888888888,Otis Worldwide Corporation,Industrials,Specialty Industrial Machinery,27474069504,71.5999984741211,648.0,857.0,2026-06-30,none,NOT_SELECTED,,
2026-07-01T053352Z,2026-07-01T05:33:52.980988+00:00,2026-07-01T07:21:20.090043+00:00,2026-06-30,data/prospective/daily_qvp/snapshots/2026-07-01T053352Z/raw,1081,1043,144e01281e848a2a4c711cb0058eddc75099bb40,d3881a1328862a39dc4af32e15c4826237a09adca2da7038eafb5659ddb68bb4,8bda06ce0251beedd6a5f2cd61a08ef37682841102d3b9d86a1ab602640baf4e,PKG,0.5911193339500462,0.6308973172987974,0.52491212541402,0.5722488038277512,0.4813139659622878,0.37871524448705657,0.5112830935193349,0.508637236084453,0.45870491687799375,0.39411764705882346,0.5911193339500462,0.6011904761904763,Packaging Corporation of America,Consumer Cyclical,Packaging & Containers,21230426112,238.27999877929688,649.0,400.0,2026-06-30,none,NOT_SELECTED,,
2026-07-01T053352Z,2026-07-01T05:33:52.980988+00:00,2026-07-01T07:21:20.090043+00:00,2026-06-30,data/prospective/daily_qvp/snapshots/2026-07-01T053352Z/raw,1081,1043,144e01281e848a2a4c711cb0058eddc75099bb40,d3881a1328862a39dc4af32e15c4826237a09adca2da7038eafb5659ddb68bb4,8bda06ce0251beedd6a5f2cd61a08ef37682841102d3b9d86a1ab602640baf4e,ICUI,0.408418131359852,0.3251618871415356,0.38025586183860016,0.17511961722488037,0.4812471791139323,0.37775647171620325,0.415907458157693,0.14971209213051823,0.3520935923173484,0.6832298136645963,0.408418131359852,0.21988829528897522,"ICU Medical, Inc.",Healthcare,Medical Instruments & Supplies,3664059648,146.60000610351562,650.0,731.0,2026-06-30,none,NOT_SELECTED,,
2026-07-01T053352Z,2026-07-01T05:33:52.980988+00:00,2026-07-01T07:21:20.090043+00:00,2026-06-30,data/prospective/daily_qvp/snapshots/2026-07-01T053352Z/raw,1081,1043,144e01281e848a2a4c711cb0058eddc75099bb40,d3881a1328862a39dc4af32e15c4826237a09adca2da7038eafb5659ddb68bb4,8bda06ce0251beedd6a5f2cd61a08ef37682841102d3b9d86a1ab602640baf4e,DG,0.3267807585568917,0.20444033302497688,0.35278431867238524,0.1416267942583732,0.4809807915728359,0.37679769894535,0.53876589670993,0.6477927063339731,0.3787878787878788,0.7373737373737373,0.3267807585568917,0.7121212121212122,Dollar General Corporation,Consumer Defensive,Discount Stores,25391728640,115.11000061035156,651.0,861.0,2026-06-30,none,NOT_SELECTED,,
2026-07-01T053352Z,2026-07-01T05:33:52.980988+00:00,2026-07-01T07:21:20.090043+00:00,2026-06-30,data/prospective/daily_qvp/snapshots/2026-07-01T053352Z/raw,1081,1043,144e01281e848a2a4c711cb0058eddc75099bb40,d3881a1328862a39dc4af32e15c4826237a09adca2da7038eafb5659ddb68bb4,8bda06ce0251beedd6a5f2cd61a08ef37682841102d3b9d86a1ab602640baf4e,WTRG,0.496068455134135,0.44033302497687327,0.4694325326518133,0.3990430622009569,0.48056330802022956,0.37583892617449666,0.563008687911724,0.753358925143954,0.44279661016949157,0.5028248587570622,0.496068455134135,0.810344827586207,"Essential Utilities, Inc.",Utilities,Utilities - Regulated Water,10865980416,38.310001373291016,652.0,606.0,2026-06-30,none,NOT_SELECTED,,
2026-07-01T053352Z,2026-07-01T05:33:52.980988+00:00,2026-07-01T07:21:20.090043+00:00,2026-06-30,data/prospective/daily_qvp/snapshots/2026-07-01T053352Z/raw,1081,1043,144e01281e848a2a4c711cb0058eddc75099bb40,d3881a1328862a39dc4af32e15c4826237a09adca2da7038eafb5659ddb68bb4,8bda06ce0251beedd6a5f2cd61a08ef37682841102d3b9d86a1ab602640baf4e,PSN,0.2291859389454209,0.09805735430157261,0.27758384336651576,0.05071770334928229,0.48053278839970265,0.37488015340364333,0.3952447240431398,0.09596928982725528,0.3259817477876106,0.8864306784660766,0.2291859389454209,0.1393805309734513,Parsons Corporation,Technology,Information Technology Services,5604604416,52.38999938964844,653.0,976.0,2026-06-30,none,NOT_SELECTED,,
2026-07-01T053352Z,2026-07-01T05:33:52.980988+00:00,2026-07-01T07:21:20.090043+00:00,2026-06-30,data/prospective/daily_qvp/snapshots/2026-07-01T053352Z/raw,1081,1043,144e01281e848a2a4c711cb0058eddc75099bb40,d3881a1328862a39dc4af32e15c4826237a09adca2da7038eafb5659ddb68bb4,8bda06ce0251beedd6a5f2cd61a08ef37682841102d3b9d86a1ab602640baf4e,PRIM,0.2962534690101757,0.1692876965772433,0.37020695373777346,0.1598086124401914,0.47989105557826867,0.37392138063279,0.5438071805725904,0.6746641074856046,0.4441604384653712,0.6992592592592591,0.2962534690101757,0.7355555555555555,Primoris Services Corporation,Industrials,Engineering & Construction,5377749504,99.12000274658205,654.0,899.0,2026-06-30,none,NOT_SELECTED,,
2026-07-01T053352Z,2026-07-01T05:33:52.980988+00:00,2026-07-01T07:21:20.090043+00:00,2026-06-30,data/prospective/daily_qvp/snapshots/2026-07-01T053352Z/raw,1081,1043,144e01281e848a2a4c711cb0058eddc75099bb40,d3881a1328862a39dc4af32e15c4826237a09adca2da7038eafb5659ddb68bb4,8bda06ce0251beedd6a5f2cd61a08ef37682841102d3b9d86a1ab602640baf4e,ITT,0.5714616096207216,0.5938945420906568,0.5055290110883877,0.5167464114832536,0.47973539010830785,0.37296260786193675,0.5031348759145643,0.4760076775431862,0.4395964125560538,0.42814814814814817,0.5714616096207216,0.5733333333333334,ITT Inc.,Industrials,Specialty Industrial Machinery,17766723584,197.7599945068359,655.0,440.0,2026-06-30,none,NOT_SELECTED,,
2026-07-01T053352Z,2026-07-01T05:33:52.980988+00:00,2026-07-01T07:21:20.090043+00:00,2026-06-30,data/prospective/daily_qvp/snapshots/2026-07-01T053352Z/raw,1081,1043,144e01281e848a2a4c711cb0058eddc75099bb40,d3881a1328862a39dc4af32e15c4826237a09adca2da7038eafb5659ddb68bb4,8bda06ce0251beedd6a5f2cd61a08ef37682841102d3b9d86a1ab602640baf4e,CHWY,0.10719241443108228,0.028677150786308975,0.4104443458792907,0.22966507177033493,0.47951191686070355,0.3720038350910834,0.5292767947883849,0.6007677543186181,0.7136962773274991,0.6176470588235293,0.10719241443108228,0.6785714285714286,"Chewy, Inc.",Consumer Cyclical,Internet Retail,8045185024,19.649999618530273,656.0,1051.0,2026-06-30,none,NOT_SELECTED,,
2026-07-01T053352Z,2026-07-01T05:33:52.980988+00:00,2026-07-01T07:21:20.090043+00:00,2026-06-30,data/prospective/daily_qvp/snapshots/2026-07-01T053352Z/raw,1081,1043,144e01281e848a2a4c711cb0058eddc75099bb40,d3881a1328862a39dc4af32e15c4826237a09adca2da7038eafb5659ddb68bb4,8bda06ce0251beedd6a5f2cd61a08ef37682841102d3b9d86a1ab602640baf4e,LYV,0.624190564292322,0.6970397779833487,0.4943191895722929,0.4784688995215311,0.47930458048780883,0.3710450623202301,0.4872562131436344,0.41554702495201534,0.3644478148522638,0.4492753623188406,0.624190564292322,0.5111111111111111,"Live Nation Entertainment, Inc.",Communication Services,Entertainment,42612039680,183.11000061035156,657.0,329.0,2026-06-30,none,NOT_SELECTED,,
2026-07-01T053352Z,2026-07-01T05:33:52.980988+00:00,2026-07-01T07:21:20.090043+00:00,2026-06-30,data/prospective/daily_qvp/snapshots/2026-07-01T053352Z/raw,1081,1043,144e01281e848a2a4c711cb0058eddc75099bb40,d3881a1328862a39dc4af32e15c4826237a09adca2da7038eafb5659ddb68bb4,8bda06ce0251beedd6a5f2cd61a08ef37682841102d3b9d86a1ab602640baf4e,TMO,0.41951896392229415,0.333950046253469,0.43935907270186536,0.3014354066985646,0.4792414521946184,0.3700862895493768,0.4302057370332877,0.1948176583493282,0.4591991814814365,0.5590062111801243,0.41951896392229415,0.28309859154929573,Thermo Fisher Scientific Inc.,Healthcare,Diagnostics & Research,186316128256,501.3599853515625,658.0,721.0,2026-06-30,none,NOT_SELECTED,,
2026-07-01T053352Z,2026-07-01T05:33:52.980988+00:00,2026-07-01T07:21:20.090043+00:00,2026-06-30,data/prospective/daily_qvp/snapshots/2026-07-01T053352Z/raw,1081,1043,144e01281e848a2a4c711cb0058eddc75099bb40,d3881a1328862a39dc4af32e15c4826237a09adca2da7038eafb5659ddb68bb4,8bda06ce0251beedd6a5f2cd61a08ef37682841102d3b9d86a1ab602640baf4e,CCL,0.3334875115633672,0.21461609620721553,0.41188214397719847,0.23349282296650717,0.4791632593834918,0.3691275167785235,0.5491045873947616,0.6976967370441459,0.4902767763910298,0.6137254901960784,0.3334875115633672,0.7589285714285714,Carnival Corporation Ltd.,Consumer Cyclical,Travel Services,39130873856,28.56999969482422,659.0,850.0,2026-06-30,none,NOT_SELECTED,,
2026-07-01T053352Z,2026-07-01T05:33:52.980988+00:00,2026-07-01T07:21:20.090043+00:00,2026-06-30,data/prospective/daily_qvp/snapshots/2026-07-01T053352Z/raw,1081,1043,144e01281e848a2a4c711cb0058eddc75099bb40,d3881a1328862a39dc4af32e15c4826237a09adca2da7038eafb5659ddb68bb4,8bda06ce0251beedd6a5f2cd61a08ef37682841102d3b9d86a1ab602640baf4e,HGV,0.586031452358927,0.6225716928769658,0.44391567935600035,0.3157894736842105,0.47895032218504596,0.3681687440076702,0.4172484559244988,0.15451055662188098,0.30179990635307374,0.5490196078431372,0.586031452358927,0.2321428571428571,Hilton Grand Vacations Inc.,Consumer Cyclical,Resorts & Casinos,4111854336,52.369998931884766,660.0,409.0,2026-06-30,none,NOT_SELECTED,,
2026-07-01T053352Z,2026-07-01T05:33:52.980988+00:00,2026-07-01T07:21:20.090043+00:00,2026-06-30,data/prospective/daily_qvp/snapshots/2026-07-01T053352Z/raw,1081,1043,144e01281e848a2a4c711cb0058eddc75099bb40,d3881a1328862a39dc4af32e15c4826237a09adca2da7038eafb5659ddb68bb4,8bda06ce0251beedd6a5f2cd61a08ef37682841102d3b9d86a1ab602640baf4e,BLDR,0.15240518038852907,0.05272895467160037,0.27495196737413496,0.04784688995215311,0.4786099535580654,0.36720997123681687,0.37229079850188235,0.06238003838771593,0.3974987543597409,0.885925925925926,0.15240518038852907,0.05333333333333325,"Builders FirstSource, Inc.",Industrials,Building Products & Equipment,9624457216,89.4800033569336,661.0,1025.0,2026-06-30,none,NOT_SELECTED,,
2026-07-01T053352Z,2026-07-01T05:33:52.980988+00:00,2026-07-01T07:21:20.090043+00:00,2026-06-30,data/prospective/daily_qvp/snapshots/2026-07-01T053352Z/raw,1081,1043,144e01281e848a2a4c711cb0058eddc75099bb40,d3881a1328862a39dc4af32e15c4826237a09adca2da7038eafb5659ddb68bb4,8bda06ce0251beedd6a5f2cd61a08ef37682841102d3b9d86a1ab602640baf4e,HAS,0.5175763182238668,0.48196114708603144,0.5099002681567348,0.5330143540669856,0.47849560360775784,0.36625119846596355,0.584318131277247,0.8301343570057581,0.5022242180896027,0.41568627450980383,0.5175763182238668,0.9017857142857142,"Hasbro, Inc.",Consumer Cyclical,Leisure,11685714944,82.58999633789062,662.0,561.0,2026-06-30,none,NOT_SELECTED,,
2026-07-01T053352Z,2026-07-01T05:33:52.980988+00:00,2026-07-01T07:21:20.090043+00:00,2026-06-30,data/prospective/daily_qvp/snapshots/2026-07-01T053352Z/raw,1081,1043,144e01281e848a2a4c711cb0058eddc75099bb40,d3881a1328862a39dc4af32e15c4826237a09adca2da7038eafb5659ddb68bb4,8bda06ce0251beedd6a5f2cd61a08ef37682841102d3b9d86a1ab602640baf4e,MTSI,0.7705827937095282,0.9620721554116559,0.6491583374363065,0.8564593301435407,0.4784949388218444,0.3652924256951103,0.553561469603109,0.7226487523992322,0.5277338811630847,0.13716814159292032,0.7705827937095282,0.7787610619469028,"MACOM Technology Solutions Holdings, Inc.",Technology,Semiconductors,29020624896,380.3699951171875,663.0,42.0,2026-06-30,none,NOT_SELECTED,,
2026-07-01T053352Z,2026-07-01T05:33:52.980988+00:00,2026-07-01T07:21:20.090043+00:00,2026-06-30,data/prospective/daily_qvp/snapshots/2026-07-01T053352Z/raw,1081,1043,144e01281e848a2a4c711cb0058eddc75099bb40,d3881a1328862a39dc4af32e15c4826237a09adca2da7038eafb5659ddb68bb4,8bda06ce0251beedd6a5f2cd61a08ef37682841102d3b9d86a1ab602640baf4e,DRI,0.5464847363552267,0.5319148936170213,0.5278398210640933,0.5818181818181818,0.4780370048924021,0.36433365292425696,0.5051051346216825,0.48272552783109407,0.5091949057729601,0.3784313725490196,0.5464847363552267,0.5863095238095238,"Darden Restaurants, Inc.",Consumer Cyclical,Restaurants,23595354112,206.0099945068359,664.0,507.0,2026-06-30,none,NOT_SELECTED,,
2026-07-01T053352Z,2026-07-01T05:33:52.980988+00:00,2026-07-01T07:21:20.090043+00:00,2026-06-30,data/prospective/daily_qvp/snapshots/2026-07-01T053352Z/raw,1081,1043,144e01281e848a2a4c711cb0058eddc75099bb40,d3881a1328862a39dc4af32e15c4826237a09adca2da7038eafb5659ddb68bb4,8bda06ce0251beedd6a5f2cd61a08ef37682841102d3b9d86a1ab602640baf4e,TRMB,0.2516188714153561,0.12488436632747456,0.36432772742702063,0.15406698564593302,0.47789006803885936,0.36337488015340363,0.4518910023565781,0.2667946257197697,0.47703658343868516,0.7050147492625367,0.2516188714153561,0.3738938053097345,Trimble Inc.,Technology,Scientific & Technical Instruments,11930647552,51.18000030517578,665.0,947.0,2026-06-30,none,NOT_SELECTED,,
2026-07-01T053352Z,2026-07-01T05:33:52.980988+00:00,2026-07-01T07:21:20.090043+00:00,2026-06-30,data/prospective/daily_qvp/snapshots/2026-07-01T053352Z/raw,1081,1043,144e01281e848a2a4c711cb0058eddc75099bb40,d3881a1328862a39dc4af32e15c4826237a09adca2da7038eafb5659ddb68bb4,8bda06ce0251beedd6a5f2cd61a08ef37682841102d3b9d86a1ab602640baf4e,KGS,0.8330249768732655,0.9990749306197965,0.6239400246685168,0.8105263157894737,0.47753619353126436,0.3624161073825503,0.541123159641202,0.6621880998080614,0.4148550724637682,0.18472853125675961,0.8330249768732655,0.7318840579710144,"Kodiak Gas Services, Inc.",Energy,Oil & Gas Equipment & Services,7582037504,75.12999725341797,666.0,2.0,2026-06-30,none,NOT_SELECTED,,
2026-07-01T053352Z,2026-07-01T05:33:52.980988+00:00,2026-07-01T07:21:20.090043+00:00,2026-06-30,data/prospective/daily_qvp/snapshots/2026-07-01T053352Z/raw,1081,1043,144e01281e848a2a4c711cb0058eddc75099bb40,d3881a1328862a39dc4af32e15c4826237a09adca2da7038eafb5659ddb68bb4,8bda06ce0251beedd6a5f2cd61a08ef37682841102d3b9d86a1ab602640baf4e,DKS,0.5180388529139685,0.482886216466235,0.47319942537963017,0.41244019138755983,0.4769041920831521,0.36145733461169705,0.49011862025284036,0.42994241842610365,0.4283599978452919,0.4843137254901961,0.5180388529139685,0.5297619047619048,"DICK'S Sporting Goods, Inc.",Consumer Cyclical,Specialty Retail,20300070912,226.80999755859375,667.0,560.0,2026-06-30,none,NOT_SELECTED,,
2026-07-01T053352Z,2026-07-01T05:33:52.980988+00:00,2026-07-01T07:21:20.090043+00:00,2026-06-30,data/prospective/daily_qvp/snapshots/2026-07-01T053352Z/raw,1081,1043,144e01281e848a2a4c711cb0058eddc75099bb40,d3881a1328862a39dc4af32e15c4826237a09adca2da7038eafb5659ddb68bb4,8bda06ce0251beedd6a5f2cd61a08ef37682841102d3b9d86a1ab602640baf4e,DLTR,0.44680851063829785,0.364477335800185,0.4828739522888459,0.4421052631578947,0.47679812307471875,0.3604985618408437,0.539416774124221,0.6535508637236085,0.5189393939393939,0.4646464646464646,0.44680851063829785,0.7272727272727273,"Dollar Tree, Inc.",Consumer Defensive,Discount Stores,23243515904,120.9499969482422,668.0,688.0,2026-06-30,none,NOT_SELECTED,,
2026-07-01T053352Z,2026-07-01T05:33:52.980988+00:00,2026-07-01T07:21:20.090043+00:00,2026-06-30,data/prospective/daily_qvp/snapshots/2026-07-01T053352Z/raw,1081,1043,144e01281e848a2a4c711cb0058eddc75099bb40,d3881a1328862a39dc4af32e15c4826237a09adca2da7038eafb5659ddb68bb4,8bda06ce0251beedd6a5f2cd61a08ef37682841102d3b9d86a1ab602640baf4e,COST,0.528677150786309,0.5032377428307123,0.5787325147870939,0.707177033492823,0.47673076743382015,0.3595397890699904,0.5261086816359711,0.5844529750479847,0.6287878787878788,0.2727272727272727,0.528677150786309,0.6742424242424243,Costco Wholesale Corporation,Consumer Defensive,Discount Stores,414861099008,935.469970703125,669.0,538.0,2026-06-30,none,NOT_SELECTED,,
2026-07-01T053352Z,2026-07-01T05:33:52.980988+00:00,2026-07-01T07:21:20.090043+00:00,2026-06-30,data/prospective/daily_qvp/snapshots/2026-07-01T053352Z/raw,1081,1043,144e01281e848a2a4c711cb0058eddc75099bb40,d3881a1328862a39dc4af32e15c4826237a09adca2da7038eafb5659ddb68bb4,8bda06ce0251beedd6a5f2cd61a08ef37682841102d3b9d86a1ab602640baf4e,AVGO,0.5737742830712304,0.5975948196114709,0.6112836728251221,0.7866028708133971,0.4763523403888228,0.3585810162991371,0.5679943437871924,0.7735124760076776,0.6487930625790139,0.20648967551622419,0.5737742830712304,0.8429203539823009,Broadcom Inc.,Technology,Semiconductors,1797175902208,377.75,670.0,436.0,2026-06-30,none,NOT_SELECTED,,
2026-07-01T053352Z,2026-07-01T05:33:52.980988+00:00,2026-07-01T07:21:20.090043+00:00,2026-06-30,data/prospective/daily_qvp/snapshots/2026-07-01T053352Z/raw,1081,1043,144e01281e848a2a4c711cb0058eddc75099bb40,d3881a1328862a39dc4af32e15c4826237a09adca2da7038eafb5659ddb68bb4,8bda06ce0251beedd6a5f2cd61a08ef37682841102d3b9d86a1ab602640baf4e,FORM,0.7407493061979649,0.9000925069380203,0.6141424312279331,0.7904306220095694,0.4762916109857804,0.3576222435282838,0.4468204781508397,0.24472168905950095,0.48753555625790135,0.2005899705014749,0.7407493061979649,0.3584070796460177,"FormFactor, Inc.",Technology,Semiconductor Equipment & Materials,12467305472,159.92999267578125,671.0,109.0,2026-06-30,none,NOT_SELECTED,,
2026-07-01T053352Z,2026-07-01T05:33:52.980988+00:00,2026-07-01T07:21:20.090043+00:00,2026-06-30,data/prospective/daily_qvp/snapshots/2026-07-01T053352Z/raw,1081,1043,144e01281e848a2a4c711cb0058eddc75099bb40,d3881a1328862a39dc4af32e15c4826237a09adca2da7038eafb5659ddb68bb4,8bda06ce0251beedd6a5f2cd61a08ef37682841102d3b9d86a1ab602640baf4e,PG,0.48681776133209986,0.425531914893617,0.5956816079387772,0.7492822966507177,0.476245651083764,0.3566634707574305,0.48597211710070176,0.41170825335892514,0.7045454545454546,0.23737373737373738,0.48681776133209986,0.5151515151515151,The Procter & Gamble Company,Consumer Defensive,Household & Personal Products,341465759744,146.63999938964844,672.0,622.0,2026-06-30,none,NOT_SELECTED,,
2026-07-01T053352Z,2026-07-01T05:33:52.980988+00:00,2026-07-01T07:21:20.090043+00:00,2026-06-30,data/prospective/daily_qvp/snapshots/2026-07-01T053352Z/raw,1081,1043,144e01281e848a2a4c711cb0058eddc75099bb40,d3881a1328862a39dc4af32e15c4826237a09adca2da7038eafb5659ddb68bb4,8bda06ce0251beedd6a5f2cd61a08ef37682841102d3b9d86a1ab602640baf4e,RBA,0.53422756706753,0.5106382978723404,0.49417407252230516,0.47751196172248805,0.4761160483482034,0.35570469798657717,0.44986481403893036,0.2581573896353167,0.4541205779770803,0.43999999999999995,0.53422756706753,0.37111111111111106,"RB Global, Inc.",Industrials,Specialty Business Services,21694633984,116.4499969482422,673.0,530.0,2026-06-30,none,NOT_SELECTED,,
2026-07-01T053352Z,2026-07-01T05:33:52.980988+00:00,2026-07-01T07:21:20.090043+00:00,2026-06-30,data/prospective/daily_qvp/snapshots/2026-07-01T053352Z/raw,1081,1043,144e01281e848a2a4c711cb0058eddc75099bb40,d3881a1328862a39dc4af32e15c4826237a09adca2da7038eafb5659ddb68bb4,8bda06ce0251beedd6a5f2cd61a08ef37682841102d3b9d86a1ab602640baf4e,SO,0.5720397779833487,0.5948196114708603,0.5277279544504704,0.5808612440191387,0.4761124216110481,0.3547459252157239,0.45837741965656187,0.29366602687140114,0.48341613091759206,0.37288135593220334,0.5720397779833487,0.4051724137931034,The Southern Company,Utilities,Utilities - Regulated Electric,107893989376,95.70999908447266,674.0,439.0,2026-06-30,none,NOT_SELECTED,,
2026-07-01T053352Z,2026-07-01T05:33:52.980988+00:00,2026-07-01T07:21:20.090043+00:00,2026-06-30,data/prospective/daily_qvp/snapshots/2026-07-01T053352Z/raw,1081,1043,144e01281e848a2a4c711cb0058eddc75099bb40,d3881a1328862a39dc4af32e15c4826237a09adca2da7038eafb5659ddb68bb4,8bda06ce0251beedd6a5f2cd61a08ef37682841102d3b9d86a1ab602640baf4e,SHW,0.4514338575393154,0.37604070305272896,0.5615220135154204,0.661244019138756,0.4760429242645176,0.3537871524448706,0.4799135491305916,0.381957773512476,0.6716101694915254,0.30508474576271183,0.4514338575393154,0.4915254237288136,The Sherwin-Williams Company,Basic Materials,Specialty Chemicals,84921573376,344.32000732421875,675.0,675.0,2026-06-30,none,NOT_SELECTED,,
2026-07-01T053352Z,2026-07-01T05:33:52.980988+00:00,2026-07-01T07:21:20.090043+00:00,2026-06-30,data/prospective/daily_qvp/snapshots/2026-07-01T053352Z/raw,1081,1043,144e01281e848a2a4c711cb0058eddc75099bb40,d3881a1328862a39dc4af32e15c4826237a09adca2da7038eafb5659ddb68bb4,8bda06ce0251beedd6a5f2cd61a08ef37682841102d3b9d86a1ab602640baf4e,TKO,0.4597594819611471,0.391304347826087,0.5073176693032339,0.5263157894736842,0.4758929389557791,0.35282837967401726,0.4958085931057232,0.44433781190019195,0.5548758566453207,0.41304347826086957,0.4597594819611471,0.5555555555555556,"TKO Group Holdings, Inc.",Communication Services,Entertainment,38475632640,201.30999755859375,676.0,659.0,2026-06-30,none,NOT_SELECTED,,
2026-07-01T053352Z,2026-07-01T05:33:52.980988+00:00,2026-07-01T07:21:20.090043+00:00,2026-06-30,data/prospective/daily_qvp/snapshots/2026-07-01T053352Z/raw,1081,1043,144e01281e848a2a4c711cb0058eddc75099bb40,d3881a1328862a39dc4af32e15c4826237a09adca2da7038eafb5659ddb68bb4,8bda06ce0251beedd6a5f2cd61a08ef37682841102d3b9d86a1ab602640baf4e,BALL,0.5508788159111934,0.5420906567992599,0.4537774443535878,0.34258373205741627,0.47572091061481014,0.35186960690316393,0.5442906829611076,0.6785028790786948,0.35667607279598224,0.5196078431372549,0.5508788159111934,0.75,Ball Corporation,Consumer Cyclical,Packaging & Containers,16613782528,62.400001525878906,677.0,496.0,2026-06-30,none,NOT_SELECTED,,
2026-07-01T053352Z,2026-07-01T05:33:52.980988+00:00,2026-07-01T07:21:20.090043+00:00,2026-06-30,data/prospective/daily_qvp/snapshots/2026-07-01T053352Z/raw,1081,1043,144e01281e848a2a4c711cb0058eddc75099bb40,d3881a1328862a39dc4af32e15c4826237a09adca2da7038eafb5659ddb68bb4,8bda06ce0251beedd6a5f2cd61a08ef37682841102d3b9d86a1ab602640baf4e,MGRC,0.5016188714153562,0.4486586493987049,0.48461611233946683,0.44688995215311006,0.4756700008189038,0.35091083413231067,0.4384191672808445,0.21689059500959693,0.46761335326357745,0.4577777777777778,0.5016188714153562,0.32666666666666666,McGrath RentCorp,Industrials,Rental & Leasing Services,2972710912,121.02999877929688,678.0,597.0,2026-06-30,none,NOT_SELECTED,,
2026-07-01T053352Z,2026-07-01T05:33:52.980988+00:00,2026-07-01T07:21:20.090043+00:00,2026-06-30,data/prospective/daily_qvp/snapshots/2026-07-01T053352Z/raw,1081,1043,144e01281e848a2a4c711cb0058eddc75099bb40,d3881a1328862a39dc4af32e15c4826237a09adca2da7038eafb5659ddb68bb4,8bda06ce0251beedd6a5f2cd61a08ef37682841102d3b9d86a1ab602640baf4e,MLM,0.4253006475485661,0.33950046253469013,0.5240910017403848,0.5655502392344498,0.47557102564236575,0.34995206136145734,0.543118947197876,0.6698656429942419,0.6228813559322034,0.3785310734463277,0.4253006475485661,0.7457627118644068,"Martin Marietta Materials, Inc.",Basic Materials,Building Materials,34628472832,576.7000122070312,679.0,715.0,2026-06-30,none,NOT_SELECTED,,
2026-07-01T053352Z,2026-07-01T05:33:52.980988+00:00,2026-07-01T07:21:20.090043+00:00,2026-06-30,data/prospective/daily_qvp/snapshots/2026-07-01T053352Z/raw,1081,1043,144e01281e848a2a4c711cb0058eddc75099bb40,d3881a1328862a39dc4af32e15c4826237a09adca2da7038eafb5659ddb68bb4,8bda06ce0251beedd6a5f2cd61a08ef37682841102d3b9d86a1ab602640baf4e,NOVT,0.589731729879741,0.6276595744680851,0.48579309313203234,0.4507177033492823,0.47528782413325255,0.348993288590604,0.4001605583654262,0.10652591170825336,0.38185445638432364,0.4542772861356932,0.589731729879741,0.17477876106194684,Novanta Inc.,Technology,Scientific & Technical Instruments,5777902592,162.24000549316406,680.0,403.0,2026-06-30,none,NOT_SELECTED,,
2026-07-01T053352Z,2026-07-01T05:33:52.980988+00:00,2026-07-01T07:21:20.090043+00:00,2026-06-30,data/prospective/daily_qvp/snapshots/2026-07-01T053352Z/raw,1081,1043,144e01281e848a2a4c711cb0058eddc75099bb40,d3881a1328862a39dc4af32e15c4826237a09adca2da7038eafb5659ddb68bb4,8bda06ce0251beedd6a5f2cd61a08ef37682841102d3b9d86a1ab602640baf4e,GOLF,0.6653561517113784,0.7733580018501388,0.588353504311095,0.7320574162679426,0.4752422054884424,0.3480345158197507,0.4635745112591889,0.31669865642994244,0.5113508569108116,0.24901960784313718,0.6653561517113784,0.42857142857142855,Acushnet Holdings Corp.,Consumer Cyclical,Leisure,6940411904,118.52999877929688,681.0,246.0,2026-06-30,none,NOT_SELECTED,,
2026-07-01T053352Z,2026-07-01T05:33:52.980988+00:00,2026-07-01T07:21:20.090043+00:00,2026-06-30,data/prospective/daily_qvp/snapshots/2026-07-01T053352Z/raw,1081,1043,144e01281e848a2a4c711cb0058eddc75099bb40,d3881a1328862a39dc4af32e15c4826237a09adca2da7038eafb5659ddb68bb4,8bda06ce0251beedd6a5f2cd61a08ef37682841102d3b9d86a1ab602640baf4e,COHU,0.7813367252543941,0.9722479185938946,0.504473079757412,0.5110047846889952,0.47446681226698656,0.34707574304889743,0.5101642684922754,0.5047984644913628,0.2276094342604298,0.41445427728613565,0.7813367252543941,0.6172566371681416,"Cohu, Inc.",Technology,Semiconductor Equipment & Materials,3486730240,73.91000366210938,682.0,31.0,2026-06-30,none,NOT_SELECTED,,
2026-07-01T053352Z,2026-07-01T05:33:52.980988+00:00,2026-07-01T07:21:20.090043+00:00,2026-06-30,data/prospective/daily_qvp/snapshots/2026-07-01T053352Z/raw,1081,1043,144e01281e848a2a4c711cb0058eddc75099bb40,d3881a1328862a39dc4af32e15c4826237a09adca2da7038eafb5659ddb68bb4,8bda06ce0251beedd6a5f2cd61a08ef37682841102d3b9d86a1ab602640baf4e,CXW,0.5793246993524515,0.6110083256244219,0.41498621614358994,0.24114832535885167,0.47418834162659085,0.3461169702780441,0.5256412562199431,0.5825335892514395,0.2506477329347284,0.5925925925925926,0.5793246993524515,0.6799999999999999,"CoreCivic, Inc.",Industrials,Security & Protection Services,3004231424,30.3799991607666,683.0,422.0,2026-06-30,none,NOT_SELECTED,,
2026-07-01T053352Z,2026-07-01T05:33:52.980988+00:00,2026-07-01T07:21:20.090043+00:00,2026-06-30,data/prospective/daily_qvp/snapshots/2026-07-01T053352Z/raw,1081,1043,144e01281e848a2a4c711cb0058eddc75099bb40,d3881a1328862a39dc4af32e15c4826237a09adca2da7038eafb5659ddb68bb4,8bda06ce0251beedd6a5f2cd61a08ef37682841102d3b9d86a1ab602640baf4e,NFLX,0.2548566142460684,0.12812210915818686,0.5187607416809491,0.554066985645933,0.4738598181254636,0.3451581975071908,0.5303948635940977,0.6046065259117083,0.7826648691158298,0.38405797101449274,0.2548566142460684,0.7,"Netflix, Inc.",Communication Services,Entertainment,300651020288,71.4000015258789,684.0,943.0,2026-06-30,none,NOT_SELECTED,,
2026-07-01T053352Z,2026-07-01T05:33:52.980988+00:00,2026-07-01T07:21:20.090043+00:00,2026-06-30,data/prospective/daily_qvp/snapshots/2026-07-01T053352Z/raw,1081,1043,144e01281e848a2a4c711cb0058eddc75099bb40,d3881a1328862a39dc4af32e15c4826237a09adca2da7038eafb5659ddb68bb4,8bda06ce0251beedd6a5f2cd61a08ef37682841102d3b9d86a1ab602640baf4e,TNL,0.5302960222016652,0.5060129509713228,0.5058222171737943,0.5177033492822967,0.47316252386749685,0.34419942473633747,0.4173718929006227,0.15547024952015356,0.48134841214592344,0.407843137254902,0.5302960222016652,0.25,Travel + Leisure Co.,Consumer Cyclical,Travel Services,4771106816,76.43000030517578,685.0,535.0,2026-06-30,none,NOT_SELECTED,,
2026-07-01T053352Z,2026-07-01T05:33:52.980988+00:00,2026-07-01T07:21:20.090043+00:00,2026-06-30,data/prospective/daily_qvp/snapshots/2026-07-01T053352Z/raw,1081,1043,144e01281e848a2a4c711cb0058eddc75099bb40,d3881a1328862a39dc4af32e15c4826237a09adca2da7038eafb5659ddb68bb4,8bda06ce0251beedd6a5f2cd61a08ef37682841102d3b9d86a1ab602640baf4e,SLAB,0.6598057354301572,0.7641073080481036,0.5554431253004136,0.645933014354067,0.473048612540492,0.3432406519654842,0.5843218576354575,0.8310940499040307,0.45108051517067,0.30825958702064893,0.6598057354301572,0.918141592920354,Silicon Laboratories Inc.,Technology,Semiconductors,7208507392,218.55999755859375,686.0,256.0,2026-06-30,none,NOT_SELECTED,,
2026-07-01T053352Z,2026-07-01T05:33:52.980988+00:00,2026-07-01T07:21:20.090043+00:00,2026-06-30,data/prospective/daily_qvp/snapshots/2026-07-01T053352Z/raw,1081,1043,144e01281e848a2a4c711cb0058eddc75099bb40,d3881a1328862a39dc4af32e15c4826237a09adca2da7038eafb5659ddb68bb4,8bda06ce0251beedd6a5f2cd61a08ef37682841102d3b9d86a1ab602640baf4e,AD,0.5969010175763182,0.6410730804810361,0.5356008289769019,0.6057416267942584,0.4730092483034419,0.3422818791946309,0.5978124917831369,0.8675623800383877,0.47430064037748565,0.34782608695652173,0.5969010175763182,0.9722222222222222,"Array Digital Infrastructure, Inc.",Communication Services,Telecom Services,3134421248,36.2599983215332,687.0,389.0,2026-06-30,none,NOT_SELECTED,,
2026-07-01T053352Z,2026-07-01T05:33:52.980988+00:00,2026-07-01T07:21:20.090043+00:00,2026-06-30,data/prospective/daily_qvp/snapshots/2026-07-01T053352Z/raw,1081,1043,144e01281e848a2a4c711cb0058eddc75099bb40,d3881a1328862a39dc4af32e15c4826237a09adca2da7038eafb5659ddb68bb4,8bda06ce0251beedd6a5f2cd61a08ef37682841102d3b9d86a1ab602640baf4e,ITGR,0.3841350601295097,0.2895467160037003,0.3614425310937402,0.1521531100478469,0.4728457453668413,0.34132310642377756,0.44690604287651514,0.2456813819577735,0.3387500020579707,0.6956521739130435,0.3841350601295097,0.3690869354055366,Integer Holdings Corporation,Healthcare,Medical Devices,3173079808,93.4499969482422,688.0,769.0,2026-06-30,none,NOT_SELECTED,,
2026-07-01T053352Z,2026-07-01T05:33:52.980988+00:00,2026-07-01T07:21:20.090043+00:00,2026-06-30,data/prospective/daily_qvp/snapshots/2026-07-01T053352Z/raw,1081,1043,144e01281e848a2a4c711cb0058eddc75099bb40,d3881a1328862a39dc4af32e15c4826237a09adca2da7038eafb5659ddb68bb4,8bda06ce0251beedd6a5f2cd61a08ef37682841102d3b9d86a1ab602640baf4e,GIS,0.30064754856614245,0.1757631822386679,0.3472934712527682,0.1291866028708134,0.47226972157591957,0.34036433365292423,0.4034447154243639,0.11900191938579655,0.3939393939393939,0.7222222222222223,0.30064754856614245,0.1969696969696969,"General Mills, Inc.",Consumer Defensive,Packaged Foods,18572105728,34.79999923706055,689.0,892.0,2026-06-30,none,NOT_SELECTED,,
2026-07-01T053352Z,2026-07-01T05:33:52.980988+00:00,2026-07-01T07:21:20.090043+00:00,2026-06-30,data/prospective/daily_qvp/snapshots/2026-07-01T053352Z/raw,1081,1043,144e01281e848a2a4c711cb0058eddc75099bb40,d3881a1328862a39dc4af32e15c4826237a09adca2da7038eafb5659ddb68bb4,8bda06ce0251beedd6a5f2cd61a08ef37682841102d3b9d86a1ab602640baf4e,MRVL,0.7445652173913042,0.910268270120259,0.6278333356235914,0.8191387559808613,0.4721445442997001,0.33940556088207097,0.5908340719415892,0.8483685220729367,0.5111014538558786,0.1607669616519174,0.7445652173913042,0.9469026548672566,"Marvell Technology, Inc.",Technology,Semiconductors,260818534400,297.8900146484375,690.0,98.0,2026-06-30,none,NOT_SELECTED,,
2026-07-01T053352Z,2026-07-01T05:33:52.980988+00:00,2026-07-01T07:21:20.090043+00:00,2026-06-30,data/prospective/daily_qvp/snapshots/2026-07-01T053352Z/raw,1081,1043,144e01281e848a2a4c711cb0058eddc75099bb40,d3881a1328862a39dc4af32e15c4826237a09adca2da7038eafb5659ddb68bb4,8bda06ce0251beedd6a5f2cd61a08ef37682841102d3b9d86a1ab602640baf4e,DCO,0.7974098057354302,0.9805735430157262,0.5369460588218755,0.6105263157894737,0.47203811328865775,0.33844678811121764,0.5279174738553822,0.5959692898272553,0.27648231190832084,0.3422222222222222,0.7974098057354302,0.6955555555555555,Ducommun Incorporated,Industrials,Aerospace & Defense,2793996544,185.2100067138672,691.0,22.0,2026-06-30,none,NOT_SELECTED,,
2026-07-01T053352Z,2026-07-01T05:33:52.980988+00:00,2026-07-01T07:21:20.090043+00:00,2026-06-30,data/prospective/daily_qvp/snapshots/2026-07-01T053352Z/raw,1081,1043,144e01281e848a2a4c711cb0058eddc75099bb40,d3881a1328862a39dc4af32e15c4826237a09adca2da7038eafb5659ddb68bb4,8bda06ce0251beedd6a5f2cd61a08ef37682841102d3b9d86a1ab602640baf4e,BAX,0.30226641998149856,0.17761332099907493,0.2927649472817324,0.06220095693779904,0.47191921261156217,0.3374880153403643,0.4033505313625085,0.11708253358925144,0.28326347458196627,0.8302277432712216,0.30226641998149856,0.19764448761534725,Baxter International Inc.,Healthcare,Medical Instruments & Supplies,11011119104,21.31999969482422,692.0,890.0,2026-06-30,none,NOT_SELECTED,,
2026-07-01T053352Z,2026-07-01T05:33:52.980988+00:00,2026-07-01T07:21:20.090043+00:00,2026-06-30,data/prospective/daily_qvp/snapshots/2026-07-01T053352Z/raw,1081,1043,144e01281e848a2a4c711cb0058eddc75099bb40,d3881a1328862a39dc4af32e15c4826237a09adca2da7038eafb5659ddb68bb4,8bda06ce0251beedd6a5f2cd61a08ef37682841102d3b9d86a1ab602640baf4e,WMT,0.5413968547641073,0.5245143385753932,0.566152972836599,0.6717703349282297,0.4717114095004937,0.336529242569511,0.4882532540950672,0.42130518234165065,0.5909090909090908,0.2828282828282828,0.5413968547641073,0.5378787878787878,Walmart Inc.,Consumer Defensive,Discount Stores,901332074496,113.26000213623048,693.0,515.0,2026-06-30,none,NOT_SELECTED,,
2026-07-01T053352Z,2026-07-01T05:33:52.980988+00:00,2026-07-01T07:21:20.090043+00:00,2026-06-30,data/prospective/daily_qvp/snapshots/2026-07-01T053352Z/raw,1081,1043,144e01281e848a2a4c711cb0058eddc75099bb40,d3881a1328862a39dc4af32e15c4826237a09adca2da7038eafb5659ddb68bb4,8bda06ce0251beedd6a5f2cd61a08ef37682841102d3b9d86a1ab602640baf4e,BDC,0.339731729879741,0.22571692876965774,0.35760784502836607,0.14832535885167464,0.47144357810150667,0.33557046979865773,0.457011887115953,0.28502879078694815,0.37548396017699115,0.6991150442477876,0.339731729879741,0.413716814159292,Belden Inc.,Technology,Communication Equipment,4669779968,119.91000366210938,694.0,838.0,2026-06-30,none,NOT_SELECTED,,
2026-07-01T053352Z,2026-07-01T05:33:52.980988+00:00,2026-07-01T07:21:20.090043+00:00,2026-06-30,data/prospective/daily_qvp/snapshots/2026-07-01T053352Z/raw,1081,1043,144e01281e848a2a4c711cb0058eddc75099bb40,d3881a1328862a39dc4af32e15c4826237a09adca2da7038eafb5659ddb68bb4,8bda06ce0251beedd6a5f2cd61a08ef37682841102d3b9d86a1ab602640baf4e,IQV,0.33765032377428306,0.22016651248843663,0.3691988145337143,0.15885167464114833,0.4711152897443534,0.3346116970278044,0.41943651587553066,0.16218809980806143,0.40074730529314556,0.6749482401656315,0.33765032377428306,0.2644001942690626,IQVIA Holdings Inc.,Healthcare,Diagnostics & Research,32248418304,193.22000122070312,695.0,844.0,2026-06-30,none,NOT_SELECTED,,
2026-07-01T053352Z,2026-07-01T05:33:52.980988+00:00,2026-07-01T07:21:20.090043+00:00,2026-06-30,data/prospective/daily_qvp/snapshots/2026-07-01T053352Z/raw,1081,1043,144e01281e848a2a4c711cb0058eddc75099bb40,d3881a1328862a39dc4af32e15c4826237a09adca2da7038eafb5659ddb68bb4,8bda06ce0251beedd6a5f2cd61a08ef37682841102d3b9d86a1ab602640baf4e,WEX,0.3326780758556891,0.2127659574468085,0.2971860670049621,0.06698564593301436,0.4704937595175656,0.3336529242569511,0.38771545238153704,0.08253358925143954,0.2616940581542351,0.8171091445427728,0.3326780758556891,0.1393805309734513,WEX Inc.,Technology,Software - Infrastructure,4891328512,141.08999633789062,696.0,852.0,2026-06-30,none,NOT_SELECTED,,
2026-07-01T053352Z,2026-07-01T05:33:52.980988+00:00,2026-07-01T07:21:20.090043+00:00,2026-06-30,data/prospective/daily_qvp/snapshots/2026-07-01T053352Z/raw,1081,1043,144e01281e848a2a4c711cb0058eddc75099bb40,d3881a1328862a39dc4af32e15c4826237a09adca2da7038eafb5659ddb68bb4,8bda06ce0251beedd6a5f2cd61a08ef37682841102d3b9d86a1ab602640baf4e,POST,0.36054579093432004,0.2534690101757632,0.3014850166792812,0.07272727272727272,0.47035028047979016,0.3326941514860978,0.489126346723479,0.42610364683301344,0.24242424242424238,0.8080808080808081,0.36054579093432004,0.5454545454545454,"Post Holdings, Inc.",Consumer Defensive,Packaged Foods,4000171264,88.26000213623047,697.0,808.0,2026-06-30,none,NOT_SELECTED,,
2026-07-01T053352Z,2026-07-01T05:33:52.980988+00:00,2026-07-01T07:21:20.090043+00:00,2026-06-30,data/prospective/daily_qvp/snapshots/2026-07-01T053352Z/raw,1081,1043,144e01281e848a2a4c711cb0058eddc75099bb40,d3881a1328862a39dc4af32e15c4826237a09adca2da7038eafb5659ddb68bb4,8bda06ce0251beedd6a5f2cd61a08ef37682841102d3b9d86a1ab602640baf4e,TFX,0.4421831637372803,0.3561517113783534,0.37328305875673096,0.1645933014354067,0.46969733247688206,0.3317353787152445,0.45353574826489806,0.272552783109405,0.3043829537761817,0.6625258799171844,0.4421831637372803,0.4050509956289461,Teleflex Incorporated,Healthcare,Medical Instruments & Supplies,5611692032,126.76000213623048,698.0,697.0,2026-06-30,none,NOT_SELECTED,,
2026-07-01T053352Z,2026-07-01T05:33:52.980988+00:00,2026-07-01T07:21:20.090043+00:00,2026-06-30,data/prospective/daily_qvp/snapshots/2026-07-01T053352Z/raw,1081,1043,144e01281e848a2a4c711cb0058eddc75099bb40,d3881a1328862a39dc4af32e15c4826237a09adca2da7038eafb5659ddb68bb4,8bda06ce0251beedd6a5f2cd61a08ef37682841102d3b9d86a1ab602640baf4e,PII,0.5129509713228493,0.469472710453284,0.4050391862896049,0.22105263157894736,0.46937252942182806,0.3307766059443912,0.38997582563779964,0.0873320537428023,0.2971274012563605,0.5980392156862745,0.5129509713228493,0.15178571428571425,Polaris Inc.,Consumer Cyclical,Recreational Vehicles,3893289472,68.44000244140625,699.0,575.0,2026-06-30,none,NOT_SELECTED,,
2026-07-01T053352Z,2026-07-01T05:33:52.980988+00:00,2026-07-01T07:21:20.090043+00:00,2026-06-30,data/prospective/daily_qvp/snapshots/2026-07-01T053352Z/raw,1081,1043,144e01281e848a2a4c711cb0058eddc75099bb40,d3881a1328862a39dc4af32e15c4826237a09adca2da7038eafb5659ddb68bb4,8bda06ce0251beedd6a5f2cd61a08ef37682841102d3b9d86a1ab602640baf4e,AEIS,0.6940333024976874,0.818686401480111,0.619495475364439,0.8028708133971292,0.469293279872589,0.32981783317353786,0.5836366265711085,0.8291746641074856,0.5449576482311907,0.16888888888888887,0.6940333024976874,0.9266666666666667,"Advanced Energy Industries, Inc.",Industrials,Electrical Equipment & Parts,14918772736,372.8699951171875,700.0,197.0,2026-06-30,none,NOT_SELECTED,,
2026-07-01T053352Z,2026-07-01T05:33:52.980988+00:00,2026-07-01T07:21:20.090043+00:00,2026-06-30,data/prospective/daily_qvp/snapshots/2026-07-01T053352Z/raw,1081,1043,144e01281e848a2a4c711cb0058eddc75099bb40,d3881a1328862a39dc4af32e15c4826237a09adca2da7038eafb5659ddb68bb4,8bda06ce0251beedd6a5f2cd61a08ef37682841102d3b9d86a1ab602640baf4e,TRGP,0.7846901017576319,0.9740980573543015,0.6251349059512797,0.8143540669856459,0.46891128947716965,0.3288590604026846,0.5129153511658482,0.5153550863723608,0.46557971014492755,0.1564640565289494,0.7846901017576319,0.644927536231884,Targa Resources Corp.,Energy,Oil & Gas Midstream,57554620416,268.1400146484375,701.0,29.0,2026-06-30,none,NOT_SELECTED,,
2026-07-01T053352Z,2026-07-01T05:33:52.980988+00:00,2026-07-01T07:21:20.090043+00:00,2026-06-30,data/prospective/daily_qvp/snapshots/2026-07-01T053352Z/raw,1081,1043,144e01281e848a2a4c711cb0058eddc75099bb40,d3881a1328862a39dc4af32e15c4826237a09adca2da7038eafb5659ddb68bb4,8bda06ce0251beedd6a5f2cd61a08ef37682841102d3b9d86a1ab602640baf4e,CAG,0.28862164662349676,0.16188714153561518,0.27878052028144534,0.05167464114832536,0.4686819630159131,0.32790028763183127,0.3761326843831469,0.07005758157389635,0.2689393939393939,0.8484848484848485,0.28862164662349676,0.09848484848484845,"Conagra Brands, Inc.",Consumer Defensive,Packaged Foods,6439763968,13.460000038146973,702.0,907.0,2026-06-30,none,NOT_SELECTED,,
2026-07-01T053352Z,2026-07-01T05:33:52.980988+00:00,2026-07-01T07:21:20.090043+00:00,2026-06-30,data/prospective/daily_qvp/snapshots/2026-07-01T053352Z/raw,1081,1043,144e01281e848a2a4c711cb0058eddc75099bb40,d3881a1328862a39dc4af32e15c4826237a09adca2da7038eafb5659ddb68bb4,8bda06ce0251beedd6a5f2cd61a08ef37682841102d3b9d86a1ab602640baf4e,NXST,0.34551341350601295,0.23589269195189638,0.3514711770372442,0.13492822966507176,0.46861363493304203,0.32694151486097794,0.3639602261997815,0.052783109404990404,0.35742894056847546,0.7028985507246377,0.34551341350601295,0.04999999999999995,"Nexstar Media Group, Inc.",Communication Services,Broadcasting,5453953536,178.58999633789062,703.0,827.0,2026-06-30,none,NOT_SELECTED,,
2026-07-01T053352Z,2026-07-01T05:33:52.980988+00:00,2026-07-01T07:21:20.090043+00:00,2026-06-30,data/prospective/daily_qvp/snapshots/2026-07-01T053352Z/raw,1081,1043,144e01281e848a2a4c711cb0058eddc75099bb40,d3881a1328862a39dc4af32e15c4826237a09adca2da7038eafb5659ddb68bb4,8bda06ce0251beedd6a5f2cd61a08ef37682841102d3b9d86a1ab602640baf4e,RSG,0.44241443108233114,0.35707678075855687,0.4811648637723564,0.43444976076555025,0.4684308968358919,0.3259827420901246,0.45521206151580784,0.27927063339731284,0.5199152964623817,0.44296296296296295,0.44241443108233114,0.4155555555555555,"Republic Services, Inc.",Industrials,Waste Management,65557065728,213.0800018310547,704.0,696.0,2026-06-30,none,NOT_SELECTED,,
2026-07-01T053352Z,2026-07-01T05:33:52.980988+00:00,2026-07-01T07:21:20.090043+00:00,2026-06-30,data/prospective/daily_qvp/snapshots/2026-07-01T053352Z/raw,1081,1043,144e01281e848a2a4c711cb0058eddc75099bb40,d3881a1328862a39dc4af32e15c4826237a09adca2da7038eafb5659ddb68bb4,8bda06ce0251beedd6a5f2cd61a08ef37682841102d3b9d86a1ab602640baf4e,KVUE,0.4775670675300647,0.410268270120259,0.5077229277044263,0.5291866028708134,0.46811158143258047,0.32502396931927136,0.4704018678926172,0.3397312859884837,0.5378787878787878,0.38888888888888884,0.4775670675300647,0.47727272727272724,Kenvue Inc.,Consumer Defensive,Household & Personal Products,36691365888,19.11000061035156,705.0,638.0,2026-06-30,none,NOT_SELECTED,,
2026-07-01T053352Z,2026-07-01T05:33:52.980988+00:00,2026-07-01T07:21:20.090043+00:00,2026-06-30,data/prospective/daily_qvp/snapshots/2026-07-01T053352Z/raw,1081,1043,144e01281e848a2a4c711cb0058eddc75099bb40,d3881a1328862a39dc4af32e15c4826237a09adca2da7038eafb5659ddb68bb4,8bda06ce0251beedd6a5f2cd61a08ef37682841102d3b9d86a1ab602640baf4e,MKC,0.259481961147086,0.1332099907493062,0.41383188966445206,0.23732057416267943,0.46780711836216,0.32406519654841803,0.47017352058980183,0.33685220729366605,0.5681818181818181,0.5757575757575758,0.259481961147086,0.47727272727272724,"McCormick & Company, Incorporated",Consumer Defensive,Packaged Foods,13555494912,50.41999816894531,706.0,938.0,2026-06-30,none,NOT_SELECTED,,
2026-07-01T053352Z,2026-07-01T05:33:52.980988+00:00,2026-07-01T07:21:20.090043+00:00,2026-06-30,data/prospective/daily_qvp/snapshots/2026-07-01T053352Z/raw,1081,1043,144e01281e848a2a4c711cb0058eddc75099bb40,d3881a1328862a39dc4af32e15c4826237a09adca2da7038eafb5659ddb68bb4,8bda06ce0251beedd6a5f2cd61a08ef37682841102d3b9d86a1ab602640baf4e,GEO,0.5654486586493987,0.5772432932469935,0.43920913251353844,0.3004784688995215,0.4676209031571737,0.3231064237775647,0.46071567736788027,0.31094049904030713,0.31296960637767807,0.5244444444444444,0.5654486586493987,0.44000000000000006,"The GEO Group, Inc.",Industrials,Security & Protection Services,3948420352,29.549999237060547,707.0,458.0,2026-06-30,none,NOT_SELECTED,,
2026-07-01T053352Z,2026-07-01T05:33:52.980988+00:00,2026-07-01T07:21:20.090043+00:00,2026-06-30,data/prospective/daily_qvp/snapshots/2026-07-01T053352Z/raw,1081,1043,144e01281e848a2a4c711cb0058eddc75099bb40,d3881a1328862a39dc4af32e15c4826237a09adca2da7038eafb5659ddb68bb4,8bda06ce0251beedd6a5f2cd61a08ef37682841102d3b9d86a1ab602640baf4e,CC,0.6429232192414431,0.7303422756706753,0.42739381301055207,0.27751196172248804,0.4676034082970535,0.3221476510067114,0.41002459012109527,0.12859884836852206,0.21186440677966098,0.5480225988700564,0.6429232192414431,0.23728813559322035,The Chemours Company,Basic Materials,Specialty Chemicals,3085750784,20.520000457763672,708.0,293.0,2026-06-30,none,NOT_SELECTED,,
2026-07-01T053352Z,2026-07-01T05:33:52.980988+00:00,2026-07-01T07:21:20.090043+00:00,2026-06-30,data/prospective/daily_qvp/snapshots/2026-07-01T053352Z/raw,1081,1043,144e01281e848a2a4c711cb0058eddc75099bb40,d3881a1328862a39dc4af32e15c4826237a09adca2da7038eafb5659ddb68bb4,8bda06ce0251beedd6a5f2cd61a08ef37682841102d3b9d86a1ab602640baf4e,CRL,0.4685476410730805,0.4005550416281221,0.40419596488515064,0.21626794258373205,0.46753160944034194,0.3211888782358581,0.3891443360263468,0.08637236084452975,0.3398442886972207,0.5942028985507246,0.4685476410730805,0.1539825157843613,"Charles River Laboratories International, Inc.",Healthcare,Diagnostics & Research,10923958272,226.7899932861328,709.0,649.0,2026-06-30,none,NOT_SELECTED,,
2026-07-01T053352Z,2026-07-01T05:33:52.980988+00:00,2026-07-01T07:21:20.090043+00:00,2026-06-30,data/prospective/daily_qvp/snapshots/2026-07-01T053352Z/raw,1081,1043,144e01281e848a2a4c711cb0058eddc75099bb40,d3881a1328862a39dc4af32e15c4826237a09adca2da7038eafb5659ddb68bb4,8bda06ce0251beedd6a5f2cd61a08ef37682841102d3b9d86a1ab602640baf4e,PACS,0.543709528214616,0.5282146160962072,0.4207534616588018,0.25933014354066986,0.4675278426241563,0.3202301054650048,0.5193989174222211,0.5508637236084453,0.2977973951029876,0.5610766045548654,0.543709528214616,0.6750121418164157,"PACS Group, Inc.",Healthcare,Medical Care Facilities,6748734464,42.63999938964844,710.0,511.0,2026-06-30,none,NOT_SELECTED,,
2026-07-01T053352Z,2026-07-01T05:33:52.980988+00:00,2026-07-01T07:21:20.090043+00:00,2026-06-30,data/prospective/daily_qvp/snapshots/2026-07-01T053352Z/raw,1081,1043,144e01281e848a2a4c711cb0058eddc75099bb40,d3881a1328862a39dc4af32e15c4826237a09adca2da7038eafb5659ddb68bb4,8bda06ce0251beedd6a5f2cd61a08ef37682841102d3b9d86a1ab602640baf4e,ECL,0.4925994449583718,0.4338575393154487,0.576808197055457,0.6995215311004784,0.467401321577461,0.3192713326941515,0.5030933640644517,0.4750479846449136,0.6610169491525424,0.24858757062146888,0.4925994449583718,0.6101694915254237,Ecolab Inc.,Basic Materials,Specialty Chemicals,78411300864,278.6099853515625,711.0,613.0,2026-06-30,none,NOT_SELECTED,,
2026-07-01T053352Z,2026-07-01T05:33:52.980988+00:00,2026-07-01T07:21:20.090043+00:00,2026-06-30,data/prospective/daily_qvp/snapshots/2026-07-01T053352Z/raw,1081,1043,144e01281e848a2a4c711cb0058eddc75099bb40,d3881a1328862a39dc4af32e15c4826237a09adca2da7038eafb5659ddb68bb4,8bda06ce0251beedd6a5f2cd61a08ef37682841102d3b9d86a1ab602640baf4e,SXT,0.6133209990749307,0.6753006475485661,0.5566604995374653,0.6468899521531101,0.4671521974317565,0.31831255992329816,0.49019465654839367,0.4309021113243762,0.5,0.28813559322033894,0.6133209990749307,0.559322033898305,Sensient Technologies Corporation,Basic Materials,Specialty Chemicals,5248327168,123.29000091552734,712.0,352.0,2026-06-30,none,NOT_SELECTED,,
2026-07-01T053352Z,2026-07-01T05:33:52.980988+00:00,2026-07-01T07:21:20.090043+00:00,2026-06-30,data/prospective/daily_qvp/snapshots/2026-07-01T053352Z/raw,1081,1043,144e01281e848a2a4c711cb0058eddc75099bb40,d3881a1328862a39dc4af32e15c4826237a09adca2da7038eafb5659ddb68bb4,8bda06ce0251beedd6a5f2cd61a08ef37682841102d3b9d86a1ab602640baf4e,CACI,0.3804347826086956,0.2849213691026827,0.29321201835870936,0.06315789473684211,0.4668611095842723,0.3173537871524449,0.449703354312098,0.2571976967370441,0.2059892541087231,0.8141592920353983,0.3804347826086956,0.3982300884955752,CACI International Inc,Technology,Information Technology Services,10234017792,463.260009765625,713.0,774.0,2026-06-30,none,NOT_SELECTED,,
2026-07-01T053352Z,2026-07-01T05:33:52.980988+00:00,2026-07-01T07:21:20.090043+00:00,2026-06-30,data/prospective/daily_qvp/snapshots/2026-07-01T053352Z/raw,1081,1043,144e01281e848a2a4c711cb0058eddc75099bb40,d3881a1328862a39dc4af32e15c4826237a09adca2da7038eafb5659ddb68bb4,8bda06ce0251beedd6a5f2cd61a08ef37682841102d3b9d86a1ab602640baf4e,LBRT,0.648936170212766,0.7395929694727105,0.4639608387295714,0.38086124401913873,0.4665403837018014,0.31639501438159157,0.4006299254575104,0.10940499040307101,0.27898550724637683,0.4716994736462614,0.648936170212766,0.20289855072463764,Liberty Energy Inc.,Energy,Oil & Gas Equipment & Services,4273983488,26.190000534057617,714.0,283.0,2026-06-30,none,NOT_SELECTED,,
2026-07-01T053352Z,2026-07-01T05:33:52.980988+00:00,2026-07-01T07:21:20.090043+00:00,2026-06-30,data/prospective/daily_qvp/snapshots/2026-07-01T053352Z/raw,1081,1043,144e01281e848a2a4c711cb0058eddc75099bb40,d3881a1328862a39dc4af32e15c4826237a09adca2da7038eafb5659ddb68bb4,8bda06ce0251beedd6a5f2cd61a08ef37682841102d3b9d86a1ab602640baf4e,POOL,0.25138760407030525,0.12349676225716928,0.4122458697979827,0.23540669856459331,0.4664355181369267,0.31543624161073824,0.4131599719360284,0.1362763915547025,0.5731041355256602,0.5748148148148149,0.25138760407030525,0.2533333333333333,Pool Corporation,Industrials,Industrial Distribution,7831601152,214.8999938964844,715.0,949.0,2026-06-30,none,NOT_SELECTED,,
2026-07-01T053352Z,2026-07-01T05:33:52.980988+00:00,2026-07-01T07:21:20.090043+00:00,2026-06-30,data/prospective/daily_qvp/snapshots/2026-07-01T053352Z/raw,1081,1043,144e01281e848a2a4c711cb0058eddc75099bb40,d3881a1328862a39dc4af32e15c4826237a09adca2da7038eafb5659ddb68bb4,8bda06ce0251beedd6a5f2cd61a08ef37682841102d3b9d86a1ab602640baf4e,XRAY,0.227104532839963,0.09528214616096208,0.2876020676649116,0.05837320574162679,0.46640689949227365,0.3144774688398849,0.42272285310390656,0.17370441458733205,0.34809960248986016,0.8240165631469979,0.227104532839963,0.2916707139388052,DENTSPLY SIRONA Inc.,Healthcare,Medical Instruments & Supplies,2125466112,10.609999656677246,716.0,979.0,2026-06-30,none,NOT_SELECTED,,
2026-07-01T053352Z,2026-07-01T05:33:52.980988+00:00,2026-07-01T07:21:20.090043+00:00,2026-06-30,data/prospective/daily_qvp/snapshots/2026-07-01T053352Z/raw,1081,1043,144e01281e848a2a4c711cb0058eddc75099bb40,d3881a1328862a39dc4af32e15c4826237a09adca2da7038eafb5659ddb68bb4,8bda06ce0251beedd6a5f2cd61a08ef37682841102d3b9d86a1ab602640baf4e,P,0.4558279370952821,0.38482886216466233,0.5379250304945437,0.6124401913875598,0.46628630351553646,0.31351869606903165,0.4586749046278028,0.2965451055662188,0.6200221238938053,0.32300884955752207,0.4558279370952821,0.4358407079646017,"Everpure, Inc.",Technology,Computer Hardware,26190184448,78.79000091552734,717.0,666.0,2026-06-30,none,NOT_SELECTED,,
2026-07-01T053352Z,2026-07-01T05:33:52.980988+00:00,2026-07-01T07:21:20.090043+00:00,2026-06-30,data/prospective/daily_qvp/snapshots/2026-07-01T053352Z/raw,1081,1043,144e01281e848a2a4c711cb0058eddc75099bb40,d3881a1328862a39dc4af32e15c4826237a09adca2da7038eafb5659ddb68bb4,8bda06ce0251beedd6a5f2cd61a08ef37682841102d3b9d86a1ab602640baf4e,AVTR,0.1759944495837187,0.0666049953746531,0.26048379522332527,0.03636363636363636,0.4655813293207261,0.31255992329817833,0.38076686148787336,0.07485604606525911,0.3449731408629318,0.8757763975155278,0.1759944495837187,0.12632345798931516,"Avantor, Inc.",Healthcare,Medical Instruments & Supplies,6759278080,9.899999618530272,718.0,1010.0,2026-06-30,none,NOT_SELECTED,,
2026-07-01T053352Z,2026-07-01T05:33:52.980988+00:00,2026-07-01T07:21:20.090043+00:00,2026-06-30,data/prospective/daily_qvp/snapshots/2026-07-01T053352Z/raw,1081,1043,144e01281e848a2a4c711cb0058eddc75099bb40,d3881a1328862a39dc4af32e15c4826237a09adca2da7038eafb5659ddb68bb4,8bda06ce0251beedd6a5f2cd61a08ef37682841102d3b9d86a1ab602640baf4e,WBD,0.5023126734505088,0.4495837187789084,0.40095551659268497,0.20669856459330144,0.46537131057869824,0.311601150527325,0.4518062607118014,0.2658349328214971,0.29959835973486115,0.5942028985507246,0.5023126734505088,0.4111111111111111,"Warner Bros. Discovery, Inc.",Communication Services,Entertainment,66840264704,26.65999984741211,719.0,596.0,2026-06-30,none,NOT_SELECTED,,
2026-07-01T053352Z,2026-07-01T05:33:52.980988+00:00,2026-07-01T07:21:20.090043+00:00,2026-06-30,data/prospective/daily_qvp/snapshots/2026-07-01T053352Z/raw,1081,1043,144e01281e848a2a4c711cb0058eddc75099bb40,d3881a1328862a39dc4af32e15c4826237a09adca2da7038eafb5659ddb68bb4,8bda06ce0251beedd6a5f2cd61a08ef37682841102d3b9d86a1ab602640baf4e,HUBS,0.0401248843663274,0.004625346901017576,0.33889836980642535,0.11483253588516747,0.46388701546583716,0.31064237775647174,0.5149506598294664,0.5335892514395394,0.6376718552465233,0.7138643067846608,0.0401248843663274,0.668141592920354,"HubSpot, Inc.",Technology,Software - Application,9342816256,182.5099945068359,720.0,1077.0,2026-06-30,none,NOT_SELECTED,,
2026-07-01T053352Z,2026-07-01T05:33:52.980988+00:00,2026-07-01T07:21:20.090043+00:00,2026-06-30,data/prospective/daily_qvp/snapshots/2026-07-01T053352Z/raw,1081,1043,144e01281e848a2a4c711cb0058eddc75099bb40,d3881a1328862a39dc4af32e15c4826237a09adca2da7038eafb5659ddb68bb4,8bda06ce0251beedd6a5f2cd61a08ef37682841102d3b9d86a1ab602640baf4e,MOD,0.7090656799259945,0.8418131359851989,0.6083131612631149,0.7760765550239235,0.4630584473780243,0.3096836049856184,0.5228890736287563,0.5671785028790787,0.5075606426002353,0.1725490196078431,0.7090656799259945,0.7023809523809523,Modine Manufacturing Company,Consumer Cyclical,Auto Parts,14102870016,267.0199890136719,721.0,172.0,2026-06-30,none,NOT_SELECTED,,
2026-07-01T053352Z,2026-07-01T05:33:52.980988+00:00,2026-07-01T07:21:20.090043+00:00,2026-06-30,data/prospective/daily_qvp/snapshots/2026-07-01T053352Z/raw,1081,1043,144e01281e848a2a4c711cb0058eddc75099bb40,d3881a1328862a39dc4af32e15c4826237a09adca2da7038eafb5659ddb68bb4,8bda06ce0251beedd6a5f2cd61a08ef37682841102d3b9d86a1ab602640baf4e,HEI,0.5272895467160037,0.49861239592969475,0.6019805979718533,0.7645933014354067,0.4630487937096306,0.3087248322147651,0.5500643730600008,0.7024952015355086,0.6766716492277031,0.18518518518518512,0.5272895467160037,0.8111111111111111,HEICO Corporation,Industrials,Aerospace & Defense,49745240064,356.19000244140625,722.0,543.0,2026-06-30,none,NOT_SELECTED,,
2026-07-01T053352Z,2026-07-01T05:33:52.980988+00:00,2026-07-01T07:21:20.090043+00:00,2026-06-30,data/prospective/daily_qvp/snapshots/2026-07-01T053352Z/raw,1081,1043,144e01281e848a2a4c711cb0058eddc75099bb40,d3881a1328862a39dc4af32e15c4826237a09adca2da7038eafb5659ddb68bb4,8bda06ce0251beedd6a5f2cd61a08ef37682841102d3b9d86a1ab602640baf4e,CHEF,0.6542553191489362,0.7493061979648473,0.5127337201805287,0.5425837320574163,0.4630346013324737,0.3077660594439118,0.5328820116054158,0.6209213051823417,0.3712121212121212,0.3636363636363636,0.6542553191489362,0.7424242424242424,"The Chefs' Warehouse, Inc.",Consumer Defensive,Food Distribution,3918729984,96.0999984741211,723.0,272.0,2026-06-30,none,NOT_SELECTED,,
2026-07-01T053352Z,2026-07-01T05:33:52.980988+00:00,2026-07-01T07:21:20.090043+00:00,2026-06-30,data/prospective/daily_qvp/snapshots/2026-07-01T053352Z/raw,1081,1043,144e01281e848a2a4c711cb0058eddc75099bb40,d3881a1328862a39dc4af32e15c4826237a09adca2da7038eafb5659ddb68bb4,8bda06ce0251beedd6a5f2cd61a08ef37682841102d3b9d86a1ab602640baf4e,EE,0.5978260869565217,0.6438482886216467,0.5126811594202898,0.5416267942583732,0.46234407671785993,0.3068072866730585,0.52791747782825,0.5969289827255279,0.427536231884058,0.3616699113130002,0.5978260869565217,0.7246376811594203,"Excelerate Energy, Inc.",Energy,Oil & Gas Midstream,4325511680,37.9900016784668,724.0,386.0,2026-06-30,none,NOT_SELECTED,,
2026-07-01T053352Z,2026-07-01T05:33:52.980988+00:00,2026-07-01T07:21:20.090043+00:00,2026-06-30,data/prospective/daily_qvp/snapshots/2026-07-01T053352Z/raw,1081,1043,144e01281e848a2a4c711cb0058eddc75099bb40,d3881a1328862a39dc4af32e15c4826237a09adca2da7038eafb5659ddb68bb4,8bda06ce0251beedd6a5f2cd61a08ef37682841102d3b9d86a1ab602640baf4e,PNW,0.68027289546716,0.7974098057354302,0.4640771256996817,0.38181818181818183,0.4619271233478104,0.3058485139022052,0.4434281011315474,0.23032629558541268,0.24788135593220337,0.45762711864406774,0.68027289546716,0.38793103448275856,Pinnacle West Capital Corporation,Utilities,Utilities - Regulated Electric,12967026688,107.0,725.0,220.0,2026-06-30,none,NOT_SELECTED,,
2026-07-01T053352Z,2026-07-01T05:33:52.980988+00:00,2026-07-01T07:21:20.090043+00:00,2026-06-30,data/prospective/daily_qvp/snapshots/2026-07-01T053352Z/raw,1081,1043,144e01281e848a2a4c711cb0058eddc75099bb40,d3881a1328862a39dc4af32e15c4826237a09adca2da7038eafb5659ddb68bb4,8bda06ce0251beedd6a5f2cd61a08ef37682841102d3b9d86a1ab602640baf4e,ZTS,0.14905180388529135,0.04902867715078631,0.4090200467540375,0.22679425837320574,0.46177595939572136,0.30488974113135187,0.428641343029064,0.18809980806142035,0.6689882896227837,0.567287784679089,0.14905180388529135,0.32923749392909174,Zoetis Inc.,Healthcare,Drug Manufacturers - Specialty & Generic,30125733888,71.86000061035156,726.0,1029.0,2026-06-30,none,NOT_SELECTED,,
2026-07-01T053352Z,2026-07-01T05:33:52.980988+00:00,2026-07-01T07:21:20.090043+00:00,2026-06-30,data/prospective/daily_qvp/snapshots/2026-07-01T053352Z/raw,1081,1043,144e01281e848a2a4c711cb0058eddc75099bb40,d3881a1328862a39dc4af32e15c4826237a09adca2da7038eafb5659ddb68bb4,8bda06ce0251beedd6a5f2cd61a08ef37682841102d3b9d86a1ab602640baf4e,WAY,0.09597594819611469,0.02312673450508788,0.29679752035817075,0.0660287081339713,0.4614951032891601,0.30393096836049854,0.5196218131395267,0.5527831094049904,0.49761909252022685,0.7908902691511388,0.09597594819611469,0.6940019426906265,Waystar Holding Corp.,Healthcare,Health Information Services,3937918976,20.530000686645508,727.0,1057.0,2026-06-30,none,NOT_SELECTED,,
2026-07-01T053352Z,2026-07-01T05:33:52.980988+00:00,2026-07-01T07:21:20.090043+00:00,2026-06-30,data/prospective/daily_qvp/snapshots/2026-07-01T053352Z/raw,1081,1043,144e01281e848a2a4c711cb0058eddc75099bb40,d3881a1328862a39dc4af32e15c4826237a09adca2da7038eafb5659ddb68bb4,8bda06ce0251beedd6a5f2cd61a08ef37682841102d3b9d86a1ab602640baf4e,CDW,0.3013413506012951,0.17668825161887142,0.3439930125320002,0.12344497607655502,0.4613837389348044,0.3029721955896453,0.40798470685597055,0.1218809980806142,0.38664467446270534,0.6961651917404129,0.3013413506012951,0.24778761061946897,CDW Corporation,Technology,Information Technology Services,17967245312,140.63999938964844,728.0,891.0,2026-06-30,none,NOT_SELECTED,,
2026-07-01T053352Z,2026-07-01T05:33:52.980988+00:00,2026-07-01T07:21:20.090043+00:00,2026-06-30,data/prospective/daily_qvp/snapshots/2026-07-01T053352Z/raw,1081,1043,144e01281e848a2a4c711cb0058eddc75099bb40,d3881a1328862a39dc4af32e15c4826237a09adca2da7038eafb5659ddb68bb4,8bda06ce0251beedd6a5f2cd61a08ef37682841102d3b9d86a1ab602640baf4e,HAYW,0.4655411655874191,0.396854764107308,0.4414875733268436,0.307177033492823,0.4612386291314759,0.30201342281879195,0.49981786073749584,0.46065259117082535,0.41743398106626806,0.5007407407407407,0.4655411655874191,0.6155555555555556,"Hayward Holdings, Inc.",Industrials,Electrical Equipment & Parts,3755629312,17.309999465942383,729.0,653.0,2026-06-30,none,NOT_SELECTED,,
2026-07-01T053352Z,2026-07-01T05:33:52.980988+00:00,2026-07-01T07:21:20.090043+00:00,2026-06-30,data/prospective/daily_qvp/snapshots/2026-07-01T053352Z/raw,1081,1043,144e01281e848a2a4c711cb0058eddc75099bb40,d3881a1328862a39dc4af32e15c4826237a09adca2da7038eafb5659ddb68bb4,8bda06ce0251beedd6a5f2cd61a08ef37682841102d3b9d86a1ab602640baf4e,FCX,0.589731729879741,0.6276595744680851,0.553340441211057,0.6392344497607656,0.46117234687140146,0.30105465004793863,0.4327436669332121,0.20153550863723607,0.5169491525423728,0.27683615819209034,0.589731729879741,0.34745762711864403,Freeport-McMoRan Inc.,Basic Materials,Copper,90408132608,62.88999938964844,730.0,404.0,2026-06-30,none,NOT_SELECTED,,
2026-07-01T053352Z,2026-07-01T05:33:52.980988+00:00,2026-07-01T07:21:20.090043+00:00,2026-06-30,data/prospective/daily_qvp/snapshots/2026-07-01T053352Z/raw,1081,1043,144e01281e848a2a4c711cb0058eddc75099bb40,d3881a1328862a39dc4af32e15c4826237a09adca2da7038eafb5659ddb68bb4,8bda06ce0251beedd6a5f2cd61a08ef37682841102d3b9d86a1ab602640baf4e,AMZN,0.568686401480111,0.5823311748381128,0.5706480111257481,0.6832535885167464,0.4601705695086687,0.3000958772770853,0.5326279271315015,0.6170825335892515,0.5726096207713854,0.23921568627450976,0.568686401480111,0.75,"Amazon.com, Inc.",Consumer Cyclical,Internet Retail,2563849584640,238.33999633789065,731.0,453.0,2026-06-30,none,NOT_SELECTED,,
2026-07-01T053352Z,2026-07-01T05:33:52.980988+00:00,2026-07-01T07:21:20.090043+00:00,2026-06-30,data/prospective/daily_qvp/snapshots/2026-07-01T053352Z/raw,1081,1043,144e01281e848a2a4c711cb0058eddc75099bb40,d3881a1328862a39dc4af32e15c4826237a09adca2da7038eafb5659ddb68bb4,8bda06ce0251beedd6a5f2cd61a08ef37682841102d3b9d86a1ab602640baf4e,LOW,0.39107308048103606,0.29879740980573544,0.4890738664135908,0.46507177033492825,0.46003617238030237,0.29913710450623204,0.440265224523322,0.22072936660268713,0.5870746523461455,0.40196078431372545,0.39107308048103606,0.38095238095238093,"Lowe's Companies, Inc.",Consumer Cyclical,Home Improvement Retail,123694891008,220.4900054931641,732.0,759.0,2026-06-30,none,NOT_SELECTED,,
2026-07-01T053352Z,2026-07-01T05:33:52.980988+00:00,2026-07-01T07:21:20.090043+00:00,2026-06-30,data/prospective/daily_qvp/snapshots/2026-07-01T053352Z/raw,1081,1043,144e01281e848a2a4c711cb0058eddc75099bb40,d3881a1328862a39dc4af32e15c4826237a09adca2da7038eafb5659ddb68bb4,8bda06ce0251beedd6a5f2cd61a08ef37682841102d3b9d86a1ab602640baf4e,FIS,0.21184088806660492,0.08880666049953746,0.2686446459928473,0.0430622009569378,0.4598240609470507,0.2981783317353787,0.39796539084303134,0.1017274472168906,0.32544840391908975,0.8421828908554573,0.21184088806660492,0.21238938053097345,"Fidelity National Information Services, Inc.",Technology,Information Technology Services,20096262144,38.880001068115234,733.0,986.0,2026-06-30,none,NOT_SELECTED,,
2026-07-01T053352Z,2026-07-01T05:33:52.980988+00:00,2026-07-01T07:21:20.090043+00:00,2026-06-30,data/prospective/daily_qvp/snapshots/2026-07-01T053352Z/raw,1081,1043,144e01281e848a2a4c711cb0058eddc75099bb40,d3881a1328862a39dc4af32e15c4826237a09adca2da7038eafb5659ddb68bb4,8bda06ce0251beedd6a5f2cd61a08ef37682841102d3b9d86a1ab602640baf4e,PATK,0.2948658649398705,0.16743755781683625,0.3424855985067642,0.12057416267942583,0.4596962813574506,0.2972195589645254,0.49432578244665937,0.44049904030710174,0.39010533207365783,0.6941176470588236,0.2948658649398705,0.5982142857142857,"Patrick Industries, Inc.",Consumer Cyclical,Recreational Vehicles,2953153536,89.77999877929688,734.0,901.0,2026-06-30,none,NOT_SELECTED,,
2026-07-01T053352Z,2026-07-01T05:33:52.980988+00:00,2026-07-01T07:21:20.090043+00:00,2026-06-30,data/prospective/daily_qvp/snapshots/2026-07-01T053352Z/raw,1081,1043,144e01281e848a2a4c711cb0058eddc75099bb40,d3881a1328862a39dc4af32e15c4826237a09adca2da7038eafb5659ddb68bb4,8bda06ce0251beedd6a5f2cd61a08ef37682841102d3b9d86a1ab602640baf4e,Z,0.10476410730804805,0.027752081406105456,0.3525660217474967,0.14066985645933014,0.4596816956577514,0.2962607861936721,0.5447612717433136,0.6794625719769674,0.6003679361869453,0.6739130434782609,0.10476410730804805,0.8,"Zillow Group, Inc.",Communication Services,Internet Content & Information,7211833344,31.520000457763672,735.0,1052.0,2026-06-30,none,NOT_SELECTED,,
2026-07-01T053352Z,2026-07-01T05:33:52.980988+00:00,2026-07-01T07:21:20.090043+00:00,2026-06-30,data/prospective/daily_qvp/snapshots/2026-07-01T053352Z/raw,1081,1043,144e01281e848a2a4c711cb0058eddc75099bb40,d3881a1328862a39dc4af32e15c4826237a09adca2da7038eafb5659ddb68bb4,8bda06ce0251beedd6a5f2cd61a08ef37682841102d3b9d86a1ab602640baf4e,BILL,0.11401480111008322,0.032377428307123035,0.2362553857004272,0.026794258373205742,0.4591260093460075,0.2953020134228188,0.5124860999298596,0.5134357005758158,0.3584959702907712,0.9048672566371682,0.11401480111008322,0.672566371681416,"BILL Holdings, Inc.",Technology,Software - Application,3601417728,36.15999984741211,736.0,1047.0,2026-06-30,none,NOT_SELECTED,,
2026-07-01T053352Z,2026-07-01T05:33:52.980988+00:00,2026-07-01T07:21:20.090043+00:00,2026-06-30,data/prospective/daily_qvp/snapshots/2026-07-01T053352Z/raw,1081,1043,144e01281e848a2a4c711cb0058eddc75099bb40,d3881a1328862a39dc4af32e15c4826237a09adca2da7038eafb5659ddb68bb4,8bda06ce0251beedd6a5f2cd61a08ef37682841102d3b9d86a1ab602640baf4e,SGRY,0.2430619796484736,0.11378353376503238,0.24856075511529593,0.028708133971291867,0.4590128981652008,0.2943432406519655,0.41910790091870387,0.16122840690978887,0.2540595305821183,0.8799171842650103,0.2430619796484736,0.2993929091792132,"Surgery Partners, Inc.",Healthcare,Medical Care Facilities,2197241088,16.799999237060547,737.0,959.0,2026-06-30,none,NOT_SELECTED,,
2026-07-01T053352Z,2026-07-01T05:33:52.980988+00:00,2026-07-01T07:21:20.090043+00:00,2026-06-30,data/prospective/daily_qvp/snapshots/2026-07-01T053352Z/raw,1081,1043,144e01281e848a2a4c711cb0058eddc75099bb40,d3881a1328862a39dc4af32e15c4826237a09adca2da7038eafb5659ddb68bb4,8bda06ce0251beedd6a5f2cd61a08ef37682841102d3b9d86a1ab602640baf4e,IR,0.35198889916743753,0.24421831637372804,0.4314179672718105,0.2861244019138756,0.45897000287256495,0.29338446788111217,0.4592275021544237,0.29846449136276393,0.5108470353761834,0.514074074074074,0.35198889916743753,0.45999999999999996,Ingersoll Rand Inc.,Industrials,Specialty Industrial Machinery,32085706752,81.98999786376953,738.0,818.0,2026-06-30,none,NOT_SELECTED,,
2026-07-01T053352Z,2026-07-01T05:33:52.980988+00:00,2026-07-01T07:21:20.090043+00:00,2026-06-30,data/prospective/daily_qvp/snapshots/2026-07-01T053352Z/raw,1081,1043,144e01281e848a2a4c711cb0058eddc75099bb40,d3881a1328862a39dc4af32e15c4826237a09adca2da7038eafb5659ddb68bb4,8bda06ce0251beedd6a5f2cd61a08ef37682841102d3b9d86a1ab602640baf4e,ROL,0.3182238667900092,0.1933395004625347,0.5802041424679829,0.7100478468899522,0.45869818648192323,0.29242569511025884,0.5084581636709662,0.4961612284069098,0.8421844181459566,0.2156862745098039,0.3182238667900092,0.6577380952380952,"Rollins, Inc.",Consumer Cyclical,Personal Services,20096292864,41.7400016784668,739.0,873.0,2026-06-30,none,NOT_SELECTED,,
2026-07-01T053352Z,2026-07-01T05:33:52.980988+00:00,2026-07-01T07:21:20.090043+00:00,2026-06-30,data/prospective/daily_qvp/snapshots/2026-07-01T053352Z/raw,1081,1043,144e01281e848a2a4c711cb0058eddc75099bb40,d3881a1328862a39dc4af32e15c4826237a09adca2da7038eafb5659ddb68bb4,8bda06ce0251beedd6a5f2cd61a08ef37682841102d3b9d86a1ab602640baf4e,ACI,0.3055041628122109,0.1822386679000925,0.3146838995879236,0.08516746411483253,0.4581057647084474,0.2914669223394056,0.4439581114101234,0.23320537428023033,0.3238636363636363,0.7449494949494949,0.3055041628122109,0.4015151515151515,"Albertsons Companies, Inc.",Consumer Defensive,Grocery Stores,6626701824,13.529999732971191,740.0,886.0,2026-06-30,none,NOT_SELECTED,,
2026-07-01T053352Z,2026-07-01T05:33:52.980988+00:00,2026-07-01T07:21:20.090043+00:00,2026-06-30,data/prospective/daily_qvp/snapshots/2026-07-01T053352Z/raw,1081,1043,144e01281e848a2a4c711cb0058eddc75099bb40,d3881a1328862a39dc4af32e15c4826237a09adca2da7038eafb5659ddb68bb4,8bda06ce0251beedd6a5f2cd61a08ef37682841102d3b9d86a1ab602640baf4e,FLR,0.41165587419056426,0.33117483811285847,0.37445648717002056,0.1674641148325359,0.4577858062614952,0.29050814956855225,0.3616726880294547,0.05182341650671785,0.3372571001494768,0.6244444444444444,0.41165587419056426,0.0733333333333333,Fluor Corporation,Industrials,Engineering & Construction,7317305344,52.38999938964844,741.0,724.0,2026-06-30,none,NOT_SELECTED,,
2026-07-01T053352Z,2026-07-01T05:33:52.980988+00:00,2026-07-01T07:21:20.090043+00:00,2026-06-30,data/prospective/daily_qvp/snapshots/2026-07-01T053352Z/raw,1081,1043,144e01281e848a2a4c711cb0058eddc75099bb40,d3881a1328862a39dc4af32e15c4826237a09adca2da7038eafb5659ddb68bb4,8bda06ce0251beedd6a5f2cd61a08ef37682841102d3b9d86a1ab602640baf4e,VMC,0.48681776133209986,0.425531914893617,0.5336631179541855,0.6,0.45747032722369435,0.28954937679769893,0.5020010505025165,0.4673704414587332,0.5805084745762712,0.3050847457627119,0.48681776133209986,0.635593220338983,Vulcan Materials Company,Basic Materials,Building Materials,38278991872,295.010009765625,742.0,623.0,2026-06-30,none,NOT_SELECTED,,
2026-07-01T053352Z,2026-07-01T05:33:52.980988+00:00,2026-07-01T07:21:20.090043+00:00,2026-06-30,data/prospective/daily_qvp/snapshots/2026-07-01T053352Z/raw,1081,1043,144e01281e848a2a4c711cb0058eddc75099bb40,d3881a1328862a39dc4af32e15c4826237a09adca2da7038eafb5659ddb68bb4,8bda06ce0251beedd6a5f2cd61a08ef37682841102d3b9d86a1ab602640baf4e,APH,0.6135522664199815,0.6762257169287696,0.5353732413010147,0.6047846889952153,0.45721047945141396,0.28859060402684567,0.5503193640133393,0.7034548944337812,0.457194216182048,0.30088495575221236,0.6135522664199815,0.829646017699115,Amphenol Corporation,Technology,Electronic Components,216914952192,176.32000732421875,743.0,351.0,2026-06-30,none,NOT_SELECTED,,
2026-07-01T053352Z,2026-07-01T05:33:52.980988+00:00,2026-07-01T07:21:20.090043+00:00,2026-06-30,data/prospective/daily_qvp/snapshots/2026-07-01T053352Z/raw,1081,1043,144e01281e848a2a4c711cb0058eddc75099bb40,d3881a1328862a39dc4af32e15c4826237a09adca2da7038eafb5659ddb68bb4,8bda06ce0251beedd6a5f2cd61a08ef37682841102d3b9d86a1ab602640baf4e,GDDY,0.15159574468085105,0.05087881591119334,0.3834434554630551,0.18373205741626794,0.45695640393702197,0.28763183125599234,0.46605801091736826,0.3253358925143954,0.6152911662452591,0.6039823008849557,0.15159574468085105,0.4933628318584071,GoDaddy Inc.,Technology,Software - Infrastructure,11238947840,84.87999725341797,744.0,1027.0,2026-06-30,none,NOT_SELECTED,,
2026-07-01T053352Z,2026-07-01T05:33:52.980988+00:00,2026-07-01T07:21:20.090043+00:00,2026-06-30,data/prospective/daily_qvp/snapshots/2026-07-01T053352Z/raw,1081,1043,144e01281e848a2a4c711cb0058eddc75099bb40,d3881a1328862a39dc4af32e15c4826237a09adca2da7038eafb5659ddb68bb4,8bda06ce0251beedd6a5f2cd61a08ef37682841102d3b9d86a1ab602640baf4e,EFX,0.19750231267345048,0.07770582793709528,0.39126485837957525,0.19521531100478468,0.4559049673147786,0.286673058485139,0.4647065032638617,0.32053742802303264,0.5850274040857,0.5851851851851851,0.19750231267345048,0.49111111111111105,Equifax Inc.,Industrials,Consulting Services,19147124736,158.72000122070312,745.0,998.0,2026-06-30,none,NOT_SELECTED,,
2026-07-01T053352Z,2026-07-01T05:33:52.980988+00:00,2026-07-01T07:21:20.090043+00:00,2026-06-30,data/prospective/daily_qvp/snapshots/2026-07-01T053352Z/raw,1081,1043,144e01281e848a2a4c711cb0058eddc75099bb40,d3881a1328862a39dc4af32e15c4826237a09adca2da7038eafb5659ddb68bb4,8bda06ce0251beedd6a5f2cd61a08ef37682841102d3b9d86a1ab602640baf4e,PTON,0.29602220166512483,0.1683626271970398,0.3955256761893323,0.20095693779904306,0.4558406468713196,0.2857142857142857,0.4676245327725373,0.32821497120921306,0.4950291507135398,0.5764705882352942,0.29602220166512483,0.5029761904761905,"Peloton Interactive, Inc.",Consumer Cyclical,Leisure,2558982400,5.909999847412109,746.0,900.0,2026-06-30,none,NOT_SELECTED,,
2026-07-01T053352Z,2026-07-01T05:33:52.980988+00:00,2026-07-01T07:21:20.090043+00:00,2026-06-30,data/prospective/daily_qvp/snapshots/2026-07-01T053352Z/raw,1081,1043,144e01281e848a2a4c711cb0058eddc75099bb40,d3881a1328862a39dc4af32e15c4826237a09adca2da7038eafb5659ddb68bb4,8bda06ce0251beedd6a5f2cd61a08ef37682841102d3b9d86a1ab602640baf4e,PRKS,0.4364014801110083,0.3515263644773358,0.49134598188004464,0.46794258373205744,0.45566856308342846,0.28475551294343243,0.3610966604078094,0.0508637236084453,0.546290483649081,0.38431372549019605,0.4364014801110083,0.0773809523809523,United Parks & Resorts Inc.,Consumer Cyclical,Leisure,2250250240,47.7400016784668,747.0,702.0,2026-06-30,none,NOT_SELECTED,,
2026-07-01T053352Z,2026-07-01T05:33:52.980988+00:00,2026-07-01T07:21:20.090043+00:00,2026-06-30,data/prospective/daily_qvp/snapshots/2026-07-01T053352Z/raw,1081,1043,144e01281e848a2a4c711cb0058eddc75099bb40,d3881a1328862a39dc4af32e15c4826237a09adca2da7038eafb5659ddb68bb4,8bda06ce0251beedd6a5f2cd61a08ef37682841102d3b9d86a1ab602640baf4e,SYY,0.526827012025902,0.4976873265494912,0.46606502116446613,0.38851674641148326,0.45549115889078884,0.2837967401725791,0.4571486721983947,0.28598848368522073,0.40530303030303033,0.4343434343434343,0.526827012025902,0.46212121212121215,Sysco Corporation,Consumer Defensive,Food Distribution,39966502912,83.58000183105469,748.0,544.0,2026-06-30,none,NOT_SELECTED,,
2026-07-01T053352Z,2026-07-01T05:33:52.980988+00:00,2026-07-01T07:21:20.090043+00:00,2026-06-30,data/prospective/daily_qvp/snapshots/2026-07-01T053352Z/raw,1081,1043,144e01281e848a2a4c711cb0058eddc75099bb40,d3881a1328862a39dc4af32e15c4826237a09adca2da7038eafb5659ddb68bb4,8bda06ce0251beedd6a5f2cd61a08ef37682841102d3b9d86a1ab602640baf4e,IDXX,0.27983348751156334,0.1549491211840888,0.5351626667661245,0.6038277511961723,0.45477373091516643,0.2828379674017258,0.47447029332964824,0.3560460652591171,0.7904918460206855,0.2939958592132505,0.27983348751156334,0.5335599805730937,"IDEXX Laboratories, Inc.",Healthcare,Diagnostics & Research,41527164928,526.4400024414062,749.0,915.0,2026-06-30,none,NOT_SELECTED,,
2026-07-01T053352Z,2026-07-01T05:33:52.980988+00:00,2026-07-01T07:21:20.090043+00:00,2026-06-30,data/prospective/daily_qvp/snapshots/2026-07-01T053352Z/raw,1081,1043,144e01281e848a2a4c711cb0058eddc75099bb40,d3881a1328862a39dc4af32e15c4826237a09adca2da7038eafb5659ddb68bb4,8bda06ce0251beedd6a5f2cd61a08ef37682841102d3b9d86a1ab602640baf4e,HD,0.4276133209990749,0.34320074005550416,0.5212226890411316,0.5569377990430622,0.4546713351777479,0.28187919463087246,0.43624159662140616,0.21209213051823417,0.6148320570831883,0.32156862745098036,0.4276133209990749,0.38095238095238093,"The Home Depot, Inc.",Consumer Cyclical,Home Improvement Retail,351663095808,352.67999267578125,750.0,711.0,2026-06-30,none,NOT_SELECTED,,
2026-07-01T053352Z,2026-07-01T05:33:52.980988+00:00,2026-07-01T07:21:20.090043+00:00,2026-06-30,data/prospective/daily_qvp/snapshots/2026-07-01T053352Z/raw,1081,1043,144e01281e848a2a4c711cb0058eddc75099bb40,d3881a1328862a39dc4af32e15c4826237a09adca2da7038eafb5659ddb68bb4,8bda06ce0251beedd6a5f2cd61a08ef37682841102d3b9d86a1ab602640baf4e,GE,0.6144773358001849,0.6780758556891767,0.6001659225089614,0.7588516746411483,0.45443160266029525,0.2809204218600192,0.5486014797729992,0.6919385796545106,0.5858545092177379,0.16296296296296292,0.6144773358001849,0.8311111111111111,GE Aerospace,Industrials,Aerospace & Defense,390484197376,373.7300109863281,751.0,349.0,2026-06-30,none,NOT_SELECTED,,
2026-07-01T053352Z,2026-07-01T05:33:52.980988+00:00,2026-07-01T07:21:20.090043+00:00,2026-06-30,data/prospective/daily_qvp/snapshots/2026-07-01T053352Z/raw,1081,1043,144e01281e848a2a4c711cb0058eddc75099bb40,d3881a1328862a39dc4af32e15c4826237a09adca2da7038eafb5659ddb68bb4,8bda06ce0251beedd6a5f2cd61a08ef37682841102d3b9d86a1ab602640baf4e,CARR,0.5538852913968547,0.5481036077705828,0.4505300896446157,0.3339712918660287,0.4544274671704846,0.2799616490891659,0.39359837815564114,0.09309021113243762,0.34717488789237666,0.46222222222222226,0.5538852913968547,0.2111111111111111,Carrier Global Corporation,Industrials,Building Products & Equipment,60923072512,73.3499984741211,752.0,490.0,2026-06-30,none,NOT_SELECTED,,
2026-07-01T053352Z,2026-07-01T05:33:52.980988+00:00,2026-07-01T07:21:20.090043+00:00,2026-06-30,data/prospective/daily_qvp/snapshots/2026-07-01T053352Z/raw,1081,1043,144e01281e848a2a4c711cb0058eddc75099bb40,d3881a1328862a39dc4af32e15c4826237a09adca2da7038eafb5659ddb68bb4,8bda06ce0251beedd6a5f2cd61a08ef37682841102d3b9d86a1ab602640baf4e,MAR,0.7097594819611471,0.8436632747456059,0.5933043489894576,0.7464114832535885,0.45435976207140305,0.27900287631831255,0.48883529774402845,0.42322456813819576,0.47684921601776803,0.17647058823529407,0.7097594819611471,0.5922619047619048,"Marriott International, Inc.",Consumer Cyclical,Lodging,97720369152,370.5899963378906,753.0,170.0,2026-06-30,none,NOT_SELECTED,,
2026-07-01T053352Z,2026-07-01T05:33:52.980988+00:00,2026-07-01T07:21:20.090043+00:00,2026-06-30,data/prospective/daily_qvp/snapshots/2026-07-01T053352Z/raw,1081,1043,144e01281e848a2a4c711cb0058eddc75099bb40,d3881a1328862a39dc4af32e15c4826237a09adca2da7038eafb5659ddb68bb4,8bda06ce0251beedd6a5f2cd61a08ef37682841102d3b9d86a1ab602640baf4e,TWST,0.7186632747456059,0.8612395929694727,0.5661600665245043,0.6727272727272727,0.45404459921509405,0.27804410354745923,0.5314392289159344,0.6113243761996161,0.41365685830340293,0.22981366459627328,0.7186632747456059,0.7636231180184556,Twist Bioscience Corporation,Healthcare,Diagnostics & Research,6406472192,102.87999725341795,754.0,151.0,2026-06-30,none,NOT_SELECTED,,
2026-07-01T053352Z,2026-07-01T05:33:52.980988+00:00,2026-07-01T07:21:20.090043+00:00,2026-06-30,data/prospective/daily_qvp/snapshots/2026-07-01T053352Z/raw,1081,1043,144e01281e848a2a4c711cb0058eddc75099bb40,d3881a1328862a39dc4af32e15c4826237a09adca2da7038eafb5659ddb68bb4,8bda06ce0251beedd6a5f2cd61a08ef37682841102d3b9d86a1ab602640baf4e,LEN,0.25855689176688246,0.1322849213691027,0.3198983698885462,0.09282296650717703,0.453788455742691,0.27708533077660596,0.35819848466416104,0.04798464491362764,0.38123984801020994,0.7215686274509804,0.25855689176688246,0.0714285714285714,Lennar Corporation,Consumer Cyclical,Residential Construction,21798600704,90.48999786376952,755.0,939.0,2026-06-30,none,NOT_SELECTED,,
2026-07-01T053352Z,2026-07-01T05:33:52.980988+00:00,2026-07-01T07:21:20.090043+00:00,2026-06-30,data/prospective/daily_qvp/snapshots/2026-07-01T053352Z/raw,1081,1043,144e01281e848a2a4c711cb0058eddc75099bb40,d3881a1328862a39dc4af32e15c4826237a09adca2da7038eafb5659ddb68bb4,8bda06ce0251beedd6a5f2cd61a08ef37682841102d3b9d86a1ab602640baf4e,TGLS,0.23381128584643845,0.1026827012025902,0.4601259819062701,0.3645933014354067,0.45364330997141167,0.27612655800575264,0.46946977061415196,0.33205374280230326,0.6864406779661016,0.4406779661016949,0.23381128584643845,0.5169491525423728,Tecnoglass Inc.,Basic Materials,Building Materials,2076717056,46.810001373291016,756.0,971.0,2026-06-30,none,NOT_SELECTED,,
2026-07-01T053352Z,2026-07-01T05:33:52.980988+00:00,2026-07-01T07:21:20.090043+00:00,2026-06-30,data/prospective/daily_qvp/snapshots/2026-07-01T053352Z/raw,1081,1043,144e01281e848a2a4c711cb0058eddc75099bb40,d3881a1328862a39dc4af32e15c4826237a09adca2da7038eafb5659ddb68bb4,8bda06ce0251beedd6a5f2cd61a08ef37682841102d3b9d86a1ab602640baf4e,STZ,0.40795559666975023,0.32238667900092505,0.4426141619712387,0.31100478468899523,0.4533252662299841,0.2751677852348993,0.36556213149066985,0.05566218809980806,0.4772727272727272,0.47474747474747475,0.40795559666975023,0.10227272727272725,"Constellation Brands, Inc.",Consumer Defensive,Beverages - Brewers,23954728960,139.08999633789062,757.0,733.0,2026-06-30,none,NOT_SELECTED,,
2026-07-01T053352Z,2026-07-01T05:33:52.980988+00:00,2026-07-01T07:21:20.090043+00:00,2026-06-30,data/prospective/daily_qvp/snapshots/2026-07-01T053352Z/raw,1081,1043,144e01281e848a2a4c711cb0058eddc75099bb40,d3881a1328862a39dc4af32e15c4826237a09adca2da7038eafb5659ddb68bb4,8bda06ce0251beedd6a5f2cd61a08ef37682841102d3b9d86a1ab602640baf4e,ADP,0.3656336725254394,0.2585568917668825,0.433611913696348,0.291866028708134,0.4532830653747532,0.274209012464046,0.42513929018150737,0.17946257197696738,0.5015901548672567,0.49262536873156343,0.3656336725254394,0.3407079646017699,"Automatic Data Processing, Inc.",Technology,Software - Application,89520488448,223.9499969482422,758.0,803.0,2026-06-30,none,NOT_SELECTED,,
2026-07-01T053352Z,2026-07-01T05:33:52.980988+00:00,2026-07-01T07:21:20.090043+00:00,2026-06-30,data/prospective/daily_qvp/snapshots/2026-07-01T053352Z/raw,1081,1043,144e01281e848a2a4c711cb0058eddc75099bb40,d3881a1328862a39dc4af32e15c4826237a09adca2da7038eafb5659ddb68bb4,8bda06ce0251beedd6a5f2cd61a08ef37682841102d3b9d86a1ab602640baf4e,MSI,0.5064754856614245,0.45605920444033304,0.504985925510864,0.5138755980861244,0.45317645771520726,0.27325023969319273,0.4272717238173789,0.18618042226487524,0.5034963653603034,0.3495575221238938,0.5064754856614245,0.3495575221238938,"Motorola Solutions, Inc.",Technology,Communication Equipment,68936310784,415.2900085449219,759.0,589.0,2026-06-30,none,NOT_SELECTED,,
2026-07-01T053352Z,2026-07-01T05:33:52.980988+00:00,2026-07-01T07:21:20.090043+00:00,2026-06-30,data/prospective/daily_qvp/snapshots/2026-07-01T053352Z/raw,1081,1043,144e01281e848a2a4c711cb0058eddc75099bb40,d3881a1328862a39dc4af32e15c4826237a09adca2da7038eafb5659ddb68bb4,8bda06ce0251beedd6a5f2cd61a08ef37682841102d3b9d86a1ab602640baf4e,BCO,0.3716466234967622,0.2682701202590194,0.35019550905779817,0.13301435406698564,0.4529698455447049,0.2722914669223394,0.5097273841585287,0.5009596928982726,0.3287443946188341,0.6585185185185184,0.3716466234967622,0.6799999999999999,The Brink's Company,Industrials,Security & Protection Services,3891195136,94.48999786376952,760.0,792.0,2026-06-30,none,NOT_SELECTED,,
2026-07-01T053352Z,2026-07-01T05:33:52.980988+00:00,2026-07-01T07:21:20.090043+00:00,2026-06-30,data/prospective/daily_qvp/snapshots/2026-07-01T053352Z/raw,1081,1043,144e01281e848a2a4c711cb0058eddc75099bb40,d3881a1328862a39dc4af32e15c4826237a09adca2da7038eafb5659ddb68bb4,8bda06ce0251beedd6a5f2cd61a08ef37682841102d3b9d86a1ab602640baf4e,NSC,0.6091581868640148,0.669750231267345,0.507436592186367,0.5272727272727272,0.4518713083711583,0.2713326941514861,0.38445903683392424,0.07773512476007678,0.4057149975087194,0.34074074074074073,0.6091581868640148,0.1822222222222222,Norfolk Southern Corporation,Industrials,Railroads,70655025152,314.5899963378906,761.0,358.0,2026-06-30,none,NOT_SELECTED,,
2026-07-01T053352Z,2026-07-01T05:33:52.980988+00:00,2026-07-01T07:21:20.090043+00:00,2026-06-30,data/prospective/daily_qvp/snapshots/2026-07-01T053352Z/raw,1081,1043,144e01281e848a2a4c711cb0058eddc75099bb40,d3881a1328862a39dc4af32e15c4826237a09adca2da7038eafb5659ddb68bb4,8bda06ce0251beedd6a5f2cd61a08ef37682841102d3b9d86a1ab602640baf4e,ATRO,0.7333487511563368,0.8852913968547641,0.5798432843973014,0.7081339712918661,0.45125354762289227,0.27037392138063276,0.5423290496060582,0.6679462571976967,0.42633781763826606,0.19407407407407407,0.7333487511563368,0.8155555555555556,Astronics Corporation,Industrials,Aerospace & Defense,4010051840,81.26000213623047,762.0,125.0,2026-06-30,none,NOT_SELECTED,,
2026-07-01T053352Z,2026-07-01T05:33:52.980988+00:00,2026-07-01T07:21:20.090043+00:00,2026-06-30,data/prospective/daily_qvp/snapshots/2026-07-01T053352Z/raw,1081,1043,144e01281e848a2a4c711cb0058eddc75099bb40,d3881a1328862a39dc4af32e15c4826237a09adca2da7038eafb5659ddb68bb4,8bda06ce0251beedd6a5f2cd61a08ef37682841102d3b9d86a1ab602640baf4e,HSY,0.5050878815911193,0.45374653098982426,0.5252712135228323,0.5741626794258373,0.4511909100253226,0.2694151486097795,0.4150977279735374,0.14587332053742802,0.5454545454545454,0.303030303030303,0.5050878815911193,0.3068181818181818,The Hershey Company,Consumer Defensive,Confectioners,35588870144,175.4499969482422,763.0,592.0,2026-06-30,none,NOT_SELECTED,,
2026-07-01T053352Z,2026-07-01T05:33:52.980988+00:00,2026-07-01T07:21:20.090043+00:00,2026-06-30,data/prospective/daily_qvp/snapshots/2026-07-01T053352Z/raw,1081,1043,144e01281e848a2a4c711cb0058eddc75099bb40,d3881a1328862a39dc4af32e15c4826237a09adca2da7038eafb5659ddb68bb4,8bda06ce0251beedd6a5f2cd61a08ef37682841102d3b9d86a1ab602640baf4e,CPB,0.2789084181313598,0.15263644773358,0.30233299694446775,0.07368421052631578,0.45071358045456095,0.2684563758389262,0.512277609583345,0.5124760076775432,0.3257575757575757,0.7474747474747475,0.2789084181313598,0.696969696969697,The Campbell's Company,Consumer Defensive,Packaged Foods,6641053184,22.270000457763672,764.0,917.0,2026-06-30,none,NOT_SELECTED,,
2026-07-01T053352Z,2026-07-01T05:33:52.980988+00:00,2026-07-01T07:21:20.090043+00:00,2026-06-30,data/prospective/daily_qvp/snapshots/2026-07-01T053352Z/raw,1081,1043,144e01281e848a2a4c711cb0058eddc75099bb40,d3881a1328862a39dc4af32e15c4826237a09adca2da7038eafb5659ddb68bb4,8bda06ce0251beedd6a5f2cd61a08ef37682841102d3b9d86a1ab602640baf4e,PDFS,0.7391304347826088,0.8973172987974098,0.5709864800335294,0.6851674641148325,0.4504708293635525,0.26749760306807285,0.5021230335270892,0.4692898272552783,0.40284252528445,0.20943952802359878,0.7391304347826088,0.6570796460176991,"PDF Solutions, Inc.",Technology,Software - Application,2963815936,70.79000091552734,765.0,112.0,2026-06-30,none,NOT_SELECTED,,
2026-07-01T053352Z,2026-07-01T05:33:52.980988+00:00,2026-07-01T07:21:20.090043+00:00,2026-06-30,data/prospective/daily_qvp/snapshots/2026-07-01T053352Z/raw,1081,1043,144e01281e848a2a4c711cb0058eddc75099bb40,d3881a1328862a39dc4af32e15c4826237a09adca2da7038eafb5659ddb68bb4,8bda06ce0251beedd6a5f2cd61a08ef37682841102d3b9d86a1ab602640baf4e,IDA,0.6809666975023125,0.7983348751156337,0.5397454761620271,0.6181818181818182,0.4502257976673401,0.2665388302972196,0.4475831413539534,0.2476007677543186,0.3985242548217417,0.2711864406779661,0.6809666975023125,0.4396551724137931,"IDACORP, Inc.",Utilities,Utilities - Regulated Electric,8383266304,151.3000030517578,766.0,219.0,2026-06-30,none,NOT_SELECTED,,
2026-07-01T053352Z,2026-07-01T05:33:52.980988+00:00,2026-07-01T07:21:20.090043+00:00,2026-06-30,data/prospective/daily_qvp/snapshots/2026-07-01T053352Z/raw,1081,1043,144e01281e848a2a4c711cb0058eddc75099bb40,d3881a1328862a39dc4af32e15c4826237a09adca2da7038eafb5659ddb68bb4,8bda06ce0251beedd6a5f2cd61a08ef37682841102d3b9d86a1ab602640baf4e,TNET,0.2049028677150786,0.08325624421831637,0.33759343684707593,0.11100478468899522,0.45000056283632217,0.26558005752636626,0.4113893110161305,0.1324376199616123,0.47028400597907327,0.6748148148148148,0.2049028677150786,0.29555555555555546,"TriNet Group, Inc.",Industrials,Staffing & Employment Services,2273800448,49.4900016784668,767.0,992.0,2026-06-30,none,NOT_SELECTED,,
2026-07-01T053352Z,2026-07-01T05:33:52.980988+00:00,2026-07-01T07:21:20.090043+00:00,2026-06-30,data/prospective/daily_qvp/snapshots/2026-07-01T053352Z/raw,1081,1043,144e01281e848a2a4c711cb0058eddc75099bb40,d3881a1328862a39dc4af32e15c4826237a09adca2da7038eafb5659ddb68bb4,8bda06ce0251beedd6a5f2cd61a08ef37682841102d3b9d86a1ab602640baf4e,MKSI,0.781105457909343,0.971322849213691,0.5245059922290078,0.5674641148325359,0.4499656467367427,0.26462128475551294,0.4232043235481322,0.1746641074856046,0.26790652654867253,0.3008849557522124,0.781105457909343,0.3429203539823009,MKS Inc.,Technology,Scientific & Technical Instruments,30043627520,444.7999877929687,768.0,32.0,2026-06-30,none,NOT_SELECTED,,
2026-07-01T053352Z,2026-07-01T05:33:52.980988+00:00,2026-07-01T07:21:20.090043+00:00,2026-06-30,data/prospective/daily_qvp/snapshots/2026-07-01T053352Z/raw,1081,1043,144e01281e848a2a4c711cb0058eddc75099bb40,d3881a1328862a39dc4af32e15c4826237a09adca2da7038eafb5659ddb68bb4,8bda06ce0251beedd6a5f2cd61a08ef37682841102d3b9d86a1ab602640baf4e,SLGN,0.40055504162812205,0.3154486586493987,0.3366817792630027,0.10909090909090909,0.44994471558709986,0.2636625119846596,0.5137978224046106,0.5201535508637236,0.2728085168978833,0.676470588235294,0.40055504162812205,0.7053571428571428,Silgan Holdings Inc.,Consumer Cyclical,Packaging & Containers,4902483968,46.38999938964844,769.0,741.0,2026-06-30,none,NOT_SELECTED,,
2026-07-01T053352Z,2026-07-01T05:33:52.980988+00:00,2026-07-01T07:21:20.090043+00:00,2026-06-30,data/prospective/daily_qvp/snapshots/2026-07-01T053352Z/raw,1081,1043,144e01281e848a2a4c711cb0058eddc75099bb40,d3881a1328862a39dc4af32e15c4826237a09adca2da7038eafb5659ddb68bb4,8bda06ce0251beedd6a5f2cd61a08ef37682841102d3b9d86a1ab602640baf4e,DOW,0.49421831637372804,0.4366327474560592,0.3466854293733047,0.12822966507177033,0.4495793634616758,0.26270373921380635,0.3710828276810026,0.05950095969289827,0.19915254237288132,0.655367231638418,0.49421831637372804,0.135593220338983,Dow Inc.,Basic Materials,Chemicals,19719485440,27.36000061035156,770.0,610.0,2026-06-30,none,NOT_SELECTED,,
2026-07-01T053352Z,2026-07-01T05:33:52.980988+00:00,2026-07-01T07:21:20.090043+00:00,2026-06-30,data/prospective/daily_qvp/snapshots/2026-07-01T053352Z/raw,1081,1043,144e01281e848a2a4c711cb0058eddc75099bb40,d3881a1328862a39dc4af32e15c4826237a09adca2da7038eafb5659ddb68bb4,8bda06ce0251beedd6a5f2cd61a08ef37682841102d3b9d86a1ab602640baf4e,BTU,0.3381128584643848,0.22201665124884365,0.352027443724946,0.13875598086124402,0.44851917307286165,0.26174496644295303,0.3744328580655158,0.0671785028790787,0.3659420289855072,0.6415026317686928,0.3381128584643848,0.15217391304347822,Peabody Energy Corporation,Energy,Thermal Coal,2816802816,23.1200008392334,771.0,842.0,2026-06-30,none,NOT_SELECTED,,
2026-07-01T053352Z,2026-07-01T05:33:52.980988+00:00,2026-07-01T07:21:20.090043+00:00,2026-06-30,data/prospective/daily_qvp/snapshots/2026-07-01T053352Z/raw,1081,1043,144e01281e848a2a4c711cb0058eddc75099bb40,d3881a1328862a39dc4af32e15c4826237a09adca2da7038eafb5659ddb68bb4,8bda06ce0251beedd6a5f2cd61a08ef37682841102d3b9d86a1ab602640baf4e,DNOW,0.27752081406105455,0.1517113783533765,0.29121182706042265,0.06124401913875598,0.44821529211435585,0.2607861936720997,0.44893924686354464,0.2533589251439539,0.30490284005979074,0.7622222222222222,0.27752081406105455,0.4511111111111111,DNOW Inc.,Industrials,Industrial Distribution,2367621376,12.970000267028809,772.0,918.0,2026-06-30,none,NOT_SELECTED,,
2026-07-01T053352Z,2026-07-01T05:33:52.980988+00:00,2026-07-01T07:21:20.090043+00:00,2026-06-30,data/prospective/daily_qvp/snapshots/2026-07-01T053352Z/raw,1081,1043,144e01281e848a2a4c711cb0058eddc75099bb40,d3881a1328862a39dc4af32e15c4826237a09adca2da7038eafb5659ddb68bb4,8bda06ce0251beedd6a5f2cd61a08ef37682841102d3b9d86a1ab602640baf4e,GRND,0.2867715078630897,0.16096207215541167,0.4805158700819873,0.43349282296650715,0.4481708553742256,0.2598274209012464,0.5075883185218196,0.4904030710172745,0.6742602323008849,0.3834808259587021,0.2867715078630897,0.6858407079646018,Grindr Inc.,Technology,Software - Application,2553922304,14.369999885559082,773.0,908.0,2026-06-30,none,NOT_SELECTED,,
2026-07-01T053352Z,2026-07-01T05:33:52.980988+00:00,2026-07-01T07:21:20.090043+00:00,2026-06-30,data/prospective/daily_qvp/snapshots/2026-07-01T053352Z/raw,1081,1043,144e01281e848a2a4c711cb0058eddc75099bb40,d3881a1328862a39dc4af32e15c4826237a09adca2da7038eafb5659ddb68bb4,8bda06ce0251beedd6a5f2cd61a08ef37682841102d3b9d86a1ab602640baf4e,WM,0.47918593894542083,0.4116558741905643,0.48021080704122066,0.43157894736842106,0.44804177259538164,0.2588686481303931,0.4799202183354251,0.3829174664107486,0.4812356751370205,0.38370370370370366,0.47918593894542083,0.5755555555555556,"Waste Management, Inc.",Industrials,Waste Management,89503203328,222.8800048828125,774.0,637.0,2026-06-30,none,NOT_SELECTED,,
2026-07-01T053352Z,2026-07-01T05:33:52.980988+00:00,2026-07-01T07:21:20.090043+00:00,2026-06-30,data/prospective/daily_qvp/snapshots/2026-07-01T053352Z/raw,1081,1043,144e01281e848a2a4c711cb0058eddc75099bb40,d3881a1328862a39dc4af32e15c4826237a09adca2da7038eafb5659ddb68bb4,8bda06ce0251beedd6a5f2cd61a08ef37682841102d3b9d86a1ab602640baf4e,GPC,0.3501387604070305,0.242368177613321,0.3813054989113534,0.17607655502392344,0.447667718228484,0.2579098753595398,0.42652459819517247,0.18426103646833014,0.4124722374156763,0.580392156862745,0.3501387604070305,0.363095238095238,Genuine Parts Company,Consumer Cyclical,Auto Parts,16413627392,117.9800033569336,775.0,820.0,2026-06-30,none,NOT_SELECTED,,
2026-07-01T053352Z,2026-07-01T05:33:52.980988+00:00,2026-07-01T07:21:20.090043+00:00,2026-06-30,data/prospective/daily_qvp/snapshots/2026-07-01T053352Z/raw,1081,1043,144e01281e848a2a4c711cb0058eddc75099bb40,d3881a1328862a39dc4af32e15c4826237a09adca2da7038eafb5659ddb68bb4,8bda06ce0251beedd6a5f2cd61a08ef37682841102d3b9d86a1ab602640baf4e,PEP,0.5030064754856614,0.45050878815911194,0.5109729347125276,0.5368421052631579,0.44670922920229117,0.2569511025886865,0.4732894976592941,0.3531669865642994,0.5189393939393939,0.3181818181818182,0.5030064754856614,0.553030303030303,"PepsiCo, Inc.",Consumer Defensive,Beverages - Non-Alcoholic,185083789312,135.39999389648438,776.0,595.0,2026-06-30,none,NOT_SELECTED,,
2026-07-01T053352Z,2026-07-01T05:33:52.980988+00:00,2026-07-01T07:21:20.090043+00:00,2026-06-30,data/prospective/daily_qvp/snapshots/2026-07-01T053352Z/raw,1081,1043,144e01281e848a2a4c711cb0058eddc75099bb40,d3881a1328862a39dc4af32e15c4826237a09adca2da7038eafb5659ddb68bb4,8bda06ce0251beedd6a5f2cd61a08ef37682841102d3b9d86a1ab602640baf4e,GPN,0.34204440333024977,0.22895467160037003,0.31779350211355534,0.08708133971291866,0.44667714955718507,0.25599232981783315,0.37334119550122213,0.06429942418426103,0.2935426008968609,0.7044444444444444,0.34204440333024977,0.1533333333333333,Global Payments Inc.,Industrials,Specialty Business Services,19848316928,72.55999755859375,777.0,834.0,2026-06-30,none,NOT_SELECTED,,
2026-07-01T053352Z,2026-07-01T05:33:52.980988+00:00,2026-07-01T07:21:20.090043+00:00,2026-06-30,data/prospective/daily_qvp/snapshots/2026-07-01T053352Z/raw,1081,1043,144e01281e848a2a4c711cb0058eddc75099bb40,d3881a1328862a39dc4af32e15c4826237a09adca2da7038eafb5659ddb68bb4,8bda06ce0251beedd6a5f2cd61a08ef37682841102d3b9d86a1ab602640baf4e,NATL,0.5844125809435708,0.6179463459759482,0.3874131093719118,0.18947368421052632,0.4465743246353551,0.2550335570469799,0.4013024248924456,0.11132437619961612,0.1904136378002528,0.5648967551622418,0.5844125809435708,0.2654867256637168,NCR Atleos Corporation,Technology,Software - Application,3203567104,43.40999984741211,778.0,414.0,2026-06-30,none,NOT_SELECTED,,
2026-07-01T053352Z,2026-07-01T05:33:52.980988+00:00,2026-07-01T07:21:20.090043+00:00,2026-06-30,data/prospective/daily_qvp/snapshots/2026-07-01T053352Z/raw,1081,1043,144e01281e848a2a4c711cb0058eddc75099bb40,d3881a1328862a39dc4af32e15c4826237a09adca2da7038eafb5659ddb68bb4,8bda06ce0251beedd6a5f2cd61a08ef37682841102d3b9d86a1ab602640baf4e,CRWD,0.6614246068455134,0.7659574468085106,0.6163376984922889,0.7961722488038278,0.44629002908335486,0.25407478427612656,0.43704053066207366,0.21401151631477927,0.5712507901390644,0.10619469026548667,0.6614246068455134,0.4092920353982301,"CrowdStrike Holdings, Inc.",Technology,Software - Infrastructure,194268594176,701.0900268554688,779.0,254.0,2026-06-26,stale_price,NOT_SELECTED,,
2026-07-01T053352Z,2026-07-01T05:33:52.980988+00:00,2026-07-01T07:21:20.090043+00:00,2026-06-30,data/prospective/daily_qvp/snapshots/2026-07-01T053352Z/raw,1081,1043,144e01281e848a2a4c711cb0058eddc75099bb40,d3881a1328862a39dc4af32e15c4826237a09adca2da7038eafb5659ddb68bb4,8bda06ce0251beedd6a5f2cd61a08ef37682841102d3b9d86a1ab602640baf4e,WRBY,0.42784458834412586,0.3441258094357077,0.4726472406236649,0.40861244019138754,0.446223074149386,0.25311601150527324,0.4889108704493391,0.42418426103646834,0.517449892903204,0.3933747412008281,0.42784458834412586,0.6169742593491987,Warby Parker Inc.,Healthcare,Medical Instruments & Supplies,3723180032,30.34000015258789,780.0,710.0,2026-06-30,none,NOT_SELECTED,,
2026-07-01T053352Z,2026-07-01T05:33:52.980988+00:00,2026-07-01T07:21:20.090043+00:00,2026-06-30,data/prospective/daily_qvp/snapshots/2026-07-01T053352Z/raw,1081,1043,144e01281e848a2a4c711cb0058eddc75099bb40,d3881a1328862a39dc4af32e15c4826237a09adca2da7038eafb5659ddb68bb4,8bda06ce0251beedd6a5f2cd61a08ef37682841102d3b9d86a1ab602640baf4e,IBM,0.39939870490286766,0.3145235892691952,0.4083800177485261,0.22488038277511962,0.4458030010162249,0.2521572387344199,0.45050269324004477,0.2619961612284069,0.41736133059418457,0.5206489675516225,0.39939870490286766,0.4646017699115044,International Business Machines Corporation,Technology,Information Technology Services,264305147904,281.2099914550781,781.0,742.0,2026-06-30,none,NOT_SELECTED,,
2026-07-01T053352Z,2026-07-01T05:33:52.980988+00:00,2026-07-01T07:21:20.090043+00:00,2026-06-30,data/prospective/daily_qvp/snapshots/2026-07-01T053352Z/raw,1081,1043,144e01281e848a2a4c711cb0058eddc75099bb40,d3881a1328862a39dc4af32e15c4826237a09adca2da7038eafb5659ddb68bb4,8bda06ce0251beedd6a5f2cd61a08ef37682841102d3b9d86a1ab602640baf4e,NTRA,0.5333024976873265,0.509713228492137,0.5515345372084657,0.6354066985645933,0.44567450858756236,0.25119846596356665,0.4703292180118227,0.33877159309021115,0.5697665767296047,0.23395445134575563,0.5333024976873265,0.5442933462846041,"Natera, Inc.",Healthcare,Diagnostics & Research,38875815936,271.45001220703125,782.0,531.0,2026-06-30,none,NOT_SELECTED,,
2026-07-01T053352Z,2026-07-01T05:33:52.980988+00:00,2026-07-01T07:21:20.090043+00:00,2026-06-30,data/prospective/daily_qvp/snapshots/2026-07-01T053352Z/raw,1081,1043,144e01281e848a2a4c711cb0058eddc75099bb40,d3881a1328862a39dc4af32e15c4826237a09adca2da7038eafb5659ddb68bb4,8bda06ce0251beedd6a5f2cd61a08ef37682841102d3b9d86a1ab602640baf4e,ICHR,0.7387835337650324,0.8963922294172063,0.47015918944888785,0.4028708133971292,0.44470789621076295,0.25023969319271333,0.4021149929545324,0.11420345489443379,0.20153484513274333,0.3938053097345133,0.7387835337650324,0.2743362831858407,"Ichor Holdings, Ltd.",Technology,Semiconductor Equipment & Materials,3914872576,112.27999877929688,783.0,113.0,2026-06-30,none,NOT_SELECTED,,
2026-07-01T053352Z,2026-07-01T05:33:52.980988+00:00,2026-07-01T07:21:20.090043+00:00,2026-06-30,data/prospective/daily_qvp/snapshots/2026-07-01T053352Z/raw,1081,1043,144e01281e848a2a4c711cb0058eddc75099bb40,d3881a1328862a39dc4af32e15c4826237a09adca2da7038eafb5659ddb68bb4,8bda06ce0251beedd6a5f2cd61a08ef37682841102d3b9d86a1ab602640baf4e,ENTG,0.6896392229417205,0.8140610545790934,0.48658537474519653,0.4564593301435407,0.44435091846336605,0.24928092042186,0.4571569941572591,0.2869481765834933,0.28353152654867253,0.35988200589970504,0.6896392229417205,0.4955752212389381,"Entegris, Inc.",Technology,Semiconductor Equipment & Materials,27392677888,179.86000061035156,784.0,202.0,2026-06-30,none,NOT_SELECTED,,
2026-07-01T053352Z,2026-07-01T05:33:52.980988+00:00,2026-07-01T07:21:20.090043+00:00,2026-06-30,data/prospective/daily_qvp/snapshots/2026-07-01T053352Z/raw,1081,1043,144e01281e848a2a4c711cb0058eddc75099bb40,d3881a1328862a39dc4af32e15c4826237a09adca2da7038eafb5659ddb68bb4,8bda06ce0251beedd6a5f2cd61a08ef37682841102d3b9d86a1ab602640baf4e,BURL,0.5598982423681776,0.5587419056429233,0.5047817687401527,0.5129186602870813,0.4437107216437619,0.2483221476510067,0.5098663745661548,0.5028790786948176,0.4496652951121277,0.3215686274509804,0.5598982423681776,0.7083333333333334,"Burlington Stores, Inc.",Consumer Cyclical,Apparel Retail,19904628736,316.79998779296875,785.0,478.0,2026-06-30,none,NOT_SELECTED,,
2026-07-01T053352Z,2026-07-01T05:33:52.980988+00:00,2026-07-01T07:21:20.090043+00:00,2026-06-30,data/prospective/daily_qvp/snapshots/2026-07-01T053352Z/raw,1081,1043,144e01281e848a2a4c711cb0058eddc75099bb40,d3881a1328862a39dc4af32e15c4826237a09adca2da7038eafb5659ddb68bb4,8bda06ce0251beedd6a5f2cd61a08ef37682841102d3b9d86a1ab602640baf4e,FANG,0.6554116558741905,0.7567067530064755,0.48531452358926913,0.44976076555023925,0.44337862031194625,0.2473633748801534,0.4629687478426553,0.31573896353166986,0.3152173913043478,0.3595068137573005,0.6554116558741905,0.5217391304347826,"Diamondback Energy, Inc.",Energy,Oil & Gas E&P,49449254912,175.77999877929688,786.0,264.0,2026-06-30,none,NOT_SELECTED,,
2026-07-01T053352Z,2026-07-01T05:33:52.980988+00:00,2026-07-01T07:21:20.090043+00:00,2026-06-30,data/prospective/daily_qvp/snapshots/2026-07-01T053352Z/raw,1081,1043,144e01281e848a2a4c711cb0058eddc75099bb40,d3881a1328862a39dc4af32e15c4826237a09adca2da7038eafb5659ddb68bb4,8bda06ce0251beedd6a5f2cd61a08ef37682841102d3b9d86a1ab602640baf4e,ETR,0.7243293246993525,0.8691026827012026,0.5349437389130894,0.6028708133971292,0.44325816115863215,0.2464046021093001,0.4897712070758707,0.4289827255278311,0.3455581531268264,0.2598870056497175,0.7243293246993525,0.6293103448275862,Entergy Corporation,Utilities,Utilities - Regulated Electric,53593112576,114.86000061035156,787.0,143.0,2026-06-30,none,NOT_SELECTED,,
2026-07-01T053352Z,2026-07-01T05:33:52.980988+00:00,2026-07-01T07:21:20.090043+00:00,2026-06-30,data/prospective/daily_qvp/snapshots/2026-07-01T053352Z/raw,1081,1043,144e01281e848a2a4c711cb0058eddc75099bb40,d3881a1328862a39dc4af32e15c4826237a09adca2da7038eafb5659ddb68bb4,8bda06ce0251beedd6a5f2cd61a08ef37682841102d3b9d86a1ab602640baf4e,WAT,0.440795559666975,0.35430157261794637,0.4303661222570645,0.2851674641148325,0.4428803824018801,0.24544582933844677,0.3884315349801376,0.08349328214971209,0.4199366848471541,0.4679089026915113,0.440795559666975,0.22508499271491011,Waters Corporation,Healthcare,Diagnostics & Research,36823625728,375.0400085449219,788.0,699.0,2026-06-30,none,NOT_SELECTED,,
2026-07-01T053352Z,2026-07-01T05:33:52.980988+00:00,2026-07-01T07:21:20.090043+00:00,2026-06-30,data/prospective/daily_qvp/snapshots/2026-07-01T053352Z/raw,1081,1043,144e01281e848a2a4c711cb0058eddc75099bb40,d3881a1328862a39dc4af32e15c4826237a09adca2da7038eafb5659ddb68bb4,8bda06ce0251beedd6a5f2cd61a08ef37682841102d3b9d86a1ab602640baf4e,GM,0.5501850138760407,0.5402405180388529,0.362679679380962,0.15311004784688995,0.4424400476918831,0.24448705656759348,0.35787170243557903,0.04702495201535509,0.17517434488588332,0.6019607843137255,0.5501850138760407,0.1041666666666666,General Motors Company,Consumer Cyclical,Auto Manufacturers,69500354560,77.08000183105469,789.0,498.0,2026-06-30,none,NOT_SELECTED,,
2026-07-01T053352Z,2026-07-01T05:33:52.980988+00:00,2026-07-01T07:21:20.090043+00:00,2026-06-30,data/prospective/daily_qvp/snapshots/2026-07-01T053352Z/raw,1081,1043,144e01281e848a2a4c711cb0058eddc75099bb40,d3881a1328862a39dc4af32e15c4826237a09adca2da7038eafb5659ddb68bb4,8bda06ce0251beedd6a5f2cd61a08ef37682841102d3b9d86a1ab602640baf4e,APP,0.3351063829787234,0.21554116558741906,0.5763955968370754,0.6985645933014354,0.4422347457174706,0.24352828379674019,0.5719538370658807,0.7907869481765835,0.8176848106954274,0.17391304347826084,0.3351063829787234,0.961111111111111,AppLovin Corporation,Communication Services,Advertising Agencies,173086113792,515.22998046875,790.0,849.0,2026-06-30,none,NOT_SELECTED,,
2026-07-01T053352Z,2026-07-01T05:33:52.980988+00:00,2026-07-01T07:21:20.090043+00:00,2026-06-30,data/prospective/daily_qvp/snapshots/2026-07-01T053352Z/raw,1081,1043,144e01281e848a2a4c711cb0058eddc75099bb40,d3881a1328862a39dc4af32e15c4826237a09adca2da7038eafb5659ddb68bb4,8bda06ce0251beedd6a5f2cd61a08ef37682841102d3b9d86a1ab602640baf4e,EXP,0.4715541165587419,0.40333024976873266,0.49637027861835403,0.48708133971291867,0.44202463019001376,0.24256951102588686,0.42050152348996794,0.16698656429942418,0.5211864406779662,0.3333333333333333,0.4715541165587419,0.3559322033898305,Eagle Materials Inc.,Basic Materials,Building Materials,6951482880,225.0,791.0,646.0,2026-06-30,none,NOT_SELECTED,,
2026-07-01T053352Z,2026-07-01T05:33:52.980988+00:00,2026-07-01T07:21:20.090043+00:00,2026-06-30,data/prospective/daily_qvp/snapshots/2026-07-01T053352Z/raw,1081,1043,144e01281e848a2a4c711cb0058eddc75099bb40,d3881a1328862a39dc4af32e15c4826237a09adca2da7038eafb5659ddb68bb4,8bda06ce0251beedd6a5f2cd61a08ef37682841102d3b9d86a1ab602640baf4e,CHTR,0.08429694727104528,0.01572617946345976,0.22625419209412279,0.024880382775119617,0.4418989299951157,0.24161073825503357,0.40364641971855897,0.1199616122840691,0.36821143691720026,0.8731884057971016,0.08429694727104528,0.28888888888888886,"Charter Communications, Inc.",Communication Services,Telecom Services,22281232384,142.2100067138672,792.0,1065.0,2026-06-30,none,NOT_SELECTED,,
2026-07-01T053352Z,2026-07-01T05:33:52.980988+00:00,2026-07-01T07:21:20.090043+00:00,2026-06-30,data/prospective/daily_qvp/snapshots/2026-07-01T053352Z/raw,1081,1043,144e01281e848a2a4c711cb0058eddc75099bb40,d3881a1328862a39dc4af32e15c4826237a09adca2da7038eafb5659ddb68bb4,8bda06ce0251beedd6a5f2cd61a08ef37682841102d3b9d86a1ab602640baf4e,MMM,0.48196114708603144,0.41766882516188714,0.5167628356257262,0.5521531100478468,0.4417925077011014,0.24065196548418025,0.4157888252202705,0.14779270633397312,0.551564524165421,0.2918518518518518,0.48196114708603144,0.33777777777777773,3M Company,Industrials,Conglomerates,84446961664,161.91000366210938,793.0,631.0,2026-06-30,none,NOT_SELECTED,,
2026-07-01T053352Z,2026-07-01T05:33:52.980988+00:00,2026-07-01T07:21:20.090043+00:00,2026-06-30,data/prospective/daily_qvp/snapshots/2026-07-01T053352Z/raw,1081,1043,144e01281e848a2a4c711cb0058eddc75099bb40,d3881a1328862a39dc4af32e15c4826237a09adca2da7038eafb5659ddb68bb4,8bda06ce0251beedd6a5f2cd61a08ef37682841102d3b9d86a1ab602640baf4e,BSY,0.21484736355226638,0.08973172987974098,0.4163779327243001,0.24784688995215312,0.4413021026421588,0.23969319271332695,0.45265799291082265,0.2706333973128599,0.6179085018963338,0.4911504424778761,0.21484736355226638,0.48672566371681414,"Bentley Systems, Incorporated",Technology,Software - Application,9080482816,29.88999938964844,794.0,985.0,2026-06-30,none,NOT_SELECTED,,
2026-07-01T053352Z,2026-07-01T05:33:52.980988+00:00,2026-07-01T07:21:20.090043+00:00,2026-06-30,data/prospective/daily_qvp/snapshots/2026-07-01T053352Z/raw,1081,1043,144e01281e848a2a4c711cb0058eddc75099bb40,d3881a1328862a39dc4af32e15c4826237a09adca2da7038eafb5659ddb68bb4,8bda06ce0251beedd6a5f2cd61a08ef37682841102d3b9d86a1ab602640baf4e,YUM,0.5141073080481036,0.47178538390379277,0.5815462617180169,0.7129186602870813,0.4406386842825995,0.23873441994247363,0.4629194894024258,0.31477927063339733,0.6489852153879303,0.15882352941176464,0.5141073080481036,0.5297619047619048,"Yum! Brands, Inc.",Consumer Cyclical,Restaurants,44060807168,159.86000061035156,795.0,573.0,2026-06-30,none,NOT_SELECTED,,
2026-07-01T053352Z,2026-07-01T05:33:52.980988+00:00,2026-07-01T07:21:20.090043+00:00,2026-06-30,data/prospective/daily_qvp/snapshots/2026-07-01T053352Z/raw,1081,1043,144e01281e848a2a4c711cb0058eddc75099bb40,d3881a1328862a39dc4af32e15c4826237a09adca2da7038eafb5659ddb68bb4,8bda06ce0251beedd6a5f2cd61a08ef37682841102d3b9d86a1ab602640baf4e,J,0.3475948196114709,0.23866790009250693,0.35899920352770853,0.15023923444976076,0.44032045667279335,0.23777564717162034,0.4835736758379283,0.39923224568138194,0.37040358744394614,0.6029629629629629,0.3475948196114709,0.6133333333333333,Jacobs Solutions Inc.,Industrials,Engineering & Construction,14878190592,126.0,796.0,824.0,2026-06-30,none,NOT_SELECTED,,
2026-07-01T053352Z,2026-07-01T05:33:52.980988+00:00,2026-07-01T07:21:20.090043+00:00,2026-06-30,data/prospective/daily_qvp/snapshots/2026-07-01T053352Z/raw,1081,1043,144e01281e848a2a4c711cb0058eddc75099bb40,d3881a1328862a39dc4af32e15c4826237a09adca2da7038eafb5659ddb68bb4,8bda06ce0251beedd6a5f2cd61a08ef37682841102d3b9d86a1ab602640baf4e,ATMU,0.40888066604995377,0.3265494912118409,0.4887514169259929,0.4631578947368421,0.44021336291798213,0.236816874400767,0.49831478409324853,0.45009596928982726,0.568622167802032,0.34313725490196073,0.40888066604995377,0.6726190476190477,Atmus Filtration Technologies Inc.,Consumer Cyclical,Auto Parts,4164477440,50.9900016784668,797.0,729.0,2026-06-30,none,NOT_SELECTED,,
2026-07-01T053352Z,2026-07-01T05:33:52.980988+00:00,2026-07-01T07:21:20.090043+00:00,2026-06-30,data/prospective/daily_qvp/snapshots/2026-07-01T053352Z/raw,1081,1043,144e01281e848a2a4c711cb0058eddc75099bb40,d3881a1328862a39dc4af32e15c4826237a09adca2da7038eafb5659ddb68bb4,8bda06ce0251beedd6a5f2cd61a08ef37682841102d3b9d86a1ab602640baf4e,FWONK,0.4463459759481961,0.36262719703977797,0.4462996029611781,0.3244019138755981,0.44004514593547134,0.23585810162991372,0.5161449705627147,0.5431861804222649,0.44625322997416017,0.4275362318840579,0.4463459759481961,0.7444444444444445,Formula One Group,Communication Services,Entertainment,23842627584,95.13999938964844,798.0,690.0,2026-06-30,none,NOT_SELECTED,,
2026-07-01T053352Z,2026-07-01T05:33:52.980988+00:00,2026-07-01T07:21:20.090043+00:00,2026-06-30,data/prospective/daily_qvp/snapshots/2026-07-01T053352Z/raw,1081,1043,144e01281e848a2a4c711cb0058eddc75099bb40,d3881a1328862a39dc4af32e15c4826237a09adca2da7038eafb5659ddb68bb4,8bda06ce0251beedd6a5f2cd61a08ef37682841102d3b9d86a1ab602640baf4e,CZR,0.4935245143385754,0.43478260869565216,0.33771849173411955,0.11196172248803828,0.4395247461234,0.2348993288590604,0.3995840357830261,0.10556621880998081,0.18191246912966366,0.6431372549019608,0.4935245143385754,0.27976190476190466,"Caesars Entertainment, Inc.",Consumer Cyclical,Resorts & Casinos,6147471872,30.18000030517578,799.0,612.0,2026-06-30,none,NOT_SELECTED,,
2026-07-01T053352Z,2026-07-01T05:33:52.980988+00:00,2026-07-01T07:21:20.090043+00:00,2026-06-30,data/prospective/daily_qvp/snapshots/2026-07-01T053352Z/raw,1081,1043,144e01281e848a2a4c711cb0058eddc75099bb40,d3881a1328862a39dc4af32e15c4826237a09adca2da7038eafb5659ddb68bb4,8bda06ce0251beedd6a5f2cd61a08ef37682841102d3b9d86a1ab602640baf4e,MDLZ,0.5344588344125809,0.5115633672525439,0.45662335660022985,0.35311004784688993,0.4390957057469545,0.2339405560882071,0.4154960217344583,0.14683301343570057,0.3787878787878788,0.404040404040404,0.5344588344125809,0.34469696969696967,"Mondelez International, Inc.",Consumer Defensive,Confectioners,74246307840,57.84000015258789,800.0,529.0,2026-06-30,none,NOT_SELECTED,,
2026-07-01T053352Z,2026-07-01T05:33:52.980988+00:00,2026-07-01T07:21:20.090043+00:00,2026-06-30,data/prospective/daily_qvp/snapshots/2026-07-01T053352Z/raw,1081,1043,144e01281e848a2a4c711cb0058eddc75099bb40,d3881a1328862a39dc4af32e15c4826237a09adca2da7038eafb5659ddb68bb4,8bda06ce0251beedd6a5f2cd61a08ef37682841102d3b9d86a1ab602640baf4e,SMTC,0.7465309898242368,0.9148936170212766,0.5655013909298175,0.6708133971291866,0.43894782994141224,0.23298178331735378,0.49901175741181136,0.45585412667946257,0.3844717920353982,0.18584070796460173,0.7465309898242368,0.6792035398230089,Semtech Corporation,Technology,Semiconductors,15076516864,161.85000610351562,801.0,93.0,2026-06-30,none,NOT_SELECTED,,
2026-07-01T053352Z,2026-07-01T05:33:52.980988+00:00,2026-07-01T07:21:20.090043+00:00,2026-06-30,data/prospective/daily_qvp/snapshots/2026-07-01T053352Z/raw,1081,1043,144e01281e848a2a4c711cb0058eddc75099bb40,d3881a1328862a39dc4af32e15c4826237a09adca2da7038eafb5659ddb68bb4,8bda06ce0251beedd6a5f2cd61a08ef37682841102d3b9d86a1ab602640baf4e,QTWO,0.13320999074930615,0.0425531914893617,0.33856592299791477,0.11387559808612441,0.438591637947479,0.23202301054650049,0.5103596576641491,0.5067178502879078,0.5439218552465234,0.6386430678466076,0.13320999074930615,0.7256637168141593,"Q2 Holdings, Inc.",Technology,Software - Application,3011080192,48.099998474121094,802.0,1036.0,2026-06-30,none,NOT_SELECTED,,
2026-07-01T053352Z,2026-07-01T05:33:52.980988+00:00,2026-07-01T07:21:20.090043+00:00,2026-06-30,data/prospective/daily_qvp/snapshots/2026-07-01T053352Z/raw,1081,1043,144e01281e848a2a4c711cb0058eddc75099bb40,d3881a1328862a39dc4af32e15c4826237a09adca2da7038eafb5659ddb68bb4,8bda06ce0251beedd6a5f2cd61a08ef37682841102d3b9d86a1ab602640baf4e,NTNX,0.27451433857539315,0.14708603145235893,0.4576585599324501,0.3569377990430622,0.43809489049577305,0.23106423777564716,0.515518070526697,0.5383877159309021,0.640802781289507,0.39896755162241887,0.27451433857539315,0.747787610619469,"Nutanix, Inc.",Technology,Software - Infrastructure,13775533056,50.959999084472656,803.0,923.0,2026-06-30,none,NOT_SELECTED,,
2026-07-01T053352Z,2026-07-01T05:33:52.980988+00:00,2026-07-01T07:21:20.090043+00:00,2026-06-30,data/prospective/daily_qvp/snapshots/2026-07-01T053352Z/raw,1081,1043,144e01281e848a2a4c711cb0058eddc75099bb40,d3881a1328862a39dc4af32e15c4826237a09adca2da7038eafb5659ddb68bb4,8bda06ce0251beedd6a5f2cd61a08ef37682841102d3b9d86a1ab602640baf4e,UAA,0.4447271045328399,0.3598519888991674,0.3815195593438071,0.17703349282296652,0.4380065036148257,0.23010546500479387,0.44457630628254785,0.236084452975048,0.31831201415477434,0.5509803921568627,0.4447271045328399,0.4642857142857143,"Under Armour, Inc.",Consumer Cyclical,Apparel Manufacturing,2724216064,6.389999866485596,804.0,693.0,2026-06-30,none,NOT_SELECTED,,
2026-07-01T053352Z,2026-07-01T05:33:52.980988+00:00,2026-07-01T07:21:20.090043+00:00,2026-06-30,data/prospective/daily_qvp/snapshots/2026-07-01T053352Z/raw,1081,1043,144e01281e848a2a4c711cb0058eddc75099bb40,d3881a1328862a39dc4af32e15c4826237a09adca2da7038eafb5659ddb68bb4,8bda06ce0251beedd6a5f2cd61a08ef37682841102d3b9d86a1ab602640baf4e,TXNM,0.5267113783533764,0.4967622571692877,0.43485627363022417,0.2937799043062201,0.43679683778738115,0.22914669223394055,0.4181148697198461,0.15642994241842612,0.3430011689070719,0.4406779661016949,0.5267113783533764,0.3620689655172413,"TXNM Energy, Inc.",Utilities,Utilities - Regulated Electric,6285957632,56.779998779296875,805.0,545.0,2026-06-30,none,NOT_SELECTED,,
2026-07-01T053352Z,2026-07-01T05:33:52.980988+00:00,2026-07-01T07:21:20.090043+00:00,2026-06-30,data/prospective/daily_qvp/snapshots/2026-07-01T053352Z/raw,1081,1043,144e01281e848a2a4c711cb0058eddc75099bb40,d3881a1328862a39dc4af32e15c4826237a09adca2da7038eafb5659ddb68bb4,8bda06ce0251beedd6a5f2cd61a08ef37682841102d3b9d86a1ab602640baf4e,AGYS,0.23913043478260868,0.10823311748381129,0.47943405430660146,0.4277511961722488,0.436633518996928,0.22818791946308725,0.5011477056193775,0.46641074856046066,0.7197376738305943,0.3510324483775811,0.23913043478260868,0.6946902654867256,"Agilysys, Inc.",Technology,Software - Application,2943412736,104.5,806.0,965.0,2026-06-30,none,NOT_SELECTED,,
2026-07-01T053352Z,2026-07-01T05:33:52.980988+00:00,2026-07-01T07:21:20.090043+00:00,2026-06-30,data/prospective/daily_qvp/snapshots/2026-07-01T053352Z/raw,1081,1043,144e01281e848a2a4c711cb0058eddc75099bb40,d3881a1328862a39dc4af32e15c4826237a09adca2da7038eafb5659ddb68bb4,8bda06ce0251beedd6a5f2cd61a08ef37682841102d3b9d86a1ab602640baf4e,UHAL,0.5624421831637373,0.5707678075855689,0.41687380707763344,0.24880382775119617,0.4361874763233606,0.22722914669223393,0.38269616279807595,0.07581573896353166,0.2713054309915296,0.4748148148148148,0.5624421831637373,0.22222222222222215,U-Haul Holding Company,Industrials,Rental & Leasing Services,12432153600,65.44000244140625,807.0,465.0,2026-06-30,none,NOT_SELECTED,,
2026-07-01T053352Z,2026-07-01T05:33:52.980988+00:00,2026-07-01T07:21:20.090043+00:00,2026-06-30,data/prospective/daily_qvp/snapshots/2026-07-01T053352Z/raw,1081,1043,144e01281e848a2a4c711cb0058eddc75099bb40,d3881a1328862a39dc4af32e15c4826237a09adca2da7038eafb5659ddb68bb4,8bda06ce0251beedd6a5f2cd61a08ef37682841102d3b9d86a1ab602640baf4e,ORLY,0.44958371877890835,0.37187789084181316,0.5758172103582441,0.6966507177033493,0.4361657219381758,0.22627037392138064,0.4759338152631557,0.36084452975047987,0.7020507019375798,0.15686274509803916,0.44958371877890835,0.5952380952380952,"O'Reilly Automotive, Inc.",Consumer Cyclical,Auto Parts,76316368896,92.08999633789062,808.0,680.0,2026-06-30,none,NOT_SELECTED,,
2026-07-01T053352Z,2026-07-01T05:33:52.980988+00:00,2026-07-01T07:21:20.090043+00:00,2026-06-30,data/prospective/daily_qvp/snapshots/2026-07-01T053352Z/raw,1081,1043,144e01281e848a2a4c711cb0058eddc75099bb40,d3881a1328862a39dc4af32e15c4826237a09adca2da7038eafb5659ddb68bb4,8bda06ce0251beedd6a5f2cd61a08ef37682841102d3b9d86a1ab602640baf4e,BOOT,0.32099907493061974,0.19518963922294172,0.4579679627052283,0.35789473684210527,0.4360309293851849,0.2253116011505273,0.5331243875150791,0.6228406909788867,0.5949368504798369,0.39215686274509803,0.32099907493061974,0.8244047619047619,"Boot Barn Holdings, Inc.",Consumer Cyclical,Apparel Retail,4985179136,164.27000427246094,809.0,871.0,2026-06-30,none,NOT_SELECTED,,
2026-07-01T053352Z,2026-07-01T05:33:52.980988+00:00,2026-07-01T07:21:20.090043+00:00,2026-06-30,data/prospective/daily_qvp/snapshots/2026-07-01T053352Z/raw,1081,1043,144e01281e848a2a4c711cb0058eddc75099bb40,d3881a1328862a39dc4af32e15c4826237a09adca2da7038eafb5659ddb68bb4,8bda06ce0251beedd6a5f2cd61a08ef37682841102d3b9d86a1ab602640baf4e,NRG,0.23866790009250688,0.10730804810360776,0.35169075892994717,0.13588516746411483,0.43596709729039795,0.22435282837967402,0.4131822195195226,0.13723608445297505,0.4647136177673875,0.6045197740112994,0.23866790009250688,0.3448275862068966,"NRG Energy, Inc.",Utilities,Utilities - Independent Power Producers,30816681984,146.05999755859375,810.0,966.0,2026-06-30,none,NOT_SELECTED,,
2026-07-01T053352Z,2026-07-01T05:33:52.980988+00:00,2026-07-01T07:21:20.090043+00:00,2026-06-30,data/prospective/daily_qvp/snapshots/2026-07-01T053352Z/raw,1081,1043,144e01281e848a2a4c711cb0058eddc75099bb40,d3881a1328862a39dc4af32e15c4826237a09adca2da7038eafb5659ddb68bb4,8bda06ce0251beedd6a5f2cd61a08ef37682841102d3b9d86a1ab602640baf4e,TTMI,0.7520814061054579,0.9222941720629048,0.5163990311184685,0.5511961722488038,0.43571144847425924,0.2233940556088207,0.49050040051498645,0.43282149712092133,0.2807166561314791,0.2743362831858407,0.7520814061054579,0.654867256637168,"TTM Technologies, Inc.",Technology,Electronic Components,19422038016,187.02000427246097,811.0,85.0,2026-06-30,none,NOT_SELECTED,,
2026-07-01T053352Z,2026-07-01T05:33:52.980988+00:00,2026-07-01T07:21:20.090043+00:00,2026-06-30,data/prospective/daily_qvp/snapshots/2026-07-01T053352Z/raw,1081,1043,144e01281e848a2a4c711cb0058eddc75099bb40,d3881a1328862a39dc4af32e15c4826237a09adca2da7038eafb5659ddb68bb4,8bda06ce0251beedd6a5f2cd61a08ef37682841102d3b9d86a1ab602640baf4e,KDP,0.5679925994449584,0.5804810360777058,0.46581448154066096,0.3866028708133971,0.43512211227289854,0.2224352828379674,0.5081597660228557,0.4952015355086372,0.3636363636363636,0.3737373737373737,0.5679925994449584,0.7272727272727273,Keurig Dr Pepper Inc.,Consumer Defensive,Beverages - Non-Alcoholic,44531109888,32.72999954223633,812.0,455.0,2026-06-30,none,NOT_SELECTED,,
2026-07-01T053352Z,2026-07-01T05:33:52.980988+00:00,2026-07-01T07:21:20.090043+00:00,2026-06-30,data/prospective/daily_qvp/snapshots/2026-07-01T053352Z/raw,1081,1043,144e01281e848a2a4c711cb0058eddc75099bb40,d3881a1328862a39dc4af32e15c4826237a09adca2da7038eafb5659ddb68bb4,8bda06ce0251beedd6a5f2cd61a08ef37682841102d3b9d86a1ab602640baf4e,CMS,0.5708834412580943,0.5906567992599445,0.4817815803601986,0.4382775119617225,0.43418207052261826,0.2214765100671141,0.49589517358161883,0.44529750479846447,0.3926797194623028,0.3389830508474576,0.5708834412580943,0.6810344827586207,CMS Energy Corporation,Utilities,Utilities - Regulated Electric,23632351232,76.5,813.0,443.0,2026-06-30,none,NOT_SELECTED,,
2026-07-01T053352Z,2026-07-01T05:33:52.980988+00:00,2026-07-01T07:21:20.090043+00:00,2026-06-30,data/prospective/daily_qvp/snapshots/2026-07-01T053352Z/raw,1081,1043,144e01281e848a2a4c711cb0058eddc75099bb40,d3881a1328862a39dc4af32e15c4826237a09adca2da7038eafb5659ddb68bb4,8bda06ce0251beedd6a5f2cd61a08ef37682841102d3b9d86a1ab602640baf4e,TDS,0.44842738205365396,0.3691026827012026,0.40475099020669436,0.21818181818181817,0.4340852012005982,0.22051773729626079,0.42000834534489306,0.16602687140115163,0.3610745983597348,0.49275362318840576,0.44842738205365396,0.3777777777777777,"Telephone and Data Systems, Inc.",Communication Services,Telecom Services,4213588224,37.0099983215332,814.0,683.0,2026-06-30,none,NOT_SELECTED,,
2026-07-01T053352Z,2026-07-01T05:33:52.980988+00:00,2026-07-01T07:21:20.090043+00:00,2026-06-30,data/prospective/daily_qvp/snapshots/2026-07-01T053352Z/raw,1081,1043,144e01281e848a2a4c711cb0058eddc75099bb40,d3881a1328862a39dc4af32e15c4826237a09adca2da7038eafb5659ddb68bb4,8bda06ce0251beedd6a5f2cd61a08ef37682841102d3b9d86a1ab602640baf4e,SCI,0.44680851063829785,0.364477335800185,0.4586160175388297,0.3598086124401914,0.4338485868559518,0.2195589645254075,0.43699358299910673,0.21305182341650672,0.47042352443936153,0.38431372549019605,0.44680851063829785,0.4464285714285714,Service Corporation International,Consumer Cyclical,Personal Services,10480276480,75.95999908447266,815.0,689.0,2026-06-30,none,NOT_SELECTED,,
2026-07-01T053352Z,2026-07-01T05:33:52.980988+00:00,2026-07-01T07:21:20.090043+00:00,2026-06-30,data/prospective/daily_qvp/snapshots/2026-07-01T053352Z/raw,1081,1043,144e01281e848a2a4c711cb0058eddc75099bb40,d3881a1328862a39dc4af32e15c4826237a09adca2da7038eafb5659ddb68bb4,8bda06ce0251beedd6a5f2cd61a08ef37682841102d3b9d86a1ab602640baf4e,NOW,0.1260407030527289,0.03700277520814061,0.42603986796125703,0.27464114832535885,0.4329941302632569,0.21860019175455417,0.4724225888478851,0.3512476007677543,0.7260390328697851,0.4469026548672566,0.1260407030527289,0.5907079646017699,"ServiceNow, Inc.",Technology,Software - Application,102388260864,99.27999877929688,816.0,1042.0,2026-06-30,none,NOT_SELECTED,,
2026-07-01T053352Z,2026-07-01T05:33:52.980988+00:00,2026-07-01T07:21:20.090043+00:00,2026-06-30,data/prospective/daily_qvp/snapshots/2026-07-01T053352Z/raw,1081,1043,144e01281e848a2a4c711cb0058eddc75099bb40,d3881a1328862a39dc4af32e15c4826237a09adca2da7038eafb5659ddb68bb4,8bda06ce0251beedd6a5f2cd61a08ef37682841102d3b9d86a1ab602640baf4e,IT,0.06336725254394075,0.011100832562442183,0.32777836394580095,0.09856459330143541,0.4328748581664239,0.21764141898370087,0.3766472940672958,0.0710172744721689,0.5921894753476612,0.6430678466076697,0.06336725254394075,0.2079646017699115,"Gartner, Inc.",Technology,Information Technology Services,8678303744,129.6199951171875,817.0,1070.0,2026-06-30,none,NOT_SELECTED,,
2026-07-01T053352Z,2026-07-01T05:33:52.980988+00:00,2026-07-01T07:21:20.090043+00:00,2026-06-30,data/prospective/daily_qvp/snapshots/2026-07-01T053352Z/raw,1081,1043,144e01281e848a2a4c711cb0058eddc75099bb40,d3881a1328862a39dc4af32e15c4826237a09adca2da7038eafb5659ddb68bb4,8bda06ce0251beedd6a5f2cd61a08ef37682841102d3b9d86a1ab602640baf4e,GLW,0.7667668825161887,0.9537465309898242,0.5540732326613813,0.6401913875598086,0.4328039840161421,0.21668264621284755,0.5143153773926376,0.525911708253359,0.3413795828065739,0.19026548672566368,0.7667668825161887,0.7588495575221239,Corning Incorporated,Technology,Electronic Components,219832713216,255.42999267578125,818.0,51.0,2026-06-30,none,NOT_SELECTED,,
2026-07-01T053352Z,2026-07-01T05:33:52.980988+00:00,2026-07-01T07:21:20.090043+00:00,2026-06-30,data/prospective/daily_qvp/snapshots/2026-07-01T053352Z/raw,1081,1043,144e01281e848a2a4c711cb0058eddc75099bb40,d3881a1328862a39dc4af32e15c4826237a09adca2da7038eafb5659ddb68bb4,8bda06ce0251beedd6a5f2cd61a08ef37682841102d3b9d86a1ab602640baf4e,BIPC,0.3970860314523589,0.3112858464384829,0.41700078895820747,0.24976076555023924,0.432426138024869,0.21572387344199426,0.4320782242083069,0.19961612284069097,0.4369155464640561,0.46327683615819204,0.3970860314523589,0.43103448275862066,Brookfield Infrastructure Corporation,Utilities,Utilities - Regulated Gas,4735140864,38.5,819.0,746.0,2026-06-30,none,NOT_SELECTED,,
2026-07-01T053352Z,2026-07-01T05:33:52.980988+00:00,2026-07-01T07:21:20.090043+00:00,2026-06-30,data/prospective/daily_qvp/snapshots/2026-07-01T053352Z/raw,1081,1043,144e01281e848a2a4c711cb0058eddc75099bb40,d3881a1328862a39dc4af32e15c4826237a09adca2da7038eafb5659ddb68bb4,8bda06ce0251beedd6a5f2cd61a08ef37682841102d3b9d86a1ab602640baf4e,MCHP,0.6540240518038852,0.7483811285846439,0.48490156446072896,0.44880382775119615,0.43192061032878487,0.21476510067114093,0.441750192259863,0.2236084452975048,0.3157790771175727,0.32595870206489674,0.6540240518038852,0.47123893805309736,Microchip Technology Incorporated,Technology,Semiconductors,49437630464,91.1999969482422,820.0,273.0,2026-06-30,none,NOT_SELECTED,,
2026-07-01T053352Z,2026-07-01T05:33:52.980988+00:00,2026-07-01T07:21:20.090043+00:00,2026-06-30,data/prospective/daily_qvp/snapshots/2026-07-01T053352Z/raw,1081,1043,144e01281e848a2a4c711cb0058eddc75099bb40,d3881a1328862a39dc4af32e15c4826237a09adca2da7038eafb5659ddb68bb4,8bda06ce0251beedd6a5f2cd61a08ef37682841102d3b9d86a1ab602640baf4e,SFM,0.2798334875115634,0.15633672525439407,0.4230606831497211,0.26507177033492824,0.4318721052647972,0.21380632790028764,0.53602529106981,0.6343570057581573,0.5662878787878788,0.44949494949494945,0.2798334875115634,0.8484848484848484,"Sprouts Farmers Market, Inc.",Consumer Defensive,Grocery Stores,7954267648,84.58000183105469,821.0,913.0,2026-06-30,none,NOT_SELECTED,,
2026-07-01T053352Z,2026-07-01T05:33:52.980988+00:00,2026-07-01T07:21:20.090043+00:00,2026-06-30,data/prospective/daily_qvp/snapshots/2026-07-01T053352Z/raw,1081,1043,144e01281e848a2a4c711cb0058eddc75099bb40,d3881a1328862a39dc4af32e15c4826237a09adca2da7038eafb5659ddb68bb4,8bda06ce0251beedd6a5f2cd61a08ef37682841102d3b9d86a1ab602640baf4e,IBP,0.24606845513413503,0.11702127659574468,0.44369357858558145,0.31483253588516746,0.43174343147535493,0.21284755512943432,0.4183016212255638,0.15930902111324377,0.6413187020370279,0.4078431372549019,0.24606845513413503,0.37797619047619047,"Installed Building Products, Inc.",Consumer Cyclical,Residential Construction,6192052736,229.83999633789065,822.0,955.0,2026-06-30,none,NOT_SELECTED,,
2026-07-01T053352Z,2026-07-01T05:33:52.980988+00:00,2026-07-01T07:21:20.090043+00:00,2026-06-30,data/prospective/daily_qvp/snapshots/2026-07-01T053352Z/raw,1081,1043,144e01281e848a2a4c711cb0058eddc75099bb40,d3881a1328862a39dc4af32e15c4826237a09adca2da7038eafb5659ddb68bb4,8bda06ce0251beedd6a5f2cd61a08ef37682841102d3b9d86a1ab602640baf4e,AESI,0.629740980573543,0.7053654024051804,0.4253777366635831,0.2727272727272727,0.4316131338374425,0.21188878235858102,0.3961736184940239,0.09788867562380038,0.22101449275362317,0.4440839281851612,0.629740980573543,0.2898550724637681,Atlas Energy Solutions Inc.,Energy,Oil & Gas Equipment & Services,2074681856,16.610000610351562,823.0,320.0,2026-06-30,none,NOT_SELECTED,,
2026-07-01T053352Z,2026-07-01T05:33:52.980988+00:00,2026-07-01T07:21:20.090043+00:00,2026-06-30,data/prospective/daily_qvp/snapshots/2026-07-01T053352Z/raw,1081,1043,144e01281e848a2a4c711cb0058eddc75099bb40,d3881a1328862a39dc4af32e15c4826237a09adca2da7038eafb5659ddb68bb4,8bda06ce0251beedd6a5f2cd61a08ef37682841102d3b9d86a1ab602640baf4e,PODD,0.13101295097132282,0.041628122109158186,0.40389783685798514,0.215311004784689,0.43144603892671746,0.2109300095877277,0.4914390702343776,0.43378119001919385,0.6767827227446475,0.4865424430641822,0.13101295097132282,0.671418164157358,Insulet Corporation,Healthcare,Medical Devices,10545546240,152.25,824.0,1037.0,2026-06-30,none,NOT_SELECTED,,
2026-07-01T053352Z,2026-07-01T05:33:52.980988+00:00,2026-07-01T07:21:20.090043+00:00,2026-06-30,data/prospective/daily_qvp/snapshots/2026-07-01T053352Z/raw,1081,1043,144e01281e848a2a4c711cb0058eddc75099bb40,d3881a1328862a39dc4af32e15c4826237a09adca2da7038eafb5659ddb68bb4,8bda06ce0251beedd6a5f2cd61a08ef37682841102d3b9d86a1ab602640baf4e,DPZ,0.26873265494912113,0.13922294172062905,0.48716382221210053,0.4583732057416268,0.431311829187152,0.2099712368168744,0.4760136337951259,0.3618042226487524,0.7055949894750799,0.3196078431372548,0.26873265494912113,0.6101190476190477,"Domino's Pizza, Inc.",Consumer Cyclical,Restaurants,9846844416,296.0400085449219,825.0,932.0,2026-06-30,none,NOT_SELECTED,,
2026-07-01T053352Z,2026-07-01T05:33:52.980988+00:00,2026-07-01T07:21:20.090043+00:00,2026-06-30,data/prospective/daily_qvp/snapshots/2026-07-01T053352Z/raw,1081,1043,144e01281e848a2a4c711cb0058eddc75099bb40,d3881a1328862a39dc4af32e15c4826237a09adca2da7038eafb5659ddb68bb4,8bda06ce0251beedd6a5f2cd61a08ef37682841102d3b9d86a1ab602640baf4e,AAON,0.6799259944495837,0.7955596669750231,0.5728578651869244,0.69377990430622,0.4307941323468385,0.20901246404602108,0.4380955992601288,0.21593090211132437,0.46578973592426504,0.14666666666666667,0.6799259944495837,0.45999999999999996,"AAON, Inc.",Industrials,Building Products & Equipment,10391319552,126.86000061035156,826.0,222.0,2026-06-30,none,NOT_SELECTED,,
2026-07-01T053352Z,2026-07-01T05:33:52.980988+00:00,2026-07-01T07:21:20.090043+00:00,2026-06-30,data/prospective/daily_qvp/snapshots/2026-07-01T053352Z/raw,1081,1043,144e01281e848a2a4c711cb0058eddc75099bb40,d3881a1328862a39dc4af32e15c4826237a09adca2da7038eafb5659ddb68bb4,8bda06ce0251beedd6a5f2cd61a08ef37682841102d3b9d86a1ab602640baf4e,LASR,0.7051341350601295,0.8348751156336726,0.5237062505262721,0.5636363636363636,0.43075008638821277,0.2080536912751678,0.5531510603663808,0.7178502879078695,0.3422783659924146,0.24483775811209438,0.7051341350601295,0.920353982300885,"nLIGHT, Inc.",Technology,Semiconductors,3927174400,69.62000274658203,827.0,179.0,2026-06-30,none,NOT_SELECTED,,
2026-07-01T053352Z,2026-07-01T05:33:52.980988+00:00,2026-07-01T07:21:20.090043+00:00,2026-06-30,data/prospective/daily_qvp/snapshots/2026-07-01T053352Z/raw,1081,1043,144e01281e848a2a4c711cb0058eddc75099bb40,d3881a1328862a39dc4af32e15c4826237a09adca2da7038eafb5659ddb68bb4,8bda06ce0251beedd6a5f2cd61a08ef37682841102d3b9d86a1ab602640baf4e,S,0.41049953746530987,0.33024976873265494,0.42090834964289514,0.261244019138756,0.43055640222014047,0.20709491850431447,0.5253509299836895,0.5786948176583493,0.4313171618204804,0.4498525073746313,0.41049953746530987,0.8097345132743363,"SentinelOne, Inc.",Technology,Software - Infrastructure,5794951168,16.969999313354492,828.0,725.0,2026-06-30,none,NOT_SELECTED,,
2026-07-01T053352Z,2026-07-01T05:33:52.980988+00:00,2026-07-01T07:21:20.090043+00:00,2026-06-30,data/prospective/daily_qvp/snapshots/2026-07-01T053352Z/raw,1081,1043,144e01281e848a2a4c711cb0058eddc75099bb40,d3881a1328862a39dc4af32e15c4826237a09adca2da7038eafb5659ddb68bb4,8bda06ce0251beedd6a5f2cd61a08ef37682841102d3b9d86a1ab602640baf4e,LUMN,0.509481961147086,0.4616096207215541,0.3720087033013264,0.16363636363636364,0.4303729519593384,0.20613614573346117,0.345001936191726,0.04030710172744722,0.23453544545556676,0.5471014492753623,0.509481961147086,0.08888888888888885,"Lumen Technologies, Inc.",Communication Services,Telecom Services,7912788480,7.679999828338623,829.0,583.0,2026-06-30,none,NOT_SELECTED,,
2026-07-01T053352Z,2026-07-01T05:33:52.980988+00:00,2026-07-01T07:21:20.090043+00:00,2026-06-30,data/prospective/daily_qvp/snapshots/2026-07-01T053352Z/raw,1081,1043,144e01281e848a2a4c711cb0058eddc75099bb40,d3881a1328862a39dc4af32e15c4826237a09adca2da7038eafb5659ddb68bb4,8bda06ce0251beedd6a5f2cd61a08ef37682841102d3b9d86a1ab602640baf4e,CWEN,0.6045328399629972,0.6595744680851063,0.45500969876583525,0.3464114832535885,0.42951682365933275,0.20517737296260785,0.3781721005031202,0.07389635316698656,0.30548655756867327,0.37853107344632764,0.6045328399629972,0.22413793103448276,"Clearway Energy, Inc.",Utilities,Utilities - Renewable,8206507520,34.18000030517578,830.0,369.0,2026-06-30,none,NOT_SELECTED,,
2026-07-01T053352Z,2026-07-01T05:33:52.980988+00:00,2026-07-01T07:21:20.090043+00:00,2026-06-30,data/prospective/daily_qvp/snapshots/2026-07-01T053352Z/raw,1081,1043,144e01281e848a2a4c711cb0058eddc75099bb40,d3881a1328862a39dc4af32e15c4826237a09adca2da7038eafb5659ddb68bb4,8bda06ce0251beedd6a5f2cd61a08ef37682841102d3b9d86a1ab602640baf4e,ALGM,0.6880203515263644,0.8112858464384829,0.5326015553459887,0.5933014354066986,0.4293056583329207,0.20421860019175456,0.5144571198558852,0.5287907869481766,0.3771827591656131,0.22271386430678464,0.6880203515263644,0.7699115044247787,"Allegro MicroSystems, Inc.",Technology,Semiconductors,12970836992,69.62000274658203,831.0,205.0,2026-06-30,none,NOT_SELECTED,,
2026-07-01T053352Z,2026-07-01T05:33:52.980988+00:00,2026-07-01T07:21:20.090043+00:00,2026-06-30,data/prospective/daily_qvp/snapshots/2026-07-01T053352Z/raw,1081,1043,144e01281e848a2a4c711cb0058eddc75099bb40,d3881a1328862a39dc4af32e15c4826237a09adca2da7038eafb5659ddb68bb4,8bda06ce0251beedd6a5f2cd61a08ef37682841102d3b9d86a1ab602640baf4e,KMB,0.4544403330249769,0.38390379278445885,0.5094171362094582,0.5311004784688995,0.428837013365228,0.20325982742090123,0.35950654790270886,0.04990403071017274,0.5643939393939394,0.2676767676767677,0.4544403330249769,0.1515151515151515,Kimberly-Clark Corporation,Consumer Defensive,Household & Personal Products,36437090304,109.7699966430664,832.0,667.0,2026-06-30,none,NOT_SELECTED,,
2026-07-01T053352Z,2026-07-01T05:33:52.980988+00:00,2026-07-01T07:21:20.090043+00:00,2026-06-30,data/prospective/daily_qvp/snapshots/2026-07-01T053352Z/raw,1081,1043,144e01281e848a2a4c711cb0058eddc75099bb40,d3881a1328862a39dc4af32e15c4826237a09adca2da7038eafb5659ddb68bb4,8bda06ce0251beedd6a5f2cd61a08ef37682841102d3b9d86a1ab602640baf4e,TARS,0.3457446808510638,0.23681776133209992,0.44851521867194327,0.3282296650717703,0.4287547972650774,0.20230105465004794,0.5470821251464768,0.6861804222648752,0.5512857564928227,0.38923395445134573,0.3457446808510638,0.9020641087906751,"Tarsus Pharmaceuticals, Inc.",Healthcare,Biotechnology,2707928064,62.939998626708984,833.0,826.0,2026-06-30,none,NOT_SELECTED,,
2026-07-01T053352Z,2026-07-01T05:33:52.980988+00:00,2026-07-01T07:21:20.090043+00:00,2026-06-30,data/prospective/daily_qvp/snapshots/2026-07-01T053352Z/raw,1081,1043,144e01281e848a2a4c711cb0058eddc75099bb40,d3881a1328862a39dc4af32e15c4826237a09adca2da7038eafb5659ddb68bb4,8bda06ce0251beedd6a5f2cd61a08ef37682841102d3b9d86a1ab602640baf4e,HLT,0.654486586493987,0.7516188714153561,0.576162727884754,0.6976076555023923,0.4285529297009471,0.20134228187919462,0.5044504115614246,0.4798464491362764,0.49783886927552085,0.1333333333333333,0.654486586493987,0.7321428571428572,Hilton Worldwide Holdings Inc.,Consumer Cyclical,Lodging,75228676096,330.4599914550781,834.0,271.0,2026-06-30,none,NOT_SELECTED,,
2026-07-01T053352Z,2026-07-01T05:33:52.980988+00:00,2026-07-01T07:21:20.090043+00:00,2026-06-30,data/prospective/daily_qvp/snapshots/2026-07-01T053352Z/raw,1081,1043,144e01281e848a2a4c711cb0058eddc75099bb40,d3881a1328862a39dc4af32e15c4826237a09adca2da7038eafb5659ddb68bb4,8bda06ce0251beedd6a5f2cd61a08ef37682841102d3b9d86a1ab602640baf4e,PM,0.5610545790934319,0.5624421831637373,0.5863985016679281,0.7263157894736842,0.42796937148232245,0.20038350910834132,0.5179467255814387,0.5489443378119002,0.6117424242424242,0.1111111111111111,0.5610545790934319,0.7878787878787878,Philip Morris International Inc.,Consumer Defensive,Tobacco,281958875136,180.91000366210935,835.0,474.0,2026-06-30,none,NOT_SELECTED,,
2026-07-01T053352Z,2026-07-01T05:33:52.980988+00:00,2026-07-01T07:21:20.090043+00:00,2026-06-30,data/prospective/daily_qvp/snapshots/2026-07-01T053352Z/raw,1081,1043,144e01281e848a2a4c711cb0058eddc75099bb40,d3881a1328862a39dc4af32e15c4826237a09adca2da7038eafb5659ddb68bb4,8bda06ce0251beedd6a5f2cd61a08ef37682841102d3b9d86a1ab602640baf4e,CWAN,0.5319148936170213,0.5074005550416282,0.41511594870484436,0.24210526315789474,0.42571151742564844,0.19942473633748803,0.4500911601931301,0.26103646833013433,0.29831700379266746,0.44690265486725655,0.5319148936170213,0.5232300884955753,"Clearwater Analytics Holdings, Inc.",Technology,Software - Application,7330872320,24.559999465942383,836.0,534.0,2026-06-30,none,NOT_SELECTED,,
2026-07-01T053352Z,2026-07-01T05:33:52.980988+00:00,2026-07-01T07:21:20.090043+00:00,2026-06-30,data/prospective/daily_qvp/snapshots/2026-07-01T053352Z/raw,1081,1043,144e01281e848a2a4c711cb0058eddc75099bb40,d3881a1328862a39dc4af32e15c4826237a09adca2da7038eafb5659ddb68bb4,8bda06ce0251beedd6a5f2cd61a08ef37682841102d3b9d86a1ab602640baf4e,MRCY,0.7014338575393155,0.8316373728029602,0.5086292356954176,0.5301435406698565,0.4250120830562043,0.1984659635666347,0.5293146178477088,0.6017274472168906,0.3158246138515197,0.2577777777777778,0.7014338575393155,0.8422222222222222,"Mercury Systems, Inc.",Industrials,Aerospace & Defense,7345095168,122.33000183105467,837.0,183.0,2026-06-30,none,NOT_SELECTED,,
2026-07-01T053352Z,2026-07-01T05:33:52.980988+00:00,2026-07-01T07:21:20.090043+00:00,2026-06-30,data/prospective/daily_qvp/snapshots/2026-07-01T053352Z/raw,1081,1043,144e01281e848a2a4c711cb0058eddc75099bb40,d3881a1328862a39dc4af32e15c4826237a09adca2da7038eafb5659ddb68bb4,8bda06ce0251beedd6a5f2cd61a08ef37682841102d3b9d86a1ab602640baf4e,PLTR,0.2486123959296947,0.11933395004625347,0.5779941720482861,0.7023923444976077,0.42466081479718576,0.1975071907957814,0.5574336641952345,0.7341650671785028,0.9073759481668775,0.11799410029498524,0.2486123959296947,0.9557522123893806,Palantir Technologies Inc.,Technology,Software - Infrastructure,279694376960,116.66999816894533,838.0,953.0,2026-06-30,none,NOT_SELECTED,,
2026-07-01T053352Z,2026-07-01T05:33:52.980988+00:00,2026-07-01T07:21:20.090043+00:00,2026-06-30,data/prospective/daily_qvp/snapshots/2026-07-01T053352Z/raw,1081,1043,144e01281e848a2a4c711cb0058eddc75099bb40,d3881a1328862a39dc4af32e15c4826237a09adca2da7038eafb5659ddb68bb4,8bda06ce0251beedd6a5f2cd61a08ef37682841102d3b9d86a1ab602640baf4e,MRNA,0.6817761332099908,0.8020351526364478,0.46905363715904147,0.39712918660287083,0.42312340475889165,0.1965484180249281,0.32169843020831396,0.02495201535508637,0.2563311411080922,0.3312629399585921,0.6817761332099908,0.01742350655658085,"Moderna, Inc.",Healthcare,Biotechnology,27786942464,70.02999877929688,839.0,215.0,2026-06-30,none,NOT_SELECTED,,
2026-07-01T053352Z,2026-07-01T05:33:52.980988+00:00,2026-07-01T07:21:20.090043+00:00,2026-06-30,data/prospective/daily_qvp/snapshots/2026-07-01T053352Z/raw,1081,1043,144e01281e848a2a4c711cb0058eddc75099bb40,d3881a1328862a39dc4af32e15c4826237a09adca2da7038eafb5659ddb68bb4,8bda06ce0251beedd6a5f2cd61a08ef37682841102d3b9d86a1ab602640baf4e,VAC,0.6228029602220166,0.6956521739130435,0.39416117422534047,0.19904306220095694,0.4229048351044753,0.1955896452540748,0.3759583882331184,0.0690978886756238,0.16551938822866424,0.4803921568627451,0.6228029602220166,0.23511904761904762,Marriott Vacations Worldwide Corporation,Consumer Cyclical,Resorts & Casinos,3498871296,101.87999725341795,840.0,330.0,2026-06-30,none,NOT_SELECTED,,
2026-07-01T053352Z,2026-07-01T05:33:52.980988+00:00,2026-07-01T07:21:20.090043+00:00,2026-06-30,data/prospective/daily_qvp/snapshots/2026-07-01T053352Z/raw,1081,1043,144e01281e848a2a4c711cb0058eddc75099bb40,d3881a1328862a39dc4af32e15c4826237a09adca2da7038eafb5659ddb68bb4,8bda06ce0251beedd6a5f2cd61a08ef37682841102d3b9d86a1ab602640baf4e,COR,0.3094357076780758,0.1877890841813136,0.3525104744499663,0.1397129186602871,0.422032517818266,0.19463087248322147,0.416591168353986,0.15163147792706333,0.39558524122185684,0.5610766045548653,0.3094357076780758,0.40026711996114617,"Cencora, Inc.",Healthcare,Medical Distribution,55056887808,282.9800109863281,841.0,879.0,2026-06-30,none,NOT_SELECTED,,
2026-07-01T053352Z,2026-07-01T05:33:52.980988+00:00,2026-07-01T07:21:20.090043+00:00,2026-06-30,data/prospective/daily_qvp/snapshots/2026-07-01T053352Z/raw,1081,1043,144e01281e848a2a4c711cb0058eddc75099bb40,d3881a1328862a39dc4af32e15c4826237a09adca2da7038eafb5659ddb68bb4,8bda06ce0251beedd6a5f2cd61a08ef37682841102d3b9d86a1ab602640baf4e,URI,0.6357539315448657,0.7160037002775208,0.5106422871476197,0.5358851674641149,0.42190967291322795,0.19367209971236818,0.40309892135158765,0.11612284069097889,0.3855306427503737,0.24444444444444438,0.6357539315448657,0.3466666666666667,"United Rentals, Inc.",Industrials,Rental & Leasing Services,70971654144,1132.8900146484375,842.0,308.0,2026-06-30,none,NOT_SELECTED,,
2026-07-01T053352Z,2026-07-01T05:33:52.980988+00:00,2026-07-01T07:21:20.090043+00:00,2026-06-30,data/prospective/daily_qvp/snapshots/2026-07-01T053352Z/raw,1081,1043,144e01281e848a2a4c711cb0058eddc75099bb40,d3881a1328862a39dc4af32e15c4826237a09adca2da7038eafb5659ddb68bb4,8bda06ce0251beedd6a5f2cd61a08ef37682841102d3b9d86a1ab602640baf4e,ALNY,0.2548566142460684,0.12812210915818686,0.502360401572964,0.5062200956937799,0.4218634561211065,0.19271332694151486,0.5297353774235156,0.6036468330134357,0.7498641888998596,0.2608695652173913,0.2548566142460684,0.8533511413307431,"Alnylam Pharmaceuticals, Inc.",Healthcare,Biotechnology,40191291392,301.0299987792969,843.0,944.0,2026-06-30,none,NOT_SELECTED,,
2026-07-01T053352Z,2026-07-01T05:33:52.980988+00:00,2026-07-01T07:21:20.090043+00:00,2026-06-30,data/prospective/daily_qvp/snapshots/2026-07-01T053352Z/raw,1081,1043,144e01281e848a2a4c711cb0058eddc75099bb40,d3881a1328862a39dc4af32e15c4826237a09adca2da7038eafb5659ddb68bb4,8bda06ce0251beedd6a5f2cd61a08ef37682841102d3b9d86a1ab602640baf4e,QSR,0.5846438482886217,0.6188714153561518,0.47690762972831957,0.42200956937799045,0.4218599884463307,0.19175455417066156,0.4555318960966528,0.2802303262955854,0.3691714111680175,0.3117647058823529,0.5846438482886217,0.5565476190476191,Restaurant Brands International Inc.,Consumer Cyclical,Restaurants,33088989184,72.51000213623047,844.0,413.0,2026-06-30,none,NOT_SELECTED,,
2026-07-01T053352Z,2026-07-01T05:33:52.980988+00:00,2026-07-01T07:21:20.090043+00:00,2026-06-30,data/prospective/daily_qvp/snapshots/2026-07-01T053352Z/raw,1081,1043,144e01281e848a2a4c711cb0058eddc75099bb40,d3881a1328862a39dc4af32e15c4826237a09adca2da7038eafb5659ddb68bb4,8bda06ce0251beedd6a5f2cd61a08ef37682841102d3b9d86a1ab602640baf4e,HCC,0.4699352451433857,0.40194264569842736,0.43200152087677757,0.2880382775119617,0.42171099508546,0.19079578139980824,0.3226391785174848,0.025911708253358926,0.39406779661016944,0.4011299435028248,0.4699352451433857,0.0254237288135593,"Warrior Met Coal, Inc.",Basic Materials,Coking Coal,4285407488,81.16000366210938,845.0,648.0,2026-06-30,none,NOT_SELECTED,,
2026-07-01T053352Z,2026-07-01T05:33:52.980988+00:00,2026-07-01T07:21:20.090043+00:00,2026-06-30,data/prospective/daily_qvp/snapshots/2026-07-01T053352Z/raw,1081,1043,144e01281e848a2a4c711cb0058eddc75099bb40,d3881a1328862a39dc4af32e15c4826237a09adca2da7038eafb5659ddb68bb4,8bda06ce0251beedd6a5f2cd61a08ef37682841102d3b9d86a1ab602640baf4e,BJ,0.33857539315448654,0.2238667900092507,0.4098179996075463,0.22870813397129186,0.4213601478865123,0.18983700862895495,0.45995950485427817,0.30422264875239924,0.481060606060606,0.4444444444444444,0.33857539315448654,0.5757575757575757,"BJ's Wholesale Club Holdings, Inc.",Consumer Defensive,Discount Stores,11137334272,87.22000122070312,846.0,840.0,2026-06-30,none,NOT_SELECTED,,
2026-07-01T053352Z,2026-07-01T05:33:52.980988+00:00,2026-07-01T07:21:20.090043+00:00,2026-06-30,data/prospective/daily_qvp/snapshots/2026-07-01T053352Z/raw,1081,1043,144e01281e848a2a4c711cb0058eddc75099bb40,d3881a1328862a39dc4af32e15c4826237a09adca2da7038eafb5659ddb68bb4,8bda06ce0251beedd6a5f2cd61a08ef37682841102d3b9d86a1ab602640baf4e,CTOS,0.7534690101757632,0.9232192414431082,0.423010040713193,0.2631578947368421,0.42126595306805453,0.18887823585810162,0.47428279813437424,0.3550863723608445,0.09255107125062279,0.4177777777777778,0.7534690101757632,0.6333333333333333,"Custom Truck One Source, Inc.",Industrials,Rental & Leasing Services,2685981696,11.8100004196167,847.0,84.0,2026-06-30,none,NOT_SELECTED,,
2026-07-01T053352Z,2026-07-01T05:33:52.980988+00:00,2026-07-01T07:21:20.090043+00:00,2026-06-30,data/prospective/daily_qvp/snapshots/2026-07-01T053352Z/raw,1081,1043,144e01281e848a2a4c711cb0058eddc75099bb40,d3881a1328862a39dc4af32e15c4826237a09adca2da7038eafb5659ddb68bb4,8bda06ce0251beedd6a5f2cd61a08ef37682841102d3b9d86a1ab602640baf4e,DE,0.6218778908418132,0.6919518963922294,0.4612179688389435,0.3712918660287081,0.4210588928062092,0.18791946308724833,0.3277386140491014,0.028790786948176585,0.30055804683607373,0.34074074074074073,0.6218778908418132,0.04777777777777775,Deere & Company,Industrials,Farm & Heavy Construction Machinery,171337170944,634.3300170898438,848.0,334.0,2026-06-30,none,NOT_SELECTED,,
2026-07-01T053352Z,2026-07-01T05:33:52.980988+00:00,2026-07-01T07:21:20.090043+00:00,2026-06-30,data/prospective/daily_qvp/snapshots/2026-07-01T053352Z/raw,1081,1043,144e01281e848a2a4c711cb0058eddc75099bb40,d3881a1328862a39dc4af32e15c4826237a09adca2da7038eafb5659ddb68bb4,8bda06ce0251beedd6a5f2cd61a08ef37682841102d3b9d86a1ab602640baf4e,WMG,0.47964847363552265,0.41350601295097134,0.44645270552914207,0.3253588516746411,0.42082354281652945,0.186960690316395,0.39617321266795263,0.09692898272552783,0.4132569374227615,0.36956521739130427,0.47964847363552265,0.3222222222222222,Warner Music Group Corp.,Communication Services,Entertainment,14120131584,27.06999969482422,849.0,635.0,2026-06-30,none,NOT_SELECTED,,
2026-07-01T053352Z,2026-07-01T05:33:52.980988+00:00,2026-07-01T07:21:20.090043+00:00,2026-06-30,data/prospective/daily_qvp/snapshots/2026-07-01T053352Z/raw,1081,1043,144e01281e848a2a4c711cb0058eddc75099bb40,d3881a1328862a39dc4af32e15c4826237a09adca2da7038eafb5659ddb68bb4,8bda06ce0251beedd6a5f2cd61a08ef37682841102d3b9d86a1ab602640baf4e,ACM,0.20790934320074,0.08603145235892692,0.2573976212765035,0.031578947368421054,0.4204873030732245,0.1860019175455417,0.42814325508269613,0.1871401151631478,0.306885899352267,0.7466666666666666,0.20790934320074,0.4511111111111111,AECOM,Industrials,Engineering & Construction,8970900480,69.80000305175781,850.0,989.0,2026-06-30,none,NOT_SELECTED,,
2026-07-01T053352Z,2026-07-01T05:33:52.980988+00:00,2026-07-01T07:21:20.090043+00:00,2026-06-30,data/prospective/daily_qvp/snapshots/2026-07-01T053352Z/raw,1081,1043,144e01281e848a2a4c711cb0058eddc75099bb40,d3881a1328862a39dc4af32e15c4826237a09adca2da7038eafb5659ddb68bb4,8bda06ce0251beedd6a5f2cd61a08ef37682841102d3b9d86a1ab602640baf4e,D,0.6820074005550416,0.803422756706753,0.49186576924303804,0.47081339712918663,0.4201892322260555,0.1850431447746884,0.5414350276178175,0.663147792706334,0.3017241379310345,0.27683615819209034,0.6820074005550416,0.9051724137931034,"Dominion Energy, Inc.",Utilities,Utilities - Regulated Electric,60061908992,68.29000091552734,851.0,213.0,2026-06-30,none,NOT_SELECTED,,
2026-07-01T053352Z,2026-07-01T05:33:52.980988+00:00,2026-07-01T07:21:20.090043+00:00,2026-06-30,data/prospective/daily_qvp/snapshots/2026-07-01T053352Z/raw,1081,1043,144e01281e848a2a4c711cb0058eddc75099bb40,d3881a1328862a39dc4af32e15c4826237a09adca2da7038eafb5659ddb68bb4,8bda06ce0251beedd6a5f2cd61a08ef37682841102d3b9d86a1ab602640baf4e,TLN,0.39893617021276595,0.3131359851988899,0.43522203016775063,0.29473684210526313,0.42009152293669255,0.1840843720038351,0.44222381461631244,0.22648752399232247,0.47150789012273525,0.3898305084745763,0.39893617021276595,0.5086206896551724,Talen Energy Corporation,Utilities,Utilities - Independent Power Producers,18365708288,384.260009765625,852.0,744.0,2026-06-30,none,NOT_SELECTED,,
2026-07-01T053352Z,2026-07-01T05:33:52.980988+00:00,2026-07-01T07:21:20.090043+00:00,2026-06-30,data/prospective/daily_qvp/snapshots/2026-07-01T053352Z/raw,1081,1043,144e01281e848a2a4c711cb0058eddc75099bb40,d3881a1328862a39dc4af32e15c4826237a09adca2da7038eafb5659ddb68bb4,8bda06ce0251beedd6a5f2cd61a08ef37682841102d3b9d86a1ab602640baf4e,KVYO,0.029717853839037876,0.0037002775208140612,0.2932792413948666,0.06411483253588517,0.4197082848237164,0.18312559923298177,0.5089183817593802,0.4971209213051823,0.5568406289506953,0.672566371681416,0.029717853839037876,0.7765486725663717,"Klaviyo, Inc.",Technology,Software - Application,4519124992,15.100000381469728,853.0,1078.0,2026-06-30,none,NOT_SELECTED,,
2026-07-01T053352Z,2026-07-01T05:33:52.980988+00:00,2026-07-01T07:21:20.090043+00:00,2026-06-30,data/prospective/daily_qvp/snapshots/2026-07-01T053352Z/raw,1081,1043,144e01281e848a2a4c711cb0058eddc75099bb40,d3881a1328862a39dc4af32e15c4826237a09adca2da7038eafb5659ddb68bb4,8bda06ce0251beedd6a5f2cd61a08ef37682841102d3b9d86a1ab602640baf4e,CGON,0.7051341350601295,0.8348751156336726,0.5021354961040376,0.5043062200956938,0.419643125767081,0.18216682646212848,0.5573774390314788,0.7322456813819578,0.2991368571479459,0.2546583850931677,0.7051341350601295,0.9705803788246722,"CG Oncology, Inc.",Healthcare,Biotechnology,6266785792,71.05000305175781,854.0,180.0,2026-06-30,none,NOT_SELECTED,,
2026-07-01T053352Z,2026-07-01T05:33:52.980988+00:00,2026-07-01T07:21:20.090043+00:00,2026-06-30,data/prospective/daily_qvp/snapshots/2026-07-01T053352Z/raw,1081,1043,144e01281e848a2a4c711cb0058eddc75099bb40,d3881a1328862a39dc4af32e15c4826237a09adca2da7038eafb5659ddb68bb4,8bda06ce0251beedd6a5f2cd61a08ef37682841102d3b9d86a1ab602640baf4e,CCC,0.08996299722479181,0.02127659574468085,0.2255282748450128,0.023923444976076555,0.4182971193165375,0.18120805369127516,0.4138334589564297,0.14107485604606526,0.36109355246523384,0.8038348082595871,0.08996299722479181,0.40044247787610615,CCC Intelligent Solutions Holdings Inc.,Technology,Software - Application,3028613120,5.159999847412109,855.0,1059.0,2026-06-30,none,NOT_SELECTED,,
2026-07-01T053352Z,2026-07-01T05:33:52.980988+00:00,2026-07-01T07:21:20.090043+00:00,2026-06-30,data/prospective/daily_qvp/snapshots/2026-07-01T053352Z/raw,1081,1043,144e01281e848a2a4c711cb0058eddc75099bb40,d3881a1328862a39dc4af32e15c4826237a09adca2da7038eafb5659ddb68bb4,8bda06ce0251beedd6a5f2cd61a08ef37682841102d3b9d86a1ab602640baf4e,CECO,0.6565679925994449,0.7585568917668826,0.5268689489653926,0.5789473684210527,0.4169249783226074,0.18024928092042186,0.47769373374195556,0.3714011516314779,0.39716990533134033,0.197037037037037,0.6565679925994449,0.6599999999999999,CECO Environmental Corp.,Industrials,Pollution & Treatment Controls,5299490816,90.73999786376952,856.0,262.0,2026-06-30,none,NOT_SELECTED,,
2026-07-01T053352Z,2026-07-01T05:33:52.980988+00:00,2026-07-01T07:21:20.090043+00:00,2026-06-30,data/prospective/daily_qvp/snapshots/2026-07-01T053352Z/raw,1081,1043,144e01281e848a2a4c711cb0058eddc75099bb40,d3881a1328862a39dc4af32e15c4826237a09adca2da7038eafb5659ddb68bb4,8bda06ce0251beedd6a5f2cd61a08ef37682841102d3b9d86a1ab602640baf4e,ARQT,0.3790471785383903,0.2802960222016651,0.47304469559234386,0.41148325358851673,0.416122274632301,0.17929050814956854,0.53505795172459,0.6285988483685221,0.5670422126462974,0.3022774327122153,0.3790471785383903,0.8918649830014571,"Arcutis Biotherapeutics, Inc.",Healthcare,Biotechnology,3279686144,26.219999313354492,857.0,779.0,2026-06-30,none,NOT_SELECTED,,
2026-07-01T053352Z,2026-07-01T05:33:52.980988+00:00,2026-07-01T07:21:20.090043+00:00,2026-06-30,data/prospective/daily_qvp/snapshots/2026-07-01T053352Z/raw,1081,1043,144e01281e848a2a4c711cb0058eddc75099bb40,d3881a1328862a39dc4af32e15c4826237a09adca2da7038eafb5659ddb68bb4,8bda06ce0251beedd6a5f2cd61a08ef37682841102d3b9d86a1ab602640baf4e,VRSK,0.25531914893617025,0.12950971322849214,0.48252504532010304,0.44019138755980863,0.4160043512010563,0.17833173537871524,0.4520032634007922,0.2677543186180422,0.7097309417040358,0.2829629629629629,0.25531914893617025,0.56,"Verisk Analytics, Inc.",Industrials,Consulting Services,23522351104,179.52999877929688,858.0,942.0,2026-06-30,none,NOT_SELECTED,,
2026-07-01T053352Z,2026-07-01T05:33:52.980988+00:00,2026-07-01T07:21:20.090043+00:00,2026-06-30,data/prospective/daily_qvp/snapshots/2026-07-01T053352Z/raw,1081,1043,144e01281e848a2a4c711cb0058eddc75099bb40,d3881a1328862a39dc4af32e15c4826237a09adca2da7038eafb5659ddb68bb4,8bda06ce0251beedd6a5f2cd61a08ef37682841102d3b9d86a1ab602640baf4e,DOCN,0.7538159111933393,0.9250693802035153,0.5456816597686039,0.6267942583732058,0.4154101920581253,0.17737296260786195,0.48854879448607186,0.42226487523992323,0.3375474083438685,0.15486725663716813,0.7538159111933393,0.7079646017699115,"DigitalOcean Holdings, Inc.",Technology,Software - Infrastructure,16388307968,157.02999877929688,859.0,82.0,2026-06-30,none,NOT_SELECTED,,
2026-07-01T053352Z,2026-07-01T05:33:52.980988+00:00,2026-07-01T07:21:20.090043+00:00,2026-06-30,data/prospective/daily_qvp/snapshots/2026-07-01T053352Z/raw,1081,1043,144e01281e848a2a4c711cb0058eddc75099bb40,d3881a1328862a39dc4af32e15c4826237a09adca2da7038eafb5659ddb68bb4,8bda06ce0251beedd6a5f2cd61a08ef37682841102d3b9d86a1ab602640baf4e,BKD,0.7030527289546716,0.8325624421831638,0.4395702842664679,0.30239234449760766,0.41520006528737613,0.17641418983700863,0.3867035943759255,0.08061420345489444,0.17608783957826415,0.3664596273291925,0.7030527289546716,0.30121418164157354,Brookdale Senior Living Inc.,Healthcare,Medical Care Facilities,3842593280,16.09000015258789,860.0,182.0,2026-06-30,none,NOT_SELECTED,,
2026-07-01T053352Z,2026-07-01T05:33:52.980988+00:00,2026-07-01T07:21:20.090043+00:00,2026-06-30,data/prospective/daily_qvp/snapshots/2026-07-01T053352Z/raw,1081,1043,144e01281e848a2a4c711cb0058eddc75099bb40,d3881a1328862a39dc4af32e15c4826237a09adca2da7038eafb5659ddb68bb4,8bda06ce0251beedd6a5f2cd61a08ef37682841102d3b9d86a1ab602640baf4e,CNP,0.6455827937095282,0.7354301572617946,0.4661651548910002,0.3894736842105263,0.41435492435294546,0.17545541706615533,0.40343860705781254,0.118042226487524,0.2867475160724722,0.3107344632768361,0.6455827937095282,0.37068965517241376,"CenterPoint Energy, Inc.",Utilities,Utilities - Regulated Electric,28809623552,44.040000915527344,861.0,287.0,2026-06-30,none,NOT_SELECTED,,
2026-07-01T053352Z,2026-07-01T05:33:52.980988+00:00,2026-07-01T07:21:20.090043+00:00,2026-06-30,data/prospective/daily_qvp/snapshots/2026-07-01T053352Z/raw,1081,1043,144e01281e848a2a4c711cb0058eddc75099bb40,d3881a1328862a39dc4af32e15c4826237a09adca2da7038eafb5659ddb68bb4,8bda06ce0251beedd6a5f2cd61a08ef37682841102d3b9d86a1ab602640baf4e,ESAB,0.21554116558741904,0.09065679925994449,0.29940486281363976,0.07177033492822966,0.41392422953008084,0.174496644295302,0.3921098388142273,0.09021113243761997,0.38326856003986043,0.642962962962963,0.21554116558741904,0.32666666666666666,ESAB Corporation,Industrials,Metal Fabrication,6004763136,98.62999725341795,862.0,984.0,2026-06-30,none,NOT_SELECTED,,
2026-07-01T053352Z,2026-07-01T05:33:52.980988+00:00,2026-07-01T07:21:20.090043+00:00,2026-06-30,data/prospective/daily_qvp/snapshots/2026-07-01T053352Z/raw,1081,1043,144e01281e848a2a4c711cb0058eddc75099bb40,d3881a1328862a39dc4af32e15c4826237a09adca2da7038eafb5659ddb68bb4,8bda06ce0251beedd6a5f2cd61a08ef37682841102d3b9d86a1ab602640baf4e,UCTT,0.7543940795559666,0.9269195189639223,0.4415489282103474,0.30813397129186604,0.4138349786889042,0.17353787152444872,0.3313939331317224,0.030710172744721688,0.12870377686472817,0.3584070796460177,0.7543940795559666,0.08407079646017696,"Ultra Clean Holdings, Inc.",Technology,Semiconductor Equipment & Materials,6392074752,142.58999633789062,863.0,80.0,2026-06-30,none,NOT_SELECTED,,
2026-07-01T053352Z,2026-07-01T05:33:52.980988+00:00,2026-07-01T07:21:20.090043+00:00,2026-06-30,data/prospective/daily_qvp/snapshots/2026-07-01T053352Z/raw,1081,1043,144e01281e848a2a4c711cb0058eddc75099bb40,d3881a1328862a39dc4af32e15c4826237a09adca2da7038eafb5659ddb68bb4,8bda06ce0251beedd6a5f2cd61a08ef37682841102d3b9d86a1ab602640baf4e,COHR,0.7321924144310824,0.8788159111933395,0.49663705740517455,0.48995215311004786,0.4127039576408145,0.1725790987535954,0.509749207168664,0.5019193857965452,0.2610817003792667,0.24483775811209438,0.7321924144310824,0.8008849557522124,Coherent Corp.,Technology,Scientific & Technical Instruments,77173841920,394.4700012207031,864.0,132.0,2026-06-30,none,NOT_SELECTED,,
2026-07-01T053352Z,2026-07-01T05:33:52.980988+00:00,2026-07-01T07:21:20.090043+00:00,2026-06-30,data/prospective/daily_qvp/snapshots/2026-07-01T053352Z/raw,1081,1043,144e01281e848a2a4c711cb0058eddc75099bb40,d3881a1328862a39dc4af32e15c4826237a09adca2da7038eafb5659ddb68bb4,8bda06ce0251beedd6a5f2cd61a08ef37682841102d3b9d86a1ab602640baf4e,PCOR,0.11019888991674373,0.02960222016651249,0.33420619274598246,0.10526315789473684,0.4120863310538605,0.1716203259827421,0.4539762527151741,0.2744721689059501,0.5582134955752212,0.5678466076696166,0.11019888991674373,0.5796460176991151,"Procore Technologies, Inc.",Technology,Software - Application,6129160192,40.619998931884766,865.0,1050.0,2026-06-30,none,NOT_SELECTED,,
2026-07-01T053352Z,2026-07-01T05:33:52.980988+00:00,2026-07-01T07:21:20.090043+00:00,2026-06-30,data/prospective/daily_qvp/snapshots/2026-07-01T053352Z/raw,1081,1043,144e01281e848a2a4c711cb0058eddc75099bb40,d3881a1328862a39dc4af32e15c4826237a09adca2da7038eafb5659ddb68bb4,8bda06ce0251beedd6a5f2cd61a08ef37682841102d3b9d86a1ab602640baf4e,LVS,0.32099907493061974,0.19518963922294172,0.4295346219132902,0.2813397129186603,0.41184661068729156,0.17066155321188878,0.5261468627773733,0.5854126679462572,0.5380701688959607,0.3764705882352941,0.32099907493061974,0.8690476190476191,Las Vegas Sands Corp.,Consumer Cyclical,Resorts & Casinos,30607216640,46.189998626708984,866.0,872.0,2026-06-30,none,NOT_SELECTED,,
2026-07-01T053352Z,2026-07-01T05:33:52.980988+00:00,2026-07-01T07:21:20.090043+00:00,2026-06-30,data/prospective/daily_qvp/snapshots/2026-07-01T053352Z/raw,1081,1043,144e01281e848a2a4c711cb0058eddc75099bb40,d3881a1328862a39dc4af32e15c4826237a09adca2da7038eafb5659ddb68bb4,8bda06ce0251beedd6a5f2cd61a08ef37682841102d3b9d86a1ab602640baf4e,PSKY,0.1281221091581868,0.03885291396854764,0.22323558553067185,0.020095693779904306,0.41090101837310494,0.16970278044103548,0.43873131933538423,0.21880998080614203,0.3183490619031569,0.7862318840579711,0.1281221091581868,0.5222222222222221,Paramount Skydance Corporation,Communication Services,Entertainment,11035046912,9.859999656677246,867.0,1040.0,2026-06-30,none,NOT_SELECTED,,
2026-07-01T053352Z,2026-07-01T05:33:52.980988+00:00,2026-07-01T07:21:20.090043+00:00,2026-06-30,data/prospective/daily_qvp/snapshots/2026-07-01T053352Z/raw,1081,1043,144e01281e848a2a4c711cb0058eddc75099bb40,d3881a1328862a39dc4af32e15c4826237a09adca2da7038eafb5659ddb68bb4,8bda06ce0251beedd6a5f2cd61a08ef37682841102d3b9d86a1ab602640baf4e,AWK,0.46577243293246995,0.39777983348751156,0.46096920886833903,0.3684210526315789,0.41089096033783806,0.16874400767018216,0.43316822025337853,0.20633397312859886,0.45616598480420806,0.3107344632768361,0.46577243293246995,0.5,"American Water Works Company, Inc.",Utilities,Utilities - Regulated Water,25695012864,131.5800018310547,868.0,652.0,2026-06-30,none,NOT_SELECTED,,
2026-07-01T053352Z,2026-07-01T05:33:52.980988+00:00,2026-07-01T07:21:20.090043+00:00,2026-06-30,data/prospective/daily_qvp/snapshots/2026-07-01T053352Z/raw,1081,1043,144e01281e848a2a4c711cb0058eddc75099bb40,d3881a1328862a39dc4af32e15c4826237a09adca2da7038eafb5659ddb68bb4,8bda06ce0251beedd6a5f2cd61a08ef37682841102d3b9d86a1ab602640baf4e,GXO,0.34204440333024977,0.22895467160037003,0.2523525454618364,0.03062200956937799,0.4107041661103601,0.16778523489932887,0.4635836801383256,0.31765834932821496,0.162660687593423,0.7274074074074076,0.34204440333024977,0.6222222222222222,"GXO Logistics, Inc.",Industrials,Integrated Freight & Logistics,5832963584,50.70000076293945,869.0,835.0,2026-06-30,none,NOT_SELECTED,,
2026-07-01T053352Z,2026-07-01T05:33:52.980988+00:00,2026-07-01T07:21:20.090043+00:00,2026-06-30,data/prospective/daily_qvp/snapshots/2026-07-01T053352Z/raw,1081,1043,144e01281e848a2a4c711cb0058eddc75099bb40,d3881a1328862a39dc4af32e15c4826237a09adca2da7038eafb5659ddb68bb4,8bda06ce0251beedd6a5f2cd61a08ef37682841102d3b9d86a1ab602640baf4e,BRZE,0.154486586493987,0.056429232192414434,0.304235431363302,0.07655502392344497,0.40980493850965455,0.16682646212847554,0.4605616684840108,0.30806142034548945,0.45398427623261695,0.6209439528023598,0.154486586493987,0.6128318584070797,"Braze, Inc.",Technology,Software - Application,2442981120,21.690000534057617,870.0,1021.0,2026-06-30,none,NOT_SELECTED,,
2026-07-01T053352Z,2026-07-01T05:33:52.980988+00:00,2026-07-01T07:21:20.090043+00:00,2026-06-30,data/prospective/daily_qvp/snapshots/2026-07-01T053352Z/raw,1081,1043,144e01281e848a2a4c711cb0058eddc75099bb40,d3881a1328862a39dc4af32e15c4826237a09adca2da7038eafb5659ddb68bb4,8bda06ce0251beedd6a5f2cd61a08ef37682841102d3b9d86a1ab602640baf4e,CLMT,0.7791396854764108,0.969472710453284,0.44571391053481557,0.32248803827751193,0.4091953377200088,0.16586768935762225,0.4318965032900066,0.19865642994241842,0.11228813559322033,0.3361581920903955,0.7791396854764108,0.5,"Calumet, Inc.",Basic Materials,Specialty Chemicals,3139040256,36.02000045776367,871.0,34.0,2026-06-30,none,NOT_SELECTED,,
2026-07-01T053352Z,2026-07-01T05:33:52.980988+00:00,2026-07-01T07:21:20.090043+00:00,2026-06-30,data/prospective/daily_qvp/snapshots/2026-07-01T053352Z/raw,1081,1043,144e01281e848a2a4c711cb0058eddc75099bb40,d3881a1328862a39dc4af32e15c4826237a09adca2da7038eafb5659ddb68bb4,8bda06ce0251beedd6a5f2cd61a08ef37682841102d3b9d86a1ab602640baf4e,LW,0.2856151711378353,0.16003700277520813,0.2981106158719479,0.06794258373205742,0.4091781210190091,0.16490891658676893,0.3447623786430447,0.03934740882917467,0.31060606060606055,0.6313131313131314,0.2856151711378353,0.15151515151515146,"Lamb Weston Holdings, Inc.",Consumer Defensive,Packaged Foods,5961983488,43.18000030517578,872.0,909.0,2026-06-30,none,NOT_SELECTED,,
2026-07-01T053352Z,2026-07-01T05:33:52.980988+00:00,2026-07-01T07:21:20.090043+00:00,2026-06-30,data/prospective/daily_qvp/snapshots/2026-07-01T053352Z/raw,1081,1043,144e01281e848a2a4c711cb0058eddc75099bb40,d3881a1328862a39dc4af32e15c4826237a09adca2da7038eafb5659ddb68bb4,8bda06ce0251beedd6a5f2cd61a08ef37682841102d3b9d86a1ab602640baf4e,KD,0.016998149861239525,0.0009250693802035153,0.13427439888763618,0.0019138755980861245,0.40834615776383215,0.16395014381591563,0.3643348395618122,0.053742802303262956,0.2515506479140328,0.9564896755162242,0.016998149861239525,0.23230088495575213,"Kyndryl Holdings, Inc.",Technology,Information Technology Services,2494049792,11.3100004196167,873.0,1081.0,2026-06-30,none,NOT_SELECTED,,
2026-07-01T053352Z,2026-07-01T05:33:52.980988+00:00,2026-07-01T07:21:20.090043+00:00,2026-06-30,data/prospective/daily_qvp/snapshots/2026-07-01T053352Z/raw,1081,1043,144e01281e848a2a4c711cb0058eddc75099bb40,d3881a1328862a39dc4af32e15c4826237a09adca2da7038eafb5659ddb68bb4,8bda06ce0251beedd6a5f2cd61a08ef37682841102d3b9d86a1ab602640baf4e,AN,0.3762719703977798,0.2784458834412581,0.3338552122388183,0.10430622009569378,0.4081910565252252,0.1629913710450623,0.4266790066796332,0.1852207293666027,0.2914384540798568,0.5568627450980391,0.3762719703977798,0.4821428571428571,"AutoNation, Inc.",Consumer Cyclical,Auto & Truck Dealerships,6216811008,185.7899932861328,874.0,781.0,2026-06-30,none,NOT_SELECTED,,
2026-07-01T053352Z,2026-07-01T05:33:52.980988+00:00,2026-07-01T07:21:20.090043+00:00,2026-06-30,data/prospective/daily_qvp/snapshots/2026-07-01T053352Z/raw,1081,1043,144e01281e848a2a4c711cb0058eddc75099bb40,d3881a1328862a39dc4af32e15c4826237a09adca2da7038eafb5659ddb68bb4,8bda06ce0251beedd6a5f2cd61a08ef37682841102d3b9d86a1ab602640baf4e,SHC,0.4863552266419981,0.42368177613321,0.4202286093863087,0.2583732057416268,0.4078266643665798,0.16203259827420902,0.4256854426654157,0.1813819577735125,0.35410199213061927,0.3830227743271221,0.4863552266419981,0.47926177756192323,Sotera Health Company,Healthcare,Diagnostics & Research,5061714432,17.75,875.0,624.0,2026-06-30,none,NOT_SELECTED,,
2026-07-01T053352Z,2026-07-01T05:33:52.980988+00:00,2026-07-01T07:21:20.090043+00:00,2026-06-30,data/prospective/daily_qvp/snapshots/2026-07-01T053352Z/raw,1081,1043,144e01281e848a2a4c711cb0058eddc75099bb40,d3881a1328862a39dc4af32e15c4826237a09adca2da7038eafb5659ddb68bb4,8bda06ce0251beedd6a5f2cd61a08ef37682841102d3b9d86a1ab602640baf4e,WH,0.49953746530989823,0.4440333024976873,0.4773249622473778,0.42392344497607654,0.4077591251583826,0.1610738255033557,0.3541824391068822,0.04318618042226487,0.4551124591848574,0.26862745098039215,0.49953746530989823,0.19345238095238088,"Wyndham Hotels & Resorts, Inc.",Consumer Cyclical,Lodging,6304001024,84.20999908447266,876.0,602.0,2026-06-30,none,NOT_SELECTED,,
2026-07-01T053352Z,2026-07-01T05:33:52.980988+00:00,2026-07-01T07:21:20.090043+00:00,2026-06-30,data/prospective/daily_qvp/snapshots/2026-07-01T053352Z/raw,1081,1043,144e01281e848a2a4c711cb0058eddc75099bb40,d3881a1328862a39dc4af32e15c4826237a09adca2da7038eafb5659ddb68bb4,8bda06ce0251beedd6a5f2cd61a08ef37682841102d3b9d86a1ab602640baf4e,XPO,0.6824699352451434,0.8048103607770583,0.45973770803114167,0.3626794258373206,0.40772637325532896,0.1601150527325024,0.4107947799414967,0.1295585412667946,0.23700548081713996,0.3037037037037037,0.6824699352451434,0.41999999999999993,"XPO, Inc.",Industrials,Trucking,24103094272,205.2899932861328,877.0,212.0,2026-06-30,none,NOT_SELECTED,,
2026-07-01T053352Z,2026-07-01T05:33:52.980988+00:00,2026-07-01T07:21:20.090043+00:00,2026-06-30,data/prospective/daily_qvp/snapshots/2026-07-01T053352Z/raw,1081,1043,144e01281e848a2a4c711cb0058eddc75099bb40,d3881a1328862a39dc4af32e15c4826237a09adca2da7038eafb5659ddb68bb4,8bda06ce0251beedd6a5f2cd61a08ef37682841102d3b9d86a1ab602640baf4e,VIAV,0.7627197039777983,0.9472710453283997,0.4943447998397209,0.47942583732057414,0.40625936508488764,0.15915627996164908,0.4213980636366746,0.16986564299424184,0.22596989570164347,0.23008849557522118,0.7627197039777983,0.4668141592920354,Viavi Solutions Inc.,Technology,Communication Equipment,11779239936,47.75,878.0,58.0,2026-06-30,none,NOT_SELECTED,,
2026-07-01T053352Z,2026-07-01T05:33:52.980988+00:00,2026-07-01T07:21:20.090043+00:00,2026-06-30,data/prospective/daily_qvp/snapshots/2026-07-01T053352Z/raw,1081,1043,144e01281e848a2a4c711cb0058eddc75099bb40,d3881a1328862a39dc4af32e15c4826237a09adca2da7038eafb5659ddb68bb4,8bda06ce0251beedd6a5f2cd61a08ef37682841102d3b9d86a1ab602640baf4e,VSEC,0.5201202590194265,0.484736355226642,0.4089938614479295,0.22583732057416267,0.405995907631953,0.15819750719079578,0.526719152946187,0.5882917466410749,0.2978674638764325,0.3999999999999999,0.5201202590194265,0.8888888888888888,VSE Corporation,Industrials,Aerospace & Defense,6411059200,228.5,879.0,558.0,2026-06-30,none,NOT_SELECTED,,
2026-07-01T053352Z,2026-07-01T05:33:52.980988+00:00,2026-07-01T07:21:20.090043+00:00,2026-06-30,data/prospective/daily_qvp/snapshots/2026-07-01T053352Z/raw,1081,1043,144e01281e848a2a4c711cb0058eddc75099bb40,d3881a1328862a39dc4af32e15c4826237a09adca2da7038eafb5659ddb68bb4,8bda06ce0251beedd6a5f2cd61a08ef37682841102d3b9d86a1ab602640baf4e,MGNI,0.3050416281221091,0.18038852913968548,0.4022427554159585,0.21052631578947367,0.4058429963642622,0.15723873441994246,0.4710489139398633,0.34261036468330136,0.4994438827098079,0.41304347826086957,0.3050416281221091,0.6666666666666667,"Magnite, Inc.",Communication Services,Advertising Agencies,2718220800,18.979999542236328,880.0,887.0,2026-06-30,none,NOT_SELECTED,,
2026-07-01T053352Z,2026-07-01T05:33:52.980988+00:00,2026-07-01T07:21:20.090043+00:00,2026-06-30,data/prospective/daily_qvp/snapshots/2026-07-01T053352Z/raw,1081,1043,144e01281e848a2a4c711cb0058eddc75099bb40,d3881a1328862a39dc4af32e15c4826237a09adca2da7038eafb5659ddb68bb4,8bda06ce0251beedd6a5f2cd61a08ef37682841102d3b9d86a1ab602640baf4e,BFLY,0.643154486586494,0.7317298797409806,0.4864977891598764,0.4535885167464115,0.40438706992991075,0.15627996164908917,0.4573153145892494,0.2888675623800384,0.3298410917332588,0.24016563146997927,0.643154486586494,0.6161000485672656,"Butterfly Network, Inc.",Healthcare,Medical Devices,2203016448,8.420000076293945,881.0,291.0,2026-06-30,none,NOT_SELECTED,,
2026-07-01T053352Z,2026-07-01T05:33:52.980988+00:00,2026-07-01T07:21:20.090043+00:00,2026-06-30,data/prospective/daily_qvp/snapshots/2026-07-01T053352Z/raw,1081,1043,144e01281e848a2a4c711cb0058eddc75099bb40,d3881a1328862a39dc4af32e15c4826237a09adca2da7038eafb5659ddb68bb4,8bda06ce0251beedd6a5f2cd61a08ef37682841102d3b9d86a1ab602640baf4e,RDW,0.616558741905643,0.6817761332099908,0.4252412543608932,0.27177033492822966,0.40349416957392875,0.15532118887823587,0.3967872938471132,0.09884836852207293,0.23392376681614344,0.35999999999999993,0.616558741905643,0.37666666666666665,Redwire Corporation,Industrials,Aerospace & Defense,2432775936,12.229999542236328,882.0,345.0,2026-06-30,none,NOT_SELECTED,,
2026-07-01T053352Z,2026-07-01T05:33:52.980988+00:00,2026-07-01T07:21:20.090043+00:00,2026-06-30,data/prospective/daily_qvp/snapshots/2026-07-01T053352Z/raw,1081,1043,144e01281e848a2a4c711cb0058eddc75099bb40,d3881a1328862a39dc4af32e15c4826237a09adca2da7038eafb5659ddb68bb4,8bda06ce0251beedd6a5f2cd61a08ef37682841102d3b9d86a1ab602640baf4e,NKE,0.19865864939870487,0.07909343200740056,0.3718775673692014,0.16172248803827752,0.4034739338016898,0.15436241610738255,0.31376616463698165,0.02111324376199616,0.545096485339698,0.4666666666666666,0.19865864939870487,0.044642857142857095,"NIKE, Inc.",Consumer Cyclical,Footwear & Accessories,60790411264,41.04999923706055,883.0,997.0,2026-06-30,none,NOT_SELECTED,,
2026-07-01T053352Z,2026-07-01T05:33:52.980988+00:00,2026-07-01T07:21:20.090043+00:00,2026-06-30,data/prospective/daily_qvp/snapshots/2026-07-01T053352Z/raw,1081,1043,144e01281e848a2a4c711cb0058eddc75099bb40,d3881a1328862a39dc4af32e15c4826237a09adca2da7038eafb5659ddb68bb4,8bda06ce0251beedd6a5f2cd61a08ef37682841102d3b9d86a1ab602640baf4e,INTC,0.7577474560592043,0.9343200740055504,0.4712212311901584,0.4047846889952153,0.40215142059678205,0.15340364333652926,0.4221887866865246,0.17178502879078694,0.1846950063211125,0.26401179941002945,0.7577474560592043,0.4823008849557522,Intel Corporation,Technology,Semiconductors,701780393984,139.6300048828125,884.0,72.0,2026-06-30,none,NOT_SELECTED,,
2026-07-01T053352Z,2026-07-01T05:33:52.980988+00:00,2026-07-01T07:21:20.090043+00:00,2026-06-30,data/prospective/daily_qvp/snapshots/2026-07-01T053352Z/raw,1081,1043,144e01281e848a2a4c711cb0058eddc75099bb40,d3881a1328862a39dc4af32e15c4826237a09adca2da7038eafb5659ddb68bb4,8bda06ce0251beedd6a5f2cd61a08ef37682841102d3b9d86a1ab602640baf4e,XEL,0.6036077705827938,0.6530989824236818,0.4520267082019755,0.33875598086124403,0.40210443446986693,0.15244487056567593,0.46537142930067604,0.32245681381957775,0.3004456458211572,0.3022598870056497,0.6036077705827938,0.6551724137931034,Xcel Energy Inc.,Utilities,Utilities - Regulated Electric,50128846848,80.30000305175781,885.0,376.0,2026-06-30,none,NOT_SELECTED,,
2026-07-01T053352Z,2026-07-01T05:33:52.980988+00:00,2026-07-01T07:21:20.090043+00:00,2026-06-30,data/prospective/daily_qvp/snapshots/2026-07-01T053352Z/raw,1081,1043,144e01281e848a2a4c711cb0058eddc75099bb40,d3881a1328862a39dc4af32e15c4826237a09adca2da7038eafb5659ddb68bb4,8bda06ce0251beedd6a5f2cd61a08ef37682841102d3b9d86a1ab602640baf4e,SNPS,0.27312673450508784,0.1461609620721554,0.3450415594143644,0.12631578947368421,0.401610793788534,0.15148609779482264,0.3778120776422854,0.07293666026871401,0.4169563843236409,0.5147492625368731,0.27312673450508784,0.3064159292035398,"Synopsys, Inc.",Technology,Software - Infrastructure,85413183488,446.0700073242187,886.0,924.0,2026-06-30,none,NOT_SELECTED,,
2026-07-01T053352Z,2026-07-01T05:33:52.980988+00:00,2026-07-01T07:21:20.090043+00:00,2026-06-30,data/prospective/daily_qvp/snapshots/2026-07-01T053352Z/raw,1081,1043,144e01281e848a2a4c711cb0058eddc75099bb40,d3881a1328862a39dc4af32e15c4826237a09adca2da7038eafb5659ddb68bb4,8bda06ce0251beedd6a5f2cd61a08ef37682841102d3b9d86a1ab602640baf4e,LPX,0.29879740980573544,0.1725254394079556,0.35711420066769084,0.14641148325358852,0.40153292390191736,0.15052732502396932,0.3080941373708824,0.01727447216890595,0.4154309915296462,0.49037037037037035,0.29879740980573544,0.02777777777777775,Louisiana-Pacific Corporation,Industrials,Building Products & Equipment,5495571968,78.66000366210938,887.0,895.0,2026-06-30,none,NOT_SELECTED,,
2026-07-01T053352Z,2026-07-01T05:33:52.980988+00:00,2026-07-01T07:21:20.090043+00:00,2026-06-30,data/prospective/daily_qvp/snapshots/2026-07-01T053352Z/raw,1081,1043,144e01281e848a2a4c711cb0058eddc75099bb40,d3881a1328862a39dc4af32e15c4826237a09adca2da7038eafb5659ddb68bb4,8bda06ce0251beedd6a5f2cd61a08ef37682841102d3b9d86a1ab602640baf4e,IP,0.25578168362627196,0.13135985198889916,0.2894533884294156,0.05933014354066986,0.4014656576457542,0.14956855225311602,0.4350278146628871,0.21017274472168906,0.3231250932325592,0.6254901960784314,0.25578168362627196,0.5357142857142857,International Paper Company,Consumer Cyclical,Packaging & Containers,20174596096,38.099998474121094,888.0,940.0,2026-06-30,none,NOT_SELECTED,,
2026-07-01T053352Z,2026-07-01T05:33:52.980988+00:00,2026-07-01T07:21:20.090043+00:00,2026-06-30,data/prospective/daily_qvp/snapshots/2026-07-01T053352Z/raw,1081,1043,144e01281e848a2a4c711cb0058eddc75099bb40,d3881a1328862a39dc4af32e15c4826237a09adca2da7038eafb5659ddb68bb4,8bda06ce0251beedd6a5f2cd61a08ef37682841102d3b9d86a1ab602640baf4e,JBLU,0.5127197039777984,0.46808510638297873,0.28585910460474373,0.05741626794258373,0.4014369339340267,0.1486097794822627,0.33163325600607557,0.03166986564299424,0.05899850523168902,0.6325925925925926,0.5127197039777984,0.12222222222222219,JetBlue Airways Corporation,Industrials,Airlines,2131668224,5.730000019073486,889.0,576.0,2026-06-30,none,NOT_SELECTED,,
2026-07-01T053352Z,2026-07-01T05:33:52.980988+00:00,2026-07-01T07:21:20.090043+00:00,2026-06-30,data/prospective/daily_qvp/snapshots/2026-07-01T053352Z/raw,1081,1043,144e01281e848a2a4c711cb0058eddc75099bb40,d3881a1328862a39dc4af32e15c4826237a09adca2da7038eafb5659ddb68bb4,8bda06ce0251beedd6a5f2cd61a08ef37682841102d3b9d86a1ab602640baf4e,LEGN,0.3882978723404255,0.29509713228492135,0.39850565269065874,0.20287081339712917,0.40093613561019764,0.1476510067114094,0.5158186631452393,0.5412667946257198,0.4087134330408919,0.40579710144927533,0.3882978723404255,0.8604662457503642,Legend Biotech Corporation,Healthcare,Biotechnology,5586541056,28.8799991607666,890.0,764.0,2026-06-30,none,NOT_SELECTED,,
2026-07-01T053352Z,2026-07-01T05:33:52.980988+00:00,2026-07-01T07:21:20.090043+00:00,2026-06-30,data/prospective/daily_qvp/snapshots/2026-07-01T053352Z/raw,1081,1043,144e01281e848a2a4c711cb0058eddc75099bb40,d3881a1328862a39dc4af32e15c4826237a09adca2da7038eafb5659ddb68bb4,8bda06ce0251beedd6a5f2cd61a08ef37682841102d3b9d86a1ab602640baf4e,WMB,0.6702127659574467,0.7844588344125809,0.5325701510946654,0.5923444976076555,0.40037567839699634,0.14669223394055608,0.48325277329050087,0.39731285988483683,0.39492753623188404,0.13598673300165834,0.6702127659574467,0.7318840579710144,"The Williams Companies, Inc.",Energy,Oil & Gas Midstream,90917683200,74.33999633789062,891.0,234.0,2026-06-30,none,NOT_SELECTED,,
2026-07-01T053352Z,2026-07-01T05:33:52.980988+00:00,2026-07-01T07:21:20.090043+00:00,2026-06-30,data/prospective/daily_qvp/snapshots/2026-07-01T053352Z/raw,1081,1043,144e01281e848a2a4c711cb0058eddc75099bb40,d3881a1328862a39dc4af32e15c4826237a09adca2da7038eafb5659ddb68bb4,8bda06ce0251beedd6a5f2cd61a08ef37682841102d3b9d86a1ab602640baf4e,PRM,0.6563367252543941,0.757631822386679,0.5040158202543157,0.509090909090909,0.40004067866295245,0.1457334611697028,0.40914067848873975,0.1257197696737044,0.35169491525423724,0.192090395480226,0.6563367252543941,0.43644067796610164,"Perimeter Solutions, Inc.",Basic Materials,Specialty Chemicals,5815479808,35.650001525878906,892.0,263.0,2026-06-30,none,NOT_SELECTED,,
2026-07-01T053352Z,2026-07-01T05:33:52.980988+00:00,2026-07-01T07:21:20.090043+00:00,2026-06-30,data/prospective/daily_qvp/snapshots/2026-07-01T053352Z/raw,1081,1043,144e01281e848a2a4c711cb0058eddc75099bb40,d3881a1328862a39dc4af32e15c4826237a09adca2da7038eafb5659ddb68bb4,8bda06ce0251beedd6a5f2cd61a08ef37682841102d3b9d86a1ab602640baf4e,TSCO,0.20316836262719698,0.08233117483811286,0.35729022112597314,0.14736842105263157,0.3976706049336553,0.14477468839884947,0.4165565251288129,0.15067178502879078,0.5114120796247493,0.47843137254901963,0.20316836262719698,0.4732142857142857,Tractor Supply Company,Consumer Cyclical,Specialty Retail,16577852416,31.61000061035156,893.0,993.0,2026-06-30,none,NOT_SELECTED,,
2026-07-01T053352Z,2026-07-01T05:33:52.980988+00:00,2026-07-01T07:21:20.090043+00:00,2026-06-30,data/prospective/daily_qvp/snapshots/2026-07-01T053352Z/raw,1081,1043,144e01281e848a2a4c711cb0058eddc75099bb40,d3881a1328862a39dc4af32e15c4826237a09adca2da7038eafb5659ddb68bb4,8bda06ce0251beedd6a5f2cd61a08ef37682841102d3b9d86a1ab602640baf4e,GTLS,0.5796716003700277,0.6123959296947271,0.382297185336982,0.17894736842105263,0.39758083960737073,0.14381591562799617,0.3742967408166391,0.06621880998080615,0.18492277030393617,0.42814814814814817,0.5796716003700277,0.3044444444444444,"Chart Industries, Inc.",Industrials,Specialty Industrial Machinery,10001764352,208.94000244140625,894.0,420.0,2026-06-30,none,NOT_SELECTED,,
2026-07-01T053352Z,2026-07-01T05:33:52.980988+00:00,2026-07-01T07:21:20.090043+00:00,2026-06-30,data/prospective/daily_qvp/snapshots/2026-07-01T053352Z/raw,1081,1043,144e01281e848a2a4c711cb0058eddc75099bb40,d3881a1328862a39dc4af32e15c4826237a09adca2da7038eafb5659ddb68bb4,8bda06ce0251beedd6a5f2cd61a08ef37682841102d3b9d86a1ab602640baf4e,MCD,0.4279602220166512,0.3450508788159112,0.5064696586025113,0.5196172248803828,0.39581637370886363,0.14285714285714285,0.433022994567362,0.2053742802303263,0.5849790951883712,0.17450980392156856,0.4279602220166512,0.5446428571428571,McDonald's Corporation,Consumer Cyclical,Restaurants,192056836096,270.30999755859375,895.0,709.0,2026-06-30,none,NOT_SELECTED,,
2026-07-01T053352Z,2026-07-01T05:33:52.980988+00:00,2026-07-01T07:21:20.090043+00:00,2026-06-30,data/prospective/daily_qvp/snapshots/2026-07-01T053352Z/raw,1081,1043,144e01281e848a2a4c711cb0058eddc75099bb40,d3881a1328862a39dc4af32e15c4826237a09adca2da7038eafb5659ddb68bb4,8bda06ce0251beedd6a5f2cd61a08ef37682841102d3b9d86a1ab602640baf4e,MXL,0.7439870490286771,0.9079555966697502,0.5348955077633903,0.6019138755980862,0.3944534456869013,0.14189837008628955,0.5270347745306627,0.5911708253358925,0.3258039664981036,0.11356932153392325,0.7439870490286771,0.9247787610619469,"MaxLinear, Inc.",Technology,Semiconductors,11464568832,128.02999877929688,896.0,100.0,2026-06-30,none,NOT_SELECTED,,
2026-07-01T053352Z,2026-07-01T05:33:52.980988+00:00,2026-07-01T07:21:20.090043+00:00,2026-06-30,data/prospective/daily_qvp/snapshots/2026-07-01T053352Z/raw,1081,1043,144e01281e848a2a4c711cb0058eddc75099bb40,d3881a1328862a39dc4af32e15c4826237a09adca2da7038eafb5659ddb68bb4,8bda06ce0251beedd6a5f2cd61a08ef37682841102d3b9d86a1ab602640baf4e,LAD,0.33302497687326543,0.21369102682701202,0.27367264539882585,0.04688995215311005,0.393559541376995,0.14093959731543623,0.4112410846041748,0.13051823416506717,0.21432031392438627,0.6333333333333333,0.33302497687326543,0.46428571428571425,"Lithia Motors, Inc.",Consumer Cyclical,Auto & Truck Dealerships,6624862208,290.489990234375,897.0,851.0,2026-06-30,none,NOT_SELECTED,,
2026-07-01T053352Z,2026-07-01T05:33:52.980988+00:00,2026-07-01T07:21:20.090043+00:00,2026-06-30,data/prospective/daily_qvp/snapshots/2026-07-01T053352Z/raw,1081,1043,144e01281e848a2a4c711cb0058eddc75099bb40,d3881a1328862a39dc4af32e15c4826237a09adca2da7038eafb5659ddb68bb4,8bda06ce0251beedd6a5f2cd61a08ef37682841102d3b9d86a1ab602640baf4e,WLK,0.40795559666975023,0.32238667900092505,0.283426950877248,0.05550239234449761,0.39234113109330665,0.13998082454458294,0.3112050008623528,0.02015355086372361,0.15889830508474576,0.6101694915254238,0.40795559666975023,0.0677966101694915,Westlake Corporation,Basic Materials,Specialty Chemicals,9352975360,73.0,898.0,734.0,2026-06-30,none,NOT_SELECTED,,
2026-07-01T053352Z,2026-07-01T05:33:52.980988+00:00,2026-07-01T07:21:20.090043+00:00,2026-06-30,data/prospective/daily_qvp/snapshots/2026-07-01T053352Z/raw,1081,1043,144e01281e848a2a4c711cb0058eddc75099bb40,d3881a1328862a39dc4af32e15c4826237a09adca2da7038eafb5659ddb68bb4,8bda06ce0251beedd6a5f2cd61a08ef37682841102d3b9d86a1ab602640baf4e,ADPT,0.4493524514338575,0.3709528214616096,0.4588797588709866,0.36076555023923446,0.39218622986154106,0.13902205177372962,0.5128319987681811,0.5143953934740882,0.4684070663081157,0.2587991718426501,0.4493524514338575,0.8747693054881011,Adaptive Biotechnologies Corporation,Healthcare,Diagnostics & Research,3432952064,21.450000762939453,899.0,681.0,2026-06-30,none,NOT_SELECTED,,
2026-07-01T053352Z,2026-07-01T05:33:52.980988+00:00,2026-07-01T07:21:20.090043+00:00,2026-06-30,data/prospective/daily_qvp/snapshots/2026-07-01T053352Z/raw,1081,1043,144e01281e848a2a4c711cb0058eddc75099bb40,d3881a1328862a39dc4af32e15c4826237a09adca2da7038eafb5659ddb68bb4,8bda06ce0251beedd6a5f2cd61a08ef37682841102d3b9d86a1ab602640baf4e,LTH,0.6366790009250693,0.7187789084181314,0.4429061244494075,0.3129186602870813,0.3920027757767292,0.13806327900287632,0.5142401770706422,0.5239923224568138,0.2491332479737457,0.2901960784313726,0.6366790009250693,0.8809523809523809,"Life Time Group Holdings, Inc.",Consumer Cyclical,Leisure,9091095552,40.84000015258789,900.0,305.0,2026-06-30,none,NOT_SELECTED,,
2026-07-01T053352Z,2026-07-01T05:33:52.980988+00:00,2026-07-01T07:21:20.090043+00:00,2026-06-30,data/prospective/daily_qvp/snapshots/2026-07-01T053352Z/raw,1081,1043,144e01281e848a2a4c711cb0058eddc75099bb40,d3881a1328862a39dc4af32e15c4826237a09adca2da7038eafb5659ddb68bb4,8bda06ce0251beedd6a5f2cd61a08ef37682841102d3b9d86a1ab602640baf4e,LNG,0.549491211840888,0.5374653098982424,0.45590502621029905,0.35023923444976074,0.3917103760670386,0.137104506232023,0.4984929269778152,0.45201535508637236,0.36231884057971014,0.2633210757805177,0.549491211840888,0.818840579710145,"Cheniere Energy, Inc.",Energy,Oil & Gas Midstream,50084990976,239.0099945068359,901.0,501.0,2026-06-30,none,NOT_SELECTED,,
2026-07-01T053352Z,2026-07-01T05:33:52.980988+00:00,2026-07-01T07:21:20.090043+00:00,2026-06-30,data/prospective/daily_qvp/snapshots/2026-07-01T053352Z/raw,1081,1043,144e01281e848a2a4c711cb0058eddc75099bb40,d3881a1328862a39dc4af32e15c4826237a09adca2da7038eafb5659ddb68bb4,8bda06ce0251beedd6a5f2cd61a08ef37682841102d3b9d86a1ab602640baf4e,BFAM,0.12314986123959293,0.034227567067530065,0.2756038927963831,0.04880382775119617,0.391579065785824,0.1361457334611697,0.4856485850536537,0.40978886756238003,0.42805792435317325,0.6235294117647059,0.12314986123959293,0.7678571428571428,Bright Horizons Family Solutions Inc.,Consumer Cyclical,Personal Services,3728761088,70.87999725341797,902.0,1045.0,2026-06-30,none,NOT_SELECTED,,
2026-07-01T053352Z,2026-07-01T05:33:52.980988+00:00,2026-07-01T07:21:20.090043+00:00,2026-06-30,data/prospective/daily_qvp/snapshots/2026-07-01T053352Z/raw,1081,1043,144e01281e848a2a4c711cb0058eddc75099bb40,d3881a1328862a39dc4af32e15c4826237a09adca2da7038eafb5659ddb68bb4,8bda06ce0251beedd6a5f2cd61a08ef37682841102d3b9d86a1ab602640baf4e,RRR,0.4965309898242368,0.4412580943570768,0.46499866747108276,0.38564593301435407,0.39104486328137544,0.13518696069031638,0.44283721888960303,0.22840690978886757,0.43346634511792875,0.24313725490196073,0.4965309898242368,0.5982142857142857,"Red Rock Resorts, Inc.",Consumer Cyclical,Resorts & Casinos,6592072704,65.05999755859375,903.0,605.0,2026-06-30,none,NOT_SELECTED,,
2026-07-01T053352Z,2026-07-01T05:33:52.980988+00:00,2026-07-01T07:21:20.090043+00:00,2026-06-30,data/prospective/daily_qvp/snapshots/2026-07-01T053352Z/raw,1081,1043,144e01281e848a2a4c711cb0058eddc75099bb40,d3881a1328862a39dc4af32e15c4826237a09adca2da7038eafb5659ddb68bb4,8bda06ce0251beedd6a5f2cd61a08ef37682841102d3b9d86a1ab602640baf4e,ALK,0.33556891766882513,0.21739130434782608,0.26007643691114396,0.03444976076555024,0.3906682418913799,0.1342281879194631,0.414112292529646,0.14299424184261036,0.18458395615346282,0.6518518518518518,0.33556891766882513,0.4844444444444444,"Alaska Air Group, Inc.",Industrials,Airlines,5816592384,52.20000076293945,904.0,847.0,2026-06-30,none,NOT_SELECTED,,
2026-07-01T053352Z,2026-07-01T05:33:52.980988+00:00,2026-07-01T07:21:20.090043+00:00,2026-06-30,data/prospective/daily_qvp/snapshots/2026-07-01T053352Z/raw,1081,1043,144e01281e848a2a4c711cb0058eddc75099bb40,d3881a1328862a39dc4af32e15c4826237a09adca2da7038eafb5659ddb68bb4,8bda06ce0251beedd6a5f2cd61a08ef37682841102d3b9d86a1ab602640baf4e,REZI,0.2971785383903793,0.1711378353376503,0.2793615661558274,0.05263157894736842,0.3904385749680825,0.1332694151486098,0.4478289312260619,0.24856046065259116,0.2615445939212755,0.6125925925925926,0.2971785383903793,0.62,"Resideo Technologies, Inc.",Industrials,Industrial Distribution,4709356544,31.100000381469727,905.0,897.0,2026-06-30,none,NOT_SELECTED,,
2026-07-01T053352Z,2026-07-01T05:33:52.980988+00:00,2026-07-01T07:21:20.090043+00:00,2026-06-30,data/prospective/daily_qvp/snapshots/2026-07-01T053352Z/raw,1081,1043,144e01281e848a2a4c711cb0058eddc75099bb40,d3881a1328862a39dc4af32e15c4826237a09adca2da7038eafb5659ddb68bb4,8bda06ce0251beedd6a5f2cd61a08ef37682841102d3b9d86a1ab602640baf4e,SGI,0.316836262719704,0.19241443108233117,0.38754677986067243,0.19043062200956937,0.3903906636979646,0.13231064237775647,0.4386263311068068,0.21785028790786948,0.45825729700164086,0.39607843137254894,0.316836262719704,0.5833333333333333,Somnigroup International Inc.,Consumer Cyclical,"Furnishings, Fixtures & Appliances",16492654592,78.4000015258789,906.0,874.0,2026-06-30,none,NOT_SELECTED,,
2026-07-01T053352Z,2026-07-01T05:33:52.980988+00:00,2026-07-01T07:21:20.090043+00:00,2026-06-30,data/prospective/daily_qvp/snapshots/2026-07-01T053352Z/raw,1081,1043,144e01281e848a2a4c711cb0058eddc75099bb40,d3881a1328862a39dc4af32e15c4826237a09adca2da7038eafb5659ddb68bb4,8bda06ce0251beedd6a5f2cd61a08ef37682841102d3b9d86a1ab602640baf4e,SRE,0.5714616096207215,0.5925069380203515,0.4407571052194782,0.30526315789473685,0.38988326788643174,0.13135186960690318,0.38292969229413415,0.07677543186180422,0.31005260081823494,0.28813559322033894,0.5714616096207215,0.3620689655172413,Sempra,Utilities,Utilities - Diversified,60605210624,92.70999908447266,907.0,442.0,2026-06-30,none,NOT_SELECTED,,
2026-07-01T053352Z,2026-07-01T05:33:52.980988+00:00,2026-07-01T07:21:20.090043+00:00,2026-06-30,data/prospective/daily_qvp/snapshots/2026-07-01T053352Z/raw,1081,1043,144e01281e848a2a4c711cb0058eddc75099bb40,d3881a1328862a39dc4af32e15c4826237a09adca2da7038eafb5659ddb68bb4,8bda06ce0251beedd6a5f2cd61a08ef37682841102d3b9d86a1ab602640baf4e,IONQ,0.5501850138760408,0.5411655874190564,0.4575850006169079,0.3550239234449761,0.3878983583267095,0.13039309683604985,0.5381582820193683,0.6429942418426103,0.3649849873577749,0.24852507374631264,0.5501850138760408,0.9889380530973452,"IonQ, Inc.",Technology,Computer Hardware,19880357888,53.2599983215332,908.0,497.0,2026-06-30,none,NOT_SELECTED,,
2026-07-01T053352Z,2026-07-01T05:33:52.980988+00:00,2026-07-01T07:21:20.090043+00:00,2026-06-30,data/prospective/daily_qvp/snapshots/2026-07-01T053352Z/raw,1081,1043,144e01281e848a2a4c711cb0058eddc75099bb40,d3881a1328862a39dc4af32e15c4826237a09adca2da7038eafb5659ddb68bb4,8bda06ce0251beedd6a5f2cd61a08ef37682841102d3b9d86a1ab602640baf4e,AES,0.5108695652173914,0.46438482886216464,0.39216038167357,0.19617224880382775,0.3866756593454685,0.12943432406519656,0.35035157209530826,0.04222648752399232,0.2734511981297486,0.3757062146892655,0.5108695652173914,0.24137931034482757,The AES Corporation,Utilities,Utilities - Diversified,10454891520,14.65999984741211,909.0,580.0,2026-06-30,none,NOT_SELECTED,,
2026-07-01T053352Z,2026-07-01T05:33:52.980988+00:00,2026-07-01T07:21:20.090043+00:00,2026-06-30,data/prospective/daily_qvp/snapshots/2026-07-01T053352Z/raw,1081,1043,144e01281e848a2a4c711cb0058eddc75099bb40,d3881a1328862a39dc4af32e15c4826237a09adca2da7038eafb5659ddb68bb4,8bda06ce0251beedd6a5f2cd61a08ef37682841102d3b9d86a1ab602640baf4e,TDG,0.4382516188714154,0.3524514338575393,0.49893024391503005,0.49569377990430624,0.38471892804211877,0.12847555129434324,0.4902058626982558,0.43186180422264875,0.5596088689586447,0.15629629629629624,0.4382516188714154,0.8066666666666666,TransDigm Group Incorporated,Industrials,Aerospace & Defense,74505773056,1332.0400390625,910.0,701.0,2026-06-30,none,NOT_SELECTED,,
2026-07-01T053352Z,2026-07-01T05:33:52.980988+00:00,2026-07-01T07:21:20.090043+00:00,2026-06-30,data/prospective/daily_qvp/snapshots/2026-07-01T053352Z/raw,1081,1043,144e01281e848a2a4c711cb0058eddc75099bb40,d3881a1328862a39dc4af32e15c4826237a09adca2da7038eafb5659ddb68bb4,8bda06ce0251beedd6a5f2cd61a08ef37682841102d3b9d86a1ab602640baf4e,DRVN,0.24653098982423677,0.11840888066604996,0.3116955932828276,0.08325358851674641,0.38426765042384586,0.12751677852348994,0.4094804997226463,0.12667946257197696,0.37686019674141846,0.5294117647058824,0.24653098982423677,0.4851190476190476,Driven Brands Holdings Inc.,Consumer Cyclical,Auto & Truck Dealerships,2299486208,13.9399995803833,911.0,954.0,2026-06-30,none,NOT_SELECTED,,
2026-07-01T053352Z,2026-07-01T05:33:52.980988+00:00,2026-07-01T07:21:20.090043+00:00,2026-06-30,data/prospective/daily_qvp/snapshots/2026-07-01T053352Z/raw,1081,1043,144e01281e848a2a4c711cb0058eddc75099bb40,d3881a1328862a39dc4af32e15c4826237a09adca2da7038eafb5659ddb68bb4,8bda06ce0251beedd6a5f2cd61a08ef37682841102d3b9d86a1ab602640baf4e,CVLT,0.3004162812210916,0.17391304347826086,0.38870174048412354,0.19330143540669856,0.3840115831349417,0.12655800575263662,0.40803081124501156,0.12284069097888675,0.4769871997471554,0.3746312684365782,0.3004162812210916,0.4800884955752212,"Commvault Systems, Inc.",Technology,Software - Application,5870695424,141.72999572753906,912.0,894.0,2026-06-30,none,NOT_SELECTED,,
2026-07-01T053352Z,2026-07-01T05:33:52.980988+00:00,2026-07-01T07:21:20.090043+00:00,2026-06-30,data/prospective/daily_qvp/snapshots/2026-07-01T053352Z/raw,1081,1043,144e01281e848a2a4c711cb0058eddc75099bb40,d3881a1328862a39dc4af32e15c4826237a09adca2da7038eafb5659ddb68bb4,8bda06ce0251beedd6a5f2cd61a08ef37682841102d3b9d86a1ab602640baf4e,UTI,0.5455596669750231,0.5300647548566142,0.48490104560872366,0.4478468899521531,0.3838734243452097,0.12559923298178333,0.5094959773498163,0.5,0.4242424242424242,0.18181818181818177,0.5455596669750231,0.8863636363636364,"Universal Technical Institute, Inc.",Consumer Defensive,Education & Training Services,2354975232,42.77000045776367,913.0,509.0,2026-06-30,none,NOT_SELECTED,,
2026-07-01T053352Z,2026-07-01T05:33:52.980988+00:00,2026-07-01T07:21:20.090043+00:00,2026-06-30,data/prospective/daily_qvp/snapshots/2026-07-01T053352Z/raw,1081,1043,144e01281e848a2a4c711cb0058eddc75099bb40,d3881a1328862a39dc4af32e15c4826237a09adca2da7038eafb5659ddb68bb4,8bda06ce0251beedd6a5f2cd61a08ef37682841102d3b9d86a1ab602640baf4e,MOS,0.23704902867715077,0.10638297872340426,0.25835502281315165,0.03349282296650718,0.383159469069408,0.12464046021093,0.4780475679037509,0.373320537428023,0.2796610169491525,0.6327683615819208,0.23704902867715077,0.7627118644067796,The Mosaic Company,Basic Materials,Agricultural Inputs,6735170560,21.190000534057617,914.0,967.0,2026-06-30,none,NOT_SELECTED,,
2026-07-01T053352Z,2026-07-01T05:33:52.980988+00:00,2026-07-01T07:21:20.090043+00:00,2026-06-30,data/prospective/daily_qvp/snapshots/2026-07-01T053352Z/raw,1081,1043,144e01281e848a2a4c711cb0058eddc75099bb40,d3881a1328862a39dc4af32e15c4826237a09adca2da7038eafb5659ddb68bb4,8bda06ce0251beedd6a5f2cd61a08ef37682841102d3b9d86a1ab602640baf4e,H,0.6352913968547641,0.7146160962072156,0.4398703205247417,0.3033492822966507,0.3821357692387166,0.1236816874400767,0.4510363507385613,0.263915547024952,0.24444924419471925,0.26666666666666666,0.6352913968547641,0.6577380952380952,Hyatt Hotels Corporation,Consumer Cyclical,Lodging,18252285952,193.83999633789065,915.0,310.0,2026-06-30,none,NOT_SELECTED,,
2026-07-01T053352Z,2026-07-01T05:33:52.980988+00:00,2026-07-01T07:21:20.090043+00:00,2026-06-30,data/prospective/daily_qvp/snapshots/2026-07-01T053352Z/raw,1081,1043,144e01281e848a2a4c711cb0058eddc75099bb40,d3881a1328862a39dc4af32e15c4826237a09adca2da7038eafb5659ddb68bb4,8bda06ce0251beedd6a5f2cd61a08ef37682841102d3b9d86a1ab602640baf4e,HNI,0.2715078630897317,0.14246068455134134,0.2990107209470172,0.06889952153110047,0.3816934218078154,0.12272291466922339,0.46037720921300435,0.30710172744721687,0.32651357880430276,0.5470588235294117,0.2715078630897317,0.6964285714285714,HNI Corporation,Consumer Cyclical,"Furnishings, Fixtures & Appliances",2909233664,40.40999984741211,916.0,928.0,2026-06-30,none,NOT_SELECTED,,
2026-07-01T053352Z,2026-07-01T05:33:52.980988+00:00,2026-07-01T07:21:20.090043+00:00,2026-06-30,data/prospective/daily_qvp/snapshots/2026-07-01T053352Z/raw,1081,1043,144e01281e848a2a4c711cb0058eddc75099bb40,d3881a1328862a39dc4af32e15c4826237a09adca2da7038eafb5659ddb68bb4,8bda06ce0251beedd6a5f2cd61a08ef37682841102d3b9d86a1ab602640baf4e,OUST,0.7012025901942646,0.8297872340425532,0.5021845362475748,0.5052631578947369,0.3814956888651482,0.12176414189837009,0.5308673418701001,0.6084452975047985,0.30316648230088494,0.14011799410029496,0.7012025901942646,0.9789823008849559,"Ouster, Inc.",Technology,Electronic Components,3980832768,62.52000045776367,917.0,185.0,2026-06-30,none,NOT_SELECTED,,
2026-07-01T053352Z,2026-07-01T05:33:52.980988+00:00,2026-07-01T07:21:20.090043+00:00,2026-06-30,data/prospective/daily_qvp/snapshots/2026-07-01T053352Z/raw,1081,1043,144e01281e848a2a4c711cb0058eddc75099bb40,d3881a1328862a39dc4af32e15c4826237a09adca2da7038eafb5659ddb68bb4,8bda06ce0251beedd6a5f2cd61a08ef37682841102d3b9d86a1ab602640baf4e,BATRK,0.696808510638298,0.8214616096207216,0.43017456202626053,0.28421052631578947,0.38098593990156493,0.12080536912751678,0.4774061215928404,0.3675623800383877,0.1635406134142231,0.28260869565217384,0.696808510638298,0.7666666666666666,"Atlanta Braves Holdings, Inc.",Communication Services,Entertainment,3329064448,51.900001525878906,918.0,194.0,2026-06-30,none,NOT_SELECTED,,
2026-07-01T053352Z,2026-07-01T05:33:52.980988+00:00,2026-07-01T07:21:20.090043+00:00,2026-06-30,data/prospective/daily_qvp/snapshots/2026-07-01T053352Z/raw,1081,1043,144e01281e848a2a4c711cb0058eddc75099bb40,d3881a1328862a39dc4af32e15c4826237a09adca2da7038eafb5659ddb68bb4,8bda06ce0251beedd6a5f2cd61a08ef37682841102d3b9d86a1ab602640baf4e,SMCI,0.3233117483811285,0.198427382053654,0.26479865231951494,0.03923444976076555,0.37982643684624495,0.11984659635666348,0.41318841170548015,0.1381957773512476,0.20628555625790135,0.609882005899705,0.3233117483811285,0.5132743362831859,"Super Micro Computer, Inc.",Technology,Computer Hardware,18972786688,29.329999923706055,919.0,868.0,2026-06-30,none,NOT_SELECTED,,
2026-07-01T053352Z,2026-07-01T05:33:52.980988+00:00,2026-07-01T07:21:20.090043+00:00,2026-06-30,data/prospective/daily_qvp/snapshots/2026-07-01T053352Z/raw,1081,1043,144e01281e848a2a4c711cb0058eddc75099bb40,d3881a1328862a39dc4af32e15c4826237a09adca2da7038eafb5659ddb68bb4,8bda06ce0251beedd6a5f2cd61a08ef37682841102d3b9d86a1ab602640baf4e,AZO,0.3353376503237743,0.21646623496762257,0.46031339778383534,0.36555023923444974,0.3794246181304,0.11888782358581017,0.3649256064549429,0.05470249520153551,0.5852891452438964,0.2176470588235294,0.3353376503237743,0.3214285714285714,"AutoZone, Inc.",Consumer Cyclical,Auto Parts,52174852096,3195.93994140625,920.0,848.0,2026-06-30,none,NOT_SELECTED,,
2026-07-01T053352Z,2026-07-01T05:33:52.980988+00:00,2026-07-01T07:21:20.090043+00:00,2026-06-30,data/prospective/daily_qvp/snapshots/2026-07-01T053352Z/raw,1081,1043,144e01281e848a2a4c711cb0058eddc75099bb40,d3881a1328862a39dc4af32e15c4826237a09adca2da7038eafb5659ddb68bb4,8bda06ce0251beedd6a5f2cd61a08ef37682841102d3b9d86a1ab602640baf4e,SBUX,0.6114708603145236,0.6739130434782609,0.48391507479618245,0.44593301435406696,0.37881920019091897,0.11792905081495686,0.339173923952713,0.03742802303262956,0.3563592892778413,0.16862745098039209,0.6114708603145236,0.22023809523809518,Starbucks Corporation,Consumer Cyclical,Restaurants,116465942528,102.19000244140624,921.0,354.0,2026-06-30,none,NOT_SELECTED,,
2026-07-01T053352Z,2026-07-01T05:33:52.980988+00:00,2026-07-01T07:21:20.090043+00:00,2026-06-30,data/prospective/daily_qvp/snapshots/2026-07-01T053352Z/raw,1081,1043,144e01281e848a2a4c711cb0058eddc75099bb40,d3881a1328862a39dc4af32e15c4826237a09adca2da7038eafb5659ddb68bb4,8bda06ce0251beedd6a5f2cd61a08ef37682841102d3b9d86a1ab602640baf4e,MSGS,0.8214616096207216,0.9944495837187789,0.5059321866775667,0.5186602870813397,0.37835092638407825,0.11697027804410355,0.33237430589916983,0.03262955854126679,0.1904027637344118,0.1231884057971014,0.8214616096207216,0.19444444444444442,Madison Square Garden Sports Corp.,Communication Services,Entertainment,9674742784,401.8399963378906,922.0,7.0,2026-06-30,none,NOT_SELECTED,,
2026-07-01T053352Z,2026-07-01T05:33:52.980988+00:00,2026-07-01T07:21:20.090043+00:00,2026-06-30,data/prospective/daily_qvp/snapshots/2026-07-01T053352Z/raw,1081,1043,144e01281e848a2a4c711cb0058eddc75099bb40,d3881a1328862a39dc4af32e15c4826237a09adca2da7038eafb5659ddb68bb4,8bda06ce0251beedd6a5f2cd61a08ef37682841102d3b9d86a1ab602640baf4e,RGEN,0.26641998149861235,0.13783533765032377,0.35001772195408415,0.1320574162679426,0.3782726842012735,0.11601150527325024,0.45810349323837624,0.2927063339731286,0.43361546240955595,0.43478260869565216,0.26641998149861235,0.6975959203496843,Repligen Corporation,Healthcare,Medical Instruments & Supplies,7696272384,136.44000244140625,923.0,933.0,2026-06-30,none,NOT_SELECTED,,
2026-07-01T053352Z,2026-07-01T05:33:52.980988+00:00,2026-07-01T07:21:20.090043+00:00,2026-06-30,data/prospective/daily_qvp/snapshots/2026-07-01T053352Z/raw,1081,1043,144e01281e848a2a4c711cb0058eddc75099bb40,d3881a1328862a39dc4af32e15c4826237a09adca2da7038eafb5659ddb68bb4,8bda06ce0251beedd6a5f2cd61a08ef37682841102d3b9d86a1ab602640baf4e,BWXT,0.477104532839963,0.408418131359852,0.4589558538639277,0.3617224880382775,0.37757550751422336,0.11505273250239693,0.4115149639690009,0.13339731285988485,0.44080717488789234,0.2148148148148148,0.477104532839963,0.5133333333333333,"BWX Technologies, Inc.",Industrials,Aerospace & Defense,17832790016,194.6499938964844,924.0,641.0,2026-06-30,none,NOT_SELECTED,,
2026-07-01T053352Z,2026-07-01T05:33:52.980988+00:00,2026-07-01T07:21:20.090043+00:00,2026-06-30,data/prospective/daily_qvp/snapshots/2026-07-01T053352Z/raw,1081,1043,144e01281e848a2a4c711cb0058eddc75099bb40,d3881a1328862a39dc4af32e15c4826237a09adca2da7038eafb5659ddb68bb4,8bda06ce0251beedd6a5f2cd61a08ef37682841102d3b9d86a1ab602640baf4e,LITE,0.731614246068455,0.877890841813136,0.5014443701897269,0.5033492822966508,0.3755941818963961,0.11409395973154363,0.48910714084707574,0.42514395393474086,0.2712744943109987,0.12389380530973443,0.731614246068455,0.829646017699115,Lumentum Holdings Inc.,Technology,Communication Equipment,66757066752,858.0599975585938,925.0,133.0,2026-06-30,none,NOT_SELECTED,,
2026-07-01T053352Z,2026-07-01T05:33:52.980988+00:00,2026-07-01T07:21:20.090043+00:00,2026-06-30,data/prospective/daily_qvp/snapshots/2026-07-01T053352Z/raw,1081,1043,144e01281e848a2a4c711cb0058eddc75099bb40,d3881a1328862a39dc4af32e15c4826237a09adca2da7038eafb5659ddb68bb4,8bda06ce0251beedd6a5f2cd61a08ef37682841102d3b9d86a1ab602640baf4e,ORA,0.6054579093432007,0.6604995374653099,0.39671638892057753,0.20191387559808613,0.3755887037248294,0.11313518696069032,0.4002260105522428,0.10748560460652591,0.1879748684979544,0.3333333333333333,0.6054579093432007,0.47413793103448276,"Ormat Technologies, Inc.",Utilities,Utilities - Renewable,6692292096,108.9000015258789,926.0,368.0,2026-06-30,none,NOT_SELECTED,,
2026-07-01T053352Z,2026-07-01T05:33:52.980988+00:00,2026-07-01T07:21:20.090043+00:00,2026-06-30,data/prospective/daily_qvp/snapshots/2026-07-01T053352Z/raw,1081,1043,144e01281e848a2a4c711cb0058eddc75099bb40,d3881a1328862a39dc4af32e15c4826237a09adca2da7038eafb5659ddb68bb4,8bda06ce0251beedd6a5f2cd61a08ef37682841102d3b9d86a1ab602640baf4e,KNF,0.3963922294172063,0.3098982423681776,0.3570944197933489,0.14545454545454545,0.375539406039257,0.11217641418983701,0.4087731985972394,0.12476007677543186,0.3177966101694915,0.41242937853107337,0.3963922294172063,0.5084745762711864,Knife River Corporation,Basic Materials,Building Materials,4747460096,83.6500015258789,927.0,747.0,2026-06-30,none,NOT_SELECTED,,
2026-07-01T053352Z,2026-07-01T05:33:52.980988+00:00,2026-07-01T07:21:20.090043+00:00,2026-06-30,data/prospective/daily_qvp/snapshots/2026-07-01T053352Z/raw,1081,1043,144e01281e848a2a4c711cb0058eddc75099bb40,d3881a1328862a39dc4af32e15c4826237a09adca2da7038eafb5659ddb68bb4,8bda06ce0251beedd6a5f2cd61a08ef37682841102d3b9d86a1ab602640baf4e,AMBA,0.39523589269195186,0.30619796484736356,0.4049257450185423,0.21913875598086124,0.3751619027753901,0.1112176414189837,0.5164377987629585,0.5441458733205374,0.41461559734513276,0.3156342182890855,0.39523589269195186,0.9402654867256637,"Ambarella, Inc.",Technology,Semiconductor Equipment & Materials,3763890432,85.80000305175781,928.0,751.0,2026-06-30,none,NOT_SELECTED,,
2026-07-01T053352Z,2026-07-01T05:33:52.980988+00:00,2026-07-01T07:21:20.090043+00:00,2026-06-30,data/prospective/daily_qvp/snapshots/2026-07-01T053352Z/raw,1081,1043,144e01281e848a2a4c711cb0058eddc75099bb40,d3881a1328862a39dc4af32e15c4826237a09adca2da7038eafb5659ddb68bb4,8bda06ce0251beedd6a5f2cd61a08ef37682841102d3b9d86a1ab602640baf4e,XMTR,0.6951896392229417,0.820536540240518,0.4952430508023029,0.48229665071770333,0.3741126511521526,0.11025886864813039,0.5072511550307811,0.4894433781190019,0.2952964623816641,0.13185185185185183,0.6951896392229417,0.9066666666666666,"Xometry, Inc.",Industrials,Industrial Distribution,5332329984,96.5199966430664,929.0,195.0,2026-06-30,none,NOT_SELECTED,,
2026-07-01T053352Z,2026-07-01T05:33:52.980988+00:00,2026-07-01T07:21:20.090043+00:00,2026-06-30,data/prospective/daily_qvp/snapshots/2026-07-01T053352Z/raw,1081,1043,144e01281e848a2a4c711cb0058eddc75099bb40,d3881a1328862a39dc4af32e15c4826237a09adca2da7038eafb5659ddb68bb4,8bda06ce0251beedd6a5f2cd61a08ef37682841102d3b9d86a1ab602640baf4e,TRN,0.6369102682701202,0.7197039777983348,0.36794940418986827,0.1569377990430622,0.3734477509413936,0.10930009587727708,0.390363590983823,0.08829174664107485,0.0989885401096163,0.3844444444444444,0.6369102682701202,0.4411111111111111,"Trinity Industries, Inc.",Industrials,Railroads,2749300480,34.58000183105469,930.0,304.0,2026-06-30,none,NOT_SELECTED,,
2026-07-01T053352Z,2026-07-01T05:33:52.980988+00:00,2026-07-01T07:21:20.090043+00:00,2026-06-30,data/prospective/daily_qvp/snapshots/2026-07-01T053352Z/raw,1081,1043,144e01281e848a2a4c711cb0058eddc75099bb40,d3881a1328862a39dc4af32e15c4826237a09adca2da7038eafb5659ddb68bb4,8bda06ce0251beedd6a5f2cd61a08ef37682841102d3b9d86a1ab602640baf4e,CLF,0.3378815911193339,0.22109158186864014,0.22508486335627712,0.02200956937799043,0.37322041737876105,0.10834132310642378,0.3265254825255962,0.026871401151631478,0.11228813559322032,0.6694915254237288,0.3378815911193339,0.1864406779661017,Cleveland-Cliffs Inc.,Basic Materials,Steel,5356193792,9.390000343322754,931.0,843.0,2026-06-30,none,NOT_SELECTED,,
2026-07-01T053352Z,2026-07-01T05:33:52.980988+00:00,2026-07-01T07:21:20.090043+00:00,2026-06-30,data/prospective/daily_qvp/snapshots/2026-07-01T053352Z/raw,1081,1043,144e01281e848a2a4c711cb0058eddc75099bb40,d3881a1328862a39dc4af32e15c4826237a09adca2da7038eafb5659ddb68bb4,8bda06ce0251beedd6a5f2cd61a08ef37682841102d3b9d86a1ab602640baf4e,GH,0.6938020351526364,0.8172987974098057,0.47171707615379793,0.40574162679425835,0.373139196386866,0.10738255033557047,0.4776020903450305,0.3704414587332054,0.24963211715495945,0.17598343685300202,0.6938020351526364,0.7909907722195241,"Guardant Health, Inc.",Healthcare,Diagnostics & Research,19893966848,150.02999877929688,932.0,199.0,2026-06-30,none,NOT_SELECTED,,
2026-07-01T053352Z,2026-07-01T05:33:52.980988+00:00,2026-07-01T07:21:20.090043+00:00,2026-06-30,data/prospective/daily_qvp/snapshots/2026-07-01T053352Z/raw,1081,1043,144e01281e848a2a4c711cb0058eddc75099bb40,d3881a1328862a39dc4af32e15c4826237a09adca2da7038eafb5659ddb68bb4,8bda06ce0251beedd6a5f2cd61a08ef37682841102d3b9d86a1ab602640baf4e,FOUR,0.08915356151711373,0.01942645698427382,0.14143795332492853,0.0028708133971291866,0.37157810457650103,0.10642377756471716,0.4235950828571545,0.1765834932821497,0.19372234513274333,0.831858407079646,0.08915356151711373,0.5796460176991151,"Shift4 Payments, Inc.",Technology,Software - Infrastructure,4821680640,48.63999938964844,933.0,1061.0,2026-06-30,none,NOT_SELECTED,,
2026-07-01T053352Z,2026-07-01T05:33:52.980988+00:00,2026-07-01T07:21:20.090043+00:00,2026-06-30,data/prospective/daily_qvp/snapshots/2026-07-01T053352Z/raw,1081,1043,144e01281e848a2a4c711cb0058eddc75099bb40,d3881a1328862a39dc4af32e15c4826237a09adca2da7038eafb5659ddb68bb4,8bda06ce0251beedd6a5f2cd61a08ef37682841102d3b9d86a1ab602640baf4e,OSIS,0.23381128584643848,0.1036077705827937,0.2681333214946478,0.04114832535885168,0.37147924481157446,0.10546500479386385,0.37429527431664544,0.06525911708253358,0.3024553571428571,0.5781710914454278,0.23381128584643848,0.3827433628318584,"OSI Systems, Inc.",Technology,Electronic Components,3604807936,218.6999969482422,934.0,970.0,2026-06-30,none,NOT_SELECTED,,
2026-07-01T053352Z,2026-07-01T05:33:52.980988+00:00,2026-07-01T07:21:20.090043+00:00,2026-06-30,data/prospective/daily_qvp/snapshots/2026-07-01T053352Z/raw,1081,1043,144e01281e848a2a4c711cb0058eddc75099bb40,d3881a1328862a39dc4af32e15c4826237a09adca2da7038eafb5659ddb68bb4,8bda06ce0251beedd6a5f2cd61a08ef37682841102d3b9d86a1ab602640baf4e,VNOM,0.6181776133209991,0.6845513413506013,0.47213228492136905,0.40669856459330145,0.37145204699086537,0.10450623202301054,0.4017774410402505,0.11228406909788867,0.3260869565217391,0.17009157112985793,0.6181776133209991,0.4927536231884058,"Viper Energy, Inc.",Energy,Oil & Gas Midstream,15221377024,42.400001525878906,935.0,342.0,2026-06-30,none,NOT_SELECTED,,
2026-07-01T053352Z,2026-07-01T05:33:52.980988+00:00,2026-07-01T07:21:20.090043+00:00,2026-06-30,data/prospective/daily_qvp/snapshots/2026-07-01T053352Z/raw,1081,1043,144e01281e848a2a4c711cb0058eddc75099bb40,d3881a1328862a39dc4af32e15c4826237a09adca2da7038eafb5659ddb68bb4,8bda06ce0251beedd6a5f2cd61a08ef37682841102d3b9d86a1ab602640baf4e,MDGL,0.45629047178538384,0.3866790009250694,0.4441735125599887,0.3186602870813397,0.37133996765558946,0.10354745925215723,0.5153736012880737,0.5355086372360844,0.4320565533345936,0.22567287784679083,0.45629047178538384,0.9474745021855269,"Madrigal Pharmaceuticals, Inc.",Healthcare,Biotechnology,12379737088,536.9500122070312,936.0,664.0,2026-06-30,none,NOT_SELECTED,,
2026-07-01T053352Z,2026-07-01T05:33:52.980988+00:00,2026-07-01T07:21:20.090043+00:00,2026-06-30,data/prospective/daily_qvp/snapshots/2026-07-01T053352Z/raw,1081,1043,144e01281e848a2a4c711cb0058eddc75099bb40,d3881a1328862a39dc4af32e15c4826237a09adca2da7038eafb5659ddb68bb4,8bda06ce0251beedd6a5f2cd61a08ef37682841102d3b9d86a1ab602640baf4e,IOT,0.24930619796484732,0.12025901942645699,0.42427877060062846,0.26889952153110047,0.3708564468704288,0.10258868648130393,0.49938127320591896,0.45873320537428025,0.5992513432364096,0.26401179941002945,0.24930619796484732,0.8849557522123894,Samsara Inc.,Technology,Software - Infrastructure,18897287168,32.43000030517578,937.0,952.0,2026-06-30,none,NOT_SELECTED,,
2026-07-01T053352Z,2026-07-01T05:33:52.980988+00:00,2026-07-01T07:21:20.090043+00:00,2026-06-30,data/prospective/daily_qvp/snapshots/2026-07-01T053352Z/raw,1081,1043,144e01281e848a2a4c711cb0058eddc75099bb40,d3881a1328862a39dc4af32e15c4826237a09adca2da7038eafb5659ddb68bb4,8bda06ce0251beedd6a5f2cd61a08ef37682841102d3b9d86a1ab602640baf4e,CVI,0.43270120259019423,0.34875115633672527,0.3196114708603145,0.09090909090909091,0.3707400913001034,0.10162991371045062,0.3976202858663819,0.10076775431861804,0.20652173913043473,0.47299733217968126,0.43270120259019423,0.4782608695652174,"CVR Energy, Inc.",Energy,Oil & Gas Refining & Marketing,2768612864,27.540000915527344,938.0,705.0,2026-06-30,none,NOT_SELECTED,,
2026-07-01T053352Z,2026-07-01T05:33:52.980988+00:00,2026-07-01T07:21:20.090043+00:00,2026-06-30,data/prospective/daily_qvp/snapshots/2026-07-01T053352Z/raw,1081,1043,144e01281e848a2a4c711cb0058eddc75099bb40,d3881a1328862a39dc4af32e15c4826237a09adca2da7038eafb5659ddb68bb4,8bda06ce0251beedd6a5f2cd61a08ef37682841102d3b9d86a1ab602640baf4e,PENN,0.5395467160037003,0.5198889916743756,0.3178560822157961,0.08803827751196172,0.37072758422229546,0.10067114093959731,0.4499206881667216,0.2591170825335892,0.09616544842789182,0.47647058823529415,0.5395467160037003,0.6875,"PENN Entertainment, Inc.",Consumer Cyclical,Resorts & Casinos,2858894336,21.36000061035156,939.0,520.0,2026-06-30,none,NOT_SELECTED,,
2026-07-01T053352Z,2026-07-01T05:33:52.980988+00:00,2026-07-01T07:21:20.090043+00:00,2026-06-30,data/prospective/daily_qvp/snapshots/2026-07-01T053352Z/raw,1081,1043,144e01281e848a2a4c711cb0058eddc75099bb40,d3881a1328862a39dc4af32e15c4826237a09adca2da7038eafb5659ddb68bb4,8bda06ce0251beedd6a5f2cd61a08ef37682841102d3b9d86a1ab602640baf4e,FICO,0.1371415356151711,0.04440333024976873,0.43556814059519616,0.29569377990430623,0.36977895705363123,0.09971236816874401,0.4432634213300464,0.22936660268714013,0.7339947455752213,0.23820058997050145,0.1371415356151711,0.663716814159292,Fair Isaac Corporation,Technology,Software - Application,27708030976,1194.780029296875,940.0,1034.0,2026-06-30,none,NOT_SELECTED,,
2026-07-01T053352Z,2026-07-01T05:33:52.980988+00:00,2026-07-01T07:21:20.090043+00:00,2026-06-30,data/prospective/daily_qvp/snapshots/2026-07-01T053352Z/raw,1081,1043,144e01281e848a2a4c711cb0058eddc75099bb40,d3881a1328862a39dc4af32e15c4826237a09adca2da7038eafb5659ddb68bb4,8bda06ce0251beedd6a5f2cd61a08ef37682841102d3b9d86a1ab602640baf4e,CMG,0.234736355226642,0.10453283996299723,0.4319874054819832,0.28708133971291866,0.3696909500598842,0.0987535953978907,0.39482773635443696,0.09500959692898273,0.6292384557373245,0.2450980392156862,0.234736355226642,0.47023809523809523,"Chipotle Mexican Grill, Inc.",Consumer Cyclical,Restaurants,43612954624,34.0,941.0,969.0,2026-06-30,none,NOT_SELECTED,,
2026-07-01T053352Z,2026-07-01T05:33:52.980988+00:00,2026-07-01T07:21:20.090043+00:00,2026-06-30,data/prospective/daily_qvp/snapshots/2026-07-01T053352Z/raw,1081,1043,144e01281e848a2a4c711cb0058eddc75099bb40,d3881a1328862a39dc4af32e15c4826237a09adca2da7038eafb5659ddb68bb4,8bda06ce0251beedd6a5f2cd61a08ef37682841102d3b9d86a1ab602640baf4e,FND,0.20513413506012945,0.0841813135985199,0.3182744229574428,0.08899521531100478,0.3690456937363344,0.0977948226270374,0.41666522268320316,0.15259117082533588,0.43141471085475613,0.4705882352941176,0.20513413506012945,0.5595238095238095,"Floor & Decor Holdings, Inc.",Consumer Cyclical,Home Improvement Retail,6416468992,59.36000061035156,942.0,991.0,2026-06-30,none,NOT_SELECTED,,
2026-07-01T053352Z,2026-07-01T05:33:52.980988+00:00,2026-07-01T07:21:20.090043+00:00,2026-06-30,data/prospective/daily_qvp/snapshots/2026-07-01T053352Z/raw,1081,1043,144e01281e848a2a4c711cb0058eddc75099bb40,d3881a1328862a39dc4af32e15c4826237a09adca2da7038eafb5659ddb68bb4,8bda06ce0251beedd6a5f2cd61a08ef37682841102d3b9d86a1ab602640baf4e,BW,0.7103376503237743,0.845513413506013,0.46078168016936094,0.3674641148325359,0.3676816139400678,0.09683604985618409,0.43020565489949525,0.19385796545105566,0.21122571001494767,0.18148148148148144,0.7103376503237743,0.6177777777777778,"Babcock & Wilcox Enterprises, Inc.",Industrials,Specialty Industrial Machinery,2098637568,14.100000381469728,943.0,168.0,2026-06-30,none,NOT_SELECTED,,
2026-07-01T053352Z,2026-07-01T05:33:52.980988+00:00,2026-07-01T07:21:20.090043+00:00,2026-06-30,data/prospective/daily_qvp/snapshots/2026-07-01T053352Z/raw,1081,1043,144e01281e848a2a4c711cb0058eddc75099bb40,d3881a1328862a39dc4af32e15c4826237a09adca2da7038eafb5659ddb68bb4,8bda06ce0251beedd6a5f2cd61a08ef37682841102d3b9d86a1ab602640baf4e,PRMB,0.5182701202590194,0.4838112858464385,0.35193809043254,0.13779904306220095,0.3676220266183263,0.09587727708533078,0.42344379269101745,0.17562380038387715,0.18560606060606058,0.39898989898989895,0.5182701202590194,0.5909090909090908,Primo Brands Corporation,Consumer Defensive,Beverages - Non-Alcoholic,8868508672,24.440000534057617,944.0,559.0,2026-06-30,none,NOT_SELECTED,,
2026-07-01T053352Z,2026-07-01T05:33:52.980988+00:00,2026-07-01T07:21:20.090043+00:00,2026-06-30,data/prospective/daily_qvp/snapshots/2026-07-01T053352Z/raw,1081,1043,144e01281e848a2a4c711cb0058eddc75099bb40,d3881a1328862a39dc4af32e15c4826237a09adca2da7038eafb5659ddb68bb4,8bda06ce0251beedd6a5f2cd61a08ef37682841102d3b9d86a1ab602640baf4e,GPK,0.15009250693802031,0.04995374653098982,0.1774704036024363,0.00861244019138756,0.3666796154735196,0.09491850431447747,0.30849185446228256,0.018234165067178502,0.20484830026685227,0.7450980392156863,0.15009250693802031,0.1339285714285714,Graphic Packaging Holding Company,Consumer Cyclical,Packaging & Containers,3127529728,10.56999969482422,945.0,1028.0,2026-06-30,none,NOT_SELECTED,,
2026-07-01T053352Z,2026-07-01T05:33:52.980988+00:00,2026-07-01T07:21:20.090043+00:00,2026-06-30,data/prospective/daily_qvp/snapshots/2026-07-01T053352Z/raw,1081,1043,144e01281e848a2a4c711cb0058eddc75099bb40,d3881a1328862a39dc4af32e15c4826237a09adca2da7038eafb5659ddb68bb4,8bda06ce0251beedd6a5f2cd61a08ef37682841102d3b9d86a1ab602640baf4e,QXO,0.16188714153561515,0.06105457909343201,0.21776967938763814,0.01818181818181818,0.3661674405794131,0.09395973154362416,0.5218478026567821,0.5633397312859885,0.27365221723966116,0.662962962962963,0.16188714153561515,0.9888888888888888,"QXO, Inc.",Industrials,Industrial Distribution,12533276672,17.280000686645508,946.0,1016.0,2026-06-30,none,NOT_SELECTED,,
2026-07-01T053352Z,2026-07-01T05:33:52.980988+00:00,2026-07-01T07:21:20.090043+00:00,2026-06-30,data/prospective/daily_qvp/snapshots/2026-07-01T053352Z/raw,1081,1043,144e01281e848a2a4c711cb0058eddc75099bb40,d3881a1328862a39dc4af32e15c4826237a09adca2da7038eafb5659ddb68bb4,8bda06ce0251beedd6a5f2cd61a08ef37682841102d3b9d86a1ab602640baf4e,CHDN,0.3006475485661424,0.17483811285846437,0.34813617587092527,0.13014354066985645,0.3660777120185253,0.09300095877277086,0.40997495068056067,0.1276391554702495,0.3956248031757081,0.40196078431372545,0.3006475485661424,0.5416666666666666,Churchill Downs Incorporated,Consumer Cyclical,Gambling,6247631360,89.63999938964844,947.0,893.0,2026-06-30,none,NOT_SELECTED,,
2026-07-01T053352Z,2026-07-01T05:33:52.980988+00:00,2026-07-01T07:21:20.090043+00:00,2026-06-30,data/prospective/daily_qvp/snapshots/2026-07-01T053352Z/raw,1081,1043,144e01281e848a2a4c711cb0058eddc75099bb40,d3881a1328862a39dc4af32e15c4826237a09adca2da7038eafb5659ddb68bb4,8bda06ce0251beedd6a5f2cd61a08ef37682841102d3b9d86a1ab602640baf4e,PL,0.7052497687326549,0.8362627197039778,0.5065249840175481,0.522488038277512,0.3650907300857728,0.09204218600191755,0.5113180475643295,0.5095969289827256,0.3078001993024414,0.0822222222222222,0.7052497687326549,0.95,Planet Labs PBC,Industrials,Aerospace & Defense,11807616000,33.130001068115234,948.0,178.0,2026-06-30,none,NOT_SELECTED,,
2026-07-01T053352Z,2026-07-01T05:33:52.980988+00:00,2026-07-01T07:21:20.090043+00:00,2026-06-30,data/prospective/daily_qvp/snapshots/2026-07-01T053352Z/raw,1081,1043,144e01281e848a2a4c711cb0058eddc75099bb40,d3881a1328862a39dc4af32e15c4826237a09adca2da7038eafb5659ddb68bb4,8bda06ce0251beedd6a5f2cd61a08ef37682841102d3b9d86a1ab602640baf4e,SNOW,0.49144310823311743,0.43108233117483813,0.4612072921064449,0.3703349282296651,0.3649936519647685,0.09108341323106424,0.4916655929558773,0.43474088291746643,0.43097147597977237,0.1725663716814159,0.49144310823311743,0.8716814159292036,Snowflake Inc.,Technology,Software - Application,88209702912,254.5,949.0,616.0,2026-06-30,none,NOT_SELECTED,,
2026-07-01T053352Z,2026-07-01T05:33:52.980988+00:00,2026-07-01T07:21:20.090043+00:00,2026-06-30,data/prospective/daily_qvp/snapshots/2026-07-01T053352Z/raw,1081,1043,144e01281e848a2a4c711cb0058eddc75099bb40,d3881a1328862a39dc4af32e15c4826237a09adca2da7038eafb5659ddb68bb4,8bda06ce0251beedd6a5f2cd61a08ef37682841102d3b9d86a1ab602640baf4e,RGLD,0.3903792784458834,0.2969472710453284,0.418706588375484,0.2545454545454545,0.36482510788120787,0.09012464046021093,0.5003137461651431,0.463531669865643,0.4470338983050847,0.25706214689265533,0.3903792784458834,0.9067796610169492,"Royal Gold, Inc.",Basic Materials,Gold,16940222464,199.61000061035156,950.0,761.0,2026-06-30,none,NOT_SELECTED,,
2026-07-01T053352Z,2026-07-01T05:33:52.980988+00:00,2026-07-01T07:21:20.090043+00:00,2026-06-30,data/prospective/daily_qvp/snapshots/2026-07-01T053352Z/raw,1081,1043,144e01281e848a2a4c711cb0058eddc75099bb40,d3881a1328862a39dc4af32e15c4826237a09adca2da7038eafb5659ddb68bb4,8bda06ce0251beedd6a5f2cd61a08ef37682841102d3b9d86a1ab602640baf4e,CHH,0.46022201665124884,0.3926919518963922,0.46271567741219394,0.3770334928229665,0.3646862686015933,0.08916586768935762,0.3352706538321474,0.03358925143953935,0.46520933817313903,0.16862745098039209,0.46022201665124884,0.2470238095238095,"Choice Hotels International, Inc.",Consumer Cyclical,Lodging,5016787968,110.2699966430664,951.0,658.0,2026-06-30,none,NOT_SELECTED,,
2026-07-01T053352Z,2026-07-01T05:33:52.980988+00:00,2026-07-01T07:21:20.090043+00:00,2026-06-30,data/prospective/daily_qvp/snapshots/2026-07-01T053352Z/raw,1081,1043,144e01281e848a2a4c711cb0058eddc75099bb40,d3881a1328862a39dc4af32e15c4826237a09adca2da7038eafb5659ddb68bb4,8bda06ce0251beedd6a5f2cd61a08ef37682841102d3b9d86a1ab602640baf4e,GKOS,0.40217391304347827,0.31822386679000925,0.41762183822733734,0.2507177033492823,0.3646809494324416,0.08820709491850431,0.3731252094031316,0.06333973128598848,0.4330697634111964,0.2587991718426501,0.40217391304347827,0.39845798931520154,Glaukos Corporation,Healthcare,Medical Devices,8208651264,139.75999450683594,952.0,738.0,2026-06-30,none,NOT_SELECTED,,
2026-07-01T053352Z,2026-07-01T05:33:52.980988+00:00,2026-07-01T07:21:20.090043+00:00,2026-06-30,data/prospective/daily_qvp/snapshots/2026-07-01T053352Z/raw,1081,1043,144e01281e848a2a4c711cb0058eddc75099bb40,d3881a1328862a39dc4af32e15c4826237a09adca2da7038eafb5659ddb68bb4,8bda06ce0251beedd6a5f2cd61a08ef37682841102d3b9d86a1ab602640baf4e,KNTK,0.6200277520814061,0.6864014801110083,0.4766805427073697,0.41913875598086126,0.36250306183135095,0.087248322147651,0.4113700499967016,0.13147792706333974,0.33333333333333326,0.13414810007931358,0.6200277520814061,0.5579710144927537,Kinetik Holdings Inc.,Energy,Oil & Gas Midstream,8080511488,48.34000015258789,953.0,340.0,2026-06-30,none,NOT_SELECTED,,
2026-07-01T053352Z,2026-07-01T05:33:52.980988+00:00,2026-07-01T07:21:20.090043+00:00,2026-06-30,data/prospective/daily_qvp/snapshots/2026-07-01T053352Z/raw,1081,1043,144e01281e848a2a4c711cb0058eddc75099bb40,d3881a1328862a39dc4af32e15c4826237a09adca2da7038eafb5659ddb68bb4,8bda06ce0251beedd6a5f2cd61a08ef37682841102d3b9d86a1ab602640baf4e,ROAD,0.38228492136910264,0.2872340425531915,0.316967074536071,0.0861244019138756,0.3594595311721955,0.0862895493767977,0.49903909282359105,0.45681381957773515,0.2516492277030393,0.4444444444444445,0.38228492136910264,0.9177777777777778,"Construction Partners, Inc.",Industrials,Engineering & Construction,6714631168,118.7699966430664,954.0,772.0,2026-06-30,none,NOT_SELECTED,,
2026-07-01T053352Z,2026-07-01T05:33:52.980988+00:00,2026-07-01T07:21:20.090043+00:00,2026-06-30,data/prospective/daily_qvp/snapshots/2026-07-01T053352Z/raw,1081,1043,144e01281e848a2a4c711cb0058eddc75099bb40,d3881a1328862a39dc4af32e15c4826237a09adca2da7038eafb5659ddb68bb4,8bda06ce0251beedd6a5f2cd61a08ef37682841102d3b9d86a1ab602640baf4e,DASH,0.16813135985198885,0.06290471785383904,0.4230415513396486,0.2641148325358852,0.3584982891283932,0.08533077660594439,0.5092010977986758,0.4990403071017274,0.6779517428273084,0.22941176470588234,0.16813135985198885,0.961309523809524,"DoorDash, Inc.",Consumer Cyclical,Internet Retail,80403177472,184.52999877929688,955.0,1014.0,2026-06-30,none,NOT_SELECTED,,
2026-07-01T053352Z,2026-07-01T05:33:52.980988+00:00,2026-07-01T07:21:20.090043+00:00,2026-06-30,data/prospective/daily_qvp/snapshots/2026-07-01T053352Z/raw,1081,1043,144e01281e848a2a4c711cb0058eddc75099bb40,d3881a1328862a39dc4af32e15c4826237a09adca2da7038eafb5659ddb68bb4,8bda06ce0251beedd6a5f2cd61a08ef37682841102d3b9d86a1ab602640baf4e,GWRE,0.11077705827937093,0.030527289546716005,0.3278976157389269,0.09952153110047847,0.3582247625083505,0.08437200383509108,0.47110220019984694,0.3435700575815739,0.5450181731984829,0.41887905604719755,0.11077705827937093,0.8097345132743363,"Guidewire Software, Inc.",Technology,Software - Application,10244696064,123.0500030517578,956.0,1049.0,2026-06-30,none,NOT_SELECTED,,
2026-07-01T053352Z,2026-07-01T05:33:52.980988+00:00,2026-07-01T07:21:20.090043+00:00,2026-06-30,data/prospective/daily_qvp/snapshots/2026-07-01T053352Z/raw,1081,1043,144e01281e848a2a4c711cb0058eddc75099bb40,d3881a1328862a39dc4af32e15c4826237a09adca2da7038eafb5659ddb68bb4,8bda06ce0251beedd6a5f2cd61a08ef37682841102d3b9d86a1ab602640baf4e,RCL,0.38829787234042545,0.29324699352451433,0.4413585892622187,0.3062200956937799,0.3576377523186034,0.08341323106423777,0.4698652190008573,0.3330134357005758,0.49441930618401203,0.19019607843137254,0.38829787234042545,0.8065476190476191,Royal Caribbean Cruises Ltd.,Consumer Cyclical,Travel Services,85159952384,317.5299987792969,957.0,765.0,2026-06-30,none,NOT_SELECTED,,
2026-07-01T053352Z,2026-07-01T05:33:52.980988+00:00,2026-07-01T07:21:20.090043+00:00,2026-06-30,data/prospective/daily_qvp/snapshots/2026-07-01T053352Z/raw,1081,1043,144e01281e848a2a4c711cb0058eddc75099bb40,d3881a1328862a39dc4af32e15c4826237a09adca2da7038eafb5659ddb68bb4,8bda06ce0251beedd6a5f2cd61a08ef37682841102d3b9d86a1ab602640baf4e,NWL,0.35268270120259015,0.24606845513413506,0.257780744540689,0.03253588516746411,0.35703901487897777,0.08245445829338446,0.3549004732804455,0.044145873320537425,0.16287878787878785,0.5555555555555555,0.35268270120259015,0.34848484848484845,Newell Brands Inc.,Consumer Defensive,Household & Personal Products,2609056512,6.139999866485596,958.0,816.0,2026-06-30,none,NOT_SELECTED,,
2026-07-01T053352Z,2026-07-01T05:33:52.980988+00:00,2026-07-01T07:21:20.090043+00:00,2026-06-30,data/prospective/daily_qvp/snapshots/2026-07-01T053352Z/raw,1081,1043,144e01281e848a2a4c711cb0058eddc75099bb40,d3881a1328862a39dc4af32e15c4826237a09adca2da7038eafb5659ddb68bb4,8bda06ce0251beedd6a5f2cd61a08ef37682841102d3b9d86a1ab602640baf4e,AAL,0.5154949121184089,0.47733580018501387,0.3447778496815263,0.12535885167464114,0.3567654800345978,0.08149568552253116,0.31090744335928167,0.019193857965451054,0.1740607872446437,0.38074074074074066,0.5154949121184089,0.17333333333333328,American Airlines Group Inc.,Industrials,Airlines,11951229952,18.06999969482422,959.0,566.0,2026-06-30,none,NOT_SELECTED,,
2026-07-01T053352Z,2026-07-01T05:33:52.980988+00:00,2026-07-01T07:21:20.090043+00:00,2026-06-30,data/prospective/daily_qvp/snapshots/2026-07-01T053352Z/raw,1081,1043,144e01281e848a2a4c711cb0058eddc75099bb40,d3881a1328862a39dc4af32e15c4826237a09adca2da7038eafb5659ddb68bb4,8bda06ce0251beedd6a5f2cd61a08ef37682841102d3b9d86a1ab602640baf4e,AUR,0.6505550416281222,0.7419056429232193,0.4554638927000936,0.34832535885167465,0.3565837716039839,0.08053691275167785,,,0.26037274377206504,0.15882352941176467,0.6505550416281222,,"Aurora Innovation, Inc.",Consumer Cyclical,Auto Parts,13375405056,6.820000171661377,960.0,280.0,2026-06-30,none,NOT_SELECTED,,
2026-07-01T053352Z,2026-07-01T05:33:52.980988+00:00,2026-07-01T07:21:20.090043+00:00,2026-06-30,data/prospective/daily_qvp/snapshots/2026-07-01T053352Z/raw,1081,1043,144e01281e848a2a4c711cb0058eddc75099bb40,d3881a1328862a39dc4af32e15c4826237a09adca2da7038eafb5659ddb68bb4,8bda06ce0251beedd6a5f2cd61a08ef37682841102d3b9d86a1ab602640baf4e,FTAI,0.6512488436632747,0.7428307123034228,0.5065100720558526,0.5205741626794258,0.35396967766686466,0.07957813998082454,0.5101994804723707,0.5057581573896354,0.3617713004484305,0.048888888888888836,0.6512488436632747,0.9788888888888888,FTAI Aviation Ltd.,Industrials,Aerospace & Defense,27751772160,270.5299987792969,961.0,279.0,2026-06-30,none,NOT_SELECTED,,
2026-07-01T053352Z,2026-07-01T05:33:52.980988+00:00,2026-07-01T07:21:20.090043+00:00,2026-06-30,data/prospective/daily_qvp/snapshots/2026-07-01T053352Z/raw,1081,1043,144e01281e848a2a4c711cb0058eddc75099bb40,d3881a1328862a39dc4af32e15c4826237a09adca2da7038eafb5659ddb68bb4,8bda06ce0251beedd6a5f2cd61a08ef37682841102d3b9d86a1ab602640baf4e,VVV,0.5423219241443108,0.5254394079555966,0.42485752945650557,0.2708133971291866,0.3538265882651213,0.07861936720997123,0.411947322151222,0.1343570057581574,0.30739313476870034,0.21176470588235288,0.5423219241443108,0.5863095238095238,Valvoline Inc.,Consumer Cyclical,Auto & Truck Dealerships,5042776576,39.540000915527344,962.0,514.0,2026-06-30,none,NOT_SELECTED,,
2026-07-01T053352Z,2026-07-01T05:33:52.980988+00:00,2026-07-01T07:21:20.090043+00:00,2026-06-30,data/prospective/daily_qvp/snapshots/2026-07-01T053352Z/raw,1081,1043,144e01281e848a2a4c711cb0058eddc75099bb40,d3881a1328862a39dc4af32e15c4826237a09adca2da7038eafb5659ddb68bb4,8bda06ce0251beedd6a5f2cd61a08ef37682841102d3b9d86a1ab602640baf4e,BE,0.7383209990749305,0.8945420906567992,0.4950150087552032,0.4813397129186603,0.35346679596025893,0.07766059443911794,0.4873223191924164,0.41746641074856045,0.25170901843547583,0.07037037037037033,0.7383209990749305,0.888888888888889,Bloom Energy Corporation,Industrials,Electrical Equipment & Parts,86101164032,302.70001220703125,963.0,115.0,2026-06-30,none,NOT_SELECTED,,
2026-07-01T053352Z,2026-07-01T05:33:52.980988+00:00,2026-07-01T07:21:20.090043+00:00,2026-06-30,data/prospective/daily_qvp/snapshots/2026-07-01T053352Z/raw,1081,1043,144e01281e848a2a4c711cb0058eddc75099bb40,d3881a1328862a39dc4af32e15c4826237a09adca2da7038eafb5659ddb68bb4,8bda06ce0251beedd6a5f2cd61a08ef37682841102d3b9d86a1ab602640baf4e,TTWO,0.4269195189639223,0.3422756706753006,0.4239866665710522,0.2669856459330144,0.35270608689277877,0.07670182166826463,0.48397400961402853,0.4021113243761996,0.4210538141781822,0.21014492753623185,0.4269195189639223,0.8777777777777778,"Take-Two Interactive Software, Inc.",Communication Services,Electronic Gaming & Multimedia,46412951552,249.97999572753903,964.0,712.0,2026-06-30,none,NOT_SELECTED,,
2026-07-01T053352Z,2026-07-01T05:33:52.980988+00:00,2026-07-01T07:21:20.090043+00:00,2026-06-30,data/prospective/daily_qvp/snapshots/2026-07-01T053352Z/raw,1081,1043,144e01281e848a2a4c711cb0058eddc75099bb40,d3881a1328862a39dc4af32e15c4826237a09adca2da7038eafb5659ddb68bb4,8bda06ce0251beedd6a5f2cd61a08ef37682841102d3b9d86a1ab602640baf4e,U,0.20767807585568912,0.0851063829787234,0.2612199244638749,0.03732057416267943,0.3506461246671653,0.07574304889741132,0.39904654040302884,0.1036468330134357,0.31476177307206066,0.5294985250737463,0.20767807585568912,0.5442477876106194,Unity Software Inc.,Technology,Software - Application,12476170240,28.579999923706055,965.0,990.0,2026-06-30,none,NOT_SELECTED,,
2026-07-01T053352Z,2026-07-01T05:33:52.980988+00:00,2026-07-01T07:21:20.090043+00:00,2026-06-30,data/prospective/daily_qvp/snapshots/2026-07-01T053352Z/raw,1081,1043,144e01281e848a2a4c711cb0058eddc75099bb40,d3881a1328862a39dc4af32e15c4826237a09adca2da7038eafb5659ddb68bb4,8bda06ce0251beedd6a5f2cd61a08ef37682841102d3b9d86a1ab602640baf4e,LIF,0.09343200740055499,0.022201665124884366,0.34132429225906386,0.11961722488038277,0.3499684072287564,0.07478427612655801,0.4770780753330717,0.3646833013435701,0.5892165771175727,0.36725663716814155,0.09343200740055499,0.8584070796460177,"Life360, Inc.",Technology,Software - Application,4485914112,55.36000061035156,966.0,1058.0,2026-06-30,none,NOT_SELECTED,,
2026-07-01T053352Z,2026-07-01T05:33:52.980988+00:00,2026-07-01T07:21:20.090043+00:00,2026-06-30,data/prospective/daily_qvp/snapshots/2026-07-01T053352Z/raw,1081,1043,144e01281e848a2a4c711cb0058eddc75099bb40,d3881a1328862a39dc4af32e15c4826237a09adca2da7038eafb5659ddb68bb4,8bda06ce0251beedd6a5f2cd61a08ef37682841102d3b9d86a1ab602640baf4e,PTCT,0.5117946345975948,0.46577243293246995,0.44854245923816016,0.3291866028708134,0.34940787827747594,0.0738255033557047,0.48938713745992823,0.42706333973128596,0.3852902838787255,0.15113871635610765,0.5117946345975948,0.9093249150072851,"PTC Therapeutics, Inc.",Healthcare,Biotechnology,6766177280,81.56999969482422,967.0,578.0,2026-06-30,none,NOT_SELECTED,,
2026-07-01T053352Z,2026-07-01T05:33:52.980988+00:00,2026-07-01T07:21:20.090043+00:00,2026-06-30,data/prospective/daily_qvp/snapshots/2026-07-01T053352Z/raw,1081,1043,144e01281e848a2a4c711cb0058eddc75099bb40,d3881a1328862a39dc4af32e15c4826237a09adca2da7038eafb5659ddb68bb4,8bda06ce0251beedd6a5f2cd61a08ef37682841102d3b9d86a1ab602640baf4e,AXTI,0.7362395929694726,0.8889916743755781,0.46945513150369966,0.4,0.3493516019267535,0.0728667305848514,0.26588538286099433,0.007677543186180422,0.20267067003792666,0.10914454277286134,0.7362395929694726,0.0154867256637168,"AXT, Inc.",Technology,Semiconductor Equipment & Materials,4715703296,72.08000183105469,968.0,121.0,2026-06-30,none,NOT_SELECTED,,
2026-07-01T053352Z,2026-07-01T05:33:52.980988+00:00,2026-07-01T07:21:20.090043+00:00,2026-06-30,data/prospective/daily_qvp/snapshots/2026-07-01T053352Z/raw,1081,1043,144e01281e848a2a4c711cb0058eddc75099bb40,d3881a1328862a39dc4af32e15c4826237a09adca2da7038eafb5659ddb68bb4,8bda06ce0251beedd6a5f2cd61a08ef37682841102d3b9d86a1ab602640baf4e,CLX,0.3543015726179463,0.2488436632747456,0.411999271157458,0.23444976076555024,0.34874025484571275,0.07190795781399809,0.41969913052822394,0.16410748560460653,0.46969696969696967,0.22222222222222218,0.3543015726179463,0.6325757575757576,The Clorox Company,Consumer Defensive,Household & Personal Products,11540733952,95.44000244140624,969.0,813.0,2026-06-30,none,NOT_SELECTED,,
2026-07-01T053352Z,2026-07-01T05:33:52.980988+00:00,2026-07-01T07:21:20.090043+00:00,2026-06-30,data/prospective/daily_qvp/snapshots/2026-07-01T053352Z/raw,1081,1043,144e01281e848a2a4c711cb0058eddc75099bb40,d3881a1328862a39dc4af32e15c4826237a09adca2da7038eafb5659ddb68bb4,8bda06ce0251beedd6a5f2cd61a08ef37682841102d3b9d86a1ab602640baf4e,WYNN,0.32354301572617944,0.1998149861239593,0.3319234665755688,0.10143540669856459,0.34807969667129424,0.07094918504314478,0.3176073915510897,0.023032629558541268,0.34030391742495814,0.3803921568627451,0.32354301572617944,0.22619047619047616,"Wynn Resorts, Limited",Consumer Cyclical,Resorts & Casinos,10076652544,97.08999633789062,970.0,866.0,2026-06-30,none,NOT_SELECTED,,
2026-07-01T053352Z,2026-07-01T05:33:52.980988+00:00,2026-07-01T07:21:20.090043+00:00,2026-06-30,data/prospective/daily_qvp/snapshots/2026-07-01T053352Z/raw,1081,1043,144e01281e848a2a4c711cb0058eddc75099bb40,d3881a1328862a39dc4af32e15c4826237a09adca2da7038eafb5659ddb68bb4,8bda06ce0251beedd6a5f2cd61a08ef37682841102d3b9d86a1ab602640baf4e,MTN,0.37950971322849214,0.2816836262719704,0.35451118814093957,0.14258373205741626,0.34745190320507086,0.06999041227229147,0.3588032131180888,0.04894433781190019,0.329512663053387,0.33333333333333326,0.37950971322849214,0.39285714285714285,"Vail Resorts, Inc.",Consumer Cyclical,Resorts & Casinos,4851504640,136.14999389648438,971.0,778.0,2026-06-30,none,NOT_SELECTED,,
2026-07-01T053352Z,2026-07-01T05:33:52.980988+00:00,2026-07-01T07:21:20.090043+00:00,2026-06-30,data/prospective/daily_qvp/snapshots/2026-07-01T053352Z/raw,1081,1043,144e01281e848a2a4c711cb0058eddc75099bb40,d3881a1328862a39dc4af32e15c4826237a09adca2da7038eafb5659ddb68bb4,8bda06ce0251beedd6a5f2cd61a08ef37682841102d3b9d86a1ab602640baf4e,TE,0.700277520814061,0.8279370952821462,0.39434030500095174,0.2,0.34585649963026416,0.06903163950143816,0.5066145969449203,0.4884836852207294,0.0884030891878425,0.24888888888888885,0.700277520814061,0.9888888888888888,T1 Energy Inc.,Industrials,Electrical Equipment & Parts,2647492608,9.479999542236328,972.0,187.0,2026-06-30,none,NOT_SELECTED,,
2026-07-01T053352Z,2026-07-01T05:33:52.980988+00:00,2026-07-01T07:21:20.090043+00:00,2026-06-30,data/prospective/daily_qvp/snapshots/2026-07-01T053352Z/raw,1081,1043,144e01281e848a2a4c711cb0058eddc75099bb40,d3881a1328862a39dc4af32e15c4826237a09adca2da7038eafb5659ddb68bb4,8bda06ce0251beedd6a5f2cd61a08ef37682841102d3b9d86a1ab602640baf4e,VRNS,0.3168362627197039,0.19148936170212766,0.33464383458361935,0.10622009569377991,0.34403984252477277,0.06807286673058485,0.3360166075572964,0.0345489443378119,0.3524514064475348,0.36283185840707954,0.3168362627197039,0.31194690265486724,"Varonis Systems, Inc.",Technology,Software - Infrastructure,4928106496,41.959999084472656,973.0,875.0,2026-06-30,none,NOT_SELECTED,,
2026-07-01T053352Z,2026-07-01T05:33:52.980988+00:00,2026-07-01T07:21:20.090043+00:00,2026-06-30,data/prospective/daily_qvp/snapshots/2026-07-01T053352Z/raw,1081,1043,144e01281e848a2a4c711cb0058eddc75099bb40,d3881a1328862a39dc4af32e15c4826237a09adca2da7038eafb5659ddb68bb4,8bda06ce0251beedd6a5f2cd61a08ef37682841102d3b9d86a1ab602640baf4e,DKNG,0.12974098057354297,0.04070305272895467,0.33352570385148733,0.10334928229665072,0.3432655019140634,0.06711409395973154,0.5000086502450714,0.46257197696737046,0.5373104271294317,0.3627450980392157,0.12974098057354297,0.9702380952380952,DraftKings Inc.,Consumer Cyclical,Gambling,12532214784,25.260000228881836,974.0,1038.0,2026-06-30,none,NOT_SELECTED,,
2026-07-01T053352Z,2026-07-01T05:33:52.980988+00:00,2026-07-01T07:21:20.090043+00:00,2026-06-30,data/prospective/daily_qvp/snapshots/2026-07-01T053352Z/raw,1081,1043,144e01281e848a2a4c711cb0058eddc75099bb40,d3881a1328862a39dc4af32e15c4826237a09adca2da7038eafb5659ddb68bb4,8bda06ce0251beedd6a5f2cd61a08ef37682841102d3b9d86a1ab602640baf4e,WK,0.1127428307123034,0.03145235892691952,0.26549653387701133,0.04019138755980861,0.3426810717488826,0.06615532118887824,0.44506390115679473,0.2380038387715931,0.41825023704171926,0.49705014749262527,0.1127428307123034,0.752212389380531,Workiva Inc.,Technology,Software - Application,2722348800,48.5099983215332,975.0,1048.0,2026-06-30,none,NOT_SELECTED,,
2026-07-01T053352Z,2026-07-01T05:33:52.980988+00:00,2026-07-01T07:21:20.090043+00:00,2026-06-30,data/prospective/daily_qvp/snapshots/2026-07-01T053352Z/raw,1081,1043,144e01281e848a2a4c711cb0058eddc75099bb40,d3881a1328862a39dc4af32e15c4826237a09adca2da7038eafb5659ddb68bb4,8bda06ce0251beedd6a5f2cd61a08ef37682841102d3b9d86a1ab602640baf4e,RKLB,0.6991211840888066,0.8260869565217391,0.4815797749043933,0.43636363636363634,0.3420408375905832,0.06519654841802493,0.49486396152627077,0.44241842610364684,0.26403836571997996,0.06296296296296293,0.6991211840888066,0.9533333333333334,Rocket Lab Corporation,Industrials,Aerospace & Defense,63512825856,101.6500015258789,976.0,189.0,2026-06-30,none,NOT_SELECTED,,
2026-07-01T053352Z,2026-07-01T05:33:52.980988+00:00,2026-07-01T07:21:20.090043+00:00,2026-06-30,data/prospective/daily_qvp/snapshots/2026-07-01T053352Z/raw,1081,1043,144e01281e848a2a4c711cb0058eddc75099bb40,d3881a1328862a39dc4af32e15c4826237a09adca2da7038eafb5659ddb68bb4,8bda06ce0251beedd6a5f2cd61a08ef37682841102d3b9d86a1ab602640baf4e,CWST,0.33649398704902866,0.21924144310823312,0.3131597987063778,0.08421052631578947,0.34111887814993086,0.06423777564717162,0.38472804750133704,0.07869481765834933,0.2898256103637269,0.397037037037037,0.33649398704902866,0.5155555555555555,"Casella Waste Systems, Inc.",Industrials,Waste Management,6168256000,96.97000122070312,977.0,845.0,2026-06-30,none,NOT_SELECTED,,
2026-07-01T053352Z,2026-07-01T05:33:52.980988+00:00,2026-07-01T07:21:20.090043+00:00,2026-06-30,data/prospective/daily_qvp/snapshots/2026-07-01T053352Z/raw,1081,1043,144e01281e848a2a4c711cb0058eddc75099bb40,d3881a1328862a39dc4af32e15c4826237a09adca2da7038eafb5659ddb68bb4,8bda06ce0251beedd6a5f2cd61a08ef37682841102d3b9d86a1ab602640baf4e,CPNG,0.12904717853839032,0.039777983348751156,0.28568914128881956,0.05645933014354067,0.34078622491150057,0.06327900287631831,0.4304408591598159,0.19577735124760076,0.4423311040392488,0.4509803921568627,0.12904717853839032,0.6994047619047619,"Coupang, Inc.",Consumer Cyclical,Internet Retail,31180267520,17.3700008392334,978.0,1039.0,2026-06-30,none,NOT_SELECTED,,
2026-07-01T053352Z,2026-07-01T05:33:52.980988+00:00,2026-07-01T07:21:20.090043+00:00,2026-06-30,data/prospective/daily_qvp/snapshots/2026-07-01T053352Z/raw,1081,1043,144e01281e848a2a4c711cb0058eddc75099bb40,d3881a1328862a39dc4af32e15c4826237a09adca2da7038eafb5659ddb68bb4,8bda06ce0251beedd6a5f2cd61a08ef37682841102d3b9d86a1ab602640baf4e,CVNA,0.24259944495837182,0.11285846438482887,0.38479213127702455,0.184688995215311,0.338881028694487,0.062320230105465,0.4855595810446748,0.4088291746641075,0.5269848175956773,0.24705882352941175,0.24259944495837182,0.9255952380952381,Carvana Co.,Consumer Cyclical,Auto & Truck Dealerships,72193728512,65.81999969482422,979.0,960.0,2026-06-30,none,NOT_SELECTED,,
2026-07-01T053352Z,2026-07-01T05:33:52.980988+00:00,2026-07-01T07:21:20.090043+00:00,2026-06-30,data/prospective/daily_qvp/snapshots/2026-07-01T053352Z/raw,1081,1043,144e01281e848a2a4c711cb0058eddc75099bb40,d3881a1328862a39dc4af32e15c4826237a09adca2da7038eafb5659ddb68bb4,8bda06ce0251beedd6a5f2cd61a08ef37682841102d3b9d86a1ab602640baf4e,GRAL,0.2693108233117484,0.14061054579093432,0.2906405274388033,0.06028708133971292,0.33661749448301176,0.061361457334611694,0.44969478671947105,0.2562380038387716,0.3119702315658583,0.42857142857142855,0.2693108233117484,0.788926663428849,"GRAIL, Inc.",Healthcare,Diagnostics & Research,2929915648,68.2699966430664,980.0,930.0,2026-06-30,none,NOT_SELECTED,,
2026-07-01T053352Z,2026-07-01T05:33:52.980988+00:00,2026-07-01T07:21:20.090043+00:00,2026-06-30,data/prospective/daily_qvp/snapshots/2026-07-01T053352Z/raw,1081,1043,144e01281e848a2a4c711cb0058eddc75099bb40,d3881a1328862a39dc4af32e15c4826237a09adca2da7038eafb5659ddb68bb4,8bda06ce0251beedd6a5f2cd61a08ef37682841102d3b9d86a1ab602640baf4e,APD,0.5765494912118408,0.603145235892692,0.40903745747032716,0.22775119617224882,0.33295529179754396,0.06040268456375839,0.35564867223798846,0.046065259117082535,0.24152542372881353,0.1807909604519774,0.5765494912118408,0.423728813559322,"Air Products and Chemicals, Inc.",Basic Materials,Specialty Chemicals,65285521408,293.17999267578125,981.0,430.0,2026-06-30,none,NOT_SELECTED,,
2026-07-01T053352Z,2026-07-01T05:33:52.980988+00:00,2026-07-01T07:21:20.090043+00:00,2026-06-30,data/prospective/daily_qvp/snapshots/2026-07-01T053352Z/raw,1081,1043,144e01281e848a2a4c711cb0058eddc75099bb40,d3881a1328862a39dc4af32e15c4826237a09adca2da7038eafb5659ddb68bb4,8bda06ce0251beedd6a5f2cd61a08ef37682841102d3b9d86a1ab602640baf4e,AGIO,0.34343200740055496,0.2326549491211841,0.30344524801792094,0.07464114832535886,0.33273161462064293,0.059443911792905084,0.47354094020297616,0.354126679462572,0.263458488635287,0.3913043478260869,0.34343200740055496,0.8959689169499758,"Agios Pharmaceuticals, Inc.",Healthcare,Biotechnology,2206991360,37.11000061035156,982.0,831.0,2026-06-30,none,NOT_SELECTED,,
2026-07-01T053352Z,2026-07-01T05:33:52.980988+00:00,2026-07-01T07:21:20.090043+00:00,2026-06-30,data/prospective/daily_qvp/snapshots/2026-07-01T053352Z/raw,1081,1043,144e01281e848a2a4c711cb0058eddc75099bb40,d3881a1328862a39dc4af32e15c4826237a09adca2da7038eafb5659ddb68bb4,8bda06ce0251beedd6a5f2cd61a08ef37682841102d3b9d86a1ab602640baf4e,CAVA,0.45675300647548556,0.3876040703052729,0.42906264307829434,0.28038277511961723,0.33244699081036616,0.058485139022051776,0.44799595739348896,0.2495201535508637,0.4013722796811032,0.13921568627450978,0.45675300647548556,0.7946428571428572,"CAVA Group, Inc.",Consumer Cyclical,Restaurants,9140869120,78.4800033569336,983.0,663.0,2026-06-30,none,NOT_SELECTED,,
2026-07-01T053352Z,2026-07-01T05:33:52.980988+00:00,2026-07-01T07:21:20.090043+00:00,2026-06-30,data/prospective/daily_qvp/snapshots/2026-07-01T053352Z/raw,1081,1043,144e01281e848a2a4c711cb0058eddc75099bb40,d3881a1328862a39dc4af32e15c4826237a09adca2da7038eafb5659ddb68bb4,8bda06ce0251beedd6a5f2cd61a08ef37682841102d3b9d86a1ab602640baf4e,W,0.33094357076780756,0.21045328399629973,0.3229638502571903,0.09473684210526316,0.33230269755708114,0.05752636625119847,0.43300678507257273,0.2034548944337812,0.31498412974657314,0.35098039215686266,0.33094357076780756,0.7351190476190477,Wayfair Inc.,Consumer Cyclical,Internet Retail,12199115776,92.41999816894533,984.0,855.0,2026-06-30,none,NOT_SELECTED,,
2026-07-01T053352Z,2026-07-01T05:33:52.980988+00:00,2026-07-01T07:21:20.090043+00:00,2026-06-30,data/prospective/daily_qvp/snapshots/2026-07-01T053352Z/raw,1081,1043,144e01281e848a2a4c711cb0058eddc75099bb40,d3881a1328862a39dc4af32e15c4826237a09adca2da7038eafb5659ddb68bb4,8bda06ce0251beedd6a5f2cd61a08ef37682841102d3b9d86a1ab602640baf4e,EL,0.26526364477335795,0.13691026827012026,0.3409651557200123,0.11770334928229666,0.3316872081904459,0.05656759348034516,0.27054570917313747,0.009596928982725527,0.4166666666666667,0.3131313131313131,0.26526364477335795,0.0871212121212121,The Estée Lauder Companies Inc.,Consumer Defensive,Household & Personal Products,28563707904,78.94999694824219,985.0,934.0,2026-06-30,none,NOT_SELECTED,,
2026-07-01T053352Z,2026-07-01T05:33:52.980988+00:00,2026-07-01T07:21:20.090043+00:00,2026-06-30,data/prospective/daily_qvp/snapshots/2026-07-01T053352Z/raw,1081,1043,144e01281e848a2a4c711cb0058eddc75099bb40,d3881a1328862a39dc4af32e15c4826237a09adca2da7038eafb5659ddb68bb4,8bda06ce0251beedd6a5f2cd61a08ef37682841102d3b9d86a1ab602640baf4e,HIMS,0.15379278445883438,0.05504162812210916,0.29920892194838516,0.06985645933014355,0.32783700386621123,0.05560882070949185,0.40205186654706004,0.11324376199616124,0.44462505943793595,0.38509316770186336,0.15379278445883438,0.6246964545896065,"Hims & Hers Health, Inc.",Healthcare,Drug Manufacturers - Specialty & Generic,8024637952,34.66999816894531,986.0,1022.0,2026-06-30,none,NOT_SELECTED,,
2026-07-01T053352Z,2026-07-01T05:33:52.980988+00:00,2026-07-01T07:21:20.090043+00:00,2026-06-30,data/prospective/daily_qvp/snapshots/2026-07-01T053352Z/raw,1081,1043,144e01281e848a2a4c711cb0058eddc75099bb40,d3881a1328862a39dc4af32e15c4826237a09adca2da7038eafb5659ddb68bb4,8bda06ce0251beedd6a5f2cd61a08ef37682841102d3b9d86a1ab602640baf4e,TSLA,0.40911193339500457,0.3274745605920444,0.43228478011636096,0.2889952153110048,0.3247911606004497,0.05465004793863854,0.2778195609265278,0.012476007677543186,0.4554576268377173,0.1098039215686274,0.40911193339500457,0.13690476190476192,"Tesla, Inc.",Consumer Cyclical,Auto Manufacturers,1579657461760,420.6000061035156,987.0,728.0,2026-06-30,none,NOT_SELECTED,,
2026-07-01T053352Z,2026-07-01T05:33:52.980988+00:00,2026-07-01T07:21:20.090043+00:00,2026-06-30,data/prospective/daily_qvp/snapshots/2026-07-01T053352Z/raw,1081,1043,144e01281e848a2a4c711cb0058eddc75099bb40,d3881a1328862a39dc4af32e15c4826237a09adca2da7038eafb5659ddb68bb4,8bda06ce0251beedd6a5f2cd61a08ef37682841102d3b9d86a1ab602640baf4e,LOAR,0.37488436632747457,0.27567067530064754,0.3848786555105235,0.18564593301435406,0.3237462641675095,0.053691275167785234,0.4461430314589655,0.24280230326295585,0.3948729446935725,0.20148148148148146,0.37488436632747457,0.8133333333333335,Loar Holdings Inc.,Industrials,Aerospace & Defense,7547068928,80.61000061035156,988.0,784.0,2026-06-30,none,NOT_SELECTED,,
2026-07-01T053352Z,2026-07-01T05:33:52.980988+00:00,2026-07-01T07:21:20.090043+00:00,2026-06-30,data/prospective/daily_qvp/snapshots/2026-07-01T053352Z/raw,1081,1043,144e01281e848a2a4c711cb0058eddc75099bb40,d3881a1328862a39dc4af32e15c4826237a09adca2da7038eafb5659ddb68bb4,8bda06ce0251beedd6a5f2cd61a08ef37682841102d3b9d86a1ab602640baf4e,ZS,0.0464847363552266,0.0064754856614246065,0.26925216590201273,0.04401913875598086,0.3230609326269072,0.052732502396931925,0.3888664959303574,0.08445297504798464,0.4920195954487989,0.4306784660766962,0.0464847363552266,0.5862831858407079,"Zscaler, Inc.",Technology,Software - Infrastructure,22825297920,141.14999389648438,989.0,1075.0,2026-06-30,none,NOT_SELECTED,,
2026-07-01T053352Z,2026-07-01T05:33:52.980988+00:00,2026-07-01T07:21:20.090043+00:00,2026-06-30,data/prospective/daily_qvp/snapshots/2026-07-01T053352Z/raw,1081,1043,144e01281e848a2a4c711cb0058eddc75099bb40,d3881a1328862a39dc4af32e15c4826237a09adca2da7038eafb5659ddb68bb4,8bda06ce0251beedd6a5f2cd61a08ef37682841102d3b9d86a1ab602640baf4e,BA,0.4775670675300647,0.410268270120259,0.3429676393953263,0.12248803827751197,0.32197842626355083,0.05177372962607862,0.4809282641421076,0.3886756238003839,0.20836821126058788,0.27999999999999997,0.4775670675300647,0.9577777777777778,The Boeing Company,Industrials,Aerospace & Defense,170643800064,216.47000122070312,990.0,639.0,2026-06-30,none,NOT_SELECTED,,
2026-07-01T053352Z,2026-07-01T05:33:52.980988+00:00,2026-07-01T07:21:20.090043+00:00,2026-06-30,data/prospective/daily_qvp/snapshots/2026-07-01T053352Z/raw,1081,1043,144e01281e848a2a4c711cb0058eddc75099bb40,d3881a1328862a39dc4af32e15c4826237a09adca2da7038eafb5659ddb68bb4,8bda06ce0251beedd6a5f2cd61a08ef37682841102d3b9d86a1ab602640baf4e,SEI,0.6852451433857538,0.8066604995374653,0.44407184705519576,0.3167464114832536,0.3204909004162045,0.05081495685522531,0.47225223328316784,0.3502879078694818,0.20289855072463767,0.07332900713822191,0.6852451433857538,0.927536231884058,"Solaris Energy Infrastructure, Inc.",Energy,Oil & Gas Equipment & Services,7515539968,80.45999908447266,991.0,210.0,2026-06-30,none,NOT_SELECTED,,
2026-07-01T053352Z,2026-07-01T05:33:52.980988+00:00,2026-07-01T07:21:20.090043+00:00,2026-06-30,data/prospective/daily_qvp/snapshots/2026-07-01T053352Z/raw,1081,1043,144e01281e848a2a4c711cb0058eddc75099bb40,d3881a1328862a39dc4af32e15c4826237a09adca2da7038eafb5659ddb68bb4,8bda06ce0251beedd6a5f2cd61a08ef37682841102d3b9d86a1ab602640baf4e,RBRK,0.36725254394079554,0.2627197039777983,0.37962520528266075,0.17416267942583732,0.3184718674352448,0.04985618408437201,0.48138708641714156,0.3896353166986564,0.3919978666245259,0.19616519174041291,0.36725254394079554,0.970132743362832,,Technology,Software - Infrastructure,16523916288,80.27999877929688,992.0,798.0,2026-06-30,none,NOT_SELECTED,,
2026-07-01T053352Z,2026-07-01T05:33:52.980988+00:00,2026-07-01T07:21:20.090043+00:00,2026-06-30,data/prospective/daily_qvp/snapshots/2026-07-01T053352Z/raw,1081,1043,144e01281e848a2a4c711cb0058eddc75099bb40,d3881a1328862a39dc4af32e15c4826237a09adca2da7038eafb5659ddb68bb4,8bda06ce0251beedd6a5f2cd61a08ef37682841102d3b9d86a1ab602640baf4e,RBLX,0.04671600370027748,0.0074005550416281225,0.33619644696866474,0.10813397129186603,0.3183338631965011,0.0488974113135187,0.44430595295293135,0.23416506717850288,0.625676890237052,0.2826086956521739,0.04671600370027748,0.8222222222222222,Roblox Corporation,Communication Services,Electronic Gaming & Multimedia,38934925312,54.380001068115234,993.0,1074.0,2026-06-30,none,NOT_SELECTED,,
2026-07-01T053352Z,2026-07-01T05:33:52.980988+00:00,2026-07-01T07:21:20.090043+00:00,2026-06-30,data/prospective/daily_qvp/snapshots/2026-07-01T053352Z/raw,1081,1043,144e01281e848a2a4c711cb0058eddc75099bb40,d3881a1328862a39dc4af32e15c4826237a09adca2da7038eafb5659ddb68bb4,8bda06ce0251beedd6a5f2cd61a08ef37682841102d3b9d86a1ab602640baf4e,WHR,0.0861470860314523,0.01757631822386679,0.14695548780547635,0.004784688995215311,0.3156173840271803,0.04793863854266539,0.29623684754419477,0.013435700575815739,0.2077638895795004,0.6529411764705882,0.0861470860314523,0.23809523809523805,Whirlpool Corporation,Consumer Cyclical,"Furnishings, Fixtures & Appliances",2555327232,39.41999816894531,994.0,1063.0,2026-06-30,none,NOT_SELECTED,,
2026-07-01T053352Z,2026-07-01T05:33:52.980988+00:00,2026-07-01T07:21:20.090043+00:00,2026-06-30,data/prospective/daily_qvp/snapshots/2026-07-01T053352Z/raw,1081,1043,144e01281e848a2a4c711cb0058eddc75099bb40,d3881a1328862a39dc4af32e15c4826237a09adca2da7038eafb5659ddb68bb4,8bda06ce0251beedd6a5f2cd61a08ef37682841102d3b9d86a1ab602640baf4e,RH,0.18270120259019423,0.07030527289546716,0.2505176926878672,0.02966507177033493,0.3153778081971403,0.04697986577181208,0.4195690704335695,0.16314779270633398,0.3183341827855402,0.4450980392156863,0.18270120259019423,0.7321428571428572,RH,Consumer Cyclical,Specialty Retail,3113556480,164.72999572753906,995.0,1006.0,2026-06-30,none,NOT_SELECTED,,
2026-07-01T053352Z,2026-07-01T05:33:52.980988+00:00,2026-07-01T07:21:20.090043+00:00,2026-06-30,data/prospective/daily_qvp/snapshots/2026-07-01T053352Z/raw,1081,1043,144e01281e848a2a4c711cb0058eddc75099bb40,d3881a1328862a39dc4af32e15c4826237a09adca2da7038eafb5659ddb68bb4,8bda06ce0251beedd6a5f2cd61a08ef37682841102d3b9d86a1ab602640baf4e,IBRX,0.7199352451433857,0.8621646623496763,0.4156032200918905,0.2430622009569378,0.3108852385153666,0.046021093000958774,0.47746941698754486,0.3685220729366603,0.1112711950403953,0.10144927536231879,0.7199352451433857,0.9772219524040797,"ImmunityBio, Inc.",Healthcare,Biotechnology,9169584128,8.755000114440918,996.0,150.0,2026-06-30,none,NOT_SELECTED,,
2026-07-01T053352Z,2026-07-01T05:33:52.980988+00:00,2026-07-01T07:21:20.090043+00:00,2026-06-30,data/prospective/daily_qvp/snapshots/2026-07-01T053352Z/raw,1081,1043,144e01281e848a2a4c711cb0058eddc75099bb40,d3881a1328862a39dc4af32e15c4826237a09adca2da7038eafb5659ddb68bb4,8bda06ce0251beedd6a5f2cd61a08ef37682841102d3b9d86a1ab602640baf4e,FLUT,0.10418593894542084,0.02682701202590194,0.20061274720628902,0.014354066985645933,0.3108660144773953,0.045062320230105465,0.3655899870485227,0.05662188099808062,0.2970395554671572,0.5313725490196078,0.10418593894542084,0.5297619047619048,Flutter Entertainment plc,Consumer Cyclical,Gambling,17716326400,102.16999816894533,997.0,1053.0,2026-06-30,none,NOT_SELECTED,,
2026-07-01T053352Z,2026-07-01T05:33:52.980988+00:00,2026-07-01T07:21:20.090043+00:00,2026-06-30,data/prospective/daily_qvp/snapshots/2026-07-01T053352Z/raw,1081,1043,144e01281e848a2a4c711cb0058eddc75099bb40,d3881a1328862a39dc4af32e15c4826237a09adca2da7038eafb5659ddb68bb4,8bda06ce0251beedd6a5f2cd61a08ef37682841102d3b9d86a1ab602640baf4e,ECHO,0.5079787234042552,0.45790934320074006,0.2959783236165192,0.06507177033492823,0.30963772299072295,0.04410354745925216,0.2988949589097089,0.014395393474088292,0.08397792382878325,0.33695652173913043,0.5079787234042552,0.26666666666666666,EchoStar Corporation,Communication Services,Telecom Services,29416071168,101.5,998.0,587.0,2026-06-30,none,NOT_SELECTED,,
2026-07-01T053352Z,2026-07-01T05:33:52.980988+00:00,2026-07-01T07:21:20.090043+00:00,2026-06-30,data/prospective/daily_qvp/snapshots/2026-07-01T053352Z/raw,1081,1043,144e01281e848a2a4c711cb0058eddc75099bb40,d3881a1328862a39dc4af32e15c4826237a09adca2da7038eafb5659ddb68bb4,8bda06ce0251beedd6a5f2cd61a08ef37682841102d3b9d86a1ab602640baf4e,MIR,0.15379278445883438,0.05504162812210916,0.23432289945413068,0.02583732057416268,0.30584489593238345,0.04314477468839885,0.41827256083817643,0.15738963531669867,0.314853014449427,0.4488888888888889,0.15379278445883438,0.7555555555555555,"Mirion Technologies, Inc.",Industrials,Specialty Industrial Machinery,4386676736,17.93000030517578,999.0,1023.0,2026-06-30,none,NOT_SELECTED,,
2026-07-01T053352Z,2026-07-01T05:33:52.980988+00:00,2026-07-01T07:21:20.090043+00:00,2026-06-30,data/prospective/daily_qvp/snapshots/2026-07-01T053352Z/raw,1081,1043,144e01281e848a2a4c711cb0058eddc75099bb40,d3881a1328862a39dc4af32e15c4826237a09adca2da7038eafb5659ddb68bb4,8bda06ce0251beedd6a5f2cd61a08ef37682841102d3b9d86a1ab602640baf4e,BEPC,0.48519888991674376,0.42090656799259946,0.4141000294119078,0.23923444976076555,0.30525689343091406,0.04218600191754554,0.26989094593525453,0.008637236084452975,0.3430011689070719,0.08757062146892654,0.48519888991674376,0.1637931034482758,Brookfield Renewable Corporation,Utilities,Utilities - Renewable,6770003968,37.119998931884766,1000.0,627.0,2026-06-30,none,NOT_SELECTED,,
2026-07-01T053352Z,2026-07-01T05:33:52.980988+00:00,2026-07-01T07:21:20.090043+00:00,2026-06-30,data/prospective/daily_qvp/snapshots/2026-07-01T053352Z/raw,1081,1043,144e01281e848a2a4c711cb0058eddc75099bb40,d3881a1328862a39dc4af32e15c4826237a09adca2da7038eafb5659ddb68bb4,8bda06ce0251beedd6a5f2cd61a08ef37682841102d3b9d86a1ab602640baf4e,FUN,0.4012488436632747,0.31637372802960223,0.3052327000541689,0.0784688995215311,0.30283487193153746,0.04122722914669223,0.33873329680579595,0.036468330134357005,0.2092165564450632,0.2980392156862745,0.4012488436632747,0.4464285714285714,Six Flags Entertainment Corporation,Consumer Cyclical,Leisure,2176943872,21.299999237060547,1001.0,740.0,2026-06-30,none,NOT_SELECTED,,
2026-07-01T053352Z,2026-07-01T05:33:52.980988+00:00,2026-07-01T07:21:20.090043+00:00,2026-06-30,data/prospective/daily_qvp/snapshots/2026-07-01T053352Z/raw,1081,1043,144e01281e848a2a4c711cb0058eddc75099bb40,d3881a1328862a39dc4af32e15c4826237a09adca2da7038eafb5659ddb68bb4,8bda06ce0251beedd6a5f2cd61a08ef37682841102d3b9d86a1ab602640baf4e,IONS,0.5006938020351526,0.4477335800185014,0.3750922477212834,0.16842105263157894,0.3011312017244719,0.040268456375838924,0.42973985345459725,0.19193857965451055,0.24949069340741425,0.15320910973084886,0.5006938020351526,0.8155658086449733,"Ionis Pharmaceuticals, Inc.",Healthcare,Biotechnology,13103668224,79.29000091552734,1002.0,598.0,2026-06-30,none,NOT_SELECTED,,
2026-07-01T053352Z,2026-07-01T05:33:52.980988+00:00,2026-07-01T07:21:20.090043+00:00,2026-06-30,data/prospective/daily_qvp/snapshots/2026-07-01T053352Z/raw,1081,1043,144e01281e848a2a4c711cb0058eddc75099bb40,d3881a1328862a39dc4af32e15c4826237a09adca2da7038eafb5659ddb68bb4,8bda06ce0251beedd6a5f2cd61a08ef37682841102d3b9d86a1ab602640baf4e,ELF,0.07689639222941717,0.012950971322849213,0.2770845597510722,0.049760765550239235,0.2992011543121626,0.039309683604985615,0.35508268391594017,0.045105566218809984,0.4772727272727273,0.3434343434343434,0.07689639222941717,0.5227272727272727,"e.l.f. Beauty, Inc.",Consumer Defensive,Household & Personal Products,4398599168,74.0,1003.0,1068.0,2026-06-30,none,NOT_SELECTED,,
2026-07-01T053352Z,2026-07-01T05:33:52.980988+00:00,2026-07-01T07:21:20.090043+00:00,2026-06-30,data/prospective/daily_qvp/snapshots/2026-07-01T053352Z/raw,1081,1043,144e01281e848a2a4c711cb0058eddc75099bb40,d3881a1328862a39dc4af32e15c4826237a09adca2da7038eafb5659ddb68bb4,8bda06ce0251beedd6a5f2cd61a08ef37682841102d3b9d86a1ab602640baf4e,APLD,0.6493987049028677,0.7409805735430157,0.3605173439179319,0.15119617224880383,0.2990961250504993,0.038350910834132314,0.25999687254893644,0.0067178502879078695,0.07163598293299617,0.17625368731563418,0.6493987049028677,0.14269911504424773,Applied Digital Corporation,Technology,Information Technology Services,10659203072,37.29999923706055,1004.0,281.0,2026-06-30,none,NOT_SELECTED,,
2026-07-01T053352Z,2026-07-01T05:33:52.980988+00:00,2026-07-01T07:21:20.090043+00:00,2026-06-30,data/prospective/daily_qvp/snapshots/2026-07-01T053352Z/raw,1081,1043,144e01281e848a2a4c711cb0058eddc75099bb40,d3881a1328862a39dc4af32e15c4826237a09adca2da7038eafb5659ddb68bb4,8bda06ce0251beedd6a5f2cd61a08ef37682841102d3b9d86a1ab602640baf4e,KTOS,0.233695652173913,0.10175763182238667,0.2736091614133142,0.045933014354066985,0.29746783600393784,0.037392138063279005,0.3719897658918423,0.061420345489443376,0.31352267065271544,0.3451851851851851,0.233695652173913,0.5955555555555556,"Kratos Defense & Security Solutions, Inc.",Industrials,Aerospace & Defense,9349746688,49.86000061035156,1005.0,972.0,2026-06-30,none,NOT_SELECTED,,
2026-07-01T053352Z,2026-07-01T05:33:52.980988+00:00,2026-07-01T07:21:20.090043+00:00,2026-06-30,data/prospective/daily_qvp/snapshots/2026-07-01T053352Z/raw,1081,1043,144e01281e848a2a4c711cb0058eddc75099bb40,d3881a1328862a39dc4af32e15c4826237a09adca2da7038eafb5659ddb68bb4,8bda06ce0251beedd6a5f2cd61a08ef37682841102d3b9d86a1ab602640baf4e,RUN,0.2889685476410731,0.16281221091581868,0.19651493121623817,0.012440191387559809,0.2917769157960762,0.0364333652924257,0.45721764259926956,0.28790786948176583,0.10406131479140324,0.4823008849557522,0.2889685476410731,0.9535398230088497,Sunrun Inc.,Technology,Solar,3191789312,13.380000114440918,1006.0,906.0,2026-06-30,none,NOT_SELECTED,,
2026-07-01T053352Z,2026-07-01T05:33:52.980988+00:00,2026-07-01T07:21:20.090043+00:00,2026-06-30,data/prospective/daily_qvp/snapshots/2026-07-01T053352Z/raw,1081,1043,144e01281e848a2a4c711cb0058eddc75099bb40,d3881a1328862a39dc4af32e15c4826237a09adca2da7038eafb5659ddb68bb4,8bda06ce0251beedd6a5f2cd61a08ef37682841102d3b9d86a1ab602640baf4e,IRTC,0.15957446808510636,0.060129509713228495,0.2728136767960192,0.044976076555023926,0.2874658466424807,0.03547459252157239,0.4064141008633564,0.12092130518234165,0.386052885506932,0.3167701863354037,0.15957446808510636,0.7632588635259835,"iRhythm Holdings, Inc.",Healthcare,Medical Devices,3908983296,118.9499969482422,1007.0,1017.0,2026-06-30,none,NOT_SELECTED,,
2026-07-01T053352Z,2026-07-01T05:33:52.980988+00:00,2026-07-01T07:21:20.090043+00:00,2026-06-30,data/prospective/daily_qvp/snapshots/2026-07-01T053352Z/raw,1081,1043,144e01281e848a2a4c711cb0058eddc75099bb40,d3881a1328862a39dc4af32e15c4826237a09adca2da7038eafb5659ddb68bb4,8bda06ce0251beedd6a5f2cd61a08ef37682841102d3b9d86a1ab602640baf4e,QBTS,0.47305735430157264,0.4051803885291397,0.3455728064175373,0.12727272727272726,0.28372503712004943,0.03451581975071908,0.4600282911143733,0.30614203454894434,0.2180882585335019,0.16002949852507373,0.47305735430157264,0.9889380530973452,D-Wave Quantum Inc.,Technology,Computer Hardware,8886979584,23.989999771118164,1008.0,644.0,2026-06-30,none,NOT_SELECTED,,
2026-07-01T053352Z,2026-07-01T05:33:52.980988+00:00,2026-07-01T07:21:20.090043+00:00,2026-06-30,data/prospective/daily_qvp/snapshots/2026-07-01T053352Z/raw,1081,1043,144e01281e848a2a4c711cb0058eddc75099bb40,d3881a1328862a39dc4af32e15c4826237a09adca2da7038eafb5659ddb68bb4,8bda06ce0251beedd6a5f2cd61a08ef37682841102d3b9d86a1ab602640baf4e,NET,0.5175763182238667,0.48103607770582796,0.3832844454583303,0.18277511961722487,0.28207163620525855,0.03355704697986577,0.3487218687468643,0.04126679462571977,0.24899257269279387,0.079646017699115,0.5175763182238667,0.5486725663716814,"Cloudflare, Inc.",Technology,Software - Infrastructure,87059570688,245.27999877929688,1009.0,562.0,2026-06-30,none,NOT_SELECTED,,
2026-07-01T053352Z,2026-07-01T05:33:52.980988+00:00,2026-07-01T07:21:20.090043+00:00,2026-06-30,data/prospective/daily_qvp/snapshots/2026-07-01T053352Z/raw,1081,1043,144e01281e848a2a4c711cb0058eddc75099bb40,d3881a1328862a39dc4af32e15c4826237a09adca2da7038eafb5659ddb68bb4,8bda06ce0251beedd6a5f2cd61a08ef37682841102d3b9d86a1ab602640baf4e,BROS,0.3647086031452359,0.25716928769657726,0.35491471627104165,0.14354066985645933,0.28105425529180555,0.032598274209012464,0.43251688194504456,0.20057581573896352,0.3451208293968474,0.1333333333333333,0.3647086031452359,0.8869047619047619,Dutch Bros Inc.,Consumer Cyclical,Restaurants,12544015360,71.80999755859375,1010.0,804.0,2026-06-30,none,NOT_SELECTED,,
2026-07-01T053352Z,2026-07-01T05:33:52.980988+00:00,2026-07-01T07:21:20.090043+00:00,2026-06-30,data/prospective/daily_qvp/snapshots/2026-07-01T053352Z/raw,1081,1043,144e01281e848a2a4c711cb0058eddc75099bb40,d3881a1328862a39dc4af32e15c4826237a09adca2da7038eafb5659ddb68bb4,8bda06ce0251beedd6a5f2cd61a08ef37682841102d3b9d86a1ab602640baf4e,PI,0.2890841813135985,0.1637372802960222,0.3038983248540179,0.07559808612440191,0.28076997468143966,0.031639501438159155,0.2763960650818762,0.011516314779270634,0.31871246839443734,0.23451327433628313,0.2890841813135985,0.2632743362831858,"Impinj, Inc.",Technology,Semiconductors,4362668544,143.22999572753906,1011.0,905.0,2026-06-30,none,NOT_SELECTED,,
2026-07-01T053352Z,2026-07-01T05:33:52.980988+00:00,2026-07-01T07:21:20.090043+00:00,2026-06-30,data/prospective/daily_qvp/snapshots/2026-07-01T053352Z/raw,1081,1043,144e01281e848a2a4c711cb0058eddc75099bb40,d3881a1328862a39dc4af32e15c4826237a09adca2da7038eafb5659ddb68bb4,8bda06ce0251beedd6a5f2cd61a08ef37682841102d3b9d86a1ab602640baf4e,PLNT,0.08082793709528208,0.013876040703052728,0.28132379401629004,0.053588516746411484,0.27709167967099074,0.030680728667305847,0.4206163788008621,0.16794625719769674,0.48181965093729795,0.26862745098039215,0.08082793709528208,0.8511904761904762,"Planet Fitness, Inc.",Consumer Cyclical,Leisure,4144529408,52.16999816894531,1012.0,1067.0,2026-06-30,none,NOT_SELECTED,,
2026-07-01T053352Z,2026-07-01T05:33:52.980988+00:00,2026-07-01T07:21:20.090043+00:00,2026-06-30,data/prospective/daily_qvp/snapshots/2026-07-01T053352Z/raw,1081,1043,144e01281e848a2a4c711cb0058eddc75099bb40,d3881a1328862a39dc4af32e15c4826237a09adca2da7038eafb5659ddb68bb4,8bda06ce0251beedd6a5f2cd61a08ef37682841102d3b9d86a1ab602640baf4e,WING,0.0605920444033302,0.010175763182238668,0.358561440795138,0.1492822966507177,0.27564226771963446,0.029721955896452542,0.3875352722182973,0.08157389635316699,0.6565308371869458,0.10980392156862744,0.0605920444033302,0.7232142857142858,Wingstop Inc.,Consumer Cyclical,Restaurants,4722397184,173.41000366210938,1013.0,1071.0,2026-06-30,none,NOT_SELECTED,,
2026-07-01T053352Z,2026-07-01T05:33:52.980988+00:00,2026-07-01T07:21:20.090043+00:00,2026-06-30,data/prospective/daily_qvp/snapshots/2026-07-01T053352Z/raw,1081,1043,144e01281e848a2a4c711cb0058eddc75099bb40,d3881a1328862a39dc4af32e15c4826237a09adca2da7038eafb5659ddb68bb4,8bda06ce0251beedd6a5f2cd61a08ef37682841102d3b9d86a1ab602640baf4e,RARE,0.23219241443108232,0.09898242368177614,0.3372101224052958,0.11004784688995216,0.274496189263986,0.028763183125599234,0.3941552891068044,0.09404990403071017,0.44222783037950925,0.14906832298136644,0.23219241443108232,0.7531325886352598,Ultragenyx Pharmaceutical Inc.,Healthcare,Biotechnology,3288555008,33.38999938964844,1014.0,975.0,2026-06-30,none,NOT_SELECTED,,
2026-07-01T053352Z,2026-07-01T05:33:52.980988+00:00,2026-07-01T07:21:20.090043+00:00,2026-06-30,data/prospective/daily_qvp/snapshots/2026-07-01T053352Z/raw,1081,1043,144e01281e848a2a4c711cb0058eddc75099bb40,d3881a1328862a39dc4af32e15c4826237a09adca2da7038eafb5659ddb68bb4,8bda06ce0251beedd6a5f2cd61a08ef37682841102d3b9d86a1ab602640baf4e,HRI,0.2907030527289547,0.16466234967622573,0.1888044411626836,0.009569377990430622,0.27401777558993723,0.027804410354745925,0.33995777613689737,0.03838771593090211,0.08690582959641253,0.4444444444444444,0.2907030527289547,0.5377777777777777,Herc Holdings Inc.,Industrials,Rental & Leasing Services,4786560000,143.33999633789062,1015.0,904.0,2026-06-30,none,NOT_SELECTED,,
2026-07-01T053352Z,2026-07-01T05:33:52.980988+00:00,2026-07-01T07:21:20.090043+00:00,2026-06-30,data/prospective/daily_qvp/snapshots/2026-07-01T053352Z/raw,1081,1043,144e01281e848a2a4c711cb0058eddc75099bb40,d3881a1328862a39dc4af32e15c4826237a09adca2da7038eafb5659ddb68bb4,8bda06ce0251beedd6a5f2cd61a08ef37682841102d3b9d86a1ab602640baf4e,WGS,0.026595744680850998,0.0027752081406105457,0.21702458041495964,0.01722488038277512,0.2702869183442726,0.026845637583892617,0.391569001288559,0.0892514395393474,0.40745341614906827,0.3768115942028985,0.026595744680850998,0.7554152501214182,GeneDx Holdings Corp.,Healthcare,Diagnostics & Research,2038083200,68.6500015258789,1016.0,1079.0,2026-06-30,none,NOT_SELECTED,,
2026-07-01T053352Z,2026-07-01T05:33:52.980988+00:00,2026-07-01T07:21:20.090043+00:00,2026-06-30,data/prospective/daily_qvp/snapshots/2026-07-01T053352Z/raw,1081,1043,144e01281e848a2a4c711cb0058eddc75099bb40,d3881a1328862a39dc4af32e15c4826237a09adca2da7038eafb5659ddb68bb4,8bda06ce0251beedd6a5f2cd61a08ef37682841102d3b9d86a1ab602640baf4e,AVAV,0.08984736355226637,0.020351526364477335,0.17054401062516156,0.007655502392344498,0.2687577354785028,0.02588686481303931,0.3271238571644326,0.02783109404990403,0.25124065769805676,0.4651851851851852,0.08984736355226637,0.5022222222222221,"AeroVironment, Inc.",Industrials,Aerospace & Defense,8353868288,165.07000732421875,1017.0,1060.0,2026-06-30,none,NOT_SELECTED,,
2026-07-01T053352Z,2026-07-01T05:33:52.980988+00:00,2026-07-01T07:21:20.090043+00:00,2026-06-30,data/prospective/daily_qvp/snapshots/2026-07-01T053352Z/raw,1081,1043,144e01281e848a2a4c711cb0058eddc75099bb40,d3881a1328862a39dc4af32e15c4826237a09adca2da7038eafb5659ddb68bb4,8bda06ce0251beedd6a5f2cd61a08ef37682841102d3b9d86a1ab602640baf4e,BBIO,0.4502775208140611,0.3737280296022202,0.34281992244655585,0.1215311004784689,0.26650382683462587,0.024928092042186004,0.43069380018910686,0.1967370441458733,0.23536232407905058,0.113871635610766,0.4502775208140611,0.9232637202525498,"BridgeBio Pharma, Inc.",Healthcare,Biotechnology,14587746304,74.4800033569336,1018.0,678.0,2026-06-30,none,NOT_SELECTED,,
2026-07-01T053352Z,2026-07-01T05:33:52.980988+00:00,2026-07-01T07:21:20.090043+00:00,2026-06-30,data/prospective/daily_qvp/snapshots/2026-07-01T053352Z/raw,1081,1043,144e01281e848a2a4c711cb0058eddc75099bb40,d3881a1328862a39dc4af32e15c4826237a09adca2da7038eafb5659ddb68bb4,8bda06ce0251beedd6a5f2cd61a08ef37682841102d3b9d86a1ab602640baf4e,CIFR,0.6820074005550416,0.803422756706753,0.3487643474014146,0.13110047846889952,0.26544958459995976,0.023969319271332695,0.31938586101634153,0.02399232245681382,0.015521294247787601,0.09882005899705014,0.6820074005550416,0.4811946902654868,Cipher Digital Inc.,Technology,Information Technology Services,10021704704,24.5,1019.0,214.0,2026-06-30,none,NOT_SELECTED,,
2026-07-01T053352Z,2026-07-01T05:33:52.980988+00:00,2026-07-01T07:21:20.090043+00:00,2026-06-30,data/prospective/daily_qvp/snapshots/2026-07-01T053352Z/raw,1081,1043,144e01281e848a2a4c711cb0058eddc75099bb40,d3881a1328862a39dc4af32e15c4826237a09adca2da7038eafb5659ddb68bb4,8bda06ce0251beedd6a5f2cd61a08ef37682841102d3b9d86a1ab602640baf4e,UEC,0.3947733580018501,0.30481036077705825,0.3296330558125192,0.10047846889952153,0.2641108876421674,0.023010546500479387,0.446271571528727,0.2437619961612284,0.2644927536231884,0.13306655130146366,0.3947733580018501,0.9927536231884058,Uranium Energy Corp.,Energy,Uranium,5225753088,10.65999984741211,1020.0,753.0,2026-06-30,none,NOT_SELECTED,,
2026-07-01T053352Z,2026-07-01T05:33:52.980988+00:00,2026-07-01T07:21:20.090043+00:00,2026-06-30,data/prospective/daily_qvp/snapshots/2026-07-01T053352Z/raw,1081,1043,144e01281e848a2a4c711cb0058eddc75099bb40,d3881a1328862a39dc4af32e15c4826237a09adca2da7038eafb5659ddb68bb4,8bda06ce0251beedd6a5f2cd61a08ef37682841102d3b9d86a1ab602640baf4e,SHAK,0.08163737280296016,0.014801110083256245,0.20649133859845353,0.016267942583732056,0.2631510884774004,0.02205177372962608,0.4146252211199551,0.14491362763915547,0.33134530439394694,0.3764705882352941,0.08163737280296016,0.8690476190476191,Shake Shack Inc.,Consumer Cyclical,Restaurants,2396620800,56.02000045776367,1021.0,1066.0,2026-06-30,none,NOT_SELECTED,,
2026-07-01T053352Z,2026-07-01T05:33:52.980988+00:00,2026-07-01T07:21:20.090043+00:00,2026-06-30,data/prospective/daily_qvp/snapshots/2026-07-01T053352Z/raw,1081,1043,144e01281e848a2a4c711cb0058eddc75099bb40,d3881a1328862a39dc4af32e15c4826237a09adca2da7038eafb5659ddb68bb4,8bda06ce0251beedd6a5f2cd61a08ef37682841102d3b9d86a1ab602640baf4e,CRNX,0.24375578168362624,0.1147086031452359,0.2456787113060943,0.027751196172248804,0.2583337716505777,0.02109300095877277,0.44113680275444617,0.22264875239923224,0.24760164092856235,0.2836438923395445,0.24375578168362624,0.9895458960660516,"Crinetics Pharmaceuticals, Inc.",Healthcare,Biotechnology,3945572352,37.41999816894531,1022.0,958.0,2026-06-30,none,NOT_SELECTED,,
2026-07-01T053352Z,2026-07-01T05:33:52.980988+00:00,2026-07-01T07:21:20.090043+00:00,2026-06-30,data/prospective/daily_qvp/snapshots/2026-07-01T053352Z/raw,1081,1043,144e01281e848a2a4c711cb0058eddc75099bb40,d3881a1328862a39dc4af32e15c4826237a09adca2da7038eafb5659ddb68bb4,8bda06ce0251beedd6a5f2cd61a08ef37682841102d3b9d86a1ab602640baf4e,LLYVK,0.6419981498612395,0.7261794634597595,0.3502815993660764,0.1339712918660287,0.2564679261474326,0.020134228187919462,0.3284620557216856,0.029750479846449136,0.05856504887091335,0.0688405797101449,0.6419981498612395,0.5444444444444445,"Liberty Live Holdings, Inc.",Communication Services,Entertainment,9719348224,105.63999938964844,1023.0,297.0,2026-06-30,none,NOT_SELECTED,,
2026-07-01T053352Z,2026-07-01T05:33:52.980988+00:00,2026-07-01T07:21:20.090043+00:00,2026-06-30,data/prospective/daily_qvp/snapshots/2026-07-01T053352Z/raw,1081,1043,144e01281e848a2a4c711cb0058eddc75099bb40,d3881a1328862a39dc4af32e15c4826237a09adca2da7038eafb5659ddb68bb4,8bda06ce0251beedd6a5f2cd61a08ef37682841102d3b9d86a1ab602640baf4e,CYTK,0.65263644773358,0.7446808510638298,0.33896480002465296,0.11578947368421053,0.25634230284597287,0.019175455417066157,0.43356318658081283,0.2072936660268714,0.0252931523157259,0.0910973084886128,0.65263644773358,0.9652258377853327,"Cytokinetics, Incorporated",Healthcare,Biotechnology,11566297088,85.19000244140625,1024.0,277.0,2026-06-30,none,NOT_SELECTED,,
2026-07-01T053352Z,2026-07-01T05:33:52.980988+00:00,2026-07-01T07:21:20.090043+00:00,2026-06-30,data/prospective/daily_qvp/snapshots/2026-07-01T053352Z/raw,1081,1043,144e01281e848a2a4c711cb0058eddc75099bb40,d3881a1328862a39dc4af32e15c4826237a09adca2da7038eafb5659ddb68bb4,8bda06ce0251beedd6a5f2cd61a08ef37682841102d3b9d86a1ab602640baf4e,PGEN,0.5708834412580943,0.5906567992599445,0.3273772892328854,0.09760765550239234,0.2548284757756848,0.01821668264621285,0.42894311496678056,0.1890595009596929,0.08387113720767644,0.10973084886128359,0.5708834412580943,0.951287032540068,"Precigen, Inc.",Healthcare,Biotechnology,2032112512,5.699999809265137,1025.0,444.0,2026-06-30,none,NOT_SELECTED,,
2026-07-01T053352Z,2026-07-01T05:33:52.980988+00:00,2026-07-01T07:21:20.090043+00:00,2026-06-30,data/prospective/daily_qvp/snapshots/2026-07-01T053352Z/raw,1081,1043,144e01281e848a2a4c711cb0058eddc75099bb40,d3881a1328862a39dc4af32e15c4826237a09adca2da7038eafb5659ddb68bb4,8bda06ce0251beedd6a5f2cd61a08ef37682841102d3b9d86a1ab602640baf4e,ORCL,0.3048103607770583,0.17946345975948197,0.26030360801179087,0.0354066985645933,0.25023190386626765,0.01725790987535954,0.3364571137404087,0.03550863723608445,0.21579685524652337,0.23008849557522124,0.3048103607770583,0.595132743362832,Oracle Corporation,Technology,Software - Infrastructure,422133039104,146.5500030517578,1026.0,888.0,2026-06-30,none,NOT_SELECTED,,
2026-07-01T053352Z,2026-07-01T05:33:52.980988+00:00,2026-07-01T07:21:20.090043+00:00,2026-06-30,data/prospective/daily_qvp/snapshots/2026-07-01T053352Z/raw,1081,1043,144e01281e848a2a4c711cb0058eddc75099bb40,d3881a1328862a39dc4af32e15c4826237a09adca2da7038eafb5659ddb68bb4,8bda06ce0251beedd6a5f2cd61a08ef37682841102d3b9d86a1ab602640baf4e,GPGI,0.12511563367252537,0.036077705827937095,0.1920197002443344,0.011483253588516746,0.24529708411350692,0.016299137104506232,0.18786170197401908,0.003838771593090211,0.25892376681614343,0.35185185185185186,0.12511563367252537,0.0155555555555555,"GPGI, Inc.",Industrials,Metal Fabrication,4594304000,15.850000381469728,1027.0,1043.0,2026-06-30,none,NOT_SELECTED,,
2026-07-01T053352Z,2026-07-01T05:33:52.980988+00:00,2026-07-01T07:21:20.090043+00:00,2026-06-30,data/prospective/daily_qvp/snapshots/2026-07-01T053352Z/raw,1081,1043,144e01281e848a2a4c711cb0058eddc75099bb40,d3881a1328862a39dc4af32e15c4826237a09adca2da7038eafb5659ddb68bb4,8bda06ce0251beedd6a5f2cd61a08ef37682841102d3b9d86a1ab602640baf4e,CAR,0.33637835337650324,0.2183163737280296,0.26839595297126106,0.042105263157894736,0.2431281661783716,0.015340364333652923,0.23845723574488978,0.0047984644913627635,0.20041355256601892,0.19259259259259257,0.33637835337650324,0.2244444444444444,"Avis Budget Group, Inc.",Industrials,Rental & Leasing Services,5222092288,147.8300018310547,1028.0,846.0,2026-06-30,none,NOT_SELECTED,,
2026-07-01T053352Z,2026-07-01T05:33:52.980988+00:00,2026-07-01T07:21:20.090043+00:00,2026-06-30,data/prospective/daily_qvp/snapshots/2026-07-01T053352Z/raw,1081,1043,144e01281e848a2a4c711cb0058eddc75099bb40,d3881a1328862a39dc4af32e15c4826237a09adca2da7038eafb5659ddb68bb4,8bda06ce0251beedd6a5f2cd61a08ef37682841102d3b9d86a1ab602640baf4e,CRK,0.06891766882516184,0.012025901942645698,0.19931390687634898,0.013397129186602871,0.240874591990198,0.014381591562799617,0.41435159616656153,0.14395393474088292,0.32971014492753614,0.323995962217896,0.06891766882516184,0.9347826086956521,"Comstock Resources, Inc.",Energy,Oil & Gas E&P,4381941760,14.920000076293944,1029.0,1069.0,2026-06-30,none,NOT_SELECTED,,
2026-07-01T053352Z,2026-07-01T05:33:52.980988+00:00,2026-07-01T07:21:20.090043+00:00,2026-06-30,data/prospective/daily_qvp/snapshots/2026-07-01T053352Z/raw,1081,1043,144e01281e848a2a4c711cb0058eddc75099bb40,d3881a1328862a39dc4af32e15c4826237a09adca2da7038eafb5659ddb68bb4,8bda06ce0251beedd6a5f2cd61a08ef37682841102d3b9d86a1ab602640baf4e,MP,0.4449583718778909,0.3617021276595745,0.3199368130575895,0.0937799043062201,0.24059817668999375,0.013422818791946308,0.39231303929715633,0.09117082533589252,0.19491525423728812,0.08192090395480223,0.4449583718778909,0.847457627118644,MP Materials Corp.,Basic Materials,Other Industrial Metals & Mining,9971022848,56.0099983215332,1030.0,691.0,2026-06-30,none,NOT_SELECTED,,
2026-07-01T053352Z,2026-07-01T05:33:52.980988+00:00,2026-07-01T07:21:20.090043+00:00,2026-06-30,data/prospective/daily_qvp/snapshots/2026-07-01T053352Z/raw,1081,1043,144e01281e848a2a4c711cb0058eddc75099bb40,d3881a1328862a39dc4af32e15c4826237a09adca2da7038eafb5659ddb68bb4,8bda06ce0251beedd6a5f2cd61a08ef37682841102d3b9d86a1ab602640baf4e,AXON,0.18825161887141534,0.0730804810360777,0.299277777547317,0.0708133971291866,0.24050617268586563,0.012464046021093002,0.30426851840328817,0.016314779270633396,0.4103039362232187,0.12296296296296294,0.18825161887141534,0.4955555555555556,"Axon Enterprise, Inc.",Industrials,Aerospace & Defense,45186330624,560.6099853515625,1031.0,1003.0,2026-06-30,none,NOT_SELECTED,,
2026-07-01T053352Z,2026-07-01T05:33:52.980988+00:00,2026-07-01T07:21:20.090043+00:00,2026-06-30,data/prospective/daily_qvp/snapshots/2026-07-01T053352Z/raw,1081,1043,144e01281e848a2a4c711cb0058eddc75099bb40,d3881a1328862a39dc4af32e15c4826237a09adca2da7038eafb5659ddb68bb4,8bda06ce0251beedd6a5f2cd61a08ef37682841102d3b9d86a1ab602640baf4e,CORZ,0.6591119333950046,0.7622571692876966,0.3412055795293607,0.11866028708133972,0.23926979638240567,0.011505273250239693,0.18332402870273345,0.0028790786948176585,0.0232992256637168,0.03539823008849557,0.6591119333950046,0.0154867256637168,"Core Scientific, Inc.",Technology,Software - Infrastructure,8134684160,25.59000015258789,1032.0,258.0,2026-06-30,none,NOT_SELECTED,,
2026-07-01T053352Z,2026-07-01T05:33:52.980988+00:00,2026-07-01T07:21:20.090043+00:00,2026-06-30,data/prospective/daily_qvp/snapshots/2026-07-01T053352Z/raw,1081,1043,144e01281e848a2a4c711cb0058eddc75099bb40,d3881a1328862a39dc4af32e15c4826237a09adca2da7038eafb5659ddb68bb4,8bda06ce0251beedd6a5f2cd61a08ef37682841102d3b9d86a1ab602640baf4e,NCLH,0.24606845513413503,0.11702127659574468,0.20351821850071905,0.015311004784688996,0.23829319141878003,0.010546500479386385,0.31636870308789455,0.022072936660268713,0.1609679818673031,0.3078431372549019,0.24606845513413503,0.5505952380952381,Norwegian Cruise Line Holdings Ltd.,Consumer Cyclical,Travel Services,9691814912,21.11000061035156,1033.0,956.0,2026-06-30,none,NOT_SELECTED,,
2026-07-01T053352Z,2026-07-01T05:33:52.980988+00:00,2026-07-01T07:21:20.090043+00:00,2026-06-30,data/prospective/daily_qvp/snapshots/2026-07-01T053352Z/raw,1081,1043,144e01281e848a2a4c711cb0058eddc75099bb40,d3881a1328862a39dc4af32e15c4826237a09adca2da7038eafb5659ddb68bb4,8bda06ce0251beedd6a5f2cd61a08ef37682841102d3b9d86a1ab602640baf4e,ASTS,0.5768963922294172,0.6049953746530989,0.31067085730307775,0.08133971291866028,0.23784153515387088,0.009587727708533078,0.4256156646397395,0.18042226487523993,0.044445322376738275,0.09218289085545721,0.5768963922294172,0.9889380530973452,"AST SpaceMobile, Inc.",Technology,Communication Equipment,34488750080,88.86000061035156,1034.0,428.0,2026-06-30,none,NOT_SELECTED,,
2026-07-01T053352Z,2026-07-01T05:33:52.980988+00:00,2026-07-01T07:21:20.090043+00:00,2026-06-30,data/prospective/daily_qvp/snapshots/2026-07-01T053352Z/raw,1081,1043,144e01281e848a2a4c711cb0058eddc75099bb40,d3881a1328862a39dc4af32e15c4826237a09adca2da7038eafb5659ddb68bb4,8bda06ce0251beedd6a5f2cd61a08ef37682841102d3b9d86a1ab602640baf4e,TEM,0.14708603145235888,0.04717853839037928,0.22481855345896024,0.021052631578947368,0.22855398387947246,0.00862895493767977,0.3970407914550147,0.09980806142034548,0.3025510754655616,0.23602484472049687,0.14708603145235888,0.9025012141816415,"Tempus AI, Inc.",Healthcare,Health Information Services,10402187264,57.93000030517578,1035.0,1031.0,2026-06-30,none,NOT_SELECTED,,
2026-07-01T053352Z,2026-07-01T05:33:52.980988+00:00,2026-07-01T07:21:20.090043+00:00,2026-06-30,data/prospective/daily_qvp/snapshots/2026-07-01T053352Z/raw,1081,1043,144e01281e848a2a4c711cb0058eddc75099bb40,d3881a1328862a39dc4af32e15c4826237a09adca2da7038eafb5659ddb68bb4,8bda06ce0251beedd6a5f2cd61a08ef37682841102d3b9d86a1ab602640baf4e,RIVN,0.3237742830712303,0.20074005550416282,0.22222057224517705,0.019138755980861243,0.218735283457569,0.007670182166826462,0.37536098640270055,0.06813819577735125,0.12066686141912383,0.21176470588235294,0.3237742830712303,0.8452380952380951,"Rivian Automotive, Inc.",Consumer Cyclical,Auto Manufacturers,23298734080,17.350000381469727,1036.0,865.0,2026-06-30,none,NOT_SELECTED,,
2026-07-01T053352Z,2026-07-01T05:33:52.980988+00:00,2026-07-01T07:21:20.090043+00:00,2026-06-30,data/prospective/daily_qvp/snapshots/2026-07-01T053352Z/raw,1081,1043,144e01281e848a2a4c711cb0058eddc75099bb40,d3881a1328862a39dc4af32e15c4826237a09adca2da7038eafb5659ddb68bb4,8bda06ce0251beedd6a5f2cd61a08ef37682841102d3b9d86a1ab602640baf4e,UUUU,0.44449583718778907,0.35892691951896394,0.2630087881591119,0.03827751196172249,0.21164317941590227,0.006711409395973154,0.16416716717062235,0.0019193857965451055,0.08152173913043476,0.10891196192948298,0.44449583718778907,0.0217391304347826,Energy Fuels Inc.,Energy,Uranium,3623827712,14.5,1037.0,694.0,2026-06-30,none,NOT_SELECTED,,
2026-07-01T053352Z,2026-07-01T05:33:52.980988+00:00,2026-07-01T07:21:20.090043+00:00,2026-06-30,data/prospective/daily_qvp/snapshots/2026-07-01T053352Z/raw,1081,1043,144e01281e848a2a4c711cb0058eddc75099bb40,d3881a1328862a39dc4af32e15c4826237a09adca2da7038eafb5659ddb68bb4,8bda06ce0251beedd6a5f2cd61a08ef37682841102d3b9d86a1ab602640baf4e,MSTR,0.12049028677150779,0.03330249768732655,0.1441776655096477,0.003827751196172249,0.20944194416474057,0.005752636625119847,0.2759973873270953,0.01055662188099808,0.1678650442477876,0.3399705014749263,0.12049028677150779,0.47566371681415925,Strategy Inc,Technology,Software - Application,31100817408,86.93000030517578,1038.0,1046.0,2026-06-30,none,NOT_SELECTED,,
2026-07-01T053352Z,2026-07-01T05:33:52.980988+00:00,2026-07-01T07:21:20.090043+00:00,2026-06-30,data/prospective/daily_qvp/snapshots/2026-07-01T053352Z/raw,1081,1043,144e01281e848a2a4c711cb0058eddc75099bb40,d3881a1328862a39dc4af32e15c4826237a09adca2da7038eafb5659ddb68bb4,8bda06ce0251beedd6a5f2cd61a08ef37682841102d3b9d86a1ab602640baf4e,INSM,0.16894079555966693,0.06382978723404255,0.2254844445150762,0.022966507177033493,0.19725187950418466,0.004793863854266539,0.3683007357573274,0.05854126679462572,0.28202809347048546,0.1407867494824016,0.16894079555966693,0.8814473045167557,Insmed Incorporated,Healthcare,Biotechnology,23110146048,106.62000274658205,1039.0,1013.0,2026-06-30,none,NOT_SELECTED,,
2026-07-01T053352Z,2026-07-01T05:33:52.980988+00:00,2026-07-01T07:21:20.090043+00:00,2026-06-30,data/prospective/daily_qvp/snapshots/2026-07-01T053352Z/raw,1081,1043,144e01281e848a2a4c711cb0058eddc75099bb40,d3881a1328862a39dc4af32e15c4826237a09adca2da7038eafb5659ddb68bb4,8bda06ce0251beedd6a5f2cd61a08ef37682841102d3b9d86a1ab602640baf4e,JOBY,0.2183163737280296,0.09158186864014801,0.19112007027208652,0.010526315789473684,0.1888948616628725,0.003835091083413231,0.38889336846937655,0.0854126679462572,0.16392376681614346,0.1844444444444444,0.2183163737280296,0.9888888888888888,"Joby Aviation, Inc.",Industrials,Airports & Air Services,8774094848,8.920000076293945,1040.0,983.0,2026-06-30,none,NOT_SELECTED,,
2026-07-01T053352Z,2026-07-01T05:33:52.980988+00:00,2026-07-01T07:21:20.090043+00:00,2026-06-30,data/prospective/daily_qvp/snapshots/2026-07-01T053352Z/raw,1081,1043,144e01281e848a2a4c711cb0058eddc75099bb40,d3881a1328862a39dc4af32e15c4826237a09adca2da7038eafb5659ddb68bb4,8bda06ce0251beedd6a5f2cd61a08ef37682841102d3b9d86a1ab602640baf4e,SMR,0.05631359851988893,0.008325624421831638,0.15761868266801618,0.0066985645933014355,0.18754825758114657,0.0028763183125599234,0.14455008207474881,0.0009596928982725527,0.25892376681614343,0.24740740740740738,0.05631359851988893,0.0155555555555555,NuScale Power Corporation,Industrials,Specialty Industrial Machinery,3471440896,10.029999732971191,1041.0,1073.0,2026-06-30,none,NOT_SELECTED,,
2026-07-01T053352Z,2026-07-01T05:33:52.980988+00:00,2026-07-01T07:21:20.090043+00:00,2026-06-30,data/prospective/daily_qvp/snapshots/2026-07-01T053352Z/raw,1081,1043,144e01281e848a2a4c711cb0058eddc75099bb40,d3881a1328862a39dc4af32e15c4826237a09adca2da7038eafb5659ddb68bb4,8bda06ce0251beedd6a5f2cd61a08ef37682841102d3b9d86a1ab602640baf4e,LEU,0.12615633672525434,0.037927844588344126,0.15184628430465613,0.005741626794258373,0.16299930862697504,0.0019175455417066154,0.25993064089052115,0.005758157389635317,0.17753623188405793,0.18530535727161287,0.12615633672525434,0.5507246376811594,Centrus Energy Corp.,Energy,Uranium,3302471936,167.8699951171875,1042.0,1041.0,2026-06-30,none,NOT_SELECTED,,
2026-07-01T053352Z,2026-07-01T05:33:52.980988+00:00,2026-07-01T07:21:20.090043+00:00,2026-06-30,data/prospective/daily_qvp/snapshots/2026-07-01T053352Z/raw,1081,1043,144e01281e848a2a4c711cb0058eddc75099bb40,d3881a1328862a39dc4af32e15c4826237a09adca2da7038eafb5659ddb68bb4,8bda06ce0251beedd6a5f2cd61a08ef37682841102d3b9d86a1ab602640baf4e,LCID,0.023704902867715025,0.0018501387604070306,0.08247999979047824,0.0009569377990430622,0.07198013057927306,0.0009587727708533077,0.3010089074582643,0.015355086372360844,0.14125509671324146,0.0509803921568627,0.023704902867715025,0.988095238095238,"Lucid Group, Inc.",Consumer Cyclical,Auto Manufacturers,2610818048,6.690000057220459,1043.0,1080.0,2026-06-30,none,NOT_SELECTED,,
2026-07-01T053352Z,2026-07-01T05:33:52.980988+00:00,2026-07-01T07:21:20.090043+00:00,2026-06-30,data/prospective/daily_qvp/snapshots/2026-07-01T053352Z/raw,1081,1043,144e01281e848a2a4c711cb0058eddc75099bb40,d3881a1328862a39dc4af32e15c4826237a09adca2da7038eafb5659ddb68bb4,8bda06ce0251beedd6a5f2cd61a08ef37682841102d3b9d86a1ab602640baf4e,ABM,0.42553191489361697,0.3408880666049954,,,,,,,,0.977037037037037,0.42553191489361697,0.6177777777777778,ABM Industries Incorporated,Industrials,Specialty Business Services,2591620096,44.2400016784668,,714.0,2026-06-30,missing_quality,UNSCORED,,
2026-07-01T053352Z,2026-07-01T05:33:52.980988+00:00,2026-07-01T07:21:20.090043+00:00,2026-06-30,data/prospective/daily_qvp/snapshots/2026-07-01T053352Z/raw,1081,1043,144e01281e848a2a4c711cb0058eddc75099bb40,d3881a1328862a39dc4af32e15c4826237a09adca2da7038eafb5659ddb68bb4,8bda06ce0251beedd6a5f2cd61a08ef37682841102d3b9d86a1ab602640baf4e,AM,0.6912580943570767,0.8159111933395005,0.6363899167437558,0.830622009569378,,,,,0.5815217391304348,,0.6912580943570767,0.6521739130434783,Antero Midstream Corporation,Energy,Oil & Gas Midstream,10805794816,22.75,,200.0,2026-06-30,missing_value,UNSCORED,,
2026-07-01T053352Z,2026-07-01T05:33:52.980988+00:00,2026-07-01T07:21:20.090043+00:00,2026-06-30,data/prospective/daily_qvp/snapshots/2026-07-01T053352Z/raw,1081,1043,144e01281e848a2a4c711cb0058eddc75099bb40,d3881a1328862a39dc4af32e15c4826237a09adca2da7038eafb5659ddb68bb4,8bda06ce0251beedd6a5f2cd61a08ef37682841102d3b9d86a1ab602640baf4e,AR,0.37164662349676225,0.26919518963922295,0.48654794942954055,0.45550239234449763,,,,,0.6014492753623188,,0.37164662349676225,0.8260869565217391,Antero Resources Corporation,Energy,Oil & Gas E&P,10887636992,35.13999938964844,,791.0,2026-06-30,missing_value,UNSCORED,,
2026-07-01T053352Z,2026-07-01T05:33:52.980988+00:00,2026-07-01T07:21:20.090043+00:00,2026-06-30,data/prospective/daily_qvp/snapshots/2026-07-01T053352Z/raw,1081,1043,144e01281e848a2a4c711cb0058eddc75099bb40,d3881a1328862a39dc4af32e15c4826237a09adca2da7038eafb5659ddb68bb4,8bda06ce0251beedd6a5f2cd61a08ef37682841102d3b9d86a1ab602640baf4e,ARWR,0.6303191489361701,0.7067530064754857,,,,,,,,0.22774327122153204,0.6303191489361701,0.9895458960660516,"Arrowhead Pharmaceuticals, Inc.",Healthcare,Biotechnology,11481255936,81.51000213623047,,318.0,2026-06-30,missing_quality,UNSCORED,,
2026-07-01T053352Z,2026-07-01T05:33:52.980988+00:00,2026-07-01T07:21:20.090043+00:00,2026-06-30,data/prospective/daily_qvp/snapshots/2026-07-01T053352Z/raw,1081,1043,144e01281e848a2a4c711cb0058eddc75099bb40,d3881a1328862a39dc4af32e15c4826237a09adca2da7038eafb5659ddb68bb4,8bda06ce0251beedd6a5f2cd61a08ef37682841102d3b9d86a1ab602640baf4e,BEAM,0.5825624421831638,0.6160962072155411,,,,,,,,0.31884057971014496,0.5825624421831638,0.9374210781932977,Beam Therapeutics Inc.,Healthcare,Biotechnology,3530814720,34.31999969482422,,416.0,2026-06-30,missing_quality,UNSCORED,,
2026-07-01T053352Z,2026-07-01T05:33:52.980988+00:00,2026-07-01T07:21:20.090043+00:00,2026-06-30,data/prospective/daily_qvp/snapshots/2026-07-01T053352Z/raw,1081,1043,144e01281e848a2a4c711cb0058eddc75099bb40,d3881a1328862a39dc4af32e15c4826237a09adca2da7038eafb5659ddb68bb4,8bda06ce0251beedd6a5f2cd61a08ef37682841102d3b9d86a1ab602640baf4e,BHVN,0.3287465309898242,0.2072155411655874,,,,,,,,0.0962732919254658,0.3287465309898242,,Biohaven Ltd.,Healthcare,Biotechnology,2240347648,14.880000114440918,,858.0,2026-06-30,missing_quality,UNSCORED,,
2026-07-01T053352Z,2026-07-01T05:33:52.980988+00:00,2026-07-01T07:21:20.090043+00:00,2026-06-30,data/prospective/daily_qvp/snapshots/2026-07-01T053352Z/raw,1081,1043,144e01281e848a2a4c711cb0058eddc75099bb40,d3881a1328862a39dc4af32e15c4826237a09adca2da7038eafb5659ddb68bb4,8bda06ce0251beedd6a5f2cd61a08ef37682841102d3b9d86a1ab602640baf4e,BKNG,0.2814523589269195,0.15818686401480112,,,,,,,,0.28431372549019607,0.2814523589269195,0.8779761904761905,Booking Holdings Inc.,Consumer Cyclical,Travel Services,138114334720,178.24000549316406,,911.0,2026-06-30,missing_quality,UNSCORED,,
2026-07-01T053352Z,2026-07-01T05:33:52.980988+00:00,2026-07-01T07:21:20.090043+00:00,2026-06-30,data/prospective/daily_qvp/snapshots/2026-07-01T053352Z/raw,1081,1043,144e01281e848a2a4c711cb0058eddc75099bb40,d3881a1328862a39dc4af32e15c4826237a09adca2da7038eafb5659ddb68bb4,8bda06ce0251beedd6a5f2cd61a08ef37682841102d3b9d86a1ab602640baf4e,BMI,0.15772432932469932,0.05920444033302498,,,,,,,,0.532448377581121,0.15772432932469932,0.43141592920353977,"Badger Meter, Inc.",Technology,Scientific & Technical Instruments,4330554880,148.3800048828125,,1018.0,2026-06-30,missing_quality,UNSCORED,,
2026-07-01T053352Z,2026-07-01T05:33:52.980988+00:00,2026-07-01T07:21:20.090043+00:00,2026-06-30,data/prospective/daily_qvp/snapshots/2026-07-01T053352Z/raw,1081,1043,144e01281e848a2a4c711cb0058eddc75099bb40,d3881a1328862a39dc4af32e15c4826237a09adca2da7038eafb5659ddb68bb4,8bda06ce0251beedd6a5f2cd61a08ef37682841102d3b9d86a1ab602640baf4e,COGT,0.4924838112858464,0.43293246993524515,,,,,,,,0.15424430641821943,0.4924838112858464,,"Cogent Biosciences, Inc.",Healthcare,Biotechnology,6612591616,38.70000076293945,,614.0,2026-06-30,missing_quality,UNSCORED,,
2026-07-01T053352Z,2026-07-01T05:33:52.980988+00:00,2026-07-01T07:21:20.090043+00:00,2026-06-30,data/prospective/daily_qvp/snapshots/2026-07-01T053352Z/raw,1081,1043,144e01281e848a2a4c711cb0058eddc75099bb40,d3881a1328862a39dc4af32e15c4826237a09adca2da7038eafb5659ddb68bb4,8bda06ce0251beedd6a5f2cd61a08ef37682841102d3b9d86a1ab602640baf4e,DFTX,0.7404024051803885,0.8982423681776133,,,,,,,,0.15010351966873703,0.7404024051803885,,"Definium Therapeutics, Inc.",Healthcare,Biotechnology,6244242944,47.040000915527344,,111.0,2026-06-30,missing_quality,UNSCORED,,
2026-07-01T053352Z,2026-07-01T05:33:52.980988+00:00,2026-07-01T07:21:20.090043+00:00,2026-06-30,data/prospective/daily_qvp/snapshots/2026-07-01T053352Z/raw,1081,1043,144e01281e848a2a4c711cb0058eddc75099bb40,d3881a1328862a39dc4af32e15c4826237a09adca2da7038eafb5659ddb68bb4,8bda06ce0251beedd6a5f2cd61a08ef37682841102d3b9d86a1ab602640baf4e,DNLI,0.6225716928769658,0.6947271045328399,,,,,,,,0.21428571428571427,0.6225716928769658,,Denali Therapeutics Inc.,Healthcare,Biotechnology,4082014464,25.719999313354492,,331.0,2026-06-30,missing_quality,UNSCORED,,
2026-07-01T053352Z,2026-07-01T05:33:52.980988+00:00,2026-07-01T07:21:20.090043+00:00,2026-06-30,data/prospective/daily_qvp/snapshots/2026-07-01T053352Z/raw,1081,1043,144e01281e848a2a4c711cb0058eddc75099bb40,d3881a1328862a39dc4af32e15c4826237a09adca2da7038eafb5659ddb68bb4,8bda06ce0251beedd6a5f2cd61a08ef37682841102d3b9d86a1ab602640baf4e,DYN,0.4997687326549491,0.44495837187789083,,,,,,,,0.21014492753623185,0.4997687326549491,,"Dyne Therapeutics, Inc.",Healthcare,Biotechnology,3671619072,22.209999084472656,,601.0,2026-06-30,missing_quality,UNSCORED,,
2026-07-01T053352Z,2026-07-01T05:33:52.980988+00:00,2026-07-01T07:21:20.090043+00:00,2026-06-30,data/prospective/daily_qvp/snapshots/2026-07-01T053352Z/raw,1081,1043,144e01281e848a2a4c711cb0058eddc75099bb40,d3881a1328862a39dc4af32e15c4826237a09adca2da7038eafb5659ddb68bb4,8bda06ce0251beedd6a5f2cd61a08ef37682841102d3b9d86a1ab602640baf4e,ELV,0.5117946345975948,0.46577243293246995,,,,,,,,0.886128364389234,0.5117946345975948,,"Elevance Health, Inc.",Healthcare,Healthcare Plans,83983212544,386.7300109863281,,579.0,2026-06-30,missing_quality,UNSCORED,,
2026-07-01T053352Z,2026-07-01T05:33:52.980988+00:00,2026-07-01T07:21:20.090043+00:00,2026-06-30,data/prospective/daily_qvp/snapshots/2026-07-01T053352Z/raw,1081,1043,144e01281e848a2a4c711cb0058eddc75099bb40,d3881a1328862a39dc4af32e15c4826237a09adca2da7038eafb5659ddb68bb4,8bda06ce0251beedd6a5f2cd61a08ef37682841102d3b9d86a1ab602640baf4e,ELVN,0.711031452358927,0.849213691026827,,,,,,,,0.22049689440993783,0.711031452358927,,"Enliven Therapeutics, Inc.",Healthcare,Biotechnology,3625492736,50.75,,164.0,2026-06-30,missing_quality,UNSCORED,,
2026-07-01T053352Z,2026-07-01T05:33:52.980988+00:00,2026-07-01T07:21:20.090043+00:00,2026-06-30,data/prospective/daily_qvp/snapshots/2026-07-01T053352Z/raw,1081,1043,144e01281e848a2a4c711cb0058eddc75099bb40,d3881a1328862a39dc4af32e15c4826237a09adca2da7038eafb5659ddb68bb4,8bda06ce0251beedd6a5f2cd61a08ef37682841102d3b9d86a1ab602640baf4e,ERAS,0.7439870490286771,0.9079555966697502,,,,,,,,0.14182194616977226,0.7439870490286771,,"Erasca, Inc.",Healthcare,Biotechnology,5697236992,18.31999969482422,,101.0,2026-06-30,missing_quality,UNSCORED,,
2026-07-01T053352Z,2026-07-01T05:33:52.980988+00:00,2026-07-01T07:21:20.090043+00:00,2026-06-30,data/prospective/daily_qvp/snapshots/2026-07-01T053352Z/raw,1081,1043,144e01281e848a2a4c711cb0058eddc75099bb40,d3881a1328862a39dc4af32e15c4826237a09adca2da7038eafb5659ddb68bb4,8bda06ce0251beedd6a5f2cd61a08ef37682841102d3b9d86a1ab602640baf4e,EWTX,0.6672062904717855,0.7761332099907493,,,,,,,,0.17080745341614903,0.6672062904717855,,"Edgewise Therapeutics, Inc.",Healthcare,Biotechnology,4371504128,40.630001068115234,,243.0,2026-06-30,missing_quality,UNSCORED,,
2026-07-01T053352Z,2026-07-01T05:33:52.980988+00:00,2026-07-01T07:21:20.090043+00:00,2026-06-30,data/prospective/daily_qvp/snapshots/2026-07-01T053352Z/raw,1081,1043,144e01281e848a2a4c711cb0058eddc75099bb40,d3881a1328862a39dc4af32e15c4826237a09adca2da7038eafb5659ddb68bb4,8bda06ce0251beedd6a5f2cd61a08ef37682841102d3b9d86a1ab602640baf4e,EXPO,0.29879740980573544,0.1725254394079556,,,,,,,,0.4014814814814815,0.29879740980573544,0.3622222222222222,"Exponent, Inc.",Industrials,Engineering & Construction,2850543104,58.7599983215332,,896.0,2026-06-30,missing_quality,UNSCORED,,
2026-07-01T053352Z,2026-07-01T05:33:52.980988+00:00,2026-07-01T07:21:20.090043+00:00,2026-06-30,data/prospective/daily_qvp/snapshots/2026-07-01T053352Z/raw,1081,1043,144e01281e848a2a4c711cb0058eddc75099bb40,d3881a1328862a39dc4af32e15c4826237a09adca2da7038eafb5659ddb68bb4,8bda06ce0251beedd6a5f2cd61a08ef37682841102d3b9d86a1ab602640baf4e,FOXA,0.3425069380203515,0.2303422756706753,,,,,,,,0.818840579710145,0.3425069380203515,0.6777777777777778,Fox Corporation,Communication Services,Entertainment,21902016512,52.15999984741211,,833.0,2026-06-30,missing_quality,UNSCORED,,
2026-07-01T053352Z,2026-07-01T05:33:52.980988+00:00,2026-07-01T07:21:20.090043+00:00,2026-06-30,data/prospective/daily_qvp/snapshots/2026-07-01T053352Z/raw,1081,1043,144e01281e848a2a4c711cb0058eddc75099bb40,d3881a1328862a39dc4af32e15c4826237a09adca2da7038eafb5659ddb68bb4,8bda06ce0251beedd6a5f2cd61a08ef37682841102d3b9d86a1ab602640baf4e,GLUE,0.6326318223866789,0.7113783533765032,,,,,,,,0.33954451345755693,0.6326318223866789,0.8781447304516756,"Monte Rosa Therapeutics, Inc.",Healthcare,Biotechnology,2044401920,24.200000762939453,,313.0,2026-06-30,missing_quality,UNSCORED,,
2026-07-01T053352Z,2026-07-01T05:33:52.980988+00:00,2026-07-01T07:21:20.090043+00:00,2026-06-30,data/prospective/daily_qvp/snapshots/2026-07-01T053352Z/raw,1081,1043,144e01281e848a2a4c711cb0058eddc75099bb40,d3881a1328862a39dc4af32e15c4826237a09adca2da7038eafb5659ddb68bb4,8bda06ce0251beedd6a5f2cd61a08ef37682841102d3b9d86a1ab602640baf4e,HUM,0.6170212765957447,0.6827012025901943,,,,,,,,0.7308488612836439,0.6170212765957447,,Humana Inc.,Healthcare,Healthcare Plans,47690829824,397.2200012207031,,344.0,2026-06-30,missing_quality,UNSCORED,,
2026-07-01T053352Z,2026-07-01T05:33:52.980988+00:00,2026-07-01T07:21:20.090043+00:00,2026-06-30,data/prospective/daily_qvp/snapshots/2026-07-01T053352Z/raw,1081,1043,144e01281e848a2a4c711cb0058eddc75099bb40,d3881a1328862a39dc4af32e15c4826237a09adca2da7038eafb5659ddb68bb4,8bda06ce0251beedd6a5f2cd61a08ef37682841102d3b9d86a1ab602640baf4e,IDYA,0.4514338575393154,0.37604070305272896,,,,,,,,0.3581780538302277,0.4514338575393154,0.9895458960660516,"IDEAYA Biosciences, Inc.",Healthcare,Biotechnology,3588161792,37.27000045776367,,676.0,2026-06-30,missing_quality,UNSCORED,,
2026-07-01T053352Z,2026-07-01T05:33:52.980988+00:00,2026-07-01T07:21:20.090043+00:00,2026-06-30,data/prospective/daily_qvp/snapshots/2026-07-01T053352Z/raw,1081,1043,144e01281e848a2a4c711cb0058eddc75099bb40,d3881a1328862a39dc4af32e15c4826237a09adca2da7038eafb5659ddb68bb4,8bda06ce0251beedd6a5f2cd61a08ef37682841102d3b9d86a1ab602640baf4e,IMVT,0.6739130434782609,0.790009250693802,,,,,,,,0.15424430641821943,0.6739130434782609,,"Immunovant, Inc.",Healthcare,Biotechnology,7910552064,38.529998779296875,,228.0,2026-06-30,missing_quality,UNSCORED,,
2026-07-01T053352Z,2026-07-01T05:33:52.980988+00:00,2026-07-01T07:21:20.090043+00:00,2026-06-30,data/prospective/daily_qvp/snapshots/2026-07-01T053352Z/raw,1081,1043,144e01281e848a2a4c711cb0058eddc75099bb40,d3881a1328862a39dc4af32e15c4826237a09adca2da7038eafb5659ddb68bb4,8bda06ce0251beedd6a5f2cd61a08ef37682841102d3b9d86a1ab602640baf4e,LBRDA,0.08499074930619792,0.016651248843663275,,,,,,,,0.35144927536231885,0.08499074930619792,,Liberty Broadband Corporation,Communication Services,Telecom Services,4787702784,33.279998779296875,,1064.0,2026-06-30,missing_quality,UNSCORED,,
2026-07-01T053352Z,2026-07-01T05:33:52.980988+00:00,2026-07-01T07:21:20.090043+00:00,2026-06-30,data/prospective/daily_qvp/snapshots/2026-07-01T053352Z/raw,1081,1043,144e01281e848a2a4c711cb0058eddc75099bb40,d3881a1328862a39dc4af32e15c4826237a09adca2da7038eafb5659ddb68bb4,8bda06ce0251beedd6a5f2cd61a08ef37682841102d3b9d86a1ab602640baf4e,MLYS,0.3061979648473635,0.18501387604070305,,,,,,,,0.2660455486542443,0.3061979648473635,,"Mineralys Therapeutics, Inc.",Healthcare,Biotechnology,2378515712,26.979999542236328,,882.0,2026-06-30,missing_quality,UNSCORED,,
2026-07-01T053352Z,2026-07-01T05:33:52.980988+00:00,2026-07-01T07:21:20.090043+00:00,2026-06-30,data/prospective/daily_qvp/snapshots/2026-07-01T053352Z/raw,1081,1043,144e01281e848a2a4c711cb0058eddc75099bb40,d3881a1328862a39dc4af32e15c4826237a09adca2da7038eafb5659ddb68bb4,8bda06ce0251beedd6a5f2cd61a08ef37682841102d3b9d86a1ab602640baf4e,NUVL,0.5252081406105458,0.49121184088806663,,,,,,,,0.18530020703933744,0.5252081406105458,,"Nuvalent, Inc.",Healthcare,Biotechnology,9756241920,123.5,,551.0,2026-06-30,missing_quality,UNSCORED,,
2026-07-01T053352Z,2026-07-01T05:33:52.980988+00:00,2026-07-01T07:21:20.090043+00:00,2026-06-30,data/prospective/daily_qvp/snapshots/2026-07-01T053352Z/raw,1081,1043,144e01281e848a2a4c711cb0058eddc75099bb40,d3881a1328862a39dc4af32e15c4826237a09adca2da7038eafb5659ddb68bb4,8bda06ce0251beedd6a5f2cd61a08ef37682841102d3b9d86a1ab602640baf4e,NWS,0.43593894542090655,0.3506012950971323,,,,,,,,0.6376811594202898,0.43593894542090655,0.43333333333333335,News Corporation,Communication Services,Entertainment,15257990144,28.059999465942383,,703.0,2026-06-30,missing_quality,UNSCORED,,
2026-07-01T053352Z,2026-07-01T05:33:52.980988+00:00,2026-07-01T07:21:20.090043+00:00,2026-06-30,data/prospective/daily_qvp/snapshots/2026-07-01T053352Z/raw,1081,1043,144e01281e848a2a4c711cb0058eddc75099bb40,d3881a1328862a39dc4af32e15c4826237a09adca2da7038eafb5659ddb68bb4,8bda06ce0251beedd6a5f2cd61a08ef37682841102d3b9d86a1ab602640baf4e,OKLO,0.1914893617021276,0.07400555041628122,,,,,,,,0.30225988700564965,0.1914893617021276,,Oklo Inc.,Utilities,Utilities - Independent Power Producers,9104949248,52.33000183105469,,1002.0,2026-06-30,missing_quality,UNSCORED,,
2026-07-01T053352Z,2026-07-01T05:33:52.980988+00:00,2026-07-01T07:21:20.090043+00:00,2026-06-30,data/prospective/daily_qvp/snapshots/2026-07-01T053352Z/raw,1081,1043,144e01281e848a2a4c711cb0058eddc75099bb40,d3881a1328862a39dc4af32e15c4826237a09adca2da7038eafb5659ddb68bb4,8bda06ce0251beedd6a5f2cd61a08ef37682841102d3b9d86a1ab602640baf4e,OSCR,0.5615171137835338,0.5661424606845513,,,,,,,,0.8240165631469979,0.5615171137835338,,"Oscar Health, Inc.",Healthcare,Healthcare Plans,8598580224,28.520000457763672,,471.0,2026-06-30,missing_quality,UNSCORED,,
2026-07-01T053352Z,2026-07-01T05:33:52.980988+00:00,2026-07-01T07:21:20.090043+00:00,2026-06-30,data/prospective/daily_qvp/snapshots/2026-07-01T053352Z/raw,1081,1043,144e01281e848a2a4c711cb0058eddc75099bb40,d3881a1328862a39dc4af32e15c4826237a09adca2da7038eafb5659ddb68bb4,8bda06ce0251beedd6a5f2cd61a08ef37682841102d3b9d86a1ab602640baf4e,PCVX,0.57631822386679,0.6022201665124884,,,,,,,,0.28674948240165626,0.57631822386679,,"Vaxcyte, Inc.",Healthcare,Biotechnology,8393837056,58.130001068115234,,431.0,2026-06-30,missing_quality,UNSCORED,,
2026-07-01T053352Z,2026-07-01T05:33:52.980988+00:00,2026-07-01T07:21:20.090043+00:00,2026-06-30,data/prospective/daily_qvp/snapshots/2026-07-01T053352Z/raw,1081,1043,144e01281e848a2a4c711cb0058eddc75099bb40,d3881a1328862a39dc4af32e15c4826237a09adca2da7038eafb5659ddb68bb4,8bda06ce0251beedd6a5f2cd61a08ef37682841102d3b9d86a1ab602640baf4e,POWI,0.7095282146160962,0.8427382053654024,,,,,,,,0.3525073746312684,0.7095282146160962,0.19911504424778753,"Power Integrations, Inc.",Technology,Semiconductors,4667105792,83.76000213623047,,171.0,2026-06-30,missing_quality,UNSCORED,,
2026-07-01T053352Z,2026-07-01T05:33:52.980988+00:00,2026-07-01T07:21:20.090043+00:00,2026-06-30,data/prospective/daily_qvp/snapshots/2026-07-01T053352Z/raw,1081,1043,144e01281e848a2a4c711cb0058eddc75099bb40,d3881a1328862a39dc4af32e15c4826237a09adca2da7038eafb5659ddb68bb4,8bda06ce0251beedd6a5f2cd61a08ef37682841102d3b9d86a1ab602640baf4e,PRAX,0.6417668825161887,0.7252543940795559,,,,,,,,0.22049689440993783,0.6417668825161887,,"Praxis Precision Medicines, Inc.",Healthcare,Biotechnology,9333534720,334.7900085449219,,298.0,2026-06-30,missing_quality,UNSCORED,,
2026-07-01T053352Z,2026-07-01T05:33:52.980988+00:00,2026-07-01T07:21:20.090043+00:00,2026-06-30,data/prospective/daily_qvp/snapshots/2026-07-01T053352Z/raw,1081,1043,144e01281e848a2a4c711cb0058eddc75099bb40,d3881a1328862a39dc4af32e15c4826237a09adca2da7038eafb5659ddb68bb4,8bda06ce0251beedd6a5f2cd61a08ef37682841102d3b9d86a1ab602640baf4e,QS,0.22617946345975942,0.09435707678075855,,,,,,,,0.20196078431372547,0.22617946345975942,,QuantumScape Corporation,Consumer Cyclical,Auto Parts,4650497024,7.559999942779541,,980.0,2026-06-30,missing_quality,UNSCORED,,
2026-07-01T053352Z,2026-07-01T05:33:52.980988+00:00,2026-07-01T07:21:20.090043+00:00,2026-06-30,data/prospective/daily_qvp/snapshots/2026-07-01T053352Z/raw,1081,1043,144e01281e848a2a4c711cb0058eddc75099bb40,d3881a1328862a39dc4af32e15c4826237a09adca2da7038eafb5659ddb68bb4,8bda06ce0251beedd6a5f2cd61a08ef37682841102d3b9d86a1ab602640baf4e,RCUS,0.6315911193339501,0.7095282146160962,,,,,,,,0.21325051759834368,0.6315911193339501,0.02604419621175325,"Arcus Biosciences, Inc.",Healthcare,Biotechnology,3877586432,30.829999923706055,,315.0,2026-06-30,missing_quality,UNSCORED,,
2026-07-01T053352Z,2026-07-01T05:33:52.980988+00:00,2026-07-01T07:21:20.090043+00:00,2026-06-30,data/prospective/daily_qvp/snapshots/2026-07-01T053352Z/raw,1081,1043,144e01281e848a2a4c711cb0058eddc75099bb40,d3881a1328862a39dc4af32e15c4826237a09adca2da7038eafb5659ddb68bb4,8bda06ce0251beedd6a5f2cd61a08ef37682841102d3b9d86a1ab602640baf4e,RPRX,0.8256244218316373,0.996299722479186,,,,,,,,0.546583850931677,0.8256244218316373,0.49737736765420104,Royalty Pharma plc,Healthcare,Biotechnology,32286910464,56.06999969482422,,5.0,2026-06-30,missing_quality,UNSCORED,,
2026-07-01T053352Z,2026-07-01T05:33:52.980988+00:00,2026-07-01T07:21:20.090043+00:00,2026-06-30,data/prospective/daily_qvp/snapshots/2026-07-01T053352Z/raw,1081,1043,144e01281e848a2a4c711cb0058eddc75099bb40,d3881a1328862a39dc4af32e15c4826237a09adca2da7038eafb5659ddb68bb4,8bda06ce0251beedd6a5f2cd61a08ef37682841102d3b9d86a1ab602640baf4e,RVMD,0.762372802960222,0.9463459759481961,,,,,,,,0.1273291925465838,0.762372802960222,,"Revolution Medicines, Inc.",Healthcare,Biotechnology,39815065600,187.27999877929688,,59.0,2026-06-30,missing_quality,UNSCORED,,
2026-07-01T053352Z,2026-07-01T05:33:52.980988+00:00,2026-07-01T07:21:20.090043+00:00,2026-06-30,data/prospective/daily_qvp/snapshots/2026-07-01T053352Z/raw,1081,1043,144e01281e848a2a4c711cb0058eddc75099bb40,d3881a1328862a39dc4af32e15c4826237a09adca2da7038eafb5659ddb68bb4,8bda06ce0251beedd6a5f2cd61a08ef37682841102d3b9d86a1ab602640baf4e,SRRK,0.5282146160962072,0.5013876040703052,,,,,,,,0.1149068322981366,0.5282146160962072,,Scholar Rock Holding Corporation,Healthcare,Biotechnology,6590558720,55.0,,540.0,2026-06-30,missing_quality,UNSCORED,,
2026-07-01T053352Z,2026-07-01T05:33:52.980988+00:00,2026-07-01T07:21:20.090043+00:00,2026-06-30,data/prospective/daily_qvp/snapshots/2026-07-01T053352Z/raw,1081,1043,144e01281e848a2a4c711cb0058eddc75099bb40,d3881a1328862a39dc4af32e15c4826237a09adca2da7038eafb5659ddb68bb4,8bda06ce0251beedd6a5f2cd61a08ef37682841102d3b9d86a1ab602640baf4e,STOK,0.45952821461609616,0.39037927844588344,,,,,,,,0.24223602484472048,0.45952821461609616,0.9510684798445848,"Stoke Therapeutics, Inc.",Healthcare,Biotechnology,2037855872,32.720001220703125,,660.0,2026-06-30,missing_quality,UNSCORED,,
2026-07-01T053352Z,2026-07-01T05:33:52.980988+00:00,2026-07-01T07:21:20.090043+00:00,2026-06-30,data/prospective/daily_qvp/snapshots/2026-07-01T053352Z/raw,1081,1043,144e01281e848a2a4c711cb0058eddc75099bb40,d3881a1328862a39dc4af32e15c4826237a09adca2da7038eafb5659ddb68bb4,8bda06ce0251beedd6a5f2cd61a08ef37682841102d3b9d86a1ab602640baf4e,SYRE,0.7606382978723404,0.940795559666975,,,,,,,,0.1749482401656314,0.7606382978723404,,"Spyre Therapeutics, Inc.",Healthcare,Biotechnology,7709766656,88.77999877929688,,66.0,2026-06-30,missing_quality,UNSCORED,,
