run_id,retrieval_started_at_utc,retrieval_completed_at_utc,score_session,source_snapshot,eligible_count,scored_count,code_commit,configuration_sha256,output_manifest_sha256,ticker,old_698_eligible,current_eligible,classification,discrepancy_reason,current_qvp_scored
2026-07-01T053352Z,2026-07-01T05:33:52.980988+00:00,2026-07-01T07:21:20.090043+00:00,2026-06-30,data/prospective/daily_qvp/snapshots/2026-07-01T053352Z/raw,1081,1043,144e01281e848a2a4c711cb0058eddc75099bb40,d3881a1328862a39dc4af32e15c4826237a09adca2da7038eafb5659ddb68bb4,8bda06ce0251beedd6a5f2cd61a08ef37682841102d3b9d86a1ab602640baf4e,A,True,True,overlap,eligible_in_both_retrievals,True
2026-07-01T053352Z,2026-07-01T05:33:52.980988+00:00,2026-07-01T07:21:20.090043+00:00,2026-06-30,data/prospective/daily_qvp/snapshots/2026-07-01T053352Z/raw,1081,1043,144e01281e848a2a4c711cb0058eddc75099bb40,d3881a1328862a39dc4af32e15c4826237a09adca2da7038eafb5659ddb68bb4,8bda06ce0251beedd6a5f2cd61a08ef37682841102d3b9d86a1ab602640baf4e,AA,True,True,overlap,eligible_in_both_retrievals,True
2026-07-01T053352Z,2026-07-01T05:33:52.980988+00:00,2026-07-01T07:21:20.090043+00:00,2026-06-30,data/prospective/daily_qvp/snapshots/2026-07-01T053352Z/raw,1081,1043,144e01281e848a2a4c711cb0058eddc75099bb40,d3881a1328862a39dc4af32e15c4826237a09adca2da7038eafb5659ddb68bb4,8bda06ce0251beedd6a5f2cd61a08ef37682841102d3b9d86a1ab602640baf4e,AAL,True,True,overlap,eligible_in_both_retrievals,True
2026-07-01T053352Z,2026-07-01T05:33:52.980988+00:00,2026-07-01T07:21:20.090043+00:00,2026-06-30,data/prospective/daily_qvp/snapshots/2026-07-01T053352Z/raw,1081,1043,144e01281e848a2a4c711cb0058eddc75099bb40,d3881a1328862a39dc4af32e15c4826237a09adca2da7038eafb5659ddb68bb4,8bda06ce0251beedd6a5f2cd61a08ef37682841102d3b9d86a1ab602640baf4e,AAON,True,True,overlap,eligible_in_both_retrievals,True
2026-07-01T053352Z,2026-07-01T05:33:52.980988+00:00,2026-07-01T07:21:20.090043+00:00,2026-06-30,data/prospective/daily_qvp/snapshots/2026-07-01T053352Z/raw,1081,1043,144e01281e848a2a4c711cb0058eddc75099bb40,d3881a1328862a39dc4af32e15c4826237a09adca2da7038eafb5659ddb68bb4,8bda06ce0251beedd6a5f2cd61a08ef37682841102d3b9d86a1ab602640baf4e,AAP,True,True,overlap,eligible_in_both_retrievals,True
2026-07-01T053352Z,2026-07-01T05:33:52.980988+00:00,2026-07-01T07:21:20.090043+00:00,2026-06-30,data/prospective/daily_qvp/snapshots/2026-07-01T053352Z/raw,1081,1043,144e01281e848a2a4c711cb0058eddc75099bb40,d3881a1328862a39dc4af32e15c4826237a09adca2da7038eafb5659ddb68bb4,8bda06ce0251beedd6a5f2cd61a08ef37682841102d3b9d86a1ab602640baf4e,AAPL,True,True,overlap,eligible_in_both_retrievals,True
2026-07-01T053352Z,2026-07-01T05:33:52.980988+00:00,2026-07-01T07:21:20.090043+00:00,2026-06-30,data/prospective/daily_qvp/snapshots/2026-07-01T053352Z/raw,1081,1043,144e01281e848a2a4c711cb0058eddc75099bb40,d3881a1328862a39dc4af32e15c4826237a09adca2da7038eafb5659ddb68bb4,8bda06ce0251beedd6a5f2cd61a08ef37682841102d3b9d86a1ab602640baf4e,ABBV,True,True,overlap,eligible_in_both_retrievals,True
2026-07-01T053352Z,2026-07-01T05:33:52.980988+00:00,2026-07-01T07:21:20.090043+00:00,2026-06-30,data/prospective/daily_qvp/snapshots/2026-07-01T053352Z/raw,1081,1043,144e01281e848a2a4c711cb0058eddc75099bb40,d3881a1328862a39dc4af32e15c4826237a09adca2da7038eafb5659ddb68bb4,8bda06ce0251beedd6a5f2cd61a08ef37682841102d3b9d86a1ab602640baf4e,ABG,True,True,overlap,eligible_in_both_retrievals,True
2026-07-01T053352Z,2026-07-01T05:33:52.980988+00:00,2026-07-01T07:21:20.090043+00:00,2026-06-30,data/prospective/daily_qvp/snapshots/2026-07-01T053352Z/raw,1081,1043,144e01281e848a2a4c711cb0058eddc75099bb40,d3881a1328862a39dc4af32e15c4826237a09adca2da7038eafb5659ddb68bb4,8bda06ce0251beedd6a5f2cd61a08ef37682841102d3b9d86a1ab602640baf4e,ABM,True,True,overlap,eligible_in_both_retrievals,False
2026-07-01T053352Z,2026-07-01T05:33:52.980988+00:00,2026-07-01T07:21:20.090043+00:00,2026-06-30,data/prospective/daily_qvp/snapshots/2026-07-01T053352Z/raw,1081,1043,144e01281e848a2a4c711cb0058eddc75099bb40,d3881a1328862a39dc4af32e15c4826237a09adca2da7038eafb5659ddb68bb4,8bda06ce0251beedd6a5f2cd61a08ef37682841102d3b9d86a1ab602640baf4e,ABNB,True,True,overlap,eligible_in_both_retrievals,True
2026-07-01T053352Z,2026-07-01T05:33:52.980988+00:00,2026-07-01T07:21:20.090043+00:00,2026-06-30,data/prospective/daily_qvp/snapshots/2026-07-01T053352Z/raw,1081,1043,144e01281e848a2a4c711cb0058eddc75099bb40,d3881a1328862a39dc4af32e15c4826237a09adca2da7038eafb5659ddb68bb4,8bda06ce0251beedd6a5f2cd61a08ef37682841102d3b9d86a1ab602640baf4e,ABT,True,True,overlap,eligible_in_both_retrievals,True
2026-07-01T053352Z,2026-07-01T05:33:52.980988+00:00,2026-07-01T07:21:20.090043+00:00,2026-06-30,data/prospective/daily_qvp/snapshots/2026-07-01T053352Z/raw,1081,1043,144e01281e848a2a4c711cb0058eddc75099bb40,d3881a1328862a39dc4af32e15c4826237a09adca2da7038eafb5659ddb68bb4,8bda06ce0251beedd6a5f2cd61a08ef37682841102d3b9d86a1ab602640baf4e,ACA,True,True,overlap,eligible_in_both_retrievals,True
2026-07-01T053352Z,2026-07-01T05:33:52.980988+00:00,2026-07-01T07:21:20.090043+00:00,2026-06-30,data/prospective/daily_qvp/snapshots/2026-07-01T053352Z/raw,1081,1043,144e01281e848a2a4c711cb0058eddc75099bb40,d3881a1328862a39dc4af32e15c4826237a09adca2da7038eafb5659ddb68bb4,8bda06ce0251beedd6a5f2cd61a08ef37682841102d3b9d86a1ab602640baf4e,ACAD,True,True,overlap,eligible_in_both_retrievals,True
2026-07-01T053352Z,2026-07-01T05:33:52.980988+00:00,2026-07-01T07:21:20.090043+00:00,2026-06-30,data/prospective/daily_qvp/snapshots/2026-07-01T053352Z/raw,1081,1043,144e01281e848a2a4c711cb0058eddc75099bb40,d3881a1328862a39dc4af32e15c4826237a09adca2da7038eafb5659ddb68bb4,8bda06ce0251beedd6a5f2cd61a08ef37682841102d3b9d86a1ab602640baf4e,ACHC,True,True,overlap,eligible_in_both_retrievals,True
2026-07-01T053352Z,2026-07-01T05:33:52.980988+00:00,2026-07-01T07:21:20.090043+00:00,2026-06-30,data/prospective/daily_qvp/snapshots/2026-07-01T053352Z/raw,1081,1043,144e01281e848a2a4c711cb0058eddc75099bb40,d3881a1328862a39dc4af32e15c4826237a09adca2da7038eafb5659ddb68bb4,8bda06ce0251beedd6a5f2cd61a08ef37682841102d3b9d86a1ab602640baf4e,ACHR,True,False,removed,not_returned_by_current_screen,False
2026-07-01T053352Z,2026-07-01T05:33:52.980988+00:00,2026-07-01T07:21:20.090043+00:00,2026-06-30,data/prospective/daily_qvp/snapshots/2026-07-01T053352Z/raw,1081,1043,144e01281e848a2a4c711cb0058eddc75099bb40,d3881a1328862a39dc4af32e15c4826237a09adca2da7038eafb5659ddb68bb4,8bda06ce0251beedd6a5f2cd61a08ef37682841102d3b9d86a1ab602640baf4e,ACI,True,True,overlap,eligible_in_both_retrievals,True
2026-07-01T053352Z,2026-07-01T05:33:52.980988+00:00,2026-07-01T07:21:20.090043+00:00,2026-06-30,data/prospective/daily_qvp/snapshots/2026-07-01T053352Z/raw,1081,1043,144e01281e848a2a4c711cb0058eddc75099bb40,d3881a1328862a39dc4af32e15c4826237a09adca2da7038eafb5659ddb68bb4,8bda06ce0251beedd6a5f2cd61a08ef37682841102d3b9d86a1ab602640baf4e,ACIW,True,True,overlap,eligible_in_both_retrievals,True
2026-07-01T053352Z,2026-07-01T05:33:52.980988+00:00,2026-07-01T07:21:20.090043+00:00,2026-06-30,data/prospective/daily_qvp/snapshots/2026-07-01T053352Z/raw,1081,1043,144e01281e848a2a4c711cb0058eddc75099bb40,d3881a1328862a39dc4af32e15c4826237a09adca2da7038eafb5659ddb68bb4,8bda06ce0251beedd6a5f2cd61a08ef37682841102d3b9d86a1ab602640baf4e,ACLS,True,True,overlap,eligible_in_both_retrievals,True
2026-07-01T053352Z,2026-07-01T05:33:52.980988+00:00,2026-07-01T07:21:20.090043+00:00,2026-06-30,data/prospective/daily_qvp/snapshots/2026-07-01T053352Z/raw,1081,1043,144e01281e848a2a4c711cb0058eddc75099bb40,d3881a1328862a39dc4af32e15c4826237a09adca2da7038eafb5659ddb68bb4,8bda06ce0251beedd6a5f2cd61a08ef37682841102d3b9d86a1ab602640baf4e,ACM,True,True,overlap,eligible_in_both_retrievals,True
2026-07-01T053352Z,2026-07-01T05:33:52.980988+00:00,2026-07-01T07:21:20.090043+00:00,2026-06-30,data/prospective/daily_qvp/snapshots/2026-07-01T053352Z/raw,1081,1043,144e01281e848a2a4c711cb0058eddc75099bb40,d3881a1328862a39dc4af32e15c4826237a09adca2da7038eafb5659ddb68bb4,8bda06ce0251beedd6a5f2cd61a08ef37682841102d3b9d86a1ab602640baf4e,AD,True,True,overlap,eligible_in_both_retrievals,True
2026-07-01T053352Z,2026-07-01T05:33:52.980988+00:00,2026-07-01T07:21:20.090043+00:00,2026-06-30,data/prospective/daily_qvp/snapshots/2026-07-01T053352Z/raw,1081,1043,144e01281e848a2a4c711cb0058eddc75099bb40,d3881a1328862a39dc4af32e15c4826237a09adca2da7038eafb5659ddb68bb4,8bda06ce0251beedd6a5f2cd61a08ef37682841102d3b9d86a1ab602640baf4e,ADBE,True,True,overlap,eligible_in_both_retrievals,True
2026-07-01T053352Z,2026-07-01T05:33:52.980988+00:00,2026-07-01T07:21:20.090043+00:00,2026-06-30,data/prospective/daily_qvp/snapshots/2026-07-01T053352Z/raw,1081,1043,144e01281e848a2a4c711cb0058eddc75099bb40,d3881a1328862a39dc4af32e15c4826237a09adca2da7038eafb5659ddb68bb4,8bda06ce0251beedd6a5f2cd61a08ef37682841102d3b9d86a1ab602640baf4e,ADEA,True,True,overlap,eligible_in_both_retrievals,True
2026-07-01T053352Z,2026-07-01T05:33:52.980988+00:00,2026-07-01T07:21:20.090043+00:00,2026-06-30,data/prospective/daily_qvp/snapshots/2026-07-01T053352Z/raw,1081,1043,144e01281e848a2a4c711cb0058eddc75099bb40,d3881a1328862a39dc4af32e15c4826237a09adca2da7038eafb5659ddb68bb4,8bda06ce0251beedd6a5f2cd61a08ef37682841102d3b9d86a1ab602640baf4e,ADI,True,True,overlap,eligible_in_both_retrievals,True
2026-07-01T053352Z,2026-07-01T05:33:52.980988+00:00,2026-07-01T07:21:20.090043+00:00,2026-06-30,data/prospective/daily_qvp/snapshots/2026-07-01T053352Z/raw,1081,1043,144e01281e848a2a4c711cb0058eddc75099bb40,d3881a1328862a39dc4af32e15c4826237a09adca2da7038eafb5659ddb68bb4,8bda06ce0251beedd6a5f2cd61a08ef37682841102d3b9d86a1ab602640baf4e,ADM,True,True,overlap,eligible_in_both_retrievals,True
2026-07-01T053352Z,2026-07-01T05:33:52.980988+00:00,2026-07-01T07:21:20.090043+00:00,2026-06-30,data/prospective/daily_qvp/snapshots/2026-07-01T053352Z/raw,1081,1043,144e01281e848a2a4c711cb0058eddc75099bb40,d3881a1328862a39dc4af32e15c4826237a09adca2da7038eafb5659ddb68bb4,8bda06ce0251beedd6a5f2cd61a08ef37682841102d3b9d86a1ab602640baf4e,ADP,True,True,overlap,eligible_in_both_retrievals,True
2026-07-01T053352Z,2026-07-01T05:33:52.980988+00:00,2026-07-01T07:21:20.090043+00:00,2026-06-30,data/prospective/daily_qvp/snapshots/2026-07-01T053352Z/raw,1081,1043,144e01281e848a2a4c711cb0058eddc75099bb40,d3881a1328862a39dc4af32e15c4826237a09adca2da7038eafb5659ddb68bb4,8bda06ce0251beedd6a5f2cd61a08ef37682841102d3b9d86a1ab602640baf4e,ADPT,True,True,overlap,eligible_in_both_retrievals,True
2026-07-01T053352Z,2026-07-01T05:33:52.980988+00:00,2026-07-01T07:21:20.090043+00:00,2026-06-30,data/prospective/daily_qvp/snapshots/2026-07-01T053352Z/raw,1081,1043,144e01281e848a2a4c711cb0058eddc75099bb40,d3881a1328862a39dc4af32e15c4826237a09adca2da7038eafb5659ddb68bb4,8bda06ce0251beedd6a5f2cd61a08ef37682841102d3b9d86a1ab602640baf4e,ADSK,True,True,overlap,eligible_in_both_retrievals,True
2026-07-01T053352Z,2026-07-01T05:33:52.980988+00:00,2026-07-01T07:21:20.090043+00:00,2026-06-30,data/prospective/daily_qvp/snapshots/2026-07-01T053352Z/raw,1081,1043,144e01281e848a2a4c711cb0058eddc75099bb40,d3881a1328862a39dc4af32e15c4826237a09adca2da7038eafb5659ddb68bb4,8bda06ce0251beedd6a5f2cd61a08ef37682841102d3b9d86a1ab602640baf4e,ADT,True,True,overlap,eligible_in_both_retrievals,True
2026-07-01T053352Z,2026-07-01T05:33:52.980988+00:00,2026-07-01T07:21:20.090043+00:00,2026-06-30,data/prospective/daily_qvp/snapshots/2026-07-01T053352Z/raw,1081,1043,144e01281e848a2a4c711cb0058eddc75099bb40,d3881a1328862a39dc4af32e15c4826237a09adca2da7038eafb5659ddb68bb4,8bda06ce0251beedd6a5f2cd61a08ef37682841102d3b9d86a1ab602640baf4e,AEE,True,True,overlap,eligible_in_both_retrievals,True
2026-07-01T053352Z,2026-07-01T05:33:52.980988+00:00,2026-07-01T07:21:20.090043+00:00,2026-06-30,data/prospective/daily_qvp/snapshots/2026-07-01T053352Z/raw,1081,1043,144e01281e848a2a4c711cb0058eddc75099bb40,d3881a1328862a39dc4af32e15c4826237a09adca2da7038eafb5659ddb68bb4,8bda06ce0251beedd6a5f2cd61a08ef37682841102d3b9d86a1ab602640baf4e,AEIS,True,True,overlap,eligible_in_both_retrievals,True
2026-07-01T053352Z,2026-07-01T05:33:52.980988+00:00,2026-07-01T07:21:20.090043+00:00,2026-06-30,data/prospective/daily_qvp/snapshots/2026-07-01T053352Z/raw,1081,1043,144e01281e848a2a4c711cb0058eddc75099bb40,d3881a1328862a39dc4af32e15c4826237a09adca2da7038eafb5659ddb68bb4,8bda06ce0251beedd6a5f2cd61a08ef37682841102d3b9d86a1ab602640baf4e,AEO,True,True,overlap,eligible_in_both_retrievals,True
2026-07-01T053352Z,2026-07-01T05:33:52.980988+00:00,2026-07-01T07:21:20.090043+00:00,2026-06-30,data/prospective/daily_qvp/snapshots/2026-07-01T053352Z/raw,1081,1043,144e01281e848a2a4c711cb0058eddc75099bb40,d3881a1328862a39dc4af32e15c4826237a09adca2da7038eafb5659ddb68bb4,8bda06ce0251beedd6a5f2cd61a08ef37682841102d3b9d86a1ab602640baf4e,AEP,True,True,overlap,eligible_in_both_retrievals,True
2026-07-01T053352Z,2026-07-01T05:33:52.980988+00:00,2026-07-01T07:21:20.090043+00:00,2026-06-30,data/prospective/daily_qvp/snapshots/2026-07-01T053352Z/raw,1081,1043,144e01281e848a2a4c711cb0058eddc75099bb40,d3881a1328862a39dc4af32e15c4826237a09adca2da7038eafb5659ddb68bb4,8bda06ce0251beedd6a5f2cd61a08ef37682841102d3b9d86a1ab602640baf4e,AES,True,True,overlap,eligible_in_both_retrievals,True
2026-07-01T053352Z,2026-07-01T05:33:52.980988+00:00,2026-07-01T07:21:20.090043+00:00,2026-06-30,data/prospective/daily_qvp/snapshots/2026-07-01T053352Z/raw,1081,1043,144e01281e848a2a4c711cb0058eddc75099bb40,d3881a1328862a39dc4af32e15c4826237a09adca2da7038eafb5659ddb68bb4,8bda06ce0251beedd6a5f2cd61a08ef37682841102d3b9d86a1ab602640baf4e,AESI,True,True,overlap,eligible_in_both_retrievals,True
2026-07-01T053352Z,2026-07-01T05:33:52.980988+00:00,2026-07-01T07:21:20.090043+00:00,2026-06-30,data/prospective/daily_qvp/snapshots/2026-07-01T053352Z/raw,1081,1043,144e01281e848a2a4c711cb0058eddc75099bb40,d3881a1328862a39dc4af32e15c4826237a09adca2da7038eafb5659ddb68bb4,8bda06ce0251beedd6a5f2cd61a08ef37682841102d3b9d86a1ab602640baf4e,AGCO,True,True,overlap,eligible_in_both_retrievals,True
2026-07-01T053352Z,2026-07-01T05:33:52.980988+00:00,2026-07-01T07:21:20.090043+00:00,2026-06-30,data/prospective/daily_qvp/snapshots/2026-07-01T053352Z/raw,1081,1043,144e01281e848a2a4c711cb0058eddc75099bb40,d3881a1328862a39dc4af32e15c4826237a09adca2da7038eafb5659ddb68bb4,8bda06ce0251beedd6a5f2cd61a08ef37682841102d3b9d86a1ab602640baf4e,AGIO,True,True,overlap,eligible_in_both_retrievals,True
2026-07-01T053352Z,2026-07-01T05:33:52.980988+00:00,2026-07-01T07:21:20.090043+00:00,2026-06-30,data/prospective/daily_qvp/snapshots/2026-07-01T053352Z/raw,1081,1043,144e01281e848a2a4c711cb0058eddc75099bb40,d3881a1328862a39dc4af32e15c4826237a09adca2da7038eafb5659ddb68bb4,8bda06ce0251beedd6a5f2cd61a08ef37682841102d3b9d86a1ab602640baf4e,AGX,True,True,overlap,eligible_in_both_retrievals,True
2026-07-01T053352Z,2026-07-01T05:33:52.980988+00:00,2026-07-01T07:21:20.090043+00:00,2026-06-30,data/prospective/daily_qvp/snapshots/2026-07-01T053352Z/raw,1081,1043,144e01281e848a2a4c711cb0058eddc75099bb40,d3881a1328862a39dc4af32e15c4826237a09adca2da7038eafb5659ddb68bb4,8bda06ce0251beedd6a5f2cd61a08ef37682841102d3b9d86a1ab602640baf4e,AGYS,True,True,overlap,eligible_in_both_retrievals,True
2026-07-01T053352Z,2026-07-01T05:33:52.980988+00:00,2026-07-01T07:21:20.090043+00:00,2026-06-30,data/prospective/daily_qvp/snapshots/2026-07-01T053352Z/raw,1081,1043,144e01281e848a2a4c711cb0058eddc75099bb40,d3881a1328862a39dc4af32e15c4826237a09adca2da7038eafb5659ddb68bb4,8bda06ce0251beedd6a5f2cd61a08ef37682841102d3b9d86a1ab602640baf4e,AIN,True,True,overlap,eligible_in_both_retrievals,True
2026-07-01T053352Z,2026-07-01T05:33:52.980988+00:00,2026-07-01T07:21:20.090043+00:00,2026-06-30,data/prospective/daily_qvp/snapshots/2026-07-01T053352Z/raw,1081,1043,144e01281e848a2a4c711cb0058eddc75099bb40,d3881a1328862a39dc4af32e15c4826237a09adca2da7038eafb5659ddb68bb4,8bda06ce0251beedd6a5f2cd61a08ef37682841102d3b9d86a1ab602640baf4e,AIR,True,True,overlap,eligible_in_both_retrievals,True
2026-07-01T053352Z,2026-07-01T05:33:52.980988+00:00,2026-07-01T07:21:20.090043+00:00,2026-06-30,data/prospective/daily_qvp/snapshots/2026-07-01T053352Z/raw,1081,1043,144e01281e848a2a4c711cb0058eddc75099bb40,d3881a1328862a39dc4af32e15c4826237a09adca2da7038eafb5659ddb68bb4,8bda06ce0251beedd6a5f2cd61a08ef37682841102d3b9d86a1ab602640baf4e,AIT,True,True,overlap,eligible_in_both_retrievals,True
2026-07-01T053352Z,2026-07-01T05:33:52.980988+00:00,2026-07-01T07:21:20.090043+00:00,2026-06-30,data/prospective/daily_qvp/snapshots/2026-07-01T053352Z/raw,1081,1043,144e01281e848a2a4c711cb0058eddc75099bb40,d3881a1328862a39dc4af32e15c4826237a09adca2da7038eafb5659ddb68bb4,8bda06ce0251beedd6a5f2cd61a08ef37682841102d3b9d86a1ab602640baf4e,AKAM,True,True,overlap,eligible_in_both_retrievals,True
2026-07-01T053352Z,2026-07-01T05:33:52.980988+00:00,2026-07-01T07:21:20.090043+00:00,2026-06-30,data/prospective/daily_qvp/snapshots/2026-07-01T053352Z/raw,1081,1043,144e01281e848a2a4c711cb0058eddc75099bb40,d3881a1328862a39dc4af32e15c4826237a09adca2da7038eafb5659ddb68bb4,8bda06ce0251beedd6a5f2cd61a08ef37682841102d3b9d86a1ab602640baf4e,ALAB,True,True,overlap,eligible_in_both_retrievals,True
2026-07-01T053352Z,2026-07-01T05:33:52.980988+00:00,2026-07-01T07:21:20.090043+00:00,2026-06-30,data/prospective/daily_qvp/snapshots/2026-07-01T053352Z/raw,1081,1043,144e01281e848a2a4c711cb0058eddc75099bb40,d3881a1328862a39dc4af32e15c4826237a09adca2da7038eafb5659ddb68bb4,8bda06ce0251beedd6a5f2cd61a08ef37682841102d3b9d86a1ab602640baf4e,ALB,True,True,overlap,eligible_in_both_retrievals,True
2026-07-01T053352Z,2026-07-01T05:33:52.980988+00:00,2026-07-01T07:21:20.090043+00:00,2026-06-30,data/prospective/daily_qvp/snapshots/2026-07-01T053352Z/raw,1081,1043,144e01281e848a2a4c711cb0058eddc75099bb40,d3881a1328862a39dc4af32e15c4826237a09adca2da7038eafb5659ddb68bb4,8bda06ce0251beedd6a5f2cd61a08ef37682841102d3b9d86a1ab602640baf4e,ALGM,True,True,overlap,eligible_in_both_retrievals,True
2026-07-01T053352Z,2026-07-01T05:33:52.980988+00:00,2026-07-01T07:21:20.090043+00:00,2026-06-30,data/prospective/daily_qvp/snapshots/2026-07-01T053352Z/raw,1081,1043,144e01281e848a2a4c711cb0058eddc75099bb40,d3881a1328862a39dc4af32e15c4826237a09adca2da7038eafb5659ddb68bb4,8bda06ce0251beedd6a5f2cd61a08ef37682841102d3b9d86a1ab602640baf4e,ALGN,True,True,overlap,eligible_in_both_retrievals,True
2026-07-01T053352Z,2026-07-01T05:33:52.980988+00:00,2026-07-01T07:21:20.090043+00:00,2026-06-30,data/prospective/daily_qvp/snapshots/2026-07-01T053352Z/raw,1081,1043,144e01281e848a2a4c711cb0058eddc75099bb40,d3881a1328862a39dc4af32e15c4826237a09adca2da7038eafb5659ddb68bb4,8bda06ce0251beedd6a5f2cd61a08ef37682841102d3b9d86a1ab602640baf4e,ALGT,True,True,overlap,eligible_in_both_retrievals,True
2026-07-01T053352Z,2026-07-01T05:33:52.980988+00:00,2026-07-01T07:21:20.090043+00:00,2026-06-30,data/prospective/daily_qvp/snapshots/2026-07-01T053352Z/raw,1081,1043,144e01281e848a2a4c711cb0058eddc75099bb40,d3881a1328862a39dc4af32e15c4826237a09adca2da7038eafb5659ddb68bb4,8bda06ce0251beedd6a5f2cd61a08ef37682841102d3b9d86a1ab602640baf4e,ALHC,True,True,overlap,eligible_in_both_retrievals,True
2026-07-01T053352Z,2026-07-01T05:33:52.980988+00:00,2026-07-01T07:21:20.090043+00:00,2026-06-30,data/prospective/daily_qvp/snapshots/2026-07-01T053352Z/raw,1081,1043,144e01281e848a2a4c711cb0058eddc75099bb40,d3881a1328862a39dc4af32e15c4826237a09adca2da7038eafb5659ddb68bb4,8bda06ce0251beedd6a5f2cd61a08ef37682841102d3b9d86a1ab602640baf4e,ALK,True,True,overlap,eligible_in_both_retrievals,True
2026-07-01T053352Z,2026-07-01T05:33:52.980988+00:00,2026-07-01T07:21:20.090043+00:00,2026-06-30,data/prospective/daily_qvp/snapshots/2026-07-01T053352Z/raw,1081,1043,144e01281e848a2a4c711cb0058eddc75099bb40,d3881a1328862a39dc4af32e15c4826237a09adca2da7038eafb5659ddb68bb4,8bda06ce0251beedd6a5f2cd61a08ef37682841102d3b9d86a1ab602640baf4e,ALNY,True,True,overlap,eligible_in_both_retrievals,True
2026-07-01T053352Z,2026-07-01T05:33:52.980988+00:00,2026-07-01T07:21:20.090043+00:00,2026-06-30,data/prospective/daily_qvp/snapshots/2026-07-01T053352Z/raw,1081,1043,144e01281e848a2a4c711cb0058eddc75099bb40,d3881a1328862a39dc4af32e15c4826237a09adca2da7038eafb5659ddb68bb4,8bda06ce0251beedd6a5f2cd61a08ef37682841102d3b9d86a1ab602640baf4e,ALRM,True,True,overlap,eligible_in_both_retrievals,True
2026-07-01T053352Z,2026-07-01T05:33:52.980988+00:00,2026-07-01T07:21:20.090043+00:00,2026-06-30,data/prospective/daily_qvp/snapshots/2026-07-01T053352Z/raw,1081,1043,144e01281e848a2a4c711cb0058eddc75099bb40,d3881a1328862a39dc4af32e15c4826237a09adca2da7038eafb5659ddb68bb4,8bda06ce0251beedd6a5f2cd61a08ef37682841102d3b9d86a1ab602640baf4e,ALSN,True,True,overlap,eligible_in_both_retrievals,True
2026-07-01T053352Z,2026-07-01T05:33:52.980988+00:00,2026-07-01T07:21:20.090043+00:00,2026-06-30,data/prospective/daily_qvp/snapshots/2026-07-01T053352Z/raw,1081,1043,144e01281e848a2a4c711cb0058eddc75099bb40,d3881a1328862a39dc4af32e15c4826237a09adca2da7038eafb5659ddb68bb4,8bda06ce0251beedd6a5f2cd61a08ef37682841102d3b9d86a1ab602640baf4e,AM,True,True,overlap,eligible_in_both_retrievals,False
2026-07-01T053352Z,2026-07-01T05:33:52.980988+00:00,2026-07-01T07:21:20.090043+00:00,2026-06-30,data/prospective/daily_qvp/snapshots/2026-07-01T053352Z/raw,1081,1043,144e01281e848a2a4c711cb0058eddc75099bb40,d3881a1328862a39dc4af32e15c4826237a09adca2da7038eafb5659ddb68bb4,8bda06ce0251beedd6a5f2cd61a08ef37682841102d3b9d86a1ab602640baf4e,AMAT,True,True,overlap,eligible_in_both_retrievals,True
2026-07-01T053352Z,2026-07-01T05:33:52.980988+00:00,2026-07-01T07:21:20.090043+00:00,2026-06-30,data/prospective/daily_qvp/snapshots/2026-07-01T053352Z/raw,1081,1043,144e01281e848a2a4c711cb0058eddc75099bb40,d3881a1328862a39dc4af32e15c4826237a09adca2da7038eafb5659ddb68bb4,8bda06ce0251beedd6a5f2cd61a08ef37682841102d3b9d86a1ab602640baf4e,AMBA,True,True,overlap,eligible_in_both_retrievals,True
2026-07-01T053352Z,2026-07-01T05:33:52.980988+00:00,2026-07-01T07:21:20.090043+00:00,2026-06-30,data/prospective/daily_qvp/snapshots/2026-07-01T053352Z/raw,1081,1043,144e01281e848a2a4c711cb0058eddc75099bb40,d3881a1328862a39dc4af32e15c4826237a09adca2da7038eafb5659ddb68bb4,8bda06ce0251beedd6a5f2cd61a08ef37682841102d3b9d86a1ab602640baf4e,AMD,True,True,overlap,eligible_in_both_retrievals,True
2026-07-01T053352Z,2026-07-01T05:33:52.980988+00:00,2026-07-01T07:21:20.090043+00:00,2026-06-30,data/prospective/daily_qvp/snapshots/2026-07-01T053352Z/raw,1081,1043,144e01281e848a2a4c711cb0058eddc75099bb40,d3881a1328862a39dc4af32e15c4826237a09adca2da7038eafb5659ddb68bb4,8bda06ce0251beedd6a5f2cd61a08ef37682841102d3b9d86a1ab602640baf4e,AME,True,True,overlap,eligible_in_both_retrievals,True
2026-07-01T053352Z,2026-07-01T05:33:52.980988+00:00,2026-07-01T07:21:20.090043+00:00,2026-06-30,data/prospective/daily_qvp/snapshots/2026-07-01T053352Z/raw,1081,1043,144e01281e848a2a4c711cb0058eddc75099bb40,d3881a1328862a39dc4af32e15c4826237a09adca2da7038eafb5659ddb68bb4,8bda06ce0251beedd6a5f2cd61a08ef37682841102d3b9d86a1ab602640baf4e,AMGN,True,True,overlap,eligible_in_both_retrievals,True
2026-07-01T053352Z,2026-07-01T05:33:52.980988+00:00,2026-07-01T07:21:20.090043+00:00,2026-06-30,data/prospective/daily_qvp/snapshots/2026-07-01T053352Z/raw,1081,1043,144e01281e848a2a4c711cb0058eddc75099bb40,d3881a1328862a39dc4af32e15c4826237a09adca2da7038eafb5659ddb68bb4,8bda06ce0251beedd6a5f2cd61a08ef37682841102d3b9d86a1ab602640baf4e,AMKR,True,True,overlap,eligible_in_both_retrievals,True
2026-07-01T053352Z,2026-07-01T05:33:52.980988+00:00,2026-07-01T07:21:20.090043+00:00,2026-06-30,data/prospective/daily_qvp/snapshots/2026-07-01T053352Z/raw,1081,1043,144e01281e848a2a4c711cb0058eddc75099bb40,d3881a1328862a39dc4af32e15c4826237a09adca2da7038eafb5659ddb68bb4,8bda06ce0251beedd6a5f2cd61a08ef37682841102d3b9d86a1ab602640baf4e,AMPX,True,False,removed,not_returned_by_current_screen,False
2026-07-01T053352Z,2026-07-01T05:33:52.980988+00:00,2026-07-01T07:21:20.090043+00:00,2026-06-30,data/prospective/daily_qvp/snapshots/2026-07-01T053352Z/raw,1081,1043,144e01281e848a2a4c711cb0058eddc75099bb40,d3881a1328862a39dc4af32e15c4826237a09adca2da7038eafb5659ddb68bb4,8bda06ce0251beedd6a5f2cd61a08ef37682841102d3b9d86a1ab602640baf4e,AMR,True,True,overlap,eligible_in_both_retrievals,True
2026-07-01T053352Z,2026-07-01T05:33:52.980988+00:00,2026-07-01T07:21:20.090043+00:00,2026-06-30,data/prospective/daily_qvp/snapshots/2026-07-01T053352Z/raw,1081,1043,144e01281e848a2a4c711cb0058eddc75099bb40,d3881a1328862a39dc4af32e15c4826237a09adca2da7038eafb5659ddb68bb4,8bda06ce0251beedd6a5f2cd61a08ef37682841102d3b9d86a1ab602640baf4e,AMRX,True,True,overlap,eligible_in_both_retrievals,True
2026-07-01T053352Z,2026-07-01T05:33:52.980988+00:00,2026-07-01T07:21:20.090043+00:00,2026-06-30,data/prospective/daily_qvp/snapshots/2026-07-01T053352Z/raw,1081,1043,144e01281e848a2a4c711cb0058eddc75099bb40,d3881a1328862a39dc4af32e15c4826237a09adca2da7038eafb5659ddb68bb4,8bda06ce0251beedd6a5f2cd61a08ef37682841102d3b9d86a1ab602640baf4e,AMSC,True,True,overlap,eligible_in_both_retrievals,True
2026-07-01T053352Z,2026-07-01T05:33:52.980988+00:00,2026-07-01T07:21:20.090043+00:00,2026-06-30,data/prospective/daily_qvp/snapshots/2026-07-01T053352Z/raw,1081,1043,144e01281e848a2a4c711cb0058eddc75099bb40,d3881a1328862a39dc4af32e15c4826237a09adca2da7038eafb5659ddb68bb4,8bda06ce0251beedd6a5f2cd61a08ef37682841102d3b9d86a1ab602640baf4e,AMZN,True,True,overlap,eligible_in_both_retrievals,True
2026-07-01T053352Z,2026-07-01T05:33:52.980988+00:00,2026-07-01T07:21:20.090043+00:00,2026-06-30,data/prospective/daily_qvp/snapshots/2026-07-01T053352Z/raw,1081,1043,144e01281e848a2a4c711cb0058eddc75099bb40,d3881a1328862a39dc4af32e15c4826237a09adca2da7038eafb5659ddb68bb4,8bda06ce0251beedd6a5f2cd61a08ef37682841102d3b9d86a1ab602640baf4e,AN,True,True,overlap,eligible_in_both_retrievals,True
2026-07-01T053352Z,2026-07-01T05:33:52.980988+00:00,2026-07-01T07:21:20.090043+00:00,2026-06-30,data/prospective/daily_qvp/snapshots/2026-07-01T053352Z/raw,1081,1043,144e01281e848a2a4c711cb0058eddc75099bb40,d3881a1328862a39dc4af32e15c4826237a09adca2da7038eafb5659ddb68bb4,8bda06ce0251beedd6a5f2cd61a08ef37682841102d3b9d86a1ab602640baf4e,ANDE,True,True,overlap,eligible_in_both_retrievals,True
2026-07-01T053352Z,2026-07-01T05:33:52.980988+00:00,2026-07-01T07:21:20.090043+00:00,2026-06-30,data/prospective/daily_qvp/snapshots/2026-07-01T053352Z/raw,1081,1043,144e01281e848a2a4c711cb0058eddc75099bb40,d3881a1328862a39dc4af32e15c4826237a09adca2da7038eafb5659ddb68bb4,8bda06ce0251beedd6a5f2cd61a08ef37682841102d3b9d86a1ab602640baf4e,ANET,True,True,overlap,eligible_in_both_retrievals,True
2026-07-01T053352Z,2026-07-01T05:33:52.980988+00:00,2026-07-01T07:21:20.090043+00:00,2026-06-30,data/prospective/daily_qvp/snapshots/2026-07-01T053352Z/raw,1081,1043,144e01281e848a2a4c711cb0058eddc75099bb40,d3881a1328862a39dc4af32e15c4826237a09adca2da7038eafb5659ddb68bb4,8bda06ce0251beedd6a5f2cd61a08ef37682841102d3b9d86a1ab602640baf4e,ANF,True,True,overlap,eligible_in_both_retrievals,True
2026-07-01T053352Z,2026-07-01T05:33:52.980988+00:00,2026-07-01T07:21:20.090043+00:00,2026-06-30,data/prospective/daily_qvp/snapshots/2026-07-01T053352Z/raw,1081,1043,144e01281e848a2a4c711cb0058eddc75099bb40,d3881a1328862a39dc4af32e15c4826237a09adca2da7038eafb5659ddb68bb4,8bda06ce0251beedd6a5f2cd61a08ef37682841102d3b9d86a1ab602640baf4e,AOS,True,True,overlap,eligible_in_both_retrievals,True
2026-07-01T053352Z,2026-07-01T05:33:52.980988+00:00,2026-07-01T07:21:20.090043+00:00,2026-06-30,data/prospective/daily_qvp/snapshots/2026-07-01T053352Z/raw,1081,1043,144e01281e848a2a4c711cb0058eddc75099bb40,d3881a1328862a39dc4af32e15c4826237a09adca2da7038eafb5659ddb68bb4,8bda06ce0251beedd6a5f2cd61a08ef37682841102d3b9d86a1ab602640baf4e,APA,True,True,overlap,eligible_in_both_retrievals,True
2026-07-01T053352Z,2026-07-01T05:33:52.980988+00:00,2026-07-01T07:21:20.090043+00:00,2026-06-30,data/prospective/daily_qvp/snapshots/2026-07-01T053352Z/raw,1081,1043,144e01281e848a2a4c711cb0058eddc75099bb40,d3881a1328862a39dc4af32e15c4826237a09adca2da7038eafb5659ddb68bb4,8bda06ce0251beedd6a5f2cd61a08ef37682841102d3b9d86a1ab602640baf4e,APD,True,True,overlap,eligible_in_both_retrievals,True
2026-07-01T053352Z,2026-07-01T05:33:52.980988+00:00,2026-07-01T07:21:20.090043+00:00,2026-06-30,data/prospective/daily_qvp/snapshots/2026-07-01T053352Z/raw,1081,1043,144e01281e848a2a4c711cb0058eddc75099bb40,d3881a1328862a39dc4af32e15c4826237a09adca2da7038eafb5659ddb68bb4,8bda06ce0251beedd6a5f2cd61a08ef37682841102d3b9d86a1ab602640baf4e,APG,True,True,overlap,eligible_in_both_retrievals,True
2026-07-01T053352Z,2026-07-01T05:33:52.980988+00:00,2026-07-01T07:21:20.090043+00:00,2026-06-30,data/prospective/daily_qvp/snapshots/2026-07-01T053352Z/raw,1081,1043,144e01281e848a2a4c711cb0058eddc75099bb40,d3881a1328862a39dc4af32e15c4826237a09adca2da7038eafb5659ddb68bb4,8bda06ce0251beedd6a5f2cd61a08ef37682841102d3b9d86a1ab602640baf4e,APH,True,True,overlap,eligible_in_both_retrievals,True
2026-07-01T053352Z,2026-07-01T05:33:52.980988+00:00,2026-07-01T07:21:20.090043+00:00,2026-06-30,data/prospective/daily_qvp/snapshots/2026-07-01T053352Z/raw,1081,1043,144e01281e848a2a4c711cb0058eddc75099bb40,d3881a1328862a39dc4af32e15c4826237a09adca2da7038eafb5659ddb68bb4,8bda06ce0251beedd6a5f2cd61a08ef37682841102d3b9d86a1ab602640baf4e,APLD,True,True,overlap,eligible_in_both_retrievals,True
2026-07-01T053352Z,2026-07-01T05:33:52.980988+00:00,2026-07-01T07:21:20.090043+00:00,2026-06-30,data/prospective/daily_qvp/snapshots/2026-07-01T053352Z/raw,1081,1043,144e01281e848a2a4c711cb0058eddc75099bb40,d3881a1328862a39dc4af32e15c4826237a09adca2da7038eafb5659ddb68bb4,8bda06ce0251beedd6a5f2cd61a08ef37682841102d3b9d86a1ab602640baf4e,APP,True,True,overlap,eligible_in_both_retrievals,True
2026-07-01T053352Z,2026-07-01T05:33:52.980988+00:00,2026-07-01T07:21:20.090043+00:00,2026-06-30,data/prospective/daily_qvp/snapshots/2026-07-01T053352Z/raw,1081,1043,144e01281e848a2a4c711cb0058eddc75099bb40,d3881a1328862a39dc4af32e15c4826237a09adca2da7038eafb5659ddb68bb4,8bda06ce0251beedd6a5f2cd61a08ef37682841102d3b9d86a1ab602640baf4e,AR,True,True,overlap,eligible_in_both_retrievals,False
2026-07-01T053352Z,2026-07-01T05:33:52.980988+00:00,2026-07-01T07:21:20.090043+00:00,2026-06-30,data/prospective/daily_qvp/snapshots/2026-07-01T053352Z/raw,1081,1043,144e01281e848a2a4c711cb0058eddc75099bb40,d3881a1328862a39dc4af32e15c4826237a09adca2da7038eafb5659ddb68bb4,8bda06ce0251beedd6a5f2cd61a08ef37682841102d3b9d86a1ab602640baf4e,ARCB,True,True,overlap,eligible_in_both_retrievals,True
2026-07-01T053352Z,2026-07-01T05:33:52.980988+00:00,2026-07-01T07:21:20.090043+00:00,2026-06-30,data/prospective/daily_qvp/snapshots/2026-07-01T053352Z/raw,1081,1043,144e01281e848a2a4c711cb0058eddc75099bb40,d3881a1328862a39dc4af32e15c4826237a09adca2da7038eafb5659ddb68bb4,8bda06ce0251beedd6a5f2cd61a08ef37682841102d3b9d86a1ab602640baf4e,ARMK,True,True,overlap,eligible_in_both_retrievals,True
2026-07-01T053352Z,2026-07-01T05:33:52.980988+00:00,2026-07-01T07:21:20.090043+00:00,2026-06-30,data/prospective/daily_qvp/snapshots/2026-07-01T053352Z/raw,1081,1043,144e01281e848a2a4c711cb0058eddc75099bb40,d3881a1328862a39dc4af32e15c4826237a09adca2da7038eafb5659ddb68bb4,8bda06ce0251beedd6a5f2cd61a08ef37682841102d3b9d86a1ab602640baf4e,AROC,True,True,overlap,eligible_in_both_retrievals,True
2026-07-01T053352Z,2026-07-01T05:33:52.980988+00:00,2026-07-01T07:21:20.090043+00:00,2026-06-30,data/prospective/daily_qvp/snapshots/2026-07-01T053352Z/raw,1081,1043,144e01281e848a2a4c711cb0058eddc75099bb40,d3881a1328862a39dc4af32e15c4826237a09adca2da7038eafb5659ddb68bb4,8bda06ce0251beedd6a5f2cd61a08ef37682841102d3b9d86a1ab602640baf4e,ARQT,True,True,overlap,eligible_in_both_retrievals,True
2026-07-01T053352Z,2026-07-01T05:33:52.980988+00:00,2026-07-01T07:21:20.090043+00:00,2026-06-30,data/prospective/daily_qvp/snapshots/2026-07-01T053352Z/raw,1081,1043,144e01281e848a2a4c711cb0058eddc75099bb40,d3881a1328862a39dc4af32e15c4826237a09adca2da7038eafb5659ddb68bb4,8bda06ce0251beedd6a5f2cd61a08ef37682841102d3b9d86a1ab602640baf4e,ARW,True,True,overlap,eligible_in_both_retrievals,True
2026-07-01T053352Z,2026-07-01T05:33:52.980988+00:00,2026-07-01T07:21:20.090043+00:00,2026-06-30,data/prospective/daily_qvp/snapshots/2026-07-01T053352Z/raw,1081,1043,144e01281e848a2a4c711cb0058eddc75099bb40,d3881a1328862a39dc4af32e15c4826237a09adca2da7038eafb5659ddb68bb4,8bda06ce0251beedd6a5f2cd61a08ef37682841102d3b9d86a1ab602640baf4e,ARWR,True,True,overlap,eligible_in_both_retrievals,False
2026-07-01T053352Z,2026-07-01T05:33:52.980988+00:00,2026-07-01T07:21:20.090043+00:00,2026-06-30,data/prospective/daily_qvp/snapshots/2026-07-01T053352Z/raw,1081,1043,144e01281e848a2a4c711cb0058eddc75099bb40,d3881a1328862a39dc4af32e15c4826237a09adca2da7038eafb5659ddb68bb4,8bda06ce0251beedd6a5f2cd61a08ef37682841102d3b9d86a1ab602640baf4e,ASH,True,True,overlap,eligible_in_both_retrievals,True
2026-07-01T053352Z,2026-07-01T05:33:52.980988+00:00,2026-07-01T07:21:20.090043+00:00,2026-06-30,data/prospective/daily_qvp/snapshots/2026-07-01T053352Z/raw,1081,1043,144e01281e848a2a4c711cb0058eddc75099bb40,d3881a1328862a39dc4af32e15c4826237a09adca2da7038eafb5659ddb68bb4,8bda06ce0251beedd6a5f2cd61a08ef37682841102d3b9d86a1ab602640baf4e,ASO,True,True,overlap,eligible_in_both_retrievals,True
2026-07-01T053352Z,2026-07-01T05:33:52.980988+00:00,2026-07-01T07:21:20.090043+00:00,2026-06-30,data/prospective/daily_qvp/snapshots/2026-07-01T053352Z/raw,1081,1043,144e01281e848a2a4c711cb0058eddc75099bb40,d3881a1328862a39dc4af32e15c4826237a09adca2da7038eafb5659ddb68bb4,8bda06ce0251beedd6a5f2cd61a08ef37682841102d3b9d86a1ab602640baf4e,ASTS,True,True,overlap,eligible_in_both_retrievals,True
2026-07-01T053352Z,2026-07-01T05:33:52.980988+00:00,2026-07-01T07:21:20.090043+00:00,2026-06-30,data/prospective/daily_qvp/snapshots/2026-07-01T053352Z/raw,1081,1043,144e01281e848a2a4c711cb0058eddc75099bb40,d3881a1328862a39dc4af32e15c4826237a09adca2da7038eafb5659ddb68bb4,8bda06ce0251beedd6a5f2cd61a08ef37682841102d3b9d86a1ab602640baf4e,ATEN,True,True,overlap,eligible_in_both_retrievals,True
2026-07-01T053352Z,2026-07-01T05:33:52.980988+00:00,2026-07-01T07:21:20.090043+00:00,2026-06-30,data/prospective/daily_qvp/snapshots/2026-07-01T053352Z/raw,1081,1043,144e01281e848a2a4c711cb0058eddc75099bb40,d3881a1328862a39dc4af32e15c4826237a09adca2da7038eafb5659ddb68bb4,8bda06ce0251beedd6a5f2cd61a08ef37682841102d3b9d86a1ab602640baf4e,ATI,True,True,overlap,eligible_in_both_retrievals,True
2026-07-01T053352Z,2026-07-01T05:33:52.980988+00:00,2026-07-01T07:21:20.090043+00:00,2026-06-30,data/prospective/daily_qvp/snapshots/2026-07-01T053352Z/raw,1081,1043,144e01281e848a2a4c711cb0058eddc75099bb40,d3881a1328862a39dc4af32e15c4826237a09adca2da7038eafb5659ddb68bb4,8bda06ce0251beedd6a5f2cd61a08ef37682841102d3b9d86a1ab602640baf4e,ATKR,True,True,overlap,eligible_in_both_retrievals,True
2026-07-01T053352Z,2026-07-01T05:33:52.980988+00:00,2026-07-01T07:21:20.090043+00:00,2026-06-30,data/prospective/daily_qvp/snapshots/2026-07-01T053352Z/raw,1081,1043,144e01281e848a2a4c711cb0058eddc75099bb40,d3881a1328862a39dc4af32e15c4826237a09adca2da7038eafb5659ddb68bb4,8bda06ce0251beedd6a5f2cd61a08ef37682841102d3b9d86a1ab602640baf4e,ATMU,True,True,overlap,eligible_in_both_retrievals,True
2026-07-01T053352Z,2026-07-01T05:33:52.980988+00:00,2026-07-01T07:21:20.090043+00:00,2026-06-30,data/prospective/daily_qvp/snapshots/2026-07-01T053352Z/raw,1081,1043,144e01281e848a2a4c711cb0058eddc75099bb40,d3881a1328862a39dc4af32e15c4826237a09adca2da7038eafb5659ddb68bb4,8bda06ce0251beedd6a5f2cd61a08ef37682841102d3b9d86a1ab602640baf4e,ATO,True,True,overlap,eligible_in_both_retrievals,True
2026-07-01T053352Z,2026-07-01T05:33:52.980988+00:00,2026-07-01T07:21:20.090043+00:00,2026-06-30,data/prospective/daily_qvp/snapshots/2026-07-01T053352Z/raw,1081,1043,144e01281e848a2a4c711cb0058eddc75099bb40,d3881a1328862a39dc4af32e15c4826237a09adca2da7038eafb5659ddb68bb4,8bda06ce0251beedd6a5f2cd61a08ef37682841102d3b9d86a1ab602640baf4e,ATR,True,True,overlap,eligible_in_both_retrievals,True
2026-07-01T053352Z,2026-07-01T05:33:52.980988+00:00,2026-07-01T07:21:20.090043+00:00,2026-06-30,data/prospective/daily_qvp/snapshots/2026-07-01T053352Z/raw,1081,1043,144e01281e848a2a4c711cb0058eddc75099bb40,d3881a1328862a39dc4af32e15c4826237a09adca2da7038eafb5659ddb68bb4,8bda06ce0251beedd6a5f2cd61a08ef37682841102d3b9d86a1ab602640baf4e,ATRO,True,True,overlap,eligible_in_both_retrievals,True
2026-07-01T053352Z,2026-07-01T05:33:52.980988+00:00,2026-07-01T07:21:20.090043+00:00,2026-06-30,data/prospective/daily_qvp/snapshots/2026-07-01T053352Z/raw,1081,1043,144e01281e848a2a4c711cb0058eddc75099bb40,d3881a1328862a39dc4af32e15c4826237a09adca2da7038eafb5659ddb68bb4,8bda06ce0251beedd6a5f2cd61a08ef37682841102d3b9d86a1ab602640baf4e,AU,True,True,overlap,eligible_in_both_retrievals,True
2026-07-01T053352Z,2026-07-01T05:33:52.980988+00:00,2026-07-01T07:21:20.090043+00:00,2026-06-30,data/prospective/daily_qvp/snapshots/2026-07-01T053352Z/raw,1081,1043,144e01281e848a2a4c711cb0058eddc75099bb40,d3881a1328862a39dc4af32e15c4826237a09adca2da7038eafb5659ddb68bb4,8bda06ce0251beedd6a5f2cd61a08ef37682841102d3b9d86a1ab602640baf4e,AUR,True,True,overlap,eligible_in_both_retrievals,True
2026-07-01T053352Z,2026-07-01T05:33:52.980988+00:00,2026-07-01T07:21:20.090043+00:00,2026-06-30,data/prospective/daily_qvp/snapshots/2026-07-01T053352Z/raw,1081,1043,144e01281e848a2a4c711cb0058eddc75099bb40,d3881a1328862a39dc4af32e15c4826237a09adca2da7038eafb5659ddb68bb4,8bda06ce0251beedd6a5f2cd61a08ef37682841102d3b9d86a1ab602640baf4e,AVA,True,True,overlap,eligible_in_both_retrievals,True
2026-07-01T053352Z,2026-07-01T05:33:52.980988+00:00,2026-07-01T07:21:20.090043+00:00,2026-06-30,data/prospective/daily_qvp/snapshots/2026-07-01T053352Z/raw,1081,1043,144e01281e848a2a4c711cb0058eddc75099bb40,d3881a1328862a39dc4af32e15c4826237a09adca2da7038eafb5659ddb68bb4,8bda06ce0251beedd6a5f2cd61a08ef37682841102d3b9d86a1ab602640baf4e,AVAV,True,True,overlap,eligible_in_both_retrievals,True
2026-07-01T053352Z,2026-07-01T05:33:52.980988+00:00,2026-07-01T07:21:20.090043+00:00,2026-06-30,data/prospective/daily_qvp/snapshots/2026-07-01T053352Z/raw,1081,1043,144e01281e848a2a4c711cb0058eddc75099bb40,d3881a1328862a39dc4af32e15c4826237a09adca2da7038eafb5659ddb68bb4,8bda06ce0251beedd6a5f2cd61a08ef37682841102d3b9d86a1ab602640baf4e,AVGO,True,True,overlap,eligible_in_both_retrievals,True
2026-07-01T053352Z,2026-07-01T05:33:52.980988+00:00,2026-07-01T07:21:20.090043+00:00,2026-06-30,data/prospective/daily_qvp/snapshots/2026-07-01T053352Z/raw,1081,1043,144e01281e848a2a4c711cb0058eddc75099bb40,d3881a1328862a39dc4af32e15c4826237a09adca2da7038eafb5659ddb68bb4,8bda06ce0251beedd6a5f2cd61a08ef37682841102d3b9d86a1ab602640baf4e,AVNT,True,True,overlap,eligible_in_both_retrievals,True
2026-07-01T053352Z,2026-07-01T05:33:52.980988+00:00,2026-07-01T07:21:20.090043+00:00,2026-06-30,data/prospective/daily_qvp/snapshots/2026-07-01T053352Z/raw,1081,1043,144e01281e848a2a4c711cb0058eddc75099bb40,d3881a1328862a39dc4af32e15c4826237a09adca2da7038eafb5659ddb68bb4,8bda06ce0251beedd6a5f2cd61a08ef37682841102d3b9d86a1ab602640baf4e,AVPT,True,True,overlap,eligible_in_both_retrievals,True
2026-07-01T053352Z,2026-07-01T05:33:52.980988+00:00,2026-07-01T07:21:20.090043+00:00,2026-06-30,data/prospective/daily_qvp/snapshots/2026-07-01T053352Z/raw,1081,1043,144e01281e848a2a4c711cb0058eddc75099bb40,d3881a1328862a39dc4af32e15c4826237a09adca2da7038eafb5659ddb68bb4,8bda06ce0251beedd6a5f2cd61a08ef37682841102d3b9d86a1ab602640baf4e,AVT,True,True,overlap,eligible_in_both_retrievals,True
2026-07-01T053352Z,2026-07-01T05:33:52.980988+00:00,2026-07-01T07:21:20.090043+00:00,2026-06-30,data/prospective/daily_qvp/snapshots/2026-07-01T053352Z/raw,1081,1043,144e01281e848a2a4c711cb0058eddc75099bb40,d3881a1328862a39dc4af32e15c4826237a09adca2da7038eafb5659ddb68bb4,8bda06ce0251beedd6a5f2cd61a08ef37682841102d3b9d86a1ab602640baf4e,AVTR,True,True,overlap,eligible_in_both_retrievals,True
2026-07-01T053352Z,2026-07-01T05:33:52.980988+00:00,2026-07-01T07:21:20.090043+00:00,2026-06-30,data/prospective/daily_qvp/snapshots/2026-07-01T053352Z/raw,1081,1043,144e01281e848a2a4c711cb0058eddc75099bb40,d3881a1328862a39dc4af32e15c4826237a09adca2da7038eafb5659ddb68bb4,8bda06ce0251beedd6a5f2cd61a08ef37682841102d3b9d86a1ab602640baf4e,AVY,True,True,overlap,eligible_in_both_retrievals,True
2026-07-01T053352Z,2026-07-01T05:33:52.980988+00:00,2026-07-01T07:21:20.090043+00:00,2026-06-30,data/prospective/daily_qvp/snapshots/2026-07-01T053352Z/raw,1081,1043,144e01281e848a2a4c711cb0058eddc75099bb40,d3881a1328862a39dc4af32e15c4826237a09adca2da7038eafb5659ddb68bb4,8bda06ce0251beedd6a5f2cd61a08ef37682841102d3b9d86a1ab602640baf4e,AWI,True,True,overlap,eligible_in_both_retrievals,True
2026-07-01T053352Z,2026-07-01T05:33:52.980988+00:00,2026-07-01T07:21:20.090043+00:00,2026-06-30,data/prospective/daily_qvp/snapshots/2026-07-01T053352Z/raw,1081,1043,144e01281e848a2a4c711cb0058eddc75099bb40,d3881a1328862a39dc4af32e15c4826237a09adca2da7038eafb5659ddb68bb4,8bda06ce0251beedd6a5f2cd61a08ef37682841102d3b9d86a1ab602640baf4e,AWK,True,True,overlap,eligible_in_both_retrievals,True
2026-07-01T053352Z,2026-07-01T05:33:52.980988+00:00,2026-07-01T07:21:20.090043+00:00,2026-06-30,data/prospective/daily_qvp/snapshots/2026-07-01T053352Z/raw,1081,1043,144e01281e848a2a4c711cb0058eddc75099bb40,d3881a1328862a39dc4af32e15c4826237a09adca2da7038eafb5659ddb68bb4,8bda06ce0251beedd6a5f2cd61a08ef37682841102d3b9d86a1ab602640baf4e,AWR,True,True,overlap,eligible_in_both_retrievals,True
2026-07-01T053352Z,2026-07-01T05:33:52.980988+00:00,2026-07-01T07:21:20.090043+00:00,2026-06-30,data/prospective/daily_qvp/snapshots/2026-07-01T053352Z/raw,1081,1043,144e01281e848a2a4c711cb0058eddc75099bb40,d3881a1328862a39dc4af32e15c4826237a09adca2da7038eafb5659ddb68bb4,8bda06ce0251beedd6a5f2cd61a08ef37682841102d3b9d86a1ab602640baf4e,AXON,True,True,overlap,eligible_in_both_retrievals,True
2026-07-01T053352Z,2026-07-01T05:33:52.980988+00:00,2026-07-01T07:21:20.090043+00:00,2026-06-30,data/prospective/daily_qvp/snapshots/2026-07-01T053352Z/raw,1081,1043,144e01281e848a2a4c711cb0058eddc75099bb40,d3881a1328862a39dc4af32e15c4826237a09adca2da7038eafb5659ddb68bb4,8bda06ce0251beedd6a5f2cd61a08ef37682841102d3b9d86a1ab602640baf4e,AXTA,True,True,overlap,eligible_in_both_retrievals,True
2026-07-01T053352Z,2026-07-01T05:33:52.980988+00:00,2026-07-01T07:21:20.090043+00:00,2026-06-30,data/prospective/daily_qvp/snapshots/2026-07-01T053352Z/raw,1081,1043,144e01281e848a2a4c711cb0058eddc75099bb40,d3881a1328862a39dc4af32e15c4826237a09adca2da7038eafb5659ddb68bb4,8bda06ce0251beedd6a5f2cd61a08ef37682841102d3b9d86a1ab602640baf4e,AXTI,True,True,overlap,eligible_in_both_retrievals,True
2026-07-01T053352Z,2026-07-01T05:33:52.980988+00:00,2026-07-01T07:21:20.090043+00:00,2026-06-30,data/prospective/daily_qvp/snapshots/2026-07-01T053352Z/raw,1081,1043,144e01281e848a2a4c711cb0058eddc75099bb40,d3881a1328862a39dc4af32e15c4826237a09adca2da7038eafb5659ddb68bb4,8bda06ce0251beedd6a5f2cd61a08ef37682841102d3b9d86a1ab602640baf4e,AYI,True,True,overlap,eligible_in_both_retrievals,True
2026-07-01T053352Z,2026-07-01T05:33:52.980988+00:00,2026-07-01T07:21:20.090043+00:00,2026-06-30,data/prospective/daily_qvp/snapshots/2026-07-01T053352Z/raw,1081,1043,144e01281e848a2a4c711cb0058eddc75099bb40,d3881a1328862a39dc4af32e15c4826237a09adca2da7038eafb5659ddb68bb4,8bda06ce0251beedd6a5f2cd61a08ef37682841102d3b9d86a1ab602640baf4e,AZO,True,True,overlap,eligible_in_both_retrievals,True
2026-07-01T053352Z,2026-07-01T05:33:52.980988+00:00,2026-07-01T07:21:20.090043+00:00,2026-06-30,data/prospective/daily_qvp/snapshots/2026-07-01T053352Z/raw,1081,1043,144e01281e848a2a4c711cb0058eddc75099bb40,d3881a1328862a39dc4af32e15c4826237a09adca2da7038eafb5659ddb68bb4,8bda06ce0251beedd6a5f2cd61a08ef37682841102d3b9d86a1ab602640baf4e,AZZ,True,True,overlap,eligible_in_both_retrievals,True
2026-07-01T053352Z,2026-07-01T05:33:52.980988+00:00,2026-07-01T07:21:20.090043+00:00,2026-06-30,data/prospective/daily_qvp/snapshots/2026-07-01T053352Z/raw,1081,1043,144e01281e848a2a4c711cb0058eddc75099bb40,d3881a1328862a39dc4af32e15c4826237a09adca2da7038eafb5659ddb68bb4,8bda06ce0251beedd6a5f2cd61a08ef37682841102d3b9d86a1ab602640baf4e,BA,True,True,overlap,eligible_in_both_retrievals,True
2026-07-01T053352Z,2026-07-01T05:33:52.980988+00:00,2026-07-01T07:21:20.090043+00:00,2026-06-30,data/prospective/daily_qvp/snapshots/2026-07-01T053352Z/raw,1081,1043,144e01281e848a2a4c711cb0058eddc75099bb40,d3881a1328862a39dc4af32e15c4826237a09adca2da7038eafb5659ddb68bb4,8bda06ce0251beedd6a5f2cd61a08ef37682841102d3b9d86a1ab602640baf4e,BAH,True,True,overlap,eligible_in_both_retrievals,True
2026-07-01T053352Z,2026-07-01T05:33:52.980988+00:00,2026-07-01T07:21:20.090043+00:00,2026-06-30,data/prospective/daily_qvp/snapshots/2026-07-01T053352Z/raw,1081,1043,144e01281e848a2a4c711cb0058eddc75099bb40,d3881a1328862a39dc4af32e15c4826237a09adca2da7038eafb5659ddb68bb4,8bda06ce0251beedd6a5f2cd61a08ef37682841102d3b9d86a1ab602640baf4e,BALL,True,True,overlap,eligible_in_both_retrievals,True
2026-07-01T053352Z,2026-07-01T05:33:52.980988+00:00,2026-07-01T07:21:20.090043+00:00,2026-06-30,data/prospective/daily_qvp/snapshots/2026-07-01T053352Z/raw,1081,1043,144e01281e848a2a4c711cb0058eddc75099bb40,d3881a1328862a39dc4af32e15c4826237a09adca2da7038eafb5659ddb68bb4,8bda06ce0251beedd6a5f2cd61a08ef37682841102d3b9d86a1ab602640baf4e,BAND,False,True,new_addition,recovered_by_essential_field_and_504_observation_retries_after_old_silent_enrichment_failure,True
2026-07-01T053352Z,2026-07-01T05:33:52.980988+00:00,2026-07-01T07:21:20.090043+00:00,2026-06-30,data/prospective/daily_qvp/snapshots/2026-07-01T053352Z/raw,1081,1043,144e01281e848a2a4c711cb0058eddc75099bb40,d3881a1328862a39dc4af32e15c4826237a09adca2da7038eafb5659ddb68bb4,8bda06ce0251beedd6a5f2cd61a08ef37682841102d3b9d86a1ab602640baf4e,BATRK,True,True,overlap,eligible_in_both_retrievals,True
2026-07-01T053352Z,2026-07-01T05:33:52.980988+00:00,2026-07-01T07:21:20.090043+00:00,2026-06-30,data/prospective/daily_qvp/snapshots/2026-07-01T053352Z/raw,1081,1043,144e01281e848a2a4c711cb0058eddc75099bb40,d3881a1328862a39dc4af32e15c4826237a09adca2da7038eafb5659ddb68bb4,8bda06ce0251beedd6a5f2cd61a08ef37682841102d3b9d86a1ab602640baf4e,BAX,True,True,overlap,eligible_in_both_retrievals,True
2026-07-01T053352Z,2026-07-01T05:33:52.980988+00:00,2026-07-01T07:21:20.090043+00:00,2026-06-30,data/prospective/daily_qvp/snapshots/2026-07-01T053352Z/raw,1081,1043,144e01281e848a2a4c711cb0058eddc75099bb40,d3881a1328862a39dc4af32e15c4826237a09adca2da7038eafb5659ddb68bb4,8bda06ce0251beedd6a5f2cd61a08ef37682841102d3b9d86a1ab602640baf4e,BBIO,True,True,overlap,eligible_in_both_retrievals,True
2026-07-01T053352Z,2026-07-01T05:33:52.980988+00:00,2026-07-01T07:21:20.090043+00:00,2026-06-30,data/prospective/daily_qvp/snapshots/2026-07-01T053352Z/raw,1081,1043,144e01281e848a2a4c711cb0058eddc75099bb40,d3881a1328862a39dc4af32e15c4826237a09adca2da7038eafb5659ddb68bb4,8bda06ce0251beedd6a5f2cd61a08ef37682841102d3b9d86a1ab602640baf4e,BBWI,True,True,overlap,eligible_in_both_retrievals,True
2026-07-01T053352Z,2026-07-01T05:33:52.980988+00:00,2026-07-01T07:21:20.090043+00:00,2026-06-30,data/prospective/daily_qvp/snapshots/2026-07-01T053352Z/raw,1081,1043,144e01281e848a2a4c711cb0058eddc75099bb40,d3881a1328862a39dc4af32e15c4826237a09adca2da7038eafb5659ddb68bb4,8bda06ce0251beedd6a5f2cd61a08ef37682841102d3b9d86a1ab602640baf4e,BBY,True,True,overlap,eligible_in_both_retrievals,True
2026-07-01T053352Z,2026-07-01T05:33:52.980988+00:00,2026-07-01T07:21:20.090043+00:00,2026-06-30,data/prospective/daily_qvp/snapshots/2026-07-01T053352Z/raw,1081,1043,144e01281e848a2a4c711cb0058eddc75099bb40,d3881a1328862a39dc4af32e15c4826237a09adca2da7038eafb5659ddb68bb4,8bda06ce0251beedd6a5f2cd61a08ef37682841102d3b9d86a1ab602640baf4e,BC,True,True,overlap,eligible_in_both_retrievals,True
2026-07-01T053352Z,2026-07-01T05:33:52.980988+00:00,2026-07-01T07:21:20.090043+00:00,2026-06-30,data/prospective/daily_qvp/snapshots/2026-07-01T053352Z/raw,1081,1043,144e01281e848a2a4c711cb0058eddc75099bb40,d3881a1328862a39dc4af32e15c4826237a09adca2da7038eafb5659ddb68bb4,8bda06ce0251beedd6a5f2cd61a08ef37682841102d3b9d86a1ab602640baf4e,BCC,True,True,overlap,eligible_in_both_retrievals,True
2026-07-01T053352Z,2026-07-01T05:33:52.980988+00:00,2026-07-01T07:21:20.090043+00:00,2026-06-30,data/prospective/daily_qvp/snapshots/2026-07-01T053352Z/raw,1081,1043,144e01281e848a2a4c711cb0058eddc75099bb40,d3881a1328862a39dc4af32e15c4826237a09adca2da7038eafb5659ddb68bb4,8bda06ce0251beedd6a5f2cd61a08ef37682841102d3b9d86a1ab602640baf4e,BCO,True,True,overlap,eligible_in_both_retrievals,True
2026-07-01T053352Z,2026-07-01T05:33:52.980988+00:00,2026-07-01T07:21:20.090043+00:00,2026-06-30,data/prospective/daily_qvp/snapshots/2026-07-01T053352Z/raw,1081,1043,144e01281e848a2a4c711cb0058eddc75099bb40,d3881a1328862a39dc4af32e15c4826237a09adca2da7038eafb5659ddb68bb4,8bda06ce0251beedd6a5f2cd61a08ef37682841102d3b9d86a1ab602640baf4e,BCPC,True,True,overlap,eligible_in_both_retrievals,True
2026-07-01T053352Z,2026-07-01T05:33:52.980988+00:00,2026-07-01T07:21:20.090043+00:00,2026-06-30,data/prospective/daily_qvp/snapshots/2026-07-01T053352Z/raw,1081,1043,144e01281e848a2a4c711cb0058eddc75099bb40,d3881a1328862a39dc4af32e15c4826237a09adca2da7038eafb5659ddb68bb4,8bda06ce0251beedd6a5f2cd61a08ef37682841102d3b9d86a1ab602640baf4e,BCRX,True,True,overlap,eligible_in_both_retrievals,True
2026-07-01T053352Z,2026-07-01T05:33:52.980988+00:00,2026-07-01T07:21:20.090043+00:00,2026-06-30,data/prospective/daily_qvp/snapshots/2026-07-01T053352Z/raw,1081,1043,144e01281e848a2a4c711cb0058eddc75099bb40,d3881a1328862a39dc4af32e15c4826237a09adca2da7038eafb5659ddb68bb4,8bda06ce0251beedd6a5f2cd61a08ef37682841102d3b9d86a1ab602640baf4e,BDC,True,True,overlap,eligible_in_both_retrievals,True
2026-07-01T053352Z,2026-07-01T05:33:52.980988+00:00,2026-07-01T07:21:20.090043+00:00,2026-06-30,data/prospective/daily_qvp/snapshots/2026-07-01T053352Z/raw,1081,1043,144e01281e848a2a4c711cb0058eddc75099bb40,d3881a1328862a39dc4af32e15c4826237a09adca2da7038eafb5659ddb68bb4,8bda06ce0251beedd6a5f2cd61a08ef37682841102d3b9d86a1ab602640baf4e,BDX,True,True,overlap,eligible_in_both_retrievals,True
2026-07-01T053352Z,2026-07-01T05:33:52.980988+00:00,2026-07-01T07:21:20.090043+00:00,2026-06-30,data/prospective/daily_qvp/snapshots/2026-07-01T053352Z/raw,1081,1043,144e01281e848a2a4c711cb0058eddc75099bb40,d3881a1328862a39dc4af32e15c4826237a09adca2da7038eafb5659ddb68bb4,8bda06ce0251beedd6a5f2cd61a08ef37682841102d3b9d86a1ab602640baf4e,BE,True,True,overlap,eligible_in_both_retrievals,True
2026-07-01T053352Z,2026-07-01T05:33:52.980988+00:00,2026-07-01T07:21:20.090043+00:00,2026-06-30,data/prospective/daily_qvp/snapshots/2026-07-01T053352Z/raw,1081,1043,144e01281e848a2a4c711cb0058eddc75099bb40,d3881a1328862a39dc4af32e15c4826237a09adca2da7038eafb5659ddb68bb4,8bda06ce0251beedd6a5f2cd61a08ef37682841102d3b9d86a1ab602640baf4e,BEAM,True,True,overlap,eligible_in_both_retrievals,False
2026-07-01T053352Z,2026-07-01T05:33:52.980988+00:00,2026-07-01T07:21:20.090043+00:00,2026-06-30,data/prospective/daily_qvp/snapshots/2026-07-01T053352Z/raw,1081,1043,144e01281e848a2a4c711cb0058eddc75099bb40,d3881a1328862a39dc4af32e15c4826237a09adca2da7038eafb5659ddb68bb4,8bda06ce0251beedd6a5f2cd61a08ef37682841102d3b9d86a1ab602640baf4e,BELFB,True,True,overlap,eligible_in_both_retrievals,True
2026-07-01T053352Z,2026-07-01T05:33:52.980988+00:00,2026-07-01T07:21:20.090043+00:00,2026-06-30,data/prospective/daily_qvp/snapshots/2026-07-01T053352Z/raw,1081,1043,144e01281e848a2a4c711cb0058eddc75099bb40,d3881a1328862a39dc4af32e15c4826237a09adca2da7038eafb5659ddb68bb4,8bda06ce0251beedd6a5f2cd61a08ef37682841102d3b9d86a1ab602640baf4e,BEPC,True,True,overlap,eligible_in_both_retrievals,True
2026-07-01T053352Z,2026-07-01T05:33:52.980988+00:00,2026-07-01T07:21:20.090043+00:00,2026-06-30,data/prospective/daily_qvp/snapshots/2026-07-01T053352Z/raw,1081,1043,144e01281e848a2a4c711cb0058eddc75099bb40,d3881a1328862a39dc4af32e15c4826237a09adca2da7038eafb5659ddb68bb4,8bda06ce0251beedd6a5f2cd61a08ef37682841102d3b9d86a1ab602640baf4e,BF-B,True,True,overlap,eligible_in_both_retrievals,True
2026-07-01T053352Z,2026-07-01T05:33:52.980988+00:00,2026-07-01T07:21:20.090043+00:00,2026-06-30,data/prospective/daily_qvp/snapshots/2026-07-01T053352Z/raw,1081,1043,144e01281e848a2a4c711cb0058eddc75099bb40,d3881a1328862a39dc4af32e15c4826237a09adca2da7038eafb5659ddb68bb4,8bda06ce0251beedd6a5f2cd61a08ef37682841102d3b9d86a1ab602640baf4e,BFAM,True,True,overlap,eligible_in_both_retrievals,True
2026-07-01T053352Z,2026-07-01T05:33:52.980988+00:00,2026-07-01T07:21:20.090043+00:00,2026-06-30,data/prospective/daily_qvp/snapshots/2026-07-01T053352Z/raw,1081,1043,144e01281e848a2a4c711cb0058eddc75099bb40,d3881a1328862a39dc4af32e15c4826237a09adca2da7038eafb5659ddb68bb4,8bda06ce0251beedd6a5f2cd61a08ef37682841102d3b9d86a1ab602640baf4e,BFLY,True,True,overlap,eligible_in_both_retrievals,True
2026-07-01T053352Z,2026-07-01T05:33:52.980988+00:00,2026-07-01T07:21:20.090043+00:00,2026-06-30,data/prospective/daily_qvp/snapshots/2026-07-01T053352Z/raw,1081,1043,144e01281e848a2a4c711cb0058eddc75099bb40,d3881a1328862a39dc4af32e15c4826237a09adca2da7038eafb5659ddb68bb4,8bda06ce0251beedd6a5f2cd61a08ef37682841102d3b9d86a1ab602640baf4e,BG,True,True,overlap,eligible_in_both_retrievals,True
2026-07-01T053352Z,2026-07-01T05:33:52.980988+00:00,2026-07-01T07:21:20.090043+00:00,2026-06-30,data/prospective/daily_qvp/snapshots/2026-07-01T053352Z/raw,1081,1043,144e01281e848a2a4c711cb0058eddc75099bb40,d3881a1328862a39dc4af32e15c4826237a09adca2da7038eafb5659ddb68bb4,8bda06ce0251beedd6a5f2cd61a08ef37682841102d3b9d86a1ab602640baf4e,BHE,True,True,overlap,eligible_in_both_retrievals,True
2026-07-01T053352Z,2026-07-01T05:33:52.980988+00:00,2026-07-01T07:21:20.090043+00:00,2026-06-30,data/prospective/daily_qvp/snapshots/2026-07-01T053352Z/raw,1081,1043,144e01281e848a2a4c711cb0058eddc75099bb40,d3881a1328862a39dc4af32e15c4826237a09adca2da7038eafb5659ddb68bb4,8bda06ce0251beedd6a5f2cd61a08ef37682841102d3b9d86a1ab602640baf4e,BHVN,True,True,overlap,eligible_in_both_retrievals,False
2026-07-01T053352Z,2026-07-01T05:33:52.980988+00:00,2026-07-01T07:21:20.090043+00:00,2026-06-30,data/prospective/daily_qvp/snapshots/2026-07-01T053352Z/raw,1081,1043,144e01281e848a2a4c711cb0058eddc75099bb40,d3881a1328862a39dc4af32e15c4826237a09adca2da7038eafb5659ddb68bb4,8bda06ce0251beedd6a5f2cd61a08ef37682841102d3b9d86a1ab602640baf4e,BIIB,True,True,overlap,eligible_in_both_retrievals,True
2026-07-01T053352Z,2026-07-01T05:33:52.980988+00:00,2026-07-01T07:21:20.090043+00:00,2026-06-30,data/prospective/daily_qvp/snapshots/2026-07-01T053352Z/raw,1081,1043,144e01281e848a2a4c711cb0058eddc75099bb40,d3881a1328862a39dc4af32e15c4826237a09adca2da7038eafb5659ddb68bb4,8bda06ce0251beedd6a5f2cd61a08ef37682841102d3b9d86a1ab602640baf4e,BILL,True,True,overlap,eligible_in_both_retrievals,True
2026-07-01T053352Z,2026-07-01T05:33:52.980988+00:00,2026-07-01T07:21:20.090043+00:00,2026-06-30,data/prospective/daily_qvp/snapshots/2026-07-01T053352Z/raw,1081,1043,144e01281e848a2a4c711cb0058eddc75099bb40,d3881a1328862a39dc4af32e15c4826237a09adca2da7038eafb5659ddb68bb4,8bda06ce0251beedd6a5f2cd61a08ef37682841102d3b9d86a1ab602640baf4e,BIO,True,True,overlap,eligible_in_both_retrievals,True
2026-07-01T053352Z,2026-07-01T05:33:52.980988+00:00,2026-07-01T07:21:20.090043+00:00,2026-06-30,data/prospective/daily_qvp/snapshots/2026-07-01T053352Z/raw,1081,1043,144e01281e848a2a4c711cb0058eddc75099bb40,d3881a1328862a39dc4af32e15c4826237a09adca2da7038eafb5659ddb68bb4,8bda06ce0251beedd6a5f2cd61a08ef37682841102d3b9d86a1ab602640baf4e,BIPC,True,True,overlap,eligible_in_both_retrievals,True
2026-07-01T053352Z,2026-07-01T05:33:52.980988+00:00,2026-07-01T07:21:20.090043+00:00,2026-06-30,data/prospective/daily_qvp/snapshots/2026-07-01T053352Z/raw,1081,1043,144e01281e848a2a4c711cb0058eddc75099bb40,d3881a1328862a39dc4af32e15c4826237a09adca2da7038eafb5659ddb68bb4,8bda06ce0251beedd6a5f2cd61a08ef37682841102d3b9d86a1ab602640baf4e,BJ,True,True,overlap,eligible_in_both_retrievals,True
2026-07-01T053352Z,2026-07-01T05:33:52.980988+00:00,2026-07-01T07:21:20.090043+00:00,2026-06-30,data/prospective/daily_qvp/snapshots/2026-07-01T053352Z/raw,1081,1043,144e01281e848a2a4c711cb0058eddc75099bb40,d3881a1328862a39dc4af32e15c4826237a09adca2da7038eafb5659ddb68bb4,8bda06ce0251beedd6a5f2cd61a08ef37682841102d3b9d86a1ab602640baf4e,BKD,True,True,overlap,eligible_in_both_retrievals,True
2026-07-01T053352Z,2026-07-01T05:33:52.980988+00:00,2026-07-01T07:21:20.090043+00:00,2026-06-30,data/prospective/daily_qvp/snapshots/2026-07-01T053352Z/raw,1081,1043,144e01281e848a2a4c711cb0058eddc75099bb40,d3881a1328862a39dc4af32e15c4826237a09adca2da7038eafb5659ddb68bb4,8bda06ce0251beedd6a5f2cd61a08ef37682841102d3b9d86a1ab602640baf4e,BKE,True,True,overlap,eligible_in_both_retrievals,True
2026-07-01T053352Z,2026-07-01T05:33:52.980988+00:00,2026-07-01T07:21:20.090043+00:00,2026-06-30,data/prospective/daily_qvp/snapshots/2026-07-01T053352Z/raw,1081,1043,144e01281e848a2a4c711cb0058eddc75099bb40,d3881a1328862a39dc4af32e15c4826237a09adca2da7038eafb5659ddb68bb4,8bda06ce0251beedd6a5f2cd61a08ef37682841102d3b9d86a1ab602640baf4e,BKH,True,True,overlap,eligible_in_both_retrievals,True
2026-07-01T053352Z,2026-07-01T05:33:52.980988+00:00,2026-07-01T07:21:20.090043+00:00,2026-06-30,data/prospective/daily_qvp/snapshots/2026-07-01T053352Z/raw,1081,1043,144e01281e848a2a4c711cb0058eddc75099bb40,d3881a1328862a39dc4af32e15c4826237a09adca2da7038eafb5659ddb68bb4,8bda06ce0251beedd6a5f2cd61a08ef37682841102d3b9d86a1ab602640baf4e,BKNG,True,True,overlap,eligible_in_both_retrievals,False
2026-07-01T053352Z,2026-07-01T05:33:52.980988+00:00,2026-07-01T07:21:20.090043+00:00,2026-06-30,data/prospective/daily_qvp/snapshots/2026-07-01T053352Z/raw,1081,1043,144e01281e848a2a4c711cb0058eddc75099bb40,d3881a1328862a39dc4af32e15c4826237a09adca2da7038eafb5659ddb68bb4,8bda06ce0251beedd6a5f2cd61a08ef37682841102d3b9d86a1ab602640baf4e,BKR,True,True,overlap,eligible_in_both_retrievals,True
2026-07-01T053352Z,2026-07-01T05:33:52.980988+00:00,2026-07-01T07:21:20.090043+00:00,2026-06-30,data/prospective/daily_qvp/snapshots/2026-07-01T053352Z/raw,1081,1043,144e01281e848a2a4c711cb0058eddc75099bb40,d3881a1328862a39dc4af32e15c4826237a09adca2da7038eafb5659ddb68bb4,8bda06ce0251beedd6a5f2cd61a08ef37682841102d3b9d86a1ab602640baf4e,BLD,True,True,overlap,eligible_in_both_retrievals,True
2026-07-01T053352Z,2026-07-01T05:33:52.980988+00:00,2026-07-01T07:21:20.090043+00:00,2026-06-30,data/prospective/daily_qvp/snapshots/2026-07-01T053352Z/raw,1081,1043,144e01281e848a2a4c711cb0058eddc75099bb40,d3881a1328862a39dc4af32e15c4826237a09adca2da7038eafb5659ddb68bb4,8bda06ce0251beedd6a5f2cd61a08ef37682841102d3b9d86a1ab602640baf4e,BLDR,True,True,overlap,eligible_in_both_retrievals,True
2026-07-01T053352Z,2026-07-01T05:33:52.980988+00:00,2026-07-01T07:21:20.090043+00:00,2026-06-30,data/prospective/daily_qvp/snapshots/2026-07-01T053352Z/raw,1081,1043,144e01281e848a2a4c711cb0058eddc75099bb40,d3881a1328862a39dc4af32e15c4826237a09adca2da7038eafb5659ddb68bb4,8bda06ce0251beedd6a5f2cd61a08ef37682841102d3b9d86a1ab602640baf4e,BMI,True,True,overlap,eligible_in_both_retrievals,False
2026-07-01T053352Z,2026-07-01T05:33:52.980988+00:00,2026-07-01T07:21:20.090043+00:00,2026-06-30,data/prospective/daily_qvp/snapshots/2026-07-01T053352Z/raw,1081,1043,144e01281e848a2a4c711cb0058eddc75099bb40,d3881a1328862a39dc4af32e15c4826237a09adca2da7038eafb5659ddb68bb4,8bda06ce0251beedd6a5f2cd61a08ef37682841102d3b9d86a1ab602640baf4e,BMRN,True,True,overlap,eligible_in_both_retrievals,True
2026-07-01T053352Z,2026-07-01T05:33:52.980988+00:00,2026-07-01T07:21:20.090043+00:00,2026-06-30,data/prospective/daily_qvp/snapshots/2026-07-01T053352Z/raw,1081,1043,144e01281e848a2a4c711cb0058eddc75099bb40,d3881a1328862a39dc4af32e15c4826237a09adca2da7038eafb5659ddb68bb4,8bda06ce0251beedd6a5f2cd61a08ef37682841102d3b9d86a1ab602640baf4e,BMY,True,True,overlap,eligible_in_both_retrievals,True
2026-07-01T053352Z,2026-07-01T05:33:52.980988+00:00,2026-07-01T07:21:20.090043+00:00,2026-06-30,data/prospective/daily_qvp/snapshots/2026-07-01T053352Z/raw,1081,1043,144e01281e848a2a4c711cb0058eddc75099bb40,d3881a1328862a39dc4af32e15c4826237a09adca2da7038eafb5659ddb68bb4,8bda06ce0251beedd6a5f2cd61a08ef37682841102d3b9d86a1ab602640baf4e,BOOT,True,True,overlap,eligible_in_both_retrievals,True
2026-07-01T053352Z,2026-07-01T05:33:52.980988+00:00,2026-07-01T07:21:20.090043+00:00,2026-06-30,data/prospective/daily_qvp/snapshots/2026-07-01T053352Z/raw,1081,1043,144e01281e848a2a4c711cb0058eddc75099bb40,d3881a1328862a39dc4af32e15c4826237a09adca2da7038eafb5659ddb68bb4,8bda06ce0251beedd6a5f2cd61a08ef37682841102d3b9d86a1ab602640baf4e,BOX,True,True,overlap,eligible_in_both_retrievals,True
2026-07-01T053352Z,2026-07-01T05:33:52.980988+00:00,2026-07-01T07:21:20.090043+00:00,2026-06-30,data/prospective/daily_qvp/snapshots/2026-07-01T053352Z/raw,1081,1043,144e01281e848a2a4c711cb0058eddc75099bb40,d3881a1328862a39dc4af32e15c4826237a09adca2da7038eafb5659ddb68bb4,8bda06ce0251beedd6a5f2cd61a08ef37682841102d3b9d86a1ab602640baf4e,BR,True,True,overlap,eligible_in_both_retrievals,True
2026-07-01T053352Z,2026-07-01T05:33:52.980988+00:00,2026-07-01T07:21:20.090043+00:00,2026-06-30,data/prospective/daily_qvp/snapshots/2026-07-01T053352Z/raw,1081,1043,144e01281e848a2a4c711cb0058eddc75099bb40,d3881a1328862a39dc4af32e15c4826237a09adca2da7038eafb5659ddb68bb4,8bda06ce0251beedd6a5f2cd61a08ef37682841102d3b9d86a1ab602640baf4e,BRC,True,True,overlap,eligible_in_both_retrievals,True
2026-07-01T053352Z,2026-07-01T05:33:52.980988+00:00,2026-07-01T07:21:20.090043+00:00,2026-06-30,data/prospective/daily_qvp/snapshots/2026-07-01T053352Z/raw,1081,1043,144e01281e848a2a4c711cb0058eddc75099bb40,d3881a1328862a39dc4af32e15c4826237a09adca2da7038eafb5659ddb68bb4,8bda06ce0251beedd6a5f2cd61a08ef37682841102d3b9d86a1ab602640baf4e,BRKR,True,True,overlap,eligible_in_both_retrievals,True
2026-07-01T053352Z,2026-07-01T05:33:52.980988+00:00,2026-07-01T07:21:20.090043+00:00,2026-06-30,data/prospective/daily_qvp/snapshots/2026-07-01T053352Z/raw,1081,1043,144e01281e848a2a4c711cb0058eddc75099bb40,d3881a1328862a39dc4af32e15c4826237a09adca2da7038eafb5659ddb68bb4,8bda06ce0251beedd6a5f2cd61a08ef37682841102d3b9d86a1ab602640baf4e,BROS,True,True,overlap,eligible_in_both_retrievals,True
2026-07-01T053352Z,2026-07-01T05:33:52.980988+00:00,2026-07-01T07:21:20.090043+00:00,2026-06-30,data/prospective/daily_qvp/snapshots/2026-07-01T053352Z/raw,1081,1043,144e01281e848a2a4c711cb0058eddc75099bb40,d3881a1328862a39dc4af32e15c4826237a09adca2da7038eafb5659ddb68bb4,8bda06ce0251beedd6a5f2cd61a08ef37682841102d3b9d86a1ab602640baf4e,BRZE,True,True,overlap,eligible_in_both_retrievals,True
2026-07-01T053352Z,2026-07-01T05:33:52.980988+00:00,2026-07-01T07:21:20.090043+00:00,2026-06-30,data/prospective/daily_qvp/snapshots/2026-07-01T053352Z/raw,1081,1043,144e01281e848a2a4c711cb0058eddc75099bb40,d3881a1328862a39dc4af32e15c4826237a09adca2da7038eafb5659ddb68bb4,8bda06ce0251beedd6a5f2cd61a08ef37682841102d3b9d86a1ab602640baf4e,BSX,True,True,overlap,eligible_in_both_retrievals,True
2026-07-01T053352Z,2026-07-01T05:33:52.980988+00:00,2026-07-01T07:21:20.090043+00:00,2026-06-30,data/prospective/daily_qvp/snapshots/2026-07-01T053352Z/raw,1081,1043,144e01281e848a2a4c711cb0058eddc75099bb40,d3881a1328862a39dc4af32e15c4826237a09adca2da7038eafb5659ddb68bb4,8bda06ce0251beedd6a5f2cd61a08ef37682841102d3b9d86a1ab602640baf4e,BSY,True,True,overlap,eligible_in_both_retrievals,True
2026-07-01T053352Z,2026-07-01T05:33:52.980988+00:00,2026-07-01T07:21:20.090043+00:00,2026-06-30,data/prospective/daily_qvp/snapshots/2026-07-01T053352Z/raw,1081,1043,144e01281e848a2a4c711cb0058eddc75099bb40,d3881a1328862a39dc4af32e15c4826237a09adca2da7038eafb5659ddb68bb4,8bda06ce0251beedd6a5f2cd61a08ef37682841102d3b9d86a1ab602640baf4e,BTSG,True,True,overlap,eligible_in_both_retrievals,True
2026-07-01T053352Z,2026-07-01T05:33:52.980988+00:00,2026-07-01T07:21:20.090043+00:00,2026-06-30,data/prospective/daily_qvp/snapshots/2026-07-01T053352Z/raw,1081,1043,144e01281e848a2a4c711cb0058eddc75099bb40,d3881a1328862a39dc4af32e15c4826237a09adca2da7038eafb5659ddb68bb4,8bda06ce0251beedd6a5f2cd61a08ef37682841102d3b9d86a1ab602640baf4e,BTU,True,True,overlap,eligible_in_both_retrievals,True
2026-07-01T053352Z,2026-07-01T05:33:52.980988+00:00,2026-07-01T07:21:20.090043+00:00,2026-06-30,data/prospective/daily_qvp/snapshots/2026-07-01T053352Z/raw,1081,1043,144e01281e848a2a4c711cb0058eddc75099bb40,d3881a1328862a39dc4af32e15c4826237a09adca2da7038eafb5659ddb68bb4,8bda06ce0251beedd6a5f2cd61a08ef37682841102d3b9d86a1ab602640baf4e,BURL,True,True,overlap,eligible_in_both_retrievals,True
2026-07-01T053352Z,2026-07-01T05:33:52.980988+00:00,2026-07-01T07:21:20.090043+00:00,2026-06-30,data/prospective/daily_qvp/snapshots/2026-07-01T053352Z/raw,1081,1043,144e01281e848a2a4c711cb0058eddc75099bb40,d3881a1328862a39dc4af32e15c4826237a09adca2da7038eafb5659ddb68bb4,8bda06ce0251beedd6a5f2cd61a08ef37682841102d3b9d86a1ab602640baf4e,BW,True,True,overlap,eligible_in_both_retrievals,True
2026-07-01T053352Z,2026-07-01T05:33:52.980988+00:00,2026-07-01T07:21:20.090043+00:00,2026-06-30,data/prospective/daily_qvp/snapshots/2026-07-01T053352Z/raw,1081,1043,144e01281e848a2a4c711cb0058eddc75099bb40,d3881a1328862a39dc4af32e15c4826237a09adca2da7038eafb5659ddb68bb4,8bda06ce0251beedd6a5f2cd61a08ef37682841102d3b9d86a1ab602640baf4e,BWA,True,True,overlap,eligible_in_both_retrievals,True
2026-07-01T053352Z,2026-07-01T05:33:52.980988+00:00,2026-07-01T07:21:20.090043+00:00,2026-06-30,data/prospective/daily_qvp/snapshots/2026-07-01T053352Z/raw,1081,1043,144e01281e848a2a4c711cb0058eddc75099bb40,d3881a1328862a39dc4af32e15c4826237a09adca2da7038eafb5659ddb68bb4,8bda06ce0251beedd6a5f2cd61a08ef37682841102d3b9d86a1ab602640baf4e,BWXT,True,True,overlap,eligible_in_both_retrievals,True
2026-07-01T053352Z,2026-07-01T05:33:52.980988+00:00,2026-07-01T07:21:20.090043+00:00,2026-06-30,data/prospective/daily_qvp/snapshots/2026-07-01T053352Z/raw,1081,1043,144e01281e848a2a4c711cb0058eddc75099bb40,d3881a1328862a39dc4af32e15c4826237a09adca2da7038eafb5659ddb68bb4,8bda06ce0251beedd6a5f2cd61a08ef37682841102d3b9d86a1ab602640baf4e,BYD,True,True,overlap,eligible_in_both_retrievals,True
2026-07-01T053352Z,2026-07-01T05:33:52.980988+00:00,2026-07-01T07:21:20.090043+00:00,2026-06-30,data/prospective/daily_qvp/snapshots/2026-07-01T053352Z/raw,1081,1043,144e01281e848a2a4c711cb0058eddc75099bb40,d3881a1328862a39dc4af32e15c4826237a09adca2da7038eafb5659ddb68bb4,8bda06ce0251beedd6a5f2cd61a08ef37682841102d3b9d86a1ab602640baf4e,CACI,True,True,overlap,eligible_in_both_retrievals,True
2026-07-01T053352Z,2026-07-01T05:33:52.980988+00:00,2026-07-01T07:21:20.090043+00:00,2026-06-30,data/prospective/daily_qvp/snapshots/2026-07-01T053352Z/raw,1081,1043,144e01281e848a2a4c711cb0058eddc75099bb40,d3881a1328862a39dc4af32e15c4826237a09adca2da7038eafb5659ddb68bb4,8bda06ce0251beedd6a5f2cd61a08ef37682841102d3b9d86a1ab602640baf4e,CAG,True,True,overlap,eligible_in_both_retrievals,True
2026-07-01T053352Z,2026-07-01T05:33:52.980988+00:00,2026-07-01T07:21:20.090043+00:00,2026-06-30,data/prospective/daily_qvp/snapshots/2026-07-01T053352Z/raw,1081,1043,144e01281e848a2a4c711cb0058eddc75099bb40,d3881a1328862a39dc4af32e15c4826237a09adca2da7038eafb5659ddb68bb4,8bda06ce0251beedd6a5f2cd61a08ef37682841102d3b9d86a1ab602640baf4e,CAH,True,True,overlap,eligible_in_both_retrievals,True
2026-07-01T053352Z,2026-07-01T05:33:52.980988+00:00,2026-07-01T07:21:20.090043+00:00,2026-06-30,data/prospective/daily_qvp/snapshots/2026-07-01T053352Z/raw,1081,1043,144e01281e848a2a4c711cb0058eddc75099bb40,d3881a1328862a39dc4af32e15c4826237a09adca2da7038eafb5659ddb68bb4,8bda06ce0251beedd6a5f2cd61a08ef37682841102d3b9d86a1ab602640baf4e,CAKE,True,True,overlap,eligible_in_both_retrievals,True
2026-07-01T053352Z,2026-07-01T05:33:52.980988+00:00,2026-07-01T07:21:20.090043+00:00,2026-06-30,data/prospective/daily_qvp/snapshots/2026-07-01T053352Z/raw,1081,1043,144e01281e848a2a4c711cb0058eddc75099bb40,d3881a1328862a39dc4af32e15c4826237a09adca2da7038eafb5659ddb68bb4,8bda06ce0251beedd6a5f2cd61a08ef37682841102d3b9d86a1ab602640baf4e,CALM,True,True,overlap,eligible_in_both_retrievals,True
2026-07-01T053352Z,2026-07-01T05:33:52.980988+00:00,2026-07-01T07:21:20.090043+00:00,2026-06-30,data/prospective/daily_qvp/snapshots/2026-07-01T053352Z/raw,1081,1043,144e01281e848a2a4c711cb0058eddc75099bb40,d3881a1328862a39dc4af32e15c4826237a09adca2da7038eafb5659ddb68bb4,8bda06ce0251beedd6a5f2cd61a08ef37682841102d3b9d86a1ab602640baf4e,CALX,True,True,overlap,eligible_in_both_retrievals,True
2026-07-01T053352Z,2026-07-01T05:33:52.980988+00:00,2026-07-01T07:21:20.090043+00:00,2026-06-30,data/prospective/daily_qvp/snapshots/2026-07-01T053352Z/raw,1081,1043,144e01281e848a2a4c711cb0058eddc75099bb40,d3881a1328862a39dc4af32e15c4826237a09adca2da7038eafb5659ddb68bb4,8bda06ce0251beedd6a5f2cd61a08ef37682841102d3b9d86a1ab602640baf4e,CALY,True,True,overlap,eligible_in_both_retrievals,True
2026-07-01T053352Z,2026-07-01T05:33:52.980988+00:00,2026-07-01T07:21:20.090043+00:00,2026-06-30,data/prospective/daily_qvp/snapshots/2026-07-01T053352Z/raw,1081,1043,144e01281e848a2a4c711cb0058eddc75099bb40,d3881a1328862a39dc4af32e15c4826237a09adca2da7038eafb5659ddb68bb4,8bda06ce0251beedd6a5f2cd61a08ef37682841102d3b9d86a1ab602640baf4e,CAR,True,True,overlap,eligible_in_both_retrievals,True
2026-07-01T053352Z,2026-07-01T05:33:52.980988+00:00,2026-07-01T07:21:20.090043+00:00,2026-06-30,data/prospective/daily_qvp/snapshots/2026-07-01T053352Z/raw,1081,1043,144e01281e848a2a4c711cb0058eddc75099bb40,d3881a1328862a39dc4af32e15c4826237a09adca2da7038eafb5659ddb68bb4,8bda06ce0251beedd6a5f2cd61a08ef37682841102d3b9d86a1ab602640baf4e,CARG,True,True,overlap,eligible_in_both_retrievals,True
2026-07-01T053352Z,2026-07-01T05:33:52.980988+00:00,2026-07-01T07:21:20.090043+00:00,2026-06-30,data/prospective/daily_qvp/snapshots/2026-07-01T053352Z/raw,1081,1043,144e01281e848a2a4c711cb0058eddc75099bb40,d3881a1328862a39dc4af32e15c4826237a09adca2da7038eafb5659ddb68bb4,8bda06ce0251beedd6a5f2cd61a08ef37682841102d3b9d86a1ab602640baf4e,CARR,True,True,overlap,eligible_in_both_retrievals,True
2026-07-01T053352Z,2026-07-01T05:33:52.980988+00:00,2026-07-01T07:21:20.090043+00:00,2026-06-30,data/prospective/daily_qvp/snapshots/2026-07-01T053352Z/raw,1081,1043,144e01281e848a2a4c711cb0058eddc75099bb40,d3881a1328862a39dc4af32e15c4826237a09adca2da7038eafb5659ddb68bb4,8bda06ce0251beedd6a5f2cd61a08ef37682841102d3b9d86a1ab602640baf4e,CART,True,True,overlap,eligible_in_both_retrievals,True
2026-07-01T053352Z,2026-07-01T05:33:52.980988+00:00,2026-07-01T07:21:20.090043+00:00,2026-06-30,data/prospective/daily_qvp/snapshots/2026-07-01T053352Z/raw,1081,1043,144e01281e848a2a4c711cb0058eddc75099bb40,d3881a1328862a39dc4af32e15c4826237a09adca2da7038eafb5659ddb68bb4,8bda06ce0251beedd6a5f2cd61a08ef37682841102d3b9d86a1ab602640baf4e,CASY,True,True,overlap,eligible_in_both_retrievals,True
2026-07-01T053352Z,2026-07-01T05:33:52.980988+00:00,2026-07-01T07:21:20.090043+00:00,2026-06-30,data/prospective/daily_qvp/snapshots/2026-07-01T053352Z/raw,1081,1043,144e01281e848a2a4c711cb0058eddc75099bb40,d3881a1328862a39dc4af32e15c4826237a09adca2da7038eafb5659ddb68bb4,8bda06ce0251beedd6a5f2cd61a08ef37682841102d3b9d86a1ab602640baf4e,CAT,True,True,overlap,eligible_in_both_retrievals,True
2026-07-01T053352Z,2026-07-01T05:33:52.980988+00:00,2026-07-01T07:21:20.090043+00:00,2026-06-30,data/prospective/daily_qvp/snapshots/2026-07-01T053352Z/raw,1081,1043,144e01281e848a2a4c711cb0058eddc75099bb40,d3881a1328862a39dc4af32e15c4826237a09adca2da7038eafb5659ddb68bb4,8bda06ce0251beedd6a5f2cd61a08ef37682841102d3b9d86a1ab602640baf4e,CAVA,True,True,overlap,eligible_in_both_retrievals,True
2026-07-01T053352Z,2026-07-01T05:33:52.980988+00:00,2026-07-01T07:21:20.090043+00:00,2026-06-30,data/prospective/daily_qvp/snapshots/2026-07-01T053352Z/raw,1081,1043,144e01281e848a2a4c711cb0058eddc75099bb40,d3881a1328862a39dc4af32e15c4826237a09adca2da7038eafb5659ddb68bb4,8bda06ce0251beedd6a5f2cd61a08ef37682841102d3b9d86a1ab602640baf4e,CBT,True,True,overlap,eligible_in_both_retrievals,True
2026-07-01T053352Z,2026-07-01T05:33:52.980988+00:00,2026-07-01T07:21:20.090043+00:00,2026-06-30,data/prospective/daily_qvp/snapshots/2026-07-01T053352Z/raw,1081,1043,144e01281e848a2a4c711cb0058eddc75099bb40,d3881a1328862a39dc4af32e15c4826237a09adca2da7038eafb5659ddb68bb4,8bda06ce0251beedd6a5f2cd61a08ef37682841102d3b9d86a1ab602640baf4e,CC,True,True,overlap,eligible_in_both_retrievals,True
2026-07-01T053352Z,2026-07-01T05:33:52.980988+00:00,2026-07-01T07:21:20.090043+00:00,2026-06-30,data/prospective/daily_qvp/snapshots/2026-07-01T053352Z/raw,1081,1043,144e01281e848a2a4c711cb0058eddc75099bb40,d3881a1328862a39dc4af32e15c4826237a09adca2da7038eafb5659ddb68bb4,8bda06ce0251beedd6a5f2cd61a08ef37682841102d3b9d86a1ab602640baf4e,CCC,False,True,new_addition,recovered_by_essential_field_and_504_observation_retries_after_old_silent_enrichment_failure,True
2026-07-01T053352Z,2026-07-01T05:33:52.980988+00:00,2026-07-01T07:21:20.090043+00:00,2026-06-30,data/prospective/daily_qvp/snapshots/2026-07-01T053352Z/raw,1081,1043,144e01281e848a2a4c711cb0058eddc75099bb40,d3881a1328862a39dc4af32e15c4826237a09adca2da7038eafb5659ddb68bb4,8bda06ce0251beedd6a5f2cd61a08ef37682841102d3b9d86a1ab602640baf4e,CCK,True,True,overlap,eligible_in_both_retrievals,True
2026-07-01T053352Z,2026-07-01T05:33:52.980988+00:00,2026-07-01T07:21:20.090043+00:00,2026-06-30,data/prospective/daily_qvp/snapshots/2026-07-01T053352Z/raw,1081,1043,144e01281e848a2a4c711cb0058eddc75099bb40,d3881a1328862a39dc4af32e15c4826237a09adca2da7038eafb5659ddb68bb4,8bda06ce0251beedd6a5f2cd61a08ef37682841102d3b9d86a1ab602640baf4e,CCL,True,True,overlap,eligible_in_both_retrievals,True
2026-07-01T053352Z,2026-07-01T05:33:52.980988+00:00,2026-07-01T07:21:20.090043+00:00,2026-06-30,data/prospective/daily_qvp/snapshots/2026-07-01T053352Z/raw,1081,1043,144e01281e848a2a4c711cb0058eddc75099bb40,d3881a1328862a39dc4af32e15c4826237a09adca2da7038eafb5659ddb68bb4,8bda06ce0251beedd6a5f2cd61a08ef37682841102d3b9d86a1ab602640baf4e,CDE,True,True,overlap,eligible_in_both_retrievals,True
2026-07-01T053352Z,2026-07-01T05:33:52.980988+00:00,2026-07-01T07:21:20.090043+00:00,2026-06-30,data/prospective/daily_qvp/snapshots/2026-07-01T053352Z/raw,1081,1043,144e01281e848a2a4c711cb0058eddc75099bb40,d3881a1328862a39dc4af32e15c4826237a09adca2da7038eafb5659ddb68bb4,8bda06ce0251beedd6a5f2cd61a08ef37682841102d3b9d86a1ab602640baf4e,CDNS,True,True,overlap,eligible_in_both_retrievals,True
2026-07-01T053352Z,2026-07-01T05:33:52.980988+00:00,2026-07-01T07:21:20.090043+00:00,2026-06-30,data/prospective/daily_qvp/snapshots/2026-07-01T053352Z/raw,1081,1043,144e01281e848a2a4c711cb0058eddc75099bb40,d3881a1328862a39dc4af32e15c4826237a09adca2da7038eafb5659ddb68bb4,8bda06ce0251beedd6a5f2cd61a08ef37682841102d3b9d86a1ab602640baf4e,CDW,True,True,overlap,eligible_in_both_retrievals,True
2026-07-01T053352Z,2026-07-01T05:33:52.980988+00:00,2026-07-01T07:21:20.090043+00:00,2026-06-30,data/prospective/daily_qvp/snapshots/2026-07-01T053352Z/raw,1081,1043,144e01281e848a2a4c711cb0058eddc75099bb40,d3881a1328862a39dc4af32e15c4826237a09adca2da7038eafb5659ddb68bb4,8bda06ce0251beedd6a5f2cd61a08ef37682841102d3b9d86a1ab602640baf4e,CE,True,True,overlap,eligible_in_both_retrievals,True
2026-07-01T053352Z,2026-07-01T05:33:52.980988+00:00,2026-07-01T07:21:20.090043+00:00,2026-06-30,data/prospective/daily_qvp/snapshots/2026-07-01T053352Z/raw,1081,1043,144e01281e848a2a4c711cb0058eddc75099bb40,d3881a1328862a39dc4af32e15c4826237a09adca2da7038eafb5659ddb68bb4,8bda06ce0251beedd6a5f2cd61a08ef37682841102d3b9d86a1ab602640baf4e,CECO,True,True,overlap,eligible_in_both_retrievals,True
2026-07-01T053352Z,2026-07-01T05:33:52.980988+00:00,2026-07-01T07:21:20.090043+00:00,2026-06-30,data/prospective/daily_qvp/snapshots/2026-07-01T053352Z/raw,1081,1043,144e01281e848a2a4c711cb0058eddc75099bb40,d3881a1328862a39dc4af32e15c4826237a09adca2da7038eafb5659ddb68bb4,8bda06ce0251beedd6a5f2cd61a08ef37682841102d3b9d86a1ab602640baf4e,CEG,True,True,overlap,eligible_in_both_retrievals,True
2026-07-01T053352Z,2026-07-01T05:33:52.980988+00:00,2026-07-01T07:21:20.090043+00:00,2026-06-30,data/prospective/daily_qvp/snapshots/2026-07-01T053352Z/raw,1081,1043,144e01281e848a2a4c711cb0058eddc75099bb40,d3881a1328862a39dc4af32e15c4826237a09adca2da7038eafb5659ddb68bb4,8bda06ce0251beedd6a5f2cd61a08ef37682841102d3b9d86a1ab602640baf4e,CENTA,True,True,overlap,eligible_in_both_retrievals,True
2026-07-01T053352Z,2026-07-01T05:33:52.980988+00:00,2026-07-01T07:21:20.090043+00:00,2026-06-30,data/prospective/daily_qvp/snapshots/2026-07-01T053352Z/raw,1081,1043,144e01281e848a2a4c711cb0058eddc75099bb40,d3881a1328862a39dc4af32e15c4826237a09adca2da7038eafb5659ddb68bb4,8bda06ce0251beedd6a5f2cd61a08ef37682841102d3b9d86a1ab602640baf4e,CENX,True,True,overlap,eligible_in_both_retrievals,True
2026-07-01T053352Z,2026-07-01T05:33:52.980988+00:00,2026-07-01T07:21:20.090043+00:00,2026-06-30,data/prospective/daily_qvp/snapshots/2026-07-01T053352Z/raw,1081,1043,144e01281e848a2a4c711cb0058eddc75099bb40,d3881a1328862a39dc4af32e15c4826237a09adca2da7038eafb5659ddb68bb4,8bda06ce0251beedd6a5f2cd61a08ef37682841102d3b9d86a1ab602640baf4e,CF,True,True,overlap,eligible_in_both_retrievals,True
2026-07-01T053352Z,2026-07-01T05:33:52.980988+00:00,2026-07-01T07:21:20.090043+00:00,2026-06-30,data/prospective/daily_qvp/snapshots/2026-07-01T053352Z/raw,1081,1043,144e01281e848a2a4c711cb0058eddc75099bb40,d3881a1328862a39dc4af32e15c4826237a09adca2da7038eafb5659ddb68bb4,8bda06ce0251beedd6a5f2cd61a08ef37682841102d3b9d86a1ab602640baf4e,CGNX,True,True,overlap,eligible_in_both_retrievals,True
2026-07-01T053352Z,2026-07-01T05:33:52.980988+00:00,2026-07-01T07:21:20.090043+00:00,2026-06-30,data/prospective/daily_qvp/snapshots/2026-07-01T053352Z/raw,1081,1043,144e01281e848a2a4c711cb0058eddc75099bb40,d3881a1328862a39dc4af32e15c4826237a09adca2da7038eafb5659ddb68bb4,8bda06ce0251beedd6a5f2cd61a08ef37682841102d3b9d86a1ab602640baf4e,CGON,True,True,overlap,eligible_in_both_retrievals,True
2026-07-01T053352Z,2026-07-01T05:33:52.980988+00:00,2026-07-01T07:21:20.090043+00:00,2026-06-30,data/prospective/daily_qvp/snapshots/2026-07-01T053352Z/raw,1081,1043,144e01281e848a2a4c711cb0058eddc75099bb40,d3881a1328862a39dc4af32e15c4826237a09adca2da7038eafb5659ddb68bb4,8bda06ce0251beedd6a5f2cd61a08ef37682841102d3b9d86a1ab602640baf4e,CHD,True,True,overlap,eligible_in_both_retrievals,True
2026-07-01T053352Z,2026-07-01T05:33:52.980988+00:00,2026-07-01T07:21:20.090043+00:00,2026-06-30,data/prospective/daily_qvp/snapshots/2026-07-01T053352Z/raw,1081,1043,144e01281e848a2a4c711cb0058eddc75099bb40,d3881a1328862a39dc4af32e15c4826237a09adca2da7038eafb5659ddb68bb4,8bda06ce0251beedd6a5f2cd61a08ef37682841102d3b9d86a1ab602640baf4e,CHDN,True,True,overlap,eligible_in_both_retrievals,True
2026-07-01T053352Z,2026-07-01T05:33:52.980988+00:00,2026-07-01T07:21:20.090043+00:00,2026-06-30,data/prospective/daily_qvp/snapshots/2026-07-01T053352Z/raw,1081,1043,144e01281e848a2a4c711cb0058eddc75099bb40,d3881a1328862a39dc4af32e15c4826237a09adca2da7038eafb5659ddb68bb4,8bda06ce0251beedd6a5f2cd61a08ef37682841102d3b9d86a1ab602640baf4e,CHE,True,True,overlap,eligible_in_both_retrievals,True
2026-07-01T053352Z,2026-07-01T05:33:52.980988+00:00,2026-07-01T07:21:20.090043+00:00,2026-06-30,data/prospective/daily_qvp/snapshots/2026-07-01T053352Z/raw,1081,1043,144e01281e848a2a4c711cb0058eddc75099bb40,d3881a1328862a39dc4af32e15c4826237a09adca2da7038eafb5659ddb68bb4,8bda06ce0251beedd6a5f2cd61a08ef37682841102d3b9d86a1ab602640baf4e,CHEF,True,True,overlap,eligible_in_both_retrievals,True
2026-07-01T053352Z,2026-07-01T05:33:52.980988+00:00,2026-07-01T07:21:20.090043+00:00,2026-06-30,data/prospective/daily_qvp/snapshots/2026-07-01T053352Z/raw,1081,1043,144e01281e848a2a4c711cb0058eddc75099bb40,d3881a1328862a39dc4af32e15c4826237a09adca2da7038eafb5659ddb68bb4,8bda06ce0251beedd6a5f2cd61a08ef37682841102d3b9d86a1ab602640baf4e,CHH,True,True,overlap,eligible_in_both_retrievals,True
2026-07-01T053352Z,2026-07-01T05:33:52.980988+00:00,2026-07-01T07:21:20.090043+00:00,2026-06-30,data/prospective/daily_qvp/snapshots/2026-07-01T053352Z/raw,1081,1043,144e01281e848a2a4c711cb0058eddc75099bb40,d3881a1328862a39dc4af32e15c4826237a09adca2da7038eafb5659ddb68bb4,8bda06ce0251beedd6a5f2cd61a08ef37682841102d3b9d86a1ab602640baf4e,CHRD,True,True,overlap,eligible_in_both_retrievals,True
2026-07-01T053352Z,2026-07-01T05:33:52.980988+00:00,2026-07-01T07:21:20.090043+00:00,2026-06-30,data/prospective/daily_qvp/snapshots/2026-07-01T053352Z/raw,1081,1043,144e01281e848a2a4c711cb0058eddc75099bb40,d3881a1328862a39dc4af32e15c4826237a09adca2da7038eafb5659ddb68bb4,8bda06ce0251beedd6a5f2cd61a08ef37682841102d3b9d86a1ab602640baf4e,CHRW,True,True,overlap,eligible_in_both_retrievals,True
2026-07-01T053352Z,2026-07-01T05:33:52.980988+00:00,2026-07-01T07:21:20.090043+00:00,2026-06-30,data/prospective/daily_qvp/snapshots/2026-07-01T053352Z/raw,1081,1043,144e01281e848a2a4c711cb0058eddc75099bb40,d3881a1328862a39dc4af32e15c4826237a09adca2da7038eafb5659ddb68bb4,8bda06ce0251beedd6a5f2cd61a08ef37682841102d3b9d86a1ab602640baf4e,CHTR,True,True,overlap,eligible_in_both_retrievals,True
2026-07-01T053352Z,2026-07-01T05:33:52.980988+00:00,2026-07-01T07:21:20.090043+00:00,2026-06-30,data/prospective/daily_qvp/snapshots/2026-07-01T053352Z/raw,1081,1043,144e01281e848a2a4c711cb0058eddc75099bb40,d3881a1328862a39dc4af32e15c4826237a09adca2da7038eafb5659ddb68bb4,8bda06ce0251beedd6a5f2cd61a08ef37682841102d3b9d86a1ab602640baf4e,CHWY,True,True,overlap,eligible_in_both_retrievals,True
2026-07-01T053352Z,2026-07-01T05:33:52.980988+00:00,2026-07-01T07:21:20.090043+00:00,2026-06-30,data/prospective/daily_qvp/snapshots/2026-07-01T053352Z/raw,1081,1043,144e01281e848a2a4c711cb0058eddc75099bb40,d3881a1328862a39dc4af32e15c4826237a09adca2da7038eafb5659ddb68bb4,8bda06ce0251beedd6a5f2cd61a08ef37682841102d3b9d86a1ab602640baf4e,CI,True,True,overlap,eligible_in_both_retrievals,True
2026-07-01T053352Z,2026-07-01T05:33:52.980988+00:00,2026-07-01T07:21:20.090043+00:00,2026-06-30,data/prospective/daily_qvp/snapshots/2026-07-01T053352Z/raw,1081,1043,144e01281e848a2a4c711cb0058eddc75099bb40,d3881a1328862a39dc4af32e15c4826237a09adca2da7038eafb5659ddb68bb4,8bda06ce0251beedd6a5f2cd61a08ef37682841102d3b9d86a1ab602640baf4e,CIEN,True,True,overlap,eligible_in_both_retrievals,True
2026-07-01T053352Z,2026-07-01T05:33:52.980988+00:00,2026-07-01T07:21:20.090043+00:00,2026-06-30,data/prospective/daily_qvp/snapshots/2026-07-01T053352Z/raw,1081,1043,144e01281e848a2a4c711cb0058eddc75099bb40,d3881a1328862a39dc4af32e15c4826237a09adca2da7038eafb5659ddb68bb4,8bda06ce0251beedd6a5f2cd61a08ef37682841102d3b9d86a1ab602640baf4e,CIFR,True,True,overlap,eligible_in_both_retrievals,True
2026-07-01T053352Z,2026-07-01T05:33:52.980988+00:00,2026-07-01T07:21:20.090043+00:00,2026-06-30,data/prospective/daily_qvp/snapshots/2026-07-01T053352Z/raw,1081,1043,144e01281e848a2a4c711cb0058eddc75099bb40,d3881a1328862a39dc4af32e15c4826237a09adca2da7038eafb5659ddb68bb4,8bda06ce0251beedd6a5f2cd61a08ef37682841102d3b9d86a1ab602640baf4e,CL,True,True,overlap,eligible_in_both_retrievals,True
2026-07-01T053352Z,2026-07-01T05:33:52.980988+00:00,2026-07-01T07:21:20.090043+00:00,2026-06-30,data/prospective/daily_qvp/snapshots/2026-07-01T053352Z/raw,1081,1043,144e01281e848a2a4c711cb0058eddc75099bb40,d3881a1328862a39dc4af32e15c4826237a09adca2da7038eafb5659ddb68bb4,8bda06ce0251beedd6a5f2cd61a08ef37682841102d3b9d86a1ab602640baf4e,CLF,True,True,overlap,eligible_in_both_retrievals,True
2026-07-01T053352Z,2026-07-01T05:33:52.980988+00:00,2026-07-01T07:21:20.090043+00:00,2026-06-30,data/prospective/daily_qvp/snapshots/2026-07-01T053352Z/raw,1081,1043,144e01281e848a2a4c711cb0058eddc75099bb40,d3881a1328862a39dc4af32e15c4826237a09adca2da7038eafb5659ddb68bb4,8bda06ce0251beedd6a5f2cd61a08ef37682841102d3b9d86a1ab602640baf4e,CLH,True,True,overlap,eligible_in_both_retrievals,True
2026-07-01T053352Z,2026-07-01T05:33:52.980988+00:00,2026-07-01T07:21:20.090043+00:00,2026-06-30,data/prospective/daily_qvp/snapshots/2026-07-01T053352Z/raw,1081,1043,144e01281e848a2a4c711cb0058eddc75099bb40,d3881a1328862a39dc4af32e15c4826237a09adca2da7038eafb5659ddb68bb4,8bda06ce0251beedd6a5f2cd61a08ef37682841102d3b9d86a1ab602640baf4e,CLMT,True,True,overlap,eligible_in_both_retrievals,True
2026-07-01T053352Z,2026-07-01T05:33:52.980988+00:00,2026-07-01T07:21:20.090043+00:00,2026-06-30,data/prospective/daily_qvp/snapshots/2026-07-01T053352Z/raw,1081,1043,144e01281e848a2a4c711cb0058eddc75099bb40,d3881a1328862a39dc4af32e15c4826237a09adca2da7038eafb5659ddb68bb4,8bda06ce0251beedd6a5f2cd61a08ef37682841102d3b9d86a1ab602640baf4e,CLOV,True,True,overlap,eligible_in_both_retrievals,True
2026-07-01T053352Z,2026-07-01T05:33:52.980988+00:00,2026-07-01T07:21:20.090043+00:00,2026-06-30,data/prospective/daily_qvp/snapshots/2026-07-01T053352Z/raw,1081,1043,144e01281e848a2a4c711cb0058eddc75099bb40,d3881a1328862a39dc4af32e15c4826237a09adca2da7038eafb5659ddb68bb4,8bda06ce0251beedd6a5f2cd61a08ef37682841102d3b9d86a1ab602640baf4e,CLX,True,True,overlap,eligible_in_both_retrievals,True
2026-07-01T053352Z,2026-07-01T05:33:52.980988+00:00,2026-07-01T07:21:20.090043+00:00,2026-06-30,data/prospective/daily_qvp/snapshots/2026-07-01T053352Z/raw,1081,1043,144e01281e848a2a4c711cb0058eddc75099bb40,d3881a1328862a39dc4af32e15c4826237a09adca2da7038eafb5659ddb68bb4,8bda06ce0251beedd6a5f2cd61a08ef37682841102d3b9d86a1ab602640baf4e,CMC,True,True,overlap,eligible_in_both_retrievals,True
2026-07-01T053352Z,2026-07-01T05:33:52.980988+00:00,2026-07-01T07:21:20.090043+00:00,2026-06-30,data/prospective/daily_qvp/snapshots/2026-07-01T053352Z/raw,1081,1043,144e01281e848a2a4c711cb0058eddc75099bb40,d3881a1328862a39dc4af32e15c4826237a09adca2da7038eafb5659ddb68bb4,8bda06ce0251beedd6a5f2cd61a08ef37682841102d3b9d86a1ab602640baf4e,CMCSA,True,True,overlap,eligible_in_both_retrievals,True
2026-07-01T053352Z,2026-07-01T05:33:52.980988+00:00,2026-07-01T07:21:20.090043+00:00,2026-06-30,data/prospective/daily_qvp/snapshots/2026-07-01T053352Z/raw,1081,1043,144e01281e848a2a4c711cb0058eddc75099bb40,d3881a1328862a39dc4af32e15c4826237a09adca2da7038eafb5659ddb68bb4,8bda06ce0251beedd6a5f2cd61a08ef37682841102d3b9d86a1ab602640baf4e,CMG,True,True,overlap,eligible_in_both_retrievals,True
2026-07-01T053352Z,2026-07-01T05:33:52.980988+00:00,2026-07-01T07:21:20.090043+00:00,2026-06-30,data/prospective/daily_qvp/snapshots/2026-07-01T053352Z/raw,1081,1043,144e01281e848a2a4c711cb0058eddc75099bb40,d3881a1328862a39dc4af32e15c4826237a09adca2da7038eafb5659ddb68bb4,8bda06ce0251beedd6a5f2cd61a08ef37682841102d3b9d86a1ab602640baf4e,CMI,True,True,overlap,eligible_in_both_retrievals,True
2026-07-01T053352Z,2026-07-01T05:33:52.980988+00:00,2026-07-01T07:21:20.090043+00:00,2026-06-30,data/prospective/daily_qvp/snapshots/2026-07-01T053352Z/raw,1081,1043,144e01281e848a2a4c711cb0058eddc75099bb40,d3881a1328862a39dc4af32e15c4826237a09adca2da7038eafb5659ddb68bb4,8bda06ce0251beedd6a5f2cd61a08ef37682841102d3b9d86a1ab602640baf4e,CMS,True,True,overlap,eligible_in_both_retrievals,True
2026-07-01T053352Z,2026-07-01T05:33:52.980988+00:00,2026-07-01T07:21:20.090043+00:00,2026-06-30,data/prospective/daily_qvp/snapshots/2026-07-01T053352Z/raw,1081,1043,144e01281e848a2a4c711cb0058eddc75099bb40,d3881a1328862a39dc4af32e15c4826237a09adca2da7038eafb5659ddb68bb4,8bda06ce0251beedd6a5f2cd61a08ef37682841102d3b9d86a1ab602640baf4e,CNC,True,True,overlap,eligible_in_both_retrievals,True
2026-07-01T053352Z,2026-07-01T05:33:52.980988+00:00,2026-07-01T07:21:20.090043+00:00,2026-06-30,data/prospective/daily_qvp/snapshots/2026-07-01T053352Z/raw,1081,1043,144e01281e848a2a4c711cb0058eddc75099bb40,d3881a1328862a39dc4af32e15c4826237a09adca2da7038eafb5659ddb68bb4,8bda06ce0251beedd6a5f2cd61a08ef37682841102d3b9d86a1ab602640baf4e,CNK,True,True,overlap,eligible_in_both_retrievals,True
2026-07-01T053352Z,2026-07-01T05:33:52.980988+00:00,2026-07-01T07:21:20.090043+00:00,2026-06-30,data/prospective/daily_qvp/snapshots/2026-07-01T053352Z/raw,1081,1043,144e01281e848a2a4c711cb0058eddc75099bb40,d3881a1328862a39dc4af32e15c4826237a09adca2da7038eafb5659ddb68bb4,8bda06ce0251beedd6a5f2cd61a08ef37682841102d3b9d86a1ab602640baf4e,CNM,True,True,overlap,eligible_in_both_retrievals,True
2026-07-01T053352Z,2026-07-01T05:33:52.980988+00:00,2026-07-01T07:21:20.090043+00:00,2026-06-30,data/prospective/daily_qvp/snapshots/2026-07-01T053352Z/raw,1081,1043,144e01281e848a2a4c711cb0058eddc75099bb40,d3881a1328862a39dc4af32e15c4826237a09adca2da7038eafb5659ddb68bb4,8bda06ce0251beedd6a5f2cd61a08ef37682841102d3b9d86a1ab602640baf4e,CNP,True,True,overlap,eligible_in_both_retrievals,True
2026-07-01T053352Z,2026-07-01T05:33:52.980988+00:00,2026-07-01T07:21:20.090043+00:00,2026-06-30,data/prospective/daily_qvp/snapshots/2026-07-01T053352Z/raw,1081,1043,144e01281e848a2a4c711cb0058eddc75099bb40,d3881a1328862a39dc4af32e15c4826237a09adca2da7038eafb5659ddb68bb4,8bda06ce0251beedd6a5f2cd61a08ef37682841102d3b9d86a1ab602640baf4e,CNR,True,True,overlap,eligible_in_both_retrievals,True
2026-07-01T053352Z,2026-07-01T05:33:52.980988+00:00,2026-07-01T07:21:20.090043+00:00,2026-06-30,data/prospective/daily_qvp/snapshots/2026-07-01T053352Z/raw,1081,1043,144e01281e848a2a4c711cb0058eddc75099bb40,d3881a1328862a39dc4af32e15c4826237a09adca2da7038eafb5659ddb68bb4,8bda06ce0251beedd6a5f2cd61a08ef37682841102d3b9d86a1ab602640baf4e,CNX,True,True,overlap,eligible_in_both_retrievals,True
2026-07-01T053352Z,2026-07-01T05:33:52.980988+00:00,2026-07-01T07:21:20.090043+00:00,2026-06-30,data/prospective/daily_qvp/snapshots/2026-07-01T053352Z/raw,1081,1043,144e01281e848a2a4c711cb0058eddc75099bb40,d3881a1328862a39dc4af32e15c4826237a09adca2da7038eafb5659ddb68bb4,8bda06ce0251beedd6a5f2cd61a08ef37682841102d3b9d86a1ab602640baf4e,COCO,True,True,overlap,eligible_in_both_retrievals,True
2026-07-01T053352Z,2026-07-01T05:33:52.980988+00:00,2026-07-01T07:21:20.090043+00:00,2026-06-30,data/prospective/daily_qvp/snapshots/2026-07-01T053352Z/raw,1081,1043,144e01281e848a2a4c711cb0058eddc75099bb40,d3881a1328862a39dc4af32e15c4826237a09adca2da7038eafb5659ddb68bb4,8bda06ce0251beedd6a5f2cd61a08ef37682841102d3b9d86a1ab602640baf4e,COGT,True,True,overlap,eligible_in_both_retrievals,False
2026-07-01T053352Z,2026-07-01T05:33:52.980988+00:00,2026-07-01T07:21:20.090043+00:00,2026-06-30,data/prospective/daily_qvp/snapshots/2026-07-01T053352Z/raw,1081,1043,144e01281e848a2a4c711cb0058eddc75099bb40,d3881a1328862a39dc4af32e15c4826237a09adca2da7038eafb5659ddb68bb4,8bda06ce0251beedd6a5f2cd61a08ef37682841102d3b9d86a1ab602640baf4e,COHR,True,True,overlap,eligible_in_both_retrievals,True
2026-07-01T053352Z,2026-07-01T05:33:52.980988+00:00,2026-07-01T07:21:20.090043+00:00,2026-06-30,data/prospective/daily_qvp/snapshots/2026-07-01T053352Z/raw,1081,1043,144e01281e848a2a4c711cb0058eddc75099bb40,d3881a1328862a39dc4af32e15c4826237a09adca2da7038eafb5659ddb68bb4,8bda06ce0251beedd6a5f2cd61a08ef37682841102d3b9d86a1ab602640baf4e,COHU,True,True,overlap,eligible_in_both_retrievals,True
2026-07-01T053352Z,2026-07-01T05:33:52.980988+00:00,2026-07-01T07:21:20.090043+00:00,2026-06-30,data/prospective/daily_qvp/snapshots/2026-07-01T053352Z/raw,1081,1043,144e01281e848a2a4c711cb0058eddc75099bb40,d3881a1328862a39dc4af32e15c4826237a09adca2da7038eafb5659ddb68bb4,8bda06ce0251beedd6a5f2cd61a08ef37682841102d3b9d86a1ab602640baf4e,COKE,True,True,overlap,eligible_in_both_retrievals,True
2026-07-01T053352Z,2026-07-01T05:33:52.980988+00:00,2026-07-01T07:21:20.090043+00:00,2026-06-30,data/prospective/daily_qvp/snapshots/2026-07-01T053352Z/raw,1081,1043,144e01281e848a2a4c711cb0058eddc75099bb40,d3881a1328862a39dc4af32e15c4826237a09adca2da7038eafb5659ddb68bb4,8bda06ce0251beedd6a5f2cd61a08ef37682841102d3b9d86a1ab602640baf4e,COLM,True,True,overlap,eligible_in_both_retrievals,True
2026-07-01T053352Z,2026-07-01T05:33:52.980988+00:00,2026-07-01T07:21:20.090043+00:00,2026-06-30,data/prospective/daily_qvp/snapshots/2026-07-01T053352Z/raw,1081,1043,144e01281e848a2a4c711cb0058eddc75099bb40,d3881a1328862a39dc4af32e15c4826237a09adca2da7038eafb5659ddb68bb4,8bda06ce0251beedd6a5f2cd61a08ef37682841102d3b9d86a1ab602640baf4e,COO,True,True,overlap,eligible_in_both_retrievals,True
2026-07-01T053352Z,2026-07-01T05:33:52.980988+00:00,2026-07-01T07:21:20.090043+00:00,2026-06-30,data/prospective/daily_qvp/snapshots/2026-07-01T053352Z/raw,1081,1043,144e01281e848a2a4c711cb0058eddc75099bb40,d3881a1328862a39dc4af32e15c4826237a09adca2da7038eafb5659ddb68bb4,8bda06ce0251beedd6a5f2cd61a08ef37682841102d3b9d86a1ab602640baf4e,COP,True,True,overlap,eligible_in_both_retrievals,True
2026-07-01T053352Z,2026-07-01T05:33:52.980988+00:00,2026-07-01T07:21:20.090043+00:00,2026-06-30,data/prospective/daily_qvp/snapshots/2026-07-01T053352Z/raw,1081,1043,144e01281e848a2a4c711cb0058eddc75099bb40,d3881a1328862a39dc4af32e15c4826237a09adca2da7038eafb5659ddb68bb4,8bda06ce0251beedd6a5f2cd61a08ef37682841102d3b9d86a1ab602640baf4e,COR,True,True,overlap,eligible_in_both_retrievals,True
2026-07-01T053352Z,2026-07-01T05:33:52.980988+00:00,2026-07-01T07:21:20.090043+00:00,2026-06-30,data/prospective/daily_qvp/snapshots/2026-07-01T053352Z/raw,1081,1043,144e01281e848a2a4c711cb0058eddc75099bb40,d3881a1328862a39dc4af32e15c4826237a09adca2da7038eafb5659ddb68bb4,8bda06ce0251beedd6a5f2cd61a08ef37682841102d3b9d86a1ab602640baf4e,CORZ,True,True,overlap,eligible_in_both_retrievals,True
2026-07-01T053352Z,2026-07-01T05:33:52.980988+00:00,2026-07-01T07:21:20.090043+00:00,2026-06-30,data/prospective/daily_qvp/snapshots/2026-07-01T053352Z/raw,1081,1043,144e01281e848a2a4c711cb0058eddc75099bb40,d3881a1328862a39dc4af32e15c4826237a09adca2da7038eafb5659ddb68bb4,8bda06ce0251beedd6a5f2cd61a08ef37682841102d3b9d86a1ab602640baf4e,COST,True,True,overlap,eligible_in_both_retrievals,True
2026-07-01T053352Z,2026-07-01T05:33:52.980988+00:00,2026-07-01T07:21:20.090043+00:00,2026-06-30,data/prospective/daily_qvp/snapshots/2026-07-01T053352Z/raw,1081,1043,144e01281e848a2a4c711cb0058eddc75099bb40,d3881a1328862a39dc4af32e15c4826237a09adca2da7038eafb5659ddb68bb4,8bda06ce0251beedd6a5f2cd61a08ef37682841102d3b9d86a1ab602640baf4e,CPAY,True,True,overlap,eligible_in_both_retrievals,True
2026-07-01T053352Z,2026-07-01T05:33:52.980988+00:00,2026-07-01T07:21:20.090043+00:00,2026-06-30,data/prospective/daily_qvp/snapshots/2026-07-01T053352Z/raw,1081,1043,144e01281e848a2a4c711cb0058eddc75099bb40,d3881a1328862a39dc4af32e15c4826237a09adca2da7038eafb5659ddb68bb4,8bda06ce0251beedd6a5f2cd61a08ef37682841102d3b9d86a1ab602640baf4e,CPB,True,True,overlap,eligible_in_both_retrievals,True
2026-07-01T053352Z,2026-07-01T05:33:52.980988+00:00,2026-07-01T07:21:20.090043+00:00,2026-06-30,data/prospective/daily_qvp/snapshots/2026-07-01T053352Z/raw,1081,1043,144e01281e848a2a4c711cb0058eddc75099bb40,d3881a1328862a39dc4af32e15c4826237a09adca2da7038eafb5659ddb68bb4,8bda06ce0251beedd6a5f2cd61a08ef37682841102d3b9d86a1ab602640baf4e,CPNG,True,True,overlap,eligible_in_both_retrievals,True
2026-07-01T053352Z,2026-07-01T05:33:52.980988+00:00,2026-07-01T07:21:20.090043+00:00,2026-06-30,data/prospective/daily_qvp/snapshots/2026-07-01T053352Z/raw,1081,1043,144e01281e848a2a4c711cb0058eddc75099bb40,d3881a1328862a39dc4af32e15c4826237a09adca2da7038eafb5659ddb68bb4,8bda06ce0251beedd6a5f2cd61a08ef37682841102d3b9d86a1ab602640baf4e,CPRT,True,True,overlap,eligible_in_both_retrievals,True
2026-07-01T053352Z,2026-07-01T05:33:52.980988+00:00,2026-07-01T07:21:20.090043+00:00,2026-06-30,data/prospective/daily_qvp/snapshots/2026-07-01T053352Z/raw,1081,1043,144e01281e848a2a4c711cb0058eddc75099bb40,d3881a1328862a39dc4af32e15c4826237a09adca2da7038eafb5659ddb68bb4,8bda06ce0251beedd6a5f2cd61a08ef37682841102d3b9d86a1ab602640baf4e,CR,True,True,overlap,eligible_in_both_retrievals,True
2026-07-01T053352Z,2026-07-01T05:33:52.980988+00:00,2026-07-01T07:21:20.090043+00:00,2026-06-30,data/prospective/daily_qvp/snapshots/2026-07-01T053352Z/raw,1081,1043,144e01281e848a2a4c711cb0058eddc75099bb40,d3881a1328862a39dc4af32e15c4826237a09adca2da7038eafb5659ddb68bb4,8bda06ce0251beedd6a5f2cd61a08ef37682841102d3b9d86a1ab602640baf4e,CRC,True,True,overlap,eligible_in_both_retrievals,True
2026-07-01T053352Z,2026-07-01T05:33:52.980988+00:00,2026-07-01T07:21:20.090043+00:00,2026-06-30,data/prospective/daily_qvp/snapshots/2026-07-01T053352Z/raw,1081,1043,144e01281e848a2a4c711cb0058eddc75099bb40,d3881a1328862a39dc4af32e15c4826237a09adca2da7038eafb5659ddb68bb4,8bda06ce0251beedd6a5f2cd61a08ef37682841102d3b9d86a1ab602640baf4e,CRGY,True,True,overlap,eligible_in_both_retrievals,True
2026-07-01T053352Z,2026-07-01T05:33:52.980988+00:00,2026-07-01T07:21:20.090043+00:00,2026-06-30,data/prospective/daily_qvp/snapshots/2026-07-01T053352Z/raw,1081,1043,144e01281e848a2a4c711cb0058eddc75099bb40,d3881a1328862a39dc4af32e15c4826237a09adca2da7038eafb5659ddb68bb4,8bda06ce0251beedd6a5f2cd61a08ef37682841102d3b9d86a1ab602640baf4e,CRK,True,True,overlap,eligible_in_both_retrievals,True
2026-07-01T053352Z,2026-07-01T05:33:52.980988+00:00,2026-07-01T07:21:20.090043+00:00,2026-06-30,data/prospective/daily_qvp/snapshots/2026-07-01T053352Z/raw,1081,1043,144e01281e848a2a4c711cb0058eddc75099bb40,d3881a1328862a39dc4af32e15c4826237a09adca2da7038eafb5659ddb68bb4,8bda06ce0251beedd6a5f2cd61a08ef37682841102d3b9d86a1ab602640baf4e,CRL,True,True,overlap,eligible_in_both_retrievals,True
2026-07-01T053352Z,2026-07-01T05:33:52.980988+00:00,2026-07-01T07:21:20.090043+00:00,2026-06-30,data/prospective/daily_qvp/snapshots/2026-07-01T053352Z/raw,1081,1043,144e01281e848a2a4c711cb0058eddc75099bb40,d3881a1328862a39dc4af32e15c4826237a09adca2da7038eafb5659ddb68bb4,8bda06ce0251beedd6a5f2cd61a08ef37682841102d3b9d86a1ab602640baf4e,CRM,True,True,overlap,eligible_in_both_retrievals,True
2026-07-01T053352Z,2026-07-01T05:33:52.980988+00:00,2026-07-01T07:21:20.090043+00:00,2026-06-30,data/prospective/daily_qvp/snapshots/2026-07-01T053352Z/raw,1081,1043,144e01281e848a2a4c711cb0058eddc75099bb40,d3881a1328862a39dc4af32e15c4826237a09adca2da7038eafb5659ddb68bb4,8bda06ce0251beedd6a5f2cd61a08ef37682841102d3b9d86a1ab602640baf4e,CRNX,True,True,overlap,eligible_in_both_retrievals,True
2026-07-01T053352Z,2026-07-01T05:33:52.980988+00:00,2026-07-01T07:21:20.090043+00:00,2026-06-30,data/prospective/daily_qvp/snapshots/2026-07-01T053352Z/raw,1081,1043,144e01281e848a2a4c711cb0058eddc75099bb40,d3881a1328862a39dc4af32e15c4826237a09adca2da7038eafb5659ddb68bb4,8bda06ce0251beedd6a5f2cd61a08ef37682841102d3b9d86a1ab602640baf4e,CROX,True,True,overlap,eligible_in_both_retrievals,True
2026-07-01T053352Z,2026-07-01T05:33:52.980988+00:00,2026-07-01T07:21:20.090043+00:00,2026-06-30,data/prospective/daily_qvp/snapshots/2026-07-01T053352Z/raw,1081,1043,144e01281e848a2a4c711cb0058eddc75099bb40,d3881a1328862a39dc4af32e15c4826237a09adca2da7038eafb5659ddb68bb4,8bda06ce0251beedd6a5f2cd61a08ef37682841102d3b9d86a1ab602640baf4e,CRS,True,True,overlap,eligible_in_both_retrievals,True
2026-07-01T053352Z,2026-07-01T05:33:52.980988+00:00,2026-07-01T07:21:20.090043+00:00,2026-06-30,data/prospective/daily_qvp/snapshots/2026-07-01T053352Z/raw,1081,1043,144e01281e848a2a4c711cb0058eddc75099bb40,d3881a1328862a39dc4af32e15c4826237a09adca2da7038eafb5659ddb68bb4,8bda06ce0251beedd6a5f2cd61a08ef37682841102d3b9d86a1ab602640baf4e,CRUS,True,True,overlap,eligible_in_both_retrievals,True
2026-07-01T053352Z,2026-07-01T05:33:52.980988+00:00,2026-07-01T07:21:20.090043+00:00,2026-06-30,data/prospective/daily_qvp/snapshots/2026-07-01T053352Z/raw,1081,1043,144e01281e848a2a4c711cb0058eddc75099bb40,d3881a1328862a39dc4af32e15c4826237a09adca2da7038eafb5659ddb68bb4,8bda06ce0251beedd6a5f2cd61a08ef37682841102d3b9d86a1ab602640baf4e,CRWD,True,True,overlap,eligible_in_both_retrievals,True
2026-07-01T053352Z,2026-07-01T05:33:52.980988+00:00,2026-07-01T07:21:20.090043+00:00,2026-06-30,data/prospective/daily_qvp/snapshots/2026-07-01T053352Z/raw,1081,1043,144e01281e848a2a4c711cb0058eddc75099bb40,d3881a1328862a39dc4af32e15c4826237a09adca2da7038eafb5659ddb68bb4,8bda06ce0251beedd6a5f2cd61a08ef37682841102d3b9d86a1ab602640baf4e,CSCO,True,True,overlap,eligible_in_both_retrievals,True
2026-07-01T053352Z,2026-07-01T05:33:52.980988+00:00,2026-07-01T07:21:20.090043+00:00,2026-06-30,data/prospective/daily_qvp/snapshots/2026-07-01T053352Z/raw,1081,1043,144e01281e848a2a4c711cb0058eddc75099bb40,d3881a1328862a39dc4af32e15c4826237a09adca2da7038eafb5659ddb68bb4,8bda06ce0251beedd6a5f2cd61a08ef37682841102d3b9d86a1ab602640baf4e,CSL,True,True,overlap,eligible_in_both_retrievals,True
2026-07-01T053352Z,2026-07-01T05:33:52.980988+00:00,2026-07-01T07:21:20.090043+00:00,2026-06-30,data/prospective/daily_qvp/snapshots/2026-07-01T053352Z/raw,1081,1043,144e01281e848a2a4c711cb0058eddc75099bb40,d3881a1328862a39dc4af32e15c4826237a09adca2da7038eafb5659ddb68bb4,8bda06ce0251beedd6a5f2cd61a08ef37682841102d3b9d86a1ab602640baf4e,CSX,True,True,overlap,eligible_in_both_retrievals,True
2026-07-01T053352Z,2026-07-01T05:33:52.980988+00:00,2026-07-01T07:21:20.090043+00:00,2026-06-30,data/prospective/daily_qvp/snapshots/2026-07-01T053352Z/raw,1081,1043,144e01281e848a2a4c711cb0058eddc75099bb40,d3881a1328862a39dc4af32e15c4826237a09adca2da7038eafb5659ddb68bb4,8bda06ce0251beedd6a5f2cd61a08ef37682841102d3b9d86a1ab602640baf4e,CTAS,True,True,overlap,eligible_in_both_retrievals,True
2026-07-01T053352Z,2026-07-01T05:33:52.980988+00:00,2026-07-01T07:21:20.090043+00:00,2026-06-30,data/prospective/daily_qvp/snapshots/2026-07-01T053352Z/raw,1081,1043,144e01281e848a2a4c711cb0058eddc75099bb40,d3881a1328862a39dc4af32e15c4826237a09adca2da7038eafb5659ddb68bb4,8bda06ce0251beedd6a5f2cd61a08ef37682841102d3b9d86a1ab602640baf4e,CTOS,True,True,overlap,eligible_in_both_retrievals,True
2026-07-01T053352Z,2026-07-01T05:33:52.980988+00:00,2026-07-01T07:21:20.090043+00:00,2026-06-30,data/prospective/daily_qvp/snapshots/2026-07-01T053352Z/raw,1081,1043,144e01281e848a2a4c711cb0058eddc75099bb40,d3881a1328862a39dc4af32e15c4826237a09adca2da7038eafb5659ddb68bb4,8bda06ce0251beedd6a5f2cd61a08ef37682841102d3b9d86a1ab602640baf4e,CTRI,True,True,overlap,eligible_in_both_retrievals,True
2026-07-01T053352Z,2026-07-01T05:33:52.980988+00:00,2026-07-01T07:21:20.090043+00:00,2026-06-30,data/prospective/daily_qvp/snapshots/2026-07-01T053352Z/raw,1081,1043,144e01281e848a2a4c711cb0058eddc75099bb40,d3881a1328862a39dc4af32e15c4826237a09adca2da7038eafb5659ddb68bb4,8bda06ce0251beedd6a5f2cd61a08ef37682841102d3b9d86a1ab602640baf4e,CTSH,True,True,overlap,eligible_in_both_retrievals,True
2026-07-01T053352Z,2026-07-01T05:33:52.980988+00:00,2026-07-01T07:21:20.090043+00:00,2026-06-30,data/prospective/daily_qvp/snapshots/2026-07-01T053352Z/raw,1081,1043,144e01281e848a2a4c711cb0058eddc75099bb40,d3881a1328862a39dc4af32e15c4826237a09adca2da7038eafb5659ddb68bb4,8bda06ce0251beedd6a5f2cd61a08ef37682841102d3b9d86a1ab602640baf4e,CTVA,True,True,overlap,eligible_in_both_retrievals,True
2026-07-01T053352Z,2026-07-01T05:33:52.980988+00:00,2026-07-01T07:21:20.090043+00:00,2026-06-30,data/prospective/daily_qvp/snapshots/2026-07-01T053352Z/raw,1081,1043,144e01281e848a2a4c711cb0058eddc75099bb40,d3881a1328862a39dc4af32e15c4826237a09adca2da7038eafb5659ddb68bb4,8bda06ce0251beedd6a5f2cd61a08ef37682841102d3b9d86a1ab602640baf4e,CVI,True,True,overlap,eligible_in_both_retrievals,True
2026-07-01T053352Z,2026-07-01T05:33:52.980988+00:00,2026-07-01T07:21:20.090043+00:00,2026-06-30,data/prospective/daily_qvp/snapshots/2026-07-01T053352Z/raw,1081,1043,144e01281e848a2a4c711cb0058eddc75099bb40,d3881a1328862a39dc4af32e15c4826237a09adca2da7038eafb5659ddb68bb4,8bda06ce0251beedd6a5f2cd61a08ef37682841102d3b9d86a1ab602640baf4e,CVLT,True,True,overlap,eligible_in_both_retrievals,True
2026-07-01T053352Z,2026-07-01T05:33:52.980988+00:00,2026-07-01T07:21:20.090043+00:00,2026-06-30,data/prospective/daily_qvp/snapshots/2026-07-01T053352Z/raw,1081,1043,144e01281e848a2a4c711cb0058eddc75099bb40,d3881a1328862a39dc4af32e15c4826237a09adca2da7038eafb5659ddb68bb4,8bda06ce0251beedd6a5f2cd61a08ef37682841102d3b9d86a1ab602640baf4e,CVNA,True,True,overlap,eligible_in_both_retrievals,True
2026-07-01T053352Z,2026-07-01T05:33:52.980988+00:00,2026-07-01T07:21:20.090043+00:00,2026-06-30,data/prospective/daily_qvp/snapshots/2026-07-01T053352Z/raw,1081,1043,144e01281e848a2a4c711cb0058eddc75099bb40,d3881a1328862a39dc4af32e15c4826237a09adca2da7038eafb5659ddb68bb4,8bda06ce0251beedd6a5f2cd61a08ef37682841102d3b9d86a1ab602640baf4e,CVS,True,True,overlap,eligible_in_both_retrievals,True
2026-07-01T053352Z,2026-07-01T05:33:52.980988+00:00,2026-07-01T07:21:20.090043+00:00,2026-06-30,data/prospective/daily_qvp/snapshots/2026-07-01T053352Z/raw,1081,1043,144e01281e848a2a4c711cb0058eddc75099bb40,d3881a1328862a39dc4af32e15c4826237a09adca2da7038eafb5659ddb68bb4,8bda06ce0251beedd6a5f2cd61a08ef37682841102d3b9d86a1ab602640baf4e,CVSA,True,True,overlap,eligible_in_both_retrievals,True
2026-07-01T053352Z,2026-07-01T05:33:52.980988+00:00,2026-07-01T07:21:20.090043+00:00,2026-06-30,data/prospective/daily_qvp/snapshots/2026-07-01T053352Z/raw,1081,1043,144e01281e848a2a4c711cb0058eddc75099bb40,d3881a1328862a39dc4af32e15c4826237a09adca2da7038eafb5659ddb68bb4,8bda06ce0251beedd6a5f2cd61a08ef37682841102d3b9d86a1ab602640baf4e,CVX,True,True,overlap,eligible_in_both_retrievals,True
2026-07-01T053352Z,2026-07-01T05:33:52.980988+00:00,2026-07-01T07:21:20.090043+00:00,2026-06-30,data/prospective/daily_qvp/snapshots/2026-07-01T053352Z/raw,1081,1043,144e01281e848a2a4c711cb0058eddc75099bb40,d3881a1328862a39dc4af32e15c4826237a09adca2da7038eafb5659ddb68bb4,8bda06ce0251beedd6a5f2cd61a08ef37682841102d3b9d86a1ab602640baf4e,CW,True,True,overlap,eligible_in_both_retrievals,True
2026-07-01T053352Z,2026-07-01T05:33:52.980988+00:00,2026-07-01T07:21:20.090043+00:00,2026-06-30,data/prospective/daily_qvp/snapshots/2026-07-01T053352Z/raw,1081,1043,144e01281e848a2a4c711cb0058eddc75099bb40,d3881a1328862a39dc4af32e15c4826237a09adca2da7038eafb5659ddb68bb4,8bda06ce0251beedd6a5f2cd61a08ef37682841102d3b9d86a1ab602640baf4e,CWAN,True,True,overlap,eligible_in_both_retrievals,True
2026-07-01T053352Z,2026-07-01T05:33:52.980988+00:00,2026-07-01T07:21:20.090043+00:00,2026-06-30,data/prospective/daily_qvp/snapshots/2026-07-01T053352Z/raw,1081,1043,144e01281e848a2a4c711cb0058eddc75099bb40,d3881a1328862a39dc4af32e15c4826237a09adca2da7038eafb5659ddb68bb4,8bda06ce0251beedd6a5f2cd61a08ef37682841102d3b9d86a1ab602640baf4e,CWEN,True,True,overlap,eligible_in_both_retrievals,True
2026-07-01T053352Z,2026-07-01T05:33:52.980988+00:00,2026-07-01T07:21:20.090043+00:00,2026-06-30,data/prospective/daily_qvp/snapshots/2026-07-01T053352Z/raw,1081,1043,144e01281e848a2a4c711cb0058eddc75099bb40,d3881a1328862a39dc4af32e15c4826237a09adca2da7038eafb5659ddb68bb4,8bda06ce0251beedd6a5f2cd61a08ef37682841102d3b9d86a1ab602640baf4e,CWST,True,True,overlap,eligible_in_both_retrievals,True
2026-07-01T053352Z,2026-07-01T05:33:52.980988+00:00,2026-07-01T07:21:20.090043+00:00,2026-06-30,data/prospective/daily_qvp/snapshots/2026-07-01T053352Z/raw,1081,1043,144e01281e848a2a4c711cb0058eddc75099bb40,d3881a1328862a39dc4af32e15c4826237a09adca2da7038eafb5659ddb68bb4,8bda06ce0251beedd6a5f2cd61a08ef37682841102d3b9d86a1ab602640baf4e,CWT,True,True,overlap,eligible_in_both_retrievals,True
2026-07-01T053352Z,2026-07-01T05:33:52.980988+00:00,2026-07-01T07:21:20.090043+00:00,2026-06-30,data/prospective/daily_qvp/snapshots/2026-07-01T053352Z/raw,1081,1043,144e01281e848a2a4c711cb0058eddc75099bb40,d3881a1328862a39dc4af32e15c4826237a09adca2da7038eafb5659ddb68bb4,8bda06ce0251beedd6a5f2cd61a08ef37682841102d3b9d86a1ab602640baf4e,CXT,True,True,overlap,eligible_in_both_retrievals,True
2026-07-01T053352Z,2026-07-01T05:33:52.980988+00:00,2026-07-01T07:21:20.090043+00:00,2026-06-30,data/prospective/daily_qvp/snapshots/2026-07-01T053352Z/raw,1081,1043,144e01281e848a2a4c711cb0058eddc75099bb40,d3881a1328862a39dc4af32e15c4826237a09adca2da7038eafb5659ddb68bb4,8bda06ce0251beedd6a5f2cd61a08ef37682841102d3b9d86a1ab602640baf4e,CXW,True,True,overlap,eligible_in_both_retrievals,True
2026-07-01T053352Z,2026-07-01T05:33:52.980988+00:00,2026-07-01T07:21:20.090043+00:00,2026-06-30,data/prospective/daily_qvp/snapshots/2026-07-01T053352Z/raw,1081,1043,144e01281e848a2a4c711cb0058eddc75099bb40,d3881a1328862a39dc4af32e15c4826237a09adca2da7038eafb5659ddb68bb4,8bda06ce0251beedd6a5f2cd61a08ef37682841102d3b9d86a1ab602640baf4e,CYTK,True,True,overlap,eligible_in_both_retrievals,True
2026-07-01T053352Z,2026-07-01T05:33:52.980988+00:00,2026-07-01T07:21:20.090043+00:00,2026-06-30,data/prospective/daily_qvp/snapshots/2026-07-01T053352Z/raw,1081,1043,144e01281e848a2a4c711cb0058eddc75099bb40,d3881a1328862a39dc4af32e15c4826237a09adca2da7038eafb5659ddb68bb4,8bda06ce0251beedd6a5f2cd61a08ef37682841102d3b9d86a1ab602640baf4e,CZR,True,True,overlap,eligible_in_both_retrievals,True
2026-07-01T053352Z,2026-07-01T05:33:52.980988+00:00,2026-07-01T07:21:20.090043+00:00,2026-06-30,data/prospective/daily_qvp/snapshots/2026-07-01T053352Z/raw,1081,1043,144e01281e848a2a4c711cb0058eddc75099bb40,d3881a1328862a39dc4af32e15c4826237a09adca2da7038eafb5659ddb68bb4,8bda06ce0251beedd6a5f2cd61a08ef37682841102d3b9d86a1ab602640baf4e,D,True,True,overlap,eligible_in_both_retrievals,True
2026-07-01T053352Z,2026-07-01T05:33:52.980988+00:00,2026-07-01T07:21:20.090043+00:00,2026-06-30,data/prospective/daily_qvp/snapshots/2026-07-01T053352Z/raw,1081,1043,144e01281e848a2a4c711cb0058eddc75099bb40,d3881a1328862a39dc4af32e15c4826237a09adca2da7038eafb5659ddb68bb4,8bda06ce0251beedd6a5f2cd61a08ef37682841102d3b9d86a1ab602640baf4e,DAL,True,True,overlap,eligible_in_both_retrievals,True
2026-07-01T053352Z,2026-07-01T05:33:52.980988+00:00,2026-07-01T07:21:20.090043+00:00,2026-06-30,data/prospective/daily_qvp/snapshots/2026-07-01T053352Z/raw,1081,1043,144e01281e848a2a4c711cb0058eddc75099bb40,d3881a1328862a39dc4af32e15c4826237a09adca2da7038eafb5659ddb68bb4,8bda06ce0251beedd6a5f2cd61a08ef37682841102d3b9d86a1ab602640baf4e,DAN,True,True,overlap,eligible_in_both_retrievals,True
2026-07-01T053352Z,2026-07-01T05:33:52.980988+00:00,2026-07-01T07:21:20.090043+00:00,2026-06-30,data/prospective/daily_qvp/snapshots/2026-07-01T053352Z/raw,1081,1043,144e01281e848a2a4c711cb0058eddc75099bb40,d3881a1328862a39dc4af32e15c4826237a09adca2da7038eafb5659ddb68bb4,8bda06ce0251beedd6a5f2cd61a08ef37682841102d3b9d86a1ab602640baf4e,DAR,True,True,overlap,eligible_in_both_retrievals,True
2026-07-01T053352Z,2026-07-01T05:33:52.980988+00:00,2026-07-01T07:21:20.090043+00:00,2026-06-30,data/prospective/daily_qvp/snapshots/2026-07-01T053352Z/raw,1081,1043,144e01281e848a2a4c711cb0058eddc75099bb40,d3881a1328862a39dc4af32e15c4826237a09adca2da7038eafb5659ddb68bb4,8bda06ce0251beedd6a5f2cd61a08ef37682841102d3b9d86a1ab602640baf4e,DASH,True,True,overlap,eligible_in_both_retrievals,True
2026-07-01T053352Z,2026-07-01T05:33:52.980988+00:00,2026-07-01T07:21:20.090043+00:00,2026-06-30,data/prospective/daily_qvp/snapshots/2026-07-01T053352Z/raw,1081,1043,144e01281e848a2a4c711cb0058eddc75099bb40,d3881a1328862a39dc4af32e15c4826237a09adca2da7038eafb5659ddb68bb4,8bda06ce0251beedd6a5f2cd61a08ef37682841102d3b9d86a1ab602640baf4e,DBD,True,True,overlap,eligible_in_both_retrievals,True
2026-07-01T053352Z,2026-07-01T05:33:52.980988+00:00,2026-07-01T07:21:20.090043+00:00,2026-06-30,data/prospective/daily_qvp/snapshots/2026-07-01T053352Z/raw,1081,1043,144e01281e848a2a4c711cb0058eddc75099bb40,d3881a1328862a39dc4af32e15c4826237a09adca2da7038eafb5659ddb68bb4,8bda06ce0251beedd6a5f2cd61a08ef37682841102d3b9d86a1ab602640baf4e,DBX,True,True,overlap,eligible_in_both_retrievals,True
2026-07-01T053352Z,2026-07-01T05:33:52.980988+00:00,2026-07-01T07:21:20.090043+00:00,2026-06-30,data/prospective/daily_qvp/snapshots/2026-07-01T053352Z/raw,1081,1043,144e01281e848a2a4c711cb0058eddc75099bb40,d3881a1328862a39dc4af32e15c4826237a09adca2da7038eafb5659ddb68bb4,8bda06ce0251beedd6a5f2cd61a08ef37682841102d3b9d86a1ab602640baf4e,DCI,True,True,overlap,eligible_in_both_retrievals,True
2026-07-01T053352Z,2026-07-01T05:33:52.980988+00:00,2026-07-01T07:21:20.090043+00:00,2026-06-30,data/prospective/daily_qvp/snapshots/2026-07-01T053352Z/raw,1081,1043,144e01281e848a2a4c711cb0058eddc75099bb40,d3881a1328862a39dc4af32e15c4826237a09adca2da7038eafb5659ddb68bb4,8bda06ce0251beedd6a5f2cd61a08ef37682841102d3b9d86a1ab602640baf4e,DCO,True,True,overlap,eligible_in_both_retrievals,True
2026-07-01T053352Z,2026-07-01T05:33:52.980988+00:00,2026-07-01T07:21:20.090043+00:00,2026-06-30,data/prospective/daily_qvp/snapshots/2026-07-01T053352Z/raw,1081,1043,144e01281e848a2a4c711cb0058eddc75099bb40,d3881a1328862a39dc4af32e15c4826237a09adca2da7038eafb5659ddb68bb4,8bda06ce0251beedd6a5f2cd61a08ef37682841102d3b9d86a1ab602640baf4e,DD,True,True,overlap,eligible_in_both_retrievals,True
2026-07-01T053352Z,2026-07-01T05:33:52.980988+00:00,2026-07-01T07:21:20.090043+00:00,2026-06-30,data/prospective/daily_qvp/snapshots/2026-07-01T053352Z/raw,1081,1043,144e01281e848a2a4c711cb0058eddc75099bb40,d3881a1328862a39dc4af32e15c4826237a09adca2da7038eafb5659ddb68bb4,8bda06ce0251beedd6a5f2cd61a08ef37682841102d3b9d86a1ab602640baf4e,DDOG,True,True,overlap,eligible_in_both_retrievals,True
2026-07-01T053352Z,2026-07-01T05:33:52.980988+00:00,2026-07-01T07:21:20.090043+00:00,2026-06-30,data/prospective/daily_qvp/snapshots/2026-07-01T053352Z/raw,1081,1043,144e01281e848a2a4c711cb0058eddc75099bb40,d3881a1328862a39dc4af32e15c4826237a09adca2da7038eafb5659ddb68bb4,8bda06ce0251beedd6a5f2cd61a08ef37682841102d3b9d86a1ab602640baf4e,DE,True,True,overlap,eligible_in_both_retrievals,True
2026-07-01T053352Z,2026-07-01T05:33:52.980988+00:00,2026-07-01T07:21:20.090043+00:00,2026-06-30,data/prospective/daily_qvp/snapshots/2026-07-01T053352Z/raw,1081,1043,144e01281e848a2a4c711cb0058eddc75099bb40,d3881a1328862a39dc4af32e15c4826237a09adca2da7038eafb5659ddb68bb4,8bda06ce0251beedd6a5f2cd61a08ef37682841102d3b9d86a1ab602640baf4e,DECK,True,True,overlap,eligible_in_both_retrievals,True
2026-07-01T053352Z,2026-07-01T05:33:52.980988+00:00,2026-07-01T07:21:20.090043+00:00,2026-06-30,data/prospective/daily_qvp/snapshots/2026-07-01T053352Z/raw,1081,1043,144e01281e848a2a4c711cb0058eddc75099bb40,d3881a1328862a39dc4af32e15c4826237a09adca2da7038eafb5659ddb68bb4,8bda06ce0251beedd6a5f2cd61a08ef37682841102d3b9d86a1ab602640baf4e,DELL,True,True,overlap,eligible_in_both_retrievals,True
2026-07-01T053352Z,2026-07-01T05:33:52.980988+00:00,2026-07-01T07:21:20.090043+00:00,2026-06-30,data/prospective/daily_qvp/snapshots/2026-07-01T053352Z/raw,1081,1043,144e01281e848a2a4c711cb0058eddc75099bb40,d3881a1328862a39dc4af32e15c4826237a09adca2da7038eafb5659ddb68bb4,8bda06ce0251beedd6a5f2cd61a08ef37682841102d3b9d86a1ab602640baf4e,DFTX,True,True,overlap,eligible_in_both_retrievals,False
2026-07-01T053352Z,2026-07-01T05:33:52.980988+00:00,2026-07-01T07:21:20.090043+00:00,2026-06-30,data/prospective/daily_qvp/snapshots/2026-07-01T053352Z/raw,1081,1043,144e01281e848a2a4c711cb0058eddc75099bb40,d3881a1328862a39dc4af32e15c4826237a09adca2da7038eafb5659ddb68bb4,8bda06ce0251beedd6a5f2cd61a08ef37682841102d3b9d86a1ab602640baf4e,DG,True,True,overlap,eligible_in_both_retrievals,True
2026-07-01T053352Z,2026-07-01T05:33:52.980988+00:00,2026-07-01T07:21:20.090043+00:00,2026-06-30,data/prospective/daily_qvp/snapshots/2026-07-01T053352Z/raw,1081,1043,144e01281e848a2a4c711cb0058eddc75099bb40,d3881a1328862a39dc4af32e15c4826237a09adca2da7038eafb5659ddb68bb4,8bda06ce0251beedd6a5f2cd61a08ef37682841102d3b9d86a1ab602640baf4e,DGII,True,True,overlap,eligible_in_both_retrievals,True
2026-07-01T053352Z,2026-07-01T05:33:52.980988+00:00,2026-07-01T07:21:20.090043+00:00,2026-06-30,data/prospective/daily_qvp/snapshots/2026-07-01T053352Z/raw,1081,1043,144e01281e848a2a4c711cb0058eddc75099bb40,d3881a1328862a39dc4af32e15c4826237a09adca2da7038eafb5659ddb68bb4,8bda06ce0251beedd6a5f2cd61a08ef37682841102d3b9d86a1ab602640baf4e,DGX,True,True,overlap,eligible_in_both_retrievals,True
2026-07-01T053352Z,2026-07-01T05:33:52.980988+00:00,2026-07-01T07:21:20.090043+00:00,2026-06-30,data/prospective/daily_qvp/snapshots/2026-07-01T053352Z/raw,1081,1043,144e01281e848a2a4c711cb0058eddc75099bb40,d3881a1328862a39dc4af32e15c4826237a09adca2da7038eafb5659ddb68bb4,8bda06ce0251beedd6a5f2cd61a08ef37682841102d3b9d86a1ab602640baf4e,DHI,True,True,overlap,eligible_in_both_retrievals,True
2026-07-01T053352Z,2026-07-01T05:33:52.980988+00:00,2026-07-01T07:21:20.090043+00:00,2026-06-30,data/prospective/daily_qvp/snapshots/2026-07-01T053352Z/raw,1081,1043,144e01281e848a2a4c711cb0058eddc75099bb40,d3881a1328862a39dc4af32e15c4826237a09adca2da7038eafb5659ddb68bb4,8bda06ce0251beedd6a5f2cd61a08ef37682841102d3b9d86a1ab602640baf4e,DHR,True,True,overlap,eligible_in_both_retrievals,True
2026-07-01T053352Z,2026-07-01T05:33:52.980988+00:00,2026-07-01T07:21:20.090043+00:00,2026-06-30,data/prospective/daily_qvp/snapshots/2026-07-01T053352Z/raw,1081,1043,144e01281e848a2a4c711cb0058eddc75099bb40,d3881a1328862a39dc4af32e15c4826237a09adca2da7038eafb5659ddb68bb4,8bda06ce0251beedd6a5f2cd61a08ef37682841102d3b9d86a1ab602640baf4e,DINO,True,True,overlap,eligible_in_both_retrievals,True
2026-07-01T053352Z,2026-07-01T05:33:52.980988+00:00,2026-07-01T07:21:20.090043+00:00,2026-06-30,data/prospective/daily_qvp/snapshots/2026-07-01T053352Z/raw,1081,1043,144e01281e848a2a4c711cb0058eddc75099bb40,d3881a1328862a39dc4af32e15c4826237a09adca2da7038eafb5659ddb68bb4,8bda06ce0251beedd6a5f2cd61a08ef37682841102d3b9d86a1ab602640baf4e,DIOD,True,True,overlap,eligible_in_both_retrievals,True
2026-07-01T053352Z,2026-07-01T05:33:52.980988+00:00,2026-07-01T07:21:20.090043+00:00,2026-06-30,data/prospective/daily_qvp/snapshots/2026-07-01T053352Z/raw,1081,1043,144e01281e848a2a4c711cb0058eddc75099bb40,d3881a1328862a39dc4af32e15c4826237a09adca2da7038eafb5659ddb68bb4,8bda06ce0251beedd6a5f2cd61a08ef37682841102d3b9d86a1ab602640baf4e,DIS,True,True,overlap,eligible_in_both_retrievals,True
2026-07-01T053352Z,2026-07-01T05:33:52.980988+00:00,2026-07-01T07:21:20.090043+00:00,2026-06-30,data/prospective/daily_qvp/snapshots/2026-07-01T053352Z/raw,1081,1043,144e01281e848a2a4c711cb0058eddc75099bb40,d3881a1328862a39dc4af32e15c4826237a09adca2da7038eafb5659ddb68bb4,8bda06ce0251beedd6a5f2cd61a08ef37682841102d3b9d86a1ab602640baf4e,DK,True,True,overlap,eligible_in_both_retrievals,True
2026-07-01T053352Z,2026-07-01T05:33:52.980988+00:00,2026-07-01T07:21:20.090043+00:00,2026-06-30,data/prospective/daily_qvp/snapshots/2026-07-01T053352Z/raw,1081,1043,144e01281e848a2a4c711cb0058eddc75099bb40,d3881a1328862a39dc4af32e15c4826237a09adca2da7038eafb5659ddb68bb4,8bda06ce0251beedd6a5f2cd61a08ef37682841102d3b9d86a1ab602640baf4e,DKNG,True,True,overlap,eligible_in_both_retrievals,True
2026-07-01T053352Z,2026-07-01T05:33:52.980988+00:00,2026-07-01T07:21:20.090043+00:00,2026-06-30,data/prospective/daily_qvp/snapshots/2026-07-01T053352Z/raw,1081,1043,144e01281e848a2a4c711cb0058eddc75099bb40,d3881a1328862a39dc4af32e15c4826237a09adca2da7038eafb5659ddb68bb4,8bda06ce0251beedd6a5f2cd61a08ef37682841102d3b9d86a1ab602640baf4e,DKS,True,True,overlap,eligible_in_both_retrievals,True
2026-07-01T053352Z,2026-07-01T05:33:52.980988+00:00,2026-07-01T07:21:20.090043+00:00,2026-06-30,data/prospective/daily_qvp/snapshots/2026-07-01T053352Z/raw,1081,1043,144e01281e848a2a4c711cb0058eddc75099bb40,d3881a1328862a39dc4af32e15c4826237a09adca2da7038eafb5659ddb68bb4,8bda06ce0251beedd6a5f2cd61a08ef37682841102d3b9d86a1ab602640baf4e,DLB,True,True,overlap,eligible_in_both_retrievals,True
2026-07-01T053352Z,2026-07-01T05:33:52.980988+00:00,2026-07-01T07:21:20.090043+00:00,2026-06-30,data/prospective/daily_qvp/snapshots/2026-07-01T053352Z/raw,1081,1043,144e01281e848a2a4c711cb0058eddc75099bb40,d3881a1328862a39dc4af32e15c4826237a09adca2da7038eafb5659ddb68bb4,8bda06ce0251beedd6a5f2cd61a08ef37682841102d3b9d86a1ab602640baf4e,DLTR,True,True,overlap,eligible_in_both_retrievals,True
2026-07-01T053352Z,2026-07-01T05:33:52.980988+00:00,2026-07-01T07:21:20.090043+00:00,2026-06-30,data/prospective/daily_qvp/snapshots/2026-07-01T053352Z/raw,1081,1043,144e01281e848a2a4c711cb0058eddc75099bb40,d3881a1328862a39dc4af32e15c4826237a09adca2da7038eafb5659ddb68bb4,8bda06ce0251beedd6a5f2cd61a08ef37682841102d3b9d86a1ab602640baf4e,DNLI,True,True,overlap,eligible_in_both_retrievals,False
2026-07-01T053352Z,2026-07-01T05:33:52.980988+00:00,2026-07-01T07:21:20.090043+00:00,2026-06-30,data/prospective/daily_qvp/snapshots/2026-07-01T053352Z/raw,1081,1043,144e01281e848a2a4c711cb0058eddc75099bb40,d3881a1328862a39dc4af32e15c4826237a09adca2da7038eafb5659ddb68bb4,8bda06ce0251beedd6a5f2cd61a08ef37682841102d3b9d86a1ab602640baf4e,DNOW,True,True,overlap,eligible_in_both_retrievals,True
2026-07-01T053352Z,2026-07-01T05:33:52.980988+00:00,2026-07-01T07:21:20.090043+00:00,2026-06-30,data/prospective/daily_qvp/snapshots/2026-07-01T053352Z/raw,1081,1043,144e01281e848a2a4c711cb0058eddc75099bb40,d3881a1328862a39dc4af32e15c4826237a09adca2da7038eafb5659ddb68bb4,8bda06ce0251beedd6a5f2cd61a08ef37682841102d3b9d86a1ab602640baf4e,DOCN,True,True,overlap,eligible_in_both_retrievals,True
2026-07-01T053352Z,2026-07-01T05:33:52.980988+00:00,2026-07-01T07:21:20.090043+00:00,2026-06-30,data/prospective/daily_qvp/snapshots/2026-07-01T053352Z/raw,1081,1043,144e01281e848a2a4c711cb0058eddc75099bb40,d3881a1328862a39dc4af32e15c4826237a09adca2da7038eafb5659ddb68bb4,8bda06ce0251beedd6a5f2cd61a08ef37682841102d3b9d86a1ab602640baf4e,DOCS,True,True,overlap,eligible_in_both_retrievals,True
2026-07-01T053352Z,2026-07-01T05:33:52.980988+00:00,2026-07-01T07:21:20.090043+00:00,2026-06-30,data/prospective/daily_qvp/snapshots/2026-07-01T053352Z/raw,1081,1043,144e01281e848a2a4c711cb0058eddc75099bb40,d3881a1328862a39dc4af32e15c4826237a09adca2da7038eafb5659ddb68bb4,8bda06ce0251beedd6a5f2cd61a08ef37682841102d3b9d86a1ab602640baf4e,DOCU,True,True,overlap,eligible_in_both_retrievals,True
2026-07-01T053352Z,2026-07-01T05:33:52.980988+00:00,2026-07-01T07:21:20.090043+00:00,2026-06-30,data/prospective/daily_qvp/snapshots/2026-07-01T053352Z/raw,1081,1043,144e01281e848a2a4c711cb0058eddc75099bb40,d3881a1328862a39dc4af32e15c4826237a09adca2da7038eafb5659ddb68bb4,8bda06ce0251beedd6a5f2cd61a08ef37682841102d3b9d86a1ab602640baf4e,DORM,True,True,overlap,eligible_in_both_retrievals,True
2026-07-01T053352Z,2026-07-01T05:33:52.980988+00:00,2026-07-01T07:21:20.090043+00:00,2026-06-30,data/prospective/daily_qvp/snapshots/2026-07-01T053352Z/raw,1081,1043,144e01281e848a2a4c711cb0058eddc75099bb40,d3881a1328862a39dc4af32e15c4826237a09adca2da7038eafb5659ddb68bb4,8bda06ce0251beedd6a5f2cd61a08ef37682841102d3b9d86a1ab602640baf4e,DOV,True,True,overlap,eligible_in_both_retrievals,True
2026-07-01T053352Z,2026-07-01T05:33:52.980988+00:00,2026-07-01T07:21:20.090043+00:00,2026-06-30,data/prospective/daily_qvp/snapshots/2026-07-01T053352Z/raw,1081,1043,144e01281e848a2a4c711cb0058eddc75099bb40,d3881a1328862a39dc4af32e15c4826237a09adca2da7038eafb5659ddb68bb4,8bda06ce0251beedd6a5f2cd61a08ef37682841102d3b9d86a1ab602640baf4e,DOW,True,True,overlap,eligible_in_both_retrievals,True
2026-07-01T053352Z,2026-07-01T05:33:52.980988+00:00,2026-07-01T07:21:20.090043+00:00,2026-06-30,data/prospective/daily_qvp/snapshots/2026-07-01T053352Z/raw,1081,1043,144e01281e848a2a4c711cb0058eddc75099bb40,d3881a1328862a39dc4af32e15c4826237a09adca2da7038eafb5659ddb68bb4,8bda06ce0251beedd6a5f2cd61a08ef37682841102d3b9d86a1ab602640baf4e,DOX,True,True,overlap,eligible_in_both_retrievals,True
2026-07-01T053352Z,2026-07-01T05:33:52.980988+00:00,2026-07-01T07:21:20.090043+00:00,2026-06-30,data/prospective/daily_qvp/snapshots/2026-07-01T053352Z/raw,1081,1043,144e01281e848a2a4c711cb0058eddc75099bb40,d3881a1328862a39dc4af32e15c4826237a09adca2da7038eafb5659ddb68bb4,8bda06ce0251beedd6a5f2cd61a08ef37682841102d3b9d86a1ab602640baf4e,DPZ,True,True,overlap,eligible_in_both_retrievals,True
2026-07-01T053352Z,2026-07-01T05:33:52.980988+00:00,2026-07-01T07:21:20.090043+00:00,2026-06-30,data/prospective/daily_qvp/snapshots/2026-07-01T053352Z/raw,1081,1043,144e01281e848a2a4c711cb0058eddc75099bb40,d3881a1328862a39dc4af32e15c4826237a09adca2da7038eafb5659ddb68bb4,8bda06ce0251beedd6a5f2cd61a08ef37682841102d3b9d86a1ab602640baf4e,DRI,True,True,overlap,eligible_in_both_retrievals,True
2026-07-01T053352Z,2026-07-01T05:33:52.980988+00:00,2026-07-01T07:21:20.090043+00:00,2026-06-30,data/prospective/daily_qvp/snapshots/2026-07-01T053352Z/raw,1081,1043,144e01281e848a2a4c711cb0058eddc75099bb40,d3881a1328862a39dc4af32e15c4826237a09adca2da7038eafb5659ddb68bb4,8bda06ce0251beedd6a5f2cd61a08ef37682841102d3b9d86a1ab602640baf4e,DRS,True,True,overlap,eligible_in_both_retrievals,True
2026-07-01T053352Z,2026-07-01T05:33:52.980988+00:00,2026-07-01T07:21:20.090043+00:00,2026-06-30,data/prospective/daily_qvp/snapshots/2026-07-01T053352Z/raw,1081,1043,144e01281e848a2a4c711cb0058eddc75099bb40,d3881a1328862a39dc4af32e15c4826237a09adca2da7038eafb5659ddb68bb4,8bda06ce0251beedd6a5f2cd61a08ef37682841102d3b9d86a1ab602640baf4e,DRVN,True,True,overlap,eligible_in_both_retrievals,True
2026-07-01T053352Z,2026-07-01T05:33:52.980988+00:00,2026-07-01T07:21:20.090043+00:00,2026-06-30,data/prospective/daily_qvp/snapshots/2026-07-01T053352Z/raw,1081,1043,144e01281e848a2a4c711cb0058eddc75099bb40,d3881a1328862a39dc4af32e15c4826237a09adca2da7038eafb5659ddb68bb4,8bda06ce0251beedd6a5f2cd61a08ef37682841102d3b9d86a1ab602640baf4e,DT,True,True,overlap,eligible_in_both_retrievals,True
2026-07-01T053352Z,2026-07-01T05:33:52.980988+00:00,2026-07-01T07:21:20.090043+00:00,2026-06-30,data/prospective/daily_qvp/snapshots/2026-07-01T053352Z/raw,1081,1043,144e01281e848a2a4c711cb0058eddc75099bb40,d3881a1328862a39dc4af32e15c4826237a09adca2da7038eafb5659ddb68bb4,8bda06ce0251beedd6a5f2cd61a08ef37682841102d3b9d86a1ab602640baf4e,DTE,True,True,overlap,eligible_in_both_retrievals,True
2026-07-01T053352Z,2026-07-01T05:33:52.980988+00:00,2026-07-01T07:21:20.090043+00:00,2026-06-30,data/prospective/daily_qvp/snapshots/2026-07-01T053352Z/raw,1081,1043,144e01281e848a2a4c711cb0058eddc75099bb40,d3881a1328862a39dc4af32e15c4826237a09adca2da7038eafb5659ddb68bb4,8bda06ce0251beedd6a5f2cd61a08ef37682841102d3b9d86a1ab602640baf4e,DTM,True,True,overlap,eligible_in_both_retrievals,True
2026-07-01T053352Z,2026-07-01T05:33:52.980988+00:00,2026-07-01T07:21:20.090043+00:00,2026-06-30,data/prospective/daily_qvp/snapshots/2026-07-01T053352Z/raw,1081,1043,144e01281e848a2a4c711cb0058eddc75099bb40,d3881a1328862a39dc4af32e15c4826237a09adca2da7038eafb5659ddb68bb4,8bda06ce0251beedd6a5f2cd61a08ef37682841102d3b9d86a1ab602640baf4e,DUK,True,True,overlap,eligible_in_both_retrievals,True
2026-07-01T053352Z,2026-07-01T05:33:52.980988+00:00,2026-07-01T07:21:20.090043+00:00,2026-06-30,data/prospective/daily_qvp/snapshots/2026-07-01T053352Z/raw,1081,1043,144e01281e848a2a4c711cb0058eddc75099bb40,d3881a1328862a39dc4af32e15c4826237a09adca2da7038eafb5659ddb68bb4,8bda06ce0251beedd6a5f2cd61a08ef37682841102d3b9d86a1ab602640baf4e,DUOL,True,True,overlap,eligible_in_both_retrievals,True
2026-07-01T053352Z,2026-07-01T05:33:52.980988+00:00,2026-07-01T07:21:20.090043+00:00,2026-06-30,data/prospective/daily_qvp/snapshots/2026-07-01T053352Z/raw,1081,1043,144e01281e848a2a4c711cb0058eddc75099bb40,d3881a1328862a39dc4af32e15c4826237a09adca2da7038eafb5659ddb68bb4,8bda06ce0251beedd6a5f2cd61a08ef37682841102d3b9d86a1ab602640baf4e,DVA,True,True,overlap,eligible_in_both_retrievals,True
2026-07-01T053352Z,2026-07-01T05:33:52.980988+00:00,2026-07-01T07:21:20.090043+00:00,2026-06-30,data/prospective/daily_qvp/snapshots/2026-07-01T053352Z/raw,1081,1043,144e01281e848a2a4c711cb0058eddc75099bb40,d3881a1328862a39dc4af32e15c4826237a09adca2da7038eafb5659ddb68bb4,8bda06ce0251beedd6a5f2cd61a08ef37682841102d3b9d86a1ab602640baf4e,DVN,True,True,overlap,eligible_in_both_retrievals,True
2026-07-01T053352Z,2026-07-01T05:33:52.980988+00:00,2026-07-01T07:21:20.090043+00:00,2026-06-30,data/prospective/daily_qvp/snapshots/2026-07-01T053352Z/raw,1081,1043,144e01281e848a2a4c711cb0058eddc75099bb40,d3881a1328862a39dc4af32e15c4826237a09adca2da7038eafb5659ddb68bb4,8bda06ce0251beedd6a5f2cd61a08ef37682841102d3b9d86a1ab602640baf4e,DXCM,True,True,overlap,eligible_in_both_retrievals,True
2026-07-01T053352Z,2026-07-01T05:33:52.980988+00:00,2026-07-01T07:21:20.090043+00:00,2026-06-30,data/prospective/daily_qvp/snapshots/2026-07-01T053352Z/raw,1081,1043,144e01281e848a2a4c711cb0058eddc75099bb40,d3881a1328862a39dc4af32e15c4826237a09adca2da7038eafb5659ddb68bb4,8bda06ce0251beedd6a5f2cd61a08ef37682841102d3b9d86a1ab602640baf4e,DY,True,True,overlap,eligible_in_both_retrievals,True
2026-07-01T053352Z,2026-07-01T05:33:52.980988+00:00,2026-07-01T07:21:20.090043+00:00,2026-06-30,data/prospective/daily_qvp/snapshots/2026-07-01T053352Z/raw,1081,1043,144e01281e848a2a4c711cb0058eddc75099bb40,d3881a1328862a39dc4af32e15c4826237a09adca2da7038eafb5659ddb68bb4,8bda06ce0251beedd6a5f2cd61a08ef37682841102d3b9d86a1ab602640baf4e,DYN,True,True,overlap,eligible_in_both_retrievals,False
2026-07-01T053352Z,2026-07-01T05:33:52.980988+00:00,2026-07-01T07:21:20.090043+00:00,2026-06-30,data/prospective/daily_qvp/snapshots/2026-07-01T053352Z/raw,1081,1043,144e01281e848a2a4c711cb0058eddc75099bb40,d3881a1328862a39dc4af32e15c4826237a09adca2da7038eafb5659ddb68bb4,8bda06ce0251beedd6a5f2cd61a08ef37682841102d3b9d86a1ab602640baf4e,EA,True,True,overlap,eligible_in_both_retrievals,True
2026-07-01T053352Z,2026-07-01T05:33:52.980988+00:00,2026-07-01T07:21:20.090043+00:00,2026-06-30,data/prospective/daily_qvp/snapshots/2026-07-01T053352Z/raw,1081,1043,144e01281e848a2a4c711cb0058eddc75099bb40,d3881a1328862a39dc4af32e15c4826237a09adca2da7038eafb5659ddb68bb4,8bda06ce0251beedd6a5f2cd61a08ef37682841102d3b9d86a1ab602640baf4e,EAT,True,True,overlap,eligible_in_both_retrievals,True
2026-07-01T053352Z,2026-07-01T05:33:52.980988+00:00,2026-07-01T07:21:20.090043+00:00,2026-06-30,data/prospective/daily_qvp/snapshots/2026-07-01T053352Z/raw,1081,1043,144e01281e848a2a4c711cb0058eddc75099bb40,d3881a1328862a39dc4af32e15c4826237a09adca2da7038eafb5659ddb68bb4,8bda06ce0251beedd6a5f2cd61a08ef37682841102d3b9d86a1ab602640baf4e,EBAY,True,True,overlap,eligible_in_both_retrievals,True
2026-07-01T053352Z,2026-07-01T05:33:52.980988+00:00,2026-07-01T07:21:20.090043+00:00,2026-06-30,data/prospective/daily_qvp/snapshots/2026-07-01T053352Z/raw,1081,1043,144e01281e848a2a4c711cb0058eddc75099bb40,d3881a1328862a39dc4af32e15c4826237a09adca2da7038eafb5659ddb68bb4,8bda06ce0251beedd6a5f2cd61a08ef37682841102d3b9d86a1ab602640baf4e,ECHO,False,True,new_addition,recovered_by_essential_field_and_504_observation_retries_after_old_silent_enrichment_failure,True
2026-07-01T053352Z,2026-07-01T05:33:52.980988+00:00,2026-07-01T07:21:20.090043+00:00,2026-06-30,data/prospective/daily_qvp/snapshots/2026-07-01T053352Z/raw,1081,1043,144e01281e848a2a4c711cb0058eddc75099bb40,d3881a1328862a39dc4af32e15c4826237a09adca2da7038eafb5659ddb68bb4,8bda06ce0251beedd6a5f2cd61a08ef37682841102d3b9d86a1ab602640baf4e,ECL,True,True,overlap,eligible_in_both_retrievals,True
2026-07-01T053352Z,2026-07-01T05:33:52.980988+00:00,2026-07-01T07:21:20.090043+00:00,2026-06-30,data/prospective/daily_qvp/snapshots/2026-07-01T053352Z/raw,1081,1043,144e01281e848a2a4c711cb0058eddc75099bb40,d3881a1328862a39dc4af32e15c4826237a09adca2da7038eafb5659ddb68bb4,8bda06ce0251beedd6a5f2cd61a08ef37682841102d3b9d86a1ab602640baf4e,ED,True,True,overlap,eligible_in_both_retrievals,True
2026-07-01T053352Z,2026-07-01T05:33:52.980988+00:00,2026-07-01T07:21:20.090043+00:00,2026-06-30,data/prospective/daily_qvp/snapshots/2026-07-01T053352Z/raw,1081,1043,144e01281e848a2a4c711cb0058eddc75099bb40,d3881a1328862a39dc4af32e15c4826237a09adca2da7038eafb5659ddb68bb4,8bda06ce0251beedd6a5f2cd61a08ef37682841102d3b9d86a1ab602640baf4e,EE,True,True,overlap,eligible_in_both_retrievals,True
2026-07-01T053352Z,2026-07-01T05:33:52.980988+00:00,2026-07-01T07:21:20.090043+00:00,2026-06-30,data/prospective/daily_qvp/snapshots/2026-07-01T053352Z/raw,1081,1043,144e01281e848a2a4c711cb0058eddc75099bb40,d3881a1328862a39dc4af32e15c4826237a09adca2da7038eafb5659ddb68bb4,8bda06ce0251beedd6a5f2cd61a08ef37682841102d3b9d86a1ab602640baf4e,EEFT,True,True,overlap,eligible_in_both_retrievals,True
2026-07-01T053352Z,2026-07-01T05:33:52.980988+00:00,2026-07-01T07:21:20.090043+00:00,2026-06-30,data/prospective/daily_qvp/snapshots/2026-07-01T053352Z/raw,1081,1043,144e01281e848a2a4c711cb0058eddc75099bb40,d3881a1328862a39dc4af32e15c4826237a09adca2da7038eafb5659ddb68bb4,8bda06ce0251beedd6a5f2cd61a08ef37682841102d3b9d86a1ab602640baf4e,EFX,True,True,overlap,eligible_in_both_retrievals,True
2026-07-01T053352Z,2026-07-01T05:33:52.980988+00:00,2026-07-01T07:21:20.090043+00:00,2026-06-30,data/prospective/daily_qvp/snapshots/2026-07-01T053352Z/raw,1081,1043,144e01281e848a2a4c711cb0058eddc75099bb40,d3881a1328862a39dc4af32e15c4826237a09adca2da7038eafb5659ddb68bb4,8bda06ce0251beedd6a5f2cd61a08ef37682841102d3b9d86a1ab602640baf4e,EHC,True,True,overlap,eligible_in_both_retrievals,True
2026-07-01T053352Z,2026-07-01T05:33:52.980988+00:00,2026-07-01T07:21:20.090043+00:00,2026-06-30,data/prospective/daily_qvp/snapshots/2026-07-01T053352Z/raw,1081,1043,144e01281e848a2a4c711cb0058eddc75099bb40,d3881a1328862a39dc4af32e15c4826237a09adca2da7038eafb5659ddb68bb4,8bda06ce0251beedd6a5f2cd61a08ef37682841102d3b9d86a1ab602640baf4e,EIX,True,True,overlap,eligible_in_both_retrievals,True
2026-07-01T053352Z,2026-07-01T05:33:52.980988+00:00,2026-07-01T07:21:20.090043+00:00,2026-06-30,data/prospective/daily_qvp/snapshots/2026-07-01T053352Z/raw,1081,1043,144e01281e848a2a4c711cb0058eddc75099bb40,d3881a1328862a39dc4af32e15c4826237a09adca2da7038eafb5659ddb68bb4,8bda06ce0251beedd6a5f2cd61a08ef37682841102d3b9d86a1ab602640baf4e,EL,True,True,overlap,eligible_in_both_retrievals,True
2026-07-01T053352Z,2026-07-01T05:33:52.980988+00:00,2026-07-01T07:21:20.090043+00:00,2026-06-30,data/prospective/daily_qvp/snapshots/2026-07-01T053352Z/raw,1081,1043,144e01281e848a2a4c711cb0058eddc75099bb40,d3881a1328862a39dc4af32e15c4826237a09adca2da7038eafb5659ddb68bb4,8bda06ce0251beedd6a5f2cd61a08ef37682841102d3b9d86a1ab602640baf4e,ELAN,True,True,overlap,eligible_in_both_retrievals,True
2026-07-01T053352Z,2026-07-01T05:33:52.980988+00:00,2026-07-01T07:21:20.090043+00:00,2026-06-30,data/prospective/daily_qvp/snapshots/2026-07-01T053352Z/raw,1081,1043,144e01281e848a2a4c711cb0058eddc75099bb40,d3881a1328862a39dc4af32e15c4826237a09adca2da7038eafb5659ddb68bb4,8bda06ce0251beedd6a5f2cd61a08ef37682841102d3b9d86a1ab602640baf4e,ELF,True,True,overlap,eligible_in_both_retrievals,True
2026-07-01T053352Z,2026-07-01T05:33:52.980988+00:00,2026-07-01T07:21:20.090043+00:00,2026-06-30,data/prospective/daily_qvp/snapshots/2026-07-01T053352Z/raw,1081,1043,144e01281e848a2a4c711cb0058eddc75099bb40,d3881a1328862a39dc4af32e15c4826237a09adca2da7038eafb5659ddb68bb4,8bda06ce0251beedd6a5f2cd61a08ef37682841102d3b9d86a1ab602640baf4e,ELV,True,True,overlap,eligible_in_both_retrievals,False
2026-07-01T053352Z,2026-07-01T05:33:52.980988+00:00,2026-07-01T07:21:20.090043+00:00,2026-06-30,data/prospective/daily_qvp/snapshots/2026-07-01T053352Z/raw,1081,1043,144e01281e848a2a4c711cb0058eddc75099bb40,d3881a1328862a39dc4af32e15c4826237a09adca2da7038eafb5659ddb68bb4,8bda06ce0251beedd6a5f2cd61a08ef37682841102d3b9d86a1ab602640baf4e,ELVN,True,True,overlap,eligible_in_both_retrievals,False
2026-07-01T053352Z,2026-07-01T05:33:52.980988+00:00,2026-07-01T07:21:20.090043+00:00,2026-06-30,data/prospective/daily_qvp/snapshots/2026-07-01T053352Z/raw,1081,1043,144e01281e848a2a4c711cb0058eddc75099bb40,d3881a1328862a39dc4af32e15c4826237a09adca2da7038eafb5659ddb68bb4,8bda06ce0251beedd6a5f2cd61a08ef37682841102d3b9d86a1ab602640baf4e,EME,True,True,overlap,eligible_in_both_retrievals,True
2026-07-01T053352Z,2026-07-01T05:33:52.980988+00:00,2026-07-01T07:21:20.090043+00:00,2026-06-30,data/prospective/daily_qvp/snapshots/2026-07-01T053352Z/raw,1081,1043,144e01281e848a2a4c711cb0058eddc75099bb40,d3881a1328862a39dc4af32e15c4826237a09adca2da7038eafb5659ddb68bb4,8bda06ce0251beedd6a5f2cd61a08ef37682841102d3b9d86a1ab602640baf4e,EMN,True,True,overlap,eligible_in_both_retrievals,True
2026-07-01T053352Z,2026-07-01T05:33:52.980988+00:00,2026-07-01T07:21:20.090043+00:00,2026-06-30,data/prospective/daily_qvp/snapshots/2026-07-01T053352Z/raw,1081,1043,144e01281e848a2a4c711cb0058eddc75099bb40,d3881a1328862a39dc4af32e15c4826237a09adca2da7038eafb5659ddb68bb4,8bda06ce0251beedd6a5f2cd61a08ef37682841102d3b9d86a1ab602640baf4e,EMR,True,True,overlap,eligible_in_both_retrievals,True
2026-07-01T053352Z,2026-07-01T05:33:52.980988+00:00,2026-07-01T07:21:20.090043+00:00,2026-06-30,data/prospective/daily_qvp/snapshots/2026-07-01T053352Z/raw,1081,1043,144e01281e848a2a4c711cb0058eddc75099bb40,d3881a1328862a39dc4af32e15c4826237a09adca2da7038eafb5659ddb68bb4,8bda06ce0251beedd6a5f2cd61a08ef37682841102d3b9d86a1ab602640baf4e,ENS,True,True,overlap,eligible_in_both_retrievals,True
2026-07-01T053352Z,2026-07-01T05:33:52.980988+00:00,2026-07-01T07:21:20.090043+00:00,2026-06-30,data/prospective/daily_qvp/snapshots/2026-07-01T053352Z/raw,1081,1043,144e01281e848a2a4c711cb0058eddc75099bb40,d3881a1328862a39dc4af32e15c4826237a09adca2da7038eafb5659ddb68bb4,8bda06ce0251beedd6a5f2cd61a08ef37682841102d3b9d86a1ab602640baf4e,ENSG,True,True,overlap,eligible_in_both_retrievals,True
2026-07-01T053352Z,2026-07-01T05:33:52.980988+00:00,2026-07-01T07:21:20.090043+00:00,2026-06-30,data/prospective/daily_qvp/snapshots/2026-07-01T053352Z/raw,1081,1043,144e01281e848a2a4c711cb0058eddc75099bb40,d3881a1328862a39dc4af32e15c4826237a09adca2da7038eafb5659ddb68bb4,8bda06ce0251beedd6a5f2cd61a08ef37682841102d3b9d86a1ab602640baf4e,ENTG,True,True,overlap,eligible_in_both_retrievals,True
2026-07-01T053352Z,2026-07-01T05:33:52.980988+00:00,2026-07-01T07:21:20.090043+00:00,2026-06-30,data/prospective/daily_qvp/snapshots/2026-07-01T053352Z/raw,1081,1043,144e01281e848a2a4c711cb0058eddc75099bb40,d3881a1328862a39dc4af32e15c4826237a09adca2da7038eafb5659ddb68bb4,8bda06ce0251beedd6a5f2cd61a08ef37682841102d3b9d86a1ab602640baf4e,EOG,True,True,overlap,eligible_in_both_retrievals,True
2026-07-01T053352Z,2026-07-01T05:33:52.980988+00:00,2026-07-01T07:21:20.090043+00:00,2026-06-30,data/prospective/daily_qvp/snapshots/2026-07-01T053352Z/raw,1081,1043,144e01281e848a2a4c711cb0058eddc75099bb40,d3881a1328862a39dc4af32e15c4826237a09adca2da7038eafb5659ddb68bb4,8bda06ce0251beedd6a5f2cd61a08ef37682841102d3b9d86a1ab602640baf4e,EPAM,True,True,overlap,eligible_in_both_retrievals,True
2026-07-01T053352Z,2026-07-01T05:33:52.980988+00:00,2026-07-01T07:21:20.090043+00:00,2026-06-30,data/prospective/daily_qvp/snapshots/2026-07-01T053352Z/raw,1081,1043,144e01281e848a2a4c711cb0058eddc75099bb40,d3881a1328862a39dc4af32e15c4826237a09adca2da7038eafb5659ddb68bb4,8bda06ce0251beedd6a5f2cd61a08ef37682841102d3b9d86a1ab602640baf4e,EQT,True,True,overlap,eligible_in_both_retrievals,True
2026-07-01T053352Z,2026-07-01T05:33:52.980988+00:00,2026-07-01T07:21:20.090043+00:00,2026-06-30,data/prospective/daily_qvp/snapshots/2026-07-01T053352Z/raw,1081,1043,144e01281e848a2a4c711cb0058eddc75099bb40,d3881a1328862a39dc4af32e15c4826237a09adca2da7038eafb5659ddb68bb4,8bda06ce0251beedd6a5f2cd61a08ef37682841102d3b9d86a1ab602640baf4e,ERAS,True,True,overlap,eligible_in_both_retrievals,False
2026-07-01T053352Z,2026-07-01T05:33:52.980988+00:00,2026-07-01T07:21:20.090043+00:00,2026-06-30,data/prospective/daily_qvp/snapshots/2026-07-01T053352Z/raw,1081,1043,144e01281e848a2a4c711cb0058eddc75099bb40,d3881a1328862a39dc4af32e15c4826237a09adca2da7038eafb5659ddb68bb4,8bda06ce0251beedd6a5f2cd61a08ef37682841102d3b9d86a1ab602640baf4e,ES,True,True,overlap,eligible_in_both_retrievals,True
2026-07-01T053352Z,2026-07-01T05:33:52.980988+00:00,2026-07-01T07:21:20.090043+00:00,2026-06-30,data/prospective/daily_qvp/snapshots/2026-07-01T053352Z/raw,1081,1043,144e01281e848a2a4c711cb0058eddc75099bb40,d3881a1328862a39dc4af32e15c4826237a09adca2da7038eafb5659ddb68bb4,8bda06ce0251beedd6a5f2cd61a08ef37682841102d3b9d86a1ab602640baf4e,ESAB,True,True,overlap,eligible_in_both_retrievals,True
2026-07-01T053352Z,2026-07-01T05:33:52.980988+00:00,2026-07-01T07:21:20.090043+00:00,2026-06-30,data/prospective/daily_qvp/snapshots/2026-07-01T053352Z/raw,1081,1043,144e01281e848a2a4c711cb0058eddc75099bb40,d3881a1328862a39dc4af32e15c4826237a09adca2da7038eafb5659ddb68bb4,8bda06ce0251beedd6a5f2cd61a08ef37682841102d3b9d86a1ab602640baf4e,ESE,True,True,overlap,eligible_in_both_retrievals,True
2026-07-01T053352Z,2026-07-01T05:33:52.980988+00:00,2026-07-01T07:21:20.090043+00:00,2026-06-30,data/prospective/daily_qvp/snapshots/2026-07-01T053352Z/raw,1081,1043,144e01281e848a2a4c711cb0058eddc75099bb40,d3881a1328862a39dc4af32e15c4826237a09adca2da7038eafb5659ddb68bb4,8bda06ce0251beedd6a5f2cd61a08ef37682841102d3b9d86a1ab602640baf4e,ESI,True,True,overlap,eligible_in_both_retrievals,True
2026-07-01T053352Z,2026-07-01T05:33:52.980988+00:00,2026-07-01T07:21:20.090043+00:00,2026-06-30,data/prospective/daily_qvp/snapshots/2026-07-01T053352Z/raw,1081,1043,144e01281e848a2a4c711cb0058eddc75099bb40,d3881a1328862a39dc4af32e15c4826237a09adca2da7038eafb5659ddb68bb4,8bda06ce0251beedd6a5f2cd61a08ef37682841102d3b9d86a1ab602640baf4e,ETR,True,True,overlap,eligible_in_both_retrievals,True
2026-07-01T053352Z,2026-07-01T05:33:52.980988+00:00,2026-07-01T07:21:20.090043+00:00,2026-06-30,data/prospective/daily_qvp/snapshots/2026-07-01T053352Z/raw,1081,1043,144e01281e848a2a4c711cb0058eddc75099bb40,d3881a1328862a39dc4af32e15c4826237a09adca2da7038eafb5659ddb68bb4,8bda06ce0251beedd6a5f2cd61a08ef37682841102d3b9d86a1ab602640baf4e,ETSY,True,True,overlap,eligible_in_both_retrievals,True
2026-07-01T053352Z,2026-07-01T05:33:52.980988+00:00,2026-07-01T07:21:20.090043+00:00,2026-06-30,data/prospective/daily_qvp/snapshots/2026-07-01T053352Z/raw,1081,1043,144e01281e848a2a4c711cb0058eddc75099bb40,d3881a1328862a39dc4af32e15c4826237a09adca2da7038eafb5659ddb68bb4,8bda06ce0251beedd6a5f2cd61a08ef37682841102d3b9d86a1ab602640baf4e,EVRG,True,True,overlap,eligible_in_both_retrievals,True
2026-07-01T053352Z,2026-07-01T05:33:52.980988+00:00,2026-07-01T07:21:20.090043+00:00,2026-06-30,data/prospective/daily_qvp/snapshots/2026-07-01T053352Z/raw,1081,1043,144e01281e848a2a4c711cb0058eddc75099bb40,d3881a1328862a39dc4af32e15c4826237a09adca2da7038eafb5659ddb68bb4,8bda06ce0251beedd6a5f2cd61a08ef37682841102d3b9d86a1ab602640baf4e,EW,True,True,overlap,eligible_in_both_retrievals,True
2026-07-01T053352Z,2026-07-01T05:33:52.980988+00:00,2026-07-01T07:21:20.090043+00:00,2026-06-30,data/prospective/daily_qvp/snapshots/2026-07-01T053352Z/raw,1081,1043,144e01281e848a2a4c711cb0058eddc75099bb40,d3881a1328862a39dc4af32e15c4826237a09adca2da7038eafb5659ddb68bb4,8bda06ce0251beedd6a5f2cd61a08ef37682841102d3b9d86a1ab602640baf4e,EWTX,True,True,overlap,eligible_in_both_retrievals,False
2026-07-01T053352Z,2026-07-01T05:33:52.980988+00:00,2026-07-01T07:21:20.090043+00:00,2026-06-30,data/prospective/daily_qvp/snapshots/2026-07-01T053352Z/raw,1081,1043,144e01281e848a2a4c711cb0058eddc75099bb40,d3881a1328862a39dc4af32e15c4826237a09adca2da7038eafb5659ddb68bb4,8bda06ce0251beedd6a5f2cd61a08ef37682841102d3b9d86a1ab602640baf4e,EXC,True,True,overlap,eligible_in_both_retrievals,True
2026-07-01T053352Z,2026-07-01T05:33:52.980988+00:00,2026-07-01T07:21:20.090043+00:00,2026-06-30,data/prospective/daily_qvp/snapshots/2026-07-01T053352Z/raw,1081,1043,144e01281e848a2a4c711cb0058eddc75099bb40,d3881a1328862a39dc4af32e15c4826237a09adca2da7038eafb5659ddb68bb4,8bda06ce0251beedd6a5f2cd61a08ef37682841102d3b9d86a1ab602640baf4e,EXE,True,True,overlap,eligible_in_both_retrievals,True
2026-07-01T053352Z,2026-07-01T05:33:52.980988+00:00,2026-07-01T07:21:20.090043+00:00,2026-06-30,data/prospective/daily_qvp/snapshots/2026-07-01T053352Z/raw,1081,1043,144e01281e848a2a4c711cb0058eddc75099bb40,d3881a1328862a39dc4af32e15c4826237a09adca2da7038eafb5659ddb68bb4,8bda06ce0251beedd6a5f2cd61a08ef37682841102d3b9d86a1ab602640baf4e,EXEL,True,True,overlap,eligible_in_both_retrievals,True
2026-07-01T053352Z,2026-07-01T05:33:52.980988+00:00,2026-07-01T07:21:20.090043+00:00,2026-06-30,data/prospective/daily_qvp/snapshots/2026-07-01T053352Z/raw,1081,1043,144e01281e848a2a4c711cb0058eddc75099bb40,d3881a1328862a39dc4af32e15c4826237a09adca2da7038eafb5659ddb68bb4,8bda06ce0251beedd6a5f2cd61a08ef37682841102d3b9d86a1ab602640baf4e,EXLS,True,True,overlap,eligible_in_both_retrievals,True
2026-07-01T053352Z,2026-07-01T05:33:52.980988+00:00,2026-07-01T07:21:20.090043+00:00,2026-06-30,data/prospective/daily_qvp/snapshots/2026-07-01T053352Z/raw,1081,1043,144e01281e848a2a4c711cb0058eddc75099bb40,d3881a1328862a39dc4af32e15c4826237a09adca2da7038eafb5659ddb68bb4,8bda06ce0251beedd6a5f2cd61a08ef37682841102d3b9d86a1ab602640baf4e,EXP,True,True,overlap,eligible_in_both_retrievals,True
2026-07-01T053352Z,2026-07-01T05:33:52.980988+00:00,2026-07-01T07:21:20.090043+00:00,2026-06-30,data/prospective/daily_qvp/snapshots/2026-07-01T053352Z/raw,1081,1043,144e01281e848a2a4c711cb0058eddc75099bb40,d3881a1328862a39dc4af32e15c4826237a09adca2da7038eafb5659ddb68bb4,8bda06ce0251beedd6a5f2cd61a08ef37682841102d3b9d86a1ab602640baf4e,EXPD,True,True,overlap,eligible_in_both_retrievals,True
2026-07-01T053352Z,2026-07-01T05:33:52.980988+00:00,2026-07-01T07:21:20.090043+00:00,2026-06-30,data/prospective/daily_qvp/snapshots/2026-07-01T053352Z/raw,1081,1043,144e01281e848a2a4c711cb0058eddc75099bb40,d3881a1328862a39dc4af32e15c4826237a09adca2da7038eafb5659ddb68bb4,8bda06ce0251beedd6a5f2cd61a08ef37682841102d3b9d86a1ab602640baf4e,EXPE,True,True,overlap,eligible_in_both_retrievals,True
2026-07-01T053352Z,2026-07-01T05:33:52.980988+00:00,2026-07-01T07:21:20.090043+00:00,2026-06-30,data/prospective/daily_qvp/snapshots/2026-07-01T053352Z/raw,1081,1043,144e01281e848a2a4c711cb0058eddc75099bb40,d3881a1328862a39dc4af32e15c4826237a09adca2da7038eafb5659ddb68bb4,8bda06ce0251beedd6a5f2cd61a08ef37682841102d3b9d86a1ab602640baf4e,EXPO,True,True,overlap,eligible_in_both_retrievals,False
2026-07-01T053352Z,2026-07-01T05:33:52.980988+00:00,2026-07-01T07:21:20.090043+00:00,2026-06-30,data/prospective/daily_qvp/snapshots/2026-07-01T053352Z/raw,1081,1043,144e01281e848a2a4c711cb0058eddc75099bb40,d3881a1328862a39dc4af32e15c4826237a09adca2da7038eafb5659ddb68bb4,8bda06ce0251beedd6a5f2cd61a08ef37682841102d3b9d86a1ab602640baf4e,EXTR,True,True,overlap,eligible_in_both_retrievals,True
2026-07-01T053352Z,2026-07-01T05:33:52.980988+00:00,2026-07-01T07:21:20.090043+00:00,2026-06-30,data/prospective/daily_qvp/snapshots/2026-07-01T053352Z/raw,1081,1043,144e01281e848a2a4c711cb0058eddc75099bb40,d3881a1328862a39dc4af32e15c4826237a09adca2da7038eafb5659ddb68bb4,8bda06ce0251beedd6a5f2cd61a08ef37682841102d3b9d86a1ab602640baf4e,F,True,True,overlap,eligible_in_both_retrievals,True
2026-07-01T053352Z,2026-07-01T05:33:52.980988+00:00,2026-07-01T07:21:20.090043+00:00,2026-06-30,data/prospective/daily_qvp/snapshots/2026-07-01T053352Z/raw,1081,1043,144e01281e848a2a4c711cb0058eddc75099bb40,d3881a1328862a39dc4af32e15c4826237a09adca2da7038eafb5659ddb68bb4,8bda06ce0251beedd6a5f2cd61a08ef37682841102d3b9d86a1ab602640baf4e,FA,True,True,overlap,eligible_in_both_retrievals,True
2026-07-01T053352Z,2026-07-01T05:33:52.980988+00:00,2026-07-01T07:21:20.090043+00:00,2026-06-30,data/prospective/daily_qvp/snapshots/2026-07-01T053352Z/raw,1081,1043,144e01281e848a2a4c711cb0058eddc75099bb40,d3881a1328862a39dc4af32e15c4826237a09adca2da7038eafb5659ddb68bb4,8bda06ce0251beedd6a5f2cd61a08ef37682841102d3b9d86a1ab602640baf4e,FANG,True,True,overlap,eligible_in_both_retrievals,True
2026-07-01T053352Z,2026-07-01T05:33:52.980988+00:00,2026-07-01T07:21:20.090043+00:00,2026-06-30,data/prospective/daily_qvp/snapshots/2026-07-01T053352Z/raw,1081,1043,144e01281e848a2a4c711cb0058eddc75099bb40,d3881a1328862a39dc4af32e15c4826237a09adca2da7038eafb5659ddb68bb4,8bda06ce0251beedd6a5f2cd61a08ef37682841102d3b9d86a1ab602640baf4e,FAST,True,True,overlap,eligible_in_both_retrievals,True
2026-07-01T053352Z,2026-07-01T05:33:52.980988+00:00,2026-07-01T07:21:20.090043+00:00,2026-06-30,data/prospective/daily_qvp/snapshots/2026-07-01T053352Z/raw,1081,1043,144e01281e848a2a4c711cb0058eddc75099bb40,d3881a1328862a39dc4af32e15c4826237a09adca2da7038eafb5659ddb68bb4,8bda06ce0251beedd6a5f2cd61a08ef37682841102d3b9d86a1ab602640baf4e,FBIN,True,True,overlap,eligible_in_both_retrievals,True
2026-07-01T053352Z,2026-07-01T05:33:52.980988+00:00,2026-07-01T07:21:20.090043+00:00,2026-06-30,data/prospective/daily_qvp/snapshots/2026-07-01T053352Z/raw,1081,1043,144e01281e848a2a4c711cb0058eddc75099bb40,d3881a1328862a39dc4af32e15c4826237a09adca2da7038eafb5659ddb68bb4,8bda06ce0251beedd6a5f2cd61a08ef37682841102d3b9d86a1ab602640baf4e,FCN,True,True,overlap,eligible_in_both_retrievals,True
2026-07-01T053352Z,2026-07-01T05:33:52.980988+00:00,2026-07-01T07:21:20.090043+00:00,2026-06-30,data/prospective/daily_qvp/snapshots/2026-07-01T053352Z/raw,1081,1043,144e01281e848a2a4c711cb0058eddc75099bb40,d3881a1328862a39dc4af32e15c4826237a09adca2da7038eafb5659ddb68bb4,8bda06ce0251beedd6a5f2cd61a08ef37682841102d3b9d86a1ab602640baf4e,FCX,True,True,overlap,eligible_in_both_retrievals,True
2026-07-01T053352Z,2026-07-01T05:33:52.980988+00:00,2026-07-01T07:21:20.090043+00:00,2026-06-30,data/prospective/daily_qvp/snapshots/2026-07-01T053352Z/raw,1081,1043,144e01281e848a2a4c711cb0058eddc75099bb40,d3881a1328862a39dc4af32e15c4826237a09adca2da7038eafb5659ddb68bb4,8bda06ce0251beedd6a5f2cd61a08ef37682841102d3b9d86a1ab602640baf4e,FDX,True,True,overlap,eligible_in_both_retrievals,True
2026-07-01T053352Z,2026-07-01T05:33:52.980988+00:00,2026-07-01T07:21:20.090043+00:00,2026-06-30,data/prospective/daily_qvp/snapshots/2026-07-01T053352Z/raw,1081,1043,144e01281e848a2a4c711cb0058eddc75099bb40,d3881a1328862a39dc4af32e15c4826237a09adca2da7038eafb5659ddb68bb4,8bda06ce0251beedd6a5f2cd61a08ef37682841102d3b9d86a1ab602640baf4e,FE,True,True,overlap,eligible_in_both_retrievals,True
2026-07-01T053352Z,2026-07-01T05:33:52.980988+00:00,2026-07-01T07:21:20.090043+00:00,2026-06-30,data/prospective/daily_qvp/snapshots/2026-07-01T053352Z/raw,1081,1043,144e01281e848a2a4c711cb0058eddc75099bb40,d3881a1328862a39dc4af32e15c4826237a09adca2da7038eafb5659ddb68bb4,8bda06ce0251beedd6a5f2cd61a08ef37682841102d3b9d86a1ab602640baf4e,FELE,True,True,overlap,eligible_in_both_retrievals,True
2026-07-01T053352Z,2026-07-01T05:33:52.980988+00:00,2026-07-01T07:21:20.090043+00:00,2026-06-30,data/prospective/daily_qvp/snapshots/2026-07-01T053352Z/raw,1081,1043,144e01281e848a2a4c711cb0058eddc75099bb40,d3881a1328862a39dc4af32e15c4826237a09adca2da7038eafb5659ddb68bb4,8bda06ce0251beedd6a5f2cd61a08ef37682841102d3b9d86a1ab602640baf4e,FERG,True,True,overlap,eligible_in_both_retrievals,True
2026-07-01T053352Z,2026-07-01T05:33:52.980988+00:00,2026-07-01T07:21:20.090043+00:00,2026-06-30,data/prospective/daily_qvp/snapshots/2026-07-01T053352Z/raw,1081,1043,144e01281e848a2a4c711cb0058eddc75099bb40,d3881a1328862a39dc4af32e15c4826237a09adca2da7038eafb5659ddb68bb4,8bda06ce0251beedd6a5f2cd61a08ef37682841102d3b9d86a1ab602640baf4e,FFIV,True,True,overlap,eligible_in_both_retrievals,True
2026-07-01T053352Z,2026-07-01T05:33:52.980988+00:00,2026-07-01T07:21:20.090043+00:00,2026-06-30,data/prospective/daily_qvp/snapshots/2026-07-01T053352Z/raw,1081,1043,144e01281e848a2a4c711cb0058eddc75099bb40,d3881a1328862a39dc4af32e15c4826237a09adca2da7038eafb5659ddb68bb4,8bda06ce0251beedd6a5f2cd61a08ef37682841102d3b9d86a1ab602640baf4e,FICO,True,True,overlap,eligible_in_both_retrievals,True
2026-07-01T053352Z,2026-07-01T05:33:52.980988+00:00,2026-07-01T07:21:20.090043+00:00,2026-06-30,data/prospective/daily_qvp/snapshots/2026-07-01T053352Z/raw,1081,1043,144e01281e848a2a4c711cb0058eddc75099bb40,d3881a1328862a39dc4af32e15c4826237a09adca2da7038eafb5659ddb68bb4,8bda06ce0251beedd6a5f2cd61a08ef37682841102d3b9d86a1ab602640baf4e,FIGS,True,False,removed,not_returned_by_current_screen,False
2026-07-01T053352Z,2026-07-01T05:33:52.980988+00:00,2026-07-01T07:21:20.090043+00:00,2026-06-30,data/prospective/daily_qvp/snapshots/2026-07-01T053352Z/raw,1081,1043,144e01281e848a2a4c711cb0058eddc75099bb40,d3881a1328862a39dc4af32e15c4826237a09adca2da7038eafb5659ddb68bb4,8bda06ce0251beedd6a5f2cd61a08ef37682841102d3b9d86a1ab602640baf4e,FIS,True,True,overlap,eligible_in_both_retrievals,True
2026-07-01T053352Z,2026-07-01T05:33:52.980988+00:00,2026-07-01T07:21:20.090043+00:00,2026-06-30,data/prospective/daily_qvp/snapshots/2026-07-01T053352Z/raw,1081,1043,144e01281e848a2a4c711cb0058eddc75099bb40,d3881a1328862a39dc4af32e15c4826237a09adca2da7038eafb5659ddb68bb4,8bda06ce0251beedd6a5f2cd61a08ef37682841102d3b9d86a1ab602640baf4e,FIVE,True,True,overlap,eligible_in_both_retrievals,True
2026-07-01T053352Z,2026-07-01T05:33:52.980988+00:00,2026-07-01T07:21:20.090043+00:00,2026-06-30,data/prospective/daily_qvp/snapshots/2026-07-01T053352Z/raw,1081,1043,144e01281e848a2a4c711cb0058eddc75099bb40,d3881a1328862a39dc4af32e15c4826237a09adca2da7038eafb5659ddb68bb4,8bda06ce0251beedd6a5f2cd61a08ef37682841102d3b9d86a1ab602640baf4e,FIX,True,True,overlap,eligible_in_both_retrievals,True
2026-07-01T053352Z,2026-07-01T05:33:52.980988+00:00,2026-07-01T07:21:20.090043+00:00,2026-06-30,data/prospective/daily_qvp/snapshots/2026-07-01T053352Z/raw,1081,1043,144e01281e848a2a4c711cb0058eddc75099bb40,d3881a1328862a39dc4af32e15c4826237a09adca2da7038eafb5659ddb68bb4,8bda06ce0251beedd6a5f2cd61a08ef37682841102d3b9d86a1ab602640baf4e,FIZZ,True,True,overlap,eligible_in_both_retrievals,True
2026-07-01T053352Z,2026-07-01T05:33:52.980988+00:00,2026-07-01T07:21:20.090043+00:00,2026-06-30,data/prospective/daily_qvp/snapshots/2026-07-01T053352Z/raw,1081,1043,144e01281e848a2a4c711cb0058eddc75099bb40,d3881a1328862a39dc4af32e15c4826237a09adca2da7038eafb5659ddb68bb4,8bda06ce0251beedd6a5f2cd61a08ef37682841102d3b9d86a1ab602640baf4e,FLEX,True,True,overlap,eligible_in_both_retrievals,True
2026-07-01T053352Z,2026-07-01T05:33:52.980988+00:00,2026-07-01T07:21:20.090043+00:00,2026-06-30,data/prospective/daily_qvp/snapshots/2026-07-01T053352Z/raw,1081,1043,144e01281e848a2a4c711cb0058eddc75099bb40,d3881a1328862a39dc4af32e15c4826237a09adca2da7038eafb5659ddb68bb4,8bda06ce0251beedd6a5f2cd61a08ef37682841102d3b9d86a1ab602640baf4e,FLNC,True,True,overlap,eligible_in_both_retrievals,True
2026-07-01T053352Z,2026-07-01T05:33:52.980988+00:00,2026-07-01T07:21:20.090043+00:00,2026-06-30,data/prospective/daily_qvp/snapshots/2026-07-01T053352Z/raw,1081,1043,144e01281e848a2a4c711cb0058eddc75099bb40,d3881a1328862a39dc4af32e15c4826237a09adca2da7038eafb5659ddb68bb4,8bda06ce0251beedd6a5f2cd61a08ef37682841102d3b9d86a1ab602640baf4e,FLR,True,True,overlap,eligible_in_both_retrievals,True
2026-07-01T053352Z,2026-07-01T05:33:52.980988+00:00,2026-07-01T07:21:20.090043+00:00,2026-06-30,data/prospective/daily_qvp/snapshots/2026-07-01T053352Z/raw,1081,1043,144e01281e848a2a4c711cb0058eddc75099bb40,d3881a1328862a39dc4af32e15c4826237a09adca2da7038eafb5659ddb68bb4,8bda06ce0251beedd6a5f2cd61a08ef37682841102d3b9d86a1ab602640baf4e,FLS,True,True,overlap,eligible_in_both_retrievals,True
2026-07-01T053352Z,2026-07-01T05:33:52.980988+00:00,2026-07-01T07:21:20.090043+00:00,2026-06-30,data/prospective/daily_qvp/snapshots/2026-07-01T053352Z/raw,1081,1043,144e01281e848a2a4c711cb0058eddc75099bb40,d3881a1328862a39dc4af32e15c4826237a09adca2da7038eafb5659ddb68bb4,8bda06ce0251beedd6a5f2cd61a08ef37682841102d3b9d86a1ab602640baf4e,FLUT,True,True,overlap,eligible_in_both_retrievals,True
2026-07-01T053352Z,2026-07-01T05:33:52.980988+00:00,2026-07-01T07:21:20.090043+00:00,2026-06-30,data/prospective/daily_qvp/snapshots/2026-07-01T053352Z/raw,1081,1043,144e01281e848a2a4c711cb0058eddc75099bb40,d3881a1328862a39dc4af32e15c4826237a09adca2da7038eafb5659ddb68bb4,8bda06ce0251beedd6a5f2cd61a08ef37682841102d3b9d86a1ab602640baf4e,FLYW,False,True,new_addition,recovered_by_essential_field_and_504_observation_retries_after_old_silent_enrichment_failure,True
2026-07-01T053352Z,2026-07-01T05:33:52.980988+00:00,2026-07-01T07:21:20.090043+00:00,2026-06-30,data/prospective/daily_qvp/snapshots/2026-07-01T053352Z/raw,1081,1043,144e01281e848a2a4c711cb0058eddc75099bb40,d3881a1328862a39dc4af32e15c4826237a09adca2da7038eafb5659ddb68bb4,8bda06ce0251beedd6a5f2cd61a08ef37682841102d3b9d86a1ab602640baf4e,FND,True,True,overlap,eligible_in_both_retrievals,True
2026-07-01T053352Z,2026-07-01T05:33:52.980988+00:00,2026-07-01T07:21:20.090043+00:00,2026-06-30,data/prospective/daily_qvp/snapshots/2026-07-01T053352Z/raw,1081,1043,144e01281e848a2a4c711cb0058eddc75099bb40,d3881a1328862a39dc4af32e15c4826237a09adca2da7038eafb5659ddb68bb4,8bda06ce0251beedd6a5f2cd61a08ef37682841102d3b9d86a1ab602640baf4e,FORM,True,True,overlap,eligible_in_both_retrievals,True
2026-07-01T053352Z,2026-07-01T05:33:52.980988+00:00,2026-07-01T07:21:20.090043+00:00,2026-06-30,data/prospective/daily_qvp/snapshots/2026-07-01T053352Z/raw,1081,1043,144e01281e848a2a4c711cb0058eddc75099bb40,d3881a1328862a39dc4af32e15c4826237a09adca2da7038eafb5659ddb68bb4,8bda06ce0251beedd6a5f2cd61a08ef37682841102d3b9d86a1ab602640baf4e,FOUR,True,True,overlap,eligible_in_both_retrievals,True
2026-07-01T053352Z,2026-07-01T05:33:52.980988+00:00,2026-07-01T07:21:20.090043+00:00,2026-06-30,data/prospective/daily_qvp/snapshots/2026-07-01T053352Z/raw,1081,1043,144e01281e848a2a4c711cb0058eddc75099bb40,d3881a1328862a39dc4af32e15c4826237a09adca2da7038eafb5659ddb68bb4,8bda06ce0251beedd6a5f2cd61a08ef37682841102d3b9d86a1ab602640baf4e,FOXA,True,True,overlap,eligible_in_both_retrievals,False
2026-07-01T053352Z,2026-07-01T05:33:52.980988+00:00,2026-07-01T07:21:20.090043+00:00,2026-06-30,data/prospective/daily_qvp/snapshots/2026-07-01T053352Z/raw,1081,1043,144e01281e848a2a4c711cb0058eddc75099bb40,d3881a1328862a39dc4af32e15c4826237a09adca2da7038eafb5659ddb68bb4,8bda06ce0251beedd6a5f2cd61a08ef37682841102d3b9d86a1ab602640baf4e,FROG,True,True,overlap,eligible_in_both_retrievals,True
2026-07-01T053352Z,2026-07-01T05:33:52.980988+00:00,2026-07-01T07:21:20.090043+00:00,2026-06-30,data/prospective/daily_qvp/snapshots/2026-07-01T053352Z/raw,1081,1043,144e01281e848a2a4c711cb0058eddc75099bb40,d3881a1328862a39dc4af32e15c4826237a09adca2da7038eafb5659ddb68bb4,8bda06ce0251beedd6a5f2cd61a08ef37682841102d3b9d86a1ab602640baf4e,FRSH,True,True,overlap,eligible_in_both_retrievals,True
2026-07-01T053352Z,2026-07-01T05:33:52.980988+00:00,2026-07-01T07:21:20.090043+00:00,2026-06-30,data/prospective/daily_qvp/snapshots/2026-07-01T053352Z/raw,1081,1043,144e01281e848a2a4c711cb0058eddc75099bb40,d3881a1328862a39dc4af32e15c4826237a09adca2da7038eafb5659ddb68bb4,8bda06ce0251beedd6a5f2cd61a08ef37682841102d3b9d86a1ab602640baf4e,FSLR,True,True,overlap,eligible_in_both_retrievals,True
2026-07-01T053352Z,2026-07-01T05:33:52.980988+00:00,2026-07-01T07:21:20.090043+00:00,2026-06-30,data/prospective/daily_qvp/snapshots/2026-07-01T053352Z/raw,1081,1043,144e01281e848a2a4c711cb0058eddc75099bb40,d3881a1328862a39dc4af32e15c4826237a09adca2da7038eafb5659ddb68bb4,8bda06ce0251beedd6a5f2cd61a08ef37682841102d3b9d86a1ab602640baf4e,FSLY,True,True,overlap,eligible_in_both_retrievals,True
2026-07-01T053352Z,2026-07-01T05:33:52.980988+00:00,2026-07-01T07:21:20.090043+00:00,2026-06-30,data/prospective/daily_qvp/snapshots/2026-07-01T053352Z/raw,1081,1043,144e01281e848a2a4c711cb0058eddc75099bb40,d3881a1328862a39dc4af32e15c4826237a09adca2da7038eafb5659ddb68bb4,8bda06ce0251beedd6a5f2cd61a08ef37682841102d3b9d86a1ab602640baf4e,FSS,True,True,overlap,eligible_in_both_retrievals,True
2026-07-01T053352Z,2026-07-01T05:33:52.980988+00:00,2026-07-01T07:21:20.090043+00:00,2026-06-30,data/prospective/daily_qvp/snapshots/2026-07-01T053352Z/raw,1081,1043,144e01281e848a2a4c711cb0058eddc75099bb40,d3881a1328862a39dc4af32e15c4826237a09adca2da7038eafb5659ddb68bb4,8bda06ce0251beedd6a5f2cd61a08ef37682841102d3b9d86a1ab602640baf4e,FTAI,True,True,overlap,eligible_in_both_retrievals,True
2026-07-01T053352Z,2026-07-01T05:33:52.980988+00:00,2026-07-01T07:21:20.090043+00:00,2026-06-30,data/prospective/daily_qvp/snapshots/2026-07-01T053352Z/raw,1081,1043,144e01281e848a2a4c711cb0058eddc75099bb40,d3881a1328862a39dc4af32e15c4826237a09adca2da7038eafb5659ddb68bb4,8bda06ce0251beedd6a5f2cd61a08ef37682841102d3b9d86a1ab602640baf4e,FTDR,True,True,overlap,eligible_in_both_retrievals,True
2026-07-01T053352Z,2026-07-01T05:33:52.980988+00:00,2026-07-01T07:21:20.090043+00:00,2026-06-30,data/prospective/daily_qvp/snapshots/2026-07-01T053352Z/raw,1081,1043,144e01281e848a2a4c711cb0058eddc75099bb40,d3881a1328862a39dc4af32e15c4826237a09adca2da7038eafb5659ddb68bb4,8bda06ce0251beedd6a5f2cd61a08ef37682841102d3b9d86a1ab602640baf4e,FTNT,True,True,overlap,eligible_in_both_retrievals,True
2026-07-01T053352Z,2026-07-01T05:33:52.980988+00:00,2026-07-01T07:21:20.090043+00:00,2026-06-30,data/prospective/daily_qvp/snapshots/2026-07-01T053352Z/raw,1081,1043,144e01281e848a2a4c711cb0058eddc75099bb40,d3881a1328862a39dc4af32e15c4826237a09adca2da7038eafb5659ddb68bb4,8bda06ce0251beedd6a5f2cd61a08ef37682841102d3b9d86a1ab602640baf4e,FTV,True,True,overlap,eligible_in_both_retrievals,True
2026-07-01T053352Z,2026-07-01T05:33:52.980988+00:00,2026-07-01T07:21:20.090043+00:00,2026-06-30,data/prospective/daily_qvp/snapshots/2026-07-01T053352Z/raw,1081,1043,144e01281e848a2a4c711cb0058eddc75099bb40,d3881a1328862a39dc4af32e15c4826237a09adca2da7038eafb5659ddb68bb4,8bda06ce0251beedd6a5f2cd61a08ef37682841102d3b9d86a1ab602640baf4e,FUL,True,True,overlap,eligible_in_both_retrievals,True
2026-07-01T053352Z,2026-07-01T05:33:52.980988+00:00,2026-07-01T07:21:20.090043+00:00,2026-06-30,data/prospective/daily_qvp/snapshots/2026-07-01T053352Z/raw,1081,1043,144e01281e848a2a4c711cb0058eddc75099bb40,d3881a1328862a39dc4af32e15c4826237a09adca2da7038eafb5659ddb68bb4,8bda06ce0251beedd6a5f2cd61a08ef37682841102d3b9d86a1ab602640baf4e,FUN,True,True,overlap,eligible_in_both_retrievals,True
2026-07-01T053352Z,2026-07-01T05:33:52.980988+00:00,2026-07-01T07:21:20.090043+00:00,2026-06-30,data/prospective/daily_qvp/snapshots/2026-07-01T053352Z/raw,1081,1043,144e01281e848a2a4c711cb0058eddc75099bb40,d3881a1328862a39dc4af32e15c4826237a09adca2da7038eafb5659ddb68bb4,8bda06ce0251beedd6a5f2cd61a08ef37682841102d3b9d86a1ab602640baf4e,FWONK,True,True,overlap,eligible_in_both_retrievals,True
2026-07-01T053352Z,2026-07-01T05:33:52.980988+00:00,2026-07-01T07:21:20.090043+00:00,2026-06-30,data/prospective/daily_qvp/snapshots/2026-07-01T053352Z/raw,1081,1043,144e01281e848a2a4c711cb0058eddc75099bb40,d3881a1328862a39dc4af32e15c4826237a09adca2da7038eafb5659ddb68bb4,8bda06ce0251beedd6a5f2cd61a08ef37682841102d3b9d86a1ab602640baf4e,GAP,True,True,overlap,eligible_in_both_retrievals,True
2026-07-01T053352Z,2026-07-01T05:33:52.980988+00:00,2026-07-01T07:21:20.090043+00:00,2026-06-30,data/prospective/daily_qvp/snapshots/2026-07-01T053352Z/raw,1081,1043,144e01281e848a2a4c711cb0058eddc75099bb40,d3881a1328862a39dc4af32e15c4826237a09adca2da7038eafb5659ddb68bb4,8bda06ce0251beedd6a5f2cd61a08ef37682841102d3b9d86a1ab602640baf4e,GATX,True,True,overlap,eligible_in_both_retrievals,True
2026-07-01T053352Z,2026-07-01T05:33:52.980988+00:00,2026-07-01T07:21:20.090043+00:00,2026-06-30,data/prospective/daily_qvp/snapshots/2026-07-01T053352Z/raw,1081,1043,144e01281e848a2a4c711cb0058eddc75099bb40,d3881a1328862a39dc4af32e15c4826237a09adca2da7038eafb5659ddb68bb4,8bda06ce0251beedd6a5f2cd61a08ef37682841102d3b9d86a1ab602640baf4e,GD,True,True,overlap,eligible_in_both_retrievals,True
2026-07-01T053352Z,2026-07-01T05:33:52.980988+00:00,2026-07-01T07:21:20.090043+00:00,2026-06-30,data/prospective/daily_qvp/snapshots/2026-07-01T053352Z/raw,1081,1043,144e01281e848a2a4c711cb0058eddc75099bb40,d3881a1328862a39dc4af32e15c4826237a09adca2da7038eafb5659ddb68bb4,8bda06ce0251beedd6a5f2cd61a08ef37682841102d3b9d86a1ab602640baf4e,GDDY,True,True,overlap,eligible_in_both_retrievals,True
2026-07-01T053352Z,2026-07-01T05:33:52.980988+00:00,2026-07-01T07:21:20.090043+00:00,2026-06-30,data/prospective/daily_qvp/snapshots/2026-07-01T053352Z/raw,1081,1043,144e01281e848a2a4c711cb0058eddc75099bb40,d3881a1328862a39dc4af32e15c4826237a09adca2da7038eafb5659ddb68bb4,8bda06ce0251beedd6a5f2cd61a08ef37682841102d3b9d86a1ab602640baf4e,GE,True,True,overlap,eligible_in_both_retrievals,True
2026-07-01T053352Z,2026-07-01T05:33:52.980988+00:00,2026-07-01T07:21:20.090043+00:00,2026-06-30,data/prospective/daily_qvp/snapshots/2026-07-01T053352Z/raw,1081,1043,144e01281e848a2a4c711cb0058eddc75099bb40,d3881a1328862a39dc4af32e15c4826237a09adca2da7038eafb5659ddb68bb4,8bda06ce0251beedd6a5f2cd61a08ef37682841102d3b9d86a1ab602640baf4e,GEF,True,True,overlap,eligible_in_both_retrievals,True
2026-07-01T053352Z,2026-07-01T05:33:52.980988+00:00,2026-07-01T07:21:20.090043+00:00,2026-06-30,data/prospective/daily_qvp/snapshots/2026-07-01T053352Z/raw,1081,1043,144e01281e848a2a4c711cb0058eddc75099bb40,d3881a1328862a39dc4af32e15c4826237a09adca2da7038eafb5659ddb68bb4,8bda06ce0251beedd6a5f2cd61a08ef37682841102d3b9d86a1ab602640baf4e,GEHC,True,True,overlap,eligible_in_both_retrievals,True
2026-07-01T053352Z,2026-07-01T05:33:52.980988+00:00,2026-07-01T07:21:20.090043+00:00,2026-06-30,data/prospective/daily_qvp/snapshots/2026-07-01T053352Z/raw,1081,1043,144e01281e848a2a4c711cb0058eddc75099bb40,d3881a1328862a39dc4af32e15c4826237a09adca2da7038eafb5659ddb68bb4,8bda06ce0251beedd6a5f2cd61a08ef37682841102d3b9d86a1ab602640baf4e,GEN,True,True,overlap,eligible_in_both_retrievals,True
2026-07-01T053352Z,2026-07-01T05:33:52.980988+00:00,2026-07-01T07:21:20.090043+00:00,2026-06-30,data/prospective/daily_qvp/snapshots/2026-07-01T053352Z/raw,1081,1043,144e01281e848a2a4c711cb0058eddc75099bb40,d3881a1328862a39dc4af32e15c4826237a09adca2da7038eafb5659ddb68bb4,8bda06ce0251beedd6a5f2cd61a08ef37682841102d3b9d86a1ab602640baf4e,GEO,True,True,overlap,eligible_in_both_retrievals,True
2026-07-01T053352Z,2026-07-01T05:33:52.980988+00:00,2026-07-01T07:21:20.090043+00:00,2026-06-30,data/prospective/daily_qvp/snapshots/2026-07-01T053352Z/raw,1081,1043,144e01281e848a2a4c711cb0058eddc75099bb40,d3881a1328862a39dc4af32e15c4826237a09adca2da7038eafb5659ddb68bb4,8bda06ce0251beedd6a5f2cd61a08ef37682841102d3b9d86a1ab602640baf4e,GEV,True,True,overlap,eligible_in_both_retrievals,True
2026-07-01T053352Z,2026-07-01T05:33:52.980988+00:00,2026-07-01T07:21:20.090043+00:00,2026-06-30,data/prospective/daily_qvp/snapshots/2026-07-01T053352Z/raw,1081,1043,144e01281e848a2a4c711cb0058eddc75099bb40,d3881a1328862a39dc4af32e15c4826237a09adca2da7038eafb5659ddb68bb4,8bda06ce0251beedd6a5f2cd61a08ef37682841102d3b9d86a1ab602640baf4e,GFF,True,True,overlap,eligible_in_both_retrievals,True
2026-07-01T053352Z,2026-07-01T05:33:52.980988+00:00,2026-07-01T07:21:20.090043+00:00,2026-06-30,data/prospective/daily_qvp/snapshots/2026-07-01T053352Z/raw,1081,1043,144e01281e848a2a4c711cb0058eddc75099bb40,d3881a1328862a39dc4af32e15c4826237a09adca2da7038eafb5659ddb68bb4,8bda06ce0251beedd6a5f2cd61a08ef37682841102d3b9d86a1ab602640baf4e,GFS,True,True,overlap,eligible_in_both_retrievals,True
2026-07-01T053352Z,2026-07-01T05:33:52.980988+00:00,2026-07-01T07:21:20.090043+00:00,2026-06-30,data/prospective/daily_qvp/snapshots/2026-07-01T053352Z/raw,1081,1043,144e01281e848a2a4c711cb0058eddc75099bb40,d3881a1328862a39dc4af32e15c4826237a09adca2da7038eafb5659ddb68bb4,8bda06ce0251beedd6a5f2cd61a08ef37682841102d3b9d86a1ab602640baf4e,GGG,True,True,overlap,eligible_in_both_retrievals,True
2026-07-01T053352Z,2026-07-01T05:33:52.980988+00:00,2026-07-01T07:21:20.090043+00:00,2026-06-30,data/prospective/daily_qvp/snapshots/2026-07-01T053352Z/raw,1081,1043,144e01281e848a2a4c711cb0058eddc75099bb40,d3881a1328862a39dc4af32e15c4826237a09adca2da7038eafb5659ddb68bb4,8bda06ce0251beedd6a5f2cd61a08ef37682841102d3b9d86a1ab602640baf4e,GH,True,True,overlap,eligible_in_both_retrievals,True
2026-07-01T053352Z,2026-07-01T05:33:52.980988+00:00,2026-07-01T07:21:20.090043+00:00,2026-06-30,data/prospective/daily_qvp/snapshots/2026-07-01T053352Z/raw,1081,1043,144e01281e848a2a4c711cb0058eddc75099bb40,d3881a1328862a39dc4af32e15c4826237a09adca2da7038eafb5659ddb68bb4,8bda06ce0251beedd6a5f2cd61a08ef37682841102d3b9d86a1ab602640baf4e,GILD,True,True,overlap,eligible_in_both_retrievals,True
2026-07-01T053352Z,2026-07-01T05:33:52.980988+00:00,2026-07-01T07:21:20.090043+00:00,2026-06-30,data/prospective/daily_qvp/snapshots/2026-07-01T053352Z/raw,1081,1043,144e01281e848a2a4c711cb0058eddc75099bb40,d3881a1328862a39dc4af32e15c4826237a09adca2da7038eafb5659ddb68bb4,8bda06ce0251beedd6a5f2cd61a08ef37682841102d3b9d86a1ab602640baf4e,GIS,True,True,overlap,eligible_in_both_retrievals,True
2026-07-01T053352Z,2026-07-01T05:33:52.980988+00:00,2026-07-01T07:21:20.090043+00:00,2026-06-30,data/prospective/daily_qvp/snapshots/2026-07-01T053352Z/raw,1081,1043,144e01281e848a2a4c711cb0058eddc75099bb40,d3881a1328862a39dc4af32e15c4826237a09adca2da7038eafb5659ddb68bb4,8bda06ce0251beedd6a5f2cd61a08ef37682841102d3b9d86a1ab602640baf4e,GKOS,True,True,overlap,eligible_in_both_retrievals,True
2026-07-01T053352Z,2026-07-01T05:33:52.980988+00:00,2026-07-01T07:21:20.090043+00:00,2026-06-30,data/prospective/daily_qvp/snapshots/2026-07-01T053352Z/raw,1081,1043,144e01281e848a2a4c711cb0058eddc75099bb40,d3881a1328862a39dc4af32e15c4826237a09adca2da7038eafb5659ddb68bb4,8bda06ce0251beedd6a5f2cd61a08ef37682841102d3b9d86a1ab602640baf4e,GLUE,False,True,new_addition,recovered_by_essential_field_and_504_observation_retries_after_old_silent_enrichment_failure,False
2026-07-01T053352Z,2026-07-01T05:33:52.980988+00:00,2026-07-01T07:21:20.090043+00:00,2026-06-30,data/prospective/daily_qvp/snapshots/2026-07-01T053352Z/raw,1081,1043,144e01281e848a2a4c711cb0058eddc75099bb40,d3881a1328862a39dc4af32e15c4826237a09adca2da7038eafb5659ddb68bb4,8bda06ce0251beedd6a5f2cd61a08ef37682841102d3b9d86a1ab602640baf4e,GLW,True,True,overlap,eligible_in_both_retrievals,True
2026-07-01T053352Z,2026-07-01T05:33:52.980988+00:00,2026-07-01T07:21:20.090043+00:00,2026-06-30,data/prospective/daily_qvp/snapshots/2026-07-01T053352Z/raw,1081,1043,144e01281e848a2a4c711cb0058eddc75099bb40,d3881a1328862a39dc4af32e15c4826237a09adca2da7038eafb5659ddb68bb4,8bda06ce0251beedd6a5f2cd61a08ef37682841102d3b9d86a1ab602640baf4e,GM,True,True,overlap,eligible_in_both_retrievals,True
2026-07-01T053352Z,2026-07-01T05:33:52.980988+00:00,2026-07-01T07:21:20.090043+00:00,2026-06-30,data/prospective/daily_qvp/snapshots/2026-07-01T053352Z/raw,1081,1043,144e01281e848a2a4c711cb0058eddc75099bb40,d3881a1328862a39dc4af32e15c4826237a09adca2da7038eafb5659ddb68bb4,8bda06ce0251beedd6a5f2cd61a08ef37682841102d3b9d86a1ab602640baf4e,GME,True,True,overlap,eligible_in_both_retrievals,True
2026-07-01T053352Z,2026-07-01T05:33:52.980988+00:00,2026-07-01T07:21:20.090043+00:00,2026-06-30,data/prospective/daily_qvp/snapshots/2026-07-01T053352Z/raw,1081,1043,144e01281e848a2a4c711cb0058eddc75099bb40,d3881a1328862a39dc4af32e15c4826237a09adca2da7038eafb5659ddb68bb4,8bda06ce0251beedd6a5f2cd61a08ef37682841102d3b9d86a1ab602640baf4e,GMED,True,True,overlap,eligible_in_both_retrievals,True
2026-07-01T053352Z,2026-07-01T05:33:52.980988+00:00,2026-07-01T07:21:20.090043+00:00,2026-06-30,data/prospective/daily_qvp/snapshots/2026-07-01T053352Z/raw,1081,1043,144e01281e848a2a4c711cb0058eddc75099bb40,d3881a1328862a39dc4af32e15c4826237a09adca2da7038eafb5659ddb68bb4,8bda06ce0251beedd6a5f2cd61a08ef37682841102d3b9d86a1ab602640baf4e,GNRC,True,True,overlap,eligible_in_both_retrievals,True
2026-07-01T053352Z,2026-07-01T05:33:52.980988+00:00,2026-07-01T07:21:20.090043+00:00,2026-06-30,data/prospective/daily_qvp/snapshots/2026-07-01T053352Z/raw,1081,1043,144e01281e848a2a4c711cb0058eddc75099bb40,d3881a1328862a39dc4af32e15c4826237a09adca2da7038eafb5659ddb68bb4,8bda06ce0251beedd6a5f2cd61a08ef37682841102d3b9d86a1ab602640baf4e,GNTX,True,True,overlap,eligible_in_both_retrievals,True
2026-07-01T053352Z,2026-07-01T05:33:52.980988+00:00,2026-07-01T07:21:20.090043+00:00,2026-06-30,data/prospective/daily_qvp/snapshots/2026-07-01T053352Z/raw,1081,1043,144e01281e848a2a4c711cb0058eddc75099bb40,d3881a1328862a39dc4af32e15c4826237a09adca2da7038eafb5659ddb68bb4,8bda06ce0251beedd6a5f2cd61a08ef37682841102d3b9d86a1ab602640baf4e,GOLF,True,True,overlap,eligible_in_both_retrievals,True
2026-07-01T053352Z,2026-07-01T05:33:52.980988+00:00,2026-07-01T07:21:20.090043+00:00,2026-06-30,data/prospective/daily_qvp/snapshots/2026-07-01T053352Z/raw,1081,1043,144e01281e848a2a4c711cb0058eddc75099bb40,d3881a1328862a39dc4af32e15c4826237a09adca2da7038eafb5659ddb68bb4,8bda06ce0251beedd6a5f2cd61a08ef37682841102d3b9d86a1ab602640baf4e,GOOGL,True,True,overlap,eligible_in_both_retrievals,True
2026-07-01T053352Z,2026-07-01T05:33:52.980988+00:00,2026-07-01T07:21:20.090043+00:00,2026-06-30,data/prospective/daily_qvp/snapshots/2026-07-01T053352Z/raw,1081,1043,144e01281e848a2a4c711cb0058eddc75099bb40,d3881a1328862a39dc4af32e15c4826237a09adca2da7038eafb5659ddb68bb4,8bda06ce0251beedd6a5f2cd61a08ef37682841102d3b9d86a1ab602640baf4e,GPC,True,True,overlap,eligible_in_both_retrievals,True
2026-07-01T053352Z,2026-07-01T05:33:52.980988+00:00,2026-07-01T07:21:20.090043+00:00,2026-06-30,data/prospective/daily_qvp/snapshots/2026-07-01T053352Z/raw,1081,1043,144e01281e848a2a4c711cb0058eddc75099bb40,d3881a1328862a39dc4af32e15c4826237a09adca2da7038eafb5659ddb68bb4,8bda06ce0251beedd6a5f2cd61a08ef37682841102d3b9d86a1ab602640baf4e,GPGI,True,True,overlap,eligible_in_both_retrievals,True
2026-07-01T053352Z,2026-07-01T05:33:52.980988+00:00,2026-07-01T07:21:20.090043+00:00,2026-06-30,data/prospective/daily_qvp/snapshots/2026-07-01T053352Z/raw,1081,1043,144e01281e848a2a4c711cb0058eddc75099bb40,d3881a1328862a39dc4af32e15c4826237a09adca2da7038eafb5659ddb68bb4,8bda06ce0251beedd6a5f2cd61a08ef37682841102d3b9d86a1ab602640baf4e,GPK,True,True,overlap,eligible_in_both_retrievals,True
2026-07-01T053352Z,2026-07-01T05:33:52.980988+00:00,2026-07-01T07:21:20.090043+00:00,2026-06-30,data/prospective/daily_qvp/snapshots/2026-07-01T053352Z/raw,1081,1043,144e01281e848a2a4c711cb0058eddc75099bb40,d3881a1328862a39dc4af32e15c4826237a09adca2da7038eafb5659ddb68bb4,8bda06ce0251beedd6a5f2cd61a08ef37682841102d3b9d86a1ab602640baf4e,GPN,True,True,overlap,eligible_in_both_retrievals,True
2026-07-01T053352Z,2026-07-01T05:33:52.980988+00:00,2026-07-01T07:21:20.090043+00:00,2026-06-30,data/prospective/daily_qvp/snapshots/2026-07-01T053352Z/raw,1081,1043,144e01281e848a2a4c711cb0058eddc75099bb40,d3881a1328862a39dc4af32e15c4826237a09adca2da7038eafb5659ddb68bb4,8bda06ce0251beedd6a5f2cd61a08ef37682841102d3b9d86a1ab602640baf4e,GPOR,True,True,overlap,eligible_in_both_retrievals,True
2026-07-01T053352Z,2026-07-01T05:33:52.980988+00:00,2026-07-01T07:21:20.090043+00:00,2026-06-30,data/prospective/daily_qvp/snapshots/2026-07-01T053352Z/raw,1081,1043,144e01281e848a2a4c711cb0058eddc75099bb40,d3881a1328862a39dc4af32e15c4826237a09adca2da7038eafb5659ddb68bb4,8bda06ce0251beedd6a5f2cd61a08ef37682841102d3b9d86a1ab602640baf4e,GRAL,True,True,overlap,eligible_in_both_retrievals,True
2026-07-01T053352Z,2026-07-01T05:33:52.980988+00:00,2026-07-01T07:21:20.090043+00:00,2026-06-30,data/prospective/daily_qvp/snapshots/2026-07-01T053352Z/raw,1081,1043,144e01281e848a2a4c711cb0058eddc75099bb40,d3881a1328862a39dc4af32e15c4826237a09adca2da7038eafb5659ddb68bb4,8bda06ce0251beedd6a5f2cd61a08ef37682841102d3b9d86a1ab602640baf4e,GRBK,True,True,overlap,eligible_in_both_retrievals,True
2026-07-01T053352Z,2026-07-01T05:33:52.980988+00:00,2026-07-01T07:21:20.090043+00:00,2026-06-30,data/prospective/daily_qvp/snapshots/2026-07-01T053352Z/raw,1081,1043,144e01281e848a2a4c711cb0058eddc75099bb40,d3881a1328862a39dc4af32e15c4826237a09adca2da7038eafb5659ddb68bb4,8bda06ce0251beedd6a5f2cd61a08ef37682841102d3b9d86a1ab602640baf4e,GRND,True,True,overlap,eligible_in_both_retrievals,True
2026-07-01T053352Z,2026-07-01T05:33:52.980988+00:00,2026-07-01T07:21:20.090043+00:00,2026-06-30,data/prospective/daily_qvp/snapshots/2026-07-01T053352Z/raw,1081,1043,144e01281e848a2a4c711cb0058eddc75099bb40,d3881a1328862a39dc4af32e15c4826237a09adca2da7038eafb5659ddb68bb4,8bda06ce0251beedd6a5f2cd61a08ef37682841102d3b9d86a1ab602640baf4e,GSAT,True,True,overlap,eligible_in_both_retrievals,True
2026-07-01T053352Z,2026-07-01T05:33:52.980988+00:00,2026-07-01T07:21:20.090043+00:00,2026-06-30,data/prospective/daily_qvp/snapshots/2026-07-01T053352Z/raw,1081,1043,144e01281e848a2a4c711cb0058eddc75099bb40,d3881a1328862a39dc4af32e15c4826237a09adca2da7038eafb5659ddb68bb4,8bda06ce0251beedd6a5f2cd61a08ef37682841102d3b9d86a1ab602640baf4e,GTES,True,True,overlap,eligible_in_both_retrievals,True
2026-07-01T053352Z,2026-07-01T05:33:52.980988+00:00,2026-07-01T07:21:20.090043+00:00,2026-06-30,data/prospective/daily_qvp/snapshots/2026-07-01T053352Z/raw,1081,1043,144e01281e848a2a4c711cb0058eddc75099bb40,d3881a1328862a39dc4af32e15c4826237a09adca2da7038eafb5659ddb68bb4,8bda06ce0251beedd6a5f2cd61a08ef37682841102d3b9d86a1ab602640baf4e,GTLB,True,True,overlap,eligible_in_both_retrievals,True
2026-07-01T053352Z,2026-07-01T05:33:52.980988+00:00,2026-07-01T07:21:20.090043+00:00,2026-06-30,data/prospective/daily_qvp/snapshots/2026-07-01T053352Z/raw,1081,1043,144e01281e848a2a4c711cb0058eddc75099bb40,d3881a1328862a39dc4af32e15c4826237a09adca2da7038eafb5659ddb68bb4,8bda06ce0251beedd6a5f2cd61a08ef37682841102d3b9d86a1ab602640baf4e,GTLS,True,True,overlap,eligible_in_both_retrievals,True
2026-07-01T053352Z,2026-07-01T05:33:52.980988+00:00,2026-07-01T07:21:20.090043+00:00,2026-06-30,data/prospective/daily_qvp/snapshots/2026-07-01T053352Z/raw,1081,1043,144e01281e848a2a4c711cb0058eddc75099bb40,d3881a1328862a39dc4af32e15c4826237a09adca2da7038eafb5659ddb68bb4,8bda06ce0251beedd6a5f2cd61a08ef37682841102d3b9d86a1ab602640baf4e,GTX,True,True,overlap,eligible_in_both_retrievals,True
2026-07-01T053352Z,2026-07-01T05:33:52.980988+00:00,2026-07-01T07:21:20.090043+00:00,2026-06-30,data/prospective/daily_qvp/snapshots/2026-07-01T053352Z/raw,1081,1043,144e01281e848a2a4c711cb0058eddc75099bb40,d3881a1328862a39dc4af32e15c4826237a09adca2da7038eafb5659ddb68bb4,8bda06ce0251beedd6a5f2cd61a08ef37682841102d3b9d86a1ab602640baf4e,GVA,True,True,overlap,eligible_in_both_retrievals,True
2026-07-01T053352Z,2026-07-01T05:33:52.980988+00:00,2026-07-01T07:21:20.090043+00:00,2026-06-30,data/prospective/daily_qvp/snapshots/2026-07-01T053352Z/raw,1081,1043,144e01281e848a2a4c711cb0058eddc75099bb40,d3881a1328862a39dc4af32e15c4826237a09adca2da7038eafb5659ddb68bb4,8bda06ce0251beedd6a5f2cd61a08ef37682841102d3b9d86a1ab602640baf4e,GWRE,True,True,overlap,eligible_in_both_retrievals,True
2026-07-01T053352Z,2026-07-01T05:33:52.980988+00:00,2026-07-01T07:21:20.090043+00:00,2026-06-30,data/prospective/daily_qvp/snapshots/2026-07-01T053352Z/raw,1081,1043,144e01281e848a2a4c711cb0058eddc75099bb40,d3881a1328862a39dc4af32e15c4826237a09adca2da7038eafb5659ddb68bb4,8bda06ce0251beedd6a5f2cd61a08ef37682841102d3b9d86a1ab602640baf4e,GWW,True,True,overlap,eligible_in_both_retrievals,True
2026-07-01T053352Z,2026-07-01T05:33:52.980988+00:00,2026-07-01T07:21:20.090043+00:00,2026-06-30,data/prospective/daily_qvp/snapshots/2026-07-01T053352Z/raw,1081,1043,144e01281e848a2a4c711cb0058eddc75099bb40,d3881a1328862a39dc4af32e15c4826237a09adca2da7038eafb5659ddb68bb4,8bda06ce0251beedd6a5f2cd61a08ef37682841102d3b9d86a1ab602640baf4e,GXO,True,True,overlap,eligible_in_both_retrievals,True
2026-07-01T053352Z,2026-07-01T05:33:52.980988+00:00,2026-07-01T07:21:20.090043+00:00,2026-06-30,data/prospective/daily_qvp/snapshots/2026-07-01T053352Z/raw,1081,1043,144e01281e848a2a4c711cb0058eddc75099bb40,d3881a1328862a39dc4af32e15c4826237a09adca2da7038eafb5659ddb68bb4,8bda06ce0251beedd6a5f2cd61a08ef37682841102d3b9d86a1ab602640baf4e,H,True,True,overlap,eligible_in_both_retrievals,True
2026-07-01T053352Z,2026-07-01T05:33:52.980988+00:00,2026-07-01T07:21:20.090043+00:00,2026-06-30,data/prospective/daily_qvp/snapshots/2026-07-01T053352Z/raw,1081,1043,144e01281e848a2a4c711cb0058eddc75099bb40,d3881a1328862a39dc4af32e15c4826237a09adca2da7038eafb5659ddb68bb4,8bda06ce0251beedd6a5f2cd61a08ef37682841102d3b9d86a1ab602640baf4e,HAE,True,True,overlap,eligible_in_both_retrievals,True
2026-07-01T053352Z,2026-07-01T05:33:52.980988+00:00,2026-07-01T07:21:20.090043+00:00,2026-06-30,data/prospective/daily_qvp/snapshots/2026-07-01T053352Z/raw,1081,1043,144e01281e848a2a4c711cb0058eddc75099bb40,d3881a1328862a39dc4af32e15c4826237a09adca2da7038eafb5659ddb68bb4,8bda06ce0251beedd6a5f2cd61a08ef37682841102d3b9d86a1ab602640baf4e,HAL,True,True,overlap,eligible_in_both_retrievals,True
2026-07-01T053352Z,2026-07-01T05:33:52.980988+00:00,2026-07-01T07:21:20.090043+00:00,2026-06-30,data/prospective/daily_qvp/snapshots/2026-07-01T053352Z/raw,1081,1043,144e01281e848a2a4c711cb0058eddc75099bb40,d3881a1328862a39dc4af32e15c4826237a09adca2da7038eafb5659ddb68bb4,8bda06ce0251beedd6a5f2cd61a08ef37682841102d3b9d86a1ab602640baf4e,HALO,True,True,overlap,eligible_in_both_retrievals,True
2026-07-01T053352Z,2026-07-01T05:33:52.980988+00:00,2026-07-01T07:21:20.090043+00:00,2026-06-30,data/prospective/daily_qvp/snapshots/2026-07-01T053352Z/raw,1081,1043,144e01281e848a2a4c711cb0058eddc75099bb40,d3881a1328862a39dc4af32e15c4826237a09adca2da7038eafb5659ddb68bb4,8bda06ce0251beedd6a5f2cd61a08ef37682841102d3b9d86a1ab602640baf4e,HAS,True,True,overlap,eligible_in_both_retrievals,True
2026-07-01T053352Z,2026-07-01T05:33:52.980988+00:00,2026-07-01T07:21:20.090043+00:00,2026-06-30,data/prospective/daily_qvp/snapshots/2026-07-01T053352Z/raw,1081,1043,144e01281e848a2a4c711cb0058eddc75099bb40,d3881a1328862a39dc4af32e15c4826237a09adca2da7038eafb5659ddb68bb4,8bda06ce0251beedd6a5f2cd61a08ef37682841102d3b9d86a1ab602640baf4e,HAYW,True,True,overlap,eligible_in_both_retrievals,True
2026-07-01T053352Z,2026-07-01T05:33:52.980988+00:00,2026-07-01T07:21:20.090043+00:00,2026-06-30,data/prospective/daily_qvp/snapshots/2026-07-01T053352Z/raw,1081,1043,144e01281e848a2a4c711cb0058eddc75099bb40,d3881a1328862a39dc4af32e15c4826237a09adca2da7038eafb5659ddb68bb4,8bda06ce0251beedd6a5f2cd61a08ef37682841102d3b9d86a1ab602640baf4e,HCA,True,True,overlap,eligible_in_both_retrievals,True
2026-07-01T053352Z,2026-07-01T05:33:52.980988+00:00,2026-07-01T07:21:20.090043+00:00,2026-06-30,data/prospective/daily_qvp/snapshots/2026-07-01T053352Z/raw,1081,1043,144e01281e848a2a4c711cb0058eddc75099bb40,d3881a1328862a39dc4af32e15c4826237a09adca2da7038eafb5659ddb68bb4,8bda06ce0251beedd6a5f2cd61a08ef37682841102d3b9d86a1ab602640baf4e,HCC,True,True,overlap,eligible_in_both_retrievals,True
2026-07-01T053352Z,2026-07-01T05:33:52.980988+00:00,2026-07-01T07:21:20.090043+00:00,2026-06-30,data/prospective/daily_qvp/snapshots/2026-07-01T053352Z/raw,1081,1043,144e01281e848a2a4c711cb0058eddc75099bb40,d3881a1328862a39dc4af32e15c4826237a09adca2da7038eafb5659ddb68bb4,8bda06ce0251beedd6a5f2cd61a08ef37682841102d3b9d86a1ab602640baf4e,HD,True,True,overlap,eligible_in_both_retrievals,True
2026-07-01T053352Z,2026-07-01T05:33:52.980988+00:00,2026-07-01T07:21:20.090043+00:00,2026-06-30,data/prospective/daily_qvp/snapshots/2026-07-01T053352Z/raw,1081,1043,144e01281e848a2a4c711cb0058eddc75099bb40,d3881a1328862a39dc4af32e15c4826237a09adca2da7038eafb5659ddb68bb4,8bda06ce0251beedd6a5f2cd61a08ef37682841102d3b9d86a1ab602640baf4e,HE,True,True,overlap,eligible_in_both_retrievals,True
2026-07-01T053352Z,2026-07-01T05:33:52.980988+00:00,2026-07-01T07:21:20.090043+00:00,2026-06-30,data/prospective/daily_qvp/snapshots/2026-07-01T053352Z/raw,1081,1043,144e01281e848a2a4c711cb0058eddc75099bb40,d3881a1328862a39dc4af32e15c4826237a09adca2da7038eafb5659ddb68bb4,8bda06ce0251beedd6a5f2cd61a08ef37682841102d3b9d86a1ab602640baf4e,HEI,True,True,overlap,eligible_in_both_retrievals,True
2026-07-01T053352Z,2026-07-01T05:33:52.980988+00:00,2026-07-01T07:21:20.090043+00:00,2026-06-30,data/prospective/daily_qvp/snapshots/2026-07-01T053352Z/raw,1081,1043,144e01281e848a2a4c711cb0058eddc75099bb40,d3881a1328862a39dc4af32e15c4826237a09adca2da7038eafb5659ddb68bb4,8bda06ce0251beedd6a5f2cd61a08ef37682841102d3b9d86a1ab602640baf4e,HGV,True,True,overlap,eligible_in_both_retrievals,True
2026-07-01T053352Z,2026-07-01T05:33:52.980988+00:00,2026-07-01T07:21:20.090043+00:00,2026-06-30,data/prospective/daily_qvp/snapshots/2026-07-01T053352Z/raw,1081,1043,144e01281e848a2a4c711cb0058eddc75099bb40,d3881a1328862a39dc4af32e15c4826237a09adca2da7038eafb5659ddb68bb4,8bda06ce0251beedd6a5f2cd61a08ef37682841102d3b9d86a1ab602640baf4e,HII,True,True,overlap,eligible_in_both_retrievals,True
2026-07-01T053352Z,2026-07-01T05:33:52.980988+00:00,2026-07-01T07:21:20.090043+00:00,2026-06-30,data/prospective/daily_qvp/snapshots/2026-07-01T053352Z/raw,1081,1043,144e01281e848a2a4c711cb0058eddc75099bb40,d3881a1328862a39dc4af32e15c4826237a09adca2da7038eafb5659ddb68bb4,8bda06ce0251beedd6a5f2cd61a08ef37682841102d3b9d86a1ab602640baf4e,HIMS,True,True,overlap,eligible_in_both_retrievals,True
2026-07-01T053352Z,2026-07-01T05:33:52.980988+00:00,2026-07-01T07:21:20.090043+00:00,2026-06-30,data/prospective/daily_qvp/snapshots/2026-07-01T053352Z/raw,1081,1043,144e01281e848a2a4c711cb0058eddc75099bb40,d3881a1328862a39dc4af32e15c4826237a09adca2da7038eafb5659ddb68bb4,8bda06ce0251beedd6a5f2cd61a08ef37682841102d3b9d86a1ab602640baf4e,HL,True,True,overlap,eligible_in_both_retrievals,True
2026-07-01T053352Z,2026-07-01T05:33:52.980988+00:00,2026-07-01T07:21:20.090043+00:00,2026-06-30,data/prospective/daily_qvp/snapshots/2026-07-01T053352Z/raw,1081,1043,144e01281e848a2a4c711cb0058eddc75099bb40,d3881a1328862a39dc4af32e15c4826237a09adca2da7038eafb5659ddb68bb4,8bda06ce0251beedd6a5f2cd61a08ef37682841102d3b9d86a1ab602640baf4e,HLIO,True,True,overlap,eligible_in_both_retrievals,True
2026-07-01T053352Z,2026-07-01T05:33:52.980988+00:00,2026-07-01T07:21:20.090043+00:00,2026-06-30,data/prospective/daily_qvp/snapshots/2026-07-01T053352Z/raw,1081,1043,144e01281e848a2a4c711cb0058eddc75099bb40,d3881a1328862a39dc4af32e15c4826237a09adca2da7038eafb5659ddb68bb4,8bda06ce0251beedd6a5f2cd61a08ef37682841102d3b9d86a1ab602640baf4e,HLT,True,True,overlap,eligible_in_both_retrievals,True
2026-07-01T053352Z,2026-07-01T05:33:52.980988+00:00,2026-07-01T07:21:20.090043+00:00,2026-06-30,data/prospective/daily_qvp/snapshots/2026-07-01T053352Z/raw,1081,1043,144e01281e848a2a4c711cb0058eddc75099bb40,d3881a1328862a39dc4af32e15c4826237a09adca2da7038eafb5659ddb68bb4,8bda06ce0251beedd6a5f2cd61a08ef37682841102d3b9d86a1ab602640baf4e,HNI,True,True,overlap,eligible_in_both_retrievals,True
2026-07-01T053352Z,2026-07-01T05:33:52.980988+00:00,2026-07-01T07:21:20.090043+00:00,2026-06-30,data/prospective/daily_qvp/snapshots/2026-07-01T053352Z/raw,1081,1043,144e01281e848a2a4c711cb0058eddc75099bb40,d3881a1328862a39dc4af32e15c4826237a09adca2da7038eafb5659ddb68bb4,8bda06ce0251beedd6a5f2cd61a08ef37682841102d3b9d86a1ab602640baf4e,HOG,True,True,overlap,eligible_in_both_retrievals,True
2026-07-01T053352Z,2026-07-01T05:33:52.980988+00:00,2026-07-01T07:21:20.090043+00:00,2026-06-30,data/prospective/daily_qvp/snapshots/2026-07-01T053352Z/raw,1081,1043,144e01281e848a2a4c711cb0058eddc75099bb40,d3881a1328862a39dc4af32e15c4826237a09adca2da7038eafb5659ddb68bb4,8bda06ce0251beedd6a5f2cd61a08ef37682841102d3b9d86a1ab602640baf4e,HON,True,True,overlap,eligible_in_both_retrievals,True
2026-07-01T053352Z,2026-07-01T05:33:52.980988+00:00,2026-07-01T07:21:20.090043+00:00,2026-06-30,data/prospective/daily_qvp/snapshots/2026-07-01T053352Z/raw,1081,1043,144e01281e848a2a4c711cb0058eddc75099bb40,d3881a1328862a39dc4af32e15c4826237a09adca2da7038eafb5659ddb68bb4,8bda06ce0251beedd6a5f2cd61a08ef37682841102d3b9d86a1ab602640baf4e,HP,True,True,overlap,eligible_in_both_retrievals,True
2026-07-01T053352Z,2026-07-01T05:33:52.980988+00:00,2026-07-01T07:21:20.090043+00:00,2026-06-30,data/prospective/daily_qvp/snapshots/2026-07-01T053352Z/raw,1081,1043,144e01281e848a2a4c711cb0058eddc75099bb40,d3881a1328862a39dc4af32e15c4826237a09adca2da7038eafb5659ddb68bb4,8bda06ce0251beedd6a5f2cd61a08ef37682841102d3b9d86a1ab602640baf4e,HPE,True,True,overlap,eligible_in_both_retrievals,True
2026-07-01T053352Z,2026-07-01T05:33:52.980988+00:00,2026-07-01T07:21:20.090043+00:00,2026-06-30,data/prospective/daily_qvp/snapshots/2026-07-01T053352Z/raw,1081,1043,144e01281e848a2a4c711cb0058eddc75099bb40,d3881a1328862a39dc4af32e15c4826237a09adca2da7038eafb5659ddb68bb4,8bda06ce0251beedd6a5f2cd61a08ef37682841102d3b9d86a1ab602640baf4e,HPQ,True,True,overlap,eligible_in_both_retrievals,True
2026-07-01T053352Z,2026-07-01T05:33:52.980988+00:00,2026-07-01T07:21:20.090043+00:00,2026-06-30,data/prospective/daily_qvp/snapshots/2026-07-01T053352Z/raw,1081,1043,144e01281e848a2a4c711cb0058eddc75099bb40,d3881a1328862a39dc4af32e15c4826237a09adca2da7038eafb5659ddb68bb4,8bda06ce0251beedd6a5f2cd61a08ef37682841102d3b9d86a1ab602640baf4e,HQY,True,True,overlap,eligible_in_both_retrievals,True
2026-07-01T053352Z,2026-07-01T05:33:52.980988+00:00,2026-07-01T07:21:20.090043+00:00,2026-06-30,data/prospective/daily_qvp/snapshots/2026-07-01T053352Z/raw,1081,1043,144e01281e848a2a4c711cb0058eddc75099bb40,d3881a1328862a39dc4af32e15c4826237a09adca2da7038eafb5659ddb68bb4,8bda06ce0251beedd6a5f2cd61a08ef37682841102d3b9d86a1ab602640baf4e,HRB,True,True,overlap,eligible_in_both_retrievals,True
2026-07-01T053352Z,2026-07-01T05:33:52.980988+00:00,2026-07-01T07:21:20.090043+00:00,2026-06-30,data/prospective/daily_qvp/snapshots/2026-07-01T053352Z/raw,1081,1043,144e01281e848a2a4c711cb0058eddc75099bb40,d3881a1328862a39dc4af32e15c4826237a09adca2da7038eafb5659ddb68bb4,8bda06ce0251beedd6a5f2cd61a08ef37682841102d3b9d86a1ab602640baf4e,HRI,True,True,overlap,eligible_in_both_retrievals,True
2026-07-01T053352Z,2026-07-01T05:33:52.980988+00:00,2026-07-01T07:21:20.090043+00:00,2026-06-30,data/prospective/daily_qvp/snapshots/2026-07-01T053352Z/raw,1081,1043,144e01281e848a2a4c711cb0058eddc75099bb40,d3881a1328862a39dc4af32e15c4826237a09adca2da7038eafb5659ddb68bb4,8bda06ce0251beedd6a5f2cd61a08ef37682841102d3b9d86a1ab602640baf4e,HRL,True,True,overlap,eligible_in_both_retrievals,True
2026-07-01T053352Z,2026-07-01T05:33:52.980988+00:00,2026-07-01T07:21:20.090043+00:00,2026-06-30,data/prospective/daily_qvp/snapshots/2026-07-01T053352Z/raw,1081,1043,144e01281e848a2a4c711cb0058eddc75099bb40,d3881a1328862a39dc4af32e15c4826237a09adca2da7038eafb5659ddb68bb4,8bda06ce0251beedd6a5f2cd61a08ef37682841102d3b9d86a1ab602640baf4e,HSIC,True,True,overlap,eligible_in_both_retrievals,True
2026-07-01T053352Z,2026-07-01T05:33:52.980988+00:00,2026-07-01T07:21:20.090043+00:00,2026-06-30,data/prospective/daily_qvp/snapshots/2026-07-01T053352Z/raw,1081,1043,144e01281e848a2a4c711cb0058eddc75099bb40,d3881a1328862a39dc4af32e15c4826237a09adca2da7038eafb5659ddb68bb4,8bda06ce0251beedd6a5f2cd61a08ef37682841102d3b9d86a1ab602640baf4e,HSY,True,True,overlap,eligible_in_both_retrievals,True
2026-07-01T053352Z,2026-07-01T05:33:52.980988+00:00,2026-07-01T07:21:20.090043+00:00,2026-06-30,data/prospective/daily_qvp/snapshots/2026-07-01T053352Z/raw,1081,1043,144e01281e848a2a4c711cb0058eddc75099bb40,d3881a1328862a39dc4af32e15c4826237a09adca2da7038eafb5659ddb68bb4,8bda06ce0251beedd6a5f2cd61a08ef37682841102d3b9d86a1ab602640baf4e,HTO,True,True,overlap,eligible_in_both_retrievals,True
2026-07-01T053352Z,2026-07-01T05:33:52.980988+00:00,2026-07-01T07:21:20.090043+00:00,2026-06-30,data/prospective/daily_qvp/snapshots/2026-07-01T053352Z/raw,1081,1043,144e01281e848a2a4c711cb0058eddc75099bb40,d3881a1328862a39dc4af32e15c4826237a09adca2da7038eafb5659ddb68bb4,8bda06ce0251beedd6a5f2cd61a08ef37682841102d3b9d86a1ab602640baf4e,HUBB,True,True,overlap,eligible_in_both_retrievals,True
2026-07-01T053352Z,2026-07-01T05:33:52.980988+00:00,2026-07-01T07:21:20.090043+00:00,2026-06-30,data/prospective/daily_qvp/snapshots/2026-07-01T053352Z/raw,1081,1043,144e01281e848a2a4c711cb0058eddc75099bb40,d3881a1328862a39dc4af32e15c4826237a09adca2da7038eafb5659ddb68bb4,8bda06ce0251beedd6a5f2cd61a08ef37682841102d3b9d86a1ab602640baf4e,HUBG,True,True,overlap,eligible_in_both_retrievals,True
2026-07-01T053352Z,2026-07-01T05:33:52.980988+00:00,2026-07-01T07:21:20.090043+00:00,2026-06-30,data/prospective/daily_qvp/snapshots/2026-07-01T053352Z/raw,1081,1043,144e01281e848a2a4c711cb0058eddc75099bb40,d3881a1328862a39dc4af32e15c4826237a09adca2da7038eafb5659ddb68bb4,8bda06ce0251beedd6a5f2cd61a08ef37682841102d3b9d86a1ab602640baf4e,HUBS,True,True,overlap,eligible_in_both_retrievals,True
2026-07-01T053352Z,2026-07-01T05:33:52.980988+00:00,2026-07-01T07:21:20.090043+00:00,2026-06-30,data/prospective/daily_qvp/snapshots/2026-07-01T053352Z/raw,1081,1043,144e01281e848a2a4c711cb0058eddc75099bb40,d3881a1328862a39dc4af32e15c4826237a09adca2da7038eafb5659ddb68bb4,8bda06ce0251beedd6a5f2cd61a08ef37682841102d3b9d86a1ab602640baf4e,HUM,True,True,overlap,eligible_in_both_retrievals,False
2026-07-01T053352Z,2026-07-01T05:33:52.980988+00:00,2026-07-01T07:21:20.090043+00:00,2026-06-30,data/prospective/daily_qvp/snapshots/2026-07-01T053352Z/raw,1081,1043,144e01281e848a2a4c711cb0058eddc75099bb40,d3881a1328862a39dc4af32e15c4826237a09adca2da7038eafb5659ddb68bb4,8bda06ce0251beedd6a5f2cd61a08ef37682841102d3b9d86a1ab602640baf4e,HUN,True,False,removed,not_returned_by_current_screen,False
2026-07-01T053352Z,2026-07-01T05:33:52.980988+00:00,2026-07-01T07:21:20.090043+00:00,2026-06-30,data/prospective/daily_qvp/snapshots/2026-07-01T053352Z/raw,1081,1043,144e01281e848a2a4c711cb0058eddc75099bb40,d3881a1328862a39dc4af32e15c4826237a09adca2da7038eafb5659ddb68bb4,8bda06ce0251beedd6a5f2cd61a08ef37682841102d3b9d86a1ab602640baf4e,HWM,True,True,overlap,eligible_in_both_retrievals,True
2026-07-01T053352Z,2026-07-01T05:33:52.980988+00:00,2026-07-01T07:21:20.090043+00:00,2026-06-30,data/prospective/daily_qvp/snapshots/2026-07-01T053352Z/raw,1081,1043,144e01281e848a2a4c711cb0058eddc75099bb40,d3881a1328862a39dc4af32e15c4826237a09adca2da7038eafb5659ddb68bb4,8bda06ce0251beedd6a5f2cd61a08ef37682841102d3b9d86a1ab602640baf4e,HXL,True,True,overlap,eligible_in_both_retrievals,True
2026-07-01T053352Z,2026-07-01T05:33:52.980988+00:00,2026-07-01T07:21:20.090043+00:00,2026-06-30,data/prospective/daily_qvp/snapshots/2026-07-01T053352Z/raw,1081,1043,144e01281e848a2a4c711cb0058eddc75099bb40,d3881a1328862a39dc4af32e15c4826237a09adca2da7038eafb5659ddb68bb4,8bda06ce0251beedd6a5f2cd61a08ef37682841102d3b9d86a1ab602640baf4e,IBM,True,True,overlap,eligible_in_both_retrievals,True
2026-07-01T053352Z,2026-07-01T05:33:52.980988+00:00,2026-07-01T07:21:20.090043+00:00,2026-06-30,data/prospective/daily_qvp/snapshots/2026-07-01T053352Z/raw,1081,1043,144e01281e848a2a4c711cb0058eddc75099bb40,d3881a1328862a39dc4af32e15c4826237a09adca2da7038eafb5659ddb68bb4,8bda06ce0251beedd6a5f2cd61a08ef37682841102d3b9d86a1ab602640baf4e,IBP,True,True,overlap,eligible_in_both_retrievals,True
2026-07-01T053352Z,2026-07-01T05:33:52.980988+00:00,2026-07-01T07:21:20.090043+00:00,2026-06-30,data/prospective/daily_qvp/snapshots/2026-07-01T053352Z/raw,1081,1043,144e01281e848a2a4c711cb0058eddc75099bb40,d3881a1328862a39dc4af32e15c4826237a09adca2da7038eafb5659ddb68bb4,8bda06ce0251beedd6a5f2cd61a08ef37682841102d3b9d86a1ab602640baf4e,IBRX,True,True,overlap,eligible_in_both_retrievals,True
2026-07-01T053352Z,2026-07-01T05:33:52.980988+00:00,2026-07-01T07:21:20.090043+00:00,2026-06-30,data/prospective/daily_qvp/snapshots/2026-07-01T053352Z/raw,1081,1043,144e01281e848a2a4c711cb0058eddc75099bb40,d3881a1328862a39dc4af32e15c4826237a09adca2da7038eafb5659ddb68bb4,8bda06ce0251beedd6a5f2cd61a08ef37682841102d3b9d86a1ab602640baf4e,ICHR,True,True,overlap,eligible_in_both_retrievals,True
2026-07-01T053352Z,2026-07-01T05:33:52.980988+00:00,2026-07-01T07:21:20.090043+00:00,2026-06-30,data/prospective/daily_qvp/snapshots/2026-07-01T053352Z/raw,1081,1043,144e01281e848a2a4c711cb0058eddc75099bb40,d3881a1328862a39dc4af32e15c4826237a09adca2da7038eafb5659ddb68bb4,8bda06ce0251beedd6a5f2cd61a08ef37682841102d3b9d86a1ab602640baf4e,ICUI,True,True,overlap,eligible_in_both_retrievals,True
2026-07-01T053352Z,2026-07-01T05:33:52.980988+00:00,2026-07-01T07:21:20.090043+00:00,2026-06-30,data/prospective/daily_qvp/snapshots/2026-07-01T053352Z/raw,1081,1043,144e01281e848a2a4c711cb0058eddc75099bb40,d3881a1328862a39dc4af32e15c4826237a09adca2da7038eafb5659ddb68bb4,8bda06ce0251beedd6a5f2cd61a08ef37682841102d3b9d86a1ab602640baf4e,IDA,True,True,overlap,eligible_in_both_retrievals,True
2026-07-01T053352Z,2026-07-01T05:33:52.980988+00:00,2026-07-01T07:21:20.090043+00:00,2026-06-30,data/prospective/daily_qvp/snapshots/2026-07-01T053352Z/raw,1081,1043,144e01281e848a2a4c711cb0058eddc75099bb40,d3881a1328862a39dc4af32e15c4826237a09adca2da7038eafb5659ddb68bb4,8bda06ce0251beedd6a5f2cd61a08ef37682841102d3b9d86a1ab602640baf4e,IDCC,True,True,overlap,eligible_in_both_retrievals,True
2026-07-01T053352Z,2026-07-01T05:33:52.980988+00:00,2026-07-01T07:21:20.090043+00:00,2026-06-30,data/prospective/daily_qvp/snapshots/2026-07-01T053352Z/raw,1081,1043,144e01281e848a2a4c711cb0058eddc75099bb40,d3881a1328862a39dc4af32e15c4826237a09adca2da7038eafb5659ddb68bb4,8bda06ce0251beedd6a5f2cd61a08ef37682841102d3b9d86a1ab602640baf4e,IDXX,True,True,overlap,eligible_in_both_retrievals,True
2026-07-01T053352Z,2026-07-01T05:33:52.980988+00:00,2026-07-01T07:21:20.090043+00:00,2026-06-30,data/prospective/daily_qvp/snapshots/2026-07-01T053352Z/raw,1081,1043,144e01281e848a2a4c711cb0058eddc75099bb40,d3881a1328862a39dc4af32e15c4826237a09adca2da7038eafb5659ddb68bb4,8bda06ce0251beedd6a5f2cd61a08ef37682841102d3b9d86a1ab602640baf4e,IDYA,True,True,overlap,eligible_in_both_retrievals,False
2026-07-01T053352Z,2026-07-01T05:33:52.980988+00:00,2026-07-01T07:21:20.090043+00:00,2026-06-30,data/prospective/daily_qvp/snapshots/2026-07-01T053352Z/raw,1081,1043,144e01281e848a2a4c711cb0058eddc75099bb40,d3881a1328862a39dc4af32e15c4826237a09adca2da7038eafb5659ddb68bb4,8bda06ce0251beedd6a5f2cd61a08ef37682841102d3b9d86a1ab602640baf4e,IEX,True,True,overlap,eligible_in_both_retrievals,True
2026-07-01T053352Z,2026-07-01T05:33:52.980988+00:00,2026-07-01T07:21:20.090043+00:00,2026-06-30,data/prospective/daily_qvp/snapshots/2026-07-01T053352Z/raw,1081,1043,144e01281e848a2a4c711cb0058eddc75099bb40,d3881a1328862a39dc4af32e15c4826237a09adca2da7038eafb5659ddb68bb4,8bda06ce0251beedd6a5f2cd61a08ef37682841102d3b9d86a1ab602640baf4e,IFF,True,True,overlap,eligible_in_both_retrievals,True
2026-07-01T053352Z,2026-07-01T05:33:52.980988+00:00,2026-07-01T07:21:20.090043+00:00,2026-06-30,data/prospective/daily_qvp/snapshots/2026-07-01T053352Z/raw,1081,1043,144e01281e848a2a4c711cb0058eddc75099bb40,d3881a1328862a39dc4af32e15c4826237a09adca2da7038eafb5659ddb68bb4,8bda06ce0251beedd6a5f2cd61a08ef37682841102d3b9d86a1ab602640baf4e,ILMN,True,True,overlap,eligible_in_both_retrievals,True
2026-07-01T053352Z,2026-07-01T05:33:52.980988+00:00,2026-07-01T07:21:20.090043+00:00,2026-06-30,data/prospective/daily_qvp/snapshots/2026-07-01T053352Z/raw,1081,1043,144e01281e848a2a4c711cb0058eddc75099bb40,d3881a1328862a39dc4af32e15c4826237a09adca2da7038eafb5659ddb68bb4,8bda06ce0251beedd6a5f2cd61a08ef37682841102d3b9d86a1ab602640baf4e,IMVT,True,True,overlap,eligible_in_both_retrievals,False
2026-07-01T053352Z,2026-07-01T05:33:52.980988+00:00,2026-07-01T07:21:20.090043+00:00,2026-06-30,data/prospective/daily_qvp/snapshots/2026-07-01T053352Z/raw,1081,1043,144e01281e848a2a4c711cb0058eddc75099bb40,d3881a1328862a39dc4af32e15c4826237a09adca2da7038eafb5659ddb68bb4,8bda06ce0251beedd6a5f2cd61a08ef37682841102d3b9d86a1ab602640baf4e,INCY,True,True,overlap,eligible_in_both_retrievals,True
2026-07-01T053352Z,2026-07-01T05:33:52.980988+00:00,2026-07-01T07:21:20.090043+00:00,2026-06-30,data/prospective/daily_qvp/snapshots/2026-07-01T053352Z/raw,1081,1043,144e01281e848a2a4c711cb0058eddc75099bb40,d3881a1328862a39dc4af32e15c4826237a09adca2da7038eafb5659ddb68bb4,8bda06ce0251beedd6a5f2cd61a08ef37682841102d3b9d86a1ab602640baf4e,INDV,True,True,overlap,eligible_in_both_retrievals,True
2026-07-01T053352Z,2026-07-01T05:33:52.980988+00:00,2026-07-01T07:21:20.090043+00:00,2026-06-30,data/prospective/daily_qvp/snapshots/2026-07-01T053352Z/raw,1081,1043,144e01281e848a2a4c711cb0058eddc75099bb40,d3881a1328862a39dc4af32e15c4826237a09adca2da7038eafb5659ddb68bb4,8bda06ce0251beedd6a5f2cd61a08ef37682841102d3b9d86a1ab602640baf4e,INGR,True,True,overlap,eligible_in_both_retrievals,True
2026-07-01T053352Z,2026-07-01T05:33:52.980988+00:00,2026-07-01T07:21:20.090043+00:00,2026-06-30,data/prospective/daily_qvp/snapshots/2026-07-01T053352Z/raw,1081,1043,144e01281e848a2a4c711cb0058eddc75099bb40,d3881a1328862a39dc4af32e15c4826237a09adca2da7038eafb5659ddb68bb4,8bda06ce0251beedd6a5f2cd61a08ef37682841102d3b9d86a1ab602640baf4e,INSM,True,True,overlap,eligible_in_both_retrievals,True
2026-07-01T053352Z,2026-07-01T05:33:52.980988+00:00,2026-07-01T07:21:20.090043+00:00,2026-06-30,data/prospective/daily_qvp/snapshots/2026-07-01T053352Z/raw,1081,1043,144e01281e848a2a4c711cb0058eddc75099bb40,d3881a1328862a39dc4af32e15c4826237a09adca2da7038eafb5659ddb68bb4,8bda06ce0251beedd6a5f2cd61a08ef37682841102d3b9d86a1ab602640baf4e,INSW,True,True,overlap,eligible_in_both_retrievals,True
2026-07-01T053352Z,2026-07-01T05:33:52.980988+00:00,2026-07-01T07:21:20.090043+00:00,2026-06-30,data/prospective/daily_qvp/snapshots/2026-07-01T053352Z/raw,1081,1043,144e01281e848a2a4c711cb0058eddc75099bb40,d3881a1328862a39dc4af32e15c4826237a09adca2da7038eafb5659ddb68bb4,8bda06ce0251beedd6a5f2cd61a08ef37682841102d3b9d86a1ab602640baf4e,INTC,True,True,overlap,eligible_in_both_retrievals,True
2026-07-01T053352Z,2026-07-01T05:33:52.980988+00:00,2026-07-01T07:21:20.090043+00:00,2026-06-30,data/prospective/daily_qvp/snapshots/2026-07-01T053352Z/raw,1081,1043,144e01281e848a2a4c711cb0058eddc75099bb40,d3881a1328862a39dc4af32e15c4826237a09adca2da7038eafb5659ddb68bb4,8bda06ce0251beedd6a5f2cd61a08ef37682841102d3b9d86a1ab602640baf4e,INTU,True,True,overlap,eligible_in_both_retrievals,True
2026-07-01T053352Z,2026-07-01T05:33:52.980988+00:00,2026-07-01T07:21:20.090043+00:00,2026-06-30,data/prospective/daily_qvp/snapshots/2026-07-01T053352Z/raw,1081,1043,144e01281e848a2a4c711cb0058eddc75099bb40,d3881a1328862a39dc4af32e15c4826237a09adca2da7038eafb5659ddb68bb4,8bda06ce0251beedd6a5f2cd61a08ef37682841102d3b9d86a1ab602640baf4e,IONQ,True,True,overlap,eligible_in_both_retrievals,True
2026-07-01T053352Z,2026-07-01T05:33:52.980988+00:00,2026-07-01T07:21:20.090043+00:00,2026-06-30,data/prospective/daily_qvp/snapshots/2026-07-01T053352Z/raw,1081,1043,144e01281e848a2a4c711cb0058eddc75099bb40,d3881a1328862a39dc4af32e15c4826237a09adca2da7038eafb5659ddb68bb4,8bda06ce0251beedd6a5f2cd61a08ef37682841102d3b9d86a1ab602640baf4e,IONS,True,True,overlap,eligible_in_both_retrievals,True
2026-07-01T053352Z,2026-07-01T05:33:52.980988+00:00,2026-07-01T07:21:20.090043+00:00,2026-06-30,data/prospective/daily_qvp/snapshots/2026-07-01T053352Z/raw,1081,1043,144e01281e848a2a4c711cb0058eddc75099bb40,d3881a1328862a39dc4af32e15c4826237a09adca2da7038eafb5659ddb68bb4,8bda06ce0251beedd6a5f2cd61a08ef37682841102d3b9d86a1ab602640baf4e,IOSP,True,True,overlap,eligible_in_both_retrievals,True
2026-07-01T053352Z,2026-07-01T05:33:52.980988+00:00,2026-07-01T07:21:20.090043+00:00,2026-06-30,data/prospective/daily_qvp/snapshots/2026-07-01T053352Z/raw,1081,1043,144e01281e848a2a4c711cb0058eddc75099bb40,d3881a1328862a39dc4af32e15c4826237a09adca2da7038eafb5659ddb68bb4,8bda06ce0251beedd6a5f2cd61a08ef37682841102d3b9d86a1ab602640baf4e,IOT,True,True,overlap,eligible_in_both_retrievals,True
2026-07-01T053352Z,2026-07-01T05:33:52.980988+00:00,2026-07-01T07:21:20.090043+00:00,2026-06-30,data/prospective/daily_qvp/snapshots/2026-07-01T053352Z/raw,1081,1043,144e01281e848a2a4c711cb0058eddc75099bb40,d3881a1328862a39dc4af32e15c4826237a09adca2da7038eafb5659ddb68bb4,8bda06ce0251beedd6a5f2cd61a08ef37682841102d3b9d86a1ab602640baf4e,IP,True,True,overlap,eligible_in_both_retrievals,True
2026-07-01T053352Z,2026-07-01T05:33:52.980988+00:00,2026-07-01T07:21:20.090043+00:00,2026-06-30,data/prospective/daily_qvp/snapshots/2026-07-01T053352Z/raw,1081,1043,144e01281e848a2a4c711cb0058eddc75099bb40,d3881a1328862a39dc4af32e15c4826237a09adca2da7038eafb5659ddb68bb4,8bda06ce0251beedd6a5f2cd61a08ef37682841102d3b9d86a1ab602640baf4e,IPAR,True,True,overlap,eligible_in_both_retrievals,True
2026-07-01T053352Z,2026-07-01T05:33:52.980988+00:00,2026-07-01T07:21:20.090043+00:00,2026-06-30,data/prospective/daily_qvp/snapshots/2026-07-01T053352Z/raw,1081,1043,144e01281e848a2a4c711cb0058eddc75099bb40,d3881a1328862a39dc4af32e15c4826237a09adca2da7038eafb5659ddb68bb4,8bda06ce0251beedd6a5f2cd61a08ef37682841102d3b9d86a1ab602640baf4e,IPGP,True,True,overlap,eligible_in_both_retrievals,True
2026-07-01T053352Z,2026-07-01T05:33:52.980988+00:00,2026-07-01T07:21:20.090043+00:00,2026-06-30,data/prospective/daily_qvp/snapshots/2026-07-01T053352Z/raw,1081,1043,144e01281e848a2a4c711cb0058eddc75099bb40,d3881a1328862a39dc4af32e15c4826237a09adca2da7038eafb5659ddb68bb4,8bda06ce0251beedd6a5f2cd61a08ef37682841102d3b9d86a1ab602640baf4e,IQV,True,True,overlap,eligible_in_both_retrievals,True
2026-07-01T053352Z,2026-07-01T05:33:52.980988+00:00,2026-07-01T07:21:20.090043+00:00,2026-06-30,data/prospective/daily_qvp/snapshots/2026-07-01T053352Z/raw,1081,1043,144e01281e848a2a4c711cb0058eddc75099bb40,d3881a1328862a39dc4af32e15c4826237a09adca2da7038eafb5659ddb68bb4,8bda06ce0251beedd6a5f2cd61a08ef37682841102d3b9d86a1ab602640baf4e,IR,True,True,overlap,eligible_in_both_retrievals,True
2026-07-01T053352Z,2026-07-01T05:33:52.980988+00:00,2026-07-01T07:21:20.090043+00:00,2026-06-30,data/prospective/daily_qvp/snapshots/2026-07-01T053352Z/raw,1081,1043,144e01281e848a2a4c711cb0058eddc75099bb40,d3881a1328862a39dc4af32e15c4826237a09adca2da7038eafb5659ddb68bb4,8bda06ce0251beedd6a5f2cd61a08ef37682841102d3b9d86a1ab602640baf4e,IRDM,True,True,overlap,eligible_in_both_retrievals,True
2026-07-01T053352Z,2026-07-01T05:33:52.980988+00:00,2026-07-01T07:21:20.090043+00:00,2026-06-30,data/prospective/daily_qvp/snapshots/2026-07-01T053352Z/raw,1081,1043,144e01281e848a2a4c711cb0058eddc75099bb40,d3881a1328862a39dc4af32e15c4826237a09adca2da7038eafb5659ddb68bb4,8bda06ce0251beedd6a5f2cd61a08ef37682841102d3b9d86a1ab602640baf4e,IRTC,True,True,overlap,eligible_in_both_retrievals,True
2026-07-01T053352Z,2026-07-01T05:33:52.980988+00:00,2026-07-01T07:21:20.090043+00:00,2026-06-30,data/prospective/daily_qvp/snapshots/2026-07-01T053352Z/raw,1081,1043,144e01281e848a2a4c711cb0058eddc75099bb40,d3881a1328862a39dc4af32e15c4826237a09adca2da7038eafb5659ddb68bb4,8bda06ce0251beedd6a5f2cd61a08ef37682841102d3b9d86a1ab602640baf4e,ISRG,True,True,overlap,eligible_in_both_retrievals,True
2026-07-01T053352Z,2026-07-01T05:33:52.980988+00:00,2026-07-01T07:21:20.090043+00:00,2026-06-30,data/prospective/daily_qvp/snapshots/2026-07-01T053352Z/raw,1081,1043,144e01281e848a2a4c711cb0058eddc75099bb40,d3881a1328862a39dc4af32e15c4826237a09adca2da7038eafb5659ddb68bb4,8bda06ce0251beedd6a5f2cd61a08ef37682841102d3b9d86a1ab602640baf4e,IT,True,True,overlap,eligible_in_both_retrievals,True
2026-07-01T053352Z,2026-07-01T05:33:52.980988+00:00,2026-07-01T07:21:20.090043+00:00,2026-06-30,data/prospective/daily_qvp/snapshots/2026-07-01T053352Z/raw,1081,1043,144e01281e848a2a4c711cb0058eddc75099bb40,d3881a1328862a39dc4af32e15c4826237a09adca2da7038eafb5659ddb68bb4,8bda06ce0251beedd6a5f2cd61a08ef37682841102d3b9d86a1ab602640baf4e,ITGR,True,True,overlap,eligible_in_both_retrievals,True
2026-07-01T053352Z,2026-07-01T05:33:52.980988+00:00,2026-07-01T07:21:20.090043+00:00,2026-06-30,data/prospective/daily_qvp/snapshots/2026-07-01T053352Z/raw,1081,1043,144e01281e848a2a4c711cb0058eddc75099bb40,d3881a1328862a39dc4af32e15c4826237a09adca2da7038eafb5659ddb68bb4,8bda06ce0251beedd6a5f2cd61a08ef37682841102d3b9d86a1ab602640baf4e,ITRI,True,True,overlap,eligible_in_both_retrievals,True
2026-07-01T053352Z,2026-07-01T05:33:52.980988+00:00,2026-07-01T07:21:20.090043+00:00,2026-06-30,data/prospective/daily_qvp/snapshots/2026-07-01T053352Z/raw,1081,1043,144e01281e848a2a4c711cb0058eddc75099bb40,d3881a1328862a39dc4af32e15c4826237a09adca2da7038eafb5659ddb68bb4,8bda06ce0251beedd6a5f2cd61a08ef37682841102d3b9d86a1ab602640baf4e,ITT,True,True,overlap,eligible_in_both_retrievals,True
2026-07-01T053352Z,2026-07-01T05:33:52.980988+00:00,2026-07-01T07:21:20.090043+00:00,2026-06-30,data/prospective/daily_qvp/snapshots/2026-07-01T053352Z/raw,1081,1043,144e01281e848a2a4c711cb0058eddc75099bb40,d3881a1328862a39dc4af32e15c4826237a09adca2da7038eafb5659ddb68bb4,8bda06ce0251beedd6a5f2cd61a08ef37682841102d3b9d86a1ab602640baf4e,ITW,True,True,overlap,eligible_in_both_retrievals,True
2026-07-01T053352Z,2026-07-01T05:33:52.980988+00:00,2026-07-01T07:21:20.090043+00:00,2026-06-30,data/prospective/daily_qvp/snapshots/2026-07-01T053352Z/raw,1081,1043,144e01281e848a2a4c711cb0058eddc75099bb40,d3881a1328862a39dc4af32e15c4826237a09adca2da7038eafb5659ddb68bb4,8bda06ce0251beedd6a5f2cd61a08ef37682841102d3b9d86a1ab602640baf4e,J,True,True,overlap,eligible_in_both_retrievals,True
2026-07-01T053352Z,2026-07-01T05:33:52.980988+00:00,2026-07-01T07:21:20.090043+00:00,2026-06-30,data/prospective/daily_qvp/snapshots/2026-07-01T053352Z/raw,1081,1043,144e01281e848a2a4c711cb0058eddc75099bb40,d3881a1328862a39dc4af32e15c4826237a09adca2da7038eafb5659ddb68bb4,8bda06ce0251beedd6a5f2cd61a08ef37682841102d3b9d86a1ab602640baf4e,JBHT,True,True,overlap,eligible_in_both_retrievals,True
2026-07-01T053352Z,2026-07-01T05:33:52.980988+00:00,2026-07-01T07:21:20.090043+00:00,2026-06-30,data/prospective/daily_qvp/snapshots/2026-07-01T053352Z/raw,1081,1043,144e01281e848a2a4c711cb0058eddc75099bb40,d3881a1328862a39dc4af32e15c4826237a09adca2da7038eafb5659ddb68bb4,8bda06ce0251beedd6a5f2cd61a08ef37682841102d3b9d86a1ab602640baf4e,JBL,True,True,overlap,eligible_in_both_retrievals,True
2026-07-01T053352Z,2026-07-01T05:33:52.980988+00:00,2026-07-01T07:21:20.090043+00:00,2026-06-30,data/prospective/daily_qvp/snapshots/2026-07-01T053352Z/raw,1081,1043,144e01281e848a2a4c711cb0058eddc75099bb40,d3881a1328862a39dc4af32e15c4826237a09adca2da7038eafb5659ddb68bb4,8bda06ce0251beedd6a5f2cd61a08ef37682841102d3b9d86a1ab602640baf4e,JBLU,True,True,overlap,eligible_in_both_retrievals,True
2026-07-01T053352Z,2026-07-01T05:33:52.980988+00:00,2026-07-01T07:21:20.090043+00:00,2026-06-30,data/prospective/daily_qvp/snapshots/2026-07-01T053352Z/raw,1081,1043,144e01281e848a2a4c711cb0058eddc75099bb40,d3881a1328862a39dc4af32e15c4826237a09adca2da7038eafb5659ddb68bb4,8bda06ce0251beedd6a5f2cd61a08ef37682841102d3b9d86a1ab602640baf4e,JBTM,True,True,overlap,eligible_in_both_retrievals,True
2026-07-01T053352Z,2026-07-01T05:33:52.980988+00:00,2026-07-01T07:21:20.090043+00:00,2026-06-30,data/prospective/daily_qvp/snapshots/2026-07-01T053352Z/raw,1081,1043,144e01281e848a2a4c711cb0058eddc75099bb40,d3881a1328862a39dc4af32e15c4826237a09adca2da7038eafb5659ddb68bb4,8bda06ce0251beedd6a5f2cd61a08ef37682841102d3b9d86a1ab602640baf4e,JKHY,True,True,overlap,eligible_in_both_retrievals,True
2026-07-01T053352Z,2026-07-01T05:33:52.980988+00:00,2026-07-01T07:21:20.090043+00:00,2026-06-30,data/prospective/daily_qvp/snapshots/2026-07-01T053352Z/raw,1081,1043,144e01281e848a2a4c711cb0058eddc75099bb40,d3881a1328862a39dc4af32e15c4826237a09adca2da7038eafb5659ddb68bb4,8bda06ce0251beedd6a5f2cd61a08ef37682841102d3b9d86a1ab602640baf4e,JNJ,True,True,overlap,eligible_in_both_retrievals,True
2026-07-01T053352Z,2026-07-01T05:33:52.980988+00:00,2026-07-01T07:21:20.090043+00:00,2026-06-30,data/prospective/daily_qvp/snapshots/2026-07-01T053352Z/raw,1081,1043,144e01281e848a2a4c711cb0058eddc75099bb40,d3881a1328862a39dc4af32e15c4826237a09adca2da7038eafb5659ddb68bb4,8bda06ce0251beedd6a5f2cd61a08ef37682841102d3b9d86a1ab602640baf4e,JOBY,True,True,overlap,eligible_in_both_retrievals,True
2026-07-01T053352Z,2026-07-01T05:33:52.980988+00:00,2026-07-01T07:21:20.090043+00:00,2026-06-30,data/prospective/daily_qvp/snapshots/2026-07-01T053352Z/raw,1081,1043,144e01281e848a2a4c711cb0058eddc75099bb40,d3881a1328862a39dc4af32e15c4826237a09adca2da7038eafb5659ddb68bb4,8bda06ce0251beedd6a5f2cd61a08ef37682841102d3b9d86a1ab602640baf4e,KALU,True,True,overlap,eligible_in_both_retrievals,True
2026-07-01T053352Z,2026-07-01T05:33:52.980988+00:00,2026-07-01T07:21:20.090043+00:00,2026-06-30,data/prospective/daily_qvp/snapshots/2026-07-01T053352Z/raw,1081,1043,144e01281e848a2a4c711cb0058eddc75099bb40,d3881a1328862a39dc4af32e15c4826237a09adca2da7038eafb5659ddb68bb4,8bda06ce0251beedd6a5f2cd61a08ef37682841102d3b9d86a1ab602640baf4e,KBH,True,True,overlap,eligible_in_both_retrievals,True
2026-07-01T053352Z,2026-07-01T05:33:52.980988+00:00,2026-07-01T07:21:20.090043+00:00,2026-06-30,data/prospective/daily_qvp/snapshots/2026-07-01T053352Z/raw,1081,1043,144e01281e848a2a4c711cb0058eddc75099bb40,d3881a1328862a39dc4af32e15c4826237a09adca2da7038eafb5659ddb68bb4,8bda06ce0251beedd6a5f2cd61a08ef37682841102d3b9d86a1ab602640baf4e,KBR,True,True,overlap,eligible_in_both_retrievals,True
2026-07-01T053352Z,2026-07-01T05:33:52.980988+00:00,2026-07-01T07:21:20.090043+00:00,2026-06-30,data/prospective/daily_qvp/snapshots/2026-07-01T053352Z/raw,1081,1043,144e01281e848a2a4c711cb0058eddc75099bb40,d3881a1328862a39dc4af32e15c4826237a09adca2da7038eafb5659ddb68bb4,8bda06ce0251beedd6a5f2cd61a08ef37682841102d3b9d86a1ab602640baf4e,KD,True,True,overlap,eligible_in_both_retrievals,True
2026-07-01T053352Z,2026-07-01T05:33:52.980988+00:00,2026-07-01T07:21:20.090043+00:00,2026-06-30,data/prospective/daily_qvp/snapshots/2026-07-01T053352Z/raw,1081,1043,144e01281e848a2a4c711cb0058eddc75099bb40,d3881a1328862a39dc4af32e15c4826237a09adca2da7038eafb5659ddb68bb4,8bda06ce0251beedd6a5f2cd61a08ef37682841102d3b9d86a1ab602640baf4e,KDP,True,True,overlap,eligible_in_both_retrievals,True
2026-07-01T053352Z,2026-07-01T05:33:52.980988+00:00,2026-07-01T07:21:20.090043+00:00,2026-06-30,data/prospective/daily_qvp/snapshots/2026-07-01T053352Z/raw,1081,1043,144e01281e848a2a4c711cb0058eddc75099bb40,d3881a1328862a39dc4af32e15c4826237a09adca2da7038eafb5659ddb68bb4,8bda06ce0251beedd6a5f2cd61a08ef37682841102d3b9d86a1ab602640baf4e,KEX,True,True,overlap,eligible_in_both_retrievals,True
2026-07-01T053352Z,2026-07-01T05:33:52.980988+00:00,2026-07-01T07:21:20.090043+00:00,2026-06-30,data/prospective/daily_qvp/snapshots/2026-07-01T053352Z/raw,1081,1043,144e01281e848a2a4c711cb0058eddc75099bb40,d3881a1328862a39dc4af32e15c4826237a09adca2da7038eafb5659ddb68bb4,8bda06ce0251beedd6a5f2cd61a08ef37682841102d3b9d86a1ab602640baf4e,KEYS,True,True,overlap,eligible_in_both_retrievals,True
2026-07-01T053352Z,2026-07-01T05:33:52.980988+00:00,2026-07-01T07:21:20.090043+00:00,2026-06-30,data/prospective/daily_qvp/snapshots/2026-07-01T053352Z/raw,1081,1043,144e01281e848a2a4c711cb0058eddc75099bb40,d3881a1328862a39dc4af32e15c4826237a09adca2da7038eafb5659ddb68bb4,8bda06ce0251beedd6a5f2cd61a08ef37682841102d3b9d86a1ab602640baf4e,KFY,True,True,overlap,eligible_in_both_retrievals,True
2026-07-01T053352Z,2026-07-01T05:33:52.980988+00:00,2026-07-01T07:21:20.090043+00:00,2026-06-30,data/prospective/daily_qvp/snapshots/2026-07-01T053352Z/raw,1081,1043,144e01281e848a2a4c711cb0058eddc75099bb40,d3881a1328862a39dc4af32e15c4826237a09adca2da7038eafb5659ddb68bb4,8bda06ce0251beedd6a5f2cd61a08ef37682841102d3b9d86a1ab602640baf4e,KGS,True,True,overlap,eligible_in_both_retrievals,True
2026-07-01T053352Z,2026-07-01T05:33:52.980988+00:00,2026-07-01T07:21:20.090043+00:00,2026-06-30,data/prospective/daily_qvp/snapshots/2026-07-01T053352Z/raw,1081,1043,144e01281e848a2a4c711cb0058eddc75099bb40,d3881a1328862a39dc4af32e15c4826237a09adca2da7038eafb5659ddb68bb4,8bda06ce0251beedd6a5f2cd61a08ef37682841102d3b9d86a1ab602640baf4e,KHC,True,True,overlap,eligible_in_both_retrievals,True
2026-07-01T053352Z,2026-07-01T05:33:52.980988+00:00,2026-07-01T07:21:20.090043+00:00,2026-06-30,data/prospective/daily_qvp/snapshots/2026-07-01T053352Z/raw,1081,1043,144e01281e848a2a4c711cb0058eddc75099bb40,d3881a1328862a39dc4af32e15c4826237a09adca2da7038eafb5659ddb68bb4,8bda06ce0251beedd6a5f2cd61a08ef37682841102d3b9d86a1ab602640baf4e,KLAC,True,True,overlap,eligible_in_both_retrievals,True
2026-07-01T053352Z,2026-07-01T05:33:52.980988+00:00,2026-07-01T07:21:20.090043+00:00,2026-06-30,data/prospective/daily_qvp/snapshots/2026-07-01T053352Z/raw,1081,1043,144e01281e848a2a4c711cb0058eddc75099bb40,d3881a1328862a39dc4af32e15c4826237a09adca2da7038eafb5659ddb68bb4,8bda06ce0251beedd6a5f2cd61a08ef37682841102d3b9d86a1ab602640baf4e,KMB,True,True,overlap,eligible_in_both_retrievals,True
2026-07-01T053352Z,2026-07-01T05:33:52.980988+00:00,2026-07-01T07:21:20.090043+00:00,2026-06-30,data/prospective/daily_qvp/snapshots/2026-07-01T053352Z/raw,1081,1043,144e01281e848a2a4c711cb0058eddc75099bb40,d3881a1328862a39dc4af32e15c4826237a09adca2da7038eafb5659ddb68bb4,8bda06ce0251beedd6a5f2cd61a08ef37682841102d3b9d86a1ab602640baf4e,KMI,True,True,overlap,eligible_in_both_retrievals,True
2026-07-01T053352Z,2026-07-01T05:33:52.980988+00:00,2026-07-01T07:21:20.090043+00:00,2026-06-30,data/prospective/daily_qvp/snapshots/2026-07-01T053352Z/raw,1081,1043,144e01281e848a2a4c711cb0058eddc75099bb40,d3881a1328862a39dc4af32e15c4826237a09adca2da7038eafb5659ddb68bb4,8bda06ce0251beedd6a5f2cd61a08ef37682841102d3b9d86a1ab602640baf4e,KMT,True,True,overlap,eligible_in_both_retrievals,True
2026-07-01T053352Z,2026-07-01T05:33:52.980988+00:00,2026-07-01T07:21:20.090043+00:00,2026-06-30,data/prospective/daily_qvp/snapshots/2026-07-01T053352Z/raw,1081,1043,144e01281e848a2a4c711cb0058eddc75099bb40,d3881a1328862a39dc4af32e15c4826237a09adca2da7038eafb5659ddb68bb4,8bda06ce0251beedd6a5f2cd61a08ef37682841102d3b9d86a1ab602640baf4e,KMX,True,True,overlap,eligible_in_both_retrievals,True
2026-07-01T053352Z,2026-07-01T05:33:52.980988+00:00,2026-07-01T07:21:20.090043+00:00,2026-06-30,data/prospective/daily_qvp/snapshots/2026-07-01T053352Z/raw,1081,1043,144e01281e848a2a4c711cb0058eddc75099bb40,d3881a1328862a39dc4af32e15c4826237a09adca2da7038eafb5659ddb68bb4,8bda06ce0251beedd6a5f2cd61a08ef37682841102d3b9d86a1ab602640baf4e,KN,True,True,overlap,eligible_in_both_retrievals,True
2026-07-01T053352Z,2026-07-01T05:33:52.980988+00:00,2026-07-01T07:21:20.090043+00:00,2026-06-30,data/prospective/daily_qvp/snapshots/2026-07-01T053352Z/raw,1081,1043,144e01281e848a2a4c711cb0058eddc75099bb40,d3881a1328862a39dc4af32e15c4826237a09adca2da7038eafb5659ddb68bb4,8bda06ce0251beedd6a5f2cd61a08ef37682841102d3b9d86a1ab602640baf4e,KNF,True,True,overlap,eligible_in_both_retrievals,True
2026-07-01T053352Z,2026-07-01T05:33:52.980988+00:00,2026-07-01T07:21:20.090043+00:00,2026-06-30,data/prospective/daily_qvp/snapshots/2026-07-01T053352Z/raw,1081,1043,144e01281e848a2a4c711cb0058eddc75099bb40,d3881a1328862a39dc4af32e15c4826237a09adca2da7038eafb5659ddb68bb4,8bda06ce0251beedd6a5f2cd61a08ef37682841102d3b9d86a1ab602640baf4e,KNTK,True,True,overlap,eligible_in_both_retrievals,True
2026-07-01T053352Z,2026-07-01T05:33:52.980988+00:00,2026-07-01T07:21:20.090043+00:00,2026-06-30,data/prospective/daily_qvp/snapshots/2026-07-01T053352Z/raw,1081,1043,144e01281e848a2a4c711cb0058eddc75099bb40,d3881a1328862a39dc4af32e15c4826237a09adca2da7038eafb5659ddb68bb4,8bda06ce0251beedd6a5f2cd61a08ef37682841102d3b9d86a1ab602640baf4e,KNX,True,True,overlap,eligible_in_both_retrievals,True
2026-07-01T053352Z,2026-07-01T05:33:52.980988+00:00,2026-07-01T07:21:20.090043+00:00,2026-06-30,data/prospective/daily_qvp/snapshots/2026-07-01T053352Z/raw,1081,1043,144e01281e848a2a4c711cb0058eddc75099bb40,d3881a1328862a39dc4af32e15c4826237a09adca2da7038eafb5659ddb68bb4,8bda06ce0251beedd6a5f2cd61a08ef37682841102d3b9d86a1ab602640baf4e,KO,True,True,overlap,eligible_in_both_retrievals,True
2026-07-01T053352Z,2026-07-01T05:33:52.980988+00:00,2026-07-01T07:21:20.090043+00:00,2026-06-30,data/prospective/daily_qvp/snapshots/2026-07-01T053352Z/raw,1081,1043,144e01281e848a2a4c711cb0058eddc75099bb40,d3881a1328862a39dc4af32e15c4826237a09adca2da7038eafb5659ddb68bb4,8bda06ce0251beedd6a5f2cd61a08ef37682841102d3b9d86a1ab602640baf4e,KR,True,True,overlap,eligible_in_both_retrievals,True
2026-07-01T053352Z,2026-07-01T05:33:52.980988+00:00,2026-07-01T07:21:20.090043+00:00,2026-06-30,data/prospective/daily_qvp/snapshots/2026-07-01T053352Z/raw,1081,1043,144e01281e848a2a4c711cb0058eddc75099bb40,d3881a1328862a39dc4af32e15c4826237a09adca2da7038eafb5659ddb68bb4,8bda06ce0251beedd6a5f2cd61a08ef37682841102d3b9d86a1ab602640baf4e,KRYS,True,True,overlap,eligible_in_both_retrievals,True
2026-07-01T053352Z,2026-07-01T05:33:52.980988+00:00,2026-07-01T07:21:20.090043+00:00,2026-06-30,data/prospective/daily_qvp/snapshots/2026-07-01T053352Z/raw,1081,1043,144e01281e848a2a4c711cb0058eddc75099bb40,d3881a1328862a39dc4af32e15c4826237a09adca2da7038eafb5659ddb68bb4,8bda06ce0251beedd6a5f2cd61a08ef37682841102d3b9d86a1ab602640baf4e,KSS,False,True,new_addition,recovered_by_essential_field_and_504_observation_retries_after_old_silent_enrichment_failure,True
2026-07-01T053352Z,2026-07-01T05:33:52.980988+00:00,2026-07-01T07:21:20.090043+00:00,2026-06-30,data/prospective/daily_qvp/snapshots/2026-07-01T053352Z/raw,1081,1043,144e01281e848a2a4c711cb0058eddc75099bb40,d3881a1328862a39dc4af32e15c4826237a09adca2da7038eafb5659ddb68bb4,8bda06ce0251beedd6a5f2cd61a08ef37682841102d3b9d86a1ab602640baf4e,KTB,True,True,overlap,eligible_in_both_retrievals,True
2026-07-01T053352Z,2026-07-01T05:33:52.980988+00:00,2026-07-01T07:21:20.090043+00:00,2026-06-30,data/prospective/daily_qvp/snapshots/2026-07-01T053352Z/raw,1081,1043,144e01281e848a2a4c711cb0058eddc75099bb40,d3881a1328862a39dc4af32e15c4826237a09adca2da7038eafb5659ddb68bb4,8bda06ce0251beedd6a5f2cd61a08ef37682841102d3b9d86a1ab602640baf4e,KTOS,True,True,overlap,eligible_in_both_retrievals,True
2026-07-01T053352Z,2026-07-01T05:33:52.980988+00:00,2026-07-01T07:21:20.090043+00:00,2026-06-30,data/prospective/daily_qvp/snapshots/2026-07-01T053352Z/raw,1081,1043,144e01281e848a2a4c711cb0058eddc75099bb40,d3881a1328862a39dc4af32e15c4826237a09adca2da7038eafb5659ddb68bb4,8bda06ce0251beedd6a5f2cd61a08ef37682841102d3b9d86a1ab602640baf4e,KVUE,True,True,overlap,eligible_in_both_retrievals,True
2026-07-01T053352Z,2026-07-01T05:33:52.980988+00:00,2026-07-01T07:21:20.090043+00:00,2026-06-30,data/prospective/daily_qvp/snapshots/2026-07-01T053352Z/raw,1081,1043,144e01281e848a2a4c711cb0058eddc75099bb40,d3881a1328862a39dc4af32e15c4826237a09adca2da7038eafb5659ddb68bb4,8bda06ce0251beedd6a5f2cd61a08ef37682841102d3b9d86a1ab602640baf4e,KVYO,True,True,overlap,eligible_in_both_retrievals,True
2026-07-01T053352Z,2026-07-01T05:33:52.980988+00:00,2026-07-01T07:21:20.090043+00:00,2026-06-30,data/prospective/daily_qvp/snapshots/2026-07-01T053352Z/raw,1081,1043,144e01281e848a2a4c711cb0058eddc75099bb40,d3881a1328862a39dc4af32e15c4826237a09adca2da7038eafb5659ddb68bb4,8bda06ce0251beedd6a5f2cd61a08ef37682841102d3b9d86a1ab602640baf4e,LAD,True,True,overlap,eligible_in_both_retrievals,True
2026-07-01T053352Z,2026-07-01T05:33:52.980988+00:00,2026-07-01T07:21:20.090043+00:00,2026-06-30,data/prospective/daily_qvp/snapshots/2026-07-01T053352Z/raw,1081,1043,144e01281e848a2a4c711cb0058eddc75099bb40,d3881a1328862a39dc4af32e15c4826237a09adca2da7038eafb5659ddb68bb4,8bda06ce0251beedd6a5f2cd61a08ef37682841102d3b9d86a1ab602640baf4e,LASR,True,True,overlap,eligible_in_both_retrievals,True
2026-07-01T053352Z,2026-07-01T05:33:52.980988+00:00,2026-07-01T07:21:20.090043+00:00,2026-06-30,data/prospective/daily_qvp/snapshots/2026-07-01T053352Z/raw,1081,1043,144e01281e848a2a4c711cb0058eddc75099bb40,d3881a1328862a39dc4af32e15c4826237a09adca2da7038eafb5659ddb68bb4,8bda06ce0251beedd6a5f2cd61a08ef37682841102d3b9d86a1ab602640baf4e,LAUR,True,True,overlap,eligible_in_both_retrievals,True
2026-07-01T053352Z,2026-07-01T05:33:52.980988+00:00,2026-07-01T07:21:20.090043+00:00,2026-06-30,data/prospective/daily_qvp/snapshots/2026-07-01T053352Z/raw,1081,1043,144e01281e848a2a4c711cb0058eddc75099bb40,d3881a1328862a39dc4af32e15c4826237a09adca2da7038eafb5659ddb68bb4,8bda06ce0251beedd6a5f2cd61a08ef37682841102d3b9d86a1ab602640baf4e,LBRDA,False,True,new_addition,recovered_by_essential_field_and_504_observation_retries_after_old_silent_enrichment_failure,False
2026-07-01T053352Z,2026-07-01T05:33:52.980988+00:00,2026-07-01T07:21:20.090043+00:00,2026-06-30,data/prospective/daily_qvp/snapshots/2026-07-01T053352Z/raw,1081,1043,144e01281e848a2a4c711cb0058eddc75099bb40,d3881a1328862a39dc4af32e15c4826237a09adca2da7038eafb5659ddb68bb4,8bda06ce0251beedd6a5f2cd61a08ef37682841102d3b9d86a1ab602640baf4e,LBRDK,True,False,removed,issuer_share_class_dedup,False
2026-07-01T053352Z,2026-07-01T05:33:52.980988+00:00,2026-07-01T07:21:20.090043+00:00,2026-06-30,data/prospective/daily_qvp/snapshots/2026-07-01T053352Z/raw,1081,1043,144e01281e848a2a4c711cb0058eddc75099bb40,d3881a1328862a39dc4af32e15c4826237a09adca2da7038eafb5659ddb68bb4,8bda06ce0251beedd6a5f2cd61a08ef37682841102d3b9d86a1ab602640baf4e,LBRT,True,True,overlap,eligible_in_both_retrievals,True
2026-07-01T053352Z,2026-07-01T05:33:52.980988+00:00,2026-07-01T07:21:20.090043+00:00,2026-06-30,data/prospective/daily_qvp/snapshots/2026-07-01T053352Z/raw,1081,1043,144e01281e848a2a4c711cb0058eddc75099bb40,d3881a1328862a39dc4af32e15c4826237a09adca2da7038eafb5659ddb68bb4,8bda06ce0251beedd6a5f2cd61a08ef37682841102d3b9d86a1ab602640baf4e,LCID,True,True,overlap,eligible_in_both_retrievals,True
2026-07-01T053352Z,2026-07-01T05:33:52.980988+00:00,2026-07-01T07:21:20.090043+00:00,2026-06-30,data/prospective/daily_qvp/snapshots/2026-07-01T053352Z/raw,1081,1043,144e01281e848a2a4c711cb0058eddc75099bb40,d3881a1328862a39dc4af32e15c4826237a09adca2da7038eafb5659ddb68bb4,8bda06ce0251beedd6a5f2cd61a08ef37682841102d3b9d86a1ab602640baf4e,LCII,True,True,overlap,eligible_in_both_retrievals,True
2026-07-01T053352Z,2026-07-01T05:33:52.980988+00:00,2026-07-01T07:21:20.090043+00:00,2026-06-30,data/prospective/daily_qvp/snapshots/2026-07-01T053352Z/raw,1081,1043,144e01281e848a2a4c711cb0058eddc75099bb40,d3881a1328862a39dc4af32e15c4826237a09adca2da7038eafb5659ddb68bb4,8bda06ce0251beedd6a5f2cd61a08ef37682841102d3b9d86a1ab602640baf4e,LDOS,True,True,overlap,eligible_in_both_retrievals,True
2026-07-01T053352Z,2026-07-01T05:33:52.980988+00:00,2026-07-01T07:21:20.090043+00:00,2026-06-30,data/prospective/daily_qvp/snapshots/2026-07-01T053352Z/raw,1081,1043,144e01281e848a2a4c711cb0058eddc75099bb40,d3881a1328862a39dc4af32e15c4826237a09adca2da7038eafb5659ddb68bb4,8bda06ce0251beedd6a5f2cd61a08ef37682841102d3b9d86a1ab602640baf4e,LEA,True,True,overlap,eligible_in_both_retrievals,True
2026-07-01T053352Z,2026-07-01T05:33:52.980988+00:00,2026-07-01T07:21:20.090043+00:00,2026-06-30,data/prospective/daily_qvp/snapshots/2026-07-01T053352Z/raw,1081,1043,144e01281e848a2a4c711cb0058eddc75099bb40,d3881a1328862a39dc4af32e15c4826237a09adca2da7038eafb5659ddb68bb4,8bda06ce0251beedd6a5f2cd61a08ef37682841102d3b9d86a1ab602640baf4e,LECO,True,True,overlap,eligible_in_both_retrievals,True
2026-07-01T053352Z,2026-07-01T05:33:52.980988+00:00,2026-07-01T07:21:20.090043+00:00,2026-06-30,data/prospective/daily_qvp/snapshots/2026-07-01T053352Z/raw,1081,1043,144e01281e848a2a4c711cb0058eddc75099bb40,d3881a1328862a39dc4af32e15c4826237a09adca2da7038eafb5659ddb68bb4,8bda06ce0251beedd6a5f2cd61a08ef37682841102d3b9d86a1ab602640baf4e,LEGN,True,True,overlap,eligible_in_both_retrievals,True
2026-07-01T053352Z,2026-07-01T05:33:52.980988+00:00,2026-07-01T07:21:20.090043+00:00,2026-06-30,data/prospective/daily_qvp/snapshots/2026-07-01T053352Z/raw,1081,1043,144e01281e848a2a4c711cb0058eddc75099bb40,d3881a1328862a39dc4af32e15c4826237a09adca2da7038eafb5659ddb68bb4,8bda06ce0251beedd6a5f2cd61a08ef37682841102d3b9d86a1ab602640baf4e,LEN,True,True,overlap,eligible_in_both_retrievals,True
2026-07-01T053352Z,2026-07-01T05:33:52.980988+00:00,2026-07-01T07:21:20.090043+00:00,2026-06-30,data/prospective/daily_qvp/snapshots/2026-07-01T053352Z/raw,1081,1043,144e01281e848a2a4c711cb0058eddc75099bb40,d3881a1328862a39dc4af32e15c4826237a09adca2da7038eafb5659ddb68bb4,8bda06ce0251beedd6a5f2cd61a08ef37682841102d3b9d86a1ab602640baf4e,LEU,True,True,overlap,eligible_in_both_retrievals,True
2026-07-01T053352Z,2026-07-01T05:33:52.980988+00:00,2026-07-01T07:21:20.090043+00:00,2026-06-30,data/prospective/daily_qvp/snapshots/2026-07-01T053352Z/raw,1081,1043,144e01281e848a2a4c711cb0058eddc75099bb40,d3881a1328862a39dc4af32e15c4826237a09adca2da7038eafb5659ddb68bb4,8bda06ce0251beedd6a5f2cd61a08ef37682841102d3b9d86a1ab602640baf4e,LEVI,True,True,overlap,eligible_in_both_retrievals,True
2026-07-01T053352Z,2026-07-01T05:33:52.980988+00:00,2026-07-01T07:21:20.090043+00:00,2026-06-30,data/prospective/daily_qvp/snapshots/2026-07-01T053352Z/raw,1081,1043,144e01281e848a2a4c711cb0058eddc75099bb40,d3881a1328862a39dc4af32e15c4826237a09adca2da7038eafb5659ddb68bb4,8bda06ce0251beedd6a5f2cd61a08ef37682841102d3b9d86a1ab602640baf4e,LFST,True,True,overlap,eligible_in_both_retrievals,True
2026-07-01T053352Z,2026-07-01T05:33:52.980988+00:00,2026-07-01T07:21:20.090043+00:00,2026-06-30,data/prospective/daily_qvp/snapshots/2026-07-01T053352Z/raw,1081,1043,144e01281e848a2a4c711cb0058eddc75099bb40,d3881a1328862a39dc4af32e15c4826237a09adca2da7038eafb5659ddb68bb4,8bda06ce0251beedd6a5f2cd61a08ef37682841102d3b9d86a1ab602640baf4e,LFUS,True,True,overlap,eligible_in_both_retrievals,True
2026-07-01T053352Z,2026-07-01T05:33:52.980988+00:00,2026-07-01T07:21:20.090043+00:00,2026-06-30,data/prospective/daily_qvp/snapshots/2026-07-01T053352Z/raw,1081,1043,144e01281e848a2a4c711cb0058eddc75099bb40,d3881a1328862a39dc4af32e15c4826237a09adca2da7038eafb5659ddb68bb4,8bda06ce0251beedd6a5f2cd61a08ef37682841102d3b9d86a1ab602640baf4e,LH,True,True,overlap,eligible_in_both_retrievals,True
2026-07-01T053352Z,2026-07-01T05:33:52.980988+00:00,2026-07-01T07:21:20.090043+00:00,2026-06-30,data/prospective/daily_qvp/snapshots/2026-07-01T053352Z/raw,1081,1043,144e01281e848a2a4c711cb0058eddc75099bb40,d3881a1328862a39dc4af32e15c4826237a09adca2da7038eafb5659ddb68bb4,8bda06ce0251beedd6a5f2cd61a08ef37682841102d3b9d86a1ab602640baf4e,LHX,True,True,overlap,eligible_in_both_retrievals,True
2026-07-01T053352Z,2026-07-01T05:33:52.980988+00:00,2026-07-01T07:21:20.090043+00:00,2026-06-30,data/prospective/daily_qvp/snapshots/2026-07-01T053352Z/raw,1081,1043,144e01281e848a2a4c711cb0058eddc75099bb40,d3881a1328862a39dc4af32e15c4826237a09adca2da7038eafb5659ddb68bb4,8bda06ce0251beedd6a5f2cd61a08ef37682841102d3b9d86a1ab602640baf4e,LIF,True,True,overlap,eligible_in_both_retrievals,True
2026-07-01T053352Z,2026-07-01T05:33:52.980988+00:00,2026-07-01T07:21:20.090043+00:00,2026-06-30,data/prospective/daily_qvp/snapshots/2026-07-01T053352Z/raw,1081,1043,144e01281e848a2a4c711cb0058eddc75099bb40,d3881a1328862a39dc4af32e15c4826237a09adca2da7038eafb5659ddb68bb4,8bda06ce0251beedd6a5f2cd61a08ef37682841102d3b9d86a1ab602640baf4e,LII,True,True,overlap,eligible_in_both_retrievals,True
2026-07-01T053352Z,2026-07-01T05:33:52.980988+00:00,2026-07-01T07:21:20.090043+00:00,2026-06-30,data/prospective/daily_qvp/snapshots/2026-07-01T053352Z/raw,1081,1043,144e01281e848a2a4c711cb0058eddc75099bb40,d3881a1328862a39dc4af32e15c4826237a09adca2da7038eafb5659ddb68bb4,8bda06ce0251beedd6a5f2cd61a08ef37682841102d3b9d86a1ab602640baf4e,LITE,True,True,overlap,eligible_in_both_retrievals,True
2026-07-01T053352Z,2026-07-01T05:33:52.980988+00:00,2026-07-01T07:21:20.090043+00:00,2026-06-30,data/prospective/daily_qvp/snapshots/2026-07-01T053352Z/raw,1081,1043,144e01281e848a2a4c711cb0058eddc75099bb40,d3881a1328862a39dc4af32e15c4826237a09adca2da7038eafb5659ddb68bb4,8bda06ce0251beedd6a5f2cd61a08ef37682841102d3b9d86a1ab602640baf4e,LKQ,True,True,overlap,eligible_in_both_retrievals,True
2026-07-01T053352Z,2026-07-01T05:33:52.980988+00:00,2026-07-01T07:21:20.090043+00:00,2026-06-30,data/prospective/daily_qvp/snapshots/2026-07-01T053352Z/raw,1081,1043,144e01281e848a2a4c711cb0058eddc75099bb40,d3881a1328862a39dc4af32e15c4826237a09adca2da7038eafb5659ddb68bb4,8bda06ce0251beedd6a5f2cd61a08ef37682841102d3b9d86a1ab602640baf4e,LLY,True,True,overlap,eligible_in_both_retrievals,True
2026-07-01T053352Z,2026-07-01T05:33:52.980988+00:00,2026-07-01T07:21:20.090043+00:00,2026-06-30,data/prospective/daily_qvp/snapshots/2026-07-01T053352Z/raw,1081,1043,144e01281e848a2a4c711cb0058eddc75099bb40,d3881a1328862a39dc4af32e15c4826237a09adca2da7038eafb5659ddb68bb4,8bda06ce0251beedd6a5f2cd61a08ef37682841102d3b9d86a1ab602640baf4e,LLYVK,True,True,overlap,eligible_in_both_retrievals,True
2026-07-01T053352Z,2026-07-01T05:33:52.980988+00:00,2026-07-01T07:21:20.090043+00:00,2026-06-30,data/prospective/daily_qvp/snapshots/2026-07-01T053352Z/raw,1081,1043,144e01281e848a2a4c711cb0058eddc75099bb40,d3881a1328862a39dc4af32e15c4826237a09adca2da7038eafb5659ddb68bb4,8bda06ce0251beedd6a5f2cd61a08ef37682841102d3b9d86a1ab602640baf4e,LMT,True,True,overlap,eligible_in_both_retrievals,True
2026-07-01T053352Z,2026-07-01T05:33:52.980988+00:00,2026-07-01T07:21:20.090043+00:00,2026-06-30,data/prospective/daily_qvp/snapshots/2026-07-01T053352Z/raw,1081,1043,144e01281e848a2a4c711cb0058eddc75099bb40,d3881a1328862a39dc4af32e15c4826237a09adca2da7038eafb5659ddb68bb4,8bda06ce0251beedd6a5f2cd61a08ef37682841102d3b9d86a1ab602640baf4e,LNG,True,True,overlap,eligible_in_both_retrievals,True
2026-07-01T053352Z,2026-07-01T05:33:52.980988+00:00,2026-07-01T07:21:20.090043+00:00,2026-06-30,data/prospective/daily_qvp/snapshots/2026-07-01T053352Z/raw,1081,1043,144e01281e848a2a4c711cb0058eddc75099bb40,d3881a1328862a39dc4af32e15c4826237a09adca2da7038eafb5659ddb68bb4,8bda06ce0251beedd6a5f2cd61a08ef37682841102d3b9d86a1ab602640baf4e,LNT,True,True,overlap,eligible_in_both_retrievals,True
2026-07-01T053352Z,2026-07-01T05:33:52.980988+00:00,2026-07-01T07:21:20.090043+00:00,2026-06-30,data/prospective/daily_qvp/snapshots/2026-07-01T053352Z/raw,1081,1043,144e01281e848a2a4c711cb0058eddc75099bb40,d3881a1328862a39dc4af32e15c4826237a09adca2da7038eafb5659ddb68bb4,8bda06ce0251beedd6a5f2cd61a08ef37682841102d3b9d86a1ab602640baf4e,LOAR,True,True,overlap,eligible_in_both_retrievals,True
2026-07-01T053352Z,2026-07-01T05:33:52.980988+00:00,2026-07-01T07:21:20.090043+00:00,2026-06-30,data/prospective/daily_qvp/snapshots/2026-07-01T053352Z/raw,1081,1043,144e01281e848a2a4c711cb0058eddc75099bb40,d3881a1328862a39dc4af32e15c4826237a09adca2da7038eafb5659ddb68bb4,8bda06ce0251beedd6a5f2cd61a08ef37682841102d3b9d86a1ab602640baf4e,LOPE,True,True,overlap,eligible_in_both_retrievals,True
2026-07-01T053352Z,2026-07-01T05:33:52.980988+00:00,2026-07-01T07:21:20.090043+00:00,2026-06-30,data/prospective/daily_qvp/snapshots/2026-07-01T053352Z/raw,1081,1043,144e01281e848a2a4c711cb0058eddc75099bb40,d3881a1328862a39dc4af32e15c4826237a09adca2da7038eafb5659ddb68bb4,8bda06ce0251beedd6a5f2cd61a08ef37682841102d3b9d86a1ab602640baf4e,LOW,True,True,overlap,eligible_in_both_retrievals,True
2026-07-01T053352Z,2026-07-01T05:33:52.980988+00:00,2026-07-01T07:21:20.090043+00:00,2026-06-30,data/prospective/daily_qvp/snapshots/2026-07-01T053352Z/raw,1081,1043,144e01281e848a2a4c711cb0058eddc75099bb40,d3881a1328862a39dc4af32e15c4826237a09adca2da7038eafb5659ddb68bb4,8bda06ce0251beedd6a5f2cd61a08ef37682841102d3b9d86a1ab602640baf4e,LPX,True,True,overlap,eligible_in_both_retrievals,True
2026-07-01T053352Z,2026-07-01T05:33:52.980988+00:00,2026-07-01T07:21:20.090043+00:00,2026-06-30,data/prospective/daily_qvp/snapshots/2026-07-01T053352Z/raw,1081,1043,144e01281e848a2a4c711cb0058eddc75099bb40,d3881a1328862a39dc4af32e15c4826237a09adca2da7038eafb5659ddb68bb4,8bda06ce0251beedd6a5f2cd61a08ef37682841102d3b9d86a1ab602640baf4e,LRCX,True,True,overlap,eligible_in_both_retrievals,True
2026-07-01T053352Z,2026-07-01T05:33:52.980988+00:00,2026-07-01T07:21:20.090043+00:00,2026-06-30,data/prospective/daily_qvp/snapshots/2026-07-01T053352Z/raw,1081,1043,144e01281e848a2a4c711cb0058eddc75099bb40,d3881a1328862a39dc4af32e15c4826237a09adca2da7038eafb5659ddb68bb4,8bda06ce0251beedd6a5f2cd61a08ef37682841102d3b9d86a1ab602640baf4e,LRN,True,True,overlap,eligible_in_both_retrievals,True
2026-07-01T053352Z,2026-07-01T05:33:52.980988+00:00,2026-07-01T07:21:20.090043+00:00,2026-06-30,data/prospective/daily_qvp/snapshots/2026-07-01T053352Z/raw,1081,1043,144e01281e848a2a4c711cb0058eddc75099bb40,d3881a1328862a39dc4af32e15c4826237a09adca2da7038eafb5659ddb68bb4,8bda06ce0251beedd6a5f2cd61a08ef37682841102d3b9d86a1ab602640baf4e,LSCC,True,True,overlap,eligible_in_both_retrievals,True
2026-07-01T053352Z,2026-07-01T05:33:52.980988+00:00,2026-07-01T07:21:20.090043+00:00,2026-06-30,data/prospective/daily_qvp/snapshots/2026-07-01T053352Z/raw,1081,1043,144e01281e848a2a4c711cb0058eddc75099bb40,d3881a1328862a39dc4af32e15c4826237a09adca2da7038eafb5659ddb68bb4,8bda06ce0251beedd6a5f2cd61a08ef37682841102d3b9d86a1ab602640baf4e,LSTR,True,True,overlap,eligible_in_both_retrievals,True
2026-07-01T053352Z,2026-07-01T05:33:52.980988+00:00,2026-07-01T07:21:20.090043+00:00,2026-06-30,data/prospective/daily_qvp/snapshots/2026-07-01T053352Z/raw,1081,1043,144e01281e848a2a4c711cb0058eddc75099bb40,d3881a1328862a39dc4af32e15c4826237a09adca2da7038eafb5659ddb68bb4,8bda06ce0251beedd6a5f2cd61a08ef37682841102d3b9d86a1ab602640baf4e,LTH,True,True,overlap,eligible_in_both_retrievals,True
2026-07-01T053352Z,2026-07-01T05:33:52.980988+00:00,2026-07-01T07:21:20.090043+00:00,2026-06-30,data/prospective/daily_qvp/snapshots/2026-07-01T053352Z/raw,1081,1043,144e01281e848a2a4c711cb0058eddc75099bb40,d3881a1328862a39dc4af32e15c4826237a09adca2da7038eafb5659ddb68bb4,8bda06ce0251beedd6a5f2cd61a08ef37682841102d3b9d86a1ab602640baf4e,LUMN,True,True,overlap,eligible_in_both_retrievals,True
2026-07-01T053352Z,2026-07-01T05:33:52.980988+00:00,2026-07-01T07:21:20.090043+00:00,2026-06-30,data/prospective/daily_qvp/snapshots/2026-07-01T053352Z/raw,1081,1043,144e01281e848a2a4c711cb0058eddc75099bb40,d3881a1328862a39dc4af32e15c4826237a09adca2da7038eafb5659ddb68bb4,8bda06ce0251beedd6a5f2cd61a08ef37682841102d3b9d86a1ab602640baf4e,LUV,True,True,overlap,eligible_in_both_retrievals,True
2026-07-01T053352Z,2026-07-01T05:33:52.980988+00:00,2026-07-01T07:21:20.090043+00:00,2026-06-30,data/prospective/daily_qvp/snapshots/2026-07-01T053352Z/raw,1081,1043,144e01281e848a2a4c711cb0058eddc75099bb40,d3881a1328862a39dc4af32e15c4826237a09adca2da7038eafb5659ddb68bb4,8bda06ce0251beedd6a5f2cd61a08ef37682841102d3b9d86a1ab602640baf4e,LVS,True,True,overlap,eligible_in_both_retrievals,True
2026-07-01T053352Z,2026-07-01T05:33:52.980988+00:00,2026-07-01T07:21:20.090043+00:00,2026-06-30,data/prospective/daily_qvp/snapshots/2026-07-01T053352Z/raw,1081,1043,144e01281e848a2a4c711cb0058eddc75099bb40,d3881a1328862a39dc4af32e15c4826237a09adca2da7038eafb5659ddb68bb4,8bda06ce0251beedd6a5f2cd61a08ef37682841102d3b9d86a1ab602640baf4e,LW,True,True,overlap,eligible_in_both_retrievals,True
2026-07-01T053352Z,2026-07-01T05:33:52.980988+00:00,2026-07-01T07:21:20.090043+00:00,2026-06-30,data/prospective/daily_qvp/snapshots/2026-07-01T053352Z/raw,1081,1043,144e01281e848a2a4c711cb0058eddc75099bb40,d3881a1328862a39dc4af32e15c4826237a09adca2da7038eafb5659ddb68bb4,8bda06ce0251beedd6a5f2cd61a08ef37682841102d3b9d86a1ab602640baf4e,LYFT,True,True,overlap,eligible_in_both_retrievals,True
2026-07-01T053352Z,2026-07-01T05:33:52.980988+00:00,2026-07-01T07:21:20.090043+00:00,2026-06-30,data/prospective/daily_qvp/snapshots/2026-07-01T053352Z/raw,1081,1043,144e01281e848a2a4c711cb0058eddc75099bb40,d3881a1328862a39dc4af32e15c4826237a09adca2da7038eafb5659ddb68bb4,8bda06ce0251beedd6a5f2cd61a08ef37682841102d3b9d86a1ab602640baf4e,LYV,True,True,overlap,eligible_in_both_retrievals,True
2026-07-01T053352Z,2026-07-01T05:33:52.980988+00:00,2026-07-01T07:21:20.090043+00:00,2026-06-30,data/prospective/daily_qvp/snapshots/2026-07-01T053352Z/raw,1081,1043,144e01281e848a2a4c711cb0058eddc75099bb40,d3881a1328862a39dc4af32e15c4826237a09adca2da7038eafb5659ddb68bb4,8bda06ce0251beedd6a5f2cd61a08ef37682841102d3b9d86a1ab602640baf4e,M,True,True,overlap,eligible_in_both_retrievals,True
2026-07-01T053352Z,2026-07-01T05:33:52.980988+00:00,2026-07-01T07:21:20.090043+00:00,2026-06-30,data/prospective/daily_qvp/snapshots/2026-07-01T053352Z/raw,1081,1043,144e01281e848a2a4c711cb0058eddc75099bb40,d3881a1328862a39dc4af32e15c4826237a09adca2da7038eafb5659ddb68bb4,8bda06ce0251beedd6a5f2cd61a08ef37682841102d3b9d86a1ab602640baf4e,MANH,True,True,overlap,eligible_in_both_retrievals,True
2026-07-01T053352Z,2026-07-01T05:33:52.980988+00:00,2026-07-01T07:21:20.090043+00:00,2026-06-30,data/prospective/daily_qvp/snapshots/2026-07-01T053352Z/raw,1081,1043,144e01281e848a2a4c711cb0058eddc75099bb40,d3881a1328862a39dc4af32e15c4826237a09adca2da7038eafb5659ddb68bb4,8bda06ce0251beedd6a5f2cd61a08ef37682841102d3b9d86a1ab602640baf4e,MAR,True,True,overlap,eligible_in_both_retrievals,True
2026-07-01T053352Z,2026-07-01T05:33:52.980988+00:00,2026-07-01T07:21:20.090043+00:00,2026-06-30,data/prospective/daily_qvp/snapshots/2026-07-01T053352Z/raw,1081,1043,144e01281e848a2a4c711cb0058eddc75099bb40,d3881a1328862a39dc4af32e15c4826237a09adca2da7038eafb5659ddb68bb4,8bda06ce0251beedd6a5f2cd61a08ef37682841102d3b9d86a1ab602640baf4e,MAS,True,True,overlap,eligible_in_both_retrievals,True
2026-07-01T053352Z,2026-07-01T05:33:52.980988+00:00,2026-07-01T07:21:20.090043+00:00,2026-06-30,data/prospective/daily_qvp/snapshots/2026-07-01T053352Z/raw,1081,1043,144e01281e848a2a4c711cb0058eddc75099bb40,d3881a1328862a39dc4af32e15c4826237a09adca2da7038eafb5659ddb68bb4,8bda06ce0251beedd6a5f2cd61a08ef37682841102d3b9d86a1ab602640baf4e,MAT,True,True,overlap,eligible_in_both_retrievals,True
2026-07-01T053352Z,2026-07-01T05:33:52.980988+00:00,2026-07-01T07:21:20.090043+00:00,2026-06-30,data/prospective/daily_qvp/snapshots/2026-07-01T053352Z/raw,1081,1043,144e01281e848a2a4c711cb0058eddc75099bb40,d3881a1328862a39dc4af32e15c4826237a09adca2da7038eafb5659ddb68bb4,8bda06ce0251beedd6a5f2cd61a08ef37682841102d3b9d86a1ab602640baf4e,MATX,True,True,overlap,eligible_in_both_retrievals,True
2026-07-01T053352Z,2026-07-01T05:33:52.980988+00:00,2026-07-01T07:21:20.090043+00:00,2026-06-30,data/prospective/daily_qvp/snapshots/2026-07-01T053352Z/raw,1081,1043,144e01281e848a2a4c711cb0058eddc75099bb40,d3881a1328862a39dc4af32e15c4826237a09adca2da7038eafb5659ddb68bb4,8bda06ce0251beedd6a5f2cd61a08ef37682841102d3b9d86a1ab602640baf4e,MCD,True,True,overlap,eligible_in_both_retrievals,True
2026-07-01T053352Z,2026-07-01T05:33:52.980988+00:00,2026-07-01T07:21:20.090043+00:00,2026-06-30,data/prospective/daily_qvp/snapshots/2026-07-01T053352Z/raw,1081,1043,144e01281e848a2a4c711cb0058eddc75099bb40,d3881a1328862a39dc4af32e15c4826237a09adca2da7038eafb5659ddb68bb4,8bda06ce0251beedd6a5f2cd61a08ef37682841102d3b9d86a1ab602640baf4e,MCHP,True,True,overlap,eligible_in_both_retrievals,True
2026-07-01T053352Z,2026-07-01T05:33:52.980988+00:00,2026-07-01T07:21:20.090043+00:00,2026-06-30,data/prospective/daily_qvp/snapshots/2026-07-01T053352Z/raw,1081,1043,144e01281e848a2a4c711cb0058eddc75099bb40,d3881a1328862a39dc4af32e15c4826237a09adca2da7038eafb5659ddb68bb4,8bda06ce0251beedd6a5f2cd61a08ef37682841102d3b9d86a1ab602640baf4e,MCK,True,True,overlap,eligible_in_both_retrievals,True
2026-07-01T053352Z,2026-07-01T05:33:52.980988+00:00,2026-07-01T07:21:20.090043+00:00,2026-06-30,data/prospective/daily_qvp/snapshots/2026-07-01T053352Z/raw,1081,1043,144e01281e848a2a4c711cb0058eddc75099bb40,d3881a1328862a39dc4af32e15c4826237a09adca2da7038eafb5659ddb68bb4,8bda06ce0251beedd6a5f2cd61a08ef37682841102d3b9d86a1ab602640baf4e,MD,False,True,new_addition,recovered_by_essential_field_and_504_observation_retries_after_old_silent_enrichment_failure,True
2026-07-01T053352Z,2026-07-01T05:33:52.980988+00:00,2026-07-01T07:21:20.090043+00:00,2026-06-30,data/prospective/daily_qvp/snapshots/2026-07-01T053352Z/raw,1081,1043,144e01281e848a2a4c711cb0058eddc75099bb40,d3881a1328862a39dc4af32e15c4826237a09adca2da7038eafb5659ddb68bb4,8bda06ce0251beedd6a5f2cd61a08ef37682841102d3b9d86a1ab602640baf4e,MDGL,True,True,overlap,eligible_in_both_retrievals,True
2026-07-01T053352Z,2026-07-01T05:33:52.980988+00:00,2026-07-01T07:21:20.090043+00:00,2026-06-30,data/prospective/daily_qvp/snapshots/2026-07-01T053352Z/raw,1081,1043,144e01281e848a2a4c711cb0058eddc75099bb40,d3881a1328862a39dc4af32e15c4826237a09adca2da7038eafb5659ddb68bb4,8bda06ce0251beedd6a5f2cd61a08ef37682841102d3b9d86a1ab602640baf4e,MDLZ,True,True,overlap,eligible_in_both_retrievals,True
2026-07-01T053352Z,2026-07-01T05:33:52.980988+00:00,2026-07-01T07:21:20.090043+00:00,2026-06-30,data/prospective/daily_qvp/snapshots/2026-07-01T053352Z/raw,1081,1043,144e01281e848a2a4c711cb0058eddc75099bb40,d3881a1328862a39dc4af32e15c4826237a09adca2da7038eafb5659ddb68bb4,8bda06ce0251beedd6a5f2cd61a08ef37682841102d3b9d86a1ab602640baf4e,MDU,True,True,overlap,eligible_in_both_retrievals,True
2026-07-01T053352Z,2026-07-01T05:33:52.980988+00:00,2026-07-01T07:21:20.090043+00:00,2026-06-30,data/prospective/daily_qvp/snapshots/2026-07-01T053352Z/raw,1081,1043,144e01281e848a2a4c711cb0058eddc75099bb40,d3881a1328862a39dc4af32e15c4826237a09adca2da7038eafb5659ddb68bb4,8bda06ce0251beedd6a5f2cd61a08ef37682841102d3b9d86a1ab602640baf4e,MEDP,True,True,overlap,eligible_in_both_retrievals,True
2026-07-01T053352Z,2026-07-01T05:33:52.980988+00:00,2026-07-01T07:21:20.090043+00:00,2026-06-30,data/prospective/daily_qvp/snapshots/2026-07-01T053352Z/raw,1081,1043,144e01281e848a2a4c711cb0058eddc75099bb40,d3881a1328862a39dc4af32e15c4826237a09adca2da7038eafb5659ddb68bb4,8bda06ce0251beedd6a5f2cd61a08ef37682841102d3b9d86a1ab602640baf4e,META,True,True,overlap,eligible_in_both_retrievals,True
2026-07-01T053352Z,2026-07-01T05:33:52.980988+00:00,2026-07-01T07:21:20.090043+00:00,2026-06-30,data/prospective/daily_qvp/snapshots/2026-07-01T053352Z/raw,1081,1043,144e01281e848a2a4c711cb0058eddc75099bb40,d3881a1328862a39dc4af32e15c4826237a09adca2da7038eafb5659ddb68bb4,8bda06ce0251beedd6a5f2cd61a08ef37682841102d3b9d86a1ab602640baf4e,MGEE,True,True,overlap,eligible_in_both_retrievals,True
2026-07-01T053352Z,2026-07-01T05:33:52.980988+00:00,2026-07-01T07:21:20.090043+00:00,2026-06-30,data/prospective/daily_qvp/snapshots/2026-07-01T053352Z/raw,1081,1043,144e01281e848a2a4c711cb0058eddc75099bb40,d3881a1328862a39dc4af32e15c4826237a09adca2da7038eafb5659ddb68bb4,8bda06ce0251beedd6a5f2cd61a08ef37682841102d3b9d86a1ab602640baf4e,MGM,True,True,overlap,eligible_in_both_retrievals,True
2026-07-01T053352Z,2026-07-01T05:33:52.980988+00:00,2026-07-01T07:21:20.090043+00:00,2026-06-30,data/prospective/daily_qvp/snapshots/2026-07-01T053352Z/raw,1081,1043,144e01281e848a2a4c711cb0058eddc75099bb40,d3881a1328862a39dc4af32e15c4826237a09adca2da7038eafb5659ddb68bb4,8bda06ce0251beedd6a5f2cd61a08ef37682841102d3b9d86a1ab602640baf4e,MGNI,True,True,overlap,eligible_in_both_retrievals,True
2026-07-01T053352Z,2026-07-01T05:33:52.980988+00:00,2026-07-01T07:21:20.090043+00:00,2026-06-30,data/prospective/daily_qvp/snapshots/2026-07-01T053352Z/raw,1081,1043,144e01281e848a2a4c711cb0058eddc75099bb40,d3881a1328862a39dc4af32e15c4826237a09adca2da7038eafb5659ddb68bb4,8bda06ce0251beedd6a5f2cd61a08ef37682841102d3b9d86a1ab602640baf4e,MGRC,True,True,overlap,eligible_in_both_retrievals,True
2026-07-01T053352Z,2026-07-01T05:33:52.980988+00:00,2026-07-01T07:21:20.090043+00:00,2026-06-30,data/prospective/daily_qvp/snapshots/2026-07-01T053352Z/raw,1081,1043,144e01281e848a2a4c711cb0058eddc75099bb40,d3881a1328862a39dc4af32e15c4826237a09adca2da7038eafb5659ddb68bb4,8bda06ce0251beedd6a5f2cd61a08ef37682841102d3b9d86a1ab602640baf4e,MGY,True,True,overlap,eligible_in_both_retrievals,True
2026-07-01T053352Z,2026-07-01T05:33:52.980988+00:00,2026-07-01T07:21:20.090043+00:00,2026-06-30,data/prospective/daily_qvp/snapshots/2026-07-01T053352Z/raw,1081,1043,144e01281e848a2a4c711cb0058eddc75099bb40,d3881a1328862a39dc4af32e15c4826237a09adca2da7038eafb5659ddb68bb4,8bda06ce0251beedd6a5f2cd61a08ef37682841102d3b9d86a1ab602640baf4e,MHK,True,True,overlap,eligible_in_both_retrievals,True
2026-07-01T053352Z,2026-07-01T05:33:52.980988+00:00,2026-07-01T07:21:20.090043+00:00,2026-06-30,data/prospective/daily_qvp/snapshots/2026-07-01T053352Z/raw,1081,1043,144e01281e848a2a4c711cb0058eddc75099bb40,d3881a1328862a39dc4af32e15c4826237a09adca2da7038eafb5659ddb68bb4,8bda06ce0251beedd6a5f2cd61a08ef37682841102d3b9d86a1ab602640baf4e,MHO,True,True,overlap,eligible_in_both_retrievals,True
2026-07-01T053352Z,2026-07-01T05:33:52.980988+00:00,2026-07-01T07:21:20.090043+00:00,2026-06-30,data/prospective/daily_qvp/snapshots/2026-07-01T053352Z/raw,1081,1043,144e01281e848a2a4c711cb0058eddc75099bb40,d3881a1328862a39dc4af32e15c4826237a09adca2da7038eafb5659ddb68bb4,8bda06ce0251beedd6a5f2cd61a08ef37682841102d3b9d86a1ab602640baf4e,MIDD,True,True,overlap,eligible_in_both_retrievals,True
2026-07-01T053352Z,2026-07-01T05:33:52.980988+00:00,2026-07-01T07:21:20.090043+00:00,2026-06-30,data/prospective/daily_qvp/snapshots/2026-07-01T053352Z/raw,1081,1043,144e01281e848a2a4c711cb0058eddc75099bb40,d3881a1328862a39dc4af32e15c4826237a09adca2da7038eafb5659ddb68bb4,8bda06ce0251beedd6a5f2cd61a08ef37682841102d3b9d86a1ab602640baf4e,MIR,True,True,overlap,eligible_in_both_retrievals,True
2026-07-01T053352Z,2026-07-01T05:33:52.980988+00:00,2026-07-01T07:21:20.090043+00:00,2026-06-30,data/prospective/daily_qvp/snapshots/2026-07-01T053352Z/raw,1081,1043,144e01281e848a2a4c711cb0058eddc75099bb40,d3881a1328862a39dc4af32e15c4826237a09adca2da7038eafb5659ddb68bb4,8bda06ce0251beedd6a5f2cd61a08ef37682841102d3b9d86a1ab602640baf4e,MKC,True,True,overlap,eligible_in_both_retrievals,True
2026-07-01T053352Z,2026-07-01T05:33:52.980988+00:00,2026-07-01T07:21:20.090043+00:00,2026-06-30,data/prospective/daily_qvp/snapshots/2026-07-01T053352Z/raw,1081,1043,144e01281e848a2a4c711cb0058eddc75099bb40,d3881a1328862a39dc4af32e15c4826237a09adca2da7038eafb5659ddb68bb4,8bda06ce0251beedd6a5f2cd61a08ef37682841102d3b9d86a1ab602640baf4e,MKSI,True,True,overlap,eligible_in_both_retrievals,True
2026-07-01T053352Z,2026-07-01T05:33:52.980988+00:00,2026-07-01T07:21:20.090043+00:00,2026-06-30,data/prospective/daily_qvp/snapshots/2026-07-01T053352Z/raw,1081,1043,144e01281e848a2a4c711cb0058eddc75099bb40,d3881a1328862a39dc4af32e15c4826237a09adca2da7038eafb5659ddb68bb4,8bda06ce0251beedd6a5f2cd61a08ef37682841102d3b9d86a1ab602640baf4e,MLI,True,True,overlap,eligible_in_both_retrievals,True
2026-07-01T053352Z,2026-07-01T05:33:52.980988+00:00,2026-07-01T07:21:20.090043+00:00,2026-06-30,data/prospective/daily_qvp/snapshots/2026-07-01T053352Z/raw,1081,1043,144e01281e848a2a4c711cb0058eddc75099bb40,d3881a1328862a39dc4af32e15c4826237a09adca2da7038eafb5659ddb68bb4,8bda06ce0251beedd6a5f2cd61a08ef37682841102d3b9d86a1ab602640baf4e,MLM,True,True,overlap,eligible_in_both_retrievals,True
2026-07-01T053352Z,2026-07-01T05:33:52.980988+00:00,2026-07-01T07:21:20.090043+00:00,2026-06-30,data/prospective/daily_qvp/snapshots/2026-07-01T053352Z/raw,1081,1043,144e01281e848a2a4c711cb0058eddc75099bb40,d3881a1328862a39dc4af32e15c4826237a09adca2da7038eafb5659ddb68bb4,8bda06ce0251beedd6a5f2cd61a08ef37682841102d3b9d86a1ab602640baf4e,MLYS,True,True,overlap,eligible_in_both_retrievals,False
2026-07-01T053352Z,2026-07-01T05:33:52.980988+00:00,2026-07-01T07:21:20.090043+00:00,2026-06-30,data/prospective/daily_qvp/snapshots/2026-07-01T053352Z/raw,1081,1043,144e01281e848a2a4c711cb0058eddc75099bb40,d3881a1328862a39dc4af32e15c4826237a09adca2da7038eafb5659ddb68bb4,8bda06ce0251beedd6a5f2cd61a08ef37682841102d3b9d86a1ab602640baf4e,MMM,True,True,overlap,eligible_in_both_retrievals,True
2026-07-01T053352Z,2026-07-01T05:33:52.980988+00:00,2026-07-01T07:21:20.090043+00:00,2026-06-30,data/prospective/daily_qvp/snapshots/2026-07-01T053352Z/raw,1081,1043,144e01281e848a2a4c711cb0058eddc75099bb40,d3881a1328862a39dc4af32e15c4826237a09adca2da7038eafb5659ddb68bb4,8bda06ce0251beedd6a5f2cd61a08ef37682841102d3b9d86a1ab602640baf4e,MMS,True,True,overlap,eligible_in_both_retrievals,True
2026-07-01T053352Z,2026-07-01T05:33:52.980988+00:00,2026-07-01T07:21:20.090043+00:00,2026-06-30,data/prospective/daily_qvp/snapshots/2026-07-01T053352Z/raw,1081,1043,144e01281e848a2a4c711cb0058eddc75099bb40,d3881a1328862a39dc4af32e15c4826237a09adca2da7038eafb5659ddb68bb4,8bda06ce0251beedd6a5f2cd61a08ef37682841102d3b9d86a1ab602640baf4e,MMSI,True,True,overlap,eligible_in_both_retrievals,True
2026-07-01T053352Z,2026-07-01T05:33:52.980988+00:00,2026-07-01T07:21:20.090043+00:00,2026-06-30,data/prospective/daily_qvp/snapshots/2026-07-01T053352Z/raw,1081,1043,144e01281e848a2a4c711cb0058eddc75099bb40,d3881a1328862a39dc4af32e15c4826237a09adca2da7038eafb5659ddb68bb4,8bda06ce0251beedd6a5f2cd61a08ef37682841102d3b9d86a1ab602640baf4e,MNR,True,False,removed,issuer_share_class_dedup,False
2026-07-01T053352Z,2026-07-01T05:33:52.980988+00:00,2026-07-01T07:21:20.090043+00:00,2026-06-30,data/prospective/daily_qvp/snapshots/2026-07-01T053352Z/raw,1081,1043,144e01281e848a2a4c711cb0058eddc75099bb40,d3881a1328862a39dc4af32e15c4826237a09adca2da7038eafb5659ddb68bb4,8bda06ce0251beedd6a5f2cd61a08ef37682841102d3b9d86a1ab602640baf4e,MNST,True,True,overlap,eligible_in_both_retrievals,True
2026-07-01T053352Z,2026-07-01T05:33:52.980988+00:00,2026-07-01T07:21:20.090043+00:00,2026-06-30,data/prospective/daily_qvp/snapshots/2026-07-01T053352Z/raw,1081,1043,144e01281e848a2a4c711cb0058eddc75099bb40,d3881a1328862a39dc4af32e15c4826237a09adca2da7038eafb5659ddb68bb4,8bda06ce0251beedd6a5f2cd61a08ef37682841102d3b9d86a1ab602640baf4e,MO,True,True,overlap,eligible_in_both_retrievals,True
2026-07-01T053352Z,2026-07-01T05:33:52.980988+00:00,2026-07-01T07:21:20.090043+00:00,2026-06-30,data/prospective/daily_qvp/snapshots/2026-07-01T053352Z/raw,1081,1043,144e01281e848a2a4c711cb0058eddc75099bb40,d3881a1328862a39dc4af32e15c4826237a09adca2da7038eafb5659ddb68bb4,8bda06ce0251beedd6a5f2cd61a08ef37682841102d3b9d86a1ab602640baf4e,MOD,True,True,overlap,eligible_in_both_retrievals,True
2026-07-01T053352Z,2026-07-01T05:33:52.980988+00:00,2026-07-01T07:21:20.090043+00:00,2026-06-30,data/prospective/daily_qvp/snapshots/2026-07-01T053352Z/raw,1081,1043,144e01281e848a2a4c711cb0058eddc75099bb40,d3881a1328862a39dc4af32e15c4826237a09adca2da7038eafb5659ddb68bb4,8bda06ce0251beedd6a5f2cd61a08ef37682841102d3b9d86a1ab602640baf4e,MOG-A,True,True,overlap,eligible_in_both_retrievals,True
2026-07-01T053352Z,2026-07-01T05:33:52.980988+00:00,2026-07-01T07:21:20.090043+00:00,2026-06-30,data/prospective/daily_qvp/snapshots/2026-07-01T053352Z/raw,1081,1043,144e01281e848a2a4c711cb0058eddc75099bb40,d3881a1328862a39dc4af32e15c4826237a09adca2da7038eafb5659ddb68bb4,8bda06ce0251beedd6a5f2cd61a08ef37682841102d3b9d86a1ab602640baf4e,MOH,True,True,overlap,eligible_in_both_retrievals,True
2026-07-01T053352Z,2026-07-01T05:33:52.980988+00:00,2026-07-01T07:21:20.090043+00:00,2026-06-30,data/prospective/daily_qvp/snapshots/2026-07-01T053352Z/raw,1081,1043,144e01281e848a2a4c711cb0058eddc75099bb40,d3881a1328862a39dc4af32e15c4826237a09adca2da7038eafb5659ddb68bb4,8bda06ce0251beedd6a5f2cd61a08ef37682841102d3b9d86a1ab602640baf4e,MOS,True,True,overlap,eligible_in_both_retrievals,True
2026-07-01T053352Z,2026-07-01T05:33:52.980988+00:00,2026-07-01T07:21:20.090043+00:00,2026-06-30,data/prospective/daily_qvp/snapshots/2026-07-01T053352Z/raw,1081,1043,144e01281e848a2a4c711cb0058eddc75099bb40,d3881a1328862a39dc4af32e15c4826237a09adca2da7038eafb5659ddb68bb4,8bda06ce0251beedd6a5f2cd61a08ef37682841102d3b9d86a1ab602640baf4e,MP,True,True,overlap,eligible_in_both_retrievals,True
2026-07-01T053352Z,2026-07-01T05:33:52.980988+00:00,2026-07-01T07:21:20.090043+00:00,2026-06-30,data/prospective/daily_qvp/snapshots/2026-07-01T053352Z/raw,1081,1043,144e01281e848a2a4c711cb0058eddc75099bb40,d3881a1328862a39dc4af32e15c4826237a09adca2da7038eafb5659ddb68bb4,8bda06ce0251beedd6a5f2cd61a08ef37682841102d3b9d86a1ab602640baf4e,MPC,True,True,overlap,eligible_in_both_retrievals,True
2026-07-01T053352Z,2026-07-01T05:33:52.980988+00:00,2026-07-01T07:21:20.090043+00:00,2026-06-30,data/prospective/daily_qvp/snapshots/2026-07-01T053352Z/raw,1081,1043,144e01281e848a2a4c711cb0058eddc75099bb40,d3881a1328862a39dc4af32e15c4826237a09adca2da7038eafb5659ddb68bb4,8bda06ce0251beedd6a5f2cd61a08ef37682841102d3b9d86a1ab602640baf4e,MPWR,True,True,overlap,eligible_in_both_retrievals,True
2026-07-01T053352Z,2026-07-01T05:33:52.980988+00:00,2026-07-01T07:21:20.090043+00:00,2026-06-30,data/prospective/daily_qvp/snapshots/2026-07-01T053352Z/raw,1081,1043,144e01281e848a2a4c711cb0058eddc75099bb40,d3881a1328862a39dc4af32e15c4826237a09adca2da7038eafb5659ddb68bb4,8bda06ce0251beedd6a5f2cd61a08ef37682841102d3b9d86a1ab602640baf4e,MRCY,True,True,overlap,eligible_in_both_retrievals,True
2026-07-01T053352Z,2026-07-01T05:33:52.980988+00:00,2026-07-01T07:21:20.090043+00:00,2026-06-30,data/prospective/daily_qvp/snapshots/2026-07-01T053352Z/raw,1081,1043,144e01281e848a2a4c711cb0058eddc75099bb40,d3881a1328862a39dc4af32e15c4826237a09adca2da7038eafb5659ddb68bb4,8bda06ce0251beedd6a5f2cd61a08ef37682841102d3b9d86a1ab602640baf4e,MRK,True,True,overlap,eligible_in_both_retrievals,True
2026-07-01T053352Z,2026-07-01T05:33:52.980988+00:00,2026-07-01T07:21:20.090043+00:00,2026-06-30,data/prospective/daily_qvp/snapshots/2026-07-01T053352Z/raw,1081,1043,144e01281e848a2a4c711cb0058eddc75099bb40,d3881a1328862a39dc4af32e15c4826237a09adca2da7038eafb5659ddb68bb4,8bda06ce0251beedd6a5f2cd61a08ef37682841102d3b9d86a1ab602640baf4e,MRNA,True,True,overlap,eligible_in_both_retrievals,True
2026-07-01T053352Z,2026-07-01T05:33:52.980988+00:00,2026-07-01T07:21:20.090043+00:00,2026-06-30,data/prospective/daily_qvp/snapshots/2026-07-01T053352Z/raw,1081,1043,144e01281e848a2a4c711cb0058eddc75099bb40,d3881a1328862a39dc4af32e15c4826237a09adca2da7038eafb5659ddb68bb4,8bda06ce0251beedd6a5f2cd61a08ef37682841102d3b9d86a1ab602640baf4e,MRVL,True,True,overlap,eligible_in_both_retrievals,True
2026-07-01T053352Z,2026-07-01T05:33:52.980988+00:00,2026-07-01T07:21:20.090043+00:00,2026-06-30,data/prospective/daily_qvp/snapshots/2026-07-01T053352Z/raw,1081,1043,144e01281e848a2a4c711cb0058eddc75099bb40,d3881a1328862a39dc4af32e15c4826237a09adca2da7038eafb5659ddb68bb4,8bda06ce0251beedd6a5f2cd61a08ef37682841102d3b9d86a1ab602640baf4e,MSA,True,True,overlap,eligible_in_both_retrievals,True
2026-07-01T053352Z,2026-07-01T05:33:52.980988+00:00,2026-07-01T07:21:20.090043+00:00,2026-06-30,data/prospective/daily_qvp/snapshots/2026-07-01T053352Z/raw,1081,1043,144e01281e848a2a4c711cb0058eddc75099bb40,d3881a1328862a39dc4af32e15c4826237a09adca2da7038eafb5659ddb68bb4,8bda06ce0251beedd6a5f2cd61a08ef37682841102d3b9d86a1ab602640baf4e,MSFT,True,True,overlap,eligible_in_both_retrievals,True
2026-07-01T053352Z,2026-07-01T05:33:52.980988+00:00,2026-07-01T07:21:20.090043+00:00,2026-06-30,data/prospective/daily_qvp/snapshots/2026-07-01T053352Z/raw,1081,1043,144e01281e848a2a4c711cb0058eddc75099bb40,d3881a1328862a39dc4af32e15c4826237a09adca2da7038eafb5659ddb68bb4,8bda06ce0251beedd6a5f2cd61a08ef37682841102d3b9d86a1ab602640baf4e,MSGE,True,True,overlap,eligible_in_both_retrievals,True
2026-07-01T053352Z,2026-07-01T05:33:52.980988+00:00,2026-07-01T07:21:20.090043+00:00,2026-06-30,data/prospective/daily_qvp/snapshots/2026-07-01T053352Z/raw,1081,1043,144e01281e848a2a4c711cb0058eddc75099bb40,d3881a1328862a39dc4af32e15c4826237a09adca2da7038eafb5659ddb68bb4,8bda06ce0251beedd6a5f2cd61a08ef37682841102d3b9d86a1ab602640baf4e,MSGS,True,True,overlap,eligible_in_both_retrievals,True
2026-07-01T053352Z,2026-07-01T05:33:52.980988+00:00,2026-07-01T07:21:20.090043+00:00,2026-06-30,data/prospective/daily_qvp/snapshots/2026-07-01T053352Z/raw,1081,1043,144e01281e848a2a4c711cb0058eddc75099bb40,d3881a1328862a39dc4af32e15c4826237a09adca2da7038eafb5659ddb68bb4,8bda06ce0251beedd6a5f2cd61a08ef37682841102d3b9d86a1ab602640baf4e,MSI,True,True,overlap,eligible_in_both_retrievals,True
2026-07-01T053352Z,2026-07-01T05:33:52.980988+00:00,2026-07-01T07:21:20.090043+00:00,2026-06-30,data/prospective/daily_qvp/snapshots/2026-07-01T053352Z/raw,1081,1043,144e01281e848a2a4c711cb0058eddc75099bb40,d3881a1328862a39dc4af32e15c4826237a09adca2da7038eafb5659ddb68bb4,8bda06ce0251beedd6a5f2cd61a08ef37682841102d3b9d86a1ab602640baf4e,MSM,True,True,overlap,eligible_in_both_retrievals,True
2026-07-01T053352Z,2026-07-01T05:33:52.980988+00:00,2026-07-01T07:21:20.090043+00:00,2026-06-30,data/prospective/daily_qvp/snapshots/2026-07-01T053352Z/raw,1081,1043,144e01281e848a2a4c711cb0058eddc75099bb40,d3881a1328862a39dc4af32e15c4826237a09adca2da7038eafb5659ddb68bb4,8bda06ce0251beedd6a5f2cd61a08ef37682841102d3b9d86a1ab602640baf4e,MSTR,True,True,overlap,eligible_in_both_retrievals,True
2026-07-01T053352Z,2026-07-01T05:33:52.980988+00:00,2026-07-01T07:21:20.090043+00:00,2026-06-30,data/prospective/daily_qvp/snapshots/2026-07-01T053352Z/raw,1081,1043,144e01281e848a2a4c711cb0058eddc75099bb40,d3881a1328862a39dc4af32e15c4826237a09adca2da7038eafb5659ddb68bb4,8bda06ce0251beedd6a5f2cd61a08ef37682841102d3b9d86a1ab602640baf4e,MTCH,True,True,overlap,eligible_in_both_retrievals,True
2026-07-01T053352Z,2026-07-01T05:33:52.980988+00:00,2026-07-01T07:21:20.090043+00:00,2026-06-30,data/prospective/daily_qvp/snapshots/2026-07-01T053352Z/raw,1081,1043,144e01281e848a2a4c711cb0058eddc75099bb40,d3881a1328862a39dc4af32e15c4826237a09adca2da7038eafb5659ddb68bb4,8bda06ce0251beedd6a5f2cd61a08ef37682841102d3b9d86a1ab602640baf4e,MTDR,True,True,overlap,eligible_in_both_retrievals,True
2026-07-01T053352Z,2026-07-01T05:33:52.980988+00:00,2026-07-01T07:21:20.090043+00:00,2026-06-30,data/prospective/daily_qvp/snapshots/2026-07-01T053352Z/raw,1081,1043,144e01281e848a2a4c711cb0058eddc75099bb40,d3881a1328862a39dc4af32e15c4826237a09adca2da7038eafb5659ddb68bb4,8bda06ce0251beedd6a5f2cd61a08ef37682841102d3b9d86a1ab602640baf4e,MTH,True,True,overlap,eligible_in_both_retrievals,True
2026-07-01T053352Z,2026-07-01T05:33:52.980988+00:00,2026-07-01T07:21:20.090043+00:00,2026-06-30,data/prospective/daily_qvp/snapshots/2026-07-01T053352Z/raw,1081,1043,144e01281e848a2a4c711cb0058eddc75099bb40,d3881a1328862a39dc4af32e15c4826237a09adca2da7038eafb5659ddb68bb4,8bda06ce0251beedd6a5f2cd61a08ef37682841102d3b9d86a1ab602640baf4e,MTN,True,True,overlap,eligible_in_both_retrievals,True
2026-07-01T053352Z,2026-07-01T05:33:52.980988+00:00,2026-07-01T07:21:20.090043+00:00,2026-06-30,data/prospective/daily_qvp/snapshots/2026-07-01T053352Z/raw,1081,1043,144e01281e848a2a4c711cb0058eddc75099bb40,d3881a1328862a39dc4af32e15c4826237a09adca2da7038eafb5659ddb68bb4,8bda06ce0251beedd6a5f2cd61a08ef37682841102d3b9d86a1ab602640baf4e,MTRN,True,True,overlap,eligible_in_both_retrievals,True
2026-07-01T053352Z,2026-07-01T05:33:52.980988+00:00,2026-07-01T07:21:20.090043+00:00,2026-06-30,data/prospective/daily_qvp/snapshots/2026-07-01T053352Z/raw,1081,1043,144e01281e848a2a4c711cb0058eddc75099bb40,d3881a1328862a39dc4af32e15c4826237a09adca2da7038eafb5659ddb68bb4,8bda06ce0251beedd6a5f2cd61a08ef37682841102d3b9d86a1ab602640baf4e,MTSI,True,True,overlap,eligible_in_both_retrievals,True
2026-07-01T053352Z,2026-07-01T05:33:52.980988+00:00,2026-07-01T07:21:20.090043+00:00,2026-06-30,data/prospective/daily_qvp/snapshots/2026-07-01T053352Z/raw,1081,1043,144e01281e848a2a4c711cb0058eddc75099bb40,d3881a1328862a39dc4af32e15c4826237a09adca2da7038eafb5659ddb68bb4,8bda06ce0251beedd6a5f2cd61a08ef37682841102d3b9d86a1ab602640baf4e,MTX,True,True,overlap,eligible_in_both_retrievals,True
2026-07-01T053352Z,2026-07-01T05:33:52.980988+00:00,2026-07-01T07:21:20.090043+00:00,2026-06-30,data/prospective/daily_qvp/snapshots/2026-07-01T053352Z/raw,1081,1043,144e01281e848a2a4c711cb0058eddc75099bb40,d3881a1328862a39dc4af32e15c4826237a09adca2da7038eafb5659ddb68bb4,8bda06ce0251beedd6a5f2cd61a08ef37682841102d3b9d86a1ab602640baf4e,MTZ,True,True,overlap,eligible_in_both_retrievals,True
2026-07-01T053352Z,2026-07-01T05:33:52.980988+00:00,2026-07-01T07:21:20.090043+00:00,2026-06-30,data/prospective/daily_qvp/snapshots/2026-07-01T053352Z/raw,1081,1043,144e01281e848a2a4c711cb0058eddc75099bb40,d3881a1328862a39dc4af32e15c4826237a09adca2da7038eafb5659ddb68bb4,8bda06ce0251beedd6a5f2cd61a08ef37682841102d3b9d86a1ab602640baf4e,MU,True,True,overlap,eligible_in_both_retrievals,True
2026-07-01T053352Z,2026-07-01T05:33:52.980988+00:00,2026-07-01T07:21:20.090043+00:00,2026-06-30,data/prospective/daily_qvp/snapshots/2026-07-01T053352Z/raw,1081,1043,144e01281e848a2a4c711cb0058eddc75099bb40,d3881a1328862a39dc4af32e15c4826237a09adca2da7038eafb5659ddb68bb4,8bda06ce0251beedd6a5f2cd61a08ef37682841102d3b9d86a1ab602640baf4e,MUR,True,True,overlap,eligible_in_both_retrievals,True
2026-07-01T053352Z,2026-07-01T05:33:52.980988+00:00,2026-07-01T07:21:20.090043+00:00,2026-06-30,data/prospective/daily_qvp/snapshots/2026-07-01T053352Z/raw,1081,1043,144e01281e848a2a4c711cb0058eddc75099bb40,d3881a1328862a39dc4af32e15c4826237a09adca2da7038eafb5659ddb68bb4,8bda06ce0251beedd6a5f2cd61a08ef37682841102d3b9d86a1ab602640baf4e,MUSA,True,True,overlap,eligible_in_both_retrievals,True
2026-07-01T053352Z,2026-07-01T05:33:52.980988+00:00,2026-07-01T07:21:20.090043+00:00,2026-06-30,data/prospective/daily_qvp/snapshots/2026-07-01T053352Z/raw,1081,1043,144e01281e848a2a4c711cb0058eddc75099bb40,d3881a1328862a39dc4af32e15c4826237a09adca2da7038eafb5659ddb68bb4,8bda06ce0251beedd6a5f2cd61a08ef37682841102d3b9d86a1ab602640baf4e,MWA,True,True,overlap,eligible_in_both_retrievals,True
2026-07-01T053352Z,2026-07-01T05:33:52.980988+00:00,2026-07-01T07:21:20.090043+00:00,2026-06-30,data/prospective/daily_qvp/snapshots/2026-07-01T053352Z/raw,1081,1043,144e01281e848a2a4c711cb0058eddc75099bb40,d3881a1328862a39dc4af32e15c4826237a09adca2da7038eafb5659ddb68bb4,8bda06ce0251beedd6a5f2cd61a08ef37682841102d3b9d86a1ab602640baf4e,MXL,True,True,overlap,eligible_in_both_retrievals,True
2026-07-01T053352Z,2026-07-01T05:33:52.980988+00:00,2026-07-01T07:21:20.090043+00:00,2026-06-30,data/prospective/daily_qvp/snapshots/2026-07-01T053352Z/raw,1081,1043,144e01281e848a2a4c711cb0058eddc75099bb40,d3881a1328862a39dc4af32e15c4826237a09adca2da7038eafb5659ddb68bb4,8bda06ce0251beedd6a5f2cd61a08ef37682841102d3b9d86a1ab602640baf4e,MYRG,True,True,overlap,eligible_in_both_retrievals,True
2026-07-01T053352Z,2026-07-01T05:33:52.980988+00:00,2026-07-01T07:21:20.090043+00:00,2026-06-30,data/prospective/daily_qvp/snapshots/2026-07-01T053352Z/raw,1081,1043,144e01281e848a2a4c711cb0058eddc75099bb40,d3881a1328862a39dc4af32e15c4826237a09adca2da7038eafb5659ddb68bb4,8bda06ce0251beedd6a5f2cd61a08ef37682841102d3b9d86a1ab602640baf4e,MZTI,True,True,overlap,eligible_in_both_retrievals,True
2026-07-01T053352Z,2026-07-01T05:33:52.980988+00:00,2026-07-01T07:21:20.090043+00:00,2026-06-30,data/prospective/daily_qvp/snapshots/2026-07-01T053352Z/raw,1081,1043,144e01281e848a2a4c711cb0058eddc75099bb40,d3881a1328862a39dc4af32e15c4826237a09adca2da7038eafb5659ddb68bb4,8bda06ce0251beedd6a5f2cd61a08ef37682841102d3b9d86a1ab602640baf4e,NATL,True,True,overlap,eligible_in_both_retrievals,True
2026-07-01T053352Z,2026-07-01T05:33:52.980988+00:00,2026-07-01T07:21:20.090043+00:00,2026-06-30,data/prospective/daily_qvp/snapshots/2026-07-01T053352Z/raw,1081,1043,144e01281e848a2a4c711cb0058eddc75099bb40,d3881a1328862a39dc4af32e15c4826237a09adca2da7038eafb5659ddb68bb4,8bda06ce0251beedd6a5f2cd61a08ef37682841102d3b9d86a1ab602640baf4e,NBIX,True,True,overlap,eligible_in_both_retrievals,True
2026-07-01T053352Z,2026-07-01T05:33:52.980988+00:00,2026-07-01T07:21:20.090043+00:00,2026-06-30,data/prospective/daily_qvp/snapshots/2026-07-01T053352Z/raw,1081,1043,144e01281e848a2a4c711cb0058eddc75099bb40,d3881a1328862a39dc4af32e15c4826237a09adca2da7038eafb5659ddb68bb4,8bda06ce0251beedd6a5f2cd61a08ef37682841102d3b9d86a1ab602640baf4e,NCLH,True,True,overlap,eligible_in_both_retrievals,True
2026-07-01T053352Z,2026-07-01T05:33:52.980988+00:00,2026-07-01T07:21:20.090043+00:00,2026-06-30,data/prospective/daily_qvp/snapshots/2026-07-01T053352Z/raw,1081,1043,144e01281e848a2a4c711cb0058eddc75099bb40,d3881a1328862a39dc4af32e15c4826237a09adca2da7038eafb5659ddb68bb4,8bda06ce0251beedd6a5f2cd61a08ef37682841102d3b9d86a1ab602640baf4e,NDSN,True,True,overlap,eligible_in_both_retrievals,True
2026-07-01T053352Z,2026-07-01T05:33:52.980988+00:00,2026-07-01T07:21:20.090043+00:00,2026-06-30,data/prospective/daily_qvp/snapshots/2026-07-01T053352Z/raw,1081,1043,144e01281e848a2a4c711cb0058eddc75099bb40,d3881a1328862a39dc4af32e15c4826237a09adca2da7038eafb5659ddb68bb4,8bda06ce0251beedd6a5f2cd61a08ef37682841102d3b9d86a1ab602640baf4e,NE,True,True,overlap,eligible_in_both_retrievals,True
2026-07-01T053352Z,2026-07-01T05:33:52.980988+00:00,2026-07-01T07:21:20.090043+00:00,2026-06-30,data/prospective/daily_qvp/snapshots/2026-07-01T053352Z/raw,1081,1043,144e01281e848a2a4c711cb0058eddc75099bb40,d3881a1328862a39dc4af32e15c4826237a09adca2da7038eafb5659ddb68bb4,8bda06ce0251beedd6a5f2cd61a08ef37682841102d3b9d86a1ab602640baf4e,NEE,True,True,overlap,eligible_in_both_retrievals,True
2026-07-01T053352Z,2026-07-01T05:33:52.980988+00:00,2026-07-01T07:21:20.090043+00:00,2026-06-30,data/prospective/daily_qvp/snapshots/2026-07-01T053352Z/raw,1081,1043,144e01281e848a2a4c711cb0058eddc75099bb40,d3881a1328862a39dc4af32e15c4826237a09adca2da7038eafb5659ddb68bb4,8bda06ce0251beedd6a5f2cd61a08ef37682841102d3b9d86a1ab602640baf4e,NEM,True,True,overlap,eligible_in_both_retrievals,True
2026-07-01T053352Z,2026-07-01T05:33:52.980988+00:00,2026-07-01T07:21:20.090043+00:00,2026-06-30,data/prospective/daily_qvp/snapshots/2026-07-01T053352Z/raw,1081,1043,144e01281e848a2a4c711cb0058eddc75099bb40,d3881a1328862a39dc4af32e15c4826237a09adca2da7038eafb5659ddb68bb4,8bda06ce0251beedd6a5f2cd61a08ef37682841102d3b9d86a1ab602640baf4e,NEOG,True,False,removed,not_returned_by_current_screen,False
2026-07-01T053352Z,2026-07-01T05:33:52.980988+00:00,2026-07-01T07:21:20.090043+00:00,2026-06-30,data/prospective/daily_qvp/snapshots/2026-07-01T053352Z/raw,1081,1043,144e01281e848a2a4c711cb0058eddc75099bb40,d3881a1328862a39dc4af32e15c4826237a09adca2da7038eafb5659ddb68bb4,8bda06ce0251beedd6a5f2cd61a08ef37682841102d3b9d86a1ab602640baf4e,NET,True,True,overlap,eligible_in_both_retrievals,True
2026-07-01T053352Z,2026-07-01T05:33:52.980988+00:00,2026-07-01T07:21:20.090043+00:00,2026-06-30,data/prospective/daily_qvp/snapshots/2026-07-01T053352Z/raw,1081,1043,144e01281e848a2a4c711cb0058eddc75099bb40,d3881a1328862a39dc4af32e15c4826237a09adca2da7038eafb5659ddb68bb4,8bda06ce0251beedd6a5f2cd61a08ef37682841102d3b9d86a1ab602640baf4e,NFG,True,True,overlap,eligible_in_both_retrievals,True
2026-07-01T053352Z,2026-07-01T05:33:52.980988+00:00,2026-07-01T07:21:20.090043+00:00,2026-06-30,data/prospective/daily_qvp/snapshots/2026-07-01T053352Z/raw,1081,1043,144e01281e848a2a4c711cb0058eddc75099bb40,d3881a1328862a39dc4af32e15c4826237a09adca2da7038eafb5659ddb68bb4,8bda06ce0251beedd6a5f2cd61a08ef37682841102d3b9d86a1ab602640baf4e,NFLX,True,True,overlap,eligible_in_both_retrievals,True
2026-07-01T053352Z,2026-07-01T05:33:52.980988+00:00,2026-07-01T07:21:20.090043+00:00,2026-06-30,data/prospective/daily_qvp/snapshots/2026-07-01T053352Z/raw,1081,1043,144e01281e848a2a4c711cb0058eddc75099bb40,d3881a1328862a39dc4af32e15c4826237a09adca2da7038eafb5659ddb68bb4,8bda06ce0251beedd6a5f2cd61a08ef37682841102d3b9d86a1ab602640baf4e,NGVT,True,True,overlap,eligible_in_both_retrievals,True
2026-07-01T053352Z,2026-07-01T05:33:52.980988+00:00,2026-07-01T07:21:20.090043+00:00,2026-06-30,data/prospective/daily_qvp/snapshots/2026-07-01T053352Z/raw,1081,1043,144e01281e848a2a4c711cb0058eddc75099bb40,d3881a1328862a39dc4af32e15c4826237a09adca2da7038eafb5659ddb68bb4,8bda06ce0251beedd6a5f2cd61a08ef37682841102d3b9d86a1ab602640baf4e,NI,True,True,overlap,eligible_in_both_retrievals,True
2026-07-01T053352Z,2026-07-01T05:33:52.980988+00:00,2026-07-01T07:21:20.090043+00:00,2026-06-30,data/prospective/daily_qvp/snapshots/2026-07-01T053352Z/raw,1081,1043,144e01281e848a2a4c711cb0058eddc75099bb40,d3881a1328862a39dc4af32e15c4826237a09adca2da7038eafb5659ddb68bb4,8bda06ce0251beedd6a5f2cd61a08ef37682841102d3b9d86a1ab602640baf4e,NJR,True,True,overlap,eligible_in_both_retrievals,True
2026-07-01T053352Z,2026-07-01T05:33:52.980988+00:00,2026-07-01T07:21:20.090043+00:00,2026-06-30,data/prospective/daily_qvp/snapshots/2026-07-01T053352Z/raw,1081,1043,144e01281e848a2a4c711cb0058eddc75099bb40,d3881a1328862a39dc4af32e15c4826237a09adca2da7038eafb5659ddb68bb4,8bda06ce0251beedd6a5f2cd61a08ef37682841102d3b9d86a1ab602640baf4e,NKE,True,True,overlap,eligible_in_both_retrievals,True
2026-07-01T053352Z,2026-07-01T05:33:52.980988+00:00,2026-07-01T07:21:20.090043+00:00,2026-06-30,data/prospective/daily_qvp/snapshots/2026-07-01T053352Z/raw,1081,1043,144e01281e848a2a4c711cb0058eddc75099bb40,d3881a1328862a39dc4af32e15c4826237a09adca2da7038eafb5659ddb68bb4,8bda06ce0251beedd6a5f2cd61a08ef37682841102d3b9d86a1ab602640baf4e,NOC,True,True,overlap,eligible_in_both_retrievals,True
2026-07-01T053352Z,2026-07-01T05:33:52.980988+00:00,2026-07-01T07:21:20.090043+00:00,2026-06-30,data/prospective/daily_qvp/snapshots/2026-07-01T053352Z/raw,1081,1043,144e01281e848a2a4c711cb0058eddc75099bb40,d3881a1328862a39dc4af32e15c4826237a09adca2da7038eafb5659ddb68bb4,8bda06ce0251beedd6a5f2cd61a08ef37682841102d3b9d86a1ab602640baf4e,NOG,True,False,removed,not_returned_by_current_screen,False
2026-07-01T053352Z,2026-07-01T05:33:52.980988+00:00,2026-07-01T07:21:20.090043+00:00,2026-06-30,data/prospective/daily_qvp/snapshots/2026-07-01T053352Z/raw,1081,1043,144e01281e848a2a4c711cb0058eddc75099bb40,d3881a1328862a39dc4af32e15c4826237a09adca2da7038eafb5659ddb68bb4,8bda06ce0251beedd6a5f2cd61a08ef37682841102d3b9d86a1ab602640baf4e,NOV,True,True,overlap,eligible_in_both_retrievals,True
2026-07-01T053352Z,2026-07-01T05:33:52.980988+00:00,2026-07-01T07:21:20.090043+00:00,2026-06-30,data/prospective/daily_qvp/snapshots/2026-07-01T053352Z/raw,1081,1043,144e01281e848a2a4c711cb0058eddc75099bb40,d3881a1328862a39dc4af32e15c4826237a09adca2da7038eafb5659ddb68bb4,8bda06ce0251beedd6a5f2cd61a08ef37682841102d3b9d86a1ab602640baf4e,NOVT,True,True,overlap,eligible_in_both_retrievals,True
2026-07-01T053352Z,2026-07-01T05:33:52.980988+00:00,2026-07-01T07:21:20.090043+00:00,2026-06-30,data/prospective/daily_qvp/snapshots/2026-07-01T053352Z/raw,1081,1043,144e01281e848a2a4c711cb0058eddc75099bb40,d3881a1328862a39dc4af32e15c4826237a09adca2da7038eafb5659ddb68bb4,8bda06ce0251beedd6a5f2cd61a08ef37682841102d3b9d86a1ab602640baf4e,NOW,True,True,overlap,eligible_in_both_retrievals,True
2026-07-01T053352Z,2026-07-01T05:33:52.980988+00:00,2026-07-01T07:21:20.090043+00:00,2026-06-30,data/prospective/daily_qvp/snapshots/2026-07-01T053352Z/raw,1081,1043,144e01281e848a2a4c711cb0058eddc75099bb40,d3881a1328862a39dc4af32e15c4826237a09adca2da7038eafb5659ddb68bb4,8bda06ce0251beedd6a5f2cd61a08ef37682841102d3b9d86a1ab602640baf4e,NPO,True,True,overlap,eligible_in_both_retrievals,True
2026-07-01T053352Z,2026-07-01T05:33:52.980988+00:00,2026-07-01T07:21:20.090043+00:00,2026-06-30,data/prospective/daily_qvp/snapshots/2026-07-01T053352Z/raw,1081,1043,144e01281e848a2a4c711cb0058eddc75099bb40,d3881a1328862a39dc4af32e15c4826237a09adca2da7038eafb5659ddb68bb4,8bda06ce0251beedd6a5f2cd61a08ef37682841102d3b9d86a1ab602640baf4e,NRG,True,True,overlap,eligible_in_both_retrievals,True
2026-07-01T053352Z,2026-07-01T05:33:52.980988+00:00,2026-07-01T07:21:20.090043+00:00,2026-06-30,data/prospective/daily_qvp/snapshots/2026-07-01T053352Z/raw,1081,1043,144e01281e848a2a4c711cb0058eddc75099bb40,d3881a1328862a39dc4af32e15c4826237a09adca2da7038eafb5659ddb68bb4,8bda06ce0251beedd6a5f2cd61a08ef37682841102d3b9d86a1ab602640baf4e,NSC,True,True,overlap,eligible_in_both_retrievals,True
2026-07-01T053352Z,2026-07-01T05:33:52.980988+00:00,2026-07-01T07:21:20.090043+00:00,2026-06-30,data/prospective/daily_qvp/snapshots/2026-07-01T053352Z/raw,1081,1043,144e01281e848a2a4c711cb0058eddc75099bb40,d3881a1328862a39dc4af32e15c4826237a09adca2da7038eafb5659ddb68bb4,8bda06ce0251beedd6a5f2cd61a08ef37682841102d3b9d86a1ab602640baf4e,NSIT,True,True,overlap,eligible_in_both_retrievals,True
2026-07-01T053352Z,2026-07-01T05:33:52.980988+00:00,2026-07-01T07:21:20.090043+00:00,2026-06-30,data/prospective/daily_qvp/snapshots/2026-07-01T053352Z/raw,1081,1043,144e01281e848a2a4c711cb0058eddc75099bb40,d3881a1328862a39dc4af32e15c4826237a09adca2da7038eafb5659ddb68bb4,8bda06ce0251beedd6a5f2cd61a08ef37682841102d3b9d86a1ab602640baf4e,NTAP,True,True,overlap,eligible_in_both_retrievals,True
2026-07-01T053352Z,2026-07-01T05:33:52.980988+00:00,2026-07-01T07:21:20.090043+00:00,2026-06-30,data/prospective/daily_qvp/snapshots/2026-07-01T053352Z/raw,1081,1043,144e01281e848a2a4c711cb0058eddc75099bb40,d3881a1328862a39dc4af32e15c4826237a09adca2da7038eafb5659ddb68bb4,8bda06ce0251beedd6a5f2cd61a08ef37682841102d3b9d86a1ab602640baf4e,NTCT,True,True,overlap,eligible_in_both_retrievals,True
2026-07-01T053352Z,2026-07-01T05:33:52.980988+00:00,2026-07-01T07:21:20.090043+00:00,2026-06-30,data/prospective/daily_qvp/snapshots/2026-07-01T053352Z/raw,1081,1043,144e01281e848a2a4c711cb0058eddc75099bb40,d3881a1328862a39dc4af32e15c4826237a09adca2da7038eafb5659ddb68bb4,8bda06ce0251beedd6a5f2cd61a08ef37682841102d3b9d86a1ab602640baf4e,NTNX,True,True,overlap,eligible_in_both_retrievals,True
2026-07-01T053352Z,2026-07-01T05:33:52.980988+00:00,2026-07-01T07:21:20.090043+00:00,2026-06-30,data/prospective/daily_qvp/snapshots/2026-07-01T053352Z/raw,1081,1043,144e01281e848a2a4c711cb0058eddc75099bb40,d3881a1328862a39dc4af32e15c4826237a09adca2da7038eafb5659ddb68bb4,8bda06ce0251beedd6a5f2cd61a08ef37682841102d3b9d86a1ab602640baf4e,NTRA,True,True,overlap,eligible_in_both_retrievals,True
2026-07-01T053352Z,2026-07-01T05:33:52.980988+00:00,2026-07-01T07:21:20.090043+00:00,2026-06-30,data/prospective/daily_qvp/snapshots/2026-07-01T053352Z/raw,1081,1043,144e01281e848a2a4c711cb0058eddc75099bb40,d3881a1328862a39dc4af32e15c4826237a09adca2da7038eafb5659ddb68bb4,8bda06ce0251beedd6a5f2cd61a08ef37682841102d3b9d86a1ab602640baf4e,NUE,True,True,overlap,eligible_in_both_retrievals,True
2026-07-01T053352Z,2026-07-01T05:33:52.980988+00:00,2026-07-01T07:21:20.090043+00:00,2026-06-30,data/prospective/daily_qvp/snapshots/2026-07-01T053352Z/raw,1081,1043,144e01281e848a2a4c711cb0058eddc75099bb40,d3881a1328862a39dc4af32e15c4826237a09adca2da7038eafb5659ddb68bb4,8bda06ce0251beedd6a5f2cd61a08ef37682841102d3b9d86a1ab602640baf4e,NUVL,True,True,overlap,eligible_in_both_retrievals,False
2026-07-01T053352Z,2026-07-01T05:33:52.980988+00:00,2026-07-01T07:21:20.090043+00:00,2026-06-30,data/prospective/daily_qvp/snapshots/2026-07-01T053352Z/raw,1081,1043,144e01281e848a2a4c711cb0058eddc75099bb40,d3881a1328862a39dc4af32e15c4826237a09adca2da7038eafb5659ddb68bb4,8bda06ce0251beedd6a5f2cd61a08ef37682841102d3b9d86a1ab602640baf4e,NVDA,True,True,overlap,eligible_in_both_retrievals,True
2026-07-01T053352Z,2026-07-01T05:33:52.980988+00:00,2026-07-01T07:21:20.090043+00:00,2026-06-30,data/prospective/daily_qvp/snapshots/2026-07-01T053352Z/raw,1081,1043,144e01281e848a2a4c711cb0058eddc75099bb40,d3881a1328862a39dc4af32e15c4826237a09adca2da7038eafb5659ddb68bb4,8bda06ce0251beedd6a5f2cd61a08ef37682841102d3b9d86a1ab602640baf4e,NVST,True,True,overlap,eligible_in_both_retrievals,True
2026-07-01T053352Z,2026-07-01T05:33:52.980988+00:00,2026-07-01T07:21:20.090043+00:00,2026-06-30,data/prospective/daily_qvp/snapshots/2026-07-01T053352Z/raw,1081,1043,144e01281e848a2a4c711cb0058eddc75099bb40,d3881a1328862a39dc4af32e15c4826237a09adca2da7038eafb5659ddb68bb4,8bda06ce0251beedd6a5f2cd61a08ef37682841102d3b9d86a1ab602640baf4e,NWE,False,True,new_addition,recovered_by_essential_field_and_504_observation_retries_after_old_silent_enrichment_failure,True
2026-07-01T053352Z,2026-07-01T05:33:52.980988+00:00,2026-07-01T07:21:20.090043+00:00,2026-06-30,data/prospective/daily_qvp/snapshots/2026-07-01T053352Z/raw,1081,1043,144e01281e848a2a4c711cb0058eddc75099bb40,d3881a1328862a39dc4af32e15c4826237a09adca2da7038eafb5659ddb68bb4,8bda06ce0251beedd6a5f2cd61a08ef37682841102d3b9d86a1ab602640baf4e,NWL,False,True,new_addition,recovered_by_essential_field_and_504_observation_retries_after_old_silent_enrichment_failure,True
2026-07-01T053352Z,2026-07-01T05:33:52.980988+00:00,2026-07-01T07:21:20.090043+00:00,2026-06-30,data/prospective/daily_qvp/snapshots/2026-07-01T053352Z/raw,1081,1043,144e01281e848a2a4c711cb0058eddc75099bb40,d3881a1328862a39dc4af32e15c4826237a09adca2da7038eafb5659ddb68bb4,8bda06ce0251beedd6a5f2cd61a08ef37682841102d3b9d86a1ab602640baf4e,NWN,False,True,new_addition,recovered_by_essential_field_and_504_observation_retries_after_old_silent_enrichment_failure,True
2026-07-01T053352Z,2026-07-01T05:33:52.980988+00:00,2026-07-01T07:21:20.090043+00:00,2026-06-30,data/prospective/daily_qvp/snapshots/2026-07-01T053352Z/raw,1081,1043,144e01281e848a2a4c711cb0058eddc75099bb40,d3881a1328862a39dc4af32e15c4826237a09adca2da7038eafb5659ddb68bb4,8bda06ce0251beedd6a5f2cd61a08ef37682841102d3b9d86a1ab602640baf4e,NWS,False,True,new_addition,recovered_by_essential_field_and_504_observation_retries_after_old_silent_enrichment_failure,False
2026-07-01T053352Z,2026-07-01T05:33:52.980988+00:00,2026-07-01T07:21:20.090043+00:00,2026-06-30,data/prospective/daily_qvp/snapshots/2026-07-01T053352Z/raw,1081,1043,144e01281e848a2a4c711cb0058eddc75099bb40,d3881a1328862a39dc4af32e15c4826237a09adca2da7038eafb5659ddb68bb4,8bda06ce0251beedd6a5f2cd61a08ef37682841102d3b9d86a1ab602640baf4e,NXST,False,True,new_addition,recovered_by_essential_field_and_504_observation_retries_after_old_silent_enrichment_failure,True
2026-07-01T053352Z,2026-07-01T05:33:52.980988+00:00,2026-07-01T07:21:20.090043+00:00,2026-06-30,data/prospective/daily_qvp/snapshots/2026-07-01T053352Z/raw,1081,1043,144e01281e848a2a4c711cb0058eddc75099bb40,d3881a1328862a39dc4af32e15c4826237a09adca2da7038eafb5659ddb68bb4,8bda06ce0251beedd6a5f2cd61a08ef37682841102d3b9d86a1ab602640baf4e,NXT,False,True,new_addition,recovered_by_essential_field_and_504_observation_retries_after_old_silent_enrichment_failure,True
2026-07-01T053352Z,2026-07-01T05:33:52.980988+00:00,2026-07-01T07:21:20.090043+00:00,2026-06-30,data/prospective/daily_qvp/snapshots/2026-07-01T053352Z/raw,1081,1043,144e01281e848a2a4c711cb0058eddc75099bb40,d3881a1328862a39dc4af32e15c4826237a09adca2da7038eafb5659ddb68bb4,8bda06ce0251beedd6a5f2cd61a08ef37682841102d3b9d86a1ab602640baf4e,NYT,False,True,new_addition,recovered_by_essential_field_and_504_observation_retries_after_old_silent_enrichment_failure,True
2026-07-01T053352Z,2026-07-01T05:33:52.980988+00:00,2026-07-01T07:21:20.090043+00:00,2026-06-30,data/prospective/daily_qvp/snapshots/2026-07-01T053352Z/raw,1081,1043,144e01281e848a2a4c711cb0058eddc75099bb40,d3881a1328862a39dc4af32e15c4826237a09adca2da7038eafb5659ddb68bb4,8bda06ce0251beedd6a5f2cd61a08ef37682841102d3b9d86a1ab602640baf4e,OC,False,True,new_addition,recovered_by_essential_field_and_504_observation_retries_after_old_silent_enrichment_failure,True
2026-07-01T053352Z,2026-07-01T05:33:52.980988+00:00,2026-07-01T07:21:20.090043+00:00,2026-06-30,data/prospective/daily_qvp/snapshots/2026-07-01T053352Z/raw,1081,1043,144e01281e848a2a4c711cb0058eddc75099bb40,d3881a1328862a39dc4af32e15c4826237a09adca2da7038eafb5659ddb68bb4,8bda06ce0251beedd6a5f2cd61a08ef37682841102d3b9d86a1ab602640baf4e,ODFL,False,True,new_addition,recovered_by_essential_field_and_504_observation_retries_after_old_silent_enrichment_failure,True
2026-07-01T053352Z,2026-07-01T05:33:52.980988+00:00,2026-07-01T07:21:20.090043+00:00,2026-06-30,data/prospective/daily_qvp/snapshots/2026-07-01T053352Z/raw,1081,1043,144e01281e848a2a4c711cb0058eddc75099bb40,d3881a1328862a39dc4af32e15c4826237a09adca2da7038eafb5659ddb68bb4,8bda06ce0251beedd6a5f2cd61a08ef37682841102d3b9d86a1ab602640baf4e,OGE,False,True,new_addition,recovered_by_essential_field_and_504_observation_retries_after_old_silent_enrichment_failure,True
2026-07-01T053352Z,2026-07-01T05:33:52.980988+00:00,2026-07-01T07:21:20.090043+00:00,2026-06-30,data/prospective/daily_qvp/snapshots/2026-07-01T053352Z/raw,1081,1043,144e01281e848a2a4c711cb0058eddc75099bb40,d3881a1328862a39dc4af32e15c4826237a09adca2da7038eafb5659ddb68bb4,8bda06ce0251beedd6a5f2cd61a08ef37682841102d3b9d86a1ab602640baf4e,OGN,False,True,new_addition,recovered_by_essential_field_and_504_observation_retries_after_old_silent_enrichment_failure,True
2026-07-01T053352Z,2026-07-01T05:33:52.980988+00:00,2026-07-01T07:21:20.090043+00:00,2026-06-30,data/prospective/daily_qvp/snapshots/2026-07-01T053352Z/raw,1081,1043,144e01281e848a2a4c711cb0058eddc75099bb40,d3881a1328862a39dc4af32e15c4826237a09adca2da7038eafb5659ddb68bb4,8bda06ce0251beedd6a5f2cd61a08ef37682841102d3b9d86a1ab602640baf4e,OGS,False,True,new_addition,recovered_by_essential_field_and_504_observation_retries_after_old_silent_enrichment_failure,True
2026-07-01T053352Z,2026-07-01T05:33:52.980988+00:00,2026-07-01T07:21:20.090043+00:00,2026-06-30,data/prospective/daily_qvp/snapshots/2026-07-01T053352Z/raw,1081,1043,144e01281e848a2a4c711cb0058eddc75099bb40,d3881a1328862a39dc4af32e15c4826237a09adca2da7038eafb5659ddb68bb4,8bda06ce0251beedd6a5f2cd61a08ef37682841102d3b9d86a1ab602640baf4e,OII,False,True,new_addition,recovered_by_essential_field_and_504_observation_retries_after_old_silent_enrichment_failure,True
2026-07-01T053352Z,2026-07-01T05:33:52.980988+00:00,2026-07-01T07:21:20.090043+00:00,2026-06-30,data/prospective/daily_qvp/snapshots/2026-07-01T053352Z/raw,1081,1043,144e01281e848a2a4c711cb0058eddc75099bb40,d3881a1328862a39dc4af32e15c4826237a09adca2da7038eafb5659ddb68bb4,8bda06ce0251beedd6a5f2cd61a08ef37682841102d3b9d86a1ab602640baf4e,OKE,False,True,new_addition,recovered_by_essential_field_and_504_observation_retries_after_old_silent_enrichment_failure,True
2026-07-01T053352Z,2026-07-01T05:33:52.980988+00:00,2026-07-01T07:21:20.090043+00:00,2026-06-30,data/prospective/daily_qvp/snapshots/2026-07-01T053352Z/raw,1081,1043,144e01281e848a2a4c711cb0058eddc75099bb40,d3881a1328862a39dc4af32e15c4826237a09adca2da7038eafb5659ddb68bb4,8bda06ce0251beedd6a5f2cd61a08ef37682841102d3b9d86a1ab602640baf4e,OKLO,False,True,new_addition,recovered_by_essential_field_and_504_observation_retries_after_old_silent_enrichment_failure,False
2026-07-01T053352Z,2026-07-01T05:33:52.980988+00:00,2026-07-01T07:21:20.090043+00:00,2026-06-30,data/prospective/daily_qvp/snapshots/2026-07-01T053352Z/raw,1081,1043,144e01281e848a2a4c711cb0058eddc75099bb40,d3881a1328862a39dc4af32e15c4826237a09adca2da7038eafb5659ddb68bb4,8bda06ce0251beedd6a5f2cd61a08ef37682841102d3b9d86a1ab602640baf4e,OKTA,False,True,new_addition,recovered_by_essential_field_and_504_observation_retries_after_old_silent_enrichment_failure,True
2026-07-01T053352Z,2026-07-01T05:33:52.980988+00:00,2026-07-01T07:21:20.090043+00:00,2026-06-30,data/prospective/daily_qvp/snapshots/2026-07-01T053352Z/raw,1081,1043,144e01281e848a2a4c711cb0058eddc75099bb40,d3881a1328862a39dc4af32e15c4826237a09adca2da7038eafb5659ddb68bb4,8bda06ce0251beedd6a5f2cd61a08ef37682841102d3b9d86a1ab602640baf4e,OLED,False,True,new_addition,recovered_by_essential_field_and_504_observation_retries_after_old_silent_enrichment_failure,True
2026-07-01T053352Z,2026-07-01T05:33:52.980988+00:00,2026-07-01T07:21:20.090043+00:00,2026-06-30,data/prospective/daily_qvp/snapshots/2026-07-01T053352Z/raw,1081,1043,144e01281e848a2a4c711cb0058eddc75099bb40,d3881a1328862a39dc4af32e15c4826237a09adca2da7038eafb5659ddb68bb4,8bda06ce0251beedd6a5f2cd61a08ef37682841102d3b9d86a1ab602640baf4e,OLN,False,True,new_addition,recovered_by_essential_field_and_504_observation_retries_after_old_silent_enrichment_failure,True
2026-07-01T053352Z,2026-07-01T05:33:52.980988+00:00,2026-07-01T07:21:20.090043+00:00,2026-06-30,data/prospective/daily_qvp/snapshots/2026-07-01T053352Z/raw,1081,1043,144e01281e848a2a4c711cb0058eddc75099bb40,d3881a1328862a39dc4af32e15c4826237a09adca2da7038eafb5659ddb68bb4,8bda06ce0251beedd6a5f2cd61a08ef37682841102d3b9d86a1ab602640baf4e,OMC,False,True,new_addition,recovered_by_essential_field_and_504_observation_retries_after_old_silent_enrichment_failure,True
2026-07-01T053352Z,2026-07-01T05:33:52.980988+00:00,2026-07-01T07:21:20.090043+00:00,2026-06-30,data/prospective/daily_qvp/snapshots/2026-07-01T053352Z/raw,1081,1043,144e01281e848a2a4c711cb0058eddc75099bb40,d3881a1328862a39dc4af32e15c4826237a09adca2da7038eafb5659ddb68bb4,8bda06ce0251beedd6a5f2cd61a08ef37682841102d3b9d86a1ab602640baf4e,ON,False,True,new_addition,recovered_by_essential_field_and_504_observation_retries_after_old_silent_enrichment_failure,True
2026-07-01T053352Z,2026-07-01T05:33:52.980988+00:00,2026-07-01T07:21:20.090043+00:00,2026-06-30,data/prospective/daily_qvp/snapshots/2026-07-01T053352Z/raw,1081,1043,144e01281e848a2a4c711cb0058eddc75099bb40,d3881a1328862a39dc4af32e15c4826237a09adca2da7038eafb5659ddb68bb4,8bda06ce0251beedd6a5f2cd61a08ef37682841102d3b9d86a1ab602640baf4e,ONTO,False,True,new_addition,recovered_by_essential_field_and_504_observation_retries_after_old_silent_enrichment_failure,True
2026-07-01T053352Z,2026-07-01T05:33:52.980988+00:00,2026-07-01T07:21:20.090043+00:00,2026-06-30,data/prospective/daily_qvp/snapshots/2026-07-01T053352Z/raw,1081,1043,144e01281e848a2a4c711cb0058eddc75099bb40,d3881a1328862a39dc4af32e15c4826237a09adca2da7038eafb5659ddb68bb4,8bda06ce0251beedd6a5f2cd61a08ef37682841102d3b9d86a1ab602640baf4e,OPCH,False,True,new_addition,recovered_by_essential_field_and_504_observation_retries_after_old_silent_enrichment_failure,True
2026-07-01T053352Z,2026-07-01T05:33:52.980988+00:00,2026-07-01T07:21:20.090043+00:00,2026-06-30,data/prospective/daily_qvp/snapshots/2026-07-01T053352Z/raw,1081,1043,144e01281e848a2a4c711cb0058eddc75099bb40,d3881a1328862a39dc4af32e15c4826237a09adca2da7038eafb5659ddb68bb4,8bda06ce0251beedd6a5f2cd61a08ef37682841102d3b9d86a1ab602640baf4e,OPLN,False,True,new_addition,recovered_by_essential_field_and_504_observation_retries_after_old_silent_enrichment_failure,True
2026-07-01T053352Z,2026-07-01T05:33:52.980988+00:00,2026-07-01T07:21:20.090043+00:00,2026-06-30,data/prospective/daily_qvp/snapshots/2026-07-01T053352Z/raw,1081,1043,144e01281e848a2a4c711cb0058eddc75099bb40,d3881a1328862a39dc4af32e15c4826237a09adca2da7038eafb5659ddb68bb4,8bda06ce0251beedd6a5f2cd61a08ef37682841102d3b9d86a1ab602640baf4e,ORA,False,True,new_addition,recovered_by_essential_field_and_504_observation_retries_after_old_silent_enrichment_failure,True
2026-07-01T053352Z,2026-07-01T05:33:52.980988+00:00,2026-07-01T07:21:20.090043+00:00,2026-06-30,data/prospective/daily_qvp/snapshots/2026-07-01T053352Z/raw,1081,1043,144e01281e848a2a4c711cb0058eddc75099bb40,d3881a1328862a39dc4af32e15c4826237a09adca2da7038eafb5659ddb68bb4,8bda06ce0251beedd6a5f2cd61a08ef37682841102d3b9d86a1ab602640baf4e,ORCL,False,True,new_addition,recovered_by_essential_field_and_504_observation_retries_after_old_silent_enrichment_failure,True
2026-07-01T053352Z,2026-07-01T05:33:52.980988+00:00,2026-07-01T07:21:20.090043+00:00,2026-06-30,data/prospective/daily_qvp/snapshots/2026-07-01T053352Z/raw,1081,1043,144e01281e848a2a4c711cb0058eddc75099bb40,d3881a1328862a39dc4af32e15c4826237a09adca2da7038eafb5659ddb68bb4,8bda06ce0251beedd6a5f2cd61a08ef37682841102d3b9d86a1ab602640baf4e,ORLY,False,True,new_addition,recovered_by_essential_field_and_504_observation_retries_after_old_silent_enrichment_failure,True
2026-07-01T053352Z,2026-07-01T05:33:52.980988+00:00,2026-07-01T07:21:20.090043+00:00,2026-06-30,data/prospective/daily_qvp/snapshots/2026-07-01T053352Z/raw,1081,1043,144e01281e848a2a4c711cb0058eddc75099bb40,d3881a1328862a39dc4af32e15c4826237a09adca2da7038eafb5659ddb68bb4,8bda06ce0251beedd6a5f2cd61a08ef37682841102d3b9d86a1ab602640baf4e,OSCR,False,True,new_addition,recovered_by_essential_field_and_504_observation_retries_after_old_silent_enrichment_failure,False
2026-07-01T053352Z,2026-07-01T05:33:52.980988+00:00,2026-07-01T07:21:20.090043+00:00,2026-06-30,data/prospective/daily_qvp/snapshots/2026-07-01T053352Z/raw,1081,1043,144e01281e848a2a4c711cb0058eddc75099bb40,d3881a1328862a39dc4af32e15c4826237a09adca2da7038eafb5659ddb68bb4,8bda06ce0251beedd6a5f2cd61a08ef37682841102d3b9d86a1ab602640baf4e,OSIS,False,True,new_addition,recovered_by_essential_field_and_504_observation_retries_after_old_silent_enrichment_failure,True
2026-07-01T053352Z,2026-07-01T05:33:52.980988+00:00,2026-07-01T07:21:20.090043+00:00,2026-06-30,data/prospective/daily_qvp/snapshots/2026-07-01T053352Z/raw,1081,1043,144e01281e848a2a4c711cb0058eddc75099bb40,d3881a1328862a39dc4af32e15c4826237a09adca2da7038eafb5659ddb68bb4,8bda06ce0251beedd6a5f2cd61a08ef37682841102d3b9d86a1ab602640baf4e,OSK,False,True,new_addition,recovered_by_essential_field_and_504_observation_retries_after_old_silent_enrichment_failure,True
2026-07-01T053352Z,2026-07-01T05:33:52.980988+00:00,2026-07-01T07:21:20.090043+00:00,2026-06-30,data/prospective/daily_qvp/snapshots/2026-07-01T053352Z/raw,1081,1043,144e01281e848a2a4c711cb0058eddc75099bb40,d3881a1328862a39dc4af32e15c4826237a09adca2da7038eafb5659ddb68bb4,8bda06ce0251beedd6a5f2cd61a08ef37682841102d3b9d86a1ab602640baf4e,OTIS,False,True,new_addition,recovered_by_essential_field_and_504_observation_retries_after_old_silent_enrichment_failure,True
2026-07-01T053352Z,2026-07-01T05:33:52.980988+00:00,2026-07-01T07:21:20.090043+00:00,2026-06-30,data/prospective/daily_qvp/snapshots/2026-07-01T053352Z/raw,1081,1043,144e01281e848a2a4c711cb0058eddc75099bb40,d3881a1328862a39dc4af32e15c4826237a09adca2da7038eafb5659ddb68bb4,8bda06ce0251beedd6a5f2cd61a08ef37682841102d3b9d86a1ab602640baf4e,OTTR,False,True,new_addition,recovered_by_essential_field_and_504_observation_retries_after_old_silent_enrichment_failure,True
2026-07-01T053352Z,2026-07-01T05:33:52.980988+00:00,2026-07-01T07:21:20.090043+00:00,2026-06-30,data/prospective/daily_qvp/snapshots/2026-07-01T053352Z/raw,1081,1043,144e01281e848a2a4c711cb0058eddc75099bb40,d3881a1328862a39dc4af32e15c4826237a09adca2da7038eafb5659ddb68bb4,8bda06ce0251beedd6a5f2cd61a08ef37682841102d3b9d86a1ab602640baf4e,OUST,False,True,new_addition,recovered_by_essential_field_and_504_observation_retries_after_old_silent_enrichment_failure,True
2026-07-01T053352Z,2026-07-01T05:33:52.980988+00:00,2026-07-01T07:21:20.090043+00:00,2026-06-30,data/prospective/daily_qvp/snapshots/2026-07-01T053352Z/raw,1081,1043,144e01281e848a2a4c711cb0058eddc75099bb40,d3881a1328862a39dc4af32e15c4826237a09adca2da7038eafb5659ddb68bb4,8bda06ce0251beedd6a5f2cd61a08ef37682841102d3b9d86a1ab602640baf4e,OVV,False,True,new_addition,recovered_by_essential_field_and_504_observation_retries_after_old_silent_enrichment_failure,True
2026-07-01T053352Z,2026-07-01T05:33:52.980988+00:00,2026-07-01T07:21:20.090043+00:00,2026-06-30,data/prospective/daily_qvp/snapshots/2026-07-01T053352Z/raw,1081,1043,144e01281e848a2a4c711cb0058eddc75099bb40,d3881a1328862a39dc4af32e15c4826237a09adca2da7038eafb5659ddb68bb4,8bda06ce0251beedd6a5f2cd61a08ef37682841102d3b9d86a1ab602640baf4e,OXY,False,True,new_addition,recovered_by_essential_field_and_504_observation_retries_after_old_silent_enrichment_failure,True
2026-07-01T053352Z,2026-07-01T05:33:52.980988+00:00,2026-07-01T07:21:20.090043+00:00,2026-06-30,data/prospective/daily_qvp/snapshots/2026-07-01T053352Z/raw,1081,1043,144e01281e848a2a4c711cb0058eddc75099bb40,d3881a1328862a39dc4af32e15c4826237a09adca2da7038eafb5659ddb68bb4,8bda06ce0251beedd6a5f2cd61a08ef37682841102d3b9d86a1ab602640baf4e,P,False,True,new_addition,recovered_by_essential_field_and_504_observation_retries_after_old_silent_enrichment_failure,True
2026-07-01T053352Z,2026-07-01T05:33:52.980988+00:00,2026-07-01T07:21:20.090043+00:00,2026-06-30,data/prospective/daily_qvp/snapshots/2026-07-01T053352Z/raw,1081,1043,144e01281e848a2a4c711cb0058eddc75099bb40,d3881a1328862a39dc4af32e15c4826237a09adca2da7038eafb5659ddb68bb4,8bda06ce0251beedd6a5f2cd61a08ef37682841102d3b9d86a1ab602640baf4e,PACS,False,True,new_addition,recovered_by_essential_field_and_504_observation_retries_after_old_silent_enrichment_failure,True
2026-07-01T053352Z,2026-07-01T05:33:52.980988+00:00,2026-07-01T07:21:20.090043+00:00,2026-06-30,data/prospective/daily_qvp/snapshots/2026-07-01T053352Z/raw,1081,1043,144e01281e848a2a4c711cb0058eddc75099bb40,d3881a1328862a39dc4af32e15c4826237a09adca2da7038eafb5659ddb68bb4,8bda06ce0251beedd6a5f2cd61a08ef37682841102d3b9d86a1ab602640baf4e,PAG,False,True,new_addition,recovered_by_essential_field_and_504_observation_retries_after_old_silent_enrichment_failure,True
2026-07-01T053352Z,2026-07-01T05:33:52.980988+00:00,2026-07-01T07:21:20.090043+00:00,2026-06-30,data/prospective/daily_qvp/snapshots/2026-07-01T053352Z/raw,1081,1043,144e01281e848a2a4c711cb0058eddc75099bb40,d3881a1328862a39dc4af32e15c4826237a09adca2da7038eafb5659ddb68bb4,8bda06ce0251beedd6a5f2cd61a08ef37682841102d3b9d86a1ab602640baf4e,PANW,False,True,new_addition,recovered_by_essential_field_and_504_observation_retries_after_old_silent_enrichment_failure,True
2026-07-01T053352Z,2026-07-01T05:33:52.980988+00:00,2026-07-01T07:21:20.090043+00:00,2026-06-30,data/prospective/daily_qvp/snapshots/2026-07-01T053352Z/raw,1081,1043,144e01281e848a2a4c711cb0058eddc75099bb40,d3881a1328862a39dc4af32e15c4826237a09adca2da7038eafb5659ddb68bb4,8bda06ce0251beedd6a5f2cd61a08ef37682841102d3b9d86a1ab602640baf4e,PARR,False,True,new_addition,recovered_by_essential_field_and_504_observation_retries_after_old_silent_enrichment_failure,True
2026-07-01T053352Z,2026-07-01T05:33:52.980988+00:00,2026-07-01T07:21:20.090043+00:00,2026-06-30,data/prospective/daily_qvp/snapshots/2026-07-01T053352Z/raw,1081,1043,144e01281e848a2a4c711cb0058eddc75099bb40,d3881a1328862a39dc4af32e15c4826237a09adca2da7038eafb5659ddb68bb4,8bda06ce0251beedd6a5f2cd61a08ef37682841102d3b9d86a1ab602640baf4e,PATH,False,True,new_addition,recovered_by_essential_field_and_504_observation_retries_after_old_silent_enrichment_failure,True
2026-07-01T053352Z,2026-07-01T05:33:52.980988+00:00,2026-07-01T07:21:20.090043+00:00,2026-06-30,data/prospective/daily_qvp/snapshots/2026-07-01T053352Z/raw,1081,1043,144e01281e848a2a4c711cb0058eddc75099bb40,d3881a1328862a39dc4af32e15c4826237a09adca2da7038eafb5659ddb68bb4,8bda06ce0251beedd6a5f2cd61a08ef37682841102d3b9d86a1ab602640baf4e,PATK,False,True,new_addition,recovered_by_essential_field_and_504_observation_retries_after_old_silent_enrichment_failure,True
2026-07-01T053352Z,2026-07-01T05:33:52.980988+00:00,2026-07-01T07:21:20.090043+00:00,2026-06-30,data/prospective/daily_qvp/snapshots/2026-07-01T053352Z/raw,1081,1043,144e01281e848a2a4c711cb0058eddc75099bb40,d3881a1328862a39dc4af32e15c4826237a09adca2da7038eafb5659ddb68bb4,8bda06ce0251beedd6a5f2cd61a08ef37682841102d3b9d86a1ab602640baf4e,PAY,False,True,new_addition,recovered_by_essential_field_and_504_observation_retries_after_old_silent_enrichment_failure,True
2026-07-01T053352Z,2026-07-01T05:33:52.980988+00:00,2026-07-01T07:21:20.090043+00:00,2026-06-30,data/prospective/daily_qvp/snapshots/2026-07-01T053352Z/raw,1081,1043,144e01281e848a2a4c711cb0058eddc75099bb40,d3881a1328862a39dc4af32e15c4826237a09adca2da7038eafb5659ddb68bb4,8bda06ce0251beedd6a5f2cd61a08ef37682841102d3b9d86a1ab602640baf4e,PAYC,False,True,new_addition,recovered_by_essential_field_and_504_observation_retries_after_old_silent_enrichment_failure,True
2026-07-01T053352Z,2026-07-01T05:33:52.980988+00:00,2026-07-01T07:21:20.090043+00:00,2026-06-30,data/prospective/daily_qvp/snapshots/2026-07-01T053352Z/raw,1081,1043,144e01281e848a2a4c711cb0058eddc75099bb40,d3881a1328862a39dc4af32e15c4826237a09adca2da7038eafb5659ddb68bb4,8bda06ce0251beedd6a5f2cd61a08ef37682841102d3b9d86a1ab602640baf4e,PAYX,False,True,new_addition,recovered_by_essential_field_and_504_observation_retries_after_old_silent_enrichment_failure,True
2026-07-01T053352Z,2026-07-01T05:33:52.980988+00:00,2026-07-01T07:21:20.090043+00:00,2026-06-30,data/prospective/daily_qvp/snapshots/2026-07-01T053352Z/raw,1081,1043,144e01281e848a2a4c711cb0058eddc75099bb40,d3881a1328862a39dc4af32e15c4826237a09adca2da7038eafb5659ddb68bb4,8bda06ce0251beedd6a5f2cd61a08ef37682841102d3b9d86a1ab602640baf4e,PBF,False,True,new_addition,recovered_by_essential_field_and_504_observation_retries_after_old_silent_enrichment_failure,True
2026-07-01T053352Z,2026-07-01T05:33:52.980988+00:00,2026-07-01T07:21:20.090043+00:00,2026-06-30,data/prospective/daily_qvp/snapshots/2026-07-01T053352Z/raw,1081,1043,144e01281e848a2a4c711cb0058eddc75099bb40,d3881a1328862a39dc4af32e15c4826237a09adca2da7038eafb5659ddb68bb4,8bda06ce0251beedd6a5f2cd61a08ef37682841102d3b9d86a1ab602640baf4e,PBH,False,True,new_addition,recovered_by_essential_field_and_504_observation_retries_after_old_silent_enrichment_failure,True
2026-07-01T053352Z,2026-07-01T05:33:52.980988+00:00,2026-07-01T07:21:20.090043+00:00,2026-06-30,data/prospective/daily_qvp/snapshots/2026-07-01T053352Z/raw,1081,1043,144e01281e848a2a4c711cb0058eddc75099bb40,d3881a1328862a39dc4af32e15c4826237a09adca2da7038eafb5659ddb68bb4,8bda06ce0251beedd6a5f2cd61a08ef37682841102d3b9d86a1ab602640baf4e,PBI,False,True,new_addition,recovered_by_essential_field_and_504_observation_retries_after_old_silent_enrichment_failure,True
2026-07-01T053352Z,2026-07-01T05:33:52.980988+00:00,2026-07-01T07:21:20.090043+00:00,2026-06-30,data/prospective/daily_qvp/snapshots/2026-07-01T053352Z/raw,1081,1043,144e01281e848a2a4c711cb0058eddc75099bb40,d3881a1328862a39dc4af32e15c4826237a09adca2da7038eafb5659ddb68bb4,8bda06ce0251beedd6a5f2cd61a08ef37682841102d3b9d86a1ab602640baf4e,PCAR,False,True,new_addition,recovered_by_essential_field_and_504_observation_retries_after_old_silent_enrichment_failure,True
2026-07-01T053352Z,2026-07-01T05:33:52.980988+00:00,2026-07-01T07:21:20.090043+00:00,2026-06-30,data/prospective/daily_qvp/snapshots/2026-07-01T053352Z/raw,1081,1043,144e01281e848a2a4c711cb0058eddc75099bb40,d3881a1328862a39dc4af32e15c4826237a09adca2da7038eafb5659ddb68bb4,8bda06ce0251beedd6a5f2cd61a08ef37682841102d3b9d86a1ab602640baf4e,PCG,False,True,new_addition,recovered_by_essential_field_and_504_observation_retries_after_old_silent_enrichment_failure,True
2026-07-01T053352Z,2026-07-01T05:33:52.980988+00:00,2026-07-01T07:21:20.090043+00:00,2026-06-30,data/prospective/daily_qvp/snapshots/2026-07-01T053352Z/raw,1081,1043,144e01281e848a2a4c711cb0058eddc75099bb40,d3881a1328862a39dc4af32e15c4826237a09adca2da7038eafb5659ddb68bb4,8bda06ce0251beedd6a5f2cd61a08ef37682841102d3b9d86a1ab602640baf4e,PCOR,False,True,new_addition,recovered_by_essential_field_and_504_observation_retries_after_old_silent_enrichment_failure,True
2026-07-01T053352Z,2026-07-01T05:33:52.980988+00:00,2026-07-01T07:21:20.090043+00:00,2026-06-30,data/prospective/daily_qvp/snapshots/2026-07-01T053352Z/raw,1081,1043,144e01281e848a2a4c711cb0058eddc75099bb40,d3881a1328862a39dc4af32e15c4826237a09adca2da7038eafb5659ddb68bb4,8bda06ce0251beedd6a5f2cd61a08ef37682841102d3b9d86a1ab602640baf4e,PCTY,False,True,new_addition,recovered_by_essential_field_and_504_observation_retries_after_old_silent_enrichment_failure,True
2026-07-01T053352Z,2026-07-01T05:33:52.980988+00:00,2026-07-01T07:21:20.090043+00:00,2026-06-30,data/prospective/daily_qvp/snapshots/2026-07-01T053352Z/raw,1081,1043,144e01281e848a2a4c711cb0058eddc75099bb40,d3881a1328862a39dc4af32e15c4826237a09adca2da7038eafb5659ddb68bb4,8bda06ce0251beedd6a5f2cd61a08ef37682841102d3b9d86a1ab602640baf4e,PCVX,False,True,new_addition,recovered_by_essential_field_and_504_observation_retries_after_old_silent_enrichment_failure,False
2026-07-01T053352Z,2026-07-01T05:33:52.980988+00:00,2026-07-01T07:21:20.090043+00:00,2026-06-30,data/prospective/daily_qvp/snapshots/2026-07-01T053352Z/raw,1081,1043,144e01281e848a2a4c711cb0058eddc75099bb40,d3881a1328862a39dc4af32e15c4826237a09adca2da7038eafb5659ddb68bb4,8bda06ce0251beedd6a5f2cd61a08ef37682841102d3b9d86a1ab602640baf4e,PDFS,False,True,new_addition,recovered_by_essential_field_and_504_observation_retries_after_old_silent_enrichment_failure,True
2026-07-01T053352Z,2026-07-01T05:33:52.980988+00:00,2026-07-01T07:21:20.090043+00:00,2026-06-30,data/prospective/daily_qvp/snapshots/2026-07-01T053352Z/raw,1081,1043,144e01281e848a2a4c711cb0058eddc75099bb40,d3881a1328862a39dc4af32e15c4826237a09adca2da7038eafb5659ddb68bb4,8bda06ce0251beedd6a5f2cd61a08ef37682841102d3b9d86a1ab602640baf4e,PEG,False,True,new_addition,recovered_by_essential_field_and_504_observation_retries_after_old_silent_enrichment_failure,True
2026-07-01T053352Z,2026-07-01T05:33:52.980988+00:00,2026-07-01T07:21:20.090043+00:00,2026-06-30,data/prospective/daily_qvp/snapshots/2026-07-01T053352Z/raw,1081,1043,144e01281e848a2a4c711cb0058eddc75099bb40,d3881a1328862a39dc4af32e15c4826237a09adca2da7038eafb5659ddb68bb4,8bda06ce0251beedd6a5f2cd61a08ef37682841102d3b9d86a1ab602640baf4e,PEGA,False,True,new_addition,recovered_by_essential_field_and_504_observation_retries_after_old_silent_enrichment_failure,True
2026-07-01T053352Z,2026-07-01T05:33:52.980988+00:00,2026-07-01T07:21:20.090043+00:00,2026-06-30,data/prospective/daily_qvp/snapshots/2026-07-01T053352Z/raw,1081,1043,144e01281e848a2a4c711cb0058eddc75099bb40,d3881a1328862a39dc4af32e15c4826237a09adca2da7038eafb5659ddb68bb4,8bda06ce0251beedd6a5f2cd61a08ef37682841102d3b9d86a1ab602640baf4e,PEN,False,True,new_addition,recovered_by_essential_field_and_504_observation_retries_after_old_silent_enrichment_failure,True
2026-07-01T053352Z,2026-07-01T05:33:52.980988+00:00,2026-07-01T07:21:20.090043+00:00,2026-06-30,data/prospective/daily_qvp/snapshots/2026-07-01T053352Z/raw,1081,1043,144e01281e848a2a4c711cb0058eddc75099bb40,d3881a1328862a39dc4af32e15c4826237a09adca2da7038eafb5659ddb68bb4,8bda06ce0251beedd6a5f2cd61a08ef37682841102d3b9d86a1ab602640baf4e,PENG,False,True,new_addition,recovered_by_essential_field_and_504_observation_retries_after_old_silent_enrichment_failure,True
2026-07-01T053352Z,2026-07-01T05:33:52.980988+00:00,2026-07-01T07:21:20.090043+00:00,2026-06-30,data/prospective/daily_qvp/snapshots/2026-07-01T053352Z/raw,1081,1043,144e01281e848a2a4c711cb0058eddc75099bb40,d3881a1328862a39dc4af32e15c4826237a09adca2da7038eafb5659ddb68bb4,8bda06ce0251beedd6a5f2cd61a08ef37682841102d3b9d86a1ab602640baf4e,PENN,False,True,new_addition,recovered_by_essential_field_and_504_observation_retries_after_old_silent_enrichment_failure,True
2026-07-01T053352Z,2026-07-01T05:33:52.980988+00:00,2026-07-01T07:21:20.090043+00:00,2026-06-30,data/prospective/daily_qvp/snapshots/2026-07-01T053352Z/raw,1081,1043,144e01281e848a2a4c711cb0058eddc75099bb40,d3881a1328862a39dc4af32e15c4826237a09adca2da7038eafb5659ddb68bb4,8bda06ce0251beedd6a5f2cd61a08ef37682841102d3b9d86a1ab602640baf4e,PEP,False,True,new_addition,recovered_by_essential_field_and_504_observation_retries_after_old_silent_enrichment_failure,True
2026-07-01T053352Z,2026-07-01T05:33:52.980988+00:00,2026-07-01T07:21:20.090043+00:00,2026-06-30,data/prospective/daily_qvp/snapshots/2026-07-01T053352Z/raw,1081,1043,144e01281e848a2a4c711cb0058eddc75099bb40,d3881a1328862a39dc4af32e15c4826237a09adca2da7038eafb5659ddb68bb4,8bda06ce0251beedd6a5f2cd61a08ef37682841102d3b9d86a1ab602640baf4e,PFE,False,True,new_addition,recovered_by_essential_field_and_504_observation_retries_after_old_silent_enrichment_failure,True
2026-07-01T053352Z,2026-07-01T05:33:52.980988+00:00,2026-07-01T07:21:20.090043+00:00,2026-06-30,data/prospective/daily_qvp/snapshots/2026-07-01T053352Z/raw,1081,1043,144e01281e848a2a4c711cb0058eddc75099bb40,d3881a1328862a39dc4af32e15c4826237a09adca2da7038eafb5659ddb68bb4,8bda06ce0251beedd6a5f2cd61a08ef37682841102d3b9d86a1ab602640baf4e,PFGC,False,True,new_addition,recovered_by_essential_field_and_504_observation_retries_after_old_silent_enrichment_failure,True
2026-07-01T053352Z,2026-07-01T05:33:52.980988+00:00,2026-07-01T07:21:20.090043+00:00,2026-06-30,data/prospective/daily_qvp/snapshots/2026-07-01T053352Z/raw,1081,1043,144e01281e848a2a4c711cb0058eddc75099bb40,d3881a1328862a39dc4af32e15c4826237a09adca2da7038eafb5659ddb68bb4,8bda06ce0251beedd6a5f2cd61a08ef37682841102d3b9d86a1ab602640baf4e,PG,False,True,new_addition,recovered_by_essential_field_and_504_observation_retries_after_old_silent_enrichment_failure,True
2026-07-01T053352Z,2026-07-01T05:33:52.980988+00:00,2026-07-01T07:21:20.090043+00:00,2026-06-30,data/prospective/daily_qvp/snapshots/2026-07-01T053352Z/raw,1081,1043,144e01281e848a2a4c711cb0058eddc75099bb40,d3881a1328862a39dc4af32e15c4826237a09adca2da7038eafb5659ddb68bb4,8bda06ce0251beedd6a5f2cd61a08ef37682841102d3b9d86a1ab602640baf4e,PGEN,False,True,new_addition,recovered_by_essential_field_and_504_observation_retries_after_old_silent_enrichment_failure,True
2026-07-01T053352Z,2026-07-01T05:33:52.980988+00:00,2026-07-01T07:21:20.090043+00:00,2026-06-30,data/prospective/daily_qvp/snapshots/2026-07-01T053352Z/raw,1081,1043,144e01281e848a2a4c711cb0058eddc75099bb40,d3881a1328862a39dc4af32e15c4826237a09adca2da7038eafb5659ddb68bb4,8bda06ce0251beedd6a5f2cd61a08ef37682841102d3b9d86a1ab602640baf4e,PGNY,False,True,new_addition,recovered_by_essential_field_and_504_observation_retries_after_old_silent_enrichment_failure,True
2026-07-01T053352Z,2026-07-01T05:33:52.980988+00:00,2026-07-01T07:21:20.090043+00:00,2026-06-30,data/prospective/daily_qvp/snapshots/2026-07-01T053352Z/raw,1081,1043,144e01281e848a2a4c711cb0058eddc75099bb40,d3881a1328862a39dc4af32e15c4826237a09adca2da7038eafb5659ddb68bb4,8bda06ce0251beedd6a5f2cd61a08ef37682841102d3b9d86a1ab602640baf4e,PH,False,True,new_addition,recovered_by_essential_field_and_504_observation_retries_after_old_silent_enrichment_failure,True
2026-07-01T053352Z,2026-07-01T05:33:52.980988+00:00,2026-07-01T07:21:20.090043+00:00,2026-06-30,data/prospective/daily_qvp/snapshots/2026-07-01T053352Z/raw,1081,1043,144e01281e848a2a4c711cb0058eddc75099bb40,d3881a1328862a39dc4af32e15c4826237a09adca2da7038eafb5659ddb68bb4,8bda06ce0251beedd6a5f2cd61a08ef37682841102d3b9d86a1ab602640baf4e,PHIN,False,True,new_addition,recovered_by_essential_field_and_504_observation_retries_after_old_silent_enrichment_failure,True
2026-07-01T053352Z,2026-07-01T05:33:52.980988+00:00,2026-07-01T07:21:20.090043+00:00,2026-06-30,data/prospective/daily_qvp/snapshots/2026-07-01T053352Z/raw,1081,1043,144e01281e848a2a4c711cb0058eddc75099bb40,d3881a1328862a39dc4af32e15c4826237a09adca2da7038eafb5659ddb68bb4,8bda06ce0251beedd6a5f2cd61a08ef37682841102d3b9d86a1ab602640baf4e,PHM,False,True,new_addition,recovered_by_essential_field_and_504_observation_retries_after_old_silent_enrichment_failure,True
2026-07-01T053352Z,2026-07-01T05:33:52.980988+00:00,2026-07-01T07:21:20.090043+00:00,2026-06-30,data/prospective/daily_qvp/snapshots/2026-07-01T053352Z/raw,1081,1043,144e01281e848a2a4c711cb0058eddc75099bb40,d3881a1328862a39dc4af32e15c4826237a09adca2da7038eafb5659ddb68bb4,8bda06ce0251beedd6a5f2cd61a08ef37682841102d3b9d86a1ab602640baf4e,PI,False,True,new_addition,recovered_by_essential_field_and_504_observation_retries_after_old_silent_enrichment_failure,True
2026-07-01T053352Z,2026-07-01T05:33:52.980988+00:00,2026-07-01T07:21:20.090043+00:00,2026-06-30,data/prospective/daily_qvp/snapshots/2026-07-01T053352Z/raw,1081,1043,144e01281e848a2a4c711cb0058eddc75099bb40,d3881a1328862a39dc4af32e15c4826237a09adca2da7038eafb5659ddb68bb4,8bda06ce0251beedd6a5f2cd61a08ef37682841102d3b9d86a1ab602640baf4e,PII,False,True,new_addition,recovered_by_essential_field_and_504_observation_retries_after_old_silent_enrichment_failure,True
2026-07-01T053352Z,2026-07-01T05:33:52.980988+00:00,2026-07-01T07:21:20.090043+00:00,2026-06-30,data/prospective/daily_qvp/snapshots/2026-07-01T053352Z/raw,1081,1043,144e01281e848a2a4c711cb0058eddc75099bb40,d3881a1328862a39dc4af32e15c4826237a09adca2da7038eafb5659ddb68bb4,8bda06ce0251beedd6a5f2cd61a08ef37682841102d3b9d86a1ab602640baf4e,PINS,False,True,new_addition,recovered_by_essential_field_and_504_observation_retries_after_old_silent_enrichment_failure,True
2026-07-01T053352Z,2026-07-01T05:33:52.980988+00:00,2026-07-01T07:21:20.090043+00:00,2026-06-30,data/prospective/daily_qvp/snapshots/2026-07-01T053352Z/raw,1081,1043,144e01281e848a2a4c711cb0058eddc75099bb40,d3881a1328862a39dc4af32e15c4826237a09adca2da7038eafb5659ddb68bb4,8bda06ce0251beedd6a5f2cd61a08ef37682841102d3b9d86a1ab602640baf4e,PKG,False,True,new_addition,recovered_by_essential_field_and_504_observation_retries_after_old_silent_enrichment_failure,True
2026-07-01T053352Z,2026-07-01T05:33:52.980988+00:00,2026-07-01T07:21:20.090043+00:00,2026-06-30,data/prospective/daily_qvp/snapshots/2026-07-01T053352Z/raw,1081,1043,144e01281e848a2a4c711cb0058eddc75099bb40,d3881a1328862a39dc4af32e15c4826237a09adca2da7038eafb5659ddb68bb4,8bda06ce0251beedd6a5f2cd61a08ef37682841102d3b9d86a1ab602640baf4e,PL,False,True,new_addition,recovered_by_essential_field_and_504_observation_retries_after_old_silent_enrichment_failure,True
2026-07-01T053352Z,2026-07-01T05:33:52.980988+00:00,2026-07-01T07:21:20.090043+00:00,2026-06-30,data/prospective/daily_qvp/snapshots/2026-07-01T053352Z/raw,1081,1043,144e01281e848a2a4c711cb0058eddc75099bb40,d3881a1328862a39dc4af32e15c4826237a09adca2da7038eafb5659ddb68bb4,8bda06ce0251beedd6a5f2cd61a08ef37682841102d3b9d86a1ab602640baf4e,PLNT,False,True,new_addition,recovered_by_essential_field_and_504_observation_retries_after_old_silent_enrichment_failure,True
2026-07-01T053352Z,2026-07-01T05:33:52.980988+00:00,2026-07-01T07:21:20.090043+00:00,2026-06-30,data/prospective/daily_qvp/snapshots/2026-07-01T053352Z/raw,1081,1043,144e01281e848a2a4c711cb0058eddc75099bb40,d3881a1328862a39dc4af32e15c4826237a09adca2da7038eafb5659ddb68bb4,8bda06ce0251beedd6a5f2cd61a08ef37682841102d3b9d86a1ab602640baf4e,PLTR,False,True,new_addition,recovered_by_essential_field_and_504_observation_retries_after_old_silent_enrichment_failure,True
2026-07-01T053352Z,2026-07-01T05:33:52.980988+00:00,2026-07-01T07:21:20.090043+00:00,2026-06-30,data/prospective/daily_qvp/snapshots/2026-07-01T053352Z/raw,1081,1043,144e01281e848a2a4c711cb0058eddc75099bb40,d3881a1328862a39dc4af32e15c4826237a09adca2da7038eafb5659ddb68bb4,8bda06ce0251beedd6a5f2cd61a08ef37682841102d3b9d86a1ab602640baf4e,PLUS,False,True,new_addition,recovered_by_essential_field_and_504_observation_retries_after_old_silent_enrichment_failure,True
2026-07-01T053352Z,2026-07-01T05:33:52.980988+00:00,2026-07-01T07:21:20.090043+00:00,2026-06-30,data/prospective/daily_qvp/snapshots/2026-07-01T053352Z/raw,1081,1043,144e01281e848a2a4c711cb0058eddc75099bb40,d3881a1328862a39dc4af32e15c4826237a09adca2da7038eafb5659ddb68bb4,8bda06ce0251beedd6a5f2cd61a08ef37682841102d3b9d86a1ab602640baf4e,PLXS,False,True,new_addition,recovered_by_essential_field_and_504_observation_retries_after_old_silent_enrichment_failure,True
2026-07-01T053352Z,2026-07-01T05:33:52.980988+00:00,2026-07-01T07:21:20.090043+00:00,2026-06-30,data/prospective/daily_qvp/snapshots/2026-07-01T053352Z/raw,1081,1043,144e01281e848a2a4c711cb0058eddc75099bb40,d3881a1328862a39dc4af32e15c4826237a09adca2da7038eafb5659ddb68bb4,8bda06ce0251beedd6a5f2cd61a08ef37682841102d3b9d86a1ab602640baf4e,PM,False,True,new_addition,recovered_by_essential_field_and_504_observation_retries_after_old_silent_enrichment_failure,True
2026-07-01T053352Z,2026-07-01T05:33:52.980988+00:00,2026-07-01T07:21:20.090043+00:00,2026-06-30,data/prospective/daily_qvp/snapshots/2026-07-01T053352Z/raw,1081,1043,144e01281e848a2a4c711cb0058eddc75099bb40,d3881a1328862a39dc4af32e15c4826237a09adca2da7038eafb5659ddb68bb4,8bda06ce0251beedd6a5f2cd61a08ef37682841102d3b9d86a1ab602640baf4e,PNW,False,True,new_addition,recovered_by_essential_field_and_504_observation_retries_after_old_silent_enrichment_failure,True
2026-07-01T053352Z,2026-07-01T05:33:52.980988+00:00,2026-07-01T07:21:20.090043+00:00,2026-06-30,data/prospective/daily_qvp/snapshots/2026-07-01T053352Z/raw,1081,1043,144e01281e848a2a4c711cb0058eddc75099bb40,d3881a1328862a39dc4af32e15c4826237a09adca2da7038eafb5659ddb68bb4,8bda06ce0251beedd6a5f2cd61a08ef37682841102d3b9d86a1ab602640baf4e,PODD,False,True,new_addition,recovered_by_essential_field_and_504_observation_retries_after_old_silent_enrichment_failure,True
2026-07-01T053352Z,2026-07-01T05:33:52.980988+00:00,2026-07-01T07:21:20.090043+00:00,2026-06-30,data/prospective/daily_qvp/snapshots/2026-07-01T053352Z/raw,1081,1043,144e01281e848a2a4c711cb0058eddc75099bb40,d3881a1328862a39dc4af32e15c4826237a09adca2da7038eafb5659ddb68bb4,8bda06ce0251beedd6a5f2cd61a08ef37682841102d3b9d86a1ab602640baf4e,POOL,False,True,new_addition,recovered_by_essential_field_and_504_observation_retries_after_old_silent_enrichment_failure,True
2026-07-01T053352Z,2026-07-01T05:33:52.980988+00:00,2026-07-01T07:21:20.090043+00:00,2026-06-30,data/prospective/daily_qvp/snapshots/2026-07-01T053352Z/raw,1081,1043,144e01281e848a2a4c711cb0058eddc75099bb40,d3881a1328862a39dc4af32e15c4826237a09adca2da7038eafb5659ddb68bb4,8bda06ce0251beedd6a5f2cd61a08ef37682841102d3b9d86a1ab602640baf4e,POR,False,True,new_addition,recovered_by_essential_field_and_504_observation_retries_after_old_silent_enrichment_failure,True
2026-07-01T053352Z,2026-07-01T05:33:52.980988+00:00,2026-07-01T07:21:20.090043+00:00,2026-06-30,data/prospective/daily_qvp/snapshots/2026-07-01T053352Z/raw,1081,1043,144e01281e848a2a4c711cb0058eddc75099bb40,d3881a1328862a39dc4af32e15c4826237a09adca2da7038eafb5659ddb68bb4,8bda06ce0251beedd6a5f2cd61a08ef37682841102d3b9d86a1ab602640baf4e,POST,False,True,new_addition,recovered_by_essential_field_and_504_observation_retries_after_old_silent_enrichment_failure,True
2026-07-01T053352Z,2026-07-01T05:33:52.980988+00:00,2026-07-01T07:21:20.090043+00:00,2026-06-30,data/prospective/daily_qvp/snapshots/2026-07-01T053352Z/raw,1081,1043,144e01281e848a2a4c711cb0058eddc75099bb40,d3881a1328862a39dc4af32e15c4826237a09adca2da7038eafb5659ddb68bb4,8bda06ce0251beedd6a5f2cd61a08ef37682841102d3b9d86a1ab602640baf4e,POWI,False,True,new_addition,recovered_by_essential_field_and_504_observation_retries_after_old_silent_enrichment_failure,False
2026-07-01T053352Z,2026-07-01T05:33:52.980988+00:00,2026-07-01T07:21:20.090043+00:00,2026-06-30,data/prospective/daily_qvp/snapshots/2026-07-01T053352Z/raw,1081,1043,144e01281e848a2a4c711cb0058eddc75099bb40,d3881a1328862a39dc4af32e15c4826237a09adca2da7038eafb5659ddb68bb4,8bda06ce0251beedd6a5f2cd61a08ef37682841102d3b9d86a1ab602640baf4e,POWL,False,True,new_addition,recovered_by_essential_field_and_504_observation_retries_after_old_silent_enrichment_failure,True
2026-07-01T053352Z,2026-07-01T05:33:52.980988+00:00,2026-07-01T07:21:20.090043+00:00,2026-06-30,data/prospective/daily_qvp/snapshots/2026-07-01T053352Z/raw,1081,1043,144e01281e848a2a4c711cb0058eddc75099bb40,d3881a1328862a39dc4af32e15c4826237a09adca2da7038eafb5659ddb68bb4,8bda06ce0251beedd6a5f2cd61a08ef37682841102d3b9d86a1ab602640baf4e,PPC,False,True,new_addition,recovered_by_essential_field_and_504_observation_retries_after_old_silent_enrichment_failure,True
2026-07-01T053352Z,2026-07-01T05:33:52.980988+00:00,2026-07-01T07:21:20.090043+00:00,2026-06-30,data/prospective/daily_qvp/snapshots/2026-07-01T053352Z/raw,1081,1043,144e01281e848a2a4c711cb0058eddc75099bb40,d3881a1328862a39dc4af32e15c4826237a09adca2da7038eafb5659ddb68bb4,8bda06ce0251beedd6a5f2cd61a08ef37682841102d3b9d86a1ab602640baf4e,PPG,False,True,new_addition,recovered_by_essential_field_and_504_observation_retries_after_old_silent_enrichment_failure,True
2026-07-01T053352Z,2026-07-01T05:33:52.980988+00:00,2026-07-01T07:21:20.090043+00:00,2026-06-30,data/prospective/daily_qvp/snapshots/2026-07-01T053352Z/raw,1081,1043,144e01281e848a2a4c711cb0058eddc75099bb40,d3881a1328862a39dc4af32e15c4826237a09adca2da7038eafb5659ddb68bb4,8bda06ce0251beedd6a5f2cd61a08ef37682841102d3b9d86a1ab602640baf4e,PPL,False,True,new_addition,recovered_by_essential_field_and_504_observation_retries_after_old_silent_enrichment_failure,True
2026-07-01T053352Z,2026-07-01T05:33:52.980988+00:00,2026-07-01T07:21:20.090043+00:00,2026-06-30,data/prospective/daily_qvp/snapshots/2026-07-01T053352Z/raw,1081,1043,144e01281e848a2a4c711cb0058eddc75099bb40,d3881a1328862a39dc4af32e15c4826237a09adca2da7038eafb5659ddb68bb4,8bda06ce0251beedd6a5f2cd61a08ef37682841102d3b9d86a1ab602640baf4e,PPLI,False,True,new_addition,recovered_by_essential_field_and_504_observation_retries_after_old_silent_enrichment_failure,True
2026-07-01T053352Z,2026-07-01T05:33:52.980988+00:00,2026-07-01T07:21:20.090043+00:00,2026-06-30,data/prospective/daily_qvp/snapshots/2026-07-01T053352Z/raw,1081,1043,144e01281e848a2a4c711cb0058eddc75099bb40,d3881a1328862a39dc4af32e15c4826237a09adca2da7038eafb5659ddb68bb4,8bda06ce0251beedd6a5f2cd61a08ef37682841102d3b9d86a1ab602640baf4e,PR,False,True,new_addition,recovered_by_essential_field_and_504_observation_retries_after_old_silent_enrichment_failure,True
2026-07-01T053352Z,2026-07-01T05:33:52.980988+00:00,2026-07-01T07:21:20.090043+00:00,2026-06-30,data/prospective/daily_qvp/snapshots/2026-07-01T053352Z/raw,1081,1043,144e01281e848a2a4c711cb0058eddc75099bb40,d3881a1328862a39dc4af32e15c4826237a09adca2da7038eafb5659ddb68bb4,8bda06ce0251beedd6a5f2cd61a08ef37682841102d3b9d86a1ab602640baf4e,PRAX,False,True,new_addition,recovered_by_essential_field_and_504_observation_retries_after_old_silent_enrichment_failure,False
2026-07-01T053352Z,2026-07-01T05:33:52.980988+00:00,2026-07-01T07:21:20.090043+00:00,2026-06-30,data/prospective/daily_qvp/snapshots/2026-07-01T053352Z/raw,1081,1043,144e01281e848a2a4c711cb0058eddc75099bb40,d3881a1328862a39dc4af32e15c4826237a09adca2da7038eafb5659ddb68bb4,8bda06ce0251beedd6a5f2cd61a08ef37682841102d3b9d86a1ab602640baf4e,PRDO,False,True,new_addition,recovered_by_essential_field_and_504_observation_retries_after_old_silent_enrichment_failure,True
2026-07-01T053352Z,2026-07-01T05:33:52.980988+00:00,2026-07-01T07:21:20.090043+00:00,2026-06-30,data/prospective/daily_qvp/snapshots/2026-07-01T053352Z/raw,1081,1043,144e01281e848a2a4c711cb0058eddc75099bb40,d3881a1328862a39dc4af32e15c4826237a09adca2da7038eafb5659ddb68bb4,8bda06ce0251beedd6a5f2cd61a08ef37682841102d3b9d86a1ab602640baf4e,PRIM,False,True,new_addition,recovered_by_essential_field_and_504_observation_retries_after_old_silent_enrichment_failure,True
2026-07-01T053352Z,2026-07-01T05:33:52.980988+00:00,2026-07-01T07:21:20.090043+00:00,2026-06-30,data/prospective/daily_qvp/snapshots/2026-07-01T053352Z/raw,1081,1043,144e01281e848a2a4c711cb0058eddc75099bb40,d3881a1328862a39dc4af32e15c4826237a09adca2da7038eafb5659ddb68bb4,8bda06ce0251beedd6a5f2cd61a08ef37682841102d3b9d86a1ab602640baf4e,PRKS,False,True,new_addition,recovered_by_essential_field_and_504_observation_retries_after_old_silent_enrichment_failure,True
2026-07-01T053352Z,2026-07-01T05:33:52.980988+00:00,2026-07-01T07:21:20.090043+00:00,2026-06-30,data/prospective/daily_qvp/snapshots/2026-07-01T053352Z/raw,1081,1043,144e01281e848a2a4c711cb0058eddc75099bb40,d3881a1328862a39dc4af32e15c4826237a09adca2da7038eafb5659ddb68bb4,8bda06ce0251beedd6a5f2cd61a08ef37682841102d3b9d86a1ab602640baf4e,PRM,False,True,new_addition,recovered_by_essential_field_and_504_observation_retries_after_old_silent_enrichment_failure,True
2026-07-01T053352Z,2026-07-01T05:33:52.980988+00:00,2026-07-01T07:21:20.090043+00:00,2026-06-30,data/prospective/daily_qvp/snapshots/2026-07-01T053352Z/raw,1081,1043,144e01281e848a2a4c711cb0058eddc75099bb40,d3881a1328862a39dc4af32e15c4826237a09adca2da7038eafb5659ddb68bb4,8bda06ce0251beedd6a5f2cd61a08ef37682841102d3b9d86a1ab602640baf4e,PRMB,False,True,new_addition,recovered_by_essential_field_and_504_observation_retries_after_old_silent_enrichment_failure,True
2026-07-01T053352Z,2026-07-01T05:33:52.980988+00:00,2026-07-01T07:21:20.090043+00:00,2026-06-30,data/prospective/daily_qvp/snapshots/2026-07-01T053352Z/raw,1081,1043,144e01281e848a2a4c711cb0058eddc75099bb40,d3881a1328862a39dc4af32e15c4826237a09adca2da7038eafb5659ddb68bb4,8bda06ce0251beedd6a5f2cd61a08ef37682841102d3b9d86a1ab602640baf4e,PRVA,False,True,new_addition,recovered_by_essential_field_and_504_observation_retries_after_old_silent_enrichment_failure,True
2026-07-01T053352Z,2026-07-01T05:33:52.980988+00:00,2026-07-01T07:21:20.090043+00:00,2026-06-30,data/prospective/daily_qvp/snapshots/2026-07-01T053352Z/raw,1081,1043,144e01281e848a2a4c711cb0058eddc75099bb40,d3881a1328862a39dc4af32e15c4826237a09adca2da7038eafb5659ddb68bb4,8bda06ce0251beedd6a5f2cd61a08ef37682841102d3b9d86a1ab602640baf4e,PSKY,False,True,new_addition,recovered_by_essential_field_and_504_observation_retries_after_old_silent_enrichment_failure,True
2026-07-01T053352Z,2026-07-01T05:33:52.980988+00:00,2026-07-01T07:21:20.090043+00:00,2026-06-30,data/prospective/daily_qvp/snapshots/2026-07-01T053352Z/raw,1081,1043,144e01281e848a2a4c711cb0058eddc75099bb40,d3881a1328862a39dc4af32e15c4826237a09adca2da7038eafb5659ddb68bb4,8bda06ce0251beedd6a5f2cd61a08ef37682841102d3b9d86a1ab602640baf4e,PSMT,False,True,new_addition,recovered_by_essential_field_and_504_observation_retries_after_old_silent_enrichment_failure,True
2026-07-01T053352Z,2026-07-01T05:33:52.980988+00:00,2026-07-01T07:21:20.090043+00:00,2026-06-30,data/prospective/daily_qvp/snapshots/2026-07-01T053352Z/raw,1081,1043,144e01281e848a2a4c711cb0058eddc75099bb40,d3881a1328862a39dc4af32e15c4826237a09adca2da7038eafb5659ddb68bb4,8bda06ce0251beedd6a5f2cd61a08ef37682841102d3b9d86a1ab602640baf4e,PSN,False,True,new_addition,recovered_by_essential_field_and_504_observation_retries_after_old_silent_enrichment_failure,True
2026-07-01T053352Z,2026-07-01T05:33:52.980988+00:00,2026-07-01T07:21:20.090043+00:00,2026-06-30,data/prospective/daily_qvp/snapshots/2026-07-01T053352Z/raw,1081,1043,144e01281e848a2a4c711cb0058eddc75099bb40,d3881a1328862a39dc4af32e15c4826237a09adca2da7038eafb5659ddb68bb4,8bda06ce0251beedd6a5f2cd61a08ef37682841102d3b9d86a1ab602640baf4e,PSX,False,True,new_addition,recovered_by_essential_field_and_504_observation_retries_after_old_silent_enrichment_failure,True
2026-07-01T053352Z,2026-07-01T05:33:52.980988+00:00,2026-07-01T07:21:20.090043+00:00,2026-06-30,data/prospective/daily_qvp/snapshots/2026-07-01T053352Z/raw,1081,1043,144e01281e848a2a4c711cb0058eddc75099bb40,d3881a1328862a39dc4af32e15c4826237a09adca2da7038eafb5659ddb68bb4,8bda06ce0251beedd6a5f2cd61a08ef37682841102d3b9d86a1ab602640baf4e,PTC,False,True,new_addition,recovered_by_essential_field_and_504_observation_retries_after_old_silent_enrichment_failure,True
2026-07-01T053352Z,2026-07-01T05:33:52.980988+00:00,2026-07-01T07:21:20.090043+00:00,2026-06-30,data/prospective/daily_qvp/snapshots/2026-07-01T053352Z/raw,1081,1043,144e01281e848a2a4c711cb0058eddc75099bb40,d3881a1328862a39dc4af32e15c4826237a09adca2da7038eafb5659ddb68bb4,8bda06ce0251beedd6a5f2cd61a08ef37682841102d3b9d86a1ab602640baf4e,PTCT,False,True,new_addition,recovered_by_essential_field_and_504_observation_retries_after_old_silent_enrichment_failure,True
2026-07-01T053352Z,2026-07-01T05:33:52.980988+00:00,2026-07-01T07:21:20.090043+00:00,2026-06-30,data/prospective/daily_qvp/snapshots/2026-07-01T053352Z/raw,1081,1043,144e01281e848a2a4c711cb0058eddc75099bb40,d3881a1328862a39dc4af32e15c4826237a09adca2da7038eafb5659ddb68bb4,8bda06ce0251beedd6a5f2cd61a08ef37682841102d3b9d86a1ab602640baf4e,PTEN,False,True,new_addition,recovered_by_essential_field_and_504_observation_retries_after_old_silent_enrichment_failure,True
2026-07-01T053352Z,2026-07-01T05:33:52.980988+00:00,2026-07-01T07:21:20.090043+00:00,2026-06-30,data/prospective/daily_qvp/snapshots/2026-07-01T053352Z/raw,1081,1043,144e01281e848a2a4c711cb0058eddc75099bb40,d3881a1328862a39dc4af32e15c4826237a09adca2da7038eafb5659ddb68bb4,8bda06ce0251beedd6a5f2cd61a08ef37682841102d3b9d86a1ab602640baf4e,PTON,False,True,new_addition,recovered_by_essential_field_and_504_observation_retries_after_old_silent_enrichment_failure,True
2026-07-01T053352Z,2026-07-01T05:33:52.980988+00:00,2026-07-01T07:21:20.090043+00:00,2026-06-30,data/prospective/daily_qvp/snapshots/2026-07-01T053352Z/raw,1081,1043,144e01281e848a2a4c711cb0058eddc75099bb40,d3881a1328862a39dc4af32e15c4826237a09adca2da7038eafb5659ddb68bb4,8bda06ce0251beedd6a5f2cd61a08ef37682841102d3b9d86a1ab602640baf4e,PVH,False,True,new_addition,recovered_by_essential_field_and_504_observation_retries_after_old_silent_enrichment_failure,True
2026-07-01T053352Z,2026-07-01T05:33:52.980988+00:00,2026-07-01T07:21:20.090043+00:00,2026-06-30,data/prospective/daily_qvp/snapshots/2026-07-01T053352Z/raw,1081,1043,144e01281e848a2a4c711cb0058eddc75099bb40,d3881a1328862a39dc4af32e15c4826237a09adca2da7038eafb5659ddb68bb4,8bda06ce0251beedd6a5f2cd61a08ef37682841102d3b9d86a1ab602640baf4e,PWR,False,True,new_addition,recovered_by_essential_field_and_504_observation_retries_after_old_silent_enrichment_failure,True
2026-07-01T053352Z,2026-07-01T05:33:52.980988+00:00,2026-07-01T07:21:20.090043+00:00,2026-06-30,data/prospective/daily_qvp/snapshots/2026-07-01T053352Z/raw,1081,1043,144e01281e848a2a4c711cb0058eddc75099bb40,d3881a1328862a39dc4af32e15c4826237a09adca2da7038eafb5659ddb68bb4,8bda06ce0251beedd6a5f2cd61a08ef37682841102d3b9d86a1ab602640baf4e,QBTS,False,True,new_addition,recovered_by_essential_field_and_504_observation_retries_after_old_silent_enrichment_failure,True
2026-07-01T053352Z,2026-07-01T05:33:52.980988+00:00,2026-07-01T07:21:20.090043+00:00,2026-06-30,data/prospective/daily_qvp/snapshots/2026-07-01T053352Z/raw,1081,1043,144e01281e848a2a4c711cb0058eddc75099bb40,d3881a1328862a39dc4af32e15c4826237a09adca2da7038eafb5659ddb68bb4,8bda06ce0251beedd6a5f2cd61a08ef37682841102d3b9d86a1ab602640baf4e,QCOM,False,True,new_addition,recovered_by_essential_field_and_504_observation_retries_after_old_silent_enrichment_failure,True
2026-07-01T053352Z,2026-07-01T05:33:52.980988+00:00,2026-07-01T07:21:20.090043+00:00,2026-06-30,data/prospective/daily_qvp/snapshots/2026-07-01T053352Z/raw,1081,1043,144e01281e848a2a4c711cb0058eddc75099bb40,d3881a1328862a39dc4af32e15c4826237a09adca2da7038eafb5659ddb68bb4,8bda06ce0251beedd6a5f2cd61a08ef37682841102d3b9d86a1ab602640baf4e,QLYS,False,True,new_addition,recovered_by_essential_field_and_504_observation_retries_after_old_silent_enrichment_failure,True
2026-07-01T053352Z,2026-07-01T05:33:52.980988+00:00,2026-07-01T07:21:20.090043+00:00,2026-06-30,data/prospective/daily_qvp/snapshots/2026-07-01T053352Z/raw,1081,1043,144e01281e848a2a4c711cb0058eddc75099bb40,d3881a1328862a39dc4af32e15c4826237a09adca2da7038eafb5659ddb68bb4,8bda06ce0251beedd6a5f2cd61a08ef37682841102d3b9d86a1ab602640baf4e,QRVO,False,True,new_addition,recovered_by_essential_field_and_504_observation_retries_after_old_silent_enrichment_failure,True
2026-07-01T053352Z,2026-07-01T05:33:52.980988+00:00,2026-07-01T07:21:20.090043+00:00,2026-06-30,data/prospective/daily_qvp/snapshots/2026-07-01T053352Z/raw,1081,1043,144e01281e848a2a4c711cb0058eddc75099bb40,d3881a1328862a39dc4af32e15c4826237a09adca2da7038eafb5659ddb68bb4,8bda06ce0251beedd6a5f2cd61a08ef37682841102d3b9d86a1ab602640baf4e,QS,False,True,new_addition,recovered_by_essential_field_and_504_observation_retries_after_old_silent_enrichment_failure,False
2026-07-01T053352Z,2026-07-01T05:33:52.980988+00:00,2026-07-01T07:21:20.090043+00:00,2026-06-30,data/prospective/daily_qvp/snapshots/2026-07-01T053352Z/raw,1081,1043,144e01281e848a2a4c711cb0058eddc75099bb40,d3881a1328862a39dc4af32e15c4826237a09adca2da7038eafb5659ddb68bb4,8bda06ce0251beedd6a5f2cd61a08ef37682841102d3b9d86a1ab602640baf4e,QSR,False,True,new_addition,recovered_by_essential_field_and_504_observation_retries_after_old_silent_enrichment_failure,True
2026-07-01T053352Z,2026-07-01T05:33:52.980988+00:00,2026-07-01T07:21:20.090043+00:00,2026-06-30,data/prospective/daily_qvp/snapshots/2026-07-01T053352Z/raw,1081,1043,144e01281e848a2a4c711cb0058eddc75099bb40,d3881a1328862a39dc4af32e15c4826237a09adca2da7038eafb5659ddb68bb4,8bda06ce0251beedd6a5f2cd61a08ef37682841102d3b9d86a1ab602640baf4e,QTWO,False,True,new_addition,recovered_by_essential_field_and_504_observation_retries_after_old_silent_enrichment_failure,True
2026-07-01T053352Z,2026-07-01T05:33:52.980988+00:00,2026-07-01T07:21:20.090043+00:00,2026-06-30,data/prospective/daily_qvp/snapshots/2026-07-01T053352Z/raw,1081,1043,144e01281e848a2a4c711cb0058eddc75099bb40,d3881a1328862a39dc4af32e15c4826237a09adca2da7038eafb5659ddb68bb4,8bda06ce0251beedd6a5f2cd61a08ef37682841102d3b9d86a1ab602640baf4e,QXO,False,True,new_addition,recovered_by_essential_field_and_504_observation_retries_after_old_silent_enrichment_failure,True
2026-07-01T053352Z,2026-07-01T05:33:52.980988+00:00,2026-07-01T07:21:20.090043+00:00,2026-06-30,data/prospective/daily_qvp/snapshots/2026-07-01T053352Z/raw,1081,1043,144e01281e848a2a4c711cb0058eddc75099bb40,d3881a1328862a39dc4af32e15c4826237a09adca2da7038eafb5659ddb68bb4,8bda06ce0251beedd6a5f2cd61a08ef37682841102d3b9d86a1ab602640baf4e,R,False,True,new_addition,recovered_by_essential_field_and_504_observation_retries_after_old_silent_enrichment_failure,True
2026-07-01T053352Z,2026-07-01T05:33:52.980988+00:00,2026-07-01T07:21:20.090043+00:00,2026-06-30,data/prospective/daily_qvp/snapshots/2026-07-01T053352Z/raw,1081,1043,144e01281e848a2a4c711cb0058eddc75099bb40,d3881a1328862a39dc4af32e15c4826237a09adca2da7038eafb5659ddb68bb4,8bda06ce0251beedd6a5f2cd61a08ef37682841102d3b9d86a1ab602640baf4e,RAMP,False,True,new_addition,recovered_by_essential_field_and_504_observation_retries_after_old_silent_enrichment_failure,True
2026-07-01T053352Z,2026-07-01T05:33:52.980988+00:00,2026-07-01T07:21:20.090043+00:00,2026-06-30,data/prospective/daily_qvp/snapshots/2026-07-01T053352Z/raw,1081,1043,144e01281e848a2a4c711cb0058eddc75099bb40,d3881a1328862a39dc4af32e15c4826237a09adca2da7038eafb5659ddb68bb4,8bda06ce0251beedd6a5f2cd61a08ef37682841102d3b9d86a1ab602640baf4e,RARE,False,True,new_addition,recovered_by_essential_field_and_504_observation_retries_after_old_silent_enrichment_failure,True
2026-07-01T053352Z,2026-07-01T05:33:52.980988+00:00,2026-07-01T07:21:20.090043+00:00,2026-06-30,data/prospective/daily_qvp/snapshots/2026-07-01T053352Z/raw,1081,1043,144e01281e848a2a4c711cb0058eddc75099bb40,d3881a1328862a39dc4af32e15c4826237a09adca2da7038eafb5659ddb68bb4,8bda06ce0251beedd6a5f2cd61a08ef37682841102d3b9d86a1ab602640baf4e,RBA,False,True,new_addition,recovered_by_essential_field_and_504_observation_retries_after_old_silent_enrichment_failure,True
2026-07-01T053352Z,2026-07-01T05:33:52.980988+00:00,2026-07-01T07:21:20.090043+00:00,2026-06-30,data/prospective/daily_qvp/snapshots/2026-07-01T053352Z/raw,1081,1043,144e01281e848a2a4c711cb0058eddc75099bb40,d3881a1328862a39dc4af32e15c4826237a09adca2da7038eafb5659ddb68bb4,8bda06ce0251beedd6a5f2cd61a08ef37682841102d3b9d86a1ab602640baf4e,RBC,False,True,new_addition,recovered_by_essential_field_and_504_observation_retries_after_old_silent_enrichment_failure,True
2026-07-01T053352Z,2026-07-01T05:33:52.980988+00:00,2026-07-01T07:21:20.090043+00:00,2026-06-30,data/prospective/daily_qvp/snapshots/2026-07-01T053352Z/raw,1081,1043,144e01281e848a2a4c711cb0058eddc75099bb40,d3881a1328862a39dc4af32e15c4826237a09adca2da7038eafb5659ddb68bb4,8bda06ce0251beedd6a5f2cd61a08ef37682841102d3b9d86a1ab602640baf4e,RBLX,False,True,new_addition,recovered_by_essential_field_and_504_observation_retries_after_old_silent_enrichment_failure,True
2026-07-01T053352Z,2026-07-01T05:33:52.980988+00:00,2026-07-01T07:21:20.090043+00:00,2026-06-30,data/prospective/daily_qvp/snapshots/2026-07-01T053352Z/raw,1081,1043,144e01281e848a2a4c711cb0058eddc75099bb40,d3881a1328862a39dc4af32e15c4826237a09adca2da7038eafb5659ddb68bb4,8bda06ce0251beedd6a5f2cd61a08ef37682841102d3b9d86a1ab602640baf4e,RBRK,False,True,new_addition,recovered_by_essential_field_and_504_observation_retries_after_old_silent_enrichment_failure,True
2026-07-01T053352Z,2026-07-01T05:33:52.980988+00:00,2026-07-01T07:21:20.090043+00:00,2026-06-30,data/prospective/daily_qvp/snapshots/2026-07-01T053352Z/raw,1081,1043,144e01281e848a2a4c711cb0058eddc75099bb40,d3881a1328862a39dc4af32e15c4826237a09adca2da7038eafb5659ddb68bb4,8bda06ce0251beedd6a5f2cd61a08ef37682841102d3b9d86a1ab602640baf4e,RCL,False,True,new_addition,recovered_by_essential_field_and_504_observation_retries_after_old_silent_enrichment_failure,True
2026-07-01T053352Z,2026-07-01T05:33:52.980988+00:00,2026-07-01T07:21:20.090043+00:00,2026-06-30,data/prospective/daily_qvp/snapshots/2026-07-01T053352Z/raw,1081,1043,144e01281e848a2a4c711cb0058eddc75099bb40,d3881a1328862a39dc4af32e15c4826237a09adca2da7038eafb5659ddb68bb4,8bda06ce0251beedd6a5f2cd61a08ef37682841102d3b9d86a1ab602640baf4e,RCUS,False,True,new_addition,recovered_by_essential_field_and_504_observation_retries_after_old_silent_enrichment_failure,False
2026-07-01T053352Z,2026-07-01T05:33:52.980988+00:00,2026-07-01T07:21:20.090043+00:00,2026-06-30,data/prospective/daily_qvp/snapshots/2026-07-01T053352Z/raw,1081,1043,144e01281e848a2a4c711cb0058eddc75099bb40,d3881a1328862a39dc4af32e15c4826237a09adca2da7038eafb5659ddb68bb4,8bda06ce0251beedd6a5f2cd61a08ef37682841102d3b9d86a1ab602640baf4e,RDDT,False,True,new_addition,recovered_by_essential_field_and_504_observation_retries_after_old_silent_enrichment_failure,True
2026-07-01T053352Z,2026-07-01T05:33:52.980988+00:00,2026-07-01T07:21:20.090043+00:00,2026-06-30,data/prospective/daily_qvp/snapshots/2026-07-01T053352Z/raw,1081,1043,144e01281e848a2a4c711cb0058eddc75099bb40,d3881a1328862a39dc4af32e15c4826237a09adca2da7038eafb5659ddb68bb4,8bda06ce0251beedd6a5f2cd61a08ef37682841102d3b9d86a1ab602640baf4e,RDW,False,True,new_addition,recovered_by_essential_field_and_504_observation_retries_after_old_silent_enrichment_failure,True
2026-07-01T053352Z,2026-07-01T05:33:52.980988+00:00,2026-07-01T07:21:20.090043+00:00,2026-06-30,data/prospective/daily_qvp/snapshots/2026-07-01T053352Z/raw,1081,1043,144e01281e848a2a4c711cb0058eddc75099bb40,d3881a1328862a39dc4af32e15c4826237a09adca2da7038eafb5659ddb68bb4,8bda06ce0251beedd6a5f2cd61a08ef37682841102d3b9d86a1ab602640baf4e,REGN,False,True,new_addition,recovered_by_essential_field_and_504_observation_retries_after_old_silent_enrichment_failure,True
2026-07-01T053352Z,2026-07-01T05:33:52.980988+00:00,2026-07-01T07:21:20.090043+00:00,2026-06-30,data/prospective/daily_qvp/snapshots/2026-07-01T053352Z/raw,1081,1043,144e01281e848a2a4c711cb0058eddc75099bb40,d3881a1328862a39dc4af32e15c4826237a09adca2da7038eafb5659ddb68bb4,8bda06ce0251beedd6a5f2cd61a08ef37682841102d3b9d86a1ab602640baf4e,RELY,False,True,new_addition,recovered_by_essential_field_and_504_observation_retries_after_old_silent_enrichment_failure,True
2026-07-01T053352Z,2026-07-01T05:33:52.980988+00:00,2026-07-01T07:21:20.090043+00:00,2026-06-30,data/prospective/daily_qvp/snapshots/2026-07-01T053352Z/raw,1081,1043,144e01281e848a2a4c711cb0058eddc75099bb40,d3881a1328862a39dc4af32e15c4826237a09adca2da7038eafb5659ddb68bb4,8bda06ce0251beedd6a5f2cd61a08ef37682841102d3b9d86a1ab602640baf4e,REYN,False,True,new_addition,recovered_by_essential_field_and_504_observation_retries_after_old_silent_enrichment_failure,True
2026-07-01T053352Z,2026-07-01T05:33:52.980988+00:00,2026-07-01T07:21:20.090043+00:00,2026-06-30,data/prospective/daily_qvp/snapshots/2026-07-01T053352Z/raw,1081,1043,144e01281e848a2a4c711cb0058eddc75099bb40,d3881a1328862a39dc4af32e15c4826237a09adca2da7038eafb5659ddb68bb4,8bda06ce0251beedd6a5f2cd61a08ef37682841102d3b9d86a1ab602640baf4e,REZI,False,True,new_addition,recovered_by_essential_field_and_504_observation_retries_after_old_silent_enrichment_failure,True
2026-07-01T053352Z,2026-07-01T05:33:52.980988+00:00,2026-07-01T07:21:20.090043+00:00,2026-06-30,data/prospective/daily_qvp/snapshots/2026-07-01T053352Z/raw,1081,1043,144e01281e848a2a4c711cb0058eddc75099bb40,d3881a1328862a39dc4af32e15c4826237a09adca2da7038eafb5659ddb68bb4,8bda06ce0251beedd6a5f2cd61a08ef37682841102d3b9d86a1ab602640baf4e,RGEN,False,True,new_addition,recovered_by_essential_field_and_504_observation_retries_after_old_silent_enrichment_failure,True
2026-07-01T053352Z,2026-07-01T05:33:52.980988+00:00,2026-07-01T07:21:20.090043+00:00,2026-06-30,data/prospective/daily_qvp/snapshots/2026-07-01T053352Z/raw,1081,1043,144e01281e848a2a4c711cb0058eddc75099bb40,d3881a1328862a39dc4af32e15c4826237a09adca2da7038eafb5659ddb68bb4,8bda06ce0251beedd6a5f2cd61a08ef37682841102d3b9d86a1ab602640baf4e,RGLD,False,True,new_addition,recovered_by_essential_field_and_504_observation_retries_after_old_silent_enrichment_failure,True
2026-07-01T053352Z,2026-07-01T05:33:52.980988+00:00,2026-07-01T07:21:20.090043+00:00,2026-06-30,data/prospective/daily_qvp/snapshots/2026-07-01T053352Z/raw,1081,1043,144e01281e848a2a4c711cb0058eddc75099bb40,d3881a1328862a39dc4af32e15c4826237a09adca2da7038eafb5659ddb68bb4,8bda06ce0251beedd6a5f2cd61a08ef37682841102d3b9d86a1ab602640baf4e,RH,False,True,new_addition,recovered_by_essential_field_and_504_observation_retries_after_old_silent_enrichment_failure,True
2026-07-01T053352Z,2026-07-01T05:33:52.980988+00:00,2026-07-01T07:21:20.090043+00:00,2026-06-30,data/prospective/daily_qvp/snapshots/2026-07-01T053352Z/raw,1081,1043,144e01281e848a2a4c711cb0058eddc75099bb40,d3881a1328862a39dc4af32e15c4826237a09adca2da7038eafb5659ddb68bb4,8bda06ce0251beedd6a5f2cd61a08ef37682841102d3b9d86a1ab602640baf4e,RHI,False,True,new_addition,recovered_by_essential_field_and_504_observation_retries_after_old_silent_enrichment_failure,True
2026-07-01T053352Z,2026-07-01T05:33:52.980988+00:00,2026-07-01T07:21:20.090043+00:00,2026-06-30,data/prospective/daily_qvp/snapshots/2026-07-01T053352Z/raw,1081,1043,144e01281e848a2a4c711cb0058eddc75099bb40,d3881a1328862a39dc4af32e15c4826237a09adca2da7038eafb5659ddb68bb4,8bda06ce0251beedd6a5f2cd61a08ef37682841102d3b9d86a1ab602640baf4e,RIVN,False,True,new_addition,recovered_by_essential_field_and_504_observation_retries_after_old_silent_enrichment_failure,True
2026-07-01T053352Z,2026-07-01T05:33:52.980988+00:00,2026-07-01T07:21:20.090043+00:00,2026-06-30,data/prospective/daily_qvp/snapshots/2026-07-01T053352Z/raw,1081,1043,144e01281e848a2a4c711cb0058eddc75099bb40,d3881a1328862a39dc4af32e15c4826237a09adca2da7038eafb5659ddb68bb4,8bda06ce0251beedd6a5f2cd61a08ef37682841102d3b9d86a1ab602640baf4e,RKLB,False,True,new_addition,recovered_by_essential_field_and_504_observation_retries_after_old_silent_enrichment_failure,True
2026-07-01T053352Z,2026-07-01T05:33:52.980988+00:00,2026-07-01T07:21:20.090043+00:00,2026-06-30,data/prospective/daily_qvp/snapshots/2026-07-01T053352Z/raw,1081,1043,144e01281e848a2a4c711cb0058eddc75099bb40,d3881a1328862a39dc4af32e15c4826237a09adca2da7038eafb5659ddb68bb4,8bda06ce0251beedd6a5f2cd61a08ef37682841102d3b9d86a1ab602640baf4e,RL,False,True,new_addition,recovered_by_essential_field_and_504_observation_retries_after_old_silent_enrichment_failure,True
2026-07-01T053352Z,2026-07-01T05:33:52.980988+00:00,2026-07-01T07:21:20.090043+00:00,2026-06-30,data/prospective/daily_qvp/snapshots/2026-07-01T053352Z/raw,1081,1043,144e01281e848a2a4c711cb0058eddc75099bb40,d3881a1328862a39dc4af32e15c4826237a09adca2da7038eafb5659ddb68bb4,8bda06ce0251beedd6a5f2cd61a08ef37682841102d3b9d86a1ab602640baf4e,RMBS,False,True,new_addition,recovered_by_essential_field_and_504_observation_retries_after_old_silent_enrichment_failure,True
2026-07-01T053352Z,2026-07-01T05:33:52.980988+00:00,2026-07-01T07:21:20.090043+00:00,2026-06-30,data/prospective/daily_qvp/snapshots/2026-07-01T053352Z/raw,1081,1043,144e01281e848a2a4c711cb0058eddc75099bb40,d3881a1328862a39dc4af32e15c4826237a09adca2da7038eafb5659ddb68bb4,8bda06ce0251beedd6a5f2cd61a08ef37682841102d3b9d86a1ab602640baf4e,RMD,False,True,new_addition,recovered_by_essential_field_and_504_observation_retries_after_old_silent_enrichment_failure,True
2026-07-01T053352Z,2026-07-01T05:33:52.980988+00:00,2026-07-01T07:21:20.090043+00:00,2026-06-30,data/prospective/daily_qvp/snapshots/2026-07-01T053352Z/raw,1081,1043,144e01281e848a2a4c711cb0058eddc75099bb40,d3881a1328862a39dc4af32e15c4826237a09adca2da7038eafb5659ddb68bb4,8bda06ce0251beedd6a5f2cd61a08ef37682841102d3b9d86a1ab602640baf4e,RNG,False,True,new_addition,recovered_by_essential_field_and_504_observation_retries_after_old_silent_enrichment_failure,True
2026-07-01T053352Z,2026-07-01T05:33:52.980988+00:00,2026-07-01T07:21:20.090043+00:00,2026-06-30,data/prospective/daily_qvp/snapshots/2026-07-01T053352Z/raw,1081,1043,144e01281e848a2a4c711cb0058eddc75099bb40,d3881a1328862a39dc4af32e15c4826237a09adca2da7038eafb5659ddb68bb4,8bda06ce0251beedd6a5f2cd61a08ef37682841102d3b9d86a1ab602640baf4e,ROAD,False,True,new_addition,recovered_by_essential_field_and_504_observation_retries_after_old_silent_enrichment_failure,True
2026-07-01T053352Z,2026-07-01T05:33:52.980988+00:00,2026-07-01T07:21:20.090043+00:00,2026-06-30,data/prospective/daily_qvp/snapshots/2026-07-01T053352Z/raw,1081,1043,144e01281e848a2a4c711cb0058eddc75099bb40,d3881a1328862a39dc4af32e15c4826237a09adca2da7038eafb5659ddb68bb4,8bda06ce0251beedd6a5f2cd61a08ef37682841102d3b9d86a1ab602640baf4e,ROG,False,True,new_addition,recovered_by_essential_field_and_504_observation_retries_after_old_silent_enrichment_failure,True
2026-07-01T053352Z,2026-07-01T05:33:52.980988+00:00,2026-07-01T07:21:20.090043+00:00,2026-06-30,data/prospective/daily_qvp/snapshots/2026-07-01T053352Z/raw,1081,1043,144e01281e848a2a4c711cb0058eddc75099bb40,d3881a1328862a39dc4af32e15c4826237a09adca2da7038eafb5659ddb68bb4,8bda06ce0251beedd6a5f2cd61a08ef37682841102d3b9d86a1ab602640baf4e,ROK,False,True,new_addition,recovered_by_essential_field_and_504_observation_retries_after_old_silent_enrichment_failure,True
2026-07-01T053352Z,2026-07-01T05:33:52.980988+00:00,2026-07-01T07:21:20.090043+00:00,2026-06-30,data/prospective/daily_qvp/snapshots/2026-07-01T053352Z/raw,1081,1043,144e01281e848a2a4c711cb0058eddc75099bb40,d3881a1328862a39dc4af32e15c4826237a09adca2da7038eafb5659ddb68bb4,8bda06ce0251beedd6a5f2cd61a08ef37682841102d3b9d86a1ab602640baf4e,ROKU,False,True,new_addition,recovered_by_essential_field_and_504_observation_retries_after_old_silent_enrichment_failure,True
2026-07-01T053352Z,2026-07-01T05:33:52.980988+00:00,2026-07-01T07:21:20.090043+00:00,2026-06-30,data/prospective/daily_qvp/snapshots/2026-07-01T053352Z/raw,1081,1043,144e01281e848a2a4c711cb0058eddc75099bb40,d3881a1328862a39dc4af32e15c4826237a09adca2da7038eafb5659ddb68bb4,8bda06ce0251beedd6a5f2cd61a08ef37682841102d3b9d86a1ab602640baf4e,ROL,False,True,new_addition,recovered_by_essential_field_and_504_observation_retries_after_old_silent_enrichment_failure,True
2026-07-01T053352Z,2026-07-01T05:33:52.980988+00:00,2026-07-01T07:21:20.090043+00:00,2026-06-30,data/prospective/daily_qvp/snapshots/2026-07-01T053352Z/raw,1081,1043,144e01281e848a2a4c711cb0058eddc75099bb40,d3881a1328862a39dc4af32e15c4826237a09adca2da7038eafb5659ddb68bb4,8bda06ce0251beedd6a5f2cd61a08ef37682841102d3b9d86a1ab602640baf4e,ROP,False,True,new_addition,recovered_by_essential_field_and_504_observation_retries_after_old_silent_enrichment_failure,True
2026-07-01T053352Z,2026-07-01T05:33:52.980988+00:00,2026-07-01T07:21:20.090043+00:00,2026-06-30,data/prospective/daily_qvp/snapshots/2026-07-01T053352Z/raw,1081,1043,144e01281e848a2a4c711cb0058eddc75099bb40,d3881a1328862a39dc4af32e15c4826237a09adca2da7038eafb5659ddb68bb4,8bda06ce0251beedd6a5f2cd61a08ef37682841102d3b9d86a1ab602640baf4e,ROST,False,True,new_addition,recovered_by_essential_field_and_504_observation_retries_after_old_silent_enrichment_failure,True
2026-07-01T053352Z,2026-07-01T05:33:52.980988+00:00,2026-07-01T07:21:20.090043+00:00,2026-06-30,data/prospective/daily_qvp/snapshots/2026-07-01T053352Z/raw,1081,1043,144e01281e848a2a4c711cb0058eddc75099bb40,d3881a1328862a39dc4af32e15c4826237a09adca2da7038eafb5659ddb68bb4,8bda06ce0251beedd6a5f2cd61a08ef37682841102d3b9d86a1ab602640baf4e,RPM,False,True,new_addition,recovered_by_essential_field_and_504_observation_retries_after_old_silent_enrichment_failure,True
2026-07-01T053352Z,2026-07-01T05:33:52.980988+00:00,2026-07-01T07:21:20.090043+00:00,2026-06-30,data/prospective/daily_qvp/snapshots/2026-07-01T053352Z/raw,1081,1043,144e01281e848a2a4c711cb0058eddc75099bb40,d3881a1328862a39dc4af32e15c4826237a09adca2da7038eafb5659ddb68bb4,8bda06ce0251beedd6a5f2cd61a08ef37682841102d3b9d86a1ab602640baf4e,RPRX,False,True,new_addition,recovered_by_essential_field_and_504_observation_retries_after_old_silent_enrichment_failure,False
2026-07-01T053352Z,2026-07-01T05:33:52.980988+00:00,2026-07-01T07:21:20.090043+00:00,2026-06-30,data/prospective/daily_qvp/snapshots/2026-07-01T053352Z/raw,1081,1043,144e01281e848a2a4c711cb0058eddc75099bb40,d3881a1328862a39dc4af32e15c4826237a09adca2da7038eafb5659ddb68bb4,8bda06ce0251beedd6a5f2cd61a08ef37682841102d3b9d86a1ab602640baf4e,RRC,False,True,new_addition,recovered_by_essential_field_and_504_observation_retries_after_old_silent_enrichment_failure,True
2026-07-01T053352Z,2026-07-01T05:33:52.980988+00:00,2026-07-01T07:21:20.090043+00:00,2026-06-30,data/prospective/daily_qvp/snapshots/2026-07-01T053352Z/raw,1081,1043,144e01281e848a2a4c711cb0058eddc75099bb40,d3881a1328862a39dc4af32e15c4826237a09adca2da7038eafb5659ddb68bb4,8bda06ce0251beedd6a5f2cd61a08ef37682841102d3b9d86a1ab602640baf4e,RRR,False,True,new_addition,recovered_by_essential_field_and_504_observation_retries_after_old_silent_enrichment_failure,True
2026-07-01T053352Z,2026-07-01T05:33:52.980988+00:00,2026-07-01T07:21:20.090043+00:00,2026-06-30,data/prospective/daily_qvp/snapshots/2026-07-01T053352Z/raw,1081,1043,144e01281e848a2a4c711cb0058eddc75099bb40,d3881a1328862a39dc4af32e15c4826237a09adca2da7038eafb5659ddb68bb4,8bda06ce0251beedd6a5f2cd61a08ef37682841102d3b9d86a1ab602640baf4e,RRX,False,True,new_addition,recovered_by_essential_field_and_504_observation_retries_after_old_silent_enrichment_failure,True
2026-07-01T053352Z,2026-07-01T05:33:52.980988+00:00,2026-07-01T07:21:20.090043+00:00,2026-06-30,data/prospective/daily_qvp/snapshots/2026-07-01T053352Z/raw,1081,1043,144e01281e848a2a4c711cb0058eddc75099bb40,d3881a1328862a39dc4af32e15c4826237a09adca2da7038eafb5659ddb68bb4,8bda06ce0251beedd6a5f2cd61a08ef37682841102d3b9d86a1ab602640baf4e,RS,False,True,new_addition,recovered_by_essential_field_and_504_observation_retries_after_old_silent_enrichment_failure,True
2026-07-01T053352Z,2026-07-01T05:33:52.980988+00:00,2026-07-01T07:21:20.090043+00:00,2026-06-30,data/prospective/daily_qvp/snapshots/2026-07-01T053352Z/raw,1081,1043,144e01281e848a2a4c711cb0058eddc75099bb40,d3881a1328862a39dc4af32e15c4826237a09adca2da7038eafb5659ddb68bb4,8bda06ce0251beedd6a5f2cd61a08ef37682841102d3b9d86a1ab602640baf4e,RSG,False,True,new_addition,recovered_by_essential_field_and_504_observation_retries_after_old_silent_enrichment_failure,True
2026-07-01T053352Z,2026-07-01T05:33:52.980988+00:00,2026-07-01T07:21:20.090043+00:00,2026-06-30,data/prospective/daily_qvp/snapshots/2026-07-01T053352Z/raw,1081,1043,144e01281e848a2a4c711cb0058eddc75099bb40,d3881a1328862a39dc4af32e15c4826237a09adca2da7038eafb5659ddb68bb4,8bda06ce0251beedd6a5f2cd61a08ef37682841102d3b9d86a1ab602640baf4e,RSI,False,True,new_addition,recovered_by_essential_field_and_504_observation_retries_after_old_silent_enrichment_failure,True
2026-07-01T053352Z,2026-07-01T05:33:52.980988+00:00,2026-07-01T07:21:20.090043+00:00,2026-06-30,data/prospective/daily_qvp/snapshots/2026-07-01T053352Z/raw,1081,1043,144e01281e848a2a4c711cb0058eddc75099bb40,d3881a1328862a39dc4af32e15c4826237a09adca2da7038eafb5659ddb68bb4,8bda06ce0251beedd6a5f2cd61a08ef37682841102d3b9d86a1ab602640baf4e,RTX,False,True,new_addition,recovered_by_essential_field_and_504_observation_retries_after_old_silent_enrichment_failure,True
2026-07-01T053352Z,2026-07-01T05:33:52.980988+00:00,2026-07-01T07:21:20.090043+00:00,2026-06-30,data/prospective/daily_qvp/snapshots/2026-07-01T053352Z/raw,1081,1043,144e01281e848a2a4c711cb0058eddc75099bb40,d3881a1328862a39dc4af32e15c4826237a09adca2da7038eafb5659ddb68bb4,8bda06ce0251beedd6a5f2cd61a08ef37682841102d3b9d86a1ab602640baf4e,RUN,False,True,new_addition,recovered_by_essential_field_and_504_observation_retries_after_old_silent_enrichment_failure,True
2026-07-01T053352Z,2026-07-01T05:33:52.980988+00:00,2026-07-01T07:21:20.090043+00:00,2026-06-30,data/prospective/daily_qvp/snapshots/2026-07-01T053352Z/raw,1081,1043,144e01281e848a2a4c711cb0058eddc75099bb40,d3881a1328862a39dc4af32e15c4826237a09adca2da7038eafb5659ddb68bb4,8bda06ce0251beedd6a5f2cd61a08ef37682841102d3b9d86a1ab602640baf4e,RUSHA,False,True,new_addition,recovered_by_essential_field_and_504_observation_retries_after_old_silent_enrichment_failure,True
2026-07-01T053352Z,2026-07-01T05:33:52.980988+00:00,2026-07-01T07:21:20.090043+00:00,2026-06-30,data/prospective/daily_qvp/snapshots/2026-07-01T053352Z/raw,1081,1043,144e01281e848a2a4c711cb0058eddc75099bb40,d3881a1328862a39dc4af32e15c4826237a09adca2da7038eafb5659ddb68bb4,8bda06ce0251beedd6a5f2cd61a08ef37682841102d3b9d86a1ab602640baf4e,RVMD,False,True,new_addition,recovered_by_essential_field_and_504_observation_retries_after_old_silent_enrichment_failure,False
2026-07-01T053352Z,2026-07-01T05:33:52.980988+00:00,2026-07-01T07:21:20.090043+00:00,2026-06-30,data/prospective/daily_qvp/snapshots/2026-07-01T053352Z/raw,1081,1043,144e01281e848a2a4c711cb0058eddc75099bb40,d3881a1328862a39dc4af32e15c4826237a09adca2da7038eafb5659ddb68bb4,8bda06ce0251beedd6a5f2cd61a08ef37682841102d3b9d86a1ab602640baf4e,RVTY,False,True,new_addition,recovered_by_essential_field_and_504_observation_retries_after_old_silent_enrichment_failure,True
2026-07-01T053352Z,2026-07-01T05:33:52.980988+00:00,2026-07-01T07:21:20.090043+00:00,2026-06-30,data/prospective/daily_qvp/snapshots/2026-07-01T053352Z/raw,1081,1043,144e01281e848a2a4c711cb0058eddc75099bb40,d3881a1328862a39dc4af32e15c4826237a09adca2da7038eafb5659ddb68bb4,8bda06ce0251beedd6a5f2cd61a08ef37682841102d3b9d86a1ab602640baf4e,RXO,False,True,new_addition,recovered_by_essential_field_and_504_observation_retries_after_old_silent_enrichment_failure,True
2026-07-01T053352Z,2026-07-01T05:33:52.980988+00:00,2026-07-01T07:21:20.090043+00:00,2026-06-30,data/prospective/daily_qvp/snapshots/2026-07-01T053352Z/raw,1081,1043,144e01281e848a2a4c711cb0058eddc75099bb40,d3881a1328862a39dc4af32e15c4826237a09adca2da7038eafb5659ddb68bb4,8bda06ce0251beedd6a5f2cd61a08ef37682841102d3b9d86a1ab602640baf4e,S,False,True,new_addition,recovered_by_essential_field_and_504_observation_retries_after_old_silent_enrichment_failure,True
2026-07-01T053352Z,2026-07-01T05:33:52.980988+00:00,2026-07-01T07:21:20.090043+00:00,2026-06-30,data/prospective/daily_qvp/snapshots/2026-07-01T053352Z/raw,1081,1043,144e01281e848a2a4c711cb0058eddc75099bb40,d3881a1328862a39dc4af32e15c4826237a09adca2da7038eafb5659ddb68bb4,8bda06ce0251beedd6a5f2cd61a08ef37682841102d3b9d86a1ab602640baf4e,SAH,False,True,new_addition,recovered_by_essential_field_and_504_observation_retries_after_old_silent_enrichment_failure,True
2026-07-01T053352Z,2026-07-01T05:33:52.980988+00:00,2026-07-01T07:21:20.090043+00:00,2026-06-30,data/prospective/daily_qvp/snapshots/2026-07-01T053352Z/raw,1081,1043,144e01281e848a2a4c711cb0058eddc75099bb40,d3881a1328862a39dc4af32e15c4826237a09adca2da7038eafb5659ddb68bb4,8bda06ce0251beedd6a5f2cd61a08ef37682841102d3b9d86a1ab602640baf4e,SAIA,False,True,new_addition,recovered_by_essential_field_and_504_observation_retries_after_old_silent_enrichment_failure,True
2026-07-01T053352Z,2026-07-01T05:33:52.980988+00:00,2026-07-01T07:21:20.090043+00:00,2026-06-30,data/prospective/daily_qvp/snapshots/2026-07-01T053352Z/raw,1081,1043,144e01281e848a2a4c711cb0058eddc75099bb40,d3881a1328862a39dc4af32e15c4826237a09adca2da7038eafb5659ddb68bb4,8bda06ce0251beedd6a5f2cd61a08ef37682841102d3b9d86a1ab602640baf4e,SAIC,False,True,new_addition,recovered_by_essential_field_and_504_observation_retries_after_old_silent_enrichment_failure,True
2026-07-01T053352Z,2026-07-01T05:33:52.980988+00:00,2026-07-01T07:21:20.090043+00:00,2026-06-30,data/prospective/daily_qvp/snapshots/2026-07-01T053352Z/raw,1081,1043,144e01281e848a2a4c711cb0058eddc75099bb40,d3881a1328862a39dc4af32e15c4826237a09adca2da7038eafb5659ddb68bb4,8bda06ce0251beedd6a5f2cd61a08ef37682841102d3b9d86a1ab602640baf4e,SANM,False,True,new_addition,recovered_by_essential_field_and_504_observation_retries_after_old_silent_enrichment_failure,True
2026-07-01T053352Z,2026-07-01T05:33:52.980988+00:00,2026-07-01T07:21:20.090043+00:00,2026-06-30,data/prospective/daily_qvp/snapshots/2026-07-01T053352Z/raw,1081,1043,144e01281e848a2a4c711cb0058eddc75099bb40,d3881a1328862a39dc4af32e15c4826237a09adca2da7038eafb5659ddb68bb4,8bda06ce0251beedd6a5f2cd61a08ef37682841102d3b9d86a1ab602640baf4e,SBUX,False,True,new_addition,recovered_by_essential_field_and_504_observation_retries_after_old_silent_enrichment_failure,True
2026-07-01T053352Z,2026-07-01T05:33:52.980988+00:00,2026-07-01T07:21:20.090043+00:00,2026-06-30,data/prospective/daily_qvp/snapshots/2026-07-01T053352Z/raw,1081,1043,144e01281e848a2a4c711cb0058eddc75099bb40,d3881a1328862a39dc4af32e15c4826237a09adca2da7038eafb5659ddb68bb4,8bda06ce0251beedd6a5f2cd61a08ef37682841102d3b9d86a1ab602640baf4e,SCCO,False,True,new_addition,recovered_by_essential_field_and_504_observation_retries_after_old_silent_enrichment_failure,True
2026-07-01T053352Z,2026-07-01T05:33:52.980988+00:00,2026-07-01T07:21:20.090043+00:00,2026-06-30,data/prospective/daily_qvp/snapshots/2026-07-01T053352Z/raw,1081,1043,144e01281e848a2a4c711cb0058eddc75099bb40,d3881a1328862a39dc4af32e15c4826237a09adca2da7038eafb5659ddb68bb4,8bda06ce0251beedd6a5f2cd61a08ef37682841102d3b9d86a1ab602640baf4e,SCI,False,True,new_addition,recovered_by_essential_field_and_504_observation_retries_after_old_silent_enrichment_failure,True
2026-07-01T053352Z,2026-07-01T05:33:52.980988+00:00,2026-07-01T07:21:20.090043+00:00,2026-06-30,data/prospective/daily_qvp/snapshots/2026-07-01T053352Z/raw,1081,1043,144e01281e848a2a4c711cb0058eddc75099bb40,d3881a1328862a39dc4af32e15c4826237a09adca2da7038eafb5659ddb68bb4,8bda06ce0251beedd6a5f2cd61a08ef37682841102d3b9d86a1ab602640baf4e,SDRL,False,True,new_addition,recovered_by_essential_field_and_504_observation_retries_after_old_silent_enrichment_failure,True
2026-07-01T053352Z,2026-07-01T05:33:52.980988+00:00,2026-07-01T07:21:20.090043+00:00,2026-06-30,data/prospective/daily_qvp/snapshots/2026-07-01T053352Z/raw,1081,1043,144e01281e848a2a4c711cb0058eddc75099bb40,d3881a1328862a39dc4af32e15c4826237a09adca2da7038eafb5659ddb68bb4,8bda06ce0251beedd6a5f2cd61a08ef37682841102d3b9d86a1ab602640baf4e,SEI,False,True,new_addition,recovered_by_essential_field_and_504_observation_retries_after_old_silent_enrichment_failure,True
2026-07-01T053352Z,2026-07-01T05:33:52.980988+00:00,2026-07-01T07:21:20.090043+00:00,2026-06-30,data/prospective/daily_qvp/snapshots/2026-07-01T053352Z/raw,1081,1043,144e01281e848a2a4c711cb0058eddc75099bb40,d3881a1328862a39dc4af32e15c4826237a09adca2da7038eafb5659ddb68bb4,8bda06ce0251beedd6a5f2cd61a08ef37682841102d3b9d86a1ab602640baf4e,SEM,False,True,new_addition,recovered_by_essential_field_and_504_observation_retries_after_old_silent_enrichment_failure,True
2026-07-01T053352Z,2026-07-01T05:33:52.980988+00:00,2026-07-01T07:21:20.090043+00:00,2026-06-30,data/prospective/daily_qvp/snapshots/2026-07-01T053352Z/raw,1081,1043,144e01281e848a2a4c711cb0058eddc75099bb40,d3881a1328862a39dc4af32e15c4826237a09adca2da7038eafb5659ddb68bb4,8bda06ce0251beedd6a5f2cd61a08ef37682841102d3b9d86a1ab602640baf4e,SFM,False,True,new_addition,recovered_by_essential_field_and_504_observation_retries_after_old_silent_enrichment_failure,True
2026-07-01T053352Z,2026-07-01T05:33:52.980988+00:00,2026-07-01T07:21:20.090043+00:00,2026-06-30,data/prospective/daily_qvp/snapshots/2026-07-01T053352Z/raw,1081,1043,144e01281e848a2a4c711cb0058eddc75099bb40,d3881a1328862a39dc4af32e15c4826237a09adca2da7038eafb5659ddb68bb4,8bda06ce0251beedd6a5f2cd61a08ef37682841102d3b9d86a1ab602640baf4e,SGI,False,True,new_addition,recovered_by_essential_field_and_504_observation_retries_after_old_silent_enrichment_failure,True
2026-07-01T053352Z,2026-07-01T05:33:52.980988+00:00,2026-07-01T07:21:20.090043+00:00,2026-06-30,data/prospective/daily_qvp/snapshots/2026-07-01T053352Z/raw,1081,1043,144e01281e848a2a4c711cb0058eddc75099bb40,d3881a1328862a39dc4af32e15c4826237a09adca2da7038eafb5659ddb68bb4,8bda06ce0251beedd6a5f2cd61a08ef37682841102d3b9d86a1ab602640baf4e,SGRY,False,True,new_addition,recovered_by_essential_field_and_504_observation_retries_after_old_silent_enrichment_failure,True
2026-07-01T053352Z,2026-07-01T05:33:52.980988+00:00,2026-07-01T07:21:20.090043+00:00,2026-06-30,data/prospective/daily_qvp/snapshots/2026-07-01T053352Z/raw,1081,1043,144e01281e848a2a4c711cb0058eddc75099bb40,d3881a1328862a39dc4af32e15c4826237a09adca2da7038eafb5659ddb68bb4,8bda06ce0251beedd6a5f2cd61a08ef37682841102d3b9d86a1ab602640baf4e,SHAK,False,True,new_addition,recovered_by_essential_field_and_504_observation_retries_after_old_silent_enrichment_failure,True
2026-07-01T053352Z,2026-07-01T05:33:52.980988+00:00,2026-07-01T07:21:20.090043+00:00,2026-06-30,data/prospective/daily_qvp/snapshots/2026-07-01T053352Z/raw,1081,1043,144e01281e848a2a4c711cb0058eddc75099bb40,d3881a1328862a39dc4af32e15c4826237a09adca2da7038eafb5659ddb68bb4,8bda06ce0251beedd6a5f2cd61a08ef37682841102d3b9d86a1ab602640baf4e,SHC,False,True,new_addition,recovered_by_essential_field_and_504_observation_retries_after_old_silent_enrichment_failure,True
2026-07-01T053352Z,2026-07-01T05:33:52.980988+00:00,2026-07-01T07:21:20.090043+00:00,2026-06-30,data/prospective/daily_qvp/snapshots/2026-07-01T053352Z/raw,1081,1043,144e01281e848a2a4c711cb0058eddc75099bb40,d3881a1328862a39dc4af32e15c4826237a09adca2da7038eafb5659ddb68bb4,8bda06ce0251beedd6a5f2cd61a08ef37682841102d3b9d86a1ab602640baf4e,SHOO,False,True,new_addition,recovered_by_essential_field_and_504_observation_retries_after_old_silent_enrichment_failure,True
2026-07-01T053352Z,2026-07-01T05:33:52.980988+00:00,2026-07-01T07:21:20.090043+00:00,2026-06-30,data/prospective/daily_qvp/snapshots/2026-07-01T053352Z/raw,1081,1043,144e01281e848a2a4c711cb0058eddc75099bb40,d3881a1328862a39dc4af32e15c4826237a09adca2da7038eafb5659ddb68bb4,8bda06ce0251beedd6a5f2cd61a08ef37682841102d3b9d86a1ab602640baf4e,SHW,False,True,new_addition,recovered_by_essential_field_and_504_observation_retries_after_old_silent_enrichment_failure,True
2026-07-01T053352Z,2026-07-01T05:33:52.980988+00:00,2026-07-01T07:21:20.090043+00:00,2026-06-30,data/prospective/daily_qvp/snapshots/2026-07-01T053352Z/raw,1081,1043,144e01281e848a2a4c711cb0058eddc75099bb40,d3881a1328862a39dc4af32e15c4826237a09adca2da7038eafb5659ddb68bb4,8bda06ce0251beedd6a5f2cd61a08ef37682841102d3b9d86a1ab602640baf4e,SIRI,False,True,new_addition,recovered_by_essential_field_and_504_observation_retries_after_old_silent_enrichment_failure,True
2026-07-01T053352Z,2026-07-01T05:33:52.980988+00:00,2026-07-01T07:21:20.090043+00:00,2026-06-30,data/prospective/daily_qvp/snapshots/2026-07-01T053352Z/raw,1081,1043,144e01281e848a2a4c711cb0058eddc75099bb40,d3881a1328862a39dc4af32e15c4826237a09adca2da7038eafb5659ddb68bb4,8bda06ce0251beedd6a5f2cd61a08ef37682841102d3b9d86a1ab602640baf4e,SITE,False,True,new_addition,recovered_by_essential_field_and_504_observation_retries_after_old_silent_enrichment_failure,True
2026-07-01T053352Z,2026-07-01T05:33:52.980988+00:00,2026-07-01T07:21:20.090043+00:00,2026-06-30,data/prospective/daily_qvp/snapshots/2026-07-01T053352Z/raw,1081,1043,144e01281e848a2a4c711cb0058eddc75099bb40,d3881a1328862a39dc4af32e15c4826237a09adca2da7038eafb5659ddb68bb4,8bda06ce0251beedd6a5f2cd61a08ef37682841102d3b9d86a1ab602640baf4e,SJM,False,True,new_addition,recovered_by_essential_field_and_504_observation_retries_after_old_silent_enrichment_failure,True
2026-07-01T053352Z,2026-07-01T05:33:52.980988+00:00,2026-07-01T07:21:20.090043+00:00,2026-06-30,data/prospective/daily_qvp/snapshots/2026-07-01T053352Z/raw,1081,1043,144e01281e848a2a4c711cb0058eddc75099bb40,d3881a1328862a39dc4af32e15c4826237a09adca2da7038eafb5659ddb68bb4,8bda06ce0251beedd6a5f2cd61a08ef37682841102d3b9d86a1ab602640baf4e,SKY,False,True,new_addition,recovered_by_essential_field_and_504_observation_retries_after_old_silent_enrichment_failure,True
2026-07-01T053352Z,2026-07-01T05:33:52.980988+00:00,2026-07-01T07:21:20.090043+00:00,2026-06-30,data/prospective/daily_qvp/snapshots/2026-07-01T053352Z/raw,1081,1043,144e01281e848a2a4c711cb0058eddc75099bb40,d3881a1328862a39dc4af32e15c4826237a09adca2da7038eafb5659ddb68bb4,8bda06ce0251beedd6a5f2cd61a08ef37682841102d3b9d86a1ab602640baf4e,SKYW,False,True,new_addition,recovered_by_essential_field_and_504_observation_retries_after_old_silent_enrichment_failure,True
2026-07-01T053352Z,2026-07-01T05:33:52.980988+00:00,2026-07-01T07:21:20.090043+00:00,2026-06-30,data/prospective/daily_qvp/snapshots/2026-07-01T053352Z/raw,1081,1043,144e01281e848a2a4c711cb0058eddc75099bb40,d3881a1328862a39dc4af32e15c4826237a09adca2da7038eafb5659ddb68bb4,8bda06ce0251beedd6a5f2cd61a08ef37682841102d3b9d86a1ab602640baf4e,SLAB,False,True,new_addition,recovered_by_essential_field_and_504_observation_retries_after_old_silent_enrichment_failure,True
2026-07-01T053352Z,2026-07-01T05:33:52.980988+00:00,2026-07-01T07:21:20.090043+00:00,2026-06-30,data/prospective/daily_qvp/snapshots/2026-07-01T053352Z/raw,1081,1043,144e01281e848a2a4c711cb0058eddc75099bb40,d3881a1328862a39dc4af32e15c4826237a09adca2da7038eafb5659ddb68bb4,8bda06ce0251beedd6a5f2cd61a08ef37682841102d3b9d86a1ab602640baf4e,SLB,False,True,new_addition,recovered_by_essential_field_and_504_observation_retries_after_old_silent_enrichment_failure,True
2026-07-01T053352Z,2026-07-01T05:33:52.980988+00:00,2026-07-01T07:21:20.090043+00:00,2026-06-30,data/prospective/daily_qvp/snapshots/2026-07-01T053352Z/raw,1081,1043,144e01281e848a2a4c711cb0058eddc75099bb40,d3881a1328862a39dc4af32e15c4826237a09adca2da7038eafb5659ddb68bb4,8bda06ce0251beedd6a5f2cd61a08ef37682841102d3b9d86a1ab602640baf4e,SLGN,False,True,new_addition,recovered_by_essential_field_and_504_observation_retries_after_old_silent_enrichment_failure,True
2026-07-01T053352Z,2026-07-01T05:33:52.980988+00:00,2026-07-01T07:21:20.090043+00:00,2026-06-30,data/prospective/daily_qvp/snapshots/2026-07-01T053352Z/raw,1081,1043,144e01281e848a2a4c711cb0058eddc75099bb40,d3881a1328862a39dc4af32e15c4826237a09adca2da7038eafb5659ddb68bb4,8bda06ce0251beedd6a5f2cd61a08ef37682841102d3b9d86a1ab602640baf4e,SM,False,True,new_addition,recovered_by_essential_field_and_504_observation_retries_after_old_silent_enrichment_failure,True
2026-07-01T053352Z,2026-07-01T05:33:52.980988+00:00,2026-07-01T07:21:20.090043+00:00,2026-06-30,data/prospective/daily_qvp/snapshots/2026-07-01T053352Z/raw,1081,1043,144e01281e848a2a4c711cb0058eddc75099bb40,d3881a1328862a39dc4af32e15c4826237a09adca2da7038eafb5659ddb68bb4,8bda06ce0251beedd6a5f2cd61a08ef37682841102d3b9d86a1ab602640baf4e,SMCI,False,True,new_addition,recovered_by_essential_field_and_504_observation_retries_after_old_silent_enrichment_failure,True
2026-07-01T053352Z,2026-07-01T05:33:52.980988+00:00,2026-07-01T07:21:20.090043+00:00,2026-06-30,data/prospective/daily_qvp/snapshots/2026-07-01T053352Z/raw,1081,1043,144e01281e848a2a4c711cb0058eddc75099bb40,d3881a1328862a39dc4af32e15c4826237a09adca2da7038eafb5659ddb68bb4,8bda06ce0251beedd6a5f2cd61a08ef37682841102d3b9d86a1ab602640baf4e,SMG,False,True,new_addition,recovered_by_essential_field_and_504_observation_retries_after_old_silent_enrichment_failure,True
2026-07-01T053352Z,2026-07-01T05:33:52.980988+00:00,2026-07-01T07:21:20.090043+00:00,2026-06-30,data/prospective/daily_qvp/snapshots/2026-07-01T053352Z/raw,1081,1043,144e01281e848a2a4c711cb0058eddc75099bb40,d3881a1328862a39dc4af32e15c4826237a09adca2da7038eafb5659ddb68bb4,8bda06ce0251beedd6a5f2cd61a08ef37682841102d3b9d86a1ab602640baf4e,SMR,False,True,new_addition,recovered_by_essential_field_and_504_observation_retries_after_old_silent_enrichment_failure,True
2026-07-01T053352Z,2026-07-01T05:33:52.980988+00:00,2026-07-01T07:21:20.090043+00:00,2026-06-30,data/prospective/daily_qvp/snapshots/2026-07-01T053352Z/raw,1081,1043,144e01281e848a2a4c711cb0058eddc75099bb40,d3881a1328862a39dc4af32e15c4826237a09adca2da7038eafb5659ddb68bb4,8bda06ce0251beedd6a5f2cd61a08ef37682841102d3b9d86a1ab602640baf4e,SMTC,False,True,new_addition,recovered_by_essential_field_and_504_observation_retries_after_old_silent_enrichment_failure,True
2026-07-01T053352Z,2026-07-01T05:33:52.980988+00:00,2026-07-01T07:21:20.090043+00:00,2026-06-30,data/prospective/daily_qvp/snapshots/2026-07-01T053352Z/raw,1081,1043,144e01281e848a2a4c711cb0058eddc75099bb40,d3881a1328862a39dc4af32e15c4826237a09adca2da7038eafb5659ddb68bb4,8bda06ce0251beedd6a5f2cd61a08ef37682841102d3b9d86a1ab602640baf4e,SN,False,True,new_addition,recovered_by_essential_field_and_504_observation_retries_after_old_silent_enrichment_failure,True
2026-07-01T053352Z,2026-07-01T05:33:52.980988+00:00,2026-07-01T07:21:20.090043+00:00,2026-06-30,data/prospective/daily_qvp/snapshots/2026-07-01T053352Z/raw,1081,1043,144e01281e848a2a4c711cb0058eddc75099bb40,d3881a1328862a39dc4af32e15c4826237a09adca2da7038eafb5659ddb68bb4,8bda06ce0251beedd6a5f2cd61a08ef37682841102d3b9d86a1ab602640baf4e,SNA,False,True,new_addition,recovered_by_essential_field_and_504_observation_retries_after_old_silent_enrichment_failure,True
2026-07-01T053352Z,2026-07-01T05:33:52.980988+00:00,2026-07-01T07:21:20.090043+00:00,2026-06-30,data/prospective/daily_qvp/snapshots/2026-07-01T053352Z/raw,1081,1043,144e01281e848a2a4c711cb0058eddc75099bb40,d3881a1328862a39dc4af32e15c4826237a09adca2da7038eafb5659ddb68bb4,8bda06ce0251beedd6a5f2cd61a08ef37682841102d3b9d86a1ab602640baf4e,SNDR,False,True,new_addition,recovered_by_essential_field_and_504_observation_retries_after_old_silent_enrichment_failure,True
2026-07-01T053352Z,2026-07-01T05:33:52.980988+00:00,2026-07-01T07:21:20.090043+00:00,2026-06-30,data/prospective/daily_qvp/snapshots/2026-07-01T053352Z/raw,1081,1043,144e01281e848a2a4c711cb0058eddc75099bb40,d3881a1328862a39dc4af32e15c4826237a09adca2da7038eafb5659ddb68bb4,8bda06ce0251beedd6a5f2cd61a08ef37682841102d3b9d86a1ab602640baf4e,SNOW,False,True,new_addition,recovered_by_essential_field_and_504_observation_retries_after_old_silent_enrichment_failure,True
2026-07-01T053352Z,2026-07-01T05:33:52.980988+00:00,2026-07-01T07:21:20.090043+00:00,2026-06-30,data/prospective/daily_qvp/snapshots/2026-07-01T053352Z/raw,1081,1043,144e01281e848a2a4c711cb0058eddc75099bb40,d3881a1328862a39dc4af32e15c4826237a09adca2da7038eafb5659ddb68bb4,8bda06ce0251beedd6a5f2cd61a08ef37682841102d3b9d86a1ab602640baf4e,SNPS,False,True,new_addition,recovered_by_essential_field_and_504_observation_retries_after_old_silent_enrichment_failure,True
2026-07-01T053352Z,2026-07-01T05:33:52.980988+00:00,2026-07-01T07:21:20.090043+00:00,2026-06-30,data/prospective/daily_qvp/snapshots/2026-07-01T053352Z/raw,1081,1043,144e01281e848a2a4c711cb0058eddc75099bb40,d3881a1328862a39dc4af32e15c4826237a09adca2da7038eafb5659ddb68bb4,8bda06ce0251beedd6a5f2cd61a08ef37682841102d3b9d86a1ab602640baf4e,SNX,False,True,new_addition,recovered_by_essential_field_and_504_observation_retries_after_old_silent_enrichment_failure,True
2026-07-01T053352Z,2026-07-01T05:33:52.980988+00:00,2026-07-01T07:21:20.090043+00:00,2026-06-30,data/prospective/daily_qvp/snapshots/2026-07-01T053352Z/raw,1081,1043,144e01281e848a2a4c711cb0058eddc75099bb40,d3881a1328862a39dc4af32e15c4826237a09adca2da7038eafb5659ddb68bb4,8bda06ce0251beedd6a5f2cd61a08ef37682841102d3b9d86a1ab602640baf4e,SO,False,True,new_addition,recovered_by_essential_field_and_504_observation_retries_after_old_silent_enrichment_failure,True
2026-07-01T053352Z,2026-07-01T05:33:52.980988+00:00,2026-07-01T07:21:20.090043+00:00,2026-06-30,data/prospective/daily_qvp/snapshots/2026-07-01T053352Z/raw,1081,1043,144e01281e848a2a4c711cb0058eddc75099bb40,d3881a1328862a39dc4af32e15c4826237a09adca2da7038eafb5659ddb68bb4,8bda06ce0251beedd6a5f2cd61a08ef37682841102d3b9d86a1ab602640baf4e,SOLV,False,True,new_addition,recovered_by_essential_field_and_504_observation_retries_after_old_silent_enrichment_failure,True
2026-07-01T053352Z,2026-07-01T05:33:52.980988+00:00,2026-07-01T07:21:20.090043+00:00,2026-06-30,data/prospective/daily_qvp/snapshots/2026-07-01T053352Z/raw,1081,1043,144e01281e848a2a4c711cb0058eddc75099bb40,d3881a1328862a39dc4af32e15c4826237a09adca2da7038eafb5659ddb68bb4,8bda06ce0251beedd6a5f2cd61a08ef37682841102d3b9d86a1ab602640baf4e,SON,False,True,new_addition,recovered_by_essential_field_and_504_observation_retries_after_old_silent_enrichment_failure,True
2026-07-01T053352Z,2026-07-01T05:33:52.980988+00:00,2026-07-01T07:21:20.090043+00:00,2026-06-30,data/prospective/daily_qvp/snapshots/2026-07-01T053352Z/raw,1081,1043,144e01281e848a2a4c711cb0058eddc75099bb40,d3881a1328862a39dc4af32e15c4826237a09adca2da7038eafb5659ddb68bb4,8bda06ce0251beedd6a5f2cd61a08ef37682841102d3b9d86a1ab602640baf4e,SPHR,False,True,new_addition,recovered_by_essential_field_and_504_observation_retries_after_old_silent_enrichment_failure,True
2026-07-01T053352Z,2026-07-01T05:33:52.980988+00:00,2026-07-01T07:21:20.090043+00:00,2026-06-30,data/prospective/daily_qvp/snapshots/2026-07-01T053352Z/raw,1081,1043,144e01281e848a2a4c711cb0058eddc75099bb40,d3881a1328862a39dc4af32e15c4826237a09adca2da7038eafb5659ddb68bb4,8bda06ce0251beedd6a5f2cd61a08ef37682841102d3b9d86a1ab602640baf4e,SPSC,False,True,new_addition,recovered_by_essential_field_and_504_observation_retries_after_old_silent_enrichment_failure,True
2026-07-01T053352Z,2026-07-01T05:33:52.980988+00:00,2026-07-01T07:21:20.090043+00:00,2026-06-30,data/prospective/daily_qvp/snapshots/2026-07-01T053352Z/raw,1081,1043,144e01281e848a2a4c711cb0058eddc75099bb40,d3881a1328862a39dc4af32e15c4826237a09adca2da7038eafb5659ddb68bb4,8bda06ce0251beedd6a5f2cd61a08ef37682841102d3b9d86a1ab602640baf4e,SPXC,False,True,new_addition,recovered_by_essential_field_and_504_observation_retries_after_old_silent_enrichment_failure,True
2026-07-01T053352Z,2026-07-01T05:33:52.980988+00:00,2026-07-01T07:21:20.090043+00:00,2026-06-30,data/prospective/daily_qvp/snapshots/2026-07-01T053352Z/raw,1081,1043,144e01281e848a2a4c711cb0058eddc75099bb40,d3881a1328862a39dc4af32e15c4826237a09adca2da7038eafb5659ddb68bb4,8bda06ce0251beedd6a5f2cd61a08ef37682841102d3b9d86a1ab602640baf4e,SR,False,True,new_addition,recovered_by_essential_field_and_504_observation_retries_after_old_silent_enrichment_failure,True
2026-07-01T053352Z,2026-07-01T05:33:52.980988+00:00,2026-07-01T07:21:20.090043+00:00,2026-06-30,data/prospective/daily_qvp/snapshots/2026-07-01T053352Z/raw,1081,1043,144e01281e848a2a4c711cb0058eddc75099bb40,d3881a1328862a39dc4af32e15c4826237a09adca2da7038eafb5659ddb68bb4,8bda06ce0251beedd6a5f2cd61a08ef37682841102d3b9d86a1ab602640baf4e,SRE,False,True,new_addition,recovered_by_essential_field_and_504_observation_retries_after_old_silent_enrichment_failure,True
2026-07-01T053352Z,2026-07-01T05:33:52.980988+00:00,2026-07-01T07:21:20.090043+00:00,2026-06-30,data/prospective/daily_qvp/snapshots/2026-07-01T053352Z/raw,1081,1043,144e01281e848a2a4c711cb0058eddc75099bb40,d3881a1328862a39dc4af32e15c4826237a09adca2da7038eafb5659ddb68bb4,8bda06ce0251beedd6a5f2cd61a08ef37682841102d3b9d86a1ab602640baf4e,SRRK,False,True,new_addition,recovered_by_essential_field_and_504_observation_retries_after_old_silent_enrichment_failure,False
2026-07-01T053352Z,2026-07-01T05:33:52.980988+00:00,2026-07-01T07:21:20.090043+00:00,2026-06-30,data/prospective/daily_qvp/snapshots/2026-07-01T053352Z/raw,1081,1043,144e01281e848a2a4c711cb0058eddc75099bb40,d3881a1328862a39dc4af32e15c4826237a09adca2da7038eafb5659ddb68bb4,8bda06ce0251beedd6a5f2cd61a08ef37682841102d3b9d86a1ab602640baf4e,SSD,False,True,new_addition,recovered_by_essential_field_and_504_observation_retries_after_old_silent_enrichment_failure,True
2026-07-01T053352Z,2026-07-01T05:33:52.980988+00:00,2026-07-01T07:21:20.090043+00:00,2026-06-30,data/prospective/daily_qvp/snapshots/2026-07-01T053352Z/raw,1081,1043,144e01281e848a2a4c711cb0058eddc75099bb40,d3881a1328862a39dc4af32e15c4826237a09adca2da7038eafb5659ddb68bb4,8bda06ce0251beedd6a5f2cd61a08ef37682841102d3b9d86a1ab602640baf4e,SSNC,False,True,new_addition,recovered_by_essential_field_and_504_observation_retries_after_old_silent_enrichment_failure,True
2026-07-01T053352Z,2026-07-01T05:33:52.980988+00:00,2026-07-01T07:21:20.090043+00:00,2026-06-30,data/prospective/daily_qvp/snapshots/2026-07-01T053352Z/raw,1081,1043,144e01281e848a2a4c711cb0058eddc75099bb40,d3881a1328862a39dc4af32e15c4826237a09adca2da7038eafb5659ddb68bb4,8bda06ce0251beedd6a5f2cd61a08ef37682841102d3b9d86a1ab602640baf4e,SSRM,False,True,new_addition,recovered_by_essential_field_and_504_observation_retries_after_old_silent_enrichment_failure,True
2026-07-01T053352Z,2026-07-01T05:33:52.980988+00:00,2026-07-01T07:21:20.090043+00:00,2026-06-30,data/prospective/daily_qvp/snapshots/2026-07-01T053352Z/raw,1081,1043,144e01281e848a2a4c711cb0058eddc75099bb40,d3881a1328862a39dc4af32e15c4826237a09adca2da7038eafb5659ddb68bb4,8bda06ce0251beedd6a5f2cd61a08ef37682841102d3b9d86a1ab602640baf4e,ST,False,True,new_addition,recovered_by_essential_field_and_504_observation_retries_after_old_silent_enrichment_failure,True
2026-07-01T053352Z,2026-07-01T05:33:52.980988+00:00,2026-07-01T07:21:20.090043+00:00,2026-06-30,data/prospective/daily_qvp/snapshots/2026-07-01T053352Z/raw,1081,1043,144e01281e848a2a4c711cb0058eddc75099bb40,d3881a1328862a39dc4af32e15c4826237a09adca2da7038eafb5659ddb68bb4,8bda06ce0251beedd6a5f2cd61a08ef37682841102d3b9d86a1ab602640baf4e,STE,False,True,new_addition,recovered_by_essential_field_and_504_observation_retries_after_old_silent_enrichment_failure,True
2026-07-01T053352Z,2026-07-01T05:33:52.980988+00:00,2026-07-01T07:21:20.090043+00:00,2026-06-30,data/prospective/daily_qvp/snapshots/2026-07-01T053352Z/raw,1081,1043,144e01281e848a2a4c711cb0058eddc75099bb40,d3881a1328862a39dc4af32e15c4826237a09adca2da7038eafb5659ddb68bb4,8bda06ce0251beedd6a5f2cd61a08ef37682841102d3b9d86a1ab602640baf4e,STLD,False,True,new_addition,recovered_by_essential_field_and_504_observation_retries_after_old_silent_enrichment_failure,True
2026-07-01T053352Z,2026-07-01T05:33:52.980988+00:00,2026-07-01T07:21:20.090043+00:00,2026-06-30,data/prospective/daily_qvp/snapshots/2026-07-01T053352Z/raw,1081,1043,144e01281e848a2a4c711cb0058eddc75099bb40,d3881a1328862a39dc4af32e15c4826237a09adca2da7038eafb5659ddb68bb4,8bda06ce0251beedd6a5f2cd61a08ef37682841102d3b9d86a1ab602640baf4e,STOK,False,True,new_addition,recovered_by_essential_field_and_504_observation_retries_after_old_silent_enrichment_failure,False
2026-07-01T053352Z,2026-07-01T05:33:52.980988+00:00,2026-07-01T07:21:20.090043+00:00,2026-06-30,data/prospective/daily_qvp/snapshots/2026-07-01T053352Z/raw,1081,1043,144e01281e848a2a4c711cb0058eddc75099bb40,d3881a1328862a39dc4af32e15c4826237a09adca2da7038eafb5659ddb68bb4,8bda06ce0251beedd6a5f2cd61a08ef37682841102d3b9d86a1ab602640baf4e,STRL,False,True,new_addition,recovered_by_essential_field_and_504_observation_retries_after_old_silent_enrichment_failure,True
2026-07-01T053352Z,2026-07-01T05:33:52.980988+00:00,2026-07-01T07:21:20.090043+00:00,2026-06-30,data/prospective/daily_qvp/snapshots/2026-07-01T053352Z/raw,1081,1043,144e01281e848a2a4c711cb0058eddc75099bb40,d3881a1328862a39dc4af32e15c4826237a09adca2da7038eafb5659ddb68bb4,8bda06ce0251beedd6a5f2cd61a08ef37682841102d3b9d86a1ab602640baf4e,STZ,False,True,new_addition,recovered_by_essential_field_and_504_observation_retries_after_old_silent_enrichment_failure,True
2026-07-01T053352Z,2026-07-01T05:33:52.980988+00:00,2026-07-01T07:21:20.090043+00:00,2026-06-30,data/prospective/daily_qvp/snapshots/2026-07-01T053352Z/raw,1081,1043,144e01281e848a2a4c711cb0058eddc75099bb40,d3881a1328862a39dc4af32e15c4826237a09adca2da7038eafb5659ddb68bb4,8bda06ce0251beedd6a5f2cd61a08ef37682841102d3b9d86a1ab602640baf4e,SWK,False,True,new_addition,recovered_by_essential_field_and_504_observation_retries_after_old_silent_enrichment_failure,True
2026-07-01T053352Z,2026-07-01T05:33:52.980988+00:00,2026-07-01T07:21:20.090043+00:00,2026-06-30,data/prospective/daily_qvp/snapshots/2026-07-01T053352Z/raw,1081,1043,144e01281e848a2a4c711cb0058eddc75099bb40,d3881a1328862a39dc4af32e15c4826237a09adca2da7038eafb5659ddb68bb4,8bda06ce0251beedd6a5f2cd61a08ef37682841102d3b9d86a1ab602640baf4e,SWKS,False,True,new_addition,recovered_by_essential_field_and_504_observation_retries_after_old_silent_enrichment_failure,True
2026-07-01T053352Z,2026-07-01T05:33:52.980988+00:00,2026-07-01T07:21:20.090043+00:00,2026-06-30,data/prospective/daily_qvp/snapshots/2026-07-01T053352Z/raw,1081,1043,144e01281e848a2a4c711cb0058eddc75099bb40,d3881a1328862a39dc4af32e15c4826237a09adca2da7038eafb5659ddb68bb4,8bda06ce0251beedd6a5f2cd61a08ef37682841102d3b9d86a1ab602640baf4e,SWX,False,True,new_addition,recovered_by_essential_field_and_504_observation_retries_after_old_silent_enrichment_failure,True
2026-07-01T053352Z,2026-07-01T05:33:52.980988+00:00,2026-07-01T07:21:20.090043+00:00,2026-06-30,data/prospective/daily_qvp/snapshots/2026-07-01T053352Z/raw,1081,1043,144e01281e848a2a4c711cb0058eddc75099bb40,d3881a1328862a39dc4af32e15c4826237a09adca2da7038eafb5659ddb68bb4,8bda06ce0251beedd6a5f2cd61a08ef37682841102d3b9d86a1ab602640baf4e,SXI,False,True,new_addition,recovered_by_essential_field_and_504_observation_retries_after_old_silent_enrichment_failure,True
2026-07-01T053352Z,2026-07-01T05:33:52.980988+00:00,2026-07-01T07:21:20.090043+00:00,2026-06-30,data/prospective/daily_qvp/snapshots/2026-07-01T053352Z/raw,1081,1043,144e01281e848a2a4c711cb0058eddc75099bb40,d3881a1328862a39dc4af32e15c4826237a09adca2da7038eafb5659ddb68bb4,8bda06ce0251beedd6a5f2cd61a08ef37682841102d3b9d86a1ab602640baf4e,SXT,False,True,new_addition,recovered_by_essential_field_and_504_observation_retries_after_old_silent_enrichment_failure,True
2026-07-01T053352Z,2026-07-01T05:33:52.980988+00:00,2026-07-01T07:21:20.090043+00:00,2026-06-30,data/prospective/daily_qvp/snapshots/2026-07-01T053352Z/raw,1081,1043,144e01281e848a2a4c711cb0058eddc75099bb40,d3881a1328862a39dc4af32e15c4826237a09adca2da7038eafb5659ddb68bb4,8bda06ce0251beedd6a5f2cd61a08ef37682841102d3b9d86a1ab602640baf4e,SYK,False,True,new_addition,recovered_by_essential_field_and_504_observation_retries_after_old_silent_enrichment_failure,True
2026-07-01T053352Z,2026-07-01T05:33:52.980988+00:00,2026-07-01T07:21:20.090043+00:00,2026-06-30,data/prospective/daily_qvp/snapshots/2026-07-01T053352Z/raw,1081,1043,144e01281e848a2a4c711cb0058eddc75099bb40,d3881a1328862a39dc4af32e15c4826237a09adca2da7038eafb5659ddb68bb4,8bda06ce0251beedd6a5f2cd61a08ef37682841102d3b9d86a1ab602640baf4e,SYNA,False,True,new_addition,recovered_by_essential_field_and_504_observation_retries_after_old_silent_enrichment_failure,True
2026-07-01T053352Z,2026-07-01T05:33:52.980988+00:00,2026-07-01T07:21:20.090043+00:00,2026-06-30,data/prospective/daily_qvp/snapshots/2026-07-01T053352Z/raw,1081,1043,144e01281e848a2a4c711cb0058eddc75099bb40,d3881a1328862a39dc4af32e15c4826237a09adca2da7038eafb5659ddb68bb4,8bda06ce0251beedd6a5f2cd61a08ef37682841102d3b9d86a1ab602640baf4e,SYRE,False,True,new_addition,recovered_by_essential_field_and_504_observation_retries_after_old_silent_enrichment_failure,False
2026-07-01T053352Z,2026-07-01T05:33:52.980988+00:00,2026-07-01T07:21:20.090043+00:00,2026-06-30,data/prospective/daily_qvp/snapshots/2026-07-01T053352Z/raw,1081,1043,144e01281e848a2a4c711cb0058eddc75099bb40,d3881a1328862a39dc4af32e15c4826237a09adca2da7038eafb5659ddb68bb4,8bda06ce0251beedd6a5f2cd61a08ef37682841102d3b9d86a1ab602640baf4e,SYY,False,True,new_addition,recovered_by_essential_field_and_504_observation_retries_after_old_silent_enrichment_failure,True
2026-07-01T053352Z,2026-07-01T05:33:52.980988+00:00,2026-07-01T07:21:20.090043+00:00,2026-06-30,data/prospective/daily_qvp/snapshots/2026-07-01T053352Z/raw,1081,1043,144e01281e848a2a4c711cb0058eddc75099bb40,d3881a1328862a39dc4af32e15c4826237a09adca2da7038eafb5659ddb68bb4,8bda06ce0251beedd6a5f2cd61a08ef37682841102d3b9d86a1ab602640baf4e,T,False,True,new_addition,recovered_by_essential_field_and_504_observation_retries_after_old_silent_enrichment_failure,True
2026-07-01T053352Z,2026-07-01T05:33:52.980988+00:00,2026-07-01T07:21:20.090043+00:00,2026-06-30,data/prospective/daily_qvp/snapshots/2026-07-01T053352Z/raw,1081,1043,144e01281e848a2a4c711cb0058eddc75099bb40,d3881a1328862a39dc4af32e15c4826237a09adca2da7038eafb5659ddb68bb4,8bda06ce0251beedd6a5f2cd61a08ef37682841102d3b9d86a1ab602640baf4e,TALO,False,True,new_addition,recovered_by_essential_field_and_504_observation_retries_after_old_silent_enrichment_failure,True
2026-07-01T053352Z,2026-07-01T05:33:52.980988+00:00,2026-07-01T07:21:20.090043+00:00,2026-06-30,data/prospective/daily_qvp/snapshots/2026-07-01T053352Z/raw,1081,1043,144e01281e848a2a4c711cb0058eddc75099bb40,d3881a1328862a39dc4af32e15c4826237a09adca2da7038eafb5659ddb68bb4,8bda06ce0251beedd6a5f2cd61a08ef37682841102d3b9d86a1ab602640baf4e,TAP,False,True,new_addition,recovered_by_essential_field_and_504_observation_retries_after_old_silent_enrichment_failure,True
2026-07-01T053352Z,2026-07-01T05:33:52.980988+00:00,2026-07-01T07:21:20.090043+00:00,2026-06-30,data/prospective/daily_qvp/snapshots/2026-07-01T053352Z/raw,1081,1043,144e01281e848a2a4c711cb0058eddc75099bb40,d3881a1328862a39dc4af32e15c4826237a09adca2da7038eafb5659ddb68bb4,8bda06ce0251beedd6a5f2cd61a08ef37682841102d3b9d86a1ab602640baf4e,TARS,False,True,new_addition,recovered_by_essential_field_and_504_observation_retries_after_old_silent_enrichment_failure,True
2026-07-01T053352Z,2026-07-01T05:33:52.980988+00:00,2026-07-01T07:21:20.090043+00:00,2026-06-30,data/prospective/daily_qvp/snapshots/2026-07-01T053352Z/raw,1081,1043,144e01281e848a2a4c711cb0058eddc75099bb40,d3881a1328862a39dc4af32e15c4826237a09adca2da7038eafb5659ddb68bb4,8bda06ce0251beedd6a5f2cd61a08ef37682841102d3b9d86a1ab602640baf4e,TDC,False,True,new_addition,recovered_by_essential_field_and_504_observation_retries_after_old_silent_enrichment_failure,True
2026-07-01T053352Z,2026-07-01T05:33:52.980988+00:00,2026-07-01T07:21:20.090043+00:00,2026-06-30,data/prospective/daily_qvp/snapshots/2026-07-01T053352Z/raw,1081,1043,144e01281e848a2a4c711cb0058eddc75099bb40,d3881a1328862a39dc4af32e15c4826237a09adca2da7038eafb5659ddb68bb4,8bda06ce0251beedd6a5f2cd61a08ef37682841102d3b9d86a1ab602640baf4e,TDG,False,True,new_addition,recovered_by_essential_field_and_504_observation_retries_after_old_silent_enrichment_failure,True
2026-07-01T053352Z,2026-07-01T05:33:52.980988+00:00,2026-07-01T07:21:20.090043+00:00,2026-06-30,data/prospective/daily_qvp/snapshots/2026-07-01T053352Z/raw,1081,1043,144e01281e848a2a4c711cb0058eddc75099bb40,d3881a1328862a39dc4af32e15c4826237a09adca2da7038eafb5659ddb68bb4,8bda06ce0251beedd6a5f2cd61a08ef37682841102d3b9d86a1ab602640baf4e,TDS,False,True,new_addition,recovered_by_essential_field_and_504_observation_retries_after_old_silent_enrichment_failure,True
2026-07-01T053352Z,2026-07-01T05:33:52.980988+00:00,2026-07-01T07:21:20.090043+00:00,2026-06-30,data/prospective/daily_qvp/snapshots/2026-07-01T053352Z/raw,1081,1043,144e01281e848a2a4c711cb0058eddc75099bb40,d3881a1328862a39dc4af32e15c4826237a09adca2da7038eafb5659ddb68bb4,8bda06ce0251beedd6a5f2cd61a08ef37682841102d3b9d86a1ab602640baf4e,TDW,False,True,new_addition,recovered_by_essential_field_and_504_observation_retries_after_old_silent_enrichment_failure,True
2026-07-01T053352Z,2026-07-01T05:33:52.980988+00:00,2026-07-01T07:21:20.090043+00:00,2026-06-30,data/prospective/daily_qvp/snapshots/2026-07-01T053352Z/raw,1081,1043,144e01281e848a2a4c711cb0058eddc75099bb40,d3881a1328862a39dc4af32e15c4826237a09adca2da7038eafb5659ddb68bb4,8bda06ce0251beedd6a5f2cd61a08ef37682841102d3b9d86a1ab602640baf4e,TDY,False,True,new_addition,recovered_by_essential_field_and_504_observation_retries_after_old_silent_enrichment_failure,True
2026-07-01T053352Z,2026-07-01T05:33:52.980988+00:00,2026-07-01T07:21:20.090043+00:00,2026-06-30,data/prospective/daily_qvp/snapshots/2026-07-01T053352Z/raw,1081,1043,144e01281e848a2a4c711cb0058eddc75099bb40,d3881a1328862a39dc4af32e15c4826237a09adca2da7038eafb5659ddb68bb4,8bda06ce0251beedd6a5f2cd61a08ef37682841102d3b9d86a1ab602640baf4e,TE,False,True,new_addition,recovered_by_essential_field_and_504_observation_retries_after_old_silent_enrichment_failure,True
2026-07-01T053352Z,2026-07-01T05:33:52.980988+00:00,2026-07-01T07:21:20.090043+00:00,2026-06-30,data/prospective/daily_qvp/snapshots/2026-07-01T053352Z/raw,1081,1043,144e01281e848a2a4c711cb0058eddc75099bb40,d3881a1328862a39dc4af32e15c4826237a09adca2da7038eafb5659ddb68bb4,8bda06ce0251beedd6a5f2cd61a08ef37682841102d3b9d86a1ab602640baf4e,TECH,False,True,new_addition,recovered_by_essential_field_and_504_observation_retries_after_old_silent_enrichment_failure,True
2026-07-01T053352Z,2026-07-01T05:33:52.980988+00:00,2026-07-01T07:21:20.090043+00:00,2026-06-30,data/prospective/daily_qvp/snapshots/2026-07-01T053352Z/raw,1081,1043,144e01281e848a2a4c711cb0058eddc75099bb40,d3881a1328862a39dc4af32e15c4826237a09adca2da7038eafb5659ddb68bb4,8bda06ce0251beedd6a5f2cd61a08ef37682841102d3b9d86a1ab602640baf4e,TEM,False,True,new_addition,recovered_by_essential_field_and_504_observation_retries_after_old_silent_enrichment_failure,True
2026-07-01T053352Z,2026-07-01T05:33:52.980988+00:00,2026-07-01T07:21:20.090043+00:00,2026-06-30,data/prospective/daily_qvp/snapshots/2026-07-01T053352Z/raw,1081,1043,144e01281e848a2a4c711cb0058eddc75099bb40,d3881a1328862a39dc4af32e15c4826237a09adca2da7038eafb5659ddb68bb4,8bda06ce0251beedd6a5f2cd61a08ef37682841102d3b9d86a1ab602640baf4e,TENB,False,True,new_addition,recovered_by_essential_field_and_504_observation_retries_after_old_silent_enrichment_failure,True
2026-07-01T053352Z,2026-07-01T05:33:52.980988+00:00,2026-07-01T07:21:20.090043+00:00,2026-06-30,data/prospective/daily_qvp/snapshots/2026-07-01T053352Z/raw,1081,1043,144e01281e848a2a4c711cb0058eddc75099bb40,d3881a1328862a39dc4af32e15c4826237a09adca2da7038eafb5659ddb68bb4,8bda06ce0251beedd6a5f2cd61a08ef37682841102d3b9d86a1ab602640baf4e,TER,False,True,new_addition,recovered_by_essential_field_and_504_observation_retries_after_old_silent_enrichment_failure,True
2026-07-01T053352Z,2026-07-01T05:33:52.980988+00:00,2026-07-01T07:21:20.090043+00:00,2026-06-30,data/prospective/daily_qvp/snapshots/2026-07-01T053352Z/raw,1081,1043,144e01281e848a2a4c711cb0058eddc75099bb40,d3881a1328862a39dc4af32e15c4826237a09adca2da7038eafb5659ddb68bb4,8bda06ce0251beedd6a5f2cd61a08ef37682841102d3b9d86a1ab602640baf4e,TEX,False,True,new_addition,recovered_by_essential_field_and_504_observation_retries_after_old_silent_enrichment_failure,True
2026-07-01T053352Z,2026-07-01T05:33:52.980988+00:00,2026-07-01T07:21:20.090043+00:00,2026-06-30,data/prospective/daily_qvp/snapshots/2026-07-01T053352Z/raw,1081,1043,144e01281e848a2a4c711cb0058eddc75099bb40,d3881a1328862a39dc4af32e15c4826237a09adca2da7038eafb5659ddb68bb4,8bda06ce0251beedd6a5f2cd61a08ef37682841102d3b9d86a1ab602640baf4e,TFX,False,True,new_addition,recovered_by_essential_field_and_504_observation_retries_after_old_silent_enrichment_failure,True
2026-07-01T053352Z,2026-07-01T05:33:52.980988+00:00,2026-07-01T07:21:20.090043+00:00,2026-06-30,data/prospective/daily_qvp/snapshots/2026-07-01T053352Z/raw,1081,1043,144e01281e848a2a4c711cb0058eddc75099bb40,d3881a1328862a39dc4af32e15c4826237a09adca2da7038eafb5659ddb68bb4,8bda06ce0251beedd6a5f2cd61a08ef37682841102d3b9d86a1ab602640baf4e,TGLS,False,True,new_addition,recovered_by_essential_field_and_504_observation_retries_after_old_silent_enrichment_failure,True
2026-07-01T053352Z,2026-07-01T05:33:52.980988+00:00,2026-07-01T07:21:20.090043+00:00,2026-06-30,data/prospective/daily_qvp/snapshots/2026-07-01T053352Z/raw,1081,1043,144e01281e848a2a4c711cb0058eddc75099bb40,d3881a1328862a39dc4af32e15c4826237a09adca2da7038eafb5659ddb68bb4,8bda06ce0251beedd6a5f2cd61a08ef37682841102d3b9d86a1ab602640baf4e,TGT,False,True,new_addition,recovered_by_essential_field_and_504_observation_retries_after_old_silent_enrichment_failure,True
2026-07-01T053352Z,2026-07-01T05:33:52.980988+00:00,2026-07-01T07:21:20.090043+00:00,2026-06-30,data/prospective/daily_qvp/snapshots/2026-07-01T053352Z/raw,1081,1043,144e01281e848a2a4c711cb0058eddc75099bb40,d3881a1328862a39dc4af32e15c4826237a09adca2da7038eafb5659ddb68bb4,8bda06ce0251beedd6a5f2cd61a08ef37682841102d3b9d86a1ab602640baf4e,THC,False,True,new_addition,recovered_by_essential_field_and_504_observation_retries_after_old_silent_enrichment_failure,True
2026-07-01T053352Z,2026-07-01T05:33:52.980988+00:00,2026-07-01T07:21:20.090043+00:00,2026-06-30,data/prospective/daily_qvp/snapshots/2026-07-01T053352Z/raw,1081,1043,144e01281e848a2a4c711cb0058eddc75099bb40,d3881a1328862a39dc4af32e15c4826237a09adca2da7038eafb5659ddb68bb4,8bda06ce0251beedd6a5f2cd61a08ef37682841102d3b9d86a1ab602640baf4e,THO,False,True,new_addition,recovered_by_essential_field_and_504_observation_retries_after_old_silent_enrichment_failure,True
2026-07-01T053352Z,2026-07-01T05:33:52.980988+00:00,2026-07-01T07:21:20.090043+00:00,2026-06-30,data/prospective/daily_qvp/snapshots/2026-07-01T053352Z/raw,1081,1043,144e01281e848a2a4c711cb0058eddc75099bb40,d3881a1328862a39dc4af32e15c4826237a09adca2da7038eafb5659ddb68bb4,8bda06ce0251beedd6a5f2cd61a08ef37682841102d3b9d86a1ab602640baf4e,TILE,False,True,new_addition,recovered_by_essential_field_and_504_observation_retries_after_old_silent_enrichment_failure,True
2026-07-01T053352Z,2026-07-01T05:33:52.980988+00:00,2026-07-01T07:21:20.090043+00:00,2026-06-30,data/prospective/daily_qvp/snapshots/2026-07-01T053352Z/raw,1081,1043,144e01281e848a2a4c711cb0058eddc75099bb40,d3881a1328862a39dc4af32e15c4826237a09adca2da7038eafb5659ddb68bb4,8bda06ce0251beedd6a5f2cd61a08ef37682841102d3b9d86a1ab602640baf4e,TJX,False,True,new_addition,recovered_by_essential_field_and_504_observation_retries_after_old_silent_enrichment_failure,True
2026-07-01T053352Z,2026-07-01T05:33:52.980988+00:00,2026-07-01T07:21:20.090043+00:00,2026-06-30,data/prospective/daily_qvp/snapshots/2026-07-01T053352Z/raw,1081,1043,144e01281e848a2a4c711cb0058eddc75099bb40,d3881a1328862a39dc4af32e15c4826237a09adca2da7038eafb5659ddb68bb4,8bda06ce0251beedd6a5f2cd61a08ef37682841102d3b9d86a1ab602640baf4e,TKO,False,True,new_addition,recovered_by_essential_field_and_504_observation_retries_after_old_silent_enrichment_failure,True
2026-07-01T053352Z,2026-07-01T05:33:52.980988+00:00,2026-07-01T07:21:20.090043+00:00,2026-06-30,data/prospective/daily_qvp/snapshots/2026-07-01T053352Z/raw,1081,1043,144e01281e848a2a4c711cb0058eddc75099bb40,d3881a1328862a39dc4af32e15c4826237a09adca2da7038eafb5659ddb68bb4,8bda06ce0251beedd6a5f2cd61a08ef37682841102d3b9d86a1ab602640baf4e,TKR,False,True,new_addition,recovered_by_essential_field_and_504_observation_retries_after_old_silent_enrichment_failure,True
2026-07-01T053352Z,2026-07-01T05:33:52.980988+00:00,2026-07-01T07:21:20.090043+00:00,2026-06-30,data/prospective/daily_qvp/snapshots/2026-07-01T053352Z/raw,1081,1043,144e01281e848a2a4c711cb0058eddc75099bb40,d3881a1328862a39dc4af32e15c4826237a09adca2da7038eafb5659ddb68bb4,8bda06ce0251beedd6a5f2cd61a08ef37682841102d3b9d86a1ab602640baf4e,TLN,False,True,new_addition,recovered_by_essential_field_and_504_observation_retries_after_old_silent_enrichment_failure,True
2026-07-01T053352Z,2026-07-01T05:33:52.980988+00:00,2026-07-01T07:21:20.090043+00:00,2026-06-30,data/prospective/daily_qvp/snapshots/2026-07-01T053352Z/raw,1081,1043,144e01281e848a2a4c711cb0058eddc75099bb40,d3881a1328862a39dc4af32e15c4826237a09adca2da7038eafb5659ddb68bb4,8bda06ce0251beedd6a5f2cd61a08ef37682841102d3b9d86a1ab602640baf4e,TMHC,False,True,new_addition,recovered_by_essential_field_and_504_observation_retries_after_old_silent_enrichment_failure,True
2026-07-01T053352Z,2026-07-01T05:33:52.980988+00:00,2026-07-01T07:21:20.090043+00:00,2026-06-30,data/prospective/daily_qvp/snapshots/2026-07-01T053352Z/raw,1081,1043,144e01281e848a2a4c711cb0058eddc75099bb40,d3881a1328862a39dc4af32e15c4826237a09adca2da7038eafb5659ddb68bb4,8bda06ce0251beedd6a5f2cd61a08ef37682841102d3b9d86a1ab602640baf4e,TMO,False,True,new_addition,recovered_by_essential_field_and_504_observation_retries_after_old_silent_enrichment_failure,True
2026-07-01T053352Z,2026-07-01T05:33:52.980988+00:00,2026-07-01T07:21:20.090043+00:00,2026-06-30,data/prospective/daily_qvp/snapshots/2026-07-01T053352Z/raw,1081,1043,144e01281e848a2a4c711cb0058eddc75099bb40,d3881a1328862a39dc4af32e15c4826237a09adca2da7038eafb5659ddb68bb4,8bda06ce0251beedd6a5f2cd61a08ef37682841102d3b9d86a1ab602640baf4e,TMUS,False,True,new_addition,recovered_by_essential_field_and_504_observation_retries_after_old_silent_enrichment_failure,True
2026-07-01T053352Z,2026-07-01T05:33:52.980988+00:00,2026-07-01T07:21:20.090043+00:00,2026-06-30,data/prospective/daily_qvp/snapshots/2026-07-01T053352Z/raw,1081,1043,144e01281e848a2a4c711cb0058eddc75099bb40,d3881a1328862a39dc4af32e15c4826237a09adca2da7038eafb5659ddb68bb4,8bda06ce0251beedd6a5f2cd61a08ef37682841102d3b9d86a1ab602640baf4e,TNET,False,True,new_addition,recovered_by_essential_field_and_504_observation_retries_after_old_silent_enrichment_failure,True
2026-07-01T053352Z,2026-07-01T05:33:52.980988+00:00,2026-07-01T07:21:20.090043+00:00,2026-06-30,data/prospective/daily_qvp/snapshots/2026-07-01T053352Z/raw,1081,1043,144e01281e848a2a4c711cb0058eddc75099bb40,d3881a1328862a39dc4af32e15c4826237a09adca2da7038eafb5659ddb68bb4,8bda06ce0251beedd6a5f2cd61a08ef37682841102d3b9d86a1ab602640baf4e,TNL,False,True,new_addition,recovered_by_essential_field_and_504_observation_retries_after_old_silent_enrichment_failure,True
2026-07-01T053352Z,2026-07-01T05:33:52.980988+00:00,2026-07-01T07:21:20.090043+00:00,2026-06-30,data/prospective/daily_qvp/snapshots/2026-07-01T053352Z/raw,1081,1043,144e01281e848a2a4c711cb0058eddc75099bb40,d3881a1328862a39dc4af32e15c4826237a09adca2da7038eafb5659ddb68bb4,8bda06ce0251beedd6a5f2cd61a08ef37682841102d3b9d86a1ab602640baf4e,TOL,False,True,new_addition,recovered_by_essential_field_and_504_observation_retries_after_old_silent_enrichment_failure,True
2026-07-01T053352Z,2026-07-01T05:33:52.980988+00:00,2026-07-01T07:21:20.090043+00:00,2026-06-30,data/prospective/daily_qvp/snapshots/2026-07-01T053352Z/raw,1081,1043,144e01281e848a2a4c711cb0058eddc75099bb40,d3881a1328862a39dc4af32e15c4826237a09adca2da7038eafb5659ddb68bb4,8bda06ce0251beedd6a5f2cd61a08ef37682841102d3b9d86a1ab602640baf4e,TOST,False,True,new_addition,recovered_by_essential_field_and_504_observation_retries_after_old_silent_enrichment_failure,True
2026-07-01T053352Z,2026-07-01T05:33:52.980988+00:00,2026-07-01T07:21:20.090043+00:00,2026-06-30,data/prospective/daily_qvp/snapshots/2026-07-01T053352Z/raw,1081,1043,144e01281e848a2a4c711cb0058eddc75099bb40,d3881a1328862a39dc4af32e15c4826237a09adca2da7038eafb5659ddb68bb4,8bda06ce0251beedd6a5f2cd61a08ef37682841102d3b9d86a1ab602640baf4e,TPC,False,True,new_addition,recovered_by_essential_field_and_504_observation_retries_after_old_silent_enrichment_failure,True
2026-07-01T053352Z,2026-07-01T05:33:52.980988+00:00,2026-07-01T07:21:20.090043+00:00,2026-06-30,data/prospective/daily_qvp/snapshots/2026-07-01T053352Z/raw,1081,1043,144e01281e848a2a4c711cb0058eddc75099bb40,d3881a1328862a39dc4af32e15c4826237a09adca2da7038eafb5659ddb68bb4,8bda06ce0251beedd6a5f2cd61a08ef37682841102d3b9d86a1ab602640baf4e,TPL,False,True,new_addition,recovered_by_essential_field_and_504_observation_retries_after_old_silent_enrichment_failure,True
2026-07-01T053352Z,2026-07-01T05:33:52.980988+00:00,2026-07-01T07:21:20.090043+00:00,2026-06-30,data/prospective/daily_qvp/snapshots/2026-07-01T053352Z/raw,1081,1043,144e01281e848a2a4c711cb0058eddc75099bb40,d3881a1328862a39dc4af32e15c4826237a09adca2da7038eafb5659ddb68bb4,8bda06ce0251beedd6a5f2cd61a08ef37682841102d3b9d86a1ab602640baf4e,TPR,False,True,new_addition,recovered_by_essential_field_and_504_observation_retries_after_old_silent_enrichment_failure,True
2026-07-01T053352Z,2026-07-01T05:33:52.980988+00:00,2026-07-01T07:21:20.090043+00:00,2026-06-30,data/prospective/daily_qvp/snapshots/2026-07-01T053352Z/raw,1081,1043,144e01281e848a2a4c711cb0058eddc75099bb40,d3881a1328862a39dc4af32e15c4826237a09adca2da7038eafb5659ddb68bb4,8bda06ce0251beedd6a5f2cd61a08ef37682841102d3b9d86a1ab602640baf4e,TR,False,True,new_addition,recovered_by_essential_field_and_504_observation_retries_after_old_silent_enrichment_failure,True
2026-07-01T053352Z,2026-07-01T05:33:52.980988+00:00,2026-07-01T07:21:20.090043+00:00,2026-06-30,data/prospective/daily_qvp/snapshots/2026-07-01T053352Z/raw,1081,1043,144e01281e848a2a4c711cb0058eddc75099bb40,d3881a1328862a39dc4af32e15c4826237a09adca2da7038eafb5659ddb68bb4,8bda06ce0251beedd6a5f2cd61a08ef37682841102d3b9d86a1ab602640baf4e,TREX,False,True,new_addition,recovered_by_essential_field_and_504_observation_retries_after_old_silent_enrichment_failure,True
2026-07-01T053352Z,2026-07-01T05:33:52.980988+00:00,2026-07-01T07:21:20.090043+00:00,2026-06-30,data/prospective/daily_qvp/snapshots/2026-07-01T053352Z/raw,1081,1043,144e01281e848a2a4c711cb0058eddc75099bb40,d3881a1328862a39dc4af32e15c4826237a09adca2da7038eafb5659ddb68bb4,8bda06ce0251beedd6a5f2cd61a08ef37682841102d3b9d86a1ab602640baf4e,TRGP,False,True,new_addition,recovered_by_essential_field_and_504_observation_retries_after_old_silent_enrichment_failure,True
2026-07-01T053352Z,2026-07-01T05:33:52.980988+00:00,2026-07-01T07:21:20.090043+00:00,2026-06-30,data/prospective/daily_qvp/snapshots/2026-07-01T053352Z/raw,1081,1043,144e01281e848a2a4c711cb0058eddc75099bb40,d3881a1328862a39dc4af32e15c4826237a09adca2da7038eafb5659ddb68bb4,8bda06ce0251beedd6a5f2cd61a08ef37682841102d3b9d86a1ab602640baf4e,TRMB,False,True,new_addition,recovered_by_essential_field_and_504_observation_retries_after_old_silent_enrichment_failure,True
2026-07-01T053352Z,2026-07-01T05:33:52.980988+00:00,2026-07-01T07:21:20.090043+00:00,2026-06-30,data/prospective/daily_qvp/snapshots/2026-07-01T053352Z/raw,1081,1043,144e01281e848a2a4c711cb0058eddc75099bb40,d3881a1328862a39dc4af32e15c4826237a09adca2da7038eafb5659ddb68bb4,8bda06ce0251beedd6a5f2cd61a08ef37682841102d3b9d86a1ab602640baf4e,TRN,False,True,new_addition,recovered_by_essential_field_and_504_observation_retries_after_old_silent_enrichment_failure,True
2026-07-01T053352Z,2026-07-01T05:33:52.980988+00:00,2026-07-01T07:21:20.090043+00:00,2026-06-30,data/prospective/daily_qvp/snapshots/2026-07-01T053352Z/raw,1081,1043,144e01281e848a2a4c711cb0058eddc75099bb40,d3881a1328862a39dc4af32e15c4826237a09adca2da7038eafb5659ddb68bb4,8bda06ce0251beedd6a5f2cd61a08ef37682841102d3b9d86a1ab602640baf4e,TSCO,False,True,new_addition,recovered_by_essential_field_and_504_observation_retries_after_old_silent_enrichment_failure,True
2026-07-01T053352Z,2026-07-01T05:33:52.980988+00:00,2026-07-01T07:21:20.090043+00:00,2026-06-30,data/prospective/daily_qvp/snapshots/2026-07-01T053352Z/raw,1081,1043,144e01281e848a2a4c711cb0058eddc75099bb40,d3881a1328862a39dc4af32e15c4826237a09adca2da7038eafb5659ddb68bb4,8bda06ce0251beedd6a5f2cd61a08ef37682841102d3b9d86a1ab602640baf4e,TSLA,False,True,new_addition,recovered_by_essential_field_and_504_observation_retries_after_old_silent_enrichment_failure,True
2026-07-01T053352Z,2026-07-01T05:33:52.980988+00:00,2026-07-01T07:21:20.090043+00:00,2026-06-30,data/prospective/daily_qvp/snapshots/2026-07-01T053352Z/raw,1081,1043,144e01281e848a2a4c711cb0058eddc75099bb40,d3881a1328862a39dc4af32e15c4826237a09adca2da7038eafb5659ddb68bb4,8bda06ce0251beedd6a5f2cd61a08ef37682841102d3b9d86a1ab602640baf4e,TSN,False,True,new_addition,recovered_by_essential_field_and_504_observation_retries_after_old_silent_enrichment_failure,True
2026-07-01T053352Z,2026-07-01T05:33:52.980988+00:00,2026-07-01T07:21:20.090043+00:00,2026-06-30,data/prospective/daily_qvp/snapshots/2026-07-01T053352Z/raw,1081,1043,144e01281e848a2a4c711cb0058eddc75099bb40,d3881a1328862a39dc4af32e15c4826237a09adca2da7038eafb5659ddb68bb4,8bda06ce0251beedd6a5f2cd61a08ef37682841102d3b9d86a1ab602640baf4e,TTC,False,True,new_addition,recovered_by_essential_field_and_504_observation_retries_after_old_silent_enrichment_failure,True
2026-07-01T053352Z,2026-07-01T05:33:52.980988+00:00,2026-07-01T07:21:20.090043+00:00,2026-06-30,data/prospective/daily_qvp/snapshots/2026-07-01T053352Z/raw,1081,1043,144e01281e848a2a4c711cb0058eddc75099bb40,d3881a1328862a39dc4af32e15c4826237a09adca2da7038eafb5659ddb68bb4,8bda06ce0251beedd6a5f2cd61a08ef37682841102d3b9d86a1ab602640baf4e,TTEK,False,True,new_addition,recovered_by_essential_field_and_504_observation_retries_after_old_silent_enrichment_failure,True
2026-07-01T053352Z,2026-07-01T05:33:52.980988+00:00,2026-07-01T07:21:20.090043+00:00,2026-06-30,data/prospective/daily_qvp/snapshots/2026-07-01T053352Z/raw,1081,1043,144e01281e848a2a4c711cb0058eddc75099bb40,d3881a1328862a39dc4af32e15c4826237a09adca2da7038eafb5659ddb68bb4,8bda06ce0251beedd6a5f2cd61a08ef37682841102d3b9d86a1ab602640baf4e,TTMI,False,True,new_addition,recovered_by_essential_field_and_504_observation_retries_after_old_silent_enrichment_failure,True
2026-07-01T053352Z,2026-07-01T05:33:52.980988+00:00,2026-07-01T07:21:20.090043+00:00,2026-06-30,data/prospective/daily_qvp/snapshots/2026-07-01T053352Z/raw,1081,1043,144e01281e848a2a4c711cb0058eddc75099bb40,d3881a1328862a39dc4af32e15c4826237a09adca2da7038eafb5659ddb68bb4,8bda06ce0251beedd6a5f2cd61a08ef37682841102d3b9d86a1ab602640baf4e,TTWO,False,True,new_addition,recovered_by_essential_field_and_504_observation_retries_after_old_silent_enrichment_failure,True
2026-07-01T053352Z,2026-07-01T05:33:52.980988+00:00,2026-07-01T07:21:20.090043+00:00,2026-06-30,data/prospective/daily_qvp/snapshots/2026-07-01T053352Z/raw,1081,1043,144e01281e848a2a4c711cb0058eddc75099bb40,d3881a1328862a39dc4af32e15c4826237a09adca2da7038eafb5659ddb68bb4,8bda06ce0251beedd6a5f2cd61a08ef37682841102d3b9d86a1ab602640baf4e,TWLO,False,True,new_addition,recovered_by_essential_field_and_504_observation_retries_after_old_silent_enrichment_failure,True
2026-07-01T053352Z,2026-07-01T05:33:52.980988+00:00,2026-07-01T07:21:20.090043+00:00,2026-06-30,data/prospective/daily_qvp/snapshots/2026-07-01T053352Z/raw,1081,1043,144e01281e848a2a4c711cb0058eddc75099bb40,d3881a1328862a39dc4af32e15c4826237a09adca2da7038eafb5659ddb68bb4,8bda06ce0251beedd6a5f2cd61a08ef37682841102d3b9d86a1ab602640baf4e,TWST,False,True,new_addition,recovered_by_essential_field_and_504_observation_retries_after_old_silent_enrichment_failure,True
2026-07-01T053352Z,2026-07-01T05:33:52.980988+00:00,2026-07-01T07:21:20.090043+00:00,2026-06-30,data/prospective/daily_qvp/snapshots/2026-07-01T053352Z/raw,1081,1043,144e01281e848a2a4c711cb0058eddc75099bb40,d3881a1328862a39dc4af32e15c4826237a09adca2da7038eafb5659ddb68bb4,8bda06ce0251beedd6a5f2cd61a08ef37682841102d3b9d86a1ab602640baf4e,TXG,False,True,new_addition,recovered_by_essential_field_and_504_observation_retries_after_old_silent_enrichment_failure,True
2026-07-01T053352Z,2026-07-01T05:33:52.980988+00:00,2026-07-01T07:21:20.090043+00:00,2026-06-30,data/prospective/daily_qvp/snapshots/2026-07-01T053352Z/raw,1081,1043,144e01281e848a2a4c711cb0058eddc75099bb40,d3881a1328862a39dc4af32e15c4826237a09adca2da7038eafb5659ddb68bb4,8bda06ce0251beedd6a5f2cd61a08ef37682841102d3b9d86a1ab602640baf4e,TXN,False,True,new_addition,recovered_by_essential_field_and_504_observation_retries_after_old_silent_enrichment_failure,True
2026-07-01T053352Z,2026-07-01T05:33:52.980988+00:00,2026-07-01T07:21:20.090043+00:00,2026-06-30,data/prospective/daily_qvp/snapshots/2026-07-01T053352Z/raw,1081,1043,144e01281e848a2a4c711cb0058eddc75099bb40,d3881a1328862a39dc4af32e15c4826237a09adca2da7038eafb5659ddb68bb4,8bda06ce0251beedd6a5f2cd61a08ef37682841102d3b9d86a1ab602640baf4e,TXNM,False,True,new_addition,recovered_by_essential_field_and_504_observation_retries_after_old_silent_enrichment_failure,True
2026-07-01T053352Z,2026-07-01T05:33:52.980988+00:00,2026-07-01T07:21:20.090043+00:00,2026-06-30,data/prospective/daily_qvp/snapshots/2026-07-01T053352Z/raw,1081,1043,144e01281e848a2a4c711cb0058eddc75099bb40,d3881a1328862a39dc4af32e15c4826237a09adca2da7038eafb5659ddb68bb4,8bda06ce0251beedd6a5f2cd61a08ef37682841102d3b9d86a1ab602640baf4e,TXRH,False,True,new_addition,recovered_by_essential_field_and_504_observation_retries_after_old_silent_enrichment_failure,True
2026-07-01T053352Z,2026-07-01T05:33:52.980988+00:00,2026-07-01T07:21:20.090043+00:00,2026-06-30,data/prospective/daily_qvp/snapshots/2026-07-01T053352Z/raw,1081,1043,144e01281e848a2a4c711cb0058eddc75099bb40,d3881a1328862a39dc4af32e15c4826237a09adca2da7038eafb5659ddb68bb4,8bda06ce0251beedd6a5f2cd61a08ef37682841102d3b9d86a1ab602640baf4e,TXT,False,True,new_addition,recovered_by_essential_field_and_504_observation_retries_after_old_silent_enrichment_failure,True
2026-07-01T053352Z,2026-07-01T05:33:52.980988+00:00,2026-07-01T07:21:20.090043+00:00,2026-06-30,data/prospective/daily_qvp/snapshots/2026-07-01T053352Z/raw,1081,1043,144e01281e848a2a4c711cb0058eddc75099bb40,d3881a1328862a39dc4af32e15c4826237a09adca2da7038eafb5659ddb68bb4,8bda06ce0251beedd6a5f2cd61a08ef37682841102d3b9d86a1ab602640baf4e,TYL,False,True,new_addition,recovered_by_essential_field_and_504_observation_retries_after_old_silent_enrichment_failure,True
2026-07-01T053352Z,2026-07-01T05:33:52.980988+00:00,2026-07-01T07:21:20.090043+00:00,2026-06-30,data/prospective/daily_qvp/snapshots/2026-07-01T053352Z/raw,1081,1043,144e01281e848a2a4c711cb0058eddc75099bb40,d3881a1328862a39dc4af32e15c4826237a09adca2da7038eafb5659ddb68bb4,8bda06ce0251beedd6a5f2cd61a08ef37682841102d3b9d86a1ab602640baf4e,U,False,True,new_addition,recovered_by_essential_field_and_504_observation_retries_after_old_silent_enrichment_failure,True
2026-07-01T053352Z,2026-07-01T05:33:52.980988+00:00,2026-07-01T07:21:20.090043+00:00,2026-06-30,data/prospective/daily_qvp/snapshots/2026-07-01T053352Z/raw,1081,1043,144e01281e848a2a4c711cb0058eddc75099bb40,d3881a1328862a39dc4af32e15c4826237a09adca2da7038eafb5659ddb68bb4,8bda06ce0251beedd6a5f2cd61a08ef37682841102d3b9d86a1ab602640baf4e,UAA,False,True,new_addition,recovered_by_essential_field_and_504_observation_retries_after_old_silent_enrichment_failure,True
2026-07-01T053352Z,2026-07-01T05:33:52.980988+00:00,2026-07-01T07:21:20.090043+00:00,2026-06-30,data/prospective/daily_qvp/snapshots/2026-07-01T053352Z/raw,1081,1043,144e01281e848a2a4c711cb0058eddc75099bb40,d3881a1328862a39dc4af32e15c4826237a09adca2da7038eafb5659ddb68bb4,8bda06ce0251beedd6a5f2cd61a08ef37682841102d3b9d86a1ab602640baf4e,UAL,False,True,new_addition,recovered_by_essential_field_and_504_observation_retries_after_old_silent_enrichment_failure,True
2026-07-01T053352Z,2026-07-01T05:33:52.980988+00:00,2026-07-01T07:21:20.090043+00:00,2026-06-30,data/prospective/daily_qvp/snapshots/2026-07-01T053352Z/raw,1081,1043,144e01281e848a2a4c711cb0058eddc75099bb40,d3881a1328862a39dc4af32e15c4826237a09adca2da7038eafb5659ddb68bb4,8bda06ce0251beedd6a5f2cd61a08ef37682841102d3b9d86a1ab602640baf4e,UBER,False,True,new_addition,recovered_by_essential_field_and_504_observation_retries_after_old_silent_enrichment_failure,True
2026-07-01T053352Z,2026-07-01T05:33:52.980988+00:00,2026-07-01T07:21:20.090043+00:00,2026-06-30,data/prospective/daily_qvp/snapshots/2026-07-01T053352Z/raw,1081,1043,144e01281e848a2a4c711cb0058eddc75099bb40,d3881a1328862a39dc4af32e15c4826237a09adca2da7038eafb5659ddb68bb4,8bda06ce0251beedd6a5f2cd61a08ef37682841102d3b9d86a1ab602640baf4e,UCTT,False,True,new_addition,recovered_by_essential_field_and_504_observation_retries_after_old_silent_enrichment_failure,True
2026-07-01T053352Z,2026-07-01T05:33:52.980988+00:00,2026-07-01T07:21:20.090043+00:00,2026-06-30,data/prospective/daily_qvp/snapshots/2026-07-01T053352Z/raw,1081,1043,144e01281e848a2a4c711cb0058eddc75099bb40,d3881a1328862a39dc4af32e15c4826237a09adca2da7038eafb5659ddb68bb4,8bda06ce0251beedd6a5f2cd61a08ef37682841102d3b9d86a1ab602640baf4e,UEC,False,True,new_addition,recovered_by_essential_field_and_504_observation_retries_after_old_silent_enrichment_failure,True
2026-07-01T053352Z,2026-07-01T05:33:52.980988+00:00,2026-07-01T07:21:20.090043+00:00,2026-06-30,data/prospective/daily_qvp/snapshots/2026-07-01T053352Z/raw,1081,1043,144e01281e848a2a4c711cb0058eddc75099bb40,d3881a1328862a39dc4af32e15c4826237a09adca2da7038eafb5659ddb68bb4,8bda06ce0251beedd6a5f2cd61a08ef37682841102d3b9d86a1ab602640baf4e,UFPI,False,True,new_addition,recovered_by_essential_field_and_504_observation_retries_after_old_silent_enrichment_failure,True
2026-07-01T053352Z,2026-07-01T05:33:52.980988+00:00,2026-07-01T07:21:20.090043+00:00,2026-06-30,data/prospective/daily_qvp/snapshots/2026-07-01T053352Z/raw,1081,1043,144e01281e848a2a4c711cb0058eddc75099bb40,d3881a1328862a39dc4af32e15c4826237a09adca2da7038eafb5659ddb68bb4,8bda06ce0251beedd6a5f2cd61a08ef37682841102d3b9d86a1ab602640baf4e,UGI,False,True,new_addition,recovered_by_essential_field_and_504_observation_retries_after_old_silent_enrichment_failure,True
2026-07-01T053352Z,2026-07-01T05:33:52.980988+00:00,2026-07-01T07:21:20.090043+00:00,2026-06-30,data/prospective/daily_qvp/snapshots/2026-07-01T053352Z/raw,1081,1043,144e01281e848a2a4c711cb0058eddc75099bb40,d3881a1328862a39dc4af32e15c4826237a09adca2da7038eafb5659ddb68bb4,8bda06ce0251beedd6a5f2cd61a08ef37682841102d3b9d86a1ab602640baf4e,UHAL,False,True,new_addition,recovered_by_essential_field_and_504_observation_retries_after_old_silent_enrichment_failure,True
2026-07-01T053352Z,2026-07-01T05:33:52.980988+00:00,2026-07-01T07:21:20.090043+00:00,2026-06-30,data/prospective/daily_qvp/snapshots/2026-07-01T053352Z/raw,1081,1043,144e01281e848a2a4c711cb0058eddc75099bb40,d3881a1328862a39dc4af32e15c4826237a09adca2da7038eafb5659ddb68bb4,8bda06ce0251beedd6a5f2cd61a08ef37682841102d3b9d86a1ab602640baf4e,UHS,False,True,new_addition,recovered_by_essential_field_and_504_observation_retries_after_old_silent_enrichment_failure,True
2026-07-01T053352Z,2026-07-01T05:33:52.980988+00:00,2026-07-01T07:21:20.090043+00:00,2026-06-30,data/prospective/daily_qvp/snapshots/2026-07-01T053352Z/raw,1081,1043,144e01281e848a2a4c711cb0058eddc75099bb40,d3881a1328862a39dc4af32e15c4826237a09adca2da7038eafb5659ddb68bb4,8bda06ce0251beedd6a5f2cd61a08ef37682841102d3b9d86a1ab602640baf4e,ULS,False,True,new_addition,recovered_by_essential_field_and_504_observation_retries_after_old_silent_enrichment_failure,True
2026-07-01T053352Z,2026-07-01T05:33:52.980988+00:00,2026-07-01T07:21:20.090043+00:00,2026-06-30,data/prospective/daily_qvp/snapshots/2026-07-01T053352Z/raw,1081,1043,144e01281e848a2a4c711cb0058eddc75099bb40,d3881a1328862a39dc4af32e15c4826237a09adca2da7038eafb5659ddb68bb4,8bda06ce0251beedd6a5f2cd61a08ef37682841102d3b9d86a1ab602640baf4e,ULTA,False,True,new_addition,recovered_by_essential_field_and_504_observation_retries_after_old_silent_enrichment_failure,True
2026-07-01T053352Z,2026-07-01T05:33:52.980988+00:00,2026-07-01T07:21:20.090043+00:00,2026-06-30,data/prospective/daily_qvp/snapshots/2026-07-01T053352Z/raw,1081,1043,144e01281e848a2a4c711cb0058eddc75099bb40,d3881a1328862a39dc4af32e15c4826237a09adca2da7038eafb5659ddb68bb4,8bda06ce0251beedd6a5f2cd61a08ef37682841102d3b9d86a1ab602640baf4e,UNF,False,True,new_addition,recovered_by_essential_field_and_504_observation_retries_after_old_silent_enrichment_failure,True
2026-07-01T053352Z,2026-07-01T05:33:52.980988+00:00,2026-07-01T07:21:20.090043+00:00,2026-06-30,data/prospective/daily_qvp/snapshots/2026-07-01T053352Z/raw,1081,1043,144e01281e848a2a4c711cb0058eddc75099bb40,d3881a1328862a39dc4af32e15c4826237a09adca2da7038eafb5659ddb68bb4,8bda06ce0251beedd6a5f2cd61a08ef37682841102d3b9d86a1ab602640baf4e,UNFI,False,True,new_addition,recovered_by_essential_field_and_504_observation_retries_after_old_silent_enrichment_failure,True
2026-07-01T053352Z,2026-07-01T05:33:52.980988+00:00,2026-07-01T07:21:20.090043+00:00,2026-06-30,data/prospective/daily_qvp/snapshots/2026-07-01T053352Z/raw,1081,1043,144e01281e848a2a4c711cb0058eddc75099bb40,d3881a1328862a39dc4af32e15c4826237a09adca2da7038eafb5659ddb68bb4,8bda06ce0251beedd6a5f2cd61a08ef37682841102d3b9d86a1ab602640baf4e,UNH,False,True,new_addition,recovered_by_essential_field_and_504_observation_retries_after_old_silent_enrichment_failure,True
2026-07-01T053352Z,2026-07-01T05:33:52.980988+00:00,2026-07-01T07:21:20.090043+00:00,2026-06-30,data/prospective/daily_qvp/snapshots/2026-07-01T053352Z/raw,1081,1043,144e01281e848a2a4c711cb0058eddc75099bb40,d3881a1328862a39dc4af32e15c4826237a09adca2da7038eafb5659ddb68bb4,8bda06ce0251beedd6a5f2cd61a08ef37682841102d3b9d86a1ab602640baf4e,UNP,False,True,new_addition,recovered_by_essential_field_and_504_observation_retries_after_old_silent_enrichment_failure,True
2026-07-01T053352Z,2026-07-01T05:33:52.980988+00:00,2026-07-01T07:21:20.090043+00:00,2026-06-30,data/prospective/daily_qvp/snapshots/2026-07-01T053352Z/raw,1081,1043,144e01281e848a2a4c711cb0058eddc75099bb40,d3881a1328862a39dc4af32e15c4826237a09adca2da7038eafb5659ddb68bb4,8bda06ce0251beedd6a5f2cd61a08ef37682841102d3b9d86a1ab602640baf4e,UPS,False,True,new_addition,recovered_by_essential_field_and_504_observation_retries_after_old_silent_enrichment_failure,True
2026-07-01T053352Z,2026-07-01T05:33:52.980988+00:00,2026-07-01T07:21:20.090043+00:00,2026-06-30,data/prospective/daily_qvp/snapshots/2026-07-01T053352Z/raw,1081,1043,144e01281e848a2a4c711cb0058eddc75099bb40,d3881a1328862a39dc4af32e15c4826237a09adca2da7038eafb5659ddb68bb4,8bda06ce0251beedd6a5f2cd61a08ef37682841102d3b9d86a1ab602640baf4e,URBN,False,True,new_addition,recovered_by_essential_field_and_504_observation_retries_after_old_silent_enrichment_failure,True
2026-07-01T053352Z,2026-07-01T05:33:52.980988+00:00,2026-07-01T07:21:20.090043+00:00,2026-06-30,data/prospective/daily_qvp/snapshots/2026-07-01T053352Z/raw,1081,1043,144e01281e848a2a4c711cb0058eddc75099bb40,d3881a1328862a39dc4af32e15c4826237a09adca2da7038eafb5659ddb68bb4,8bda06ce0251beedd6a5f2cd61a08ef37682841102d3b9d86a1ab602640baf4e,URI,False,True,new_addition,recovered_by_essential_field_and_504_observation_retries_after_old_silent_enrichment_failure,True
2026-07-01T053352Z,2026-07-01T05:33:52.980988+00:00,2026-07-01T07:21:20.090043+00:00,2026-06-30,data/prospective/daily_qvp/snapshots/2026-07-01T053352Z/raw,1081,1043,144e01281e848a2a4c711cb0058eddc75099bb40,d3881a1328862a39dc4af32e15c4826237a09adca2da7038eafb5659ddb68bb4,8bda06ce0251beedd6a5f2cd61a08ef37682841102d3b9d86a1ab602640baf4e,USFD,False,True,new_addition,recovered_by_essential_field_and_504_observation_retries_after_old_silent_enrichment_failure,True
2026-07-01T053352Z,2026-07-01T05:33:52.980988+00:00,2026-07-01T07:21:20.090043+00:00,2026-06-30,data/prospective/daily_qvp/snapshots/2026-07-01T053352Z/raw,1081,1043,144e01281e848a2a4c711cb0058eddc75099bb40,d3881a1328862a39dc4af32e15c4826237a09adca2da7038eafb5659ddb68bb4,8bda06ce0251beedd6a5f2cd61a08ef37682841102d3b9d86a1ab602640baf4e,USLM,False,True,new_addition,recovered_by_essential_field_and_504_observation_retries_after_old_silent_enrichment_failure,True
2026-07-01T053352Z,2026-07-01T05:33:52.980988+00:00,2026-07-01T07:21:20.090043+00:00,2026-06-30,data/prospective/daily_qvp/snapshots/2026-07-01T053352Z/raw,1081,1043,144e01281e848a2a4c711cb0058eddc75099bb40,d3881a1328862a39dc4af32e15c4826237a09adca2da7038eafb5659ddb68bb4,8bda06ce0251beedd6a5f2cd61a08ef37682841102d3b9d86a1ab602640baf4e,UTHR,False,True,new_addition,recovered_by_essential_field_and_504_observation_retries_after_old_silent_enrichment_failure,True
2026-07-01T053352Z,2026-07-01T05:33:52.980988+00:00,2026-07-01T07:21:20.090043+00:00,2026-06-30,data/prospective/daily_qvp/snapshots/2026-07-01T053352Z/raw,1081,1043,144e01281e848a2a4c711cb0058eddc75099bb40,d3881a1328862a39dc4af32e15c4826237a09adca2da7038eafb5659ddb68bb4,8bda06ce0251beedd6a5f2cd61a08ef37682841102d3b9d86a1ab602640baf4e,UTI,False,True,new_addition,recovered_by_essential_field_and_504_observation_retries_after_old_silent_enrichment_failure,True
2026-07-01T053352Z,2026-07-01T05:33:52.980988+00:00,2026-07-01T07:21:20.090043+00:00,2026-06-30,data/prospective/daily_qvp/snapshots/2026-07-01T053352Z/raw,1081,1043,144e01281e848a2a4c711cb0058eddc75099bb40,d3881a1328862a39dc4af32e15c4826237a09adca2da7038eafb5659ddb68bb4,8bda06ce0251beedd6a5f2cd61a08ef37682841102d3b9d86a1ab602640baf4e,UUUU,False,True,new_addition,recovered_by_essential_field_and_504_observation_retries_after_old_silent_enrichment_failure,True
2026-07-01T053352Z,2026-07-01T05:33:52.980988+00:00,2026-07-01T07:21:20.090043+00:00,2026-06-30,data/prospective/daily_qvp/snapshots/2026-07-01T053352Z/raw,1081,1043,144e01281e848a2a4c711cb0058eddc75099bb40,d3881a1328862a39dc4af32e15c4826237a09adca2da7038eafb5659ddb68bb4,8bda06ce0251beedd6a5f2cd61a08ef37682841102d3b9d86a1ab602640baf4e,VAC,False,True,new_addition,recovered_by_essential_field_and_504_observation_retries_after_old_silent_enrichment_failure,True
2026-07-01T053352Z,2026-07-01T05:33:52.980988+00:00,2026-07-01T07:21:20.090043+00:00,2026-06-30,data/prospective/daily_qvp/snapshots/2026-07-01T053352Z/raw,1081,1043,144e01281e848a2a4c711cb0058eddc75099bb40,d3881a1328862a39dc4af32e15c4826237a09adca2da7038eafb5659ddb68bb4,8bda06ce0251beedd6a5f2cd61a08ef37682841102d3b9d86a1ab602640baf4e,VC,False,True,new_addition,recovered_by_essential_field_and_504_observation_retries_after_old_silent_enrichment_failure,True
2026-07-01T053352Z,2026-07-01T05:33:52.980988+00:00,2026-07-01T07:21:20.090043+00:00,2026-06-30,data/prospective/daily_qvp/snapshots/2026-07-01T053352Z/raw,1081,1043,144e01281e848a2a4c711cb0058eddc75099bb40,d3881a1328862a39dc4af32e15c4826237a09adca2da7038eafb5659ddb68bb4,8bda06ce0251beedd6a5f2cd61a08ef37682841102d3b9d86a1ab602640baf4e,VECO,False,True,new_addition,recovered_by_essential_field_and_504_observation_retries_after_old_silent_enrichment_failure,True
2026-07-01T053352Z,2026-07-01T05:33:52.980988+00:00,2026-07-01T07:21:20.090043+00:00,2026-06-30,data/prospective/daily_qvp/snapshots/2026-07-01T053352Z/raw,1081,1043,144e01281e848a2a4c711cb0058eddc75099bb40,d3881a1328862a39dc4af32e15c4826237a09adca2da7038eafb5659ddb68bb4,8bda06ce0251beedd6a5f2cd61a08ef37682841102d3b9d86a1ab602640baf4e,VEEV,False,True,new_addition,recovered_by_essential_field_and_504_observation_retries_after_old_silent_enrichment_failure,True
2026-07-01T053352Z,2026-07-01T05:33:52.980988+00:00,2026-07-01T07:21:20.090043+00:00,2026-06-30,data/prospective/daily_qvp/snapshots/2026-07-01T053352Z/raw,1081,1043,144e01281e848a2a4c711cb0058eddc75099bb40,d3881a1328862a39dc4af32e15c4826237a09adca2da7038eafb5659ddb68bb4,8bda06ce0251beedd6a5f2cd61a08ef37682841102d3b9d86a1ab602640baf4e,VFC,False,True,new_addition,recovered_by_essential_field_and_504_observation_retries_after_old_silent_enrichment_failure,True
2026-07-01T053352Z,2026-07-01T05:33:52.980988+00:00,2026-07-01T07:21:20.090043+00:00,2026-06-30,data/prospective/daily_qvp/snapshots/2026-07-01T053352Z/raw,1081,1043,144e01281e848a2a4c711cb0058eddc75099bb40,d3881a1328862a39dc4af32e15c4826237a09adca2da7038eafb5659ddb68bb4,8bda06ce0251beedd6a5f2cd61a08ef37682841102d3b9d86a1ab602640baf4e,VIAV,False,True,new_addition,recovered_by_essential_field_and_504_observation_retries_after_old_silent_enrichment_failure,True
2026-07-01T053352Z,2026-07-01T05:33:52.980988+00:00,2026-07-01T07:21:20.090043+00:00,2026-06-30,data/prospective/daily_qvp/snapshots/2026-07-01T053352Z/raw,1081,1043,144e01281e848a2a4c711cb0058eddc75099bb40,d3881a1328862a39dc4af32e15c4826237a09adca2da7038eafb5659ddb68bb4,8bda06ce0251beedd6a5f2cd61a08ef37682841102d3b9d86a1ab602640baf4e,VICR,False,True,new_addition,recovered_by_essential_field_and_504_observation_retries_after_old_silent_enrichment_failure,True
2026-07-01T053352Z,2026-07-01T05:33:52.980988+00:00,2026-07-01T07:21:20.090043+00:00,2026-06-30,data/prospective/daily_qvp/snapshots/2026-07-01T053352Z/raw,1081,1043,144e01281e848a2a4c711cb0058eddc75099bb40,d3881a1328862a39dc4af32e15c4826237a09adca2da7038eafb5659ddb68bb4,8bda06ce0251beedd6a5f2cd61a08ef37682841102d3b9d86a1ab602640baf4e,VISN,False,True,new_addition,recovered_by_essential_field_and_504_observation_retries_after_old_silent_enrichment_failure,True
2026-07-01T053352Z,2026-07-01T05:33:52.980988+00:00,2026-07-01T07:21:20.090043+00:00,2026-06-30,data/prospective/daily_qvp/snapshots/2026-07-01T053352Z/raw,1081,1043,144e01281e848a2a4c711cb0058eddc75099bb40,d3881a1328862a39dc4af32e15c4826237a09adca2da7038eafb5659ddb68bb4,8bda06ce0251beedd6a5f2cd61a08ef37682841102d3b9d86a1ab602640baf4e,VLO,False,True,new_addition,recovered_by_essential_field_and_504_observation_retries_after_old_silent_enrichment_failure,True
2026-07-01T053352Z,2026-07-01T05:33:52.980988+00:00,2026-07-01T07:21:20.090043+00:00,2026-06-30,data/prospective/daily_qvp/snapshots/2026-07-01T053352Z/raw,1081,1043,144e01281e848a2a4c711cb0058eddc75099bb40,d3881a1328862a39dc4af32e15c4826237a09adca2da7038eafb5659ddb68bb4,8bda06ce0251beedd6a5f2cd61a08ef37682841102d3b9d86a1ab602640baf4e,VLTO,False,True,new_addition,recovered_by_essential_field_and_504_observation_retries_after_old_silent_enrichment_failure,True
2026-07-01T053352Z,2026-07-01T05:33:52.980988+00:00,2026-07-01T07:21:20.090043+00:00,2026-06-30,data/prospective/daily_qvp/snapshots/2026-07-01T053352Z/raw,1081,1043,144e01281e848a2a4c711cb0058eddc75099bb40,d3881a1328862a39dc4af32e15c4826237a09adca2da7038eafb5659ddb68bb4,8bda06ce0251beedd6a5f2cd61a08ef37682841102d3b9d86a1ab602640baf4e,VMC,False,True,new_addition,recovered_by_essential_field_and_504_observation_retries_after_old_silent_enrichment_failure,True
2026-07-01T053352Z,2026-07-01T05:33:52.980988+00:00,2026-07-01T07:21:20.090043+00:00,2026-06-30,data/prospective/daily_qvp/snapshots/2026-07-01T053352Z/raw,1081,1043,144e01281e848a2a4c711cb0058eddc75099bb40,d3881a1328862a39dc4af32e15c4826237a09adca2da7038eafb5659ddb68bb4,8bda06ce0251beedd6a5f2cd61a08ef37682841102d3b9d86a1ab602640baf4e,VMI,False,True,new_addition,recovered_by_essential_field_and_504_observation_retries_after_old_silent_enrichment_failure,True
2026-07-01T053352Z,2026-07-01T05:33:52.980988+00:00,2026-07-01T07:21:20.090043+00:00,2026-06-30,data/prospective/daily_qvp/snapshots/2026-07-01T053352Z/raw,1081,1043,144e01281e848a2a4c711cb0058eddc75099bb40,d3881a1328862a39dc4af32e15c4826237a09adca2da7038eafb5659ddb68bb4,8bda06ce0251beedd6a5f2cd61a08ef37682841102d3b9d86a1ab602640baf4e,VNOM,False,True,new_addition,recovered_by_essential_field_and_504_observation_retries_after_old_silent_enrichment_failure,True
2026-07-01T053352Z,2026-07-01T05:33:52.980988+00:00,2026-07-01T07:21:20.090043+00:00,2026-06-30,data/prospective/daily_qvp/snapshots/2026-07-01T053352Z/raw,1081,1043,144e01281e848a2a4c711cb0058eddc75099bb40,d3881a1328862a39dc4af32e15c4826237a09adca2da7038eafb5659ddb68bb4,8bda06ce0251beedd6a5f2cd61a08ef37682841102d3b9d86a1ab602640baf4e,VNT,False,True,new_addition,recovered_by_essential_field_and_504_observation_retries_after_old_silent_enrichment_failure,True
2026-07-01T053352Z,2026-07-01T05:33:52.980988+00:00,2026-07-01T07:21:20.090043+00:00,2026-06-30,data/prospective/daily_qvp/snapshots/2026-07-01T053352Z/raw,1081,1043,144e01281e848a2a4c711cb0058eddc75099bb40,d3881a1328862a39dc4af32e15c4826237a09adca2da7038eafb5659ddb68bb4,8bda06ce0251beedd6a5f2cd61a08ef37682841102d3b9d86a1ab602640baf4e,VRNS,False,True,new_addition,recovered_by_essential_field_and_504_observation_retries_after_old_silent_enrichment_failure,True
2026-07-01T053352Z,2026-07-01T05:33:52.980988+00:00,2026-07-01T07:21:20.090043+00:00,2026-06-30,data/prospective/daily_qvp/snapshots/2026-07-01T053352Z/raw,1081,1043,144e01281e848a2a4c711cb0058eddc75099bb40,d3881a1328862a39dc4af32e15c4826237a09adca2da7038eafb5659ddb68bb4,8bda06ce0251beedd6a5f2cd61a08ef37682841102d3b9d86a1ab602640baf4e,VRSK,False,True,new_addition,recovered_by_essential_field_and_504_observation_retries_after_old_silent_enrichment_failure,True
2026-07-01T053352Z,2026-07-01T05:33:52.980988+00:00,2026-07-01T07:21:20.090043+00:00,2026-06-30,data/prospective/daily_qvp/snapshots/2026-07-01T053352Z/raw,1081,1043,144e01281e848a2a4c711cb0058eddc75099bb40,d3881a1328862a39dc4af32e15c4826237a09adca2da7038eafb5659ddb68bb4,8bda06ce0251beedd6a5f2cd61a08ef37682841102d3b9d86a1ab602640baf4e,VRSN,False,True,new_addition,recovered_by_essential_field_and_504_observation_retries_after_old_silent_enrichment_failure,True
2026-07-01T053352Z,2026-07-01T05:33:52.980988+00:00,2026-07-01T07:21:20.090043+00:00,2026-06-30,data/prospective/daily_qvp/snapshots/2026-07-01T053352Z/raw,1081,1043,144e01281e848a2a4c711cb0058eddc75099bb40,d3881a1328862a39dc4af32e15c4826237a09adca2da7038eafb5659ddb68bb4,8bda06ce0251beedd6a5f2cd61a08ef37682841102d3b9d86a1ab602640baf4e,VRT,False,True,new_addition,recovered_by_essential_field_and_504_observation_retries_after_old_silent_enrichment_failure,True
2026-07-01T053352Z,2026-07-01T05:33:52.980988+00:00,2026-07-01T07:21:20.090043+00:00,2026-06-30,data/prospective/daily_qvp/snapshots/2026-07-01T053352Z/raw,1081,1043,144e01281e848a2a4c711cb0058eddc75099bb40,d3881a1328862a39dc4af32e15c4826237a09adca2da7038eafb5659ddb68bb4,8bda06ce0251beedd6a5f2cd61a08ef37682841102d3b9d86a1ab602640baf4e,VRTX,False,True,new_addition,recovered_by_essential_field_and_504_observation_retries_after_old_silent_enrichment_failure,True
2026-07-01T053352Z,2026-07-01T05:33:52.980988+00:00,2026-07-01T07:21:20.090043+00:00,2026-06-30,data/prospective/daily_qvp/snapshots/2026-07-01T053352Z/raw,1081,1043,144e01281e848a2a4c711cb0058eddc75099bb40,d3881a1328862a39dc4af32e15c4826237a09adca2da7038eafb5659ddb68bb4,8bda06ce0251beedd6a5f2cd61a08ef37682841102d3b9d86a1ab602640baf4e,VSAT,False,True,new_addition,recovered_by_essential_field_and_504_observation_retries_after_old_silent_enrichment_failure,True
2026-07-01T053352Z,2026-07-01T05:33:52.980988+00:00,2026-07-01T07:21:20.090043+00:00,2026-06-30,data/prospective/daily_qvp/snapshots/2026-07-01T053352Z/raw,1081,1043,144e01281e848a2a4c711cb0058eddc75099bb40,d3881a1328862a39dc4af32e15c4826237a09adca2da7038eafb5659ddb68bb4,8bda06ce0251beedd6a5f2cd61a08ef37682841102d3b9d86a1ab602640baf4e,VSEC,False,True,new_addition,recovered_by_essential_field_and_504_observation_retries_after_old_silent_enrichment_failure,True
2026-07-01T053352Z,2026-07-01T05:33:52.980988+00:00,2026-07-01T07:21:20.090043+00:00,2026-06-30,data/prospective/daily_qvp/snapshots/2026-07-01T053352Z/raw,1081,1043,144e01281e848a2a4c711cb0058eddc75099bb40,d3881a1328862a39dc4af32e15c4826237a09adca2da7038eafb5659ddb68bb4,8bda06ce0251beedd6a5f2cd61a08ef37682841102d3b9d86a1ab602640baf4e,VSH,False,True,new_addition,recovered_by_essential_field_and_504_observation_retries_after_old_silent_enrichment_failure,True
2026-07-01T053352Z,2026-07-01T05:33:52.980988+00:00,2026-07-01T07:21:20.090043+00:00,2026-06-30,data/prospective/daily_qvp/snapshots/2026-07-01T053352Z/raw,1081,1043,144e01281e848a2a4c711cb0058eddc75099bb40,d3881a1328862a39dc4af32e15c4826237a09adca2da7038eafb5659ddb68bb4,8bda06ce0251beedd6a5f2cd61a08ef37682841102d3b9d86a1ab602640baf4e,VST,False,True,new_addition,recovered_by_essential_field_and_504_observation_retries_after_old_silent_enrichment_failure,True
2026-07-01T053352Z,2026-07-01T05:33:52.980988+00:00,2026-07-01T07:21:20.090043+00:00,2026-06-30,data/prospective/daily_qvp/snapshots/2026-07-01T053352Z/raw,1081,1043,144e01281e848a2a4c711cb0058eddc75099bb40,d3881a1328862a39dc4af32e15c4826237a09adca2da7038eafb5659ddb68bb4,8bda06ce0251beedd6a5f2cd61a08ef37682841102d3b9d86a1ab602640baf4e,VTRS,False,True,new_addition,recovered_by_essential_field_and_504_observation_retries_after_old_silent_enrichment_failure,True
2026-07-01T053352Z,2026-07-01T05:33:52.980988+00:00,2026-07-01T07:21:20.090043+00:00,2026-06-30,data/prospective/daily_qvp/snapshots/2026-07-01T053352Z/raw,1081,1043,144e01281e848a2a4c711cb0058eddc75099bb40,d3881a1328862a39dc4af32e15c4826237a09adca2da7038eafb5659ddb68bb4,8bda06ce0251beedd6a5f2cd61a08ef37682841102d3b9d86a1ab602640baf4e,VVV,False,True,new_addition,recovered_by_essential_field_and_504_observation_retries_after_old_silent_enrichment_failure,True
2026-07-01T053352Z,2026-07-01T05:33:52.980988+00:00,2026-07-01T07:21:20.090043+00:00,2026-06-30,data/prospective/daily_qvp/snapshots/2026-07-01T053352Z/raw,1081,1043,144e01281e848a2a4c711cb0058eddc75099bb40,d3881a1328862a39dc4af32e15c4826237a09adca2da7038eafb5659ddb68bb4,8bda06ce0251beedd6a5f2cd61a08ef37682841102d3b9d86a1ab602640baf4e,VVX,False,True,new_addition,recovered_by_essential_field_and_504_observation_retries_after_old_silent_enrichment_failure,True
2026-07-01T053352Z,2026-07-01T05:33:52.980988+00:00,2026-07-01T07:21:20.090043+00:00,2026-06-30,data/prospective/daily_qvp/snapshots/2026-07-01T053352Z/raw,1081,1043,144e01281e848a2a4c711cb0058eddc75099bb40,d3881a1328862a39dc4af32e15c4826237a09adca2da7038eafb5659ddb68bb4,8bda06ce0251beedd6a5f2cd61a08ef37682841102d3b9d86a1ab602640baf4e,VZ,False,True,new_addition,recovered_by_essential_field_and_504_observation_retries_after_old_silent_enrichment_failure,True
2026-07-01T053352Z,2026-07-01T05:33:52.980988+00:00,2026-07-01T07:21:20.090043+00:00,2026-06-30,data/prospective/daily_qvp/snapshots/2026-07-01T053352Z/raw,1081,1043,144e01281e848a2a4c711cb0058eddc75099bb40,d3881a1328862a39dc4af32e15c4826237a09adca2da7038eafb5659ddb68bb4,8bda06ce0251beedd6a5f2cd61a08ef37682841102d3b9d86a1ab602640baf4e,W,False,True,new_addition,recovered_by_essential_field_and_504_observation_retries_after_old_silent_enrichment_failure,True
2026-07-01T053352Z,2026-07-01T05:33:52.980988+00:00,2026-07-01T07:21:20.090043+00:00,2026-06-30,data/prospective/daily_qvp/snapshots/2026-07-01T053352Z/raw,1081,1043,144e01281e848a2a4c711cb0058eddc75099bb40,d3881a1328862a39dc4af32e15c4826237a09adca2da7038eafb5659ddb68bb4,8bda06ce0251beedd6a5f2cd61a08ef37682841102d3b9d86a1ab602640baf4e,WAB,False,True,new_addition,recovered_by_essential_field_and_504_observation_retries_after_old_silent_enrichment_failure,True
2026-07-01T053352Z,2026-07-01T05:33:52.980988+00:00,2026-07-01T07:21:20.090043+00:00,2026-06-30,data/prospective/daily_qvp/snapshots/2026-07-01T053352Z/raw,1081,1043,144e01281e848a2a4c711cb0058eddc75099bb40,d3881a1328862a39dc4af32e15c4826237a09adca2da7038eafb5659ddb68bb4,8bda06ce0251beedd6a5f2cd61a08ef37682841102d3b9d86a1ab602640baf4e,WAT,False,True,new_addition,recovered_by_essential_field_and_504_observation_retries_after_old_silent_enrichment_failure,True
2026-07-01T053352Z,2026-07-01T05:33:52.980988+00:00,2026-07-01T07:21:20.090043+00:00,2026-06-30,data/prospective/daily_qvp/snapshots/2026-07-01T053352Z/raw,1081,1043,144e01281e848a2a4c711cb0058eddc75099bb40,d3881a1328862a39dc4af32e15c4826237a09adca2da7038eafb5659ddb68bb4,8bda06ce0251beedd6a5f2cd61a08ef37682841102d3b9d86a1ab602640baf4e,WAY,False,True,new_addition,recovered_by_essential_field_and_504_observation_retries_after_old_silent_enrichment_failure,True
2026-07-01T053352Z,2026-07-01T05:33:52.980988+00:00,2026-07-01T07:21:20.090043+00:00,2026-06-30,data/prospective/daily_qvp/snapshots/2026-07-01T053352Z/raw,1081,1043,144e01281e848a2a4c711cb0058eddc75099bb40,d3881a1328862a39dc4af32e15c4826237a09adca2da7038eafb5659ddb68bb4,8bda06ce0251beedd6a5f2cd61a08ef37682841102d3b9d86a1ab602640baf4e,WBD,False,True,new_addition,recovered_by_essential_field_and_504_observation_retries_after_old_silent_enrichment_failure,True
2026-07-01T053352Z,2026-07-01T05:33:52.980988+00:00,2026-07-01T07:21:20.090043+00:00,2026-06-30,data/prospective/daily_qvp/snapshots/2026-07-01T053352Z/raw,1081,1043,144e01281e848a2a4c711cb0058eddc75099bb40,d3881a1328862a39dc4af32e15c4826237a09adca2da7038eafb5659ddb68bb4,8bda06ce0251beedd6a5f2cd61a08ef37682841102d3b9d86a1ab602640baf4e,WCC,False,True,new_addition,recovered_by_essential_field_and_504_observation_retries_after_old_silent_enrichment_failure,True
2026-07-01T053352Z,2026-07-01T05:33:52.980988+00:00,2026-07-01T07:21:20.090043+00:00,2026-06-30,data/prospective/daily_qvp/snapshots/2026-07-01T053352Z/raw,1081,1043,144e01281e848a2a4c711cb0058eddc75099bb40,d3881a1328862a39dc4af32e15c4826237a09adca2da7038eafb5659ddb68bb4,8bda06ce0251beedd6a5f2cd61a08ef37682841102d3b9d86a1ab602640baf4e,WDAY,False,True,new_addition,recovered_by_essential_field_and_504_observation_retries_after_old_silent_enrichment_failure,True
2026-07-01T053352Z,2026-07-01T05:33:52.980988+00:00,2026-07-01T07:21:20.090043+00:00,2026-06-30,data/prospective/daily_qvp/snapshots/2026-07-01T053352Z/raw,1081,1043,144e01281e848a2a4c711cb0058eddc75099bb40,d3881a1328862a39dc4af32e15c4826237a09adca2da7038eafb5659ddb68bb4,8bda06ce0251beedd6a5f2cd61a08ef37682841102d3b9d86a1ab602640baf4e,WDC,False,True,new_addition,recovered_by_essential_field_and_504_observation_retries_after_old_silent_enrichment_failure,True
2026-07-01T053352Z,2026-07-01T05:33:52.980988+00:00,2026-07-01T07:21:20.090043+00:00,2026-06-30,data/prospective/daily_qvp/snapshots/2026-07-01T053352Z/raw,1081,1043,144e01281e848a2a4c711cb0058eddc75099bb40,d3881a1328862a39dc4af32e15c4826237a09adca2da7038eafb5659ddb68bb4,8bda06ce0251beedd6a5f2cd61a08ef37682841102d3b9d86a1ab602640baf4e,WEC,False,True,new_addition,recovered_by_essential_field_and_504_observation_retries_after_old_silent_enrichment_failure,True
2026-07-01T053352Z,2026-07-01T05:33:52.980988+00:00,2026-07-01T07:21:20.090043+00:00,2026-06-30,data/prospective/daily_qvp/snapshots/2026-07-01T053352Z/raw,1081,1043,144e01281e848a2a4c711cb0058eddc75099bb40,d3881a1328862a39dc4af32e15c4826237a09adca2da7038eafb5659ddb68bb4,8bda06ce0251beedd6a5f2cd61a08ef37682841102d3b9d86a1ab602640baf4e,WERN,False,True,new_addition,recovered_by_essential_field_and_504_observation_retries_after_old_silent_enrichment_failure,True
2026-07-01T053352Z,2026-07-01T05:33:52.980988+00:00,2026-07-01T07:21:20.090043+00:00,2026-06-30,data/prospective/daily_qvp/snapshots/2026-07-01T053352Z/raw,1081,1043,144e01281e848a2a4c711cb0058eddc75099bb40,d3881a1328862a39dc4af32e15c4826237a09adca2da7038eafb5659ddb68bb4,8bda06ce0251beedd6a5f2cd61a08ef37682841102d3b9d86a1ab602640baf4e,WEX,False,True,new_addition,recovered_by_essential_field_and_504_observation_retries_after_old_silent_enrichment_failure,True
2026-07-01T053352Z,2026-07-01T05:33:52.980988+00:00,2026-07-01T07:21:20.090043+00:00,2026-06-30,data/prospective/daily_qvp/snapshots/2026-07-01T053352Z/raw,1081,1043,144e01281e848a2a4c711cb0058eddc75099bb40,d3881a1328862a39dc4af32e15c4826237a09adca2da7038eafb5659ddb68bb4,8bda06ce0251beedd6a5f2cd61a08ef37682841102d3b9d86a1ab602640baf4e,WFRD,False,True,new_addition,recovered_by_essential_field_and_504_observation_retries_after_old_silent_enrichment_failure,True
2026-07-01T053352Z,2026-07-01T05:33:52.980988+00:00,2026-07-01T07:21:20.090043+00:00,2026-06-30,data/prospective/daily_qvp/snapshots/2026-07-01T053352Z/raw,1081,1043,144e01281e848a2a4c711cb0058eddc75099bb40,d3881a1328862a39dc4af32e15c4826237a09adca2da7038eafb5659ddb68bb4,8bda06ce0251beedd6a5f2cd61a08ef37682841102d3b9d86a1ab602640baf4e,WGS,False,True,new_addition,recovered_by_essential_field_and_504_observation_retries_after_old_silent_enrichment_failure,True
2026-07-01T053352Z,2026-07-01T05:33:52.980988+00:00,2026-07-01T07:21:20.090043+00:00,2026-06-30,data/prospective/daily_qvp/snapshots/2026-07-01T053352Z/raw,1081,1043,144e01281e848a2a4c711cb0058eddc75099bb40,d3881a1328862a39dc4af32e15c4826237a09adca2da7038eafb5659ddb68bb4,8bda06ce0251beedd6a5f2cd61a08ef37682841102d3b9d86a1ab602640baf4e,WH,False,True,new_addition,recovered_by_essential_field_and_504_observation_retries_after_old_silent_enrichment_failure,True
2026-07-01T053352Z,2026-07-01T05:33:52.980988+00:00,2026-07-01T07:21:20.090043+00:00,2026-06-30,data/prospective/daily_qvp/snapshots/2026-07-01T053352Z/raw,1081,1043,144e01281e848a2a4c711cb0058eddc75099bb40,d3881a1328862a39dc4af32e15c4826237a09adca2da7038eafb5659ddb68bb4,8bda06ce0251beedd6a5f2cd61a08ef37682841102d3b9d86a1ab602640baf4e,WHD,False,True,new_addition,recovered_by_essential_field_and_504_observation_retries_after_old_silent_enrichment_failure,True
2026-07-01T053352Z,2026-07-01T05:33:52.980988+00:00,2026-07-01T07:21:20.090043+00:00,2026-06-30,data/prospective/daily_qvp/snapshots/2026-07-01T053352Z/raw,1081,1043,144e01281e848a2a4c711cb0058eddc75099bb40,d3881a1328862a39dc4af32e15c4826237a09adca2da7038eafb5659ddb68bb4,8bda06ce0251beedd6a5f2cd61a08ef37682841102d3b9d86a1ab602640baf4e,WHR,False,True,new_addition,recovered_by_essential_field_and_504_observation_retries_after_old_silent_enrichment_failure,True
2026-07-01T053352Z,2026-07-01T05:33:52.980988+00:00,2026-07-01T07:21:20.090043+00:00,2026-06-30,data/prospective/daily_qvp/snapshots/2026-07-01T053352Z/raw,1081,1043,144e01281e848a2a4c711cb0058eddc75099bb40,d3881a1328862a39dc4af32e15c4826237a09adca2da7038eafb5659ddb68bb4,8bda06ce0251beedd6a5f2cd61a08ef37682841102d3b9d86a1ab602640baf4e,WING,False,True,new_addition,recovered_by_essential_field_and_504_observation_retries_after_old_silent_enrichment_failure,True
2026-07-01T053352Z,2026-07-01T05:33:52.980988+00:00,2026-07-01T07:21:20.090043+00:00,2026-06-30,data/prospective/daily_qvp/snapshots/2026-07-01T053352Z/raw,1081,1043,144e01281e848a2a4c711cb0058eddc75099bb40,d3881a1328862a39dc4af32e15c4826237a09adca2da7038eafb5659ddb68bb4,8bda06ce0251beedd6a5f2cd61a08ef37682841102d3b9d86a1ab602640baf4e,WK,False,True,new_addition,recovered_by_essential_field_and_504_observation_retries_after_old_silent_enrichment_failure,True
2026-07-01T053352Z,2026-07-01T05:33:52.980988+00:00,2026-07-01T07:21:20.090043+00:00,2026-06-30,data/prospective/daily_qvp/snapshots/2026-07-01T053352Z/raw,1081,1043,144e01281e848a2a4c711cb0058eddc75099bb40,d3881a1328862a39dc4af32e15c4826237a09adca2da7038eafb5659ddb68bb4,8bda06ce0251beedd6a5f2cd61a08ef37682841102d3b9d86a1ab602640baf4e,WLK,False,True,new_addition,recovered_by_essential_field_and_504_observation_retries_after_old_silent_enrichment_failure,True
2026-07-01T053352Z,2026-07-01T05:33:52.980988+00:00,2026-07-01T07:21:20.090043+00:00,2026-06-30,data/prospective/daily_qvp/snapshots/2026-07-01T053352Z/raw,1081,1043,144e01281e848a2a4c711cb0058eddc75099bb40,d3881a1328862a39dc4af32e15c4826237a09adca2da7038eafb5659ddb68bb4,8bda06ce0251beedd6a5f2cd61a08ef37682841102d3b9d86a1ab602640baf4e,WLY,False,True,new_addition,recovered_by_essential_field_and_504_observation_retries_after_old_silent_enrichment_failure,True
2026-07-01T053352Z,2026-07-01T05:33:52.980988+00:00,2026-07-01T07:21:20.090043+00:00,2026-06-30,data/prospective/daily_qvp/snapshots/2026-07-01T053352Z/raw,1081,1043,144e01281e848a2a4c711cb0058eddc75099bb40,d3881a1328862a39dc4af32e15c4826237a09adca2da7038eafb5659ddb68bb4,8bda06ce0251beedd6a5f2cd61a08ef37682841102d3b9d86a1ab602640baf4e,WM,False,True,new_addition,recovered_by_essential_field_and_504_observation_retries_after_old_silent_enrichment_failure,True
2026-07-01T053352Z,2026-07-01T05:33:52.980988+00:00,2026-07-01T07:21:20.090043+00:00,2026-06-30,data/prospective/daily_qvp/snapshots/2026-07-01T053352Z/raw,1081,1043,144e01281e848a2a4c711cb0058eddc75099bb40,d3881a1328862a39dc4af32e15c4826237a09adca2da7038eafb5659ddb68bb4,8bda06ce0251beedd6a5f2cd61a08ef37682841102d3b9d86a1ab602640baf4e,WMB,False,True,new_addition,recovered_by_essential_field_and_504_observation_retries_after_old_silent_enrichment_failure,True
2026-07-01T053352Z,2026-07-01T05:33:52.980988+00:00,2026-07-01T07:21:20.090043+00:00,2026-06-30,data/prospective/daily_qvp/snapshots/2026-07-01T053352Z/raw,1081,1043,144e01281e848a2a4c711cb0058eddc75099bb40,d3881a1328862a39dc4af32e15c4826237a09adca2da7038eafb5659ddb68bb4,8bda06ce0251beedd6a5f2cd61a08ef37682841102d3b9d86a1ab602640baf4e,WMG,False,True,new_addition,recovered_by_essential_field_and_504_observation_retries_after_old_silent_enrichment_failure,True
2026-07-01T053352Z,2026-07-01T05:33:52.980988+00:00,2026-07-01T07:21:20.090043+00:00,2026-06-30,data/prospective/daily_qvp/snapshots/2026-07-01T053352Z/raw,1081,1043,144e01281e848a2a4c711cb0058eddc75099bb40,d3881a1328862a39dc4af32e15c4826237a09adca2da7038eafb5659ddb68bb4,8bda06ce0251beedd6a5f2cd61a08ef37682841102d3b9d86a1ab602640baf4e,WMS,False,True,new_addition,recovered_by_essential_field_and_504_observation_retries_after_old_silent_enrichment_failure,True
2026-07-01T053352Z,2026-07-01T05:33:52.980988+00:00,2026-07-01T07:21:20.090043+00:00,2026-06-30,data/prospective/daily_qvp/snapshots/2026-07-01T053352Z/raw,1081,1043,144e01281e848a2a4c711cb0058eddc75099bb40,d3881a1328862a39dc4af32e15c4826237a09adca2da7038eafb5659ddb68bb4,8bda06ce0251beedd6a5f2cd61a08ef37682841102d3b9d86a1ab602640baf4e,WMT,False,True,new_addition,recovered_by_essential_field_and_504_observation_retries_after_old_silent_enrichment_failure,True
2026-07-01T053352Z,2026-07-01T05:33:52.980988+00:00,2026-07-01T07:21:20.090043+00:00,2026-06-30,data/prospective/daily_qvp/snapshots/2026-07-01T053352Z/raw,1081,1043,144e01281e848a2a4c711cb0058eddc75099bb40,d3881a1328862a39dc4af32e15c4826237a09adca2da7038eafb5659ddb68bb4,8bda06ce0251beedd6a5f2cd61a08ef37682841102d3b9d86a1ab602640baf4e,WOR,False,True,new_addition,recovered_by_essential_field_and_504_observation_retries_after_old_silent_enrichment_failure,True
2026-07-01T053352Z,2026-07-01T05:33:52.980988+00:00,2026-07-01T07:21:20.090043+00:00,2026-06-30,data/prospective/daily_qvp/snapshots/2026-07-01T053352Z/raw,1081,1043,144e01281e848a2a4c711cb0058eddc75099bb40,d3881a1328862a39dc4af32e15c4826237a09adca2da7038eafb5659ddb68bb4,8bda06ce0251beedd6a5f2cd61a08ef37682841102d3b9d86a1ab602640baf4e,WRBY,False,True,new_addition,recovered_by_essential_field_and_504_observation_retries_after_old_silent_enrichment_failure,True
2026-07-01T053352Z,2026-07-01T05:33:52.980988+00:00,2026-07-01T07:21:20.090043+00:00,2026-06-30,data/prospective/daily_qvp/snapshots/2026-07-01T053352Z/raw,1081,1043,144e01281e848a2a4c711cb0058eddc75099bb40,d3881a1328862a39dc4af32e15c4826237a09adca2da7038eafb5659ddb68bb4,8bda06ce0251beedd6a5f2cd61a08ef37682841102d3b9d86a1ab602640baf4e,WSM,False,True,new_addition,recovered_by_essential_field_and_504_observation_retries_after_old_silent_enrichment_failure,True
2026-07-01T053352Z,2026-07-01T05:33:52.980988+00:00,2026-07-01T07:21:20.090043+00:00,2026-06-30,data/prospective/daily_qvp/snapshots/2026-07-01T053352Z/raw,1081,1043,144e01281e848a2a4c711cb0058eddc75099bb40,d3881a1328862a39dc4af32e15c4826237a09adca2da7038eafb5659ddb68bb4,8bda06ce0251beedd6a5f2cd61a08ef37682841102d3b9d86a1ab602640baf4e,WSO,False,True,new_addition,recovered_by_essential_field_and_504_observation_retries_after_old_silent_enrichment_failure,True
2026-07-01T053352Z,2026-07-01T05:33:52.980988+00:00,2026-07-01T07:21:20.090043+00:00,2026-06-30,data/prospective/daily_qvp/snapshots/2026-07-01T053352Z/raw,1081,1043,144e01281e848a2a4c711cb0058eddc75099bb40,d3881a1328862a39dc4af32e15c4826237a09adca2da7038eafb5659ddb68bb4,8bda06ce0251beedd6a5f2cd61a08ef37682841102d3b9d86a1ab602640baf4e,WST,False,True,new_addition,recovered_by_essential_field_and_504_observation_retries_after_old_silent_enrichment_failure,True
2026-07-01T053352Z,2026-07-01T05:33:52.980988+00:00,2026-07-01T07:21:20.090043+00:00,2026-06-30,data/prospective/daily_qvp/snapshots/2026-07-01T053352Z/raw,1081,1043,144e01281e848a2a4c711cb0058eddc75099bb40,d3881a1328862a39dc4af32e15c4826237a09adca2da7038eafb5659ddb68bb4,8bda06ce0251beedd6a5f2cd61a08ef37682841102d3b9d86a1ab602640baf4e,WTRG,False,True,new_addition,recovered_by_essential_field_and_504_observation_retries_after_old_silent_enrichment_failure,True
2026-07-01T053352Z,2026-07-01T05:33:52.980988+00:00,2026-07-01T07:21:20.090043+00:00,2026-06-30,data/prospective/daily_qvp/snapshots/2026-07-01T053352Z/raw,1081,1043,144e01281e848a2a4c711cb0058eddc75099bb40,d3881a1328862a39dc4af32e15c4826237a09adca2da7038eafb5659ddb68bb4,8bda06ce0251beedd6a5f2cd61a08ef37682841102d3b9d86a1ab602640baf4e,WTS,False,True,new_addition,recovered_by_essential_field_and_504_observation_retries_after_old_silent_enrichment_failure,True
2026-07-01T053352Z,2026-07-01T05:33:52.980988+00:00,2026-07-01T07:21:20.090043+00:00,2026-06-30,data/prospective/daily_qvp/snapshots/2026-07-01T053352Z/raw,1081,1043,144e01281e848a2a4c711cb0058eddc75099bb40,d3881a1328862a39dc4af32e15c4826237a09adca2da7038eafb5659ddb68bb4,8bda06ce0251beedd6a5f2cd61a08ef37682841102d3b9d86a1ab602640baf4e,WTTR,False,True,new_addition,recovered_by_essential_field_and_504_observation_retries_after_old_silent_enrichment_failure,True
2026-07-01T053352Z,2026-07-01T05:33:52.980988+00:00,2026-07-01T07:21:20.090043+00:00,2026-06-30,data/prospective/daily_qvp/snapshots/2026-07-01T053352Z/raw,1081,1043,144e01281e848a2a4c711cb0058eddc75099bb40,d3881a1328862a39dc4af32e15c4826237a09adca2da7038eafb5659ddb68bb4,8bda06ce0251beedd6a5f2cd61a08ef37682841102d3b9d86a1ab602640baf4e,WWD,False,True,new_addition,recovered_by_essential_field_and_504_observation_retries_after_old_silent_enrichment_failure,True
2026-07-01T053352Z,2026-07-01T05:33:52.980988+00:00,2026-07-01T07:21:20.090043+00:00,2026-06-30,data/prospective/daily_qvp/snapshots/2026-07-01T053352Z/raw,1081,1043,144e01281e848a2a4c711cb0058eddc75099bb40,d3881a1328862a39dc4af32e15c4826237a09adca2da7038eafb5659ddb68bb4,8bda06ce0251beedd6a5f2cd61a08ef37682841102d3b9d86a1ab602640baf4e,WYNN,False,True,new_addition,recovered_by_essential_field_and_504_observation_retries_after_old_silent_enrichment_failure,True
2026-07-01T053352Z,2026-07-01T05:33:52.980988+00:00,2026-07-01T07:21:20.090043+00:00,2026-06-30,data/prospective/daily_qvp/snapshots/2026-07-01T053352Z/raw,1081,1043,144e01281e848a2a4c711cb0058eddc75099bb40,d3881a1328862a39dc4af32e15c4826237a09adca2da7038eafb5659ddb68bb4,8bda06ce0251beedd6a5f2cd61a08ef37682841102d3b9d86a1ab602640baf4e,XEL,False,True,new_addition,recovered_by_essential_field_and_504_observation_retries_after_old_silent_enrichment_failure,True
2026-07-01T053352Z,2026-07-01T05:33:52.980988+00:00,2026-07-01T07:21:20.090043+00:00,2026-06-30,data/prospective/daily_qvp/snapshots/2026-07-01T053352Z/raw,1081,1043,144e01281e848a2a4c711cb0058eddc75099bb40,d3881a1328862a39dc4af32e15c4826237a09adca2da7038eafb5659ddb68bb4,8bda06ce0251beedd6a5f2cd61a08ef37682841102d3b9d86a1ab602640baf4e,XMTR,False,True,new_addition,recovered_by_essential_field_and_504_observation_retries_after_old_silent_enrichment_failure,True
2026-07-01T053352Z,2026-07-01T05:33:52.980988+00:00,2026-07-01T07:21:20.090043+00:00,2026-06-30,data/prospective/daily_qvp/snapshots/2026-07-01T053352Z/raw,1081,1043,144e01281e848a2a4c711cb0058eddc75099bb40,d3881a1328862a39dc4af32e15c4826237a09adca2da7038eafb5659ddb68bb4,8bda06ce0251beedd6a5f2cd61a08ef37682841102d3b9d86a1ab602640baf4e,XOM,False,True,new_addition,recovered_by_essential_field_and_504_observation_retries_after_old_silent_enrichment_failure,True
2026-07-01T053352Z,2026-07-01T05:33:52.980988+00:00,2026-07-01T07:21:20.090043+00:00,2026-06-30,data/prospective/daily_qvp/snapshots/2026-07-01T053352Z/raw,1081,1043,144e01281e848a2a4c711cb0058eddc75099bb40,d3881a1328862a39dc4af32e15c4826237a09adca2da7038eafb5659ddb68bb4,8bda06ce0251beedd6a5f2cd61a08ef37682841102d3b9d86a1ab602640baf4e,XPO,False,True,new_addition,recovered_by_essential_field_and_504_observation_retries_after_old_silent_enrichment_failure,True
2026-07-01T053352Z,2026-07-01T05:33:52.980988+00:00,2026-07-01T07:21:20.090043+00:00,2026-06-30,data/prospective/daily_qvp/snapshots/2026-07-01T053352Z/raw,1081,1043,144e01281e848a2a4c711cb0058eddc75099bb40,d3881a1328862a39dc4af32e15c4826237a09adca2da7038eafb5659ddb68bb4,8bda06ce0251beedd6a5f2cd61a08ef37682841102d3b9d86a1ab602640baf4e,XRAY,False,True,new_addition,recovered_by_essential_field_and_504_observation_retries_after_old_silent_enrichment_failure,True
2026-07-01T053352Z,2026-07-01T05:33:52.980988+00:00,2026-07-01T07:21:20.090043+00:00,2026-06-30,data/prospective/daily_qvp/snapshots/2026-07-01T053352Z/raw,1081,1043,144e01281e848a2a4c711cb0058eddc75099bb40,d3881a1328862a39dc4af32e15c4826237a09adca2da7038eafb5659ddb68bb4,8bda06ce0251beedd6a5f2cd61a08ef37682841102d3b9d86a1ab602640baf4e,XYL,False,True,new_addition,recovered_by_essential_field_and_504_observation_retries_after_old_silent_enrichment_failure,True
2026-07-01T053352Z,2026-07-01T05:33:52.980988+00:00,2026-07-01T07:21:20.090043+00:00,2026-06-30,data/prospective/daily_qvp/snapshots/2026-07-01T053352Z/raw,1081,1043,144e01281e848a2a4c711cb0058eddc75099bb40,d3881a1328862a39dc4af32e15c4826237a09adca2da7038eafb5659ddb68bb4,8bda06ce0251beedd6a5f2cd61a08ef37682841102d3b9d86a1ab602640baf4e,XYZ,False,True,new_addition,recovered_by_essential_field_and_504_observation_retries_after_old_silent_enrichment_failure,True
2026-07-01T053352Z,2026-07-01T05:33:52.980988+00:00,2026-07-01T07:21:20.090043+00:00,2026-06-30,data/prospective/daily_qvp/snapshots/2026-07-01T053352Z/raw,1081,1043,144e01281e848a2a4c711cb0058eddc75099bb40,d3881a1328862a39dc4af32e15c4826237a09adca2da7038eafb5659ddb68bb4,8bda06ce0251beedd6a5f2cd61a08ef37682841102d3b9d86a1ab602640baf4e,YETI,False,True,new_addition,recovered_by_essential_field_and_504_observation_retries_after_old_silent_enrichment_failure,True
2026-07-01T053352Z,2026-07-01T05:33:52.980988+00:00,2026-07-01T07:21:20.090043+00:00,2026-06-30,data/prospective/daily_qvp/snapshots/2026-07-01T053352Z/raw,1081,1043,144e01281e848a2a4c711cb0058eddc75099bb40,d3881a1328862a39dc4af32e15c4826237a09adca2da7038eafb5659ddb68bb4,8bda06ce0251beedd6a5f2cd61a08ef37682841102d3b9d86a1ab602640baf4e,YOU,False,True,new_addition,recovered_by_essential_field_and_504_observation_retries_after_old_silent_enrichment_failure,True
2026-07-01T053352Z,2026-07-01T05:33:52.980988+00:00,2026-07-01T07:21:20.090043+00:00,2026-06-30,data/prospective/daily_qvp/snapshots/2026-07-01T053352Z/raw,1081,1043,144e01281e848a2a4c711cb0058eddc75099bb40,d3881a1328862a39dc4af32e15c4826237a09adca2da7038eafb5659ddb68bb4,8bda06ce0251beedd6a5f2cd61a08ef37682841102d3b9d86a1ab602640baf4e,YUM,False,True,new_addition,recovered_by_essential_field_and_504_observation_retries_after_old_silent_enrichment_failure,True
2026-07-01T053352Z,2026-07-01T05:33:52.980988+00:00,2026-07-01T07:21:20.090043+00:00,2026-06-30,data/prospective/daily_qvp/snapshots/2026-07-01T053352Z/raw,1081,1043,144e01281e848a2a4c711cb0058eddc75099bb40,d3881a1328862a39dc4af32e15c4826237a09adca2da7038eafb5659ddb68bb4,8bda06ce0251beedd6a5f2cd61a08ef37682841102d3b9d86a1ab602640baf4e,Z,False,True,new_addition,recovered_by_essential_field_and_504_observation_retries_after_old_silent_enrichment_failure,True
2026-07-01T053352Z,2026-07-01T05:33:52.980988+00:00,2026-07-01T07:21:20.090043+00:00,2026-06-30,data/prospective/daily_qvp/snapshots/2026-07-01T053352Z/raw,1081,1043,144e01281e848a2a4c711cb0058eddc75099bb40,d3881a1328862a39dc4af32e15c4826237a09adca2da7038eafb5659ddb68bb4,8bda06ce0251beedd6a5f2cd61a08ef37682841102d3b9d86a1ab602640baf4e,ZBH,False,True,new_addition,recovered_by_essential_field_and_504_observation_retries_after_old_silent_enrichment_failure,True
2026-07-01T053352Z,2026-07-01T05:33:52.980988+00:00,2026-07-01T07:21:20.090043+00:00,2026-06-30,data/prospective/daily_qvp/snapshots/2026-07-01T053352Z/raw,1081,1043,144e01281e848a2a4c711cb0058eddc75099bb40,d3881a1328862a39dc4af32e15c4826237a09adca2da7038eafb5659ddb68bb4,8bda06ce0251beedd6a5f2cd61a08ef37682841102d3b9d86a1ab602640baf4e,ZBRA,False,True,new_addition,recovered_by_essential_field_and_504_observation_retries_after_old_silent_enrichment_failure,True
2026-07-01T053352Z,2026-07-01T05:33:52.980988+00:00,2026-07-01T07:21:20.090043+00:00,2026-06-30,data/prospective/daily_qvp/snapshots/2026-07-01T053352Z/raw,1081,1043,144e01281e848a2a4c711cb0058eddc75099bb40,d3881a1328862a39dc4af32e15c4826237a09adca2da7038eafb5659ddb68bb4,8bda06ce0251beedd6a5f2cd61a08ef37682841102d3b9d86a1ab602640baf4e,ZETA,False,True,new_addition,recovered_by_essential_field_and_504_observation_retries_after_old_silent_enrichment_failure,True
2026-07-01T053352Z,2026-07-01T05:33:52.980988+00:00,2026-07-01T07:21:20.090043+00:00,2026-06-30,data/prospective/daily_qvp/snapshots/2026-07-01T053352Z/raw,1081,1043,144e01281e848a2a4c711cb0058eddc75099bb40,d3881a1328862a39dc4af32e15c4826237a09adca2da7038eafb5659ddb68bb4,8bda06ce0251beedd6a5f2cd61a08ef37682841102d3b9d86a1ab602640baf4e,ZM,False,True,new_addition,recovered_by_essential_field_and_504_observation_retries_after_old_silent_enrichment_failure,True
2026-07-01T053352Z,2026-07-01T05:33:52.980988+00:00,2026-07-01T07:21:20.090043+00:00,2026-06-30,data/prospective/daily_qvp/snapshots/2026-07-01T053352Z/raw,1081,1043,144e01281e848a2a4c711cb0058eddc75099bb40,d3881a1328862a39dc4af32e15c4826237a09adca2da7038eafb5659ddb68bb4,8bda06ce0251beedd6a5f2cd61a08ef37682841102d3b9d86a1ab602640baf4e,ZS,False,True,new_addition,recovered_by_essential_field_and_504_observation_retries_after_old_silent_enrichment_failure,True
2026-07-01T053352Z,2026-07-01T05:33:52.980988+00:00,2026-07-01T07:21:20.090043+00:00,2026-06-30,data/prospective/daily_qvp/snapshots/2026-07-01T053352Z/raw,1081,1043,144e01281e848a2a4c711cb0058eddc75099bb40,d3881a1328862a39dc4af32e15c4826237a09adca2da7038eafb5659ddb68bb4,8bda06ce0251beedd6a5f2cd61a08ef37682841102d3b9d86a1ab602640baf4e,ZTS,False,True,new_addition,recovered_by_essential_field_and_504_observation_retries_after_old_silent_enrichment_failure,True
2026-07-01T053352Z,2026-07-01T05:33:52.980988+00:00,2026-07-01T07:21:20.090043+00:00,2026-06-30,data/prospective/daily_qvp/snapshots/2026-07-01T053352Z/raw,1081,1043,144e01281e848a2a4c711cb0058eddc75099bb40,d3881a1328862a39dc4af32e15c4826237a09adca2da7038eafb5659ddb68bb4,8bda06ce0251beedd6a5f2cd61a08ef37682841102d3b9d86a1ab602640baf4e,ZWS,False,True,new_addition,recovered_by_essential_field_and_504_observation_retries_after_old_silent_enrichment_failure,True
