ticker,company,sector,industry,M12_1,M6_1,TREND200,ROA,GPA,FCF_MARGIN,DEBT_ASSETS,B2_score,Q_score,Q_components_ok,source_snapshot,generated_at,as_of_date
A,"Agilent Technologies, Inc.",Healthcare,Diagnostics & Research,0.4690101757631822,0.3561517113783534,0.3709528214616096,0.8633540372670807,0.4962962962962963,0.6896551724137931,0.5094339622641509,0.39870490286771504,0.6396848670603302,4,2026-07-01T053352Z,2026-07-01T07:57:04.761328+00:00,2026-06-30
AA,Alcoa Corporation,Basic Materials,Aluminum,0.9398704902867716,0.8214616096207216,0.2580943570767807,0.576271186440678,0.288135593220339,0.3389830508474576,0.7627118644067796,0.6731421523280914,0.4915254237288135,4,2026-07-01T053352Z,2026-07-01T07:57:04.761328+00:00,2026-06-30
AAL,American Airlines Group Inc.,Industrials,Airlines,0.6151711378353376,0.3071230342275671,0.8381128584643849,0.1422222222222222,0.3273542600896861,0.1377777777777777,0.0888888888888888,0.5868023435090965,0.1740607872446437,4,2026-07-01T053352Z,2026-07-01T07:57:04.761328+00:00,2026-06-30
AAON,"AAON, Inc.",Industrials,Building Products & Equipment,0.8390379278445883,0.9380203515263644,0.7807585568917669,0.5822222222222222,0.6053811659192825,0.0533333333333333,0.6222222222222222,0.8526056120875732,0.46578973592426504,4,2026-07-01T053352Z,2026-07-01T07:57:04.761328+00:00,2026-06-30
AAP,"Advance Auto Parts, Inc.",Consumer Cyclical,Auto Parts,0.6281221091581869,0.8362627197039778,0.6799259944495837,0.1411764705882353,0.5178571428571429,0.0414201183431952,0.4705882352941176,0.7147702744372495,0.29276049177067276,4,2026-07-01T053352Z,2026-07-01T07:57:04.761328+00:00,2026-06-30
AAPL,Apple Inc.,Technology,Consumer Electronics,0.7465309898242368,0.6160962072155411,0.4791859389454209,0.9734513274336284,0.911504424778761,0.8053097345132744,0.4732142857142857,0.6139377119950663,0.7908699431099874,4,2026-07-01T053352Z,2026-07-01T07:57:04.761328+00:00,2026-06-30
ABBV,AbbVie Inc.,Healthcare,Drug Manufacturers - General,0.5578168362627197,0.3283996299722479,0.6299722479185939,0.515527950310559,0.5925925925925926,0.9379310344827586,0.1446540880503144,0.5053962380511872,0.5476764163590561,4,2026-07-01T053352Z,2026-07-01T07:57:04.761328+00:00,2026-06-30
ABG,"Asbury Automotive Group, Inc.",Consumer Cyclical,Auto & Truck Dealerships,0.1378353376503237,0.1119333950046253,0.1970397779833487,0.4294117647058823,0.4107142857142857,0.2248520710059171,0.4117647058823529,0.14893617021276592,0.3691857068271095,4,2026-07-01T053352Z,2026-07-01T07:57:04.761328+00:00,2026-06-30
ABM,ABM Industries Incorporated,Industrials,Specialty Business Services,0.2044403330249768,0.274745605920444,0.4107308048103608,0.2488888888888888,,0.2355555555555555,0.3644444444444444,0.29663891458526054,0.2829629629629629,3,2026-07-01T053352Z,2026-07-01T07:57:04.761328+00:00,2026-06-30
ABNB,"Airbnb, Inc.",Consumer Cyclical,Travel Services,0.3108233117483811,0.3441258094357077,0.5393154486586494,0.7352941176470589,0.6369047619047619,0.9881656804733728,0.9647058823529412,0.39808818994757944,0.8312676105945337,4,2026-07-01T053352Z,2026-07-01T07:57:04.761328+00:00,2026-06-30
ABT,Abbott Laboratories,Healthcare,Medical Devices,0.0675300647548566,0.0508788159111933,0.0962072155411655,0.7142857142857143,0.4074074074074074,0.7172413793103448,0.4025157232704403,0.07153869873573847,0.5603625560684766,4,2026-07-01T053352Z,2026-07-01T07:57:04.761328+00:00,2026-06-30
ACA,"Arcosa, Inc.",Industrials,Engineering & Construction,0.7021276595744681,0.6271970397779834,0.8020351526364478,0.3866666666666666,0.2017937219730941,0.5022222222222222,0.4844444444444444,0.7104532839962997,0.39378176382660685,4,2026-07-01T053352Z,2026-07-01T07:57:04.761328+00:00,2026-06-30
ACAD,ACADIA Pharmaceuticals Inc.,Healthcare,Biotechnology,0.30527289546716,0.1184088806660499,0.5060129509713228,0.9875776397515528,0.8740740740740741,0.7724137931034483,0.8616352201257862,0.3098982423681776,0.8739251817637154,4,2026-07-01T053352Z,2026-07-01T07:57:04.761328+00:00,2026-06-30
ACHC,"Acadia Healthcare Company, Inc.",Healthcare,Medical Care Facilities,0.3783533765032377,0.8852913968547641,0.8677150786308974,0.2111801242236025,0.8518518518518519,0.1862068965517241,0.1823899371069182,0.7104532839962997,0.35790720243352414,4,2026-07-01T053352Z,2026-07-01T07:57:04.761328+00:00,2026-06-30
ACI,"Albertsons Companies, Inc.",Consumer Defensive,Grocery Stores,0.1322849213691027,0.2571692876965772,0.0832562442183163,0.1363636363636363,0.9924242424242424,0.0757575757575757,0.0909090909090909,0.1575701510946654,0.3238636363636363,4,2026-07-01T053352Z,2026-07-01T07:57:04.761328+00:00,2026-06-30
ACIW,"ACI Worldwide, Inc.",Technology,Software - Infrastructure,0.2876965772432932,0.2340425531914893,0.5596669750231268,0.5707964601769911,0.4646017699115044,0.4292035398230088,0.3616071428571428,0.36046870181930313,0.4565522281921618,4,2026-07-01T053352Z,2026-07-01T07:57:04.761328+00:00,2026-06-30
ACLS,"Axcelis Technologies, Inc.",Technology,Semiconductor Equipment & Materials,0.8852913968547641,0.9343200740055504,0.9592969472710452,0.6283185840707964,0.4203539823008849,0.3185840707964602,0.84375,0.9263028060437866,0.5527516592920354,4,2026-07-01T053352Z,2026-07-01T07:57:04.761328+00:00,2026-06-30
ACM,AECOM,Industrials,Engineering & Construction,0.0564292321924144,0.064754856614246,0.0388529139685476,0.3511111111111111,0.0986547085201793,0.2,0.5777777777777777,0.053345667591736,0.306885899352267,4,2026-07-01T053352Z,2026-07-01T07:57:04.761328+00:00,2026-06-30
AD,"Array Digital Infrastructure, Inc.",Communication Services,Telecom Services,0.6808510638297872,0.6197964847363552,0.3459759481961147,0.6304347826086957,0.0348837209302325,0.6666666666666666,0.5652173913043478,0.5488744989207524,0.47430064037748565,4,2026-07-01T053352Z,2026-07-01T07:57:04.761328+00:00,2026-06-30
ADBE,Adobe Inc.,Technology,Software - Application,0.0823311748381128,0.0740055504162812,0.0379278445883441,0.9513274336283186,0.9734513274336284,0.9601769911504424,0.4508928571428571,0.06475485661424603,0.8339621523388117,4,2026-07-01T053352Z,2026-07-01T07:57:04.761328+00:00,2026-06-30
ADEA,Adeia Inc.,Technology,Software - Application,0.8371877890841813,0.8889916743755781,0.9232192414431082,0.7876106194690266,0.9646017699115044,0.8761061946902655,0.1964285714285714,0.8831329016342893,0.7061867888748419,4,2026-07-01T053352Z,2026-07-01T07:57:04.761328+00:00,2026-06-30
ADI,"Analog Devices, Inc.",Technology,Semiconductors,0.8103607770582794,0.8501387604070305,0.7705827937095282,0.588495575221239,0.1902654867256637,0.9247787610619468,0.5580357142857143,0.8103607770582792,0.5653938843236409,4,2026-07-01T053352Z,2026-07-01T07:57:04.761328+00:00,2026-06-30
ADM,Archer-Daniels-Midland Company,Consumer Defensive,Farm Products,0.757631822386679,0.7983348751156337,0.6318223866790009,0.2121212121212121,0.0227272727272727,0.3636363636363636,0.8333333333333334,0.729263028060438,0.3579545454545454,4,2026-07-01T053352Z,2026-07-01T07:57:04.761328+00:00,2026-06-30
ADP,"Automatic Data Processing, Inc.",Technology,Software - Application,0.122109158186864,0.1951896392229417,0.2395929694727104,0.5176991150442478,0.1106194690265486,0.6592920353982301,0.71875,0.1856305889608387,0.5015901548672567,4,2026-07-01T053352Z,2026-07-01T07:57:04.761328+00:00,2026-06-30
ADPT,Adaptive Biotechnologies Corporation,Healthcare,Diagnostics & Research,0.6049953746530989,0.2469935245143385,0.8436632747456059,0.2795031055900621,0.7481481481481481,0.1793103448275862,0.6666666666666666,0.5652173913043478,0.4684070663081157,4,2026-07-01T053352Z,2026-07-01T07:57:04.761328+00:00,2026-06-30
ADSK,"Autodesk, Inc.",Technology,Software - Application,0.1285846438482886,0.1036077705827937,0.0508788159111933,0.7920353982300885,0.8982300884955752,0.9292035398230089,0.46875,0.09435707678075854,0.7720547566371682,4,2026-07-01T053352Z,2026-07-01T07:57:04.761328+00:00,2026-06-30
ADT,ADT Inc.,Industrials,Security & Protection Services,0.1711378353376503,0.1665124884366327,0.1406105457909343,0.3244444444444444,0.6771300448430493,0.9888888888888888,0.1333333333333333,0.15942028985507242,0.530949177877429,4,2026-07-01T053352Z,2026-07-01T07:57:04.761328+00:00,2026-06-30
AEE,Ameren Corporation,Utilities,Utilities - Regulated Electric,0.4773358001850138,0.5346901017576319,0.4875115633672525,0.711864406779661,0.4482758620689655,0.4310344827586206,0.5932203389830508,0.499845821769966,0.5460987726475746,4,2026-07-01T053352Z,2026-07-01T07:57:04.761328+00:00,2026-06-30
AEIS,"Advanced Energy Industries, Inc.",Industrials,Electrical Equipment & Parts,0.901017576318224,0.7909343200740055,0.8445883441258094,0.6266666666666667,0.7309417040358744,0.2266666666666666,0.5955555555555555,0.845513413506013,0.5449576482311907,4,2026-07-01T053352Z,2026-07-01T07:57:04.761328+00:00,2026-06-30
AEO,"American Eagle Outfitters, Inc.",Consumer Cyclical,Apparel Retail,0.7779833487511564,0.0134135060129509,0.156336725254394,0.5764705882352941,0.7857142857142857,0.2485207100591716,0.4352941176470588,0.3159111933395004,0.5114999254139525,4,2026-07-01T053352Z,2026-07-01T07:57:04.761328+00:00,2026-06-30
AEP,"American Electric Power Company, Inc.",Utilities,Utilities - Regulated Electric,0.5975948196114709,0.5698427382053654,0.5652173913043478,0.7457627118644068,0.8103448275862069,0.4482758620689655,0.4745762711864407,0.5775516497070613,0.619739918176505,4,2026-07-01T053352Z,2026-07-01T07:57:04.761328+00:00,2026-06-30
AES,The AES Corporation,Utilities,Utilities - Diversified,0.6984273820536541,0.4967622571692877,0.3996299722479186,0.5084745762711864,0.0517241379310344,0.4827586206896552,0.0508474576271186,0.5316065371569535,0.2734511981297486,4,2026-07-01T053352Z,2026-07-01T07:57:04.761328+00:00,2026-06-30
AESI,Atlas Energy Solutions Inc.,Energy,Oil & Gas Equipment & Services,0.6114708603145236,0.9259944495837188,0.8103607770582794,0.0869565217391304,0.1014492753623188,0.2463768115942029,0.4492753623188406,0.7826086956521738,0.22101449275362317,4,2026-07-01T053352Z,2026-07-01T07:57:04.761328+00:00,2026-06-30
AGCO,AGCO Corporation,Industrials,Farm & Heavy Construction Machinery,0.429232192414431,0.5004625346901017,0.4394079555966697,0.56,0.5291479820627802,0.2977777777777777,0.7111111111111111,0.4563675609004008,0.5245092177379173,4,2026-07-01T053352Z,2026-07-01T07:57:04.761328+00:00,2026-06-30
AGIO,"Agios Pharmaceuticals, Inc.",Healthcare,Biotechnology,0.217391304347826,0.4616096207215541,0.6586493987049029,0.124223602484472,0.0444444444444444,0.0172413793103448,0.8679245283018868,0.4458834412580943,0.263458488635287,4,2026-07-01T053352Z,2026-07-01T07:57:04.761328+00:00,2026-06-30
AGX,"Argan, Inc.",Industrials,Engineering & Construction,0.9481961147086032,0.962072155411656,0.9583718778908418,0.88,0.3497757847533632,0.9888888888888888,0.9733333333333334,0.956213382670367,0.7979995017438963,4,2026-07-01T053352Z,2026-07-01T07:57:04.761328+00:00,2026-06-30
AGYS,"Agilysys, Inc.",Technology,Software - Application,0.1332099907493062,0.0619796484736355,0.5124884366327475,0.6769911504424779,0.7477876106194691,0.6327433628318584,0.8214285714285714,0.23589269195189635,0.7197376738305943,4,2026-07-01T053352Z,2026-07-01T07:57:04.761328+00:00,2026-06-30
AIN,Albany International Corp.,Consumer Cyclical,Textile Manufacturing,0.2756706753006475,0.7345050878815911,0.8159111933395005,0.0823529411764705,0.1369047619047619,0.5443786982248521,0.7764705882352941,0.608695652173913,0.38502674738534465,4,2026-07-01T053352Z,2026-07-01T07:57:04.761328+00:00,2026-06-30
AIR,AAR Corp.,Industrials,Aerospace & Defense,0.7724329324699353,0.7696577243293247,0.8741905642923219,0.4488888888888889,0.3766816143497757,0.1688888888888889,0.5022222222222222,0.8054270736971939,0.3741704035874439,4,2026-07-01T053352Z,2026-07-01T07:57:04.761328+00:00,2026-06-30
AIT,"Applied Industrial Technologies, Inc.",Industrials,Industrial Distribution,0.6271970397779834,0.6290471785383904,0.7354301572617946,0.8844444444444445,0.9417040358744396,0.5511111111111111,0.8533333333333334,0.6638914585260561,0.8076482311908322,4,2026-07-01T053352Z,2026-07-01T07:57:04.761328+00:00,2026-06-30
AKAM,"Akamai Technologies, Inc.",Technology,Software - Infrastructure,0.8334875115633672,0.9111933395004626,0.6725254394079556,0.3761061946902654,0.3008849557522124,0.5265486725663717,0.0758928571428571,0.8057354301572618,0.3198581700379267,4,2026-07-01T053352Z,2026-07-01T07:57:04.761328+00:00,2026-06-30
ALAB,"Astera Labs, Inc.",Technology,Semiconductors,0.9703977798334876,0.9611470860314524,0.9875115633672524,0.8672566371681416,0.8362831858407079,0.8982300884955752,0.9888392857142856,0.9730188097440641,0.8976522993046776,4,2026-07-01T053352Z,2026-07-01T07:57:04.761328+00:00,2026-06-30
ALB,Albemarle Corporation,Basic Materials,Specialty Chemicals,0.9380203515263644,0.6577243293246994,0.1979648473635522,0.2203389830508474,0.1186440677966101,0.6610169491525424,0.7966101694915254,0.5979031760715386,0.4491525423728813,4,2026-07-01T053352Z,2026-07-01T07:57:04.761328+00:00,2026-06-30
ALGM,"Allegro MicroSystems, Inc.",Technology,Semiconductors,0.6780758556891767,0.9287696577243292,0.971322849213691,0.1592920353982301,0.4734513274336283,0.3893805309734513,0.4866071428571428,0.8593894542090657,0.3771827591656131,4,2026-07-01T053352Z,2026-07-01T07:57:04.761328+00:00,2026-06-30
ALGN,"Align Technology, Inc.",Healthcare,Medical Instruments & Supplies,0.2553191489361702,0.5587419056429233,0.4199814986123959,0.7329192546583851,0.762962962962963,0.6344827586206897,0.9056603773584906,0.41134751773049644,0.759006338400132,4,2026-07-01T053352Z,2026-07-01T07:57:04.761328+00:00,2026-06-30
ALGT,Allegiant Travel Company,Industrials,Airlines,0.7761332099907493,0.5245143385753932,0.8825161887141536,0.0977777777777777,0.0896860986547085,0.4133333333333333,0.2133333333333333,0.7277212457600987,0.20353263577478817,4,2026-07-01T053352Z,2026-07-01T07:57:04.761328+00:00,2026-06-30
ALHC,"Alignment Healthcare, Inc.",Healthcare,Healthcare Plans,0.4264569842738205,0.15263644773358,0.7668825161887142,0.4596273291925465,0.7777777777777778,0.4068965517241379,0.5031446540880503,0.44865864939870487,0.5368615781956281,4,2026-07-01T053352Z,2026-07-01T07:57:04.761328+00:00,2026-06-30
ALK,"Alaska Air Group, Inc.",Industrials,Airlines,0.2608695652173913,0.2321924144310823,0.5892691951896393,0.1511111111111111,0.0627802690582959,0.0888888888888888,0.4355555555555555,0.36077705827937095,0.18458395615346282,4,2026-07-01T053352Z,2026-07-01T07:57:04.761328+00:00,2026-06-30
ALNY,"Alnylam Pharmaceuticals, Inc.",Healthcare,Biotechnology,0.2664199814986124,0.093432007400555,0.0989824236817761,0.84472049689441,0.9185185185185184,0.6827586206896552,0.5534591194968553,0.15294480419364784,0.7498641888998596,4,2026-07-01T053352Z,2026-07-01T07:57:04.761328+00:00,2026-06-30
ALRM,"Alarm.com Holdings, Inc.",Technology,Software - Application,0.1655874190564292,0.2062904717853839,0.2719703977798335,0.584070796460177,0.6460176991150443,0.4513274336283185,0.2678571428571428,0.21461609620721553,0.48731826801517064,4,2026-07-01T053352Z,2026-07-01T07:57:04.761328+00:00,2026-06-30
ALSN,"Allison Transmission Holdings, Inc.",Consumer Cyclical,Auto Parts,0.5365402405180388,0.5966697502312673,0.4662349676225717,0.5941176470588235,0.2857142857142857,0.8757396449704142,0.3941176470588235,0.5331483194572926,0.5374223062005867,4,2026-07-01T053352Z,2026-07-01T07:57:04.761328+00:00,2026-06-30
AM,Antero Midstream Corporation,Energy,Oil & Gas Midstream,0.4875115633672525,0.6919518963922294,0.633672525439408,0.6376811594202898,0.6521739130434783,0.9927536231884058,0.0434782608695652,0.6043786617329633,0.5815217391304348,4,2026-07-01T053352Z,2026-07-01T07:57:04.761328+00:00,2026-06-30
AMAT,"Applied Materials, Inc.",Technology,Semiconductor Equipment & Materials,0.91581868640148,0.9204440333024976,0.9875115633672524,0.9424778761061948,0.668141592920354,0.5398230088495575,0.5625,0.9412580943570766,0.6782356194690267,4,2026-07-01T053352Z,2026-07-01T07:57:04.761328+00:00,2026-06-30
AMBA,"Ambarella, Inc.",Technology,Semiconductor Equipment & Materials,0.391304347826087,0.4042553191489361,0.7012025901942646,0.0619469026548672,0.5132743362831859,0.1769911504424778,0.90625,0.4989207523897625,0.41461559734513276,4,2026-07-01T053352Z,2026-07-01T07:57:04.761328+00:00,2026-06-30
AMD,"Advanced Micro Devices, Inc.",Technology,Semiconductors,0.9648473635522664,0.9875115633672524,0.9875115633672524,0.5619469026548672,0.3451327433628318,0.6814159292035398,0.7544642857142857,0.9799568300955904,0.5857399652338812,4,2026-07-01T053352Z,2026-07-01T07:57:04.761328+00:00,2026-06-30
AME,"AMETEK, Inc.",Industrials,Specialty Industrial Machinery,0.5790934320074006,0.5300647548566142,0.61054579093432,0.7466666666666667,0.3094170403587444,0.96,0.8444444444444444,0.5732346592661116,0.7151320378674639,4,2026-07-01T053352Z,2026-07-01T07:57:04.761328+00:00,2026-06-30
AMGN,Amgen Inc.,Healthcare,Drug Manufacturers - General,0.5735430157261795,0.4283071230342276,0.5254394079555966,0.7950310559006211,0.4592592592592592,0.8275862068965517,0.0943396226415094,0.5090965155720012,0.5440540361744853,4,2026-07-01T053352Z,2026-07-01T07:57:04.761328+00:00,2026-06-30
AMKR,"Amkor Technology, Inc.",Technology,Semiconductor Equipment & Materials,0.9574468085106383,0.9195189639222942,0.9537465309898242,0.4867256637168141,0.0929203539823008,0.1327433628318584,0.5535714285714286,0.9435707678075856,0.31649020227560043,4,2026-07-01T053352Z,2026-07-01T07:57:04.761328+00:00,2026-06-30
AMR,"Alpha Metallurgical Resources, Inc.",Basic Materials,Coking Coal,0.8344125809435707,0.3404255319148936,0.1646623496762257,0.2033898305084746,0.0508474576271186,0.2711864406779661,0.9915254237288136,0.44650015417823,0.3792372881355932,4,2026-07-01T053352Z,2026-07-01T07:57:04.761328+00:00,2026-06-30
AMRX,"Amneal Pharmaceuticals, Inc.",Healthcare,Drug Manufacturers - Specialty & Generic,0.7696577243293247,0.4144310823311748,0.8464384828862165,0.5527950310559007,0.5777777777777777,0.4275862068965517,0.0566037735849056,0.6768424298489054,0.40369069732878393,4,2026-07-01T053352Z,2026-07-01T07:57:04.761328+00:00,2026-06-30
AMSC,American Superconductor Corporation,Industrials,Specialty Industrial Machinery,0.6743755781683626,0.904717853839038,0.3404255319148936,0.9733333333333334,0.1704035874439461,0.3822222222222222,0.9888888888888888,0.6398396546407648,0.6287120079720976,4,2026-07-01T053352Z,2026-07-01T07:57:04.761328+00:00,2026-06-30
AMZN,"Amazon.com, Inc.",Consumer Cyclical,Internet Retail,0.5356151711378353,0.6410730804810361,0.3737280296022202,0.7470588235294118,0.6488095238095238,0.0769230769230769,0.8176470588235294,0.5168054270736971,0.5726096207713854,4,2026-07-01T053352Z,2026-07-01T07:57:04.761328+00:00,2026-06-30
AN,"AutoNation, Inc.",Consumer Cyclical,Auto & Truck Dealerships,0.274745605920444,0.2257169287696577,0.1998149861239593,0.4,0.5535714285714286,0.0710059171597633,0.1411764705882353,0.23342584027135369,0.2914384540798568,4,2026-07-01T053352Z,2026-07-01T07:57:04.761328+00:00,2026-06-30
ANDE,"The Andersons, Inc.",Consumer Defensive,Food Distribution,0.8575393154486587,0.7715078630897317,0.6151711378353376,0.2878787878787879,0.2424242424242424,0.0227272727272727,0.5606060606060606,0.748072772124576,0.2784090909090909,4,2026-07-01T053352Z,2026-07-01T07:57:04.761328+00:00,2026-06-30
ANET,"Arista Networks, Inc.",Technology,Computer Hardware,0.7650323774283071,0.692876965772433,0.6873265494912119,0.8982300884955752,0.5176991150442478,0.9889380530973452,0.9888392857142856,0.7150786308973173,0.8484266355878635,4,2026-07-01T053352Z,2026-07-01T07:57:04.761328+00:00,2026-06-30
ANF,Abercrombie & Fitch Co.,Consumer Cyclical,Apparel Retail,0.2645698427382054,0.0134135060129509,0.3450508788159112,0.8764705882352941,0.988095238095238,0.5621301775147929,0.6,0.20767807585568918,0.7566740009613313,4,2026-07-01T053352Z,2026-07-01T07:57:04.761328+00:00,2026-06-30
AOS,A. O. Smith Corporation,Industrials,Specialty Industrial Machinery,0.2192414431082331,0.1794634597594819,0.2358926919518963,0.9333333333333332,0.9192825112107624,0.8577777777777778,0.7822222222222223,0.2115325316065371,0.873153961136024,4,2026-07-01T053352Z,2026-07-01T07:57:04.761328+00:00,2026-06-30
APA,APA Corporation,Energy,Oil & Gas E&P,0.8658649398704903,0.8677150786308974,0.5115633672525439,0.8115942028985508,0.8840579710144928,0.782608695652174,0.5652173913043478,0.7483811285846439,0.7608695652173912,4,2026-07-01T053352Z,2026-07-01T07:57:04.761328+00:00,2026-06-30
APD,"Air Products and Chemicals, Inc.",Basic Materials,Specialty Chemicals,0.337650323774283,0.6123959296947271,0.4912118408880666,0.5254237288135594,0.2372881355932203,0.0508474576271186,0.1525423728813559,0.48041936478569225,0.24152542372881353,4,2026-07-01T053352Z,2026-07-01T07:57:04.761328+00:00,2026-06-30
APG,APi Group Corporation,Industrials,Engineering & Construction,0.5309898242368177,0.4394079555966697,0.4190564292321924,0.2977777777777777,0.7354260089686099,0.5288888888888889,0.3822222222222222,0.4631514030218933,0.48607872446437467,4,2026-07-01T053352Z,2026-07-01T07:57:04.761328+00:00,2026-06-30
APH,Amphenol Corporation,Technology,Electronic Components,0.7345050878815911,0.5291396854764108,0.7798334875115633,0.7831858407079646,0.3716814159292035,0.5221238938053098,0.1517857142857142,0.6811594202898551,0.457194216182048,4,2026-07-01T053352Z,2026-07-01T07:57:04.761328+00:00,2026-06-30
APLD,Applied Digital Corporation,Technology,Information Technology Services,0.9875115633672524,0.9518963922294172,0.6447733580018501,0.1106194690265486,0.0309734513274336,0.0154867256637168,0.1294642857142857,0.8613937711995066,0.07163598293299617,4,2026-07-01T053352Z,2026-07-01T07:57:04.761328+00:00,2026-06-30
APP,AppLovin Corporation,Communication Services,Advertising Agencies,0.8242368177613321,0.1896392229417206,0.2488436632747456,0.9891304347826086,0.9883720930232558,0.9888888888888888,0.3043478260869565,0.42090656799259946,0.8176848106954274,4,2026-07-01T053352Z,2026-07-01T07:57:04.761328+00:00,2026-06-30
AR,Antero Resources Corporation,Energy,Oil & Gas E&P,0.2109158186864014,0.4625346901017576,0.3089731729879741,0.6521739130434783,0.3768115942028985,0.9420289855072465,0.4347826086956521,0.3274745605920444,0.6014492753623188,4,2026-07-01T053352Z,2026-07-01T07:57:04.761328+00:00,2026-06-30
ARCB,ArcBest Corporation,Industrials,Trucking,0.8196114708603145,0.9269195189639224,0.8991674375578168,0.2222222222222222,0.116591928251121,0.2177777777777777,0.7733333333333333,0.8818994757940178,0.3324813153961136,4,2026-07-01T053352Z,2026-07-01T07:57:04.761328+00:00,2026-06-30
ARMK,Aramark,Industrials,Specialty Business Services,0.6022201665124884,0.818686401480111,0.8371877890841813,0.2355555555555555,0.1390134529147982,0.1822222222222222,0.1555555555555555,0.7526981190255936,0.17808669656203285,4,2026-07-01T053352Z,2026-07-01T07:57:04.761328+00:00,2026-06-30
AROC,"Archrock, Inc.",Energy,Oil & Gas Equipment & Services,0.6604995374653099,0.7659574468085106,0.8251618871415356,0.7536231884057971,0.7391304347826086,0.7391304347826086,0.0869565217391304,0.7505396238051188,0.5797101449275363,4,2026-07-01T053352Z,2026-07-01T07:57:04.761328+00:00,2026-06-30
ARQT,"Arcutis Biotherapeutics, Inc.",Healthcare,Biotechnology,0.7493061979648473,0.0795559666975023,0.486586493987049,0.391304347826087,0.9629629629629628,0.3793103448275862,0.5345911949685535,0.4384828862164662,0.5670422126462974,4,2026-07-01T053352Z,2026-07-01T07:57:04.761328+00:00,2026-06-30
ARW,"Arrow Electronics, Inc.",Technology,Electronics & Computer Distribution,0.7890841813135985,0.946345975948196,0.883441258094357,0.2964601769911504,0.084070796460177,0.1106194690265486,0.7142857142857143,0.8729571384520506,0.30135903919089757,4,2026-07-01T053352Z,2026-07-01T07:57:04.761328+00:00,2026-06-30
ARWR,"Arrowhead Pharmaceuticals, Inc.",Healthcare,Biotechnology,0.9875115633672524,0.5661424606845513,0.8408880666049954,0.2236024844720497,,0.193103448275862,0.2012578616352201,0.7981806968855997,0.2059879314610439,3,2026-07-01T053352Z,2026-07-01T07:57:04.761328+00:00,2026-06-30
ASH,Ashland Inc.,Basic Materials,Specialty Chemicals,0.4912118408880666,0.3478260869565217,0.6845513413506013,0.0254237288135593,0.3220338983050847,0.6949152542372882,0.4067796610169492,0.5078630897317299,0.3622881355932203,4,2026-07-01T053352Z,2026-07-01T07:57:04.761328+00:00,2026-06-30
ASO,"Academy Sports and Outdoors, Inc.",Consumer Cyclical,Specialty Retail,0.4671600370027752,0.4495837187789084,0.1794634597594819,0.5823529411764706,0.6190476190476191,0.301775147928994,0.6352941176470588,0.3654024051803885,0.5346174564500357,4,2026-07-01T053352Z,2026-07-01T07:57:04.761328+00:00,2026-06-30
ASTS,"AST SpaceMobile, Inc.",Technology,Communication Equipment,0.902867715078631,0.883441258094357,0.5078630897317299,0.0575221238938053,0.0154867256637168,0.0154867256637168,0.0892857142857142,0.7647240209682393,0.044445322376738275,4,2026-07-01T053352Z,2026-07-01T07:57:04.761328+00:00,2026-06-30
ATEN,"A10 Networks, Inc.",Technology,Software - Infrastructure,0.7631822386679001,0.908418131359852,0.9509713228492136,0.6061946902654868,0.6814159292035398,0.5,0.2589285714285714,0.8741905642923219,0.5116347977243996,4,2026-07-01T053352Z,2026-07-01T07:57:04.761328+00:00,2026-06-30
ATI,ATI Inc.,Industrials,Metal Fabrication,0.8630897317298798,0.849213691026827,0.902867715078631,0.6888888888888889,0.4484304932735426,0.6755555555555556,0.3555555555555555,0.8717237126117793,0.5421076233183857,4,2026-07-01T053352Z,2026-07-01T07:57:04.761328+00:00,2026-06-30
ATKR,Atkore Inc.,Industrials,Electrical Equipment & Parts,0.5087881591119334,0.7493061979648473,0.5883441258094357,0.0622222222222222,0.4753363228699551,0.2844444444444444,0.4533333333333333,0.6154794942954055,0.31883408071748875,4,2026-07-01T053352Z,2026-07-01T07:57:04.761328+00:00,2026-06-30
ATMU,Atmus Filtration Technologies Inc.,Consumer Cyclical,Auto Parts,0.6234967622571693,0.217391304347826,0.2608695652173913,0.8588235294117647,0.5297619047619048,0.6035502958579881,0.2823529411764706,0.3672525439407956,0.568622167802032,4,2026-07-01T053352Z,2026-07-01T07:57:04.761328+00:00,2026-06-30
ATO,Atmos Energy Corporation,Utilities,Utilities - Regulated Gas,0.4597594819611471,0.4153561517113783,0.3126734505087881,0.9322033898305084,0.6724137931034483,0.0862068965517241,0.9152542372881356,0.3959296947271045,0.651519579193454,4,2026-07-01T053352Z,2026-07-01T07:57:04.761328+00:00,2026-06-30
ATR,"AptarGroup, Inc.",Healthcare,Medical Instruments & Supplies,0.1248843663274745,0.3043478260869565,0.337650323774283,0.7577639751552795,0.4444444444444444,0.503448275862069,0.4779874213836478,0.255627505396238,0.5459110292113601,4,2026-07-01T053352Z,2026-07-01T07:57:04.761328+00:00,2026-06-30
ATRO,Astronics Corporation,Industrials,Aerospace & Defense,0.927844588344126,0.8815911193339501,0.9111933395004626,0.5466666666666666,0.852017937219731,0.2044444444444444,0.1022222222222222,0.9068763490595129,0.42633781763826606,4,2026-07-01T053352Z,2026-07-01T07:57:04.761328+00:00,2026-06-30
AU,AngloGold Ashanti plc,Basic Materials,Gold,0.9093432007400556,0.5411655874190564,0.2062904717853839,0.9915254237288136,0.9491525423728814,0.9915254237288136,0.7796610169491526,0.5522664199814986,0.9279661016949153,4,2026-07-01T053352Z,2026-07-01T07:57:04.761328+00:00,2026-06-30
AUR,"Aurora Innovation, Inc.",Consumer Cyclical,Auto Parts,0.6882516188714154,0.935245143385754,0.8270120259019427,0.0176470588235294,0.0178571428571428,0.0177514792899408,0.9882352941176472,0.8168362627197041,0.26037274377206504,4,2026-07-01T053352Z,2026-07-01T07:57:04.761328+00:00,2026-06-30
AVA,Avista Corporation,Utilities,Utilities - Diversified,0.4782608695652174,0.5559666975023126,0.4181313598519889,0.423728813559322,0.896551724137931,0.6724137931034483,0.711864406779661,0.48411964230650634,0.6761396843950905,4,2026-07-01T053352Z,2026-07-01T07:57:04.761328+00:00,2026-06-30
AVAV,"AeroVironment, Inc.",Industrials,Aerospace & Defense,0.1202590194264569,0.150786308973173,0.0134135060129509,0.0533333333333333,0.0582959641255605,0.0666666666666666,0.8266666666666667,0.09481961147086027,0.25124065769805676,4,2026-07-01T053352Z,2026-07-01T07:57:04.761328+00:00,2026-06-30
AVGO,Broadcom Inc.,Technology,Semiconductors,0.7798334875115633,0.7419056429232193,0.4283071230342276,0.8716814159292036,0.5,0.9690265486725664,0.2544642857142857,0.6500154178230034,0.6487930625790139,4,2026-07-01T053352Z,2026-07-01T07:57:04.761328+00:00,2026-06-30
AVNT,Avient Corporation,Basic Materials,Specialty Chemicals,0.42368177613321,0.5883441258094357,0.4967622571692877,0.2711864406779661,0.5423728813559322,0.5423728813559322,0.4576271186440678,0.5029293863706444,0.4533898305084746,4,2026-07-01T053352Z,2026-07-01T07:57:04.761328+00:00,2026-06-30
AVPT,"AvePoint, Inc.",Technology,Software - Infrastructure,0.0416281221091581,0.1295097132284921,0.2164662349676225,0.5530973451327433,0.7654867256637168,0.7079646017699115,0.8973214285714286,0.12920135676842423,0.7309675252844501,4,2026-07-01T053352Z,2026-07-01T07:57:04.761328+00:00,2026-06-30
AVT,"Avnet, Inc.",Technology,Electronics & Computer Distribution,0.786308973172988,0.927844588344126,0.877890841813136,0.2345132743362832,0.2654867256637168,0.0973451327433628,0.4553571428571428,0.8640148011100833,0.2631755689001264,4,2026-07-01T053352Z,2026-07-01T07:57:04.761328+00:00,2026-06-30
AVTR,"Avantor, Inc.",Healthcare,Medical Instruments & Supplies,0.0832562442183163,0.1350601295097132,0.2451433857539315,0.3291925465838509,0.237037037037037,0.4551724137931034,0.3584905660377358,0.15448658649398697,0.3449731408629318,4,2026-07-01T053352Z,2026-07-01T07:57:04.761328+00:00,2026-06-30
AVY,Avery Dennison Corporation,Consumer Cyclical,Packaging & Containers,0.2497687326549491,0.2164662349676225,0.246068455134135,0.6352941176470588,0.4583333333333333,0.6686390532544378,0.5235294117647059,0.23743447425223552,0.5714489789998839,4,2026-07-01T053352Z,2026-07-01T07:57:04.761328+00:00,2026-06-30
AWI,"Armstrong World Industries, Inc.",Industrials,Building Products & Equipment,0.299722479185939,0.1628122109158186,0.1729879740980573,0.9422222222222222,0.820627802690583,0.7822222222222223,0.5244444444444445,0.21184088806660495,0.767379172894868,4,2026-07-01T053352Z,2026-07-01T07:57:04.761328+00:00,2026-06-30
AWK,"American Water Works Company, Inc.",Utilities,Utilities - Regulated Water,0.2479185938945421,0.3209990749306198,0.3533765032377428,0.7288135593220338,0.5172413793103449,0.1379310344827586,0.4406779661016949,0.3074313906876349,0.45616598480420806,4,2026-07-01T053352Z,2026-07-01T07:57:04.761328+00:00,2026-06-30
AWR,American States Water Company,Utilities,Utilities - Regulated Water,0.3589269195189639,0.509713228492137,0.5661424606845513,0.9661016949152542,0.9913793103448276,0.8793103448275862,0.8135593220338984,0.47826086956521735,0.9125876680303916,4,2026-07-01T053352Z,2026-07-01T07:57:04.761328+00:00,2026-06-30
AXON,"Axon Enterprise, Inc.",Industrials,Aerospace & Defense,0.0370027752081406,0.1026827012025902,0.425531914893617,0.2533333333333333,0.6367713004484304,0.1511111111111111,0.6,0.18840579710144925,0.4103039362232187,4,2026-07-01T053352Z,2026-07-01T07:57:04.761328+00:00,2026-06-30
AXTA,Axalta Coating Systems Ltd.,Basic Materials,Specialty Chemicals,0.3533765032377428,0.3098982423681776,0.5957446808510638,0.4915254237288136,0.6779661016949152,0.6440677966101694,0.1694915254237288,0.4196731421523281,0.4957627118644068,4,2026-07-01T053352Z,2026-07-01T07:57:04.761328+00:00,2026-06-30
AXTI,"AXT, Inc.",Technology,Semiconductor Equipment & Materials,0.9875115633672524,0.9875115633672524,0.9565217391304348,0.1150442477876106,0.0398230088495575,0.0486725663716814,0.6071428571428571,0.9771816219549798,0.20267067003792666,4,2026-07-01T053352Z,2026-07-01T07:57:04.761328+00:00,2026-06-30
AYI,Acuity Inc.,Industrials,Electrical Equipment & Parts,0.3320999074930619,0.156336725254394,0.6595744680851063,0.7733333333333333,0.9506726457399104,0.7688888888888888,0.7911111111111111,0.3826703669441874,0.8210014947683109,4,2026-07-01T053352Z,2026-07-01T07:57:04.761328+00:00,2026-06-30
AZO,"AutoZone, Inc.",Consumer Cyclical,Auto Parts,0.1702127659574468,0.1840888066604995,0.1683626271970398,0.8176470588235294,0.7142857142857143,0.5680473372781065,0.2411764705882353,0.17422139993832872,0.5852891452438964,4,2026-07-01T053352Z,2026-07-01T07:57:04.761328+00:00,2026-06-30
AZZ,AZZ Inc.,Industrials,Specialty Business Services,0.6975023126734505,0.7113783533765032,0.7696577243293247,0.9155555555555556,0.358744394618834,0.9733333333333334,0.6444444444444445,0.7261794634597595,0.7230194319880417,4,2026-07-01T053352Z,2026-07-01T07:57:04.761328+00:00,2026-06-30
BA,The Boeing Company,Industrials,Aerospace & Defense,0.3922294172062904,0.4958371877890842,0.3154486586493987,0.1777777777777777,0.0156950672645739,0.1111111111111111,0.5288888888888889,0.40117175454825776,0.20836821126058788,4,2026-07-01T053352Z,2026-07-01T07:57:04.761328+00:00,2026-06-30
BAH,Booz Allen Hamilton Holding Corporation,Industrials,Consulting Services,0.15263644773358,0.2867715078630897,0.0462534690101757,0.8444444444444444,0.9887892376681614,0.5377777777777778,0.0711111111111111,0.16188714153561512,0.6105306427503737,4,2026-07-01T053352Z,2026-07-01T07:57:04.761328+00:00,2026-06-30
BALL,Ball Corporation,Consumer Cyclical,Packaging & Containers,0.3061979648473635,0.4523589269195189,0.5874190564292322,0.4235294117647059,0.1071428571428571,0.3254437869822485,0.5705882352941176,0.44865864939870487,0.35667607279598224,4,2026-07-01T053352Z,2026-07-01T07:57:04.761328+00:00,2026-06-30
BAND,Bandwidth Inc.,Technology,Software - Infrastructure,0.9875115633672524,0.9875115633672524,0.9875115633672524,0.1769911504424778,0.504424778761062,0.2876106194690265,0.1607142857142857,0.9875115633672524,0.282435208596713,4,2026-07-01T053352Z,2026-07-01T07:57:04.761328+00:00,2026-06-30
BATRK,"Atlanta Braves Holdings, Inc.",Communication Services,Entertainment,0.3811285846438483,0.7298797409805735,0.7039777983348752,0.1956521739130435,0.1860465116279069,0.0333333333333333,0.2391304347826087,0.604995374653099,0.1635406134142231,4,2026-07-01T053352Z,2026-07-01T07:57:04.761328+00:00,2026-06-30
BAX,Baxter International Inc.,Healthcare,Medical Instruments & Supplies,0.0601295097132284,0.3413506012950971,0.513413506012951,0.3229813664596273,0.1925925925925926,0.4413793103448276,0.1761006289308176,0.30496453900709214,0.28326347458196627,4,2026-07-01T053352Z,2026-07-01T07:57:04.761328+00:00,2026-06-30
BBIO,"BridgeBio Pharma, Inc.",Healthcare,Biotechnology,0.7104532839962997,0.211840888066605,0.5217391304347826,0.0434782608695652,0.7925925925925926,0.0896551724137931,0.0157232704402515,0.48134443416589584,0.23536232407905058,4,2026-07-01T053352Z,2026-07-01T07:57:04.761328+00:00,2026-06-30
BBWI,"Bath & Body Works, Inc.",Consumer Cyclical,Specialty Retail,0.0925069380203515,0.4218316373728029,0.5485661424606846,0.888235294117647,0.8928571428571429,0.8106508875739645,0.0352941176470588,0.35430157261794637,0.6567593605489532,4,2026-07-01T053352Z,2026-07-01T07:57:04.761328+00:00,2026-06-30
BBY,"Best Buy Co., Inc.",Consumer Cyclical,Specialty Retail,0.5143385753931545,0.6049953746530989,0.5642923219241444,0.6294117647058823,0.9107142857142856,0.2958579881656805,0.7647058823529411,0.5612087573234659,0.6501724802346973,4,2026-07-01T053352Z,2026-07-01T07:57:04.761328+00:00,2026-06-30
BC,Brunswick Corporation,Consumer Cyclical,Recreational Vehicles,0.7409805735430157,0.5707678075855689,0.5948196114708603,0.088235294117647,0.3809523809523809,0.4615384615384615,0.4647058823529412,0.635522664199815,0.34885800474035766,4,2026-07-01T053352Z,2026-07-01T07:57:04.761328+00:00,2026-06-30
BCC,Boise Cascade Company,Basic Materials,Lumber & Wood Production,0.1618871415356151,0.2784458834412581,0.3811285846438483,0.3559322033898305,0.864406779661017,0.2203389830508474,0.6949152542372882,0.27382053654024047,0.5338983050847458,4,2026-07-01T053352Z,2026-07-01T07:57:04.761328+00:00,2026-06-30
BCO,The Brink's Company,Industrials,Security & Protection Services,0.5013876040703052,0.2099907493061979,0.1193339500462534,0.2266666666666666,0.4349775784753363,0.5911111111111111,0.0622222222222222,0.27690410114091885,0.3287443946188341,4,2026-07-01T053352Z,2026-07-01T07:57:04.761328+00:00,2026-06-30
BCPC,Balchem Corporation,Basic Materials,Specialty Chemicals,0.3154486586493987,0.3792784458834413,0.4209065679925994,0.8135593220338984,0.6610169491525424,0.847457627118644,0.8135593220338984,0.37187789084181316,0.7838983050847458,4,2026-07-01T053352Z,2026-07-01T07:57:04.761328+00:00,2026-06-30
BCRX,"BioCryst Pharmaceuticals, Inc.",Healthcare,Drug Manufacturers - Specialty & Generic,0.2802960222016651,0.6466234967622572,0.7622571692876966,0.0186335403726708,0.9888888888888888,0.9655172413793104,0.0157232704402515,0.563058896083873,0.49719073527028035,4,2026-07-01T053352Z,2026-07-01T07:57:04.761328+00:00,2026-06-30
BDC,Belden Inc.,Technology,Communication Equipment,0.242368177613321,0.2266419981498612,0.3320999074930619,0.5796460176991151,0.5088495575221239,0.1946902654867256,0.21875,0.26703669441874806,0.37548396017699115,4,2026-07-01T053352Z,2026-07-01T07:57:04.761328+00:00,2026-06-30
BDX,"Becton, Dickinson and Company",Healthcare,Medical Instruments & Supplies,0.4375578168362627,0.3228492136910268,0.3219241443108233,0.4906832298136646,0.2592592592592592,0.6068965517241379,0.3270440251572327,0.36077705827937095,0.42097076648857357,4,2026-07-01T053352Z,2026-07-01T07:57:04.761328+00:00,2026-06-30
BE,Bloom Energy Corporation,Industrials,Electrical Equipment & Parts,0.9875115633672524,0.9875115633672524,0.9648473635522664,0.1244444444444444,0.2690582959641255,0.56,0.0533333333333333,0.9799568300955904,0.25170901843547583,4,2026-07-01T053352Z,2026-07-01T07:57:04.761328+00:00,2026-06-30
BEAM,Beam Therapeutics Inc.,Healthcare,Biotechnology,0.851063829787234,0.6549491211840888,0.757631822386679,0.3354037267080745,,0.0482758620689655,0.6352201257861635,0.7545482577860007,0.3396332381877345,3,2026-07-01T053352Z,2026-07-01T07:57:04.761328+00:00,2026-06-30
BELFB,Bel Fuse Inc.,Technology,Electronic Components,0.9444958371877892,0.8741905642923219,0.9324699352451434,0.5221238938053098,0.4823008849557522,0.3230088495575221,0.4419642857142857,0.9170521122417514,0.4423494785082175,4,2026-07-01T053352Z,2026-07-01T07:57:04.761328+00:00,2026-06-30
BEPC,Brookfield Renewable Corporation,Utilities,Utilities - Renewable,0.5911193339500462,0.4569842738205365,0.2543940795559667,0.0254237288135593,0.0689655172413793,0.3793103448275862,0.8983050847457628,0.4341658957755165,0.3430011689070719,4,2026-07-01T053352Z,2026-07-01T07:57:04.761328+00:00,2026-06-30
BF-B,Brown-Forman Corporation,Consumer Defensive,Beverages - Wineries & Distilleries,0.3182238667900092,0.3718778908418131,0.3145235892691952,0.6666666666666666,0.4090909090909091,0.9090909090909092,0.6212121212121212,0.3348751156336725,0.6515151515151515,4,2026-07-01T053352Z,2026-07-01T07:57:04.761328+00:00,2026-06-30
BFAM,Bright Horizons Family Solutions Inc.,Consumer Cyclical,Personal Services,0.0314523589269195,0.0134135060129509,0.0897317298797409,0.4588235294117647,0.2083333333333333,0.6627218934911243,0.3823529411764705,0.04486586493987044,0.42805792435317325,4,2026-07-01T053352Z,2026-07-01T07:57:04.761328+00:00,2026-06-30
BFLY,"Butterfly Network, Inc.",Healthcare,Medical Devices,0.908418131359852,0.6632747456059205,0.9875115633672524,0.1614906832298136,0.2074074074074074,0.1517241379310344,0.7987421383647799,0.853068146777675,0.3298410917332588,4,2026-07-01T053352Z,2026-07-01T07:57:04.761328+00:00,2026-06-30
BG,Bunge Global SA,Consumer Defensive,Farm Products,0.755781683626272,0.8011100832562442,0.3256244218316373,0.1818181818181818,0.0227272727272727,0.0227272727272727,0.5454545454545454,0.6275053962380511,0.19318181818181815,4,2026-07-01T053352Z,2026-07-01T07:57:04.761328+00:00,2026-06-30
BHE,"Benchmark Electronics, Inc.",Technology,Electronic Components,0.8908418131359852,0.9481961147086032,0.9518963922294172,0.2389380530973451,0.1061946902654867,0.1460176991150442,0.6339285714285714,0.9303114400246685,0.2812697534766119,4,2026-07-01T053352Z,2026-07-01T07:57:04.761328+00:00,2026-06-30
BHVN,Biohaven Ltd.,Healthcare,Biotechnology,0.1480111008325624,0.3654024051803885,0.788159111933395,0.0186335403726708,,,0.1069182389937107,0.4338575393154486,0.06277588968319076,2,2026-07-01T053352Z,2026-07-01T07:57:04.761328+00:00,2026-06-30
BIIB,Biogen Inc.,Healthcare,Drug Manufacturers - General,0.7456059204440333,0.5615171137835338,0.7280296022201665,0.6459627329192547,0.3851851851851852,0.8344827586206897,0.5849056603773585,0.6783842121492446,0.612634084275622,4,2026-07-01T053352Z,2026-07-01T07:57:04.761328+00:00,2026-06-30
BILL,"BILL Holdings, Inc.",Technology,Software - Application,0.1692876965772433,0.0388529139685476,0.0878815911193339,0.1902654867256637,0.0973451327433628,0.6061946902654868,0.5401785714285714,0.09867406722170825,0.3584959702907712,4,2026-07-01T053352Z,2026-07-01T07:57:04.761328+00:00,2026-06-30
BIO,"Bio-Rad Laboratories, Inc.",Healthcare,Medical Devices,0.6012950971322849,0.429232192414431,0.333950046253469,0.453416149068323,0.074074074074074,0.6137931034482759,0.6855345911949685,0.4548257786000616,0.45670447944641035,4,2026-07-01T053352Z,2026-07-01T07:57:04.761328+00:00,2026-06-30
BIPC,Brookfield Infrastructure Corporation,Utilities,Utilities - Regulated Gas,0.3561517113783534,0.2580943570767807,0.1813135985198889,0.0508474576271186,0.6206896551724138,0.9913793103448276,0.0847457627118644,0.265186555658341,0.4369155464640561,4,2026-07-01T053352Z,2026-07-01T07:57:04.761328+00:00,2026-06-30
BJ,"BJ's Wholesale Club Holdings, Inc.",Consumer Defensive,Discount Stores,0.1230342275670675,0.2497687326549491,0.2220166512488436,0.5151515151515151,0.803030303030303,0.0909090909090909,0.5151515151515151,0.19827320382362004,0.481060606060606,4,2026-07-01T053352Z,2026-07-01T07:57:04.761328+00:00,2026-06-30
BKD,Brookdale Senior Living Inc.,Healthcare,Medical Care Facilities,0.8270120259019427,0.6623496762257169,0.81313598519889,0.3416149068322981,0.1037037037037037,0.2275862068965517,0.0314465408805031,0.7674992291088499,0.17608783957826415,4,2026-07-01T053352Z,2026-07-01T07:57:04.761328+00:00,2026-06-30
BKE,"The Buckle, Inc.",Consumer Cyclical,Apparel Retail,0.4125809435707678,0.244218316373728,0.1036077705827937,0.9705882352941176,0.9047619047619048,0.8816568047337278,0.5823529411764706,0.2534690101757632,0.8348399714915552,4,2026-07-01T053352Z,2026-07-01T07:57:04.761328+00:00,2026-06-30
BKH,Black Hills Corporation,Utilities,Utilities - Regulated Gas,0.6466234967622572,0.5050878815911193,0.4819611470860314,0.559322033898305,0.293103448275862,0.4655172413793103,0.576271186440678,0.5445575084798026,0.4735534774985388,4,2026-07-01T053352Z,2026-07-01T07:57:04.761328+00:00,2026-06-30
BKNG,Booking Holdings Inc.,Consumer Cyclical,Travel Services,0.1174838112858464,0.1054579093432007,0.2405180388529139,0.9647058823529412,,0.9881656804733728,0.1588235294117647,0.154486586493987,0.7038983640793596,3,2026-07-01T053352Z,2026-07-01T07:57:04.761328+00:00,2026-06-30
BKR,Baker Hughes Company,Energy,Oil & Gas Equipment & Services,0.7974098057354302,0.8103607770582794,0.3441258094357077,0.6666666666666666,0.6811594202898551,0.5072463768115942,0.4057971014492754,0.6506321307431392,0.5652173913043479,4,2026-07-01T053352Z,2026-07-01T07:57:04.761328+00:00,2026-06-30
BLD,TopBuild Corp.,Industrials,Engineering & Construction,0.6059204440333025,0.335800185013876,0.1063829787234042,0.6355555555555555,0.600896860986547,0.7155555555555555,0.1511111111111111,0.3493678692568609,0.5257797708021923,4,2026-07-01T053352Z,2026-07-01T07:57:04.761328+00:00,2026-06-30
BLDR,"Builders FirstSource, Inc.",Industrials,Building Products & Equipment,0.0712303422756706,0.0749306197964847,0.1628122109158186,0.2311111111111111,0.874439461883408,0.3422222222222222,0.1422222222222222,0.10299105766265797,0.3974987543597409,4,2026-07-01T053352Z,2026-07-01T07:57:04.761328+00:00,2026-06-30
BMI,"Badger Meter, Inc.",Technology,Scientific & Technical Instruments,0.0296022201665124,0.0499537465309898,0.2414431082331175,0.8230088495575221,0.6902654867256637,0.5663716814159292,,0.1069996916435399,0.6932153392330384,3,2026-07-01T053352Z,2026-07-01T07:57:04.761328+00:00,2026-06-30
BMRN,BioMarin Pharmaceutical Inc.,Healthcare,Biotechnology,0.3580018501387604,0.3172987974098057,0.3820536540240518,0.5403726708074534,0.5111111111111111,0.8413793103448276,0.6415094339622641,0.3524514338575393,0.6335931315564141,4,2026-07-01T053352Z,2026-07-01T07:57:04.761328+00:00,2026-06-30
BMY,Bristol-Myers Squibb Company,Healthcare,Drug Manufacturers - General,0.6096207215541165,0.5013876040703052,0.4976873265494912,0.782608695652174,0.6814814814814815,0.8620689655172413,0.1383647798742138,0.536231884057971,0.6161309806312777,4,2026-07-01T053352Z,2026-07-01T07:57:04.761328+00:00,2026-06-30
BOOT,"Boot Barn Holdings, Inc.",Consumer Cyclical,Apparel Retail,0.4162812210915819,0.2562442183163737,0.217391304347826,0.6941176470588235,0.5714285714285714,0.4142011834319526,0.7,0.29663891458526054,0.5949368504798369,4,2026-07-01T053352Z,2026-07-01T07:57:04.761328+00:00,2026-06-30
BOX,"Box, Inc.",Technology,Software - Infrastructure,0.1591119333950046,0.2349676225716928,0.2664199814986124,0.6858407079646017,0.9380530973451328,0.7699115044247787,0.2455357142857142,0.22016651248843658,0.6598352560050569,4,2026-07-01T053352Z,2026-07-01T07:57:04.761328+00:00,2026-06-30
BR,"Broadridge Financial Solutions, Inc.",Technology,Information Technology Services,0.0693802035152636,0.0434782608695652,0.0407030527289546,0.8097345132743363,0.4070796460176991,0.495575221238938,0.2276785714285714,0.051187172371261136,0.4850169879898862,4,2026-07-01T053352Z,2026-07-01T07:57:04.761328+00:00,2026-06-30
BRC,Brady Corporation,Industrials,Security & Protection Services,0.5892691951896393,0.5226641998149861,0.5689176688251619,0.8266666666666667,0.937219730941704,0.6355555555555555,0.9377777777777778,0.5602836879432624,0.8343049327354259,4,2026-07-01T053352Z,2026-07-01T07:57:04.761328+00:00,2026-06-30
BRKR,Bruker Corporation,Healthcare,Medical Devices,0.6864014801110083,0.7104532839962997,0.8704902867715079,0.4037267080745341,0.3777777777777777,0.2482758620689655,0.490566037735849,0.7557816836262718,0.38008659641428155,4,2026-07-01T053352Z,2026-07-01T07:57:04.761328+00:00,2026-06-30
BROS,Dutch Bros Inc.,Consumer Cyclical,Restaurants,0.1859389454209065,0.246068455134135,0.7770582793709528,0.2352941176470588,0.1428571428571428,0.3964497041420118,0.6058823529411764,0.40302189330866484,0.3451208293968474,4,2026-07-01T053352Z,2026-07-01T07:57:04.761328+00:00,2026-06-30
BRZE,"Braze, Inc.",Technology,Software - Application,0.2867715078630897,0.0703052728954671,0.1443108233117483,0.0398230088495575,0.827433628318584,0.247787610619469,0.7008928571428571,0.16712920135676837,0.45398427623261695,4,2026-07-01T053352Z,2026-07-01T07:57:04.761328+00:00,2026-06-30
BSX,Boston Scientific Corporation,Healthcare,Medical Devices,0.0134135060129509,0.0134135060129509,0.0134135060129509,0.7701863354037267,0.562962962962963,0.7034482758620689,0.5471698113207547,0.013413506012950901,0.6459418463873784,4,2026-07-01T053352Z,2026-07-01T07:57:04.761328+00:00,2026-06-30
BSY,"Bentley Systems, Incorporated",Technology,Software - Application,0.0592044403330249,0.1739130434782608,0.0638297872340425,0.668141592920354,0.6415929203539823,0.8672566371681416,0.2946428571428571,0.09898242368177608,0.6179085018963338,4,2026-07-01T053352Z,2026-07-01T07:57:04.761328+00:00,2026-06-30
BTSG,"BrightSpring Health Services, Inc.",Healthcare,Health Information Services,0.9296947271045328,0.8973172987974098,0.9417206290471786,0.6521739130434783,0.4148148148148148,0.3448275862068966,0.2075471698113207,0.9229108849830404,0.4048408709691276,4,2026-07-01T053352Z,2026-07-01T07:57:04.761328+00:00,2026-06-30
BTU,Peabody Energy Corporation,Energy,Thermal Coal,0.8871415356151712,0.2331174838112858,0.0730804810360777,0.1304347826086956,0.2463768115942029,0.144927536231884,0.9420289855072465,0.39777983348751156,0.3659420289855072,4,2026-07-01T053352Z,2026-07-01T07:57:04.761328+00:00,2026-06-30
BURL,"Burlington Stores, Inc.",Consumer Cyclical,Apparel Retail,0.6790009250693803,0.5753931544865865,0.4616096207215541,0.5470588235294118,0.7678571428571429,0.2366863905325443,0.2470588235294117,0.5720012334258403,0.4496652951121277,4,2026-07-01T053352Z,2026-07-01T07:57:04.761328+00:00,2026-06-30
BW,"Babcock & Wilcox Enterprises, Inc.",Industrials,Specialty Industrial Machinery,0.9875115633672524,0.9875115633672524,0.8529139685476411,0.0311111111111111,0.5515695067264574,0.0577777777777777,0.2044444444444444,0.942645698427382,0.21122571001494767,4,2026-07-01T053352Z,2026-07-01T07:57:04.761328+00:00,2026-06-30
BWA,BorgWarner Inc.,Consumer Cyclical,Auto Parts,0.8862164662349676,0.8871415356151712,0.7752081406105458,0.2411764705882353,0.2738095238095238,0.6153846153846154,0.7352941176470589,0.8495220474868947,0.46641618185735834,4,2026-07-01T053352Z,2026-07-01T07:57:04.761328+00:00,2026-06-30
BWXT,"BWX Technologies, Inc.",Industrials,Aerospace & Defense,0.6558741905642923,0.5781683626271971,0.3043478260869565,0.6755555555555556,0.3632286995515695,0.5777777777777777,0.1466666666666666,0.5127967930928153,0.44080717488789234,4,2026-07-01T053352Z,2026-07-01T07:57:04.761328+00:00,2026-06-30
BYD,Boyd Gaming Corporation,Consumer Cyclical,Resorts & Casinos,0.3709528214616096,0.3191489361702128,0.4486586493987049,0.9882352941176472,0.494047619047619,0.3609467455621302,0.4823529411764706,0.37958680234350917,0.5813956499759667,4,2026-07-01T053352Z,2026-07-01T07:57:04.761328+00:00,2026-06-30
CACI,CACI International Inc,Technology,Information Technology Services,0.4310823311748381,0.3061979648473635,0.1119333950046253,0.4823008849557522,0.0442477876106194,0.1902654867256637,0.1071428571428571,0.2830712303422756,0.2059892541087231,4,2026-07-01T053352Z,2026-07-01T07:57:04.761328+00:00,2026-06-30
CAG,"Conagra Brands, Inc.",Consumer Defensive,Packaged Foods,0.1026827012025902,0.1424606845513413,0.1184088806660499,0.106060606060606,0.0757575757575757,0.4393939393939394,0.4545454545454545,0.12118408880666047,0.2689393939393939,4,2026-07-01T053352Z,2026-07-01T07:57:04.761328+00:00,2026-06-30
CAH,"Cardinal Health, Inc.",Healthcare,Medical Distribution,0.513413506012951,0.3108233117483811,0.6901017576318224,0.5217391304347826,0.1629629629629629,0.2689655172413793,0.6477987421383647,0.5047795251310515,0.4003665881943724,4,2026-07-01T053352Z,2026-07-01T07:57:04.761328+00:00,2026-06-30
CAKE,The Cheesecake Factory Incorporated,Consumer Cyclical,Restaurants,0.3959296947271045,0.7409805735430157,0.8584643848288621,0.4647058823529412,0.7261904761904762,0.3313609467455621,0.1705882352941176,0.6651248843663274,0.4232113851457743,4,2026-07-01T053352Z,2026-07-01T07:57:04.761328+00:00,2026-06-30
CALM,"Cal-Maine Foods, Inc.",Consumer Defensive,Farm Products,0.1600370027752081,0.2664199814986124,0.2876965772432932,0.9545454545454546,0.5151515151515151,0.8939393939393939,0.9924242424242424,0.23805118717237125,0.8390151515151516,4,2026-07-01T053352Z,2026-07-01T07:57:04.761328+00:00,2026-06-30
CALX,"Calix, Inc.",Technology,Software - Infrastructure,0.1415356151711378,0.0730804810360777,0.0434782608695652,0.3584070796460177,0.9247787610619468,0.3141592920353982,0.9107142857142856,0.0860314523589269,0.6270148546144121,4,2026-07-01T053352Z,2026-07-01T07:57:04.761328+00:00,2026-06-30
CALY,Callaway Golf Company,Consumer Cyclical,Leisure,0.8353376503237743,0.7641073080481036,0.879740980573543,0.0647058823529411,0.1785714285714285,0.7159763313609467,0.8411764705882353,0.826395312981807,0.45010752821838795,4,2026-07-01T053352Z,2026-07-01T07:57:04.761328+00:00,2026-06-30
CAR,"Avis Budget Group, Inc.",Industrials,Rental & Leasing Services,0.333950046253469,0.7724329324699353,0.2257169287696577,0.0844444444444444,0.6860986547085202,0.0155555555555555,0.0155555555555555,0.4440333024976873,0.20041355256601892,4,2026-07-01T053352Z,2026-07-01T07:57:04.761328+00:00,2026-06-30
CARG,"CarGurus, Inc.",Consumer Cyclical,Auto & Truck Dealerships,0.2340425531914893,0.1073080481036077,0.3395004625346901,0.9882352941176472,0.988095238095238,0.9881656804733728,0.6235294117647059,0.22695035460992904,0.897006406112741,4,2026-07-01T053352Z,2026-07-01T07:57:04.761328+00:00,2026-06-30
CARR,Carrier Global Corporation,Industrials,Building Products & Equipment,0.2183163737280296,0.6808510638297872,0.7428307123034228,0.2933333333333333,0.2286995515695067,0.4666666666666667,0.4,0.5473327166204132,0.34717488789237666,4,2026-07-01T053352Z,2026-07-01T07:57:04.761328+00:00,2026-06-30
CART,Maplebear Inc.,Consumer Cyclical,Internet Retail,0.2257169287696577,0.2016651248843663,0.6623496762257169,0.8647058823529412,0.9523809523809524,0.9644970414201184,0.9882352941176472,0.3632439099599137,0.9424547925679148,4,2026-07-01T053352Z,2026-07-01T07:57:04.761328+00:00,2026-06-30
CASY,"Casey's General Stores, Inc.",Consumer Cyclical,Specialty Retail,0.7298797409805735,0.7816836262719704,0.7086031452358927,0.6470588235294118,0.7023809523809523,0.3076923076923077,0.6764705882352942,0.7400555041628122,0.5834006679594915,4,2026-07-01T053352Z,2026-07-01T07:57:04.761328+00:00,2026-06-30
CAT,Caterpillar Inc.,Industrials,Farm & Heavy Construction Machinery,0.9037927844588344,0.8584643848288621,0.9185938945420906,0.7511111111111111,0.5650224215246636,0.6311111111111111,0.1822222222222222,0.8936170212765958,0.5323667164922771,4,2026-07-01T053352Z,2026-07-01T07:57:04.761328+00:00,2026-06-30
CAVA,"CAVA Group, Inc.",Consumer Cyclical,Restaurants,0.3219241443108233,0.7520814061054579,0.5698427382053654,0.3764705882352941,0.3511904761904761,0.2307692307692307,0.6470588235294118,0.5479494295405488,0.4013722796811032,4,2026-07-01T053352Z,2026-07-01T07:57:04.761328+00:00,2026-06-30
CBT,Cabot Corporation,Basic Materials,Specialty Chemicals,0.4967622571692877,0.7705827937095282,0.7520814061054579,0.6949152542372882,0.6949152542372882,0.7796610169491526,0.3898305084745763,0.6731421523280913,0.6398305084745762,4,2026-07-01T053352Z,2026-07-01T07:57:04.761328+00:00,2026-06-30
CC,The Chemours Company,Basic Materials,Specialty Chemicals,0.8464384828862165,0.9361702127659576,0.6669750231267345,0.1186440677966101,0.3050847457627119,0.3559322033898305,0.0677966101694915,0.8165279062596361,0.21186440677966098,4,2026-07-01T053352Z,2026-07-01T07:57:04.761328+00:00,2026-06-30
CCC,CCC Intelligent Solutions Holdings Inc.,Technology,Software - Application,0.0134135060129509,0.0134135060129509,0.064754856614246,0.2079646017699115,0.3185840707964602,0.7035398230088495,0.2142857142857142,0.030527289546715936,0.36109355246523384,4,2026-07-01T053352Z,2026-07-01T07:57:04.761328+00:00,2026-06-30
CCK,"Crown Holdings, Inc.",Consumer Cyclical,Packaging & Containers,0.2571692876965772,0.2775208140610545,0.5550416281221091,0.4705882352941176,0.25,0.5562130177514792,0.4470588235294118,0.3632439099599136,0.4309650191437521,4,2026-07-01T053352Z,2026-07-01T07:57:04.761328+00:00,2026-06-30
CCL,Carnival Corporation Ltd.,Consumer Cyclical,Travel Services,0.3607770582793709,0.2673450508788159,0.366327474560592,0.5176470588235295,0.3035714285714285,0.7810650887573964,0.3588235294117647,0.33148319457292624,0.4902767763910298,4,2026-07-01T053352Z,2026-07-01T07:57:04.761328+00:00,2026-06-30
CDE,"Coeur Mining, Inc.",Basic Materials,Gold,0.8936170212765957,0.3987049028677151,0.1369102682701202,0.7457627118644068,0.3389830508474576,0.9661016949152542,0.9322033898305084,0.4764107308048103,0.7457627118644068,4,2026-07-01T053352Z,2026-07-01T07:57:04.761328+00:00,2026-06-30
CDNS,"Cadence Design Systems, Inc.",Technology,Software - Application,0.5541165587419057,0.6540240518038853,0.6290471785383904,0.7345132743362832,0.7610619469026548,0.7389380530973452,0.4151785714285714,0.6123959296947271,0.6624229614412136,4,2026-07-01T053352Z,2026-07-01T07:57:04.761328+00:00,2026-06-30
CDW,CDW Corporation,Technology,Information Technology Services,0.1063829787234042,0.2479185938945421,0.4320074005550416,0.5663716814159292,0.5309734513274337,0.1858407079646017,0.2633928571428571,0.26210299105766266,0.38664467446270534,4,2026-07-01T053352Z,2026-07-01T07:57:04.761328+00:00,2026-06-30
CE,Celanese Corporation,Basic Materials,Chemicals,0.2691951896392229,0.7178538390379279,0.2109158186864014,0.135593220338983,0.1864406779661017,0.6271186440677966,0.0847457627118644,0.3993216157878507,0.2584745762711864,4,2026-07-01T053352Z,2026-07-01T07:57:04.761328+00:00,2026-06-30
CECO,CECO Environmental Corp.,Industrials,Pollution & Treatment Controls,0.9185938945420906,0.6993524514338575,0.8695652173913043,0.1822222222222222,0.726457399103139,0.12,0.56,0.8291705211224175,0.39716990533134033,4,2026-07-01T053352Z,2026-07-01T07:57:04.761328+00:00,2026-06-30
CEG,Constellation Energy Corporation,Utilities,Utilities - Independent Power Producers,0.2414431082331175,0.1369102682701202,0.0740055504162812,0.9915254237288136,0.4827586206896552,0.8620689655172413,0.9661016949152542,0.15078630897317297,0.8256136762127411,4,2026-07-01T053352Z,2026-07-01T07:57:04.761328+00:00,2026-06-30
CENTA,Central Garden & Pet Company,Consumer Defensive,Packaged Foods,0.3996299722479186,0.6299722479185939,0.723404255319149,0.3787878787878788,0.3787878787878788,0.5151515151515151,0.4696969696969697,0.5843354918285538,0.4356060606060606,4,2026-07-01T053352Z,2026-07-01T07:57:04.761328+00:00,2026-06-30
CENX,Century Aluminum Company,Basic Materials,Aluminum,0.96577243293247,0.8991674375578168,0.3487511563367252,0.9322033898305084,0.3728813559322034,0.288135593220339,0.6271186440677966,0.7378970089423373,0.5550847457627119,4,2026-07-01T053352Z,2026-07-01T07:57:04.761328+00:00,2026-06-30
CF,"CF Industries Holdings, Inc.",Basic Materials,Agricultural Inputs,0.5837187789084182,0.8307123034227567,0.5226641998149861,0.8983050847457628,0.5932203389830508,0.8983050847457628,0.5932203389830508,0.6456984273820536,0.7457627118644068,4,2026-07-01T053352Z,2026-07-01T07:57:04.761328+00:00,2026-06-30
CGNX,Cognex Corporation,Technology,Scientific & Technical Instruments,0.8788159111933395,0.9333950046253467,0.8954671600370028,0.6106194690265486,0.6371681415929203,0.6902654867256637,0.8348214285714286,0.902559358618563,0.6932186314791403,4,2026-07-01T053352Z,2026-07-01T07:57:04.761328+00:00,2026-06-30
CGON,"CG Oncology, Inc.",Healthcare,Biotechnology,0.912118408880666,0.8788159111933395,0.8242368177613321,0.217391304347826,0.0185185185185185,0.0172413793103448,0.9433962264150944,0.8717237126117792,0.2991368571479459,4,2026-07-01T053352Z,2026-07-01T07:57:04.761328+00:00,2026-06-30
CHD,"Church & Dwight Co., Inc.",Consumer Defensive,Household & Personal Products,0.3459759481961147,0.5929694727104533,0.4477335800185014,0.6060606060606061,0.4393939393939394,0.8181818181818182,0.7575757575757576,0.4622263336416898,0.6553030303030303,4,2026-07-01T053352Z,2026-07-01T07:57:04.761328+00:00,2026-06-30
CHDN,Churchill Downs Incorporated,Consumer Cyclical,Gambling,0.2099907493061979,0.0962072155411655,0.2201665124884366,0.4941176470588235,0.1011904761904761,0.8224852071005917,0.1647058823529411,0.17545482577860003,0.3956248031757081,4,2026-07-01T053352Z,2026-07-01T07:57:04.761328+00:00,2026-06-30
CHE,Chemed Corporation,Healthcare,Medical Care Facilities,0.1341350601295097,0.3681776133209991,0.5050878815911193,0.9316770186335404,0.837037037037037,0.6620689655172414,0.660377358490566,0.33580018501387604,0.7727900949195962,4,2026-07-01T053352Z,2026-07-01T07:57:04.761328+00:00,2026-06-30
CHEF,"The Chefs' Warehouse, Inc.",Consumer Defensive,Food Distribution,0.5272895467160037,0.6854764107308048,0.8815911193339501,0.3333333333333333,0.7575757575757576,0.1818181818181818,0.2121212121212121,0.6981190255935862,0.3712121212121212,4,2026-07-01T053352Z,2026-07-01T07:57:04.761328+00:00,2026-06-30
CHH,"Choice Hotels International, Inc.",Consumer Cyclical,Lodging,0.2007400555041628,0.6114708603145236,0.4643848288621646,0.8,0.4285714285714285,0.4852071005917159,0.1470588235294117,0.42553191489361697,0.46520933817313903,4,2026-07-01T053352Z,2026-07-01T07:57:04.761328+00:00,2026-06-30
CHRD,Chord Energy Corporation,Energy,Oil & Gas E&P,0.6762257169287696,0.8464384828862165,0.4116558741905643,0.2028985507246377,0.1594202898550724,0.5507246376811594,0.9130434782608696,0.6447733580018501,0.4565217391304348,4,2026-07-01T053352Z,2026-07-01T07:57:04.761328+00:00,2026-06-30
CHRW,"C.H. Robinson Worldwide, Inc.",Industrials,Integrated Freight & Logistics,0.8297872340425532,0.5337650323774283,0.6234967622571693,0.8311111111111111,0.672645739910314,0.28,0.4666666666666667,0.6623496762257169,0.5626058794220229,4,2026-07-01T053352Z,2026-07-01T07:57:04.761328+00:00,2026-06-30
CHTR,"Charter Communications, Inc.",Communication Services,Telecom Services,0.0134135060129509,0.0527289546716003,0.0286771507863089,0.4782608695652174,0.4651162790697674,0.3555555555555555,0.1739130434782608,0.031606537156953364,0.36821143691720026,4,2026-07-01T053352Z,2026-07-01T07:57:04.761328+00:00,2026-06-30
CHWY,"Chewy, Inc.",Consumer Cyclical,Internet Retail,0.032377428307123,0.0518038852913968,0.0134135060129509,0.611764705882353,0.988095238095238,0.3372781065088757,0.9176470588235294,0.0325316065371569,0.7136962773274991,4,2026-07-01T053352Z,2026-07-01T07:57:04.761328+00:00,2026-06-30
CI,The Cigna Group,Healthcare,Healthcare Plans,0.2053654024051804,0.4014801110083256,0.3172987974098057,0.5900621118012422,0.1481481481481481,0.3103448275862069,0.6163522012578616,0.3080481036077706,0.4162268221983647,4,2026-07-01T053352Z,2026-07-01T07:57:04.761328+00:00,2026-06-30
CIEN,Ciena Corporation,Technology,Communication Equipment,0.9875115633672524,0.9875115633672524,0.9093432007400556,0.6238938053097345,0.7300884955752213,0.4203539823008849,0.3973214285714285,0.9614554424915202,0.5429144279393173,4,2026-07-01T053352Z,2026-07-01T07:57:04.761328+00:00,2026-06-30
CIFR,Cipher Digital Inc.,Technology,Information Technology Services,0.9875115633672524,0.8751156336725254,0.8519888991674376,0.0154867256637168,0.0154867256637168,0.0154867256637168,0.015625,0.9048720320690719,0.015521294247787601,4,2026-07-01T053352Z,2026-07-01T07:57:04.761328+00:00,2026-06-30
CL,Colgate-Palmolive Company,Consumer Defensive,Household & Personal Products,0.3617021276595745,0.6179463459759482,0.5198889916743756,0.803030303030303,0.9696969696969696,0.8636363636363636,0.2575757575757575,0.4998458217699661,0.7234848484848484,4,2026-07-01T053352Z,2026-07-01T07:57:04.761328+00:00,2026-06-30
CLF,Cleveland-Cliffs Inc.,Basic Materials,Steel,0.8223866790009251,0.3570767807585568,0.0841813135985199,0.1016949152542373,0.0254237288135593,0.0847457627118644,0.2372881355932203,0.4212149244526673,0.11228813559322032,4,2026-07-01T053352Z,2026-07-01T07:57:04.761328+00:00,2026-06-30
CLH,"Clean Harbors, Inc.",Industrials,Waste Management,0.543940795559667,0.6456984273820536,0.6086956521739131,0.4533333333333333,0.6412556053811659,0.4533333333333333,0.24,0.599444958371878,0.4469805680119581,4,2026-07-01T053352Z,2026-07-01T07:57:04.761328+00:00,2026-06-30
CLMT,"Calumet, Inc.",Basic Materials,Specialty Chemicals,0.9000925069380203,0.9324699352451434,0.8667900092506938,0.0677966101694915,0.1694915254237288,0.1864406779661017,0.0254237288135593,0.8997841504779526,0.11228813559322033,4,2026-07-01T053352Z,2026-07-01T07:57:04.761328+00:00,2026-06-30
CLOV,"Clover Health Investments, Corp.",Healthcare,Healthcare Plans,0.700277520814061,0.8899167437557817,0.967622571692877,0.2919254658385093,0.9037037037037036,0.2896551724137931,0.9371069182389936,0.8526056120875732,0.60559781504875,4,2026-07-01T053352Z,2026-07-01T07:57:04.761328+00:00,2026-06-30
CLX,The Clorox Company,Consumer Defensive,Household & Personal Products,0.1554116558741905,0.2886216466234967,0.1905642923219241,0.7878787878787878,0.7121212121212122,0.3333333333333333,0.0454545454545454,0.2115325316065371,0.46969696969696967,4,2026-07-01T053352Z,2026-07-01T07:57:04.761328+00:00,2026-06-30
CMC,Commercial Metals Company,Industrials,Metal Fabrication,0.7391304347826086,0.5124884366327475,0.2183163737280296,0.5377777777777778,0.3049327354260089,0.2577777777777778,0.3733333333333333,0.4899784150477952,0.36845540607872446,4,2026-07-01T053352Z,2026-07-01T07:57:04.761328+00:00,2026-06-30
CMCSA,Comcast Corporation,Communication Services,Telecom Services,0.150786308973173,0.2608695652173913,0.1840888066604995,0.782608695652174,0.6511627906976745,0.5333333333333333,0.4130434782608695,0.19858156028368792,0.5950370744860128,4,2026-07-01T053352Z,2026-07-01T07:57:04.761328+00:00,2026-06-30
CMG,"Chipotle Mexican Grill, Inc.",Consumer Cyclical,Restaurants,0.0453283996299722,0.1776133209990749,0.2590194264569843,0.9176470588235294,0.5416666666666666,0.7988165680473372,0.2588235294117647,0.16065371569534379,0.6292384557373245,4,2026-07-01T053352Z,2026-07-01T07:57:04.761328+00:00,2026-06-30
CMI,Cummins Inc.,Industrials,Specialty Industrial Machinery,0.8621646623496763,0.7280296022201665,0.7955596669750231,0.6622222222222223,0.6322869955156951,0.4844444444444444,0.6622222222222223,0.7952513105149553,0.610293971101146,4,2026-07-01T053352Z,2026-07-01T07:57:04.761328+00:00,2026-06-30
CMS,CMS Energy Corporation,Utilities,Utilities - Regulated Electric,0.3977798334875115,0.4690101757631822,0.429232192414431,0.6271186440677966,0.5,0.1724137931034483,0.2711864406779661,0.4320074005550416,0.3926797194623028,4,2026-07-01T053352Z,2026-07-01T07:57:04.761328+00:00,2026-06-30
CNC,Centene Corporation,Healthcare,Healthcare Plans,0.4227567067530065,0.8344125809435707,0.8963922294172063,0.3105590062111801,0.2444444444444444,0.3655172413793103,0.610062893081761,0.7178538390379279,0.38264589627917395,4,2026-07-01T053352Z,2026-07-01T07:57:04.761328+00:00,2026-06-30
CNK,"Cinemark Holdings, Inc.",Communication Services,Entertainment,0.272895467160037,0.7132284921369103,0.6604995374653099,0.5217391304347826,0.8372093023255814,0.3777777777777777,0.108695652173913,0.5488744989207524,0.4613554656780137,4,2026-07-01T053352Z,2026-07-01T07:57:04.761328+00:00,2026-06-30
CNM,"Core & Main, Inc.",Industrials,Industrial Distribution,0.1729879740980573,0.2617946345975948,0.2284921369102682,0.6044444444444445,0.8116591928251121,0.4888888888888889,0.2711111111111111,0.22109158186864009,0.5440259093173891,4,2026-07-01T053352Z,2026-07-01T07:57:04.761328+00:00,2026-06-30
CNP,"CenterPoint Energy, Inc.",Utilities,Utilities - Regulated Electric,0.5106382978723404,0.5772432932469935,0.5069380203515264,0.3559322033898305,0.5517241379310345,0.1206896551724138,0.1186440677966101,0.5316065371569534,0.2867475160724722,4,2026-07-01T053352Z,2026-07-01T07:57:04.761328+00:00,2026-06-30
CNR,"Core Natural Resources, Inc.",Energy,Thermal Coal,0.6225716928769658,0.3866790009250694,0.1859389454209065,0.1739130434782608,0.0217391304347826,0.3623188405797101,0.9565217391304348,0.39839654640764727,0.37862318840579706,4,2026-07-01T053352Z,2026-07-01T07:57:04.761328+00:00,2026-06-30
CNX,CNX Resources Corporation,Energy,Oil & Gas E&P,0.3209990749306198,0.2645698427382054,0.2146160962072155,0.9565217391304348,0.5797101449275363,0.8695652173913043,0.4927536231884058,0.26672833795868023,0.7246376811594203,4,2026-07-01T053352Z,2026-07-01T07:57:04.761328+00:00,2026-06-30
COCO,"The Vita Coco Company, Inc.",Consumer Defensive,Beverages - Non-Alcoholic,0.8815911193339501,0.8029602220166513,0.700277520814061,0.9242424242424242,0.7727272727272727,0.5909090909090909,0.9545454545454546,0.7949429540548875,0.8106060606060606,4,2026-07-01T053352Z,2026-07-01T07:57:04.761328+00:00,2026-06-30
COGT,"Cogent Biosciences, Inc.",Healthcare,Biotechnology,0.9875115633672524,0.2386679000925069,0.7150786308973173,0.1118012422360248,,,0.4968553459119497,0.6470860314523589,0.30432829407398726,2,2026-07-01T053352Z,2026-07-01T07:57:04.761328+00:00,2026-06-30
COHR,Coherent Corp.,Technology,Scientific & Technical Instruments,0.9740980573543015,0.9435707678075856,0.9481961147086032,0.331858407079646,0.1460176991150442,0.0575221238938053,0.5089285714285714,0.9552883132901635,0.2610817003792667,4,2026-07-01T053352Z,2026-07-01T07:57:04.761328+00:00,2026-06-30
COHU,"Cohu, Inc.",Technology,Semiconductor Equipment & Materials,0.9361702127659576,0.971322849213691,0.9875115633672524,0.0884955752212389,0.1725663716814159,0.2699115044247787,0.3794642857142857,0.9650015417823004,0.2276094342604298,4,2026-07-01T053352Z,2026-07-01T07:57:04.761328+00:00,2026-06-30
COKE,"Coca-Cola Consolidated, Inc.",Consumer Defensive,Beverages - Non-Alcoholic,0.7520814061054579,0.5235892691951897,0.6364477335800185,0.8787878787878788,0.9393939393939394,0.5,0.0606060606060606,0.637372802960222,0.5946969696969697,4,2026-07-01T053352Z,2026-07-01T07:57:04.761328+00:00,2026-06-30
COLM,Columbia Sportswear Company,Consumer Cyclical,Apparel Manufacturing,0.4190564292321924,0.6827012025901943,0.509713228492137,0.5352941176470588,0.8988095238095238,0.3905325443786982,0.8647058823529412,0.5371569534381746,0.6723355170470555,4,2026-07-01T053352Z,2026-07-01T07:57:04.761328+00:00,2026-06-30
COO,"The Cooper Companies, Inc.",Healthcare,Medical Instruments & Supplies,0.2016651248843663,0.0804810360777058,0.3061979648473635,0.4720496894409938,0.3037037037037037,0.593103448275862,0.6226415094339622,0.1961147086031452,0.49787458771363047,4,2026-07-01T053352Z,2026-07-01T07:57:04.761328+00:00,2026-06-30
COP,ConocoPhillips,Energy,Oil & Gas E&P,0.6188714153561518,0.7382053654024052,0.3274745605920444,0.5942028985507246,0.463768115942029,0.5942028985507246,0.7391304347826086,0.5615171137835339,0.5978260869565217,4,2026-07-01T053352Z,2026-07-01T07:57:04.761328+00:00,2026-06-30
COR,"Cencora, Inc.",Healthcare,Medical Distribution,0.2432932469935245,0.1304347826086956,0.15263644773358,0.5341614906832298,0.1407407407407407,0.2344827586206896,0.6729559748427673,0.17545482577860003,0.39558524122185684,4,2026-07-01T053352Z,2026-07-01T07:57:04.761328+00:00,2026-06-30
CORZ,"Core Scientific, Inc.",Technology,Software - Infrastructure,0.7678075855689177,0.9241443108233116,0.8233117483811286,0.0154867256637168,0.0154867256637168,0.0309734513274336,0.03125,0.8384212149244527,0.0232992256637168,4,2026-07-01T053352Z,2026-07-01T07:57:04.761328+00:00,2026-06-30
COST,Costco Wholesale Corporation,Consumer Defensive,Discount Stores,0.3006475485661424,0.5522664199814986,0.2923219241443108,0.7121212121212122,0.6363636363636364,0.2727272727272727,0.8939393939393939,0.38174529756398395,0.6287878787878788,4,2026-07-01T053352Z,2026-07-01T07:57:04.761328+00:00,2026-06-30
CPAY,"Corpay, Inc.",Technology,Software - Infrastructure,0.427382053654024,0.6447733580018501,0.4606845513413506,0.411504424778761,0.1327433628318584,0.7743362831858407,0.2232142857142857,0.5109466543324083,0.38544958912768645,4,2026-07-01T053352Z,2026-07-01T07:57:04.761328+00:00,2026-06-30
CPB,The Campbell's Company,Consumer Defensive,Packaged Foods,0.1073080481036077,0.1091581868640148,0.1489361702127659,0.3484848484848485,0.2272727272727272,0.4242424242424242,0.303030303030303,0.12180080172679612,0.3257575757575757,4,2026-07-01T053352Z,2026-07-01T07:57:04.761328+00:00,2026-06-30
CPNG,"Coupang, Inc.",Consumer Cyclical,Internet Retail,0.03422756706753,0.0481036077705827,0.0619796484736355,0.1176470588235294,0.8452380952380952,0.0946745562130177,0.711764705882353,0.04810360777058273,0.4423311040392488,4,2026-07-01T053352Z,2026-07-01T07:57:04.761328+00:00,2026-06-30
CPRT,"Copart, Inc.",Industrials,Specialty Business Services,0.0888066604995374,0.1702127659574468,0.0582793709528214,0.9288888888888888,0.484304932735426,0.9888888888888888,0.9688888888888888,0.10576626580326853,0.8427428998505231,4,2026-07-01T053352Z,2026-07-01T07:57:04.761328+00:00,2026-06-30
CR,Crane Company,Industrials,Specialty Industrial Machinery,0.301572617946346,0.3487511563367252,0.6864014801110083,0.6933333333333334,0.6681614349775785,0.7955555555555556,0.4933333333333333,0.4455750847980265,0.6625959142999501,4,2026-07-01T053352Z,2026-07-01T07:57:04.761328+00:00,2026-06-30
CRC,California Resources Corporation,Energy,Oil & Gas E&P,0.637372802960222,0.7844588344125809,0.2784458834412581,0.0434782608695652,0.8405797101449275,0.855072463768116,0.7246376811594203,0.566759173604687,0.6159420289855072,4,2026-07-01T053352Z,2026-07-01T07:57:04.761328+00:00,2026-06-30
CRGY,Crescent Energy Company,Energy,Oil & Gas E&P,0.6456984273820536,0.8159111933395005,0.2636447733580018,0.1014492753623188,0.9130434782608696,0.5797101449275363,0.1884057971014492,0.5750847980265187,0.44565217391304346,4,2026-07-01T053352Z,2026-07-01T07:57:04.761328+00:00,2026-06-30
CRK,"Comstock Resources, Inc.",Energy,Oil & Gas E&P,0.0134135060129509,0.0134135060129509,0.0666049953746531,0.8405797101449275,0.1739130434782608,0.072463768115942,0.2318840579710145,0.031144002466851634,0.32971014492753614,4,2026-07-01T053352Z,2026-07-01T07:57:04.761328+00:00,2026-06-30
CRL,"Charles River Laboratories International, Inc.",Healthcare,Diagnostics & Research,0.5263644773358002,0.2247918593894542,0.7715078630897317,0.3540372670807453,0.2296296296296296,0.5241379310344828,0.2515723270440251,0.507554733271662,0.3398442886972207,4,2026-07-01T053352Z,2026-07-01T07:57:04.761328+00:00,2026-06-30
CRM,"Salesforce, Inc.",Technology,Software - Application,0.0999074930619796,0.0675300647548566,0.0536540240518038,0.6194690265486725,0.5265486725663717,0.9026548672566372,0.2053571428571428,0.07369719395621334,0.563507427307206,4,2026-07-01T053352Z,2026-07-01T07:57:04.761328+00:00,2026-06-30
CRNX,"Crinetics Pharmaceuticals, Inc.",Healthcare,Biotechnology,0.5069380203515264,0.0823311748381128,0.1757631822386679,0.1055900621118012,0.0185185185185185,0.0172413793103448,0.8490566037735849,0.25501079247610237,0.24760164092856235,4,2026-07-01T053352Z,2026-07-01T07:57:04.761328+00:00,2026-06-30
CROX,"Crocs, Inc.",Consumer Cyclical,Footwear & Accessories,0.4727104532839963,0.7548566142460684,0.8057354301572618,0.0941176470588235,0.8273809523809523,0.8461538461538461,0.5529411764705883,0.6777674992291088,0.5801484055160526,4,2026-07-01T053352Z,2026-07-01T07:57:04.761328+00:00,2026-06-30
CRS,Carpenter Technology Corporation,Industrials,Metal Fabrication,0.7964847363552267,0.8038852913968547,0.9435707678075856,0.8888888888888888,0.6233183856502242,0.7466666666666667,0.7644444444444445,0.8479802651865557,0.7558295964125561,4,2026-07-01T053352Z,2026-07-01T07:57:04.761328+00:00,2026-06-30
CRUS,"Cirrus Logic, Inc.",Technology,Semiconductors,0.7641073080481036,0.8048103607770583,0.4634597594819611,0.8628318584070797,0.7566371681415929,0.8716814159292036,0.7366071428571429,0.677459142769041,0.8069393963337548,4,2026-07-01T053352Z,2026-07-01T07:57:04.761328+00:00,2026-06-30
CRWD,"CrowdStrike Holdings, Inc.",Technology,Software - Infrastructure,0.6197964847363552,0.7798334875115633,0.8732654949121184,0.1814159292035398,0.6061946902654868,0.7920353982300885,0.7053571428571429,0.757631822386679,0.5712507901390644,4,2026-07-01T053352Z,2026-07-01T07:57:04.761328+00:00,2026-06-30
CSCO,"Cisco Systems, Inc.",Technology,Communication Equipment,0.8140610545790934,0.876040703052729,0.8640148011100832,0.7123893805309734,0.5442477876106194,0.5796460176991151,0.4330357142857143,0.8513721862473019,0.5673297250316056,4,2026-07-01T053352Z,2026-07-01T07:57:04.761328+00:00,2026-06-30
CSL,Carlisle Companies Incorporated,Industrials,Building Products & Equipment,0.2636447733580018,0.4634597594819611,0.4468085106382978,0.8355555555555556,0.7399103139013453,0.9022222222222224,0.1377777777777777,0.3913043478260869,0.6538664673642253,4,2026-07-01T053352Z,2026-07-01T07:57:04.761328+00:00,2026-06-30
CSX,CSX Corporation,Industrials,Railroads,0.6716003700277521,0.7197039777983348,0.7113783533765032,0.5955555555555555,0.1255605381165919,0.7511111111111111,0.1955555555555555,0.7008942337341967,0.4169456900847035,4,2026-07-01T053352Z,2026-07-01T07:57:04.761328+00:00,2026-06-30
CTAS,Cintas Corporation,Industrials,Specialty Business Services,0.1498612395929695,0.2405180388529139,0.2072155411655874,0.9888888888888888,0.968609865470852,0.84,0.5333333333333333,0.19919827320382358,0.8327080219232685,4,2026-07-01T053352Z,2026-07-01T07:57:04.761328+00:00,2026-06-30
CTOS,"Custom Truck One Source, Inc.",Industrials,Rental & Leasing Services,0.8362627197039778,0.8936170212765957,0.937095282146161,0.1066666666666666,0.147982062780269,0.0711111111111111,0.0444444444444444,0.8889916743755782,0.09255107125062279,4,2026-07-01T053352Z,2026-07-01T07:57:04.761328+00:00,2026-06-30
CTRI,"Centuri Holdings, Inc.",Utilities,Utilities - Regulated Gas,0.6688251618871416,0.667900092506938,0.5365402405180388,0.1525423728813559,0.7586206896551724,0.7413793103448276,0.6949152542372882,0.6244218316373727,0.586864406779661,4,2026-07-01T053352Z,2026-07-01T07:57:04.761328+00:00,2026-06-30
CTSH,Cognizant Technology Solutions Corporation,Technology,Information Technology Services,0.1119333950046253,0.036077705827937,0.0134135060129509,0.7522123893805309,0.6194690265486725,0.336283185840708,0.7410714285714286,0.05380820228183774,0.612259007585335,4,2026-07-01T053352Z,2026-07-01T07:57:04.761328+00:00,2026-06-30
CTVA,"Corteva, Inc.",Basic Materials,Agricultural Inputs,0.3802035152636447,0.6382978723404256,0.6493987049028677,0.3050847457627119,0.6101694915254238,0.7457627118644068,0.8983050847457628,0.5559666975023126,0.6398305084745763,4,2026-07-01T053352Z,2026-07-01T07:57:04.761328+00:00,2026-06-30
CVI,"CVR Energy, Inc.",Energy,Oil & Gas Refining & Marketing,0.5513413506012951,0.7465309898242368,0.1776133209990749,0.1594202898550724,0.3043478260869565,0.2028985507246377,0.1594202898550724,0.4918285538082023,0.20652173913043473,4,2026-07-01T053352Z,2026-07-01T07:57:04.761328+00:00,2026-06-30
CVLT,"Commvault Systems, Inc.",Technology,Software - Application,0.0897317298797409,0.2691951896392229,0.6817761332099908,0.3672566371681416,0.8451327433628318,0.5973451327433629,0.0982142857142857,0.34690101757631825,0.4769871997471554,4,2026-07-01T053352Z,2026-07-01T07:57:04.761328+00:00,2026-06-30
CVNA,Carvana Co.,Consumer Cyclical,Auto & Truck Dealerships,0.4643848288621646,0.1683626271970398,0.1822386679000925,0.7647058823529411,0.5476190476190477,0.2544378698224852,0.5411764705882353,0.2716620413197656,0.5269848175956773,4,2026-07-01T053352Z,2026-07-01T07:57:04.761328+00:00,2026-06-30
CVS,CVS Health Corporation,Healthcare,Healthcare Plans,0.6577243293246994,0.637372802960222,0.7909343200740055,0.4285714285714285,0.3111111111111111,0.2758620689655172,0.3962264150943396,0.6953438174529757,0.3529427559355991,4,2026-07-01T053352Z,2026-07-01T07:57:04.761328+00:00,2026-06-30
CVSA,Covista Inc.,Consumer Defensive,Education & Training Services,0.2469935245143385,0.5901942645698427,0.4838112858464385,0.6515151515151515,0.5606060606060606,0.8484848484848485,0.7121212121212122,0.44033302497687327,0.6931818181818181,4,2026-07-01T053352Z,2026-07-01T07:57:04.761328+00:00,2026-06-30
CVX,Chevron Corporation,Energy,Oil & Gas Integrated,0.6299722479185939,0.7169287696577243,0.2886216466234967,0.4057971014492754,0.7536231884057971,0.4782608695652174,0.8695652173913043,0.5451742213999383,0.6268115942028986,4,2026-07-01T053352Z,2026-07-01T07:57:04.761328+00:00,2026-06-30
CW,Curtiss-Wright Corporation,Industrials,Aerospace & Defense,0.7372802960222017,0.7678075855689177,0.6790009250693803,0.7555555555555555,0.6591928251121076,0.8488888888888889,0.7244444444444444,0.7280296022201664,0.7470204285002491,4,2026-07-01T053352Z,2026-07-01T07:57:04.761328+00:00,2026-06-30
CWAN,"Clearwater Analytics Holdings, Inc.",Technology,Software - Application,0.4283071230342276,0.4005550416281221,0.5282146160962072,0.1327433628318584,0.2123893805309734,0.5088495575221239,0.3392857142857143,0.452358926919519,0.29831700379266746,4,2026-07-01T053352Z,2026-07-01T07:57:04.761328+00:00,2026-06-30
CWEN,"Clearway Energy, Inc.",Utilities,Utilities - Renewable,0.633672525439408,0.730804810360777,0.2802960222016651,0.1016949152542373,0.1034482758620689,0.9913793103448276,0.0254237288135593,0.5482577860006167,0.30548655756867327,4,2026-07-01T053352Z,2026-07-01T07:57:04.761328+00:00,2026-06-30
CWST,"Casella Waste Systems, Inc.",Industrials,Waste Management,0.1054579093432007,0.1498612395929695,0.4569842738205365,0.1288888888888889,0.42152466367713,0.3066666666666666,0.3022222222222222,0.23743447425223554,0.2898256103637269,4,2026-07-01T053352Z,2026-07-01T07:57:04.761328+00:00,2026-06-30
CWT,California Water Service Group,Utilities,Utilities - Regulated Water,0.3432007400555041,0.4727104532839963,0.5087881591119334,0.3050847457627119,0.7758620689655172,0.2241379310344827,0.9491525423728814,0.44156645081714463,0.5635593220338982,4,2026-07-01T053352Z,2026-07-01T07:57:04.761328+00:00,2026-06-30
CXT,"Crane NXT, Co.",Industrials,Specialty Industrial Machinery,0.1137835337650323,0.1452358926919519,0.3552266419981498,0.3155555555555555,0.5112107623318386,0.68,0.2177777777777777,0.20474868948504465,0.4311360239162929,4,2026-07-01T053352Z,2026-07-01T07:57:04.761328+00:00,2026-06-30
CXW,"CoreCivic, Inc.",Industrials,Security & Protection Services,0.3395004625346901,0.547641073080481,0.908418131359852,0.32,0.2914798206278027,0.1644444444444444,0.2266666666666666,0.5985198889916744,0.2506477329347284,4,2026-07-01T053352Z,2026-07-01T07:57:04.761328+00:00,2026-06-30
CYTK,"Cytokinetics, Incorporated",Healthcare,Biotechnology,0.9074930619796484,0.6984273820536541,0.8075855689176689,0.0496894409937888,0.0185185185185185,0.0172413793103448,0.0157232704402515,0.8045020043169905,0.0252931523157259,4,2026-07-01T053352Z,2026-07-01T07:57:04.761328+00:00,2026-06-30
CZR,"Caesars Entertainment, Inc.",Consumer Cyclical,Resorts & Casinos,0.3293246993524514,0.6521739130434783,0.7160037002775208,0.1117647058823529,0.1904761904761904,0.3195266272189349,0.1058823529411764,0.5658341042244835,0.18191246912966366,4,2026-07-01T053352Z,2026-07-01T07:57:04.761328+00:00,2026-06-30
D,"Dominion Energy, Inc.",Utilities,Utilities - Regulated Electric,0.5716928769657724,0.6318223866790009,0.5679925994449584,0.4745762711864407,0.1379310344827586,0.0689655172413793,0.5254237288135594,0.5905026210299106,0.3017241379310345,4,2026-07-01T053352Z,2026-07-01T07:57:04.761328+00:00,2026-06-30
DAL,"Delta Air Lines, Inc.",Industrials,Airlines,0.7872340425531915,0.6493987049028677,0.8603145235892692,0.4711111111111111,0.3901345291479821,0.3688888888888889,0.6533333333333333,0.7656490903484428,0.4708669656203288,4,2026-07-01T053352Z,2026-07-01T07:57:04.761328+00:00,2026-06-30
DAN,Dana Incorporated,Consumer Cyclical,Auto Parts,0.877890841813136,0.845513413506013,0.2775208140610545,0.923529411764706,0.0476190476190476,0.1420118343195266,0.8,0.6669750231267345,0.4782900734258201,4,2026-07-01T053352Z,2026-07-01T07:57:04.761328+00:00,2026-06-30
DAR,Darling Ingredients Inc.,Consumer Defensive,Packaged Foods,0.7428307123034228,0.901017576318224,0.6716003700277521,0.2424242424242424,0.1212121212121212,0.4848484848484848,0.4242424242424242,0.7718162195497996,0.3181818181818181,4,2026-07-01T053352Z,2026-07-01T07:57:04.761328+00:00,2026-06-30
DASH,"DoorDash, Inc.",Consumer Cyclical,Internet Retail,0.0758556891766882,0.0462534690101757,0.2081406105457909,0.4058823529411764,0.6071428571428571,0.7928994082840237,0.9058823529411764,0.11008325624421826,0.6779517428273084,4,2026-07-01T053352Z,2026-07-01T07:57:04.761328+00:00,2026-06-30
DBD,"Diebold Nixdorf, Incorporated",Technology,Software - Application,0.7058279370952821,0.6503237742830712,0.6947271045328399,0.3274336283185841,0.3893805309734513,0.2123893805309734,0.4375,0.6836262719703977,0.3416758849557522,4,2026-07-01T053352Z,2026-07-01T07:57:04.761328+00:00,2026-06-30
DBX,"Dropbox, Inc.",Technology,Software - Infrastructure,0.2858464384828862,0.3237742830712303,0.3617021276595745,0.8584070796460177,0.9469026548672568,0.9469026548672568,0.015625,0.3237742830712303,0.6919593473451329,4,2026-07-01T053352Z,2026-07-01T07:57:04.761328+00:00,2026-06-30
DCI,"Donaldson Company, Inc.",Industrials,Specialty Industrial Machinery,0.5115633672525439,0.2395929694727104,0.3561517113783534,0.9111111111111112,0.9103139013452914,0.5955555555555555,0.7466666666666667,0.36910268270120256,0.7909118086696562,4,2026-07-01T053352Z,2026-07-01T07:57:04.761328+00:00,2026-06-30
DCO,Ducommun Incorporated,Industrials,Aerospace & Defense,0.8094357076780758,0.8843663274745606,0.9241443108233116,0.0888888888888888,0.4170403587443946,0.08,0.52,0.8726487819919827,0.27648231190832084,4,2026-07-01T053352Z,2026-07-01T07:57:04.761328+00:00,2026-06-30
DD,"DuPont de Nemours, Inc.",Basic Materials,Specialty Chemicals,0.7983348751156337,0.6651248843663274,0.45790934320074,0.2372881355932203,0.2542372881355932,0.1694915254237288,0.7288135593220338,0.6404563675609004,0.34745762711864403,4,2026-07-01T053352Z,2026-07-01T07:57:04.761328+00:00,2026-06-30
DDOG,"Datadog, Inc.",Technology,Software - Application,0.8307123034227567,0.9306197964847364,0.9472710453283996,0.2654867256637168,0.7699115044247787,0.7433628318584071,0.5446428571428571,0.902867715078631,0.5808509797724399,4,2026-07-01T053352Z,2026-07-01T07:57:04.761328+00:00,2026-06-30
DE,Deere & Company,Industrials,Farm & Heavy Construction Machinery,0.3866790009250694,0.6401480111008325,0.7021276595744681,0.3911111111111111,0.2511210762331838,0.4933333333333333,0.0666666666666666,0.57631822386679,0.30055804683607373,4,2026-07-01T053352Z,2026-07-01T07:57:04.761328+00:00,2026-06-30
DECK,Deckers Outdoor Corporation,Consumer Cyclical,Footwear & Accessories,0.4116558741905643,0.5578168362627197,0.272895467160037,0.9882352941176472,0.9583333333333334,0.9467455621301776,0.9588235294117649,0.41412272587110704,0.9630344297482307,4,2026-07-01T053352Z,2026-07-01T07:57:04.761328+00:00,2026-06-30
DELL,Dell Technologies Inc.,Technology,Computer Hardware,0.9611470860314524,0.9875115633672524,0.9875115633672524,0.6592920353982301,0.336283185840708,0.2345132743362832,0.3571428571428571,0.9787234042553191,0.3968078381795196,4,2026-07-01T053352Z,2026-07-01T07:57:04.761328+00:00,2026-06-30
DFTX,"Definium Therapeutics, Inc.",Healthcare,Biotechnology,0.967622571692877,0.937095282146161,0.9875115633672524,0.062111801242236,,,0.7421383647798742,0.9640764724020968,0.4021250830110551,2,2026-07-01T053352Z,2026-07-01T07:57:04.761328+00:00,2026-06-30
DG,Dollar General Corporation,Consumer Defensive,Discount Stores,0.3080481036077706,0.1443108233117483,0.2571692876965772,0.4090909090909091,0.5909090909090909,0.3181818181818182,0.1969696969696969,0.236509404872032,0.3787878787878788,4,2026-07-01T053352Z,2026-07-01T07:57:04.761328+00:00,2026-06-30
DGII,Digi International Inc.,Technology,Communication Equipment,0.8408880666049954,0.8538390379278445,0.91581868640148,0.4203539823008849,0.5619469026548672,0.7566371681415929,0.6160714285714286,0.87018193031144,0.5887523704171934,4,2026-07-01T053352Z,2026-07-01T07:57:04.761328+00:00,2026-06-30
DGX,Quest Diagnostics Incorporated,Healthcare,Diagnostics & Research,0.4394079555966697,0.580018501387604,0.574468085106383,0.7080745341614907,0.3333333333333333,0.5655172413793104,0.2767295597484276,0.5312981806968856,0.4709136671556405,4,2026-07-01T053352Z,2026-07-01T07:57:04.761328+00:00,2026-06-30
DHI,"D.R. Horton, Inc.",Consumer Cyclical,Residential Construction,0.4764107308048103,0.4051803885291397,0.4856614246068455,0.6705882352941176,0.3273809523809524,0.7218934911242604,0.8588235294117647,0.45575084798026516,0.6446715520527738,4,2026-07-01T053352Z,2026-07-01T07:57:04.761328+00:00,2026-06-30
DHR,Danaher Corporation,Healthcare,Diagnostics & Research,0.2525439407955596,0.1322849213691027,0.2294172062904718,0.6273291925465838,0.2222222222222222,0.7931034482758621,0.5911949685534591,0.20474868948504468,0.5584624578995318,4,2026-07-01T053352Z,2026-07-01T07:57:04.761328+00:00,2026-06-30
DINO,HF Sinclair Corporation,Energy,Oil & Gas Refining & Marketing,0.8075855689176689,0.8723404255319149,0.7474560592044404,0.7246376811594203,0.5217391304347826,0.3333333333333333,0.7681159420289855,0.809127351218008,0.5869565217391304,4,2026-07-01T053352Z,2026-07-01T07:57:04.761328+00:00,2026-06-30
DIOD,Diodes Incorporated,Technology,Semiconductors,0.8584643848288621,0.9648473635522664,0.9222941720629048,0.3628318584070796,0.2699115044247787,0.2654867256637168,0.8080357142857143,0.9152019734813445,0.42656645069532234,4,2026-07-01T053352Z,2026-07-01T07:57:04.761328+00:00,2026-06-30
DIS,The Walt Disney Company,Communication Services,Entertainment,0.1877890841813136,0.2358926919518963,0.1961147086031452,0.717391304347826,0.3488372093023256,0.3333333333333333,0.6739130434782609,0.2065988282454517,0.5183687226154364,4,2026-07-01T053352Z,2026-07-01T07:57:04.761328+00:00,2026-06-30
DK,"Delek US Holdings, Inc.",Energy,Oil & Gas Refining & Marketing,0.8880666049953746,0.8649398704902868,0.8297872340425532,0.1884057971014492,0.2028985507246377,0.3043478260869565,0.217391304347826,0.8609312365094048,0.22826086956521735,4,2026-07-01T053352Z,2026-07-01T07:57:04.761328+00:00,2026-06-30
DKNG,DraftKings Inc.,Consumer Cyclical,Gambling,0.0444033302497687,0.0573543015726179,0.1415356151711378,0.1764705882352941,0.8571428571428571,0.6568047337278107,0.4588235294117647,0.08109774899784146,0.5373104271294317,4,2026-07-01T053352Z,2026-07-01T07:57:04.761328+00:00,2026-06-30
DKS,"DICK'S Sporting Goods, Inc.",Consumer Cyclical,Specialty Retail,0.4625346901017576,0.5365402405180388,0.4671600370027752,0.488235294117647,0.5654761904761905,0.1538461538461538,0.5058823529411764,0.4887449892075238,0.4283599978452919,4,2026-07-01T053352Z,2026-07-01T07:57:04.761328+00:00,2026-06-30
DLB,"Dolby Laboratories, Inc.",Industrials,Specialty Business Services,0.1396854764107308,0.1914893617021276,0.1211840888066605,0.64,0.8430493273542601,0.9288888888888888,0.9644444444444444,0.15078630897317297,0.8440956651718983,4,2026-07-01T053352Z,2026-07-01T07:57:04.761328+00:00,2026-06-30
DLTR,"Dollar Tree, Inc.",Consumer Defensive,Discount Stores,0.5041628122109159,0.2923219241443108,0.5309898242368177,0.6818181818181818,0.8181818181818182,0.4545454545454545,0.1212121212121212,0.4424915201973481,0.5189393939393939,4,2026-07-01T053352Z,2026-07-01T07:57:04.761328+00:00,2026-06-30
DNLI,Denali Therapeutics Inc.,Healthcare,Biotechnology,0.7169287696577243,0.723404255319149,0.851063829787234,0.0869565217391304,,,0.8930817610062893,0.7637989515880358,0.49001914137270985,2,2026-07-01T053352Z,2026-07-01T07:57:04.761328+00:00,2026-06-30
DNOW,DNOW Inc.,Industrials,Industrial Distribution,0.1674375578168362,0.2765957446808511,0.244218316373728,0.0711111111111111,0.2062780269058296,0.1733333333333333,0.7688888888888888,0.22941720629047177,0.30490284005979074,4,2026-07-01T053352Z,2026-07-01T07:57:04.761328+00:00,2026-06-30
DOCN,"DigitalOcean Holdings, Inc.",Technology,Software - Infrastructure,0.9875115633672524,0.9875115633672524,0.9875115633672524,0.7389380530973452,0.3849557522123893,0.1548672566371681,0.0714285714285714,0.9875115633672524,0.3375474083438685,4,2026-07-01T053352Z,2026-07-01T07:57:04.761328+00:00,2026-06-30
DOCS,"Doximity, Inc.",Healthcare,Health Information Services,0.0134135060129509,0.0134135060129509,0.0134135060129509,0.937888198757764,0.8074074074074075,0.9896551724137932,0.9245283018867924,0.013413506012950901,0.9148697701164392,4,2026-07-01T053352Z,2026-07-01T07:57:04.761328+00:00,2026-06-30
DOCU,"DocuSign, Inc.",Technology,Software - Application,0.093432007400555,0.0897317298797409,0.0693802035152636,0.6548672566371682,0.9336283185840708,0.8938053097345132,0.7767857142857143,0.08418131359851982,0.8147716498103666,4,2026-07-01T053352Z,2026-07-01T07:57:04.761328+00:00,2026-06-30
DORM,"Dorman Products, Inc.",Consumer Cyclical,Auto Parts,0.3191489361702128,0.3515263644773358,0.4921369102682701,0.6235294117647059,0.5773809523809523,0.2603550295857988,0.8294117647058824,0.38760407030527294,0.5726692896093348,4,2026-07-01T053352Z,2026-07-01T07:57:04.761328+00:00,2026-06-30
DOV,Dover Corporation,Industrials,Specialty Industrial Machinery,0.4884366327474561,0.4838112858464385,0.5605920444033302,0.6844444444444444,0.5964125560538116,0.76,0.64,0.5109466543324083,0.670214250124564,4,2026-07-01T053352Z,2026-07-01T07:57:04.761328+00:00,2026-06-30
DOW,Dow Inc.,Basic Materials,Chemicals,0.6262719703977798,0.8381128584643849,0.2229417206290471,0.1525423728813559,0.0847457627118644,0.135593220338983,0.423728813559322,0.5624421831637373,0.19915254237288132,4,2026-07-01T053352Z,2026-07-01T07:57:04.761328+00:00,2026-06-30
DOX,Amdocs Limited,Technology,Software - Infrastructure,0.1036077705827937,0.1147086031452359,0.0397779833487511,0.6946902654867256,0.4247787610619469,0.4026548672566372,0.5803571428571429,0.0860314523589269,0.5256202591656132,4,2026-07-01T053352Z,2026-07-01T07:57:04.761328+00:00,2026-06-30
DPZ,"Domino's Pizza, Inc.",Consumer Cyclical,Restaurants,0.1008325624421831,0.0758556891766882,0.0721554116558741,0.9882352941176472,0.988095238095238,0.8284023668639053,0.0176470588235294,0.08294788775824846,0.7055949894750799,4,2026-07-01T053352Z,2026-07-01T07:57:04.761328+00:00,2026-06-30
DRI,"Darden Restaurants, Inc.",Consumer Cyclical,Restaurants,0.2960222016651249,0.5541165587419057,0.4551341350601295,0.7058823529411765,0.3392857142857143,0.5739644970414202,0.4176470588235294,0.43509096515572,0.5091949057729601,4,2026-07-01T053352Z,2026-07-01T07:57:04.761328+00:00,2026-06-30
DRS,"Leonardo DRS, Inc.",Industrials,Aerospace & Defense,0.4107308048103608,0.8149861239592969,0.4088806660499537,0.5688888888888889,0.4798206278026906,0.4977777777777777,0.92,0.5448658649398704,0.6166218236173393,4,2026-07-01T053352Z,2026-07-01T07:57:04.761328+00:00,2026-06-30
DRVN,Driven Brands Holdings Inc.,Consumer Cyclical,Auto & Truck Dealerships,0.1609620721554116,0.2849213691026827,0.2941720629047178,0.4529411764705882,0.3869047619047619,0.4911242603550296,0.1764705882352941,0.24668516805427068,0.37686019674141846,4,2026-07-01T053352Z,2026-07-01T07:57:04.761328+00:00,2026-06-30
DT,"Dynatrace, Inc.",Technology,Software - Application,0.1443108233117483,0.3256244218316373,0.4338575393154487,0.3805309734513274,0.7035398230088495,0.7522123893805309,0.8303571428571429,0.3012642614862781,0.6666600821744627,4,2026-07-01T053352Z,2026-07-01T07:57:04.761328+00:00,2026-06-30
DTE,DTE Energy Company,Utilities,Utilities - Regulated Electric,0.4338575393154487,0.57631822386679,0.5346901017576319,0.3728813559322034,0.3620689655172414,0.603448275862069,0.1864406779661017,0.5149552883132902,0.38120981881940386,4,2026-07-01T053352Z,2026-07-01T07:57:04.761328+00:00,2026-06-30
DTM,"DT Midstream, Inc.",Energy,Oil & Gas Midstream,0.6244218316373727,0.6475485661424607,0.6512488436632747,0.4927536231884058,0.391304347826087,0.9565217391304348,0.3188405797101449,0.6410730804810361,0.5398550724637682,4,2026-07-01T053352Z,2026-07-01T07:57:04.761328+00:00,2026-06-30
DUK,Duke Energy Corporation,Utilities,Utilities - Regulated Electric,0.4042553191489361,0.4912118408880666,0.3922294172062904,0.5254237288135594,0.396551724137931,0.5689655172413793,0.3559322033898305,0.42923219241443106,0.46171829339567505,4,2026-07-01T053352Z,2026-07-01T07:57:04.761328+00:00,2026-06-30
DUOL,"Duolingo, Inc.",Technology,Software - Application,0.0134135060129509,0.0134135060129509,0.0296022201665124,0.9292035398230089,0.7168141592920354,0.9380530973451328,0.7901785714285714,0.018809744064138066,0.8435623419721872,4,2026-07-01T053352Z,2026-07-01T07:57:04.761328+00:00,2026-06-30
DVA,DaVita Inc.,Healthcare,Medical Care Facilities,0.6540240518038853,0.9148936170212766,0.9130434782608696,0.6335403726708074,0.3925925925925926,0.5517241379310345,0.0628930817610062,0.8273203823620104,0.41018754623886017,4,2026-07-01T053352Z,2026-07-01T07:57:04.761328+00:00,2026-06-30
DVN,Devon Energy Corporation,Energy,Oil & Gas E&P,0.6827012025901943,0.72895467160037,0.3718778908418131,0.7101449275362319,0.4492753623188406,0.6811594202898551,0.5362318840579711,0.5945112550107924,0.5942028985507247,4,2026-07-01T053352Z,2026-07-01T07:57:04.761328+00:00,2026-06-30
DXCM,"DexCom, Inc.",Healthcare,Medical Devices,0.1961147086031452,0.5383903792784459,0.335800185013876,0.9006211180124224,0.7851851851851852,0.9172413793103448,0.6037735849056604,0.356768424298489,0.8017053168534032,4,2026-07-01T053352Z,2026-07-01T07:57:04.761328+00:00,2026-06-30
DY,"Dycom Industries, Inc.",Industrials,Engineering & Construction,0.8714153561517114,0.8325624421831638,0.849213691026827,0.4355555555555555,0.4932735426008968,0.4266666666666667,0.1288888888888889,0.851063829787234,0.37109616342800195,4,2026-07-01T053352Z,2026-07-01T07:57:04.761328+00:00,2026-06-30
DYN,"Dyne Therapeutics, Inc.",Healthcare,Biotechnology,0.8640148011100832,0.3293246993524514,0.7493061979648473,0.093167701863354,,,0.6540880503144654,0.6475485661424606,0.3736278760889097,2,2026-07-01T053352Z,2026-07-01T07:57:04.761328+00:00,2026-06-30
EA,Electronic Arts Inc.,Communication Services,Electronic Gaming & Multimedia,0.603145235892692,0.3635522664199815,0.3755781683626272,0.7608695652173914,0.7906976744186046,0.8888888888888888,0.9130434782608696,0.44742522355843356,0.8383749016964386,4,2026-07-01T053352Z,2026-07-01T07:57:04.761328+00:00,2026-06-30
EAT,"Brinker International, Inc.",Consumer Cyclical,Restaurants,0.1572617946345976,0.3135985198889917,0.6651248843663274,0.9352941176470588,0.6130952380952381,0.6272189349112426,0.1941176470588235,0.3786617329633056,0.5924314844280907,4,2026-07-01T053352Z,2026-07-01T07:57:04.761328+00:00,2026-06-30
EBAY,eBay Inc.,Consumer Cyclical,Internet Retail,0.7215541165587419,0.7511563367252544,0.692876965772433,0.7823529411764706,0.6845238095238095,0.8402366863905325,0.5470588235294118,0.7218624730188097,0.713543065155056,4,2026-07-01T053352Z,2026-07-01T07:57:04.761328+00:00,2026-06-30
ECHO,EchoStar Corporation,Communication Services,Telecom Services,0.9875115633672524,0.7049028677150786,0.2913968547641073,0.0326086956521739,0.1395348837209302,0.0333333333333333,0.1304347826086956,0.6612704286154795,0.08397792382878325,4,2026-07-01T053352Z,2026-07-01T07:57:04.761328+00:00,2026-06-30
ECL,Ecolab Inc.,Basic Materials,Specialty Chemicals,0.2895467160037003,0.3311748381128584,0.4005550416281221,0.7966101694915254,0.8305084745762712,0.7288135593220338,0.288135593220339,0.3404255319148936,0.6610169491525424,4,2026-07-01T053352Z,2026-07-01T07:57:04.761328+00:00,2026-06-30
ED,"Consolidated Edison, Inc.",Utilities,Utilities - Regulated Electric,0.4329324699352451,0.5208140610545791,0.4690101757631822,0.6779661016949152,0.8448275862068966,0.7068965517241379,0.7796610169491526,0.47425223558433544,0.7523378141437757,4,2026-07-01T053352Z,2026-07-01T07:57:04.761328+00:00,2026-06-30
EE,"Excelerate Energy, Inc.",Energy,Oil & Gas Midstream,0.4542090656799259,0.6706753006475485,0.6975023126734505,0.2898550724637681,0.3623188405797101,0.7536231884057971,0.3043478260869565,0.6074622263336417,0.427536231884058,4,2026-07-01T053352Z,2026-07-01T07:57:04.761328+00:00,2026-06-30
EEFT,"Euronet Worldwide, Inc.",Technology,Software - Infrastructure,0.1045328399629972,0.3029602220166512,0.3071230342275671,0.4469026548672566,0.4424778761061947,0.2300884955752212,0.1651785714285714,0.23820536540240514,0.32116189949431095,4,2026-07-01T053352Z,2026-07-01T07:57:04.761328+00:00,2026-06-30
EFX,Equifax Inc.,Industrials,Consulting Services,0.0730804810360777,0.091581868640148,0.0795559666975023,0.5111111111111111,0.7623318385650224,0.88,0.1866666666666666,0.08140610545790933,0.5850274040857,4,2026-07-01T053352Z,2026-07-01T07:57:04.761328+00:00,2026-06-30
EHC,Encompass Health Corporation,Healthcare,Medical Care Facilities,0.213691026827012,0.366327474560592,0.2192414431082331,0.7888198757763976,0.9407407407407408,0.4758620689655172,0.2893081761006289,0.2664199814986124,0.6236827153958211,4,2026-07-01T053352Z,2026-07-01T07:57:04.761328+00:00,2026-06-30
EIX,Edison International,Utilities,Utilities - Regulated Electric,0.7039777983348752,0.6873265494912119,0.6577243293246994,0.864406779661017,0.7068965517241379,0.7241379310344828,0.4067796610169492,0.6830095590502622,0.6755552308591466,4,2026-07-01T053352Z,2026-07-01T07:57:04.761328+00:00,2026-06-30
EL,The Estée Lauder Companies Inc.,Consumer Defensive,Household & Personal Products,0.4514338575393155,0.1674375578168362,0.1313598519888991,0.0606060606060606,0.8484848484848485,0.4696969696969697,0.2878787878787879,0.2500770891150169,0.4166666666666667,4,2026-07-01T053352Z,2026-07-01T07:57:04.761328+00:00,2026-06-30
ELAN,Elanco Animal Health Incorporated,Healthcare,Drug Manufacturers - Specialty & Generic,0.7807585568917669,0.4745605920444033,0.4893617021276595,0.3664596273291925,0.2740740740740741,0.4482758620689655,0.4276729559748428,0.5815602836879432,0.37912062986176875,4,2026-07-01T053352Z,2026-07-01T07:57:04.761328+00:00,2026-06-30
ELF,"e.l.f. Beauty, Inc.",Consumer Defensive,Household & Personal Products,0.0134135060129509,0.0545790934320074,0.1600370027752081,0.1515151515151515,0.6818181818181818,0.6363636363636364,0.4393939393939394,0.07600986740672212,0.4772727272727273,4,2026-07-01T053352Z,2026-07-01T07:57:04.761328+00:00,2026-06-30
ELV,"Elevance Health, Inc.",Healthcare,Healthcare Plans,0.3672525439407955,0.5975948196114709,0.6077705827937095,0.6086956521739131,,0.3517241379310344,0.5283018867924528,0.5242059821153253,0.4962405589658001,3,2026-07-01T053352Z,2026-07-01T07:57:04.761328+00:00,2026-06-30
ELVN,"Enliven Therapeutics, Inc.",Healthcare,Biotechnology,0.8399629972247918,0.9875115633672524,0.9546716003700276,0.2049689440993788,,,0.9905660377358492,0.927382053654024,0.5977674909176139,2,2026-07-01T053352Z,2026-07-01T07:57:04.761328+00:00,2026-06-30
EME,"EMCOR Group, Inc.",Industrials,Engineering & Construction,0.7474560592044404,0.7668825161887142,0.606845513413506,0.9066666666666666,0.8385650224215246,0.3777777777777777,0.9244444444444444,0.7070613629355534,0.7618634778276034,4,2026-07-01T053352Z,2026-07-01T07:57:04.761328+00:00,2026-06-30
EMN,Eastman Chemical Company,Basic Materials,Specialty Chemicals,0.3552266419981498,0.6910268270120259,0.3311748381128584,0.288135593220339,0.2711864406779661,0.5254237288135594,0.3389830508474576,0.4591427690410114,0.35593220338983056,4,2026-07-01T053352Z,2026-07-01T07:57:04.761328+00:00,2026-06-30
EMR,Emerson Electric Co.,Industrials,Specialty Industrial Machinery,0.4144310823311748,0.4976873265494912,0.4125809435707678,0.5022222222222222,0.5695067264573991,0.8666666666666667,0.4177777777777778,0.4415664508171446,0.5890433482810165,4,2026-07-01T053352Z,2026-07-01T07:57:04.761328+00:00,2026-06-30
ENS,EnerSys,Industrials,Electrical Equipment & Parts,0.9306197964847364,0.8603145235892692,0.8593894542090657,0.6177777777777778,0.7085201793721974,0.7111111111111111,0.4977777777777777,0.883441258094357,0.6337967115097161,4,2026-07-01T053352Z,2026-07-01T07:57:04.761328+00:00,2026-06-30
ENSG,"The Ensign Group, Inc.",Healthcare,Medical Care Facilities,0.4135060129509713,0.3126734505087881,0.1554116558741905,0.7204968944099379,0.1259259259259259,0.4827586206896552,0.2327044025157232,0.29386370644464993,0.39047146088531054,4,2026-07-01T053352Z,2026-07-01T07:57:04.761328+00:00,2026-06-30
ENTG,"Entegris, Inc.",Technology,Semiconductor Equipment & Materials,0.7918593894542091,0.8954671600370028,0.9250693802035151,0.3451327433628318,0.1946902654867256,0.4380530973451327,0.15625,0.8707986432315756,0.28353152654867253,4,2026-07-01T053352Z,2026-07-01T07:57:04.761328+00:00,2026-06-30
EOG,"EOG Resources, Inc.",Energy,Oil & Gas E&P,0.4662349676225717,0.7631822386679001,0.4958371877890842,0.855072463768116,0.927536231884058,0.7681159420289855,0.8260869565217391,0.5750847980265187,0.8442028985507246,4,2026-07-01T053352Z,2026-07-01T07:57:04.761328+00:00,2026-06-30
EPAM,"EPAM Systems, Inc.",Technology,Information Technology Services,0.0481036077705827,0.0134135060129509,0.0134135060129509,0.672566371681416,0.588495575221239,0.2964601769911504,0.7321428571428571,0.02497687326549483,0.5724162452591656,4,2026-07-01T053352Z,2026-07-01T07:57:04.761328+00:00,2026-06-30
EQT,EQT Corporation,Energy,Oil & Gas E&P,0.2821461609620722,0.4264569842738205,0.2377428307123034,0.782608695652174,0.4927536231884058,0.9710144927536232,0.8405797101449275,0.3154486586493987,0.7717391304347827,4,2026-07-01T053352Z,2026-07-01T07:57:04.761328+00:00,2026-06-30
ERAS,"Erasca, Inc.",Healthcare,Biotechnology,0.9875115633672524,0.9875115633672524,0.9875115633672524,0.0372670807453416,,,0.7484276729559748,0.9875115633672524,0.3928473768506582,2,2026-07-01T053352Z,2026-07-01T07:57:04.761328+00:00,2026-06-30
ES,Eversource Energy,Utilities,Utilities - Regulated Electric,0.4505087881591119,0.4440333024976873,0.4449583718778908,0.6101694915254238,0.9655172413793104,0.8103448275862069,0.3220338983050847,0.4465001541782299,0.6770163646990064,4,2026-07-01T053352Z,2026-07-01T07:57:04.761328+00:00,2026-06-30
ESAB,ESAB Corporation,Industrials,Metal Fabrication,0.1369102682701202,0.1470860314523589,0.1896392229417206,0.3288888888888889,0.4708520179372197,0.44,0.2933333333333333,0.15787850755473323,0.38326856003986043,4,2026-07-01T053352Z,2026-07-01T07:57:04.761328+00:00,2026-06-30
ESE,ESCO Technologies Inc.,Technology,Scientific & Technical Instruments,0.7224791859389454,0.8270120259019427,0.8501387604070305,0.8141592920353983,0.3097345132743362,0.4734513274336283,0.6785714285714286,0.7998766574159729,0.5689791403286979,4,2026-07-01T053352Z,2026-07-01T07:57:04.761328+00:00,2026-06-30
ESI,Element Solutions Inc,Basic Materials,Specialty Chemicals,0.8325624421831638,0.902867715078631,0.8936170212765957,0.3220338983050847,0.6271186440677966,0.4576271186440678,0.2711864406779661,0.8763490595127967,0.41949152542372875,4,2026-07-01T053352Z,2026-07-01T07:57:04.761328+00:00,2026-06-30
ETR,Entergy Corporation,Utilities,Utilities - Regulated Electric,0.6484736355226642,0.6716003700277521,0.6160962072155411,0.4067796610169492,0.3448275862068966,0.2068965517241379,0.423728813559322,0.6453900709219859,0.3455581531268264,4,2026-07-01T053352Z,2026-07-01T07:57:04.761328+00:00,2026-06-30
ETSY,"Etsy, Inc.",Consumer Cyclical,Internet Retail,0.6401480111008325,0.7012025901942646,0.7585568917668826,0.7411764705882353,0.9464285714285714,0.970414201183432,0.0176470588235294,0.6999691643539933,0.6689165755059421,4,2026-07-01T053352Z,2026-07-01T07:57:04.761328+00:00,2026-06-30
EVRG,"Evergy, Inc.",Utilities,Utilities - Regulated Electric,0.5661424606845513,0.6207215541165587,0.5568917668825162,0.4915254237288136,0.5689655172413793,0.293103448275862,0.3728813559322034,0.5812519272278754,0.4316189362945646,4,2026-07-01T053352Z,2026-07-01T07:57:04.761328+00:00,2026-06-30
EW,Edwards Lifesciences Corporation,Healthcare,Medical Devices,0.425531914893617,0.3802035152636447,0.5300647548566142,0.7763975155279503,0.6370370370370371,0.7379310344827587,0.8301886792452831,0.4452667283379586,0.7453885665732574,4,2026-07-01T053352Z,2026-07-01T07:57:04.761328+00:00,2026-06-30
EWTX,"Edgewise Therapeutics, Inc.",Healthcare,Biotechnology,0.9269195189639224,0.755781683626272,0.9056429232192414,0.1304347826086956,,,0.9308176100628932,0.862781375269812,0.5306261963357944,2,2026-07-01T053352Z,2026-07-01T07:57:04.761328+00:00,2026-06-30
EXC,Exelon Corporation,Utilities,Utilities - Regulated Electric,0.4098057354301572,0.4782608695652174,0.3857539315448658,0.3898305084745763,0.5344827586206896,0.6379310344827587,0.5423728813559322,0.4246068455134135,0.5261542957334892,4,2026-07-01T053352Z,2026-07-01T07:57:04.761328+00:00,2026-06-30
EXE,Expand Energy Corporation,Energy,Oil & Gas E&P,0.1665124884366327,0.1905642923219241,0.1655874190564292,0.8840579710144928,0.9420289855072465,0.8260869565217391,0.782608695652174,0.17422139993832864,0.8586956521739131,4,2026-07-01T053352Z,2026-07-01T07:57:04.761328+00:00,2026-06-30
EXEL,"Exelixis, Inc.",Healthcare,Biotechnology,0.4754856614246068,0.5393154486586494,0.7465309898242368,0.9875776397515528,0.9555555555555556,0.9724137931034482,0.8113207547169812,0.5871106999691643,0.9317169357818844,4,2026-07-01T053352Z,2026-07-01T07:57:04.761328+00:00,2026-06-30
EXLS,"ExlService Holdings, Inc.",Technology,Information Technology Services,0.0767807585568917,0.0397779833487511,0.0471785383903792,0.8362831858407079,0.8495575221238938,0.3849557522123893,0.3125,0.054579093432007335,0.5958241150442478,4,2026-07-01T053352Z,2026-07-01T07:57:04.761328+00:00,2026-06-30
EXP,Eagle Materials Inc.,Basic Materials,Building Materials,0.4005550416281221,0.4375578168362627,0.4246068455134135,0.847457627118644,0.5084745762711864,0.6101694915254238,0.1186440677966101,0.42090656799259946,0.5211864406779662,4,2026-07-01T053352Z,2026-07-01T07:57:04.761328+00:00,2026-06-30
EXPD,"Expeditors International of Washington, Inc.",Industrials,Integrated Freight & Logistics,0.6614246068455134,0.4421831637372803,0.5837187789084182,0.96,0.7757847533632287,0.5155555555555555,0.8666666666666667,0.5624421831637373,0.7795017438963627,4,2026-07-01T053352Z,2026-07-01T07:57:04.761328+00:00,2026-06-30
EXPE,"Expedia Group, Inc.",Consumer Cyclical,Travel Services,0.6345975948196114,0.1230342275670675,0.4514338575393155,0.5117647058823529,0.7976190476190477,0.9881656804733728,0.888235294117647,0.40302189330866484,0.7964461820231051,4,2026-07-01T053352Z,2026-07-01T07:57:04.761328+00:00,2026-06-30
EXPO,"Exponent, Inc.",Industrials,Engineering & Construction,0.1637372802960222,0.1609620721554116,0.1535615171137835,0.9244444444444444,,0.92,0.8711111111111111,0.15942028985507242,0.9051851851851852,3,2026-07-01T053352Z,2026-07-01T07:57:04.761328+00:00,2026-06-30
EXTR,"Extreme Networks, Inc.",Technology,Communication Equipment,0.7160037002775208,0.8825161887141536,0.9454209065679926,0.2256637168141592,0.9424778761061948,0.2743362831858407,0.5044642857142857,0.8479802651865557,0.48673554045512013,4,2026-07-01T053352Z,2026-07-01T07:57:04.761328+00:00,2026-06-30
F,Ford Motor Company,Consumer Cyclical,Auto Manufacturers,0.7927844588344126,0.7752081406105458,0.4949121184088806,0.1,0.0178571428571428,0.3846153846153846,0.3,0.6876349059512797,0.20061813186813182,4,2026-07-01T053352Z,2026-07-01T07:57:04.761328+00:00,2026-06-30
FA,First Advantage Corporation,Industrials,Specialty Business Services,0.3367252543940796,0.4366327474560592,0.8085106382978723,0.1333333333333333,0.4394618834080717,0.6,0.0844444444444444,0.5272895467160037,0.31430991529646235,4,2026-07-01T053352Z,2026-07-01T07:57:04.761328+00:00,2026-06-30
FANG,"Diamondback Energy, Inc.",Energy,Oil & Gas E&P,0.6817761332099908,0.7687326549491211,0.4412580943570768,0.2318840579710145,0.1884057971014492,0.1304347826086956,0.7101449275362319,0.6305889608387295,0.3152173913043478,4,2026-07-01T053352Z,2026-07-01T07:57:04.761328+00:00,2026-06-30
FAST,Fastenal Company,Industrials,Industrial Distribution,0.3903792784458834,0.513413506012951,0.5189639222941721,0.9888888888888888,0.9887892376681614,0.7644444444444445,0.8933333333333333,0.4742522355843355,0.908863976083707,4,2026-07-01T053352Z,2026-07-01T07:57:04.761328+00:00,2026-06-30
FBIN,"Fortune Brands Innovations, Inc.",Industrials,Building Products & Equipment,0.1452358926919519,0.1008325624421831,0.6401480111008325,0.3422222222222222,0.7713004484304933,0.4622222222222222,0.1733333333333333,0.2954054887449892,0.4372695565520678,4,2026-07-01T053352Z,2026-07-01T07:57:04.761328+00:00,2026-06-30
FCN,"FTI Consulting, Inc.",Industrials,Consulting Services,0.2830712303422756,0.2081406105457909,0.1803885291396854,0.6488888888888888,0.8295964125560538,0.4,0.5466666666666666,0.2238667900092506,0.6062879920279023,4,2026-07-01T053352Z,2026-07-01T07:57:04.761328+00:00,2026-06-30
FCX,Freeport-McMoRan Inc.,Basic Materials,Copper,0.7261794634597595,0.7215541165587419,0.6308973172987974,0.4745762711864407,0.3559322033898305,0.559322033898305,0.6779661016949152,0.6928769657724329,0.5169491525423728,4,2026-07-01T053352Z,2026-07-01T07:57:04.761328+00:00,2026-06-30
FDX,FedEx Corporation,Industrials,Integrated Freight & Logistics,0.8214616096207216,0.7946345975948196,0.7049028677150786,0.4222222222222222,0.5336322869955157,0.2666666666666666,0.1911111111111111,0.7736663583102065,0.3534080717488789,4,2026-07-01T053352Z,2026-07-01T07:57:04.761328+00:00,2026-06-30
FE,FirstEnergy Corp.,Utilities,Utilities - Regulated Electric,0.5328399629972248,0.4736355226641998,0.3765032377428307,0.2033898305084746,0.9310344827586208,0.5172413793103449,0.1694915254237288,0.4609929078014184,0.45528930450029226,4,2026-07-01T053352Z,2026-07-01T07:57:04.761328+00:00,2026-06-30
FELE,"Franklin Electric Co., Inc.",Industrials,Specialty Industrial Machinery,0.4199814986123959,0.3820536540240518,0.5356151711378353,0.6533333333333333,0.8654708520179372,0.4711111111111111,0.8355555555555556,0.4458834412580943,0.7063677130044843,4,2026-07-01T053352Z,2026-07-01T07:57:04.761328+00:00,2026-06-30
FERG,Ferguson Enterprises Inc.,Industrials,Industrial Distribution,0.3700277520814061,0.3839037927844588,0.3265494912118409,0.8133333333333334,0.9730941704035876,0.3466666666666667,0.3911111111111111,0.36016034535923525,0.6310513203786746,4,2026-07-01T053352Z,2026-07-01T07:57:04.761328+00:00,2026-06-30
FFIV,"F5, Inc.",Technology,Software - Infrastructure,0.6142460684551342,0.8279370952821462,0.8556891766882516,0.7699115044247787,0.7389380530973452,0.8230088495575221,0.8169642857142857,0.7659574468085107,0.7872056731984829,4,2026-07-01T053352Z,2026-07-01T07:57:04.761328+00:00,2026-06-30
FICO,Fair Isaac Corporation,Technology,Software - Application,0.095282146160962,0.062904717853839,0.1230342275670675,0.9889380530973452,0.9889380530973452,0.9424778761061948,0.015625,0.09374036386062283,0.7339947455752213,4,2026-07-01T053352Z,2026-07-01T07:57:04.761328+00:00,2026-06-30
FIS,"Fidelity National Information Services, Inc.",Technology,Information Technology Services,0.036077705827937,0.0351526364477335,0.0416281221091581,0.5929203539823009,0.0752212389380531,0.5309734513274337,0.1026785714285714,0.037619488128276195,0.32544840391908975,4,2026-07-01T053352Z,2026-07-01T07:57:04.761328+00:00,2026-06-30
FIVE,"Five Below, Inc.",Consumer Cyclical,Specialty Retail,0.8038852913968547,0.6790009250693803,0.2238667900092507,0.6588235294117647,0.5952380952380952,0.6982248520710059,0.5588235294117647,0.5689176688251618,0.6277775015331577,4,2026-07-01T053352Z,2026-07-01T07:57:04.761328+00:00,2026-06-30
FIX,"Comfort Systems USA, Inc.",Industrials,Engineering & Construction,0.9602220166512488,0.9472710453283996,0.912118408880666,0.9688888888888888,0.8565022421524664,0.7555555555555555,0.9333333333333332,0.9398704902867715,0.878570004982561,4,2026-07-01T053352Z,2026-07-01T07:57:04.761328+00:00,2026-06-30
FIZZ,National Beverage Corp.,Consumer Defensive,Beverages - Non-Alcoholic,0.2146160962072155,0.6188714153561518,0.1766882516188714,0.9924242424242424,0.8787878787878788,0.7424242424242424,0.9242424242424242,0.3367252543940796,0.8844696969696969,4,2026-07-01T053352Z,2026-07-01T07:57:04.761328+00:00,2026-06-30
FLEX,Flex Ltd.,Technology,Electronic Components,0.946345975948196,0.9875115633672524,0.9875115633672524,0.4026548672566372,0.0884955752212389,0.163716814159292,0.5223214285714286,0.9737897008942337,0.29429717130214916,4,2026-07-01T053352Z,2026-07-01T07:57:04.761328+00:00,2026-06-30
FLNC,"Fluence Energy, Inc.",Utilities,Utilities - Renewable,0.9500462534690102,0.2858464384828862,0.4773358001850138,0.0677966101694915,0.8793103448275862,0.5517241379310345,0.9915254237288136,0.5710761640456368,0.6225891291642314,4,2026-07-01T053352Z,2026-07-01T07:57:04.761328+00:00,2026-06-30
FLR,Fluor Corporation,Industrials,Engineering & Construction,0.2284921369102682,0.5837187789084182,0.6022201665124884,0.3644444444444444,0.0156950672645739,0.1288888888888889,0.84,0.47147702744372494,0.3372571001494768,4,2026-07-01T053352Z,2026-07-01T07:57:04.761328+00:00,2026-06-30
FLS,Flowserve Corporation,Industrials,Specialty Industrial Machinery,0.6901017576318224,0.4949121184088806,0.4061054579093432,0.5422222222222223,0.7174887892376681,0.5644444444444444,0.4311111111111111,0.5303731113166821,0.5638166417538615,4,2026-07-01T053352Z,2026-07-01T07:57:04.761328+00:00,2026-06-30
FLUT,Flutter Entertainment plc,Consumer Cyclical,Gambling,0.0134135060129509,0.0134135060129509,0.0134135060129509,0.1058823529411764,0.3928571428571428,0.2011834319526627,0.488235294117647,0.013413506012950901,0.2970395554671572,4,2026-07-01T053352Z,2026-07-01T07:57:04.761328+00:00,2026-06-30
FLYW,Flywire Corporation,Technology,Software - Infrastructure,0.6836262719703978,0.5642923219241444,0.7890841813135985,0.3053097345132743,0.5929203539823009,0.672566371681416,0.9888392857142856,0.6790009250693801,0.6399089364728192,4,2026-07-01T053352Z,2026-07-01T07:57:04.761328+00:00,2026-06-30
FND,"Floor & Decor Holdings, Inc.",Consumer Cyclical,Home Improvement Retail,0.0906567992599444,0.1591119333950046,0.2654949121184088,0.3235294117647059,0.5892857142857143,0.1834319526627219,0.6294117647058823,0.17175454825778594,0.43141471085475613,4,2026-07-01T053352Z,2026-07-01T07:57:04.761328+00:00,2026-06-30
FORM,"FormFactor, Inc.",Technology,Semiconductor Equipment & Materials,0.9629972247918592,0.9666975023126736,0.96577243293247,0.495575221238938,0.415929203539823,0.1725663716814159,0.8660714285714286,0.9651557200123343,0.48753555625790135,4,2026-07-01T053352Z,2026-07-01T07:57:04.761328+00:00,2026-06-30
FOUR,"Shift4 Payments, Inc.",Technology,Software - Infrastructure,0.0134135060129509,0.0471785383903792,0.1100832562442183,0.2212389380530973,0.2079646017699115,0.2831858407079646,0.0625,0.05689176688251613,0.19372234513274333,4,2026-07-01T053352Z,2026-07-01T07:57:04.761328+00:00,2026-06-30
FOXA,Fox Corporation,Communication Services,Entertainment,0.4606845513413506,0.1970397779833487,0.1026827012025902,0.8260869565217391,,0.4666666666666667,0.4565217391304347,0.2534690101757631,0.5830917874396135,3,2026-07-01T053352Z,2026-07-01T07:57:04.761328+00:00,2026-06-30
FROG,JFrog Ltd.,Technology,Software - Application,0.8177613320999075,0.669750231267345,0.9306197964847364,0.084070796460177,0.5796460176991151,0.7610619469026548,0.9241071428571428,0.8060437866173297,0.5872214759797725,4,2026-07-01T053352Z,2026-07-01T07:57:04.761328+00:00,2026-06-30
FRSH,Freshworks Inc.,Technology,Software - Application,0.0740055504162812,0.1174838112858464,0.3237742830712303,0.7743362831858407,0.8141592920353983,0.7345132743362832,0.875,0.17175454825778594,0.7995022123893806,4,2026-07-01T053352Z,2026-07-01T07:57:04.761328+00:00,2026-06-30
FSLR,"First Solar, Inc.",Technology,Solar,0.8612395929694727,0.6059204440333025,0.3478260869565217,0.8053097345132744,0.1814159292035398,0.8584070796460177,0.7991071428571429,0.604995374653099,0.6610599715549936,4,2026-07-01T053352Z,2026-07-01T07:57:04.761328+00:00,2026-06-30
FSLY,"Fastly, Inc.",Technology,Software - Application,0.9241443108233116,0.9213691026827012,0.6854764107308048,0.0707964601769911,0.3982300884955752,0.2035398230088495,0.3883928571428571,0.843663274745606,0.2652398072060682,4,2026-07-01T053352Z,2026-07-01T07:57:04.761328+00:00,2026-06-30
FSS,Federal Signal Corporation,Industrials,Farm & Heavy Construction Machinery,0.3506012950971323,0.2987974098057354,0.580018501387604,0.8088888888888889,0.7219730941704036,0.7066666666666667,0.6666666666666666,0.4098057354301572,0.7260488290981564,4,2026-07-01T053352Z,2026-07-01T07:57:04.761328+00:00,2026-06-30
FTAI,FTAI Aviation Ltd.,Industrials,Aerospace & Defense,0.8926919518963923,0.851063829787234,0.7132284921369103,0.8533333333333334,0.547085201793722,0.0311111111111111,0.0155555555555555,0.818994757940179,0.3617713004484305,4,2026-07-01T053352Z,2026-07-01T07:57:04.761328+00:00,2026-06-30
FTDR,"Frontdoor, Inc.",Consumer Cyclical,Personal Services,0.3792784458834413,0.4819611470860314,0.7742830712303422,0.8235294117647058,0.8154761904761905,0.8994082840236687,0.3176470588235294,0.5451742213999383,0.7140152362720236,4,2026-07-01T053352Z,2026-07-01T07:57:04.761328+00:00,2026-06-30
FTNT,"Fortinet, Inc.",Technology,Software - Infrastructure,0.6382978723404256,0.912118408880666,0.942645698427382,0.9203539823008848,0.9026548672566372,0.9070796460176992,0.7455357142857143,0.8310206598828245,0.8689060524652339,4,2026-07-01T053352Z,2026-07-01T07:57:04.761328+00:00,2026-06-30
FTV,Fortive Corporation,Technology,Scientific & Technical Instruments,0.4024051803885291,0.4606845513413506,0.5411655874190564,0.4336283185840708,0.3274336283185841,0.7300884955752213,0.3214285714285714,0.46808510638297873,0.45314475347661193,4,2026-07-01T053352Z,2026-07-01T07:57:04.761328+00:00,2026-06-30
FUL,H.B. Fuller Company,Basic Materials,Specialty Chemicals,0.3728029602220166,0.484736355226642,0.274745605920444,0.3898305084745763,0.6440677966101694,0.423728813559322,0.2033898305084746,0.3774283071230342,0.4152542372881356,4,2026-07-01T053352Z,2026-07-01T07:57:04.761328+00:00,2026-06-30
FUN,Six Flags Entertainment Corporation,Consumer Cyclical,Leisure,0.0878815911193339,0.8085106382978723,0.6142460684551342,0.0176470588235294,0.5833333333333334,0.1005917159763313,0.1352941176470588,0.5035460992907801,0.2092165564450632,4,2026-07-01T053352Z,2026-07-01T07:57:04.761328+00:00,2026-06-30
FWONK,Formula One Group,Communication Services,Entertainment,0.2035152636447733,0.2876965772432932,0.3848288621646623,0.5,0.1627906976744186,0.6222222222222222,0.5,0.2920135676842429,0.44625322997416017,4,2026-07-01T053352Z,2026-07-01T07:57:04.761328+00:00,2026-06-30
GAP,"The Gap, Inc.",Consumer Cyclical,Apparel Retail,0.3126734505087881,0.1581868640148011,0.0684551341350601,0.6411764705882353,0.7321428571428571,0.5266272189349113,0.4235294117647059,0.17977181621954977,0.5808689896076774,4,2026-07-01T053352Z,2026-07-01T07:57:04.761328+00:00,2026-06-30
GATX,GATX Corporation,Industrials,Rental & Leasing Services,0.4218316373728029,0.3552266419981498,0.3654024051803885,0.2044444444444444,0.0358744394618834,0.9888888888888888,0.04,0.3808202281837804,0.31730194319880417,4,2026-07-01T053352Z,2026-07-01T07:57:04.761328+00:00,2026-06-30
GD,General Dynamics Corporation,Industrials,Aerospace & Defense,0.5402405180388529,0.425531914893617,0.3959296947271045,0.6311111111111111,0.2242152466367713,0.6622222222222223,0.8,0.45390070921985815,0.5793871449925261,4,2026-07-01T053352Z,2026-07-01T07:57:04.761328+00:00,2026-06-30
GDDY,GoDaddy Inc.,Technology,Software - Infrastructure,0.0134135060129509,0.0425531914893617,0.0851063829787234,0.7433628318584071,0.7256637168141593,0.8805309734513275,0.1116071428571428,0.047024360160345335,0.6152911662452591,4,2026-07-01T053352Z,2026-07-01T07:57:04.761328+00:00,2026-06-30
GE,GE Aerospace,Industrials,Aerospace & Defense,0.6003700277520814,0.4347826086956521,0.7169287696577243,0.5733333333333334,0.1345291479820627,0.8266666666666667,0.8088888888888889,0.5840271353684859,0.5858545092177379,4,2026-07-01T053352Z,2026-07-01T07:57:04.761328+00:00,2026-06-30
GEF,"Greif, Inc.",Consumer Cyclical,Packaging & Containers,0.3237742830712303,0.2516188714153561,0.6207215541165587,0.3058823529411765,0.2797619047619047,0.4674556213017751,0.8352941176470589,0.39870490286771504,0.47209849916297875,4,2026-07-01T053352Z,2026-07-01T07:57:04.761328+00:00,2026-06-30
GEHC,GE HealthCare Technologies Inc.,Healthcare,Medical Devices,0.1905642923219241,0.0869565217391304,0.1396854764107308,0.6708074534161491,0.2962962962962963,0.4689655172413793,0.4528301886792453,0.1390687634905951,0.47222486390826746,4,2026-07-01T053352Z,2026-07-01T07:57:04.761328+00:00,2026-06-30
GEN,Gen Digital Inc.,Technology,Software - Infrastructure,0.2358926919518963,0.2913968547641073,0.3792784458834413,0.5575221238938053,0.3805309734513274,0.8451327433628318,0.0535714285714285,0.30218933086648164,0.4591893173198483,4,2026-07-01T053352Z,2026-07-01T07:57:04.761328+00:00,2026-06-30
GEO,"The GEO Group, Inc.",Industrials,Security & Protection Services,0.2839962997224792,0.7927844588344126,0.927844588344126,0.6,0.336322869955157,0.1155555555555555,0.2,0.668208448967006,0.31296960637767807,4,2026-07-01T053352Z,2026-07-01T07:57:04.761328+00:00,2026-06-30
GEV,GE Vernova Inc.,Industrials,Specialty Industrial Machinery,0.8279370952821462,0.8297872340425532,0.9000925069380203,0.8933333333333333,0.1300448430493273,0.9333333333333332,0.9466666666666668,0.8526056120875732,0.7258445440956651,4,2026-07-01T053352Z,2026-07-01T07:57:04.761328+00:00,2026-06-30
GFF,Griffon Corporation,Industrials,Building Products & Equipment,0.5494912118408881,0.6484736355226642,0.7215541165587419,0.1466666666666666,0.9551569506726456,0.6266666666666667,0.0311111111111111,0.6398396546407649,0.4399003487792725,4,2026-07-01T053352Z,2026-07-01T07:57:04.761328+00:00,2026-06-30
GFS,GLOBALFOUNDRIES Inc.,Technology,Semiconductors,0.8723404255319149,0.9703977798334876,0.9491211840888066,0.4247787610619469,0.0663716814159292,0.4469026548672566,0.6651785714285714,0.9306197964847365,0.400807917193426,4,2026-07-01T053352Z,2026-07-01T07:57:04.761328+00:00,2026-06-30
GGG,Graco Inc.,Industrials,Specialty Industrial Machinery,0.2266419981498612,0.2534690101757632,0.1951896392229417,0.9377777777777778,0.8340807174887892,0.9888888888888888,0.96,0.22510021584952203,0.9301868460388639,4,2026-07-01T053352Z,2026-07-01T07:57:04.761328+00:00,2026-06-30
GH,"Guardant Health, Inc.",Healthcare,Diagnostics & Research,0.9213691026827012,0.7335800185013877,0.9204440333024976,0.186335403726708,0.6296296296296297,0.1448275862068965,0.0377358490566037,0.8584643848288621,0.24963211715495945,4,2026-07-01T053352Z,2026-07-01T07:57:04.761328+00:00,2026-06-30
GILD,"Gilead Sciences, Inc.",Healthcare,Drug Manufacturers - General,0.5624421831637373,0.5272895467160037,0.3024976873265494,0.9130434782608696,0.725925925925926,0.9586206896551724,0.2578616352201258,0.4640764724020969,0.7138629322655234,4,2026-07-01T053352Z,2026-07-01T07:57:04.761328+00:00,2026-06-30
GIS,"General Mills, Inc.",Consumer Defensive,Packaged Foods,0.1017576318223866,0.0814061054579093,0.1147086031452359,0.5,0.1969696969696969,0.5303030303030303,0.3484848484848485,0.09929078014184393,0.3939393939393939,4,2026-07-01T053352Z,2026-07-01T07:57:04.761328+00:00,2026-06-30
GKOS,Glaukos Corporation,Healthcare,Medical Devices,0.3422756706753006,0.2275670675300647,0.7779833487511564,0.1987577639751552,0.6222222222222222,0.2068965517241379,0.7044025157232704,0.4492753623188406,0.4330697634111964,4,2026-07-01T053352Z,2026-07-01T07:57:04.761328+00:00,2026-06-30
GLUE,"Monte Rosa Therapeutics, Inc.",Healthcare,Biotechnology,0.9875115633672524,0.61054579093432,0.8889916743755781,0.1925465838509316,,0.1172413793103448,0.8238993710691824,0.8290163428923835,0.37789577807681957,3,2026-07-01T053352Z,2026-07-01T07:57:04.761328+00:00,2026-06-30
GLW,Corning Incorporated,Technology,Electronic Components,0.962072155411656,0.9592969472710452,0.9875115633672524,0.5132743362831859,0.2566371681415929,0.2920353982300885,0.3035714285714285,0.9696268886833179,0.3413795828065739,4,2026-07-01T053352Z,2026-07-01T07:57:04.761328+00:00,2026-06-30
GM,General Motors Company,Consumer Cyclical,Auto Manufacturers,0.790009250693802,0.3940795559666975,0.3894542090656799,0.1588235294117647,0.0178571428571428,0.0828402366863905,0.4411764705882353,0.5245143385753931,0.17517434488588332,4,2026-07-01T053352Z,2026-07-01T07:57:04.761328+00:00,2026-06-30
GME,GameStop Corp.,Consumer Cyclical,Specialty Retail,0.2349676225716928,0.393154486586494,0.2599444958371878,0.5882352941176471,0.0714285714285714,0.940828402366864,0.5647058823529412,0.2960222016651249,0.541299537566506,4,2026-07-01T053352Z,2026-07-01T07:57:04.761328+00:00,2026-06-30
GMED,"Globus Medical, Inc.",Healthcare,Medical Devices,0.6734505087881592,0.2710453283996299,0.2710453283996299,0.8571428571428571,0.6888888888888889,0.7655172413793103,0.89937106918239,0.4051803885291396,0.8027300141483615,4,2026-07-01T053352Z,2026-07-01T07:57:04.761328+00:00,2026-06-30
GNRC,Generac Holdings Inc.,Industrials,Specialty Industrial Machinery,0.84736355226642,0.9546716003700276,0.8880666049953746,0.2844444444444444,0.757847533632287,0.4577777777777778,0.5822222222222222,0.896700585877274,0.5205729945191828,4,2026-07-01T053352Z,2026-07-01T07:57:04.761328+00:00,2026-06-30
GNTX,Gentex Corporation,Consumer Cyclical,Auto Parts,0.4431082331174838,0.4505087881591119,0.4505087881591119,0.8470588235294118,0.4880952380952381,0.893491124260355,0.9882352941176472,0.4480419364785692,0.804220120000663,4,2026-07-01T053352Z,2026-07-01T07:57:04.761328+00:00,2026-06-30
GOLF,Acushnet Holdings Corp.,Consumer Cyclical,Leisure,0.5448658649398704,0.5087881591119334,0.8196114708603145,0.5705882352941176,0.7202380952380952,0.2781065088757396,0.4764705882352941,0.6244218316373727,0.5113508569108116,4,2026-07-01T053352Z,2026-07-01T07:57:04.761328+00:00,2026-06-30
GOOGL,Alphabet Inc.,Communication Services,Internet Content & Information,0.8825161887141536,0.6975023126734505,0.6114708603145236,0.9891304347826086,0.6976744186046512,0.6,0.8913043478260869,0.7304964539007092,0.7945273003033367,4,2026-07-01T053352Z,2026-07-01T07:57:04.761328+00:00,2026-06-30
GPC,Genuine Parts Company,Consumer Cyclical,Auto Parts,0.1896392229417206,0.1276595744680851,0.3293246993524514,0.1352941176470588,0.6547619047619048,0.1715976331360946,0.6882352941176471,0.215541165587419,0.4124722374156763,4,2026-07-01T053352Z,2026-07-01T07:57:04.761328+00:00,2026-06-30
GPGI,"GPGI, Inc.",Industrials,Metal Fabrication,0.1988899167437557,0.0286771507863089,0.123959296947271,0.0155555555555555,0.0156950672645739,0.0155555555555555,0.9888888888888888,0.11717545482577853,0.25892376681614343,4,2026-07-01T053352Z,2026-07-01T07:57:04.761328+00:00,2026-06-30
GPK,Graphic Packaging Holding Company,Consumer Cyclical,Packaging & Containers,0.0379278445883441,0.0888066604995374,0.0786308973172988,0.2176470588235294,0.0833333333333333,0.1301775147928994,0.388235294117647,0.06845513413506009,0.20484830026685227,4,2026-07-01T053352Z,2026-07-01T07:57:04.761328+00:00,2026-06-30
GPN,Global Payments Inc.,Industrials,Specialty Business Services,0.2923219241443108,0.2969472710453284,0.2839962997224792,0.0933333333333333,0.0941704035874439,0.6711111111111111,0.3155555555555555,0.29108849830403943,0.2935426008968609,4,2026-07-01T053352Z,2026-07-01T07:57:04.761328+00:00,2026-06-30
GPOR,Gulfport Energy Corporation,Energy,Oil & Gas E&P,0.1766882516188714,0.1378353376503237,0.1665124884366327,0.9710144927536232,0.9927536231884058,0.8840579710144928,0.5072463768115942,0.16034535923527593,0.8387681159420289,4,2026-07-01T053352Z,2026-07-01T07:57:04.761328+00:00,2026-06-30
GRAL,"GRAIL, Inc.",Healthcare,Diagnostics & Research,0.7132284921369103,0.1156336725254394,0.2349676225716928,0.2484472049689441,0.0185185185185185,0.0689655172413793,0.9119496855345912,0.3546099290780142,0.3119702315658583,4,2026-07-01T053352Z,2026-07-01T07:57:04.761328+00:00,2026-06-30
GRBK,"Green Brick Partners, Inc.",Consumer Cyclical,Residential Construction,0.3839037927844588,0.4717853839037927,0.6530989824236818,0.8058823529411765,0.375,0.6745562130177515,0.9470588235294116,0.5029293863706444,0.7006243473720849,4,2026-07-01T053352Z,2026-07-01T07:57:04.761328+00:00,2026-06-30
GRND,Grindr Inc.,Technology,Software - Application,0.0407030527289546,0.2719703977798335,0.5467160037002775,0.911504424778761,0.9513274336283186,0.8185840707964602,0.015625,0.28646315140302187,0.6742602323008849,4,2026-07-01T053352Z,2026-07-01T07:57:04.761328+00:00,2026-06-30
GSAT,"Globalstar, Inc.",Communication Services,Telecom Services,0.9639222941720628,0.7733580018501388,0.7816836262719704,0.217391304347826,0.0930232558139534,0.9888888888888888,0.717391304347826,0.839654640764724,0.5041736883496236,4,2026-07-01T053352Z,2026-07-01T07:57:04.761328+00:00,2026-06-30
GTES,Gates Industrial Corporation plc,Industrials,Specialty Industrial Machinery,0.4421831637372803,0.6586493987049029,0.6262719703977798,0.2888888888888888,0.4125560538116592,0.64,0.4222222222222222,0.5757015109466543,0.44091679123069255,4,2026-07-01T053352Z,2026-07-01T07:57:04.761328+00:00,2026-06-30
GTLB,GitLab Inc.,Technology,Software - Infrastructure,0.0943570767807585,0.1600370027752081,0.1868640148011101,0.1460176991150442,0.8628318584070797,0.7477876106194691,0.9888392857142856,0.1470860314523589,0.6863691134639697,4,2026-07-01T053352Z,2026-07-01T07:57:04.761328+00:00,2026-06-30
GTLS,"Chart Industries, Inc.",Industrials,Specialty Industrial Machinery,0.5633672525439408,0.4033302497687326,0.364477335800185,0.1155555555555555,0.2152466367713004,0.1466666666666666,0.2622222222222222,0.4437249460376194,0.18492277030393617,4,2026-07-01T053352Z,2026-07-01T07:57:04.761328+00:00,2026-06-30
GTX,Garrett Motion Inc.,Consumer Cyclical,Auto Parts,0.9518963922294172,0.9444958371877892,0.9611470860314524,0.8823529411764706,0.5059523809523809,0.7100591715976331,0.2235294117647059,0.9525131051495529,0.5804734763727977,4,2026-07-01T053352Z,2026-07-01T07:57:04.761328+00:00,2026-06-30
GVA,Granite Construction Incorporated,Industrials,Engineering & Construction,0.7123034227567068,0.6234967622571693,0.8011100832562442,0.4133333333333333,0.4035874439461883,0.3955555555555555,0.3111111111111111,0.7123034227567068,0.380896860986547,4,2026-07-01T053352Z,2026-07-01T07:57:04.761328+00:00,2026-06-30
GWRE,"Guidewire Software, Inc.",Technology,Software - Application,0.0666049953746531,0.0832562442183163,0.0370027752081406,0.5486725663716814,0.6150442477876106,0.668141592920354,0.3482142857142857,0.06228800493370334,0.5450181731984829,4,2026-07-01T053352Z,2026-07-01T07:57:04.761328+00:00,2026-06-30
GWW,"W.W. Grainger, Inc.",Industrials,Industrial Distribution,0.5337650323774283,0.6938020351526365,0.7631822386679001,0.9888888888888888,0.9887892376681614,0.4355555555555555,0.5066666666666667,0.6635831020659883,0.7299750871948181,4,2026-07-01T053352Z,2026-07-01T07:57:04.761328+00:00,2026-06-30
GXO,"GXO Logistics, Inc.",Industrials,Integrated Freight & Logistics,0.3469010175763182,0.2802960222016651,0.2386679000925069,0.1688888888888889,0.1973094170403587,0.16,0.1244444444444444,0.28862164662349676,0.162660687593423,4,2026-07-01T053352Z,2026-07-01T07:57:04.761328+00:00,2026-06-30
H,Hyatt Hotels Corporation,Consumer Cyclical,Lodging,0.6207215541165587,0.5467160037002775,0.7104532839962997,0.1235294117647058,0.0535714285714285,0.1183431952662721,0.6823529411764706,0.6259636139377119,0.24444924419471925,4,2026-07-01T053352Z,2026-07-01T07:57:04.761328+00:00,2026-06-30
HAE,Haemonetics Corporation,Healthcare,Medical Devices,0.2488436632747456,0.1785383903792784,0.6475485661424607,0.5838509316770186,0.5555555555555556,0.7793103448275862,0.1509433962264151,0.35831020659882823,0.5174150570716439,4,2026-07-01T053352Z,2026-07-01T07:57:04.761328+00:00,2026-06-30
HAL,Halliburton Company,Energy,Oil & Gas Equipment & Services,0.8436632747456059,0.7974098057354302,0.4264569842738205,0.6231884057971014,0.6666666666666666,0.4927536231884058,0.3623188405797101,0.6891766882516189,0.536231884057971,4,2026-07-01T053352Z,2026-07-01T07:57:04.761328+00:00,2026-06-30
HALO,"Halozyme Therapeutics, Inc.",Healthcare,Biotechnology,0.5966697502312673,0.3330249768732655,0.6049953746530989,0.8881987577639752,0.8,0.8689655172413793,0.050314465408805,0.5115633672525439,0.6518696851035399,4,2026-07-01T053352Z,2026-07-01T07:57:04.761328+00:00,2026-06-30
HAS,"Hasbro, Inc.",Consumer Cyclical,Leisure,0.5291396854764108,0.4653098982423682,0.2738205365402405,0.0705882352941176,0.8035714285714286,0.9053254437869822,0.2294117647058823,0.4227567067530065,0.5022242180896027,4,2026-07-01T053352Z,2026-07-01T07:57:04.761328+00:00,2026-06-30
HAYW,"Hayward Holdings, Inc.",Industrials,Electrical Equipment & Parts,0.3441258094357077,0.2229417206290471,0.6012950971322849,0.4311111111111111,0.3452914798206278,0.4177777777777778,0.4755555555555555,0.3894542090656799,0.41743398106626806,4,2026-07-01T053352Z,2026-07-01T07:57:04.761328+00:00,2026-06-30
HCA,"HCA Healthcare, Inc.",Healthcare,Medical Care Facilities,0.3246993524514338,0.1313598519888991,0.1285846438482886,0.8695652173913043,0.8148148148148148,0.5379310344827586,0.0440251572327044,0.19488128276287384,0.5665840559803956,4,2026-07-01T053352Z,2026-07-01T07:57:04.761328+00:00,2026-06-30
HCC,"Warrior Met Coal, Inc.",Basic Materials,Coking Coal,0.8899167437557817,0.4856614246068455,0.2830712303422756,0.5084745762711864,0.1525423728813559,0.0677966101694915,0.847457627118644,0.5528831329016343,0.39406779661016944,4,2026-07-01T053352Z,2026-07-01T07:57:04.761328+00:00,2026-06-30
HD,"The Home Depot, Inc.",Consumer Cyclical,Home Improvement Retail,0.2164662349676225,0.2553191489361702,0.3413506012950971,0.8529411764705882,0.75,0.5857988165680473,0.2705882352941176,0.2710453283996299,0.6148320570831883,4,2026-07-01T053352Z,2026-07-01T07:57:04.761328+00:00,2026-06-30
HE,"Hawaiian Electric Industries, Inc.",Utilities,Utilities - Regulated Electric,0.5707678075855689,0.5494912118408881,0.3367252543940796,0.1694915254237288,0.0258620689655172,0.7931034482758621,0.864406779661017,0.4856614246068455,0.4632159555815313,4,2026-07-01T053352Z,2026-07-01T07:57:04.761328+00:00,2026-06-30
HEI,HEICO Corporation,Industrials,Aerospace & Defense,0.3857539315448658,0.4486586493987049,0.6059204440333025,0.7111111111111111,0.5022421524663677,0.9244444444444444,0.5688888888888889,0.4801110083256244,0.6766716492277031,4,2026-07-01T053352Z,2026-07-01T07:57:04.761328+00:00,2026-06-30
HGV,Hilton Grand Vacations Inc.,Consumer Cyclical,Resorts & Casinos,0.5689176688251619,0.6281221091581869,0.6466234967622572,0.188235294117647,0.4226190476190476,0.378698224852071,0.2176470588235294,0.6145544249152021,0.30179990635307374,4,2026-07-01T053352Z,2026-07-01T07:57:04.761328+00:00,2026-06-30
HII,"Huntington Ingalls Industries, Inc.",Industrials,Aerospace & Defense,0.6253469010175763,0.2210915818686401,0.0943570767807585,0.4177777777777778,0.1748878923766816,0.3911111111111111,0.68,0.3135985198889916,0.4159441953163926,4,2026-07-01T053352Z,2026-07-01T07:57:04.761328+00:00,2026-06-30
HIMS,"Hims & Hers Health, Inc.",Healthcare,Drug Manufacturers - Specialty & Generic,0.0333024976873265,0.0971322849213691,0.4458834412580943,0.3850931677018633,0.9333333333333332,0.296551724137931,0.1635220125786163,0.19210607462226328,0.44462505943793595,4,2026-07-01T053352Z,2026-07-01T07:57:04.761328+00:00,2026-06-30
HL,Hecla Mining Company,Basic Materials,Other Precious Metals & Mining,0.9472710453283996,0.2183163737280296,0.1359851988899167,0.7288135593220338,0.711864406779661,0.9322033898305084,0.8813559322033898,0.4338575393154486,0.8135593220338982,4,2026-07-01T053352Z,2026-07-01T07:57:04.761328+00:00,2026-06-30
HLIO,"Helios Technologies, Inc.",Industrials,Specialty Industrial Machinery,0.9176688251618872,0.8547641073080481,0.8538390379278445,0.3333333333333333,0.4080717488789238,0.6666666666666666,0.6844444444444444,0.8754239901325933,0.5231290483308421,4,2026-07-01T053352Z,2026-07-01T07:57:04.761328+00:00,2026-06-30
HLT,Hilton Worldwide Holdings Inc.,Consumer Cyclical,Lodging,0.5615171137835338,0.5790934320074006,0.547641073080481,0.6882352941176471,0.3214285714285714,0.8875739644970414,0.0941176470588235,0.5627505396238052,0.49783886927552085,4,2026-07-01T053352Z,2026-07-01T07:57:04.761328+00:00,2026-06-30
HNI,HNI Corporation,Consumer Cyclical,"Furnishings, Fixtures & Appliances",0.0703052728954671,0.0906567992599444,0.3580018501387604,0.1294117647058823,0.4702380952380952,0.0887573964497041,0.6176470588235294,0.1729879740980573,0.32651357880430276,4,2026-07-01T053352Z,2026-07-01T07:57:04.761328+00:00,2026-06-30
HOG,"Harley-Davidson, Inc.",Consumer Cyclical,Recreational Vehicles,0.3691026827012026,0.6392229417206291,0.4754856614246068,0.2823529411764706,0.1547619047619047,0.1065088757396449,0.7176470588235294,0.49460376194881284,0.31531769512538743,4,2026-07-01T053352Z,2026-07-01T07:57:04.761328+00:00,2026-06-30
HON,Honeywell International Inc.,Industrials,Conglomerates,0.4532839962997225,0.7021276595744681,0.4440333024976873,0.4755555555555555,0.3946188340807174,0.6133333333333333,0.1155555555555555,0.5331483194572926,0.39976581963129043,4,2026-07-01T053352Z,2026-07-01T07:57:04.761328+00:00,2026-06-30
HP,"Helmerich & Payne, Inc.",Energy,Oil & Gas Drilling,0.9250693802035151,0.7918593894542091,0.4042553191489361,0.0579710144927536,0.2753623188405797,0.4347826086956521,0.4202898550724637,0.7070613629355534,0.29710144927536225,4,2026-07-01T053352Z,2026-07-01T07:57:04.761328+00:00,2026-06-30
HPE,Hewlett Packard Enterprise Company,Technology,Communication Equipment,0.910268270120259,0.9250693802035151,0.946345975948196,0.2699115044247787,0.1769911504424778,0.3097345132743362,0.3705357142857143,0.9272278754239901,0.28179322060682677,4,2026-07-01T053352Z,2026-07-01T07:57:04.761328+00:00,2026-06-30
HPQ,HP Inc.,Technology,Computer Hardware,0.4588344125809436,0.6614246068455134,0.3108233117483811,0.5353982300884956,0.4380530973451327,0.2168141592920354,0.4241071428571428,0.47702744372494604,0.4035931573957016,4,2026-07-01T053352Z,2026-07-01T07:57:04.761328+00:00,2026-06-30
HQY,"HealthEquity, Inc.",Healthcare,Health Information Services,0.1887141535615171,0.2941720629047178,0.3774283071230342,0.7391304347826086,0.4814814814814814,0.9517241379310344,0.440251572327044,0.2867715078630897,0.6531469066305421,4,2026-07-01T053352Z,2026-07-01T07:57:04.761328+00:00,2026-06-30
HRB,"H&R Block, Inc.",Consumer Cyclical,Personal Services,0.1082331174838112,0.2303422756706753,0.2969472710453284,0.9882352941176472,0.8214285714285714,0.9349112426035504,0.2529411764705882,0.21184088806660495,0.7493790711550894,4,2026-07-01T053352Z,2026-07-01T07:57:04.761328+00:00,2026-06-30
HRI,Herc Holdings Inc.,Industrials,Rental & Leasing Services,0.3543015726179463,0.1887141535615171,0.4653098982423682,0.12,0.1076233183856502,0.0844444444444444,0.0355555555555555,0.3361085414739439,0.08690582959641253,4,2026-07-01T053352Z,2026-07-01T07:57:04.761328+00:00,2026-06-30
HRL,Hormel Foods Corporation,Consumer Defensive,Packaged Foods,0.1646623496762257,0.3580018501387604,0.5032377428307123,0.303030303030303,0.106060606060606,0.3484848484848485,0.8181818181818182,0.34196731421523285,0.3939393939393939,4,2026-07-01T053352Z,2026-07-01T07:57:04.761328+00:00,2026-06-30
HSIC,"Henry Schein, Inc.",Healthcare,Medical Distribution,0.364477335800185,0.395004625346901,0.5864939870490287,0.5590062111801242,0.6518518518518519,0.3379310344827586,0.3396226415094339,0.44865864939870487,0.47210293475604215,4,2026-07-01T053352Z,2026-07-01T07:57:04.761328+00:00,2026-06-30
HSY,The Hershey Company,Consumer Defensive,Confectioners,0.517113783533765,0.4986123959296947,0.2035152636447733,0.5606060606060606,0.4242424242424242,0.7878787878787878,0.4090909090909091,0.406413814369411,0.5454545454545454,4,2026-07-01T053352Z,2026-07-01T07:57:04.761328+00:00,2026-06-30
HTO,H2O America,Utilities,Utilities - Regulated Water,0.4736355226641998,0.6836262719703978,0.6410730804810361,0.288135593220339,0.4655172413793103,0.1034482758620689,0.7966101694915254,0.5994449583718778,0.4134278199883109,4,2026-07-01T053352Z,2026-07-01T07:57:04.761328+00:00,2026-06-30
HUBB,Hubbell Incorporated,Industrials,Electrical Equipment & Parts,0.5023126734505088,0.4597594819611471,0.5494912118408881,0.7955555555555556,0.6547085201793722,0.8088888888888889,0.4488888888888889,0.503854455750848,0.6770104633781764,4,2026-07-01T053352Z,2026-07-01T07:57:04.761328+00:00,2026-06-30
HUBG,"Hub Group, Inc.",Industrials,Integrated Freight & Logistics,0.5559666975023126,0.3080481036077706,0.5161887141535615,0.3066666666666666,0.2556053811659193,0.2133333333333333,0.7955555555555556,0.4600678384212149,0.3927902341803687,4,2026-07-01T053352Z,2026-07-01T07:57:04.761328+00:00,2026-06-30
HUBS,"HubSpot, Inc.",Technology,Software - Application,0.0134135060129509,0.0134135060129509,0.0134135060129509,0.3185840707964602,0.9601769911504424,0.5442477876106194,0.7276785714285714,0.013413506012950901,0.6376718552465233,4,2026-07-01T053352Z,2026-07-01T07:57:04.761328+00:00,2026-06-30
HUM,Humana Inc.,Healthcare,Healthcare Plans,0.5985198889916744,0.6688251618871416,0.9287696577243292,0.4968944099378882,,0.2551724137931034,0.5220125786163522,0.7320382362010484,0.4246931341157813,3,2026-07-01T053352Z,2026-07-01T07:57:04.761328+00:00,2026-06-30
HWM,Howmet Aerospace Inc.,Industrials,Aerospace & Defense,0.6771507863089732,0.7058279370952821,0.6836262719703978,0.92,0.6188340807174888,0.9377777777777778,0.3288888888888889,0.6888683317915509,0.7013751868460388,4,2026-07-01T053352Z,2026-07-01T07:57:04.761328+00:00,2026-06-30
HXL,Hexcel Corporation,Industrials,Aerospace & Defense,0.7613320999074931,0.6669750231267345,0.7567067530064755,0.3688888888888889,0.3228699551569506,0.6044444444444445,0.32,0.7283379586802342,0.404050822122571,4,2026-07-01T053352Z,2026-07-01T07:57:04.761328+00:00,2026-06-30
IBM,International Business Machines Corporation,Technology,Information Technology Services,0.3718778908418131,0.3672525439407955,0.4051803885291397,0.6017699115044248,0.4026548672566372,0.5176991150442478,0.1473214285714285,0.38143694110391607,0.41736133059418457,4,2026-07-01T053352Z,2026-07-01T07:57:04.761328+00:00,2026-06-30
IBP,"Installed Building Products, Inc.",Consumer Cyclical,Residential Construction,0.5124884366327475,0.1285846438482886,0.1470860314523589,0.8117647058823529,0.6726190476190477,0.7514792899408284,0.3294117647058823,0.2627197039777983,0.6413187020370279,4,2026-07-01T053352Z,2026-07-01T07:57:04.761328+00:00,2026-06-30
IBRX,"ImmunityBio, Inc.",Healthcare,Biotechnology,0.940795559666975,0.9875115633672524,0.9380203515263644,0.0186335403726708,0.3555555555555555,0.0551724137931034,0.0157232704402515,0.9554424915201972,0.1112711950403953,4,2026-07-01T053352Z,2026-07-01T07:57:04.761328+00:00,2026-06-30
ICHR,"Ichor Holdings, Ltd.",Technology,Semiconductor Equipment & Materials,0.9666975023126736,0.9875115633672524,0.9875115633672524,0.0752212389380531,0.0530973451327433,0.084070796460177,0.59375,0.9805735430157262,0.20153484513274333,4,2026-07-01T053352Z,2026-07-01T07:57:04.761328+00:00,2026-06-30
ICUI,"ICU Medical, Inc.",Healthcare,Medical Instruments & Supplies,0.3515263644773358,0.2599444958371878,0.5013876040703052,0.422360248447205,0.2814814814814815,0.3586206896551724,0.3459119496855345,0.3709528214616096,0.3520935923173484,4,2026-07-01T053352Z,2026-07-01T07:57:04.761328+00:00,2026-06-30
IDA,"IDACORP, Inc.",Utilities,Utilities - Regulated Electric,0.580018501387604,0.5809435707678076,0.5753931544865865,0.7966101694915254,0.0258620689655172,0.0258620689655172,0.7457627118644068,0.5787850755473326,0.3985242548217417,4,2026-07-01T053352Z,2026-07-01T07:57:04.761328+00:00,2026-06-30
IDCC,"InterDigital, Inc.",Technology,Software - Application,0.4209065679925994,0.0989824236817761,0.1350601295097132,0.8893805309734514,0.5973451327433629,0.9889380530973452,0.5267857142857143,0.2183163737280296,0.7506123577749685,4,2026-07-01T053352Z,2026-07-01T07:57:04.761328+00:00,2026-06-30
IDXX,"IDEXX Laboratories, Inc.",Healthcare,Diagnostics & Research,0.3820536540240518,0.1572617946345976,0.1137835337650323,0.9875776397515528,0.9481481481481482,0.8551724137931035,0.3710691823899371,0.21769966080789385,0.7904918460206855,4,2026-07-01T053352Z,2026-07-01T07:57:04.761328+00:00,2026-06-30
IDYA,"IDEAYA Biosciences, Inc.",Healthcare,Biotechnology,0.6586493987049029,0.1720629047178538,0.6762257169287696,0.2608695652173913,,0.1241379310344827,0.8867924528301887,0.5023126734505088,0.4239333163606876,3,2026-07-01T053352Z,2026-07-01T07:57:04.761328+00:00,2026-06-30
IEX,IDEX Corporation,Industrials,Specialty Industrial Machinery,0.5374653098982424,0.6558741905642923,0.6938020351526365,0.6222222222222222,0.5605381165919282,0.8711111111111111,0.5511111111111111,0.6290471785383903,0.6512456402590932,4,2026-07-01T053352Z,2026-07-01T07:57:04.761328+00:00,2026-06-30
IFF,International Flavors & Fragrances Inc.,Basic Materials,Specialty Chemicals,0.3626271970397779,0.6003700277520814,0.6188714153561518,0.3389830508474576,0.4576271186440678,0.4067796610169492,0.559322033898305,0.5272895467160037,0.44067796610169485,4,2026-07-01T053352Z,2026-07-01T07:57:04.761328+00:00,2026-06-30
ILMN,"Illumina, Inc.",Healthcare,Diagnostics & Research,0.7992599444958371,0.6882516188714154,0.8390379278445883,0.8757763975155279,0.7555555555555555,0.8068965517241379,0.2641509433962264,0.7755164970706137,0.6755948620478619,4,2026-07-01T053352Z,2026-07-01T07:57:04.761328+00:00,2026-06-30
IMVT,"Immunovant, Inc.",Healthcare,Biotechnology,0.8704902867715079,0.7428307123034228,0.906567992599445,0.0745341614906832,,,0.9905660377358492,0.8399629972247918,0.5325500996132662,2,2026-07-01T053352Z,2026-07-01T07:57:04.761328+00:00,2026-06-30
INCY,Incyte Corporation,Healthcare,Biotechnology,0.6873265494912119,0.3348751156336725,0.6456984273820536,0.9627329192546584,0.925925925925926,0.8896551724137931,0.9685534591194968,0.5559666975023126,0.9367168691784685,4,2026-07-01T053352Z,2026-07-01T07:57:04.761328+00:00,2026-06-30
INDV,"Indivior Pharmaceuticals, Inc.",Healthcare,Drug Manufacturers - Specialty & Generic,0.9259944495837188,0.3783533765032377,0.7687326549491211,0.968944099378882,0.9888888888888888,0.1655172413793103,0.2138364779874214,0.6910268270120259,0.5842966769086256,4,2026-07-01T053352Z,2026-07-01T07:57:04.761328+00:00,2026-06-30
INGR,Ingredion Incorporated,Consumer Defensive,Packaged Foods,0.1350601295097132,0.2682701202590194,0.1304347826086956,0.6212121212121212,0.3484848484848485,0.3939393939393939,0.7727272727272727,0.17792167745914275,0.5340909090909092,4,2026-07-01T053352Z,2026-07-01T07:57:04.761328+00:00,2026-06-30
INSM,Insmed Incorporated,Healthcare,Biotechnology,0.3894542090656799,0.0134135060129509,0.03422756706753,0.0683229813664596,0.5185185185185185,0.0758620689655172,0.4654088050314465,0.1456984273820536,0.28202809347048546,4,2026-07-01T053352Z,2026-07-01T07:57:04.761328+00:00,2026-06-30
INSW,"International Seaways, Inc.",Energy,Oil & Gas Midstream,0.8945420906567992,0.8982423681776133,0.7983348751156337,0.9927536231884058,0.7971014492753623,0.6521739130434783,0.6521739130434783,0.8637064446500154,0.7735507246376812,4,2026-07-01T053352Z,2026-07-01T07:57:04.761328+00:00,2026-06-30
INTC,Intel Corporation,Technology,Semiconductors,0.9875115633672524,0.9875115633672524,0.9875115633672524,0.1415929203539823,0.0486725663716814,0.0663716814159292,0.4821428571428571,0.9875115633672524,0.1846950063211125,4,2026-07-01T053352Z,2026-07-01T07:57:04.761328+00:00,2026-06-30
INTU,Intuit Inc.,Technology,Software - Application,0.0134135060129509,0.0134135060129509,0.0134135060129509,0.8008849557522124,0.8008849557522124,0.9336283185840708,0.5714285714285714,0.013413506012950901,0.7767067003792667,4,2026-07-01T053352Z,2026-07-01T07:57:04.761328+00:00,2026-06-30
IONQ,"IonQ, Inc.",Technology,Computer Hardware,0.81313598519889,0.8806660499537465,0.4764107308048103,0.4557522123893805,0.0154867256637168,0.0154867256637168,0.9732142857142856,0.723404255319149,0.3649849873577749,4,2026-07-01T053352Z,2026-07-01T07:57:04.761328+00:00,2026-06-30
IONS,"Ionis Pharmaceuticals, Inc.",Healthcare,Biotechnology,0.8427382053654024,0.3200740055504162,0.4301572617946346,0.2857142857142857,0.5037037037037037,0.0827586206896551,0.1257861635220125,0.5309898242368177,0.24949069340741425,4,2026-07-01T053352Z,2026-07-01T07:57:04.761328+00:00,2026-06-30
IOSP,Innospec Inc.,Basic Materials,Specialty Chemicals,0.3311748381128584,0.5032377428307123,0.456059204440333,0.559322033898305,0.7966101694915254,0.3728813559322034,0.9491525423728814,0.4301572617946346,0.6694915254237288,4,2026-07-01T053352Z,2026-07-01T07:57:04.761328+00:00,2026-06-30
IOT,Samsara Inc.,Technology,Software - Infrastructure,0.2220166512488436,0.3219241443108233,0.2617946345975948,0.2920353982300885,0.8672566371681416,0.3761061946902654,0.8616071428571429,0.26857847671908724,0.5992513432364096,4,2026-07-01T053352Z,2026-07-01T07:57:04.761328+00:00,2026-06-30
IP,International Paper Company,Consumer Cyclical,Packaging & Containers,0.1184088806660499,0.1924144310823311,0.3080481036077706,0.0470588235294117,0.2678571428571428,0.1893491124260355,0.788235294117647,0.20629047178538387,0.3231250932325592,4,2026-07-01T053352Z,2026-07-01T07:57:04.761328+00:00,2026-06-30
IPAR,"Interparfums, Inc.",Consumer Defensive,Household & Personal Products,0.1156336725254394,0.5689176688251619,0.7298797409805735,0.7272727272727273,0.8939393939393939,0.696969696969697,0.8636363636363636,0.47147702744372494,0.7954545454545455,4,2026-07-01T053352Z,2026-07-01T07:57:04.761328+00:00,2026-06-30
IPGP,IPG Photonics Corporation,Technology,Semiconductor Equipment & Materials,0.782608695652174,0.8667900092506938,0.6641998149861239,0.2168141592920354,0.1548672566371681,0.0884955752212389,0.9508928571428572,0.7711995066296639,0.3527674620733249,4,2026-07-01T053352Z,2026-07-01T07:57:04.761328+00:00,2026-06-30
IQV,IQVIA Holdings Inc.,Healthcare,Diagnostics & Research,0.4791859389454209,0.1387604070305272,0.3117483811285846,0.639751552795031,0.2518518518518518,0.5793103448275863,0.1320754716981132,0.3098982423681776,0.40074730529314556,4,2026-07-01T053352Z,2026-07-01T07:57:04.761328+00:00,2026-06-30
IR,Ingersoll Rand Inc.,Industrials,Specialty Industrial Machinery,0.1942645698427382,0.2192414431082331,0.3496762257169287,0.2755555555555555,0.3811659192825112,0.8,0.5866666666666667,0.25439407955596666,0.5108470353761834,4,2026-07-01T053352Z,2026-07-01T07:57:04.761328+00:00,2026-06-30
IRDM,Iridium Communications Inc.,Communication Services,Telecom Services,0.8085106382978723,0.9875115633672524,0.9875115633672524,0.5434782608695652,0.5581395348837209,0.9333333333333332,0.0869565217391304,0.9278445883441258,0.5304769127064374,4,2026-07-01T053352Z,2026-07-01T07:57:04.761328+00:00,2026-06-30
IRTC,"iRhythm Holdings, Inc.",Healthcare,Medical Devices,0.1165587419056429,0.03422756706753,0.0869565217391304,0.3478260869565217,0.8444444444444444,0.2827586206896552,0.0691823899371069,0.07924761023743444,0.386052885506932,4,2026-07-01T053352Z,2026-07-01T07:57:04.761328+00:00,2026-06-30
ISRG,"Intuitive Surgical, Inc.",Healthcare,Medical Instruments & Supplies,0.1628122109158186,0.0767807585568917,0.095282146160962,0.906832298136646,0.6148148148148148,0.903448275862069,0.9748427672955976,0.11162503854455745,0.8499845390272818,4,2026-07-01T053352Z,2026-07-01T07:57:04.761328+00:00,2026-06-30
IT,"Gartner, Inc.",Technology,Information Technology Services,0.0134135060129509,0.032377428307123,0.0134135060129509,0.7079646017699115,0.9070796460176992,0.584070796460177,0.1696428571428571,0.0197348134443416,0.5921894753476612,4,2026-07-01T053352Z,2026-07-01T07:57:04.761328+00:00,2026-06-30
ITGR,Integer Holdings Corporation,Healthcare,Medical Devices,0.1100832562442183,0.599444958371878,0.5180388529139686,0.5962732919254659,0.1185185185185185,0.4137931034482758,0.2264150943396226,0.4091890225100216,0.3387500020579707,4,2026-07-01T053352Z,2026-07-01T07:57:04.761328+00:00,2026-06-30
ITRI,"Itron, Inc.",Technology,Scientific & Technical Instruments,0.0582793709528214,0.1868640148011101,0.1572617946345976,0.6415929203539823,0.3407079646017699,0.4778761061946903,0.1919642857142857,0.1341350601295097,0.4130353192161821,4,2026-07-01T053352Z,2026-07-01T07:57:04.761328+00:00,2026-06-30
ITT,ITT Inc.,Industrials,Specialty Industrial Machinery,0.5652173913043478,0.5531914893617021,0.4227567067530065,0.4577777777777778,0.3183856502242152,0.6488888888888888,0.3333333333333333,0.5137218624730188,0.4395964125560538,4,2026-07-01T053352Z,2026-07-01T07:57:04.761328+00:00,2026-06-30
ITW,Illinois Tool Works Inc.,Industrials,Specialty Industrial Machinery,0.3450508788159112,0.3728029602220166,0.4403330249768732,0.9888888888888888,0.9282511210762332,0.8533333333333334,0.0755555555555555,0.38606228800493364,0.7115072247135027,4,2026-07-01T053352Z,2026-07-01T07:57:04.761328+00:00,2026-06-30
J,Jacobs Solutions Inc.,Industrials,Engineering & Construction,0.2590194264569843,0.2294172062904718,0.215541165587419,0.28,0.6816143497757847,0.2311111111111111,0.2888888888888888,0.23465926611162502,0.37040358744394614,4,2026-07-01T053352Z,2026-07-01T07:57:04.761328+00:00,2026-06-30
JBHT,"J.B. Hunt Transport Services, Inc.",Industrials,Integrated Freight & Logistics,0.8418131359851989,0.8001850138760407,0.8612395929694727,0.6666666666666666,0.4663677130044843,0.5422222222222223,0.8044444444444444,0.8344125809435706,0.6199252615844544,4,2026-07-01T053352Z,2026-07-01T07:57:04.761328+00:00,2026-06-30
JBL,Jabil Inc.,Technology,Electronic Components,0.7835337650323775,0.8704902867715079,0.8852913968547641,0.3893805309734513,0.1238938053097345,0.168141592920354,0.5892857142857143,0.8464384828862165,0.31767541087231355,4,2026-07-01T053352Z,2026-07-01T07:57:04.761328+00:00,2026-06-30
JBLU,JetBlue Airways Corporation,Industrials,Airlines,0.599444958371878,0.6438482886216467,0.6549491211840888,0.0577777777777777,0.0493273542600896,0.0488888888888888,0.08,0.6327474560592045,0.05899850523168902,4,2026-07-01T053352Z,2026-07-01T07:57:04.761328+00:00,2026-06-30
JBTM,JBT Marel Corporation,Industrials,Specialty Industrial Machinery,0.4301572617946346,0.2007400555041628,0.3977798334875115,0.2133333333333333,0.2959641255605381,0.5066666666666667,0.7066666666666667,0.3428923835954363,0.4306576980568012,4,2026-07-01T053352Z,2026-07-01T07:57:04.761328+00:00,2026-06-30
JKHY,"Jack Henry & Associates, Inc.",Technology,Information Technology Services,0.1406105457909343,0.0777058279370952,0.1461609620721554,0.8761061946902655,0.6637168141592921,0.6371681415929203,0.8482142857142857,0.1214924452667283,0.7563013590391909,4,2026-07-01T053352Z,2026-07-01T07:57:04.761328+00:00,2026-06-30
JNJ,Johnson & Johnson,Healthcare,Drug Manufacturers - General,0.727104532839963,0.5485661424606846,0.6688251618871416,0.8385093167701864,0.5851851851851851,0.7448275862068966,0.4842767295597484,0.6481652790625964,0.6631997044305041,4,2026-07-01T053352Z,2026-07-01T07:57:04.761328+00:00,2026-06-30
JOBY,"Joby Aviation, Inc.",Industrials,Airports & Air Services,0.5827937095282146,0.1877890841813136,0.0444033302497687,0.0155555555555555,0.0156950672645739,0.0155555555555555,0.6088888888888889,0.2716620413197656,0.16392376681614346,4,2026-07-01T053352Z,2026-07-01T07:57:04.761328+00:00,2026-06-30
KALU,Kaiser Aluminum Corporation,Basic Materials,Aluminum,0.906567992599445,0.879740980573543,0.9213691026827012,0.5423728813559322,0.576271186440678,0.2372881355932203,0.2542372881355932,0.9025593586185631,0.40254237288135597,4,2026-07-01T053352Z,2026-07-01T07:57:04.761328+00:00,2026-06-30
KBH,KB Home,Consumer Cyclical,Residential Construction,0.2738205365402405,0.1933395004625347,0.5106382978723404,0.3588235294117647,0.125,0.6449704142011834,0.7529411764705882,0.3259327782917052,0.4704337800208841,4,2026-07-01T053352Z,2026-07-01T07:57:04.761328+00:00,2026-06-30
KBR,"KBR, Inc.",Industrials,Engineering & Construction,0.1147086031452359,0.2090656799259944,0.1433857539315448,0.5288888888888889,0.3004484304932735,0.4088888888888889,0.2088888888888889,0.15572001233425836,0.36177877428998506,4,2026-07-01T053352Z,2026-07-01T07:57:04.761328+00:00,2026-06-30
KD,"Kyndryl Holdings, Inc.",Technology,Information Technology Services,0.0134135060129509,0.0134135060129509,0.0134135060129509,0.247787610619469,0.4292035398230088,0.1283185840707964,0.2008928571428571,0.013413506012950901,0.2515506479140328,4,2026-07-01T053352Z,2026-07-01T07:57:04.761328+00:00,2026-06-30
KDP,Keurig Dr Pepper Inc.,Consumer Defensive,Beverages - Non-Alcoholic,0.2701202590194264,0.5309898242368177,0.6808510638297872,0.2727272727272727,0.0909090909090909,0.5606060606060606,0.5303030303030303,0.4939870490286771,0.3636363636363636,4,2026-07-01T053352Z,2026-07-01T07:57:04.761328+00:00,2026-06-30
KEX,Kirby Corporation,Industrials,Marine Shipping,0.547641073080481,0.7400555041628122,0.5818686401480111,0.52,0.2376681614349775,0.7911111111111111,0.7555555555555555,0.6231884057971014,0.576083707025411,4,2026-07-01T053352Z,2026-07-01T07:57:04.761328+00:00,2026-06-30
KEYS,"Keysight Technologies, Inc.",Technology,Scientific & Technical Instruments,0.8686401480111008,0.9000925069380203,0.8575393154486587,0.7035398230088495,0.584070796460177,0.6548672566371682,0.4598214285714285,0.8754239901325933,0.6005748261694058,4,2026-07-01T053352Z,2026-07-01T07:57:04.761328+00:00,2026-06-30
KFY,Korn Ferry,Industrials,Staffing & Employment Services,0.3089731729879741,0.4662349676225717,0.3432007400555041,0.5911111111111111,0.9887892376681614,0.6177777777777778,0.8311111111111111,0.37280296022201664,0.7571973094170403,4,2026-07-01T053352Z,2026-07-01T07:57:04.761328+00:00,2026-06-30
KGS,"Kodiak Gas Services, Inc.",Energy,Oil & Gas Equipment & Services,0.8677150786308974,0.940795559666975,0.9148936170212766,0.3188405797101449,0.6086956521739131,0.7101449275362319,0.0217391304347826,0.9078014184397163,0.4148550724637682,4,2026-07-01T053352Z,2026-07-01T07:57:04.761328+00:00,2026-06-30
KHC,The Kraft Heinz Company,Consumer Defensive,Packaged Foods,0.3071230342275671,0.4061054579093432,0.3626271970397779,0.0227272727272727,0.0606060606060606,0.803030303030303,0.7272727272727273,0.35861856305889606,0.4034090909090909,4,2026-07-01T053352Z,2026-07-01T07:57:04.761328+00:00,2026-06-30
KLAC,KLA Corporation,Technology,Semiconductor Equipment & Materials,0.8889916743755781,0.8575393154486587,0.9875115633672524,0.9601769911504424,0.8407079646017699,0.8495575221238938,0.25,0.9113475177304964,0.7251106194690266,4,2026-07-01T053352Z,2026-07-01T07:57:04.761328+00:00,2026-06-30
KMB,Kimberly-Clark Corporation,Consumer Defensive,Household & Personal Products,0.156336725254394,0.3506012950971323,0.4727104532839963,0.7575757575757576,0.4848484848484848,0.6212121212121212,0.3939393939393939,0.32654949121184085,0.5643939393939394,4,2026-07-01T053352Z,2026-07-01T07:57:04.761328+00:00,2026-06-30
KMI,"Kinder Morgan, Inc.",Energy,Oil & Gas Midstream,0.4403330249768732,0.6419981498612396,0.4939870490286771,0.4782608695652174,0.5652173913043478,0.7971014492753623,0.2028985507246377,0.5254394079555966,0.5108695652173914,4,2026-07-01T053352Z,2026-07-01T07:57:04.761328+00:00,2026-06-30
KMT,Kennametal Inc.,Industrials,Tools & Accessories,0.7067530064754857,0.5985198889916744,0.543940795559667,0.44,0.6636771300448431,0.2222222222222222,0.6488888888888888,0.616404563675609,0.4936970602889886,4,2026-07-01T053352Z,2026-07-01T07:57:04.761328+00:00,2026-06-30
KMX,"CarMax, Inc.",Consumer Cyclical,Auto & Truck Dealerships,0.0804810360777058,0.6022201665124884,0.7363552266419982,0.1529411764705882,0.0595238095238095,0.2899408284023668,0.1529411764705882,0.47301880974406413,0.16383674771683815,4,2026-07-01T053352Z,2026-07-01T07:57:04.761328+00:00,2026-06-30
KN,Knowles Corporation,Technology,Electronic Components,0.8732654949121184,0.91581868640148,0.910268270120259,0.4911504424778761,0.3938053097345133,0.3407079646017699,0.6383928571428571,0.8997841504779523,0.4660141434892541,4,2026-07-01T053352Z,2026-07-01T07:57:04.761328+00:00,2026-06-30
KNF,Knife River Corporation,Basic Materials,Building Materials,0.2784458834412581,0.4921369102682701,0.4902867715078631,0.423728813559322,0.4745762711864407,0.1525423728813559,0.2203389830508474,0.4202898550724638,0.3177966101694915,4,2026-07-01T053352Z,2026-07-01T07:57:04.761328+00:00,2026-06-30
KNTK,Kinetik Holdings Inc.,Energy,Oil & Gas Midstream,0.4449583718778908,0.7770582793709528,0.666049953746531,0.6956521739130435,0.2898550724637681,0.2753623188405797,0.072463768115942,0.6293555349984582,0.33333333333333326,4,2026-07-01T053352Z,2026-07-01T07:57:04.761328+00:00,2026-06-30
KNX,Knight-Swift Transportation Holdings Inc.,Industrials,Trucking,0.793709528214616,0.8112858464384829,0.8566142460684552,0.1377777777777777,0.0538116591928251,0.4044444444444444,0.7155555555555555,0.8205365402405181,0.3278973592426507,4,2026-07-01T053352Z,2026-07-01T07:57:04.761328+00:00,2026-06-30
KO,The Coca-Cola Company,Consumer Defensive,Beverages - Non-Alcoholic,0.4699352451433857,0.606845513413506,0.5541165587419057,0.8636363636363636,0.3939393939393939,0.9545454545454546,0.3787878787878788,0.5436324390995991,0.6477272727272727,4,2026-07-01T053352Z,2026-07-01T07:57:04.761328+00:00,2026-06-30
KR,The Kroger Co.,Consumer Defensive,Grocery Stores,0.2275670675300647,0.3746530989824236,0.1267345050878816,0.2272727272727272,0.9545454545454546,0.1666666666666666,0.2424242424242424,0.24298489053345662,0.3977272727272727,4,2026-07-01T053352Z,2026-07-01T07:57:04.761328+00:00,2026-06-30
KRYS,"Krystal Biotech, Inc.",Healthcare,Biotechnology,0.8954671600370028,0.7076780758556892,0.8926919518963923,0.9192546583850932,0.4888888888888889,0.9896551724137932,0.949685534591195,0.8319457292630282,0.8368710635697425,4,2026-07-01T053352Z,2026-07-01T07:57:04.761328+00:00,2026-06-30
KSS,Kohl's Corporation,Consumer Cyclical,Department Stores,0.8029602220166513,0.0407030527289546,0.4736355226641998,0.2,0.6964285714285714,0.5088757396449705,0.3764705882352941,0.43909959913660185,0.44544372482720895,4,2026-07-01T053352Z,2026-07-01T07:57:04.761328+00:00,2026-06-30
KTB,"Kontoor Brands, Inc.",Consumer Cyclical,Apparel Manufacturing,0.4366327474560592,0.6244218316373727,0.6780758556891767,0.7588235294117647,0.8630952380952381,0.7869822485207101,0.4058823529411764,0.5797101449275361,0.7036958422422223,4,2026-07-01T053352Z,2026-07-01T07:57:04.761328+00:00,2026-06-30
KTOS,"Kratos Defense & Security Solutions, Inc.",Industrials,Aerospace & Defense,0.6753006475485661,0.1637372802960222,0.0134135060129509,0.1644444444444444,0.085201793721973,0.0622222222222222,0.9422222222222222,0.2841504779525131,0.31352267065271544,4,2026-07-01T053352Z,2026-07-01T07:57:04.761328+00:00,2026-06-30
KVUE,Kenvue Inc.,Consumer Defensive,Household & Personal Products,0.2081406105457909,0.4329324699352451,0.5920444033302498,0.4545454545454545,0.4545454545454545,0.6515151515151515,0.5909090909090909,0.41103916127042855,0.5378787878787878,4,2026-07-01T053352Z,2026-07-01T07:57:04.761328+00:00,2026-06-30
KVYO,"Klaviyo, Inc.",Technology,Software - Application,0.0134135060129509,0.0134135060129509,0.0134135060129509,0.1725663716814159,0.9292035398230089,0.4336283185840708,0.6919642857142857,0.013413506012950901,0.5568406289506953,4,2026-07-01T053352Z,2026-07-01T07:57:04.761328+00:00,2026-06-30
LAD,"Lithia Motors, Inc.",Consumer Cyclical,Auto & Truck Dealerships,0.215541165587419,0.1803885291396854,0.2701202590194264,0.2647058823529412,0.3452380952380952,0.0473372781065088,0.2,0.2220166512488436,0.21432031392438627,4,2026-07-01T053352Z,2026-07-01T07:57:04.761328+00:00,2026-06-30
LASR,"nLIGHT, Inc.",Technology,Semiconductors,0.971322849213691,0.9454209065679926,0.8482886216466234,0.1017699115044247,0.3141592920353982,0.243362831858407,0.7098214285714286,0.921677459142769,0.3422783659924146,4,2026-07-01T053352Z,2026-07-01T07:57:04.761328+00:00,2026-06-30
LAUR,"Laureate Education, Inc.",Consumer Defensive,Education & Training Services,0.6641998149861239,0.2812210915818686,0.5531914893617021,0.7727272727272727,0.303030303030303,0.7727272727272727,0.6363636363636364,0.49953746530989823,0.6212121212121212,4,2026-07-01T053352Z,2026-07-01T07:57:04.761328+00:00,2026-06-30
LBRDA,Liberty Broadband Corporation,Communication Services,Telecom Services,0.0134135060129509,0.0582793709528214,0.0314523589269195,0.0326086956521739,,,0.6086956521739131,0.03438174529756393,0.3206521739130435,2,2026-07-01T053352Z,2026-07-01T07:57:04.761328+00:00,2026-06-30
LBRT,Liberty Energy Inc.,Energy,Oil & Gas Equipment & Services,0.9222941720629048,0.8917668825161887,0.6133209990749307,0.4492753623188406,0.2318840579710145,0.1594202898550724,0.2753623188405797,0.809127351218008,0.27898550724637683,4,2026-07-01T053352Z,2026-07-01T07:57:04.761328+00:00,2026-06-30
LCID,"Lucid Group, Inc.",Consumer Cyclical,Auto Manufacturers,0.0134135060129509,0.0134135060129509,0.0134135060129509,0.0176470588235294,0.0178571428571428,0.0177514792899408,0.5117647058823529,0.013413506012950901,0.14125509671324146,4,2026-07-01T053352Z,2026-07-01T07:57:04.761328+00:00,2026-06-30
LCII,LCI Industries,Consumer Cyclical,Recreational Vehicles,0.5587419056429233,0.2377428307123034,0.213691026827012,0.5411764705882353,0.5,0.3727810650887574,0.5941176470588235,0.3367252543940795,0.502018795683954,4,2026-07-01T053352Z,2026-07-01T07:57:04.761328+00:00,2026-06-30
LDOS,"Leidos Holdings, Inc.",Technology,Information Technology Services,0.1785383903792784,0.0490286771507863,0.0134135060129509,0.7212389380530974,0.2964601769911504,0.3274336283185841,0.1339285714285714,0.08032685784767186,0.36976532869785084,4,2026-07-01T053352Z,2026-07-01T07:57:04.761328+00:00,2026-06-30
LEA,Lear Corporation,Consumer Cyclical,Auto Parts,0.7419056429232193,0.7123034227567068,0.5827937095282146,0.3176470588235294,0.0654761904761904,0.2426035502958579,0.8941176470588236,0.6790009250693801,0.37996111166360036,4,2026-07-01T053352Z,2026-07-01T07:57:04.761328+00:00,2026-06-30
LECO,"Lincoln Electric Holdings, Inc.",Industrials,Tools & Accessories,0.572617946345976,0.4754856614246068,0.4375578168362627,0.9022222222222224,0.8878923766816144,0.5866666666666667,0.4133333333333333,0.49522047486894855,0.6975286497259592,4,2026-07-01T053352Z,2026-07-01T07:57:04.761328+00:00,2026-06-30
LEGN,Legend Biotech Corporation,Healthcare,Biotechnology,0.1517113783533765,0.6864014801110083,0.603145235892692,0.2360248447204969,0.6666666666666666,0.1724137931034483,0.559748427672956,0.48041936478569225,0.4087134330408919,4,2026-07-01T053352Z,2026-07-01T07:57:04.761328+00:00,2026-06-30
LEN,Lennar Corporation,Consumer Cyclical,Residential Construction,0.1813135985198889,0.1961147086031452,0.1248843663274745,0.4411764705882353,0.0416666666666666,0.1597633136094674,0.8823529411764706,0.1674375578168362,0.38123984801020994,4,2026-07-01T053352Z,2026-07-01T07:57:04.761328+00:00,2026-06-30
LEU,Centrus Energy Corp.,Energy,Uranium,0.395004625346901,0.0666049953746531,0.0134135060129509,0.3478260869565217,0.1304347826086956,0.0869565217391304,0.144927536231884,0.158341042244835,0.17753623188405793,4,2026-07-01T053352Z,2026-07-01T07:57:04.761328+00:00,2026-06-30
LEVI,Levi Strauss & Co.,Consumer Cyclical,Apparel Manufacturing,0.6040703052728955,0.5716928769657724,0.6419981498612396,0.6823529411764706,0.8690476190476191,0.5325443786982249,0.6411764705882353,0.6059204440333025,0.6812803523776375,4,2026-07-01T053352Z,2026-07-01T07:57:04.761328+00:00,2026-06-30
LFST,"LifeStance Health Group, Inc.",Healthcare,Medical Care Facilities,0.7187789084181314,0.5217391304347826,0.9259944495837188,0.4161490683229814,0.3259259259259259,0.5172413793103449,0.5974842767295597,0.7221708294788777,0.464200162572203,4,2026-07-01T053352Z,2026-07-01T07:57:04.761328+00:00,2026-06-30
LFUS,"Littelfuse, Inc.",Technology,Electronic Components,0.8741905642923219,0.9296947271045328,0.8547641073080481,0.163716814159292,0.3584070796460177,0.4424778761061947,0.5491071428571429,0.8862164662349676,0.3784272281921618,4,2026-07-01T053352Z,2026-07-01T07:57:04.761328+00:00,2026-06-30
LH,Labcorp Holdings Inc.,Healthcare,Diagnostics & Research,0.3330249768732655,0.4338575393154487,0.4384828862164662,0.6583850931677019,0.2888888888888888,0.5310344827586206,0.3018867924528302,0.4017884674683934,0.4450488143170104,4,2026-07-01T053352Z,2026-07-01T07:57:04.761328+00:00,2026-06-30
LHX,"L3Harris Technologies, Inc.",Industrials,Aerospace & Defense,0.6086956521739131,0.4930619796484736,0.2090656799259944,0.3466666666666667,0.210762331838565,0.6577777777777778,0.5555555555555556,0.43694110391612706,0.44269058295964125,4,2026-07-01T053352Z,2026-07-01T07:57:04.761328+00:00,2026-06-30
LIF,"Life360, Inc.",Technology,Software - Application,0.091581868640148,0.030527289546716,0.1618871415356151,0.8407079646017699,0.7345132743362832,0.4557522123893805,0.3258928571428571,0.09466543324082637,0.5892165771175727,4,2026-07-01T053352Z,2026-07-01T07:57:04.761328+00:00,2026-06-30
LII,Lennox International Inc.,Industrials,Building Products & Equipment,0.2303422756706753,0.4098057354301572,0.5985198889916744,0.9888888888888888,0.8923766816143498,0.72,0.1688888888888889,0.4128893000308356,0.6925386148480319,4,2026-07-01T053352Z,2026-07-01T07:57:04.761328+00:00,2026-06-30
LITE,Lumentum Holdings Inc.,Technology,Communication Equipment,0.9875115633672524,0.967622571692877,0.9296947271045328,0.6371681415929203,0.1504424778761062,0.1814159292035398,0.1160714285714285,0.961609620721554,0.2712744943109987,4,2026-07-01T053352Z,2026-07-01T07:57:04.761328+00:00,2026-06-30
LKQ,LKQ Corporation,Consumer Cyclical,Auto Parts,0.1313598519888991,0.2451433857539315,0.1720629047178538,0.3,0.5595238095238095,0.4497041420118343,0.6529411764705882,0.18285538082022812,0.490542282001558,4,2026-07-01T053352Z,2026-07-01T07:57:04.761328+00:00,2026-06-30
LLY,Eli Lilly and Company,Healthcare,Drug Manufacturers - General,0.6956521739130435,0.4320074005550416,0.7400555041628122,0.9875776397515528,0.8222222222222222,0.6482758620689655,0.320754716981132,0.6225716928769658,0.6947076102559682,4,2026-07-01T053352Z,2026-07-01T07:57:04.761328+00:00,2026-06-30
LLYVK,"Liberty Live Holdings, Inc.",Communication Services,Entertainment,0.5568917668825162,0.6530989824236818,0.637372802960222,0.0652173913043478,0.0697674418604651,0.0666666666666666,0.0326086956521739,0.6157878507554733,0.05856504887091335,4,2026-07-01T053352Z,2026-07-01T07:57:04.761328+00:00,2026-06-30
LMT,Lockheed Martin Corporation,Industrials,Aerospace & Defense,0.5050878815911193,0.5568917668825162,0.2516188714153561,0.68,0.1614349775784753,0.4444444444444444,0.3511111111111111,0.43786617329633054,0.4092476332835077,4,2026-07-01T053352Z,2026-07-01T07:57:04.761328+00:00,2026-06-30
LNG,"Cheniere Energy, Inc.",Energy,Oil & Gas Midstream,0.2765957446808511,0.6743755781683626,0.4162812210915819,0.3768115942028985,0.4057971014492754,0.6086956521739131,0.0579710144927536,0.45575084798026516,0.36231884057971014,4,2026-07-01T053352Z,2026-07-01T07:57:04.761328+00:00,2026-06-30
LNT,Alliant Energy Corporation,Utilities,Utilities - Regulated Electric,0.5504162812210915,0.5735430157261795,0.5578168362627197,0.8135593220338984,0.2413793103448276,0.9655172413793104,0.2372881355932203,0.5605920444033302,0.5644360023378141,4,2026-07-01T053352Z,2026-07-01T07:57:04.761328+00:00,2026-06-30
LOAR,Loar Holdings Inc.,Industrials,Aerospace & Defense,0.1128584643848288,0.2830712303422756,0.6632747456059205,0.2666666666666666,0.1928251121076233,0.8977777777777778,0.2222222222222222,0.353068146777675,0.3948729446935725,4,2026-07-01T053352Z,2026-07-01T07:57:04.761328+00:00,2026-06-30
LOPE,"Grand Canyon Education, Inc.",Consumer Defensive,Education & Training Services,0.1581868640148011,0.2284921369102682,0.1082331174838112,0.9696969696969696,0.9090909090909092,0.9242424242424242,0.8787878787878788,0.1649707061362935,0.9204545454545455,4,2026-07-01T053352Z,2026-07-01T07:57:04.761328+00:00,2026-06-30
LOW,"Lowe's Companies, Inc.",Consumer Cyclical,Home Improvement Retail,0.303422756706753,0.2220166512488436,0.1942645698427382,0.8352941176470589,0.8095238095238095,0.591715976331361,0.1117647058823529,0.23990132593277827,0.5870746523461455,4,2026-07-01T053352Z,2026-07-01T07:57:04.761328+00:00,2026-06-30
LPX,Louisiana-Pacific Corporation,Industrials,Building Products & Equipment,0.2201665124884366,0.2738205365402405,0.2858464384828862,0.2711111111111111,0.4439461883408072,0.1244444444444444,0.8222222222222222,0.25994449583718776,0.4154309915296462,4,2026-07-01T053352Z,2026-07-01T07:57:04.761328+00:00,2026-06-30
LRCX,Lam Research Corporation,Technology,Semiconductor Equipment & Materials,0.9565217391304348,0.93154486586494,0.973172987974098,0.9646017699115044,0.8716814159292036,0.7787610619469026,0.5669642857142857,0.9537465309898243,0.795502133375474,4,2026-07-01T053352Z,2026-07-01T07:57:04.761328+00:00,2026-06-30
LRN,"Stride, Inc.",Consumer Defensive,Education & Training Services,0.0619796484736355,0.7955596669750231,0.2331174838112858,0.8181818181818182,0.5757575757575758,0.7272727272727273,0.803030303030303,0.36355226641998145,0.731060606060606,4,2026-07-01T053352Z,2026-07-01T07:57:04.761328+00:00,2026-06-30
LSCC,Lattice Semiconductor Corporation,Technology,Semiconductors,0.9454209065679926,0.9491211840888066,0.935245143385754,0.2876106194690265,0.7787610619469026,0.6504424778761062,0.7946428571428571,0.9432624113475178,0.6278642541087232,4,2026-07-01T053352Z,2026-07-01T07:57:04.761328+00:00,2026-06-30
LSTR,"Landstar System, Inc.",Industrials,Integrated Freight & Logistics,0.72895467160037,0.8233117483811286,0.818686401480111,0.6577777777777778,0.8699551569506726,0.2755555555555555,0.9066666666666666,0.7903176071538699,0.6774887892376682,4,2026-07-01T053352Z,2026-07-01T07:57:04.761328+00:00,2026-06-30
LTH,"Life Time Group Holdings, Inc.",Consumer Cyclical,Leisure,0.4181313598519889,0.7150786308973173,0.8806660499537465,0.4352941176470588,0.1964285714285714,0.0177514792899408,0.3470588235294117,0.6712920135676842,0.2491332479737457,4,2026-07-01T053352Z,2026-07-01T07:57:04.761328+00:00,2026-06-30
LUMN,"Lumen Technologies, Inc.",Communication Services,Telecom Services,0.9148936170212766,0.816836262719704,0.2562442183163737,0.108695652173913,0.3255813953488372,0.1777777777777777,0.3260869565217391,0.6626580326857847,0.23453544545556676,4,2026-07-01T053352Z,2026-07-01T07:57:04.761328+00:00,2026-06-30
LUV,Southwest Airlines Co.,Industrials,Airlines,0.6475485661424607,0.45790934320074,0.793709528214616,0.2444444444444444,0.3856502242152466,0.1066666666666666,0.7288888888888889,0.6330558125192722,0.3664125560538116,4,2026-07-01T053352Z,2026-07-01T07:57:04.761328+00:00,2026-06-30
LVS,Las Vegas Sands Corp.,Consumer Cyclical,Resorts & Casinos,0.4930619796484736,0.1063829787234042,0.1017576318223866,0.6529411764705882,0.5119047619047619,0.863905325443787,0.1235294117647058,0.23373419673142148,0.5380701688959607,4,2026-07-01T053352Z,2026-07-01T07:57:04.761328+00:00,2026-06-30
LW,"Lamb Weston Holdings, Inc.",Consumer Defensive,Packaged Foods,0.183163737280296,0.4532839962997225,0.1674375578168362,0.3636363636363636,0.1666666666666666,0.5757575757575758,0.1363636363636363,0.2679617637989516,0.31060606060606055,4,2026-07-01T053352Z,2026-07-01T07:57:04.761328+00:00,2026-06-30
LYFT,"Lyft, Inc.",Technology,Software - Application,0.2331174838112858,0.0656799259944495,0.1295097132284921,0.9690265486725664,0.5486725663716814,0.504424778761062,0.6428571428571429,0.14276904101140916,0.6662452591656132,4,2026-07-01T053352Z,2026-07-01T07:57:04.761328+00:00,2026-06-30
LYV,"Live Nation Entertainment, Inc.",Communication Services,Entertainment,0.4477335800185014,0.6327474560592045,0.6882516188714154,0.2608695652173913,0.6046511627906976,0.2444444444444444,0.3478260869565217,0.5895775516497072,0.3644478148522638,4,2026-07-01T053352Z,2026-07-01T07:57:04.761328+00:00,2026-06-30
M,"Macy's, Inc.",Consumer Cyclical,Department Stores,0.8547641073080481,0.3524514338575393,0.6706753006475485,0.3647058823529411,0.8392857142857143,0.3491124260355029,0.7058823529411765,0.6259636139377119,0.5647465939038337,4,2026-07-01T053352Z,2026-07-01T07:57:04.761328+00:00,2026-06-30
MANH,"Manhattan Associates, Inc.",Technology,Software - Application,0.1304347826086956,0.183163737280296,0.1424606845513413,0.9557522123893806,0.9889380530973452,0.911504424778761,0.6964285714285714,0.1520197348134443,0.8881558154235145,4,2026-07-01T053352Z,2026-07-01T07:57:04.761328+00:00,2026-06-30
MAR,"Marriott International, Inc.",Consumer Cyclical,Lodging,0.666049953746531,0.6780758556891767,0.6327474560592045,0.7,0.2559523809523809,0.7455621301775148,0.2058823529411764,0.6589577551649707,0.47684921601776803,4,2026-07-01T053352Z,2026-07-01T07:57:04.761328+00:00,2026-06-30
MAS,Masco Corporation,Industrials,Building Products & Equipment,0.4384828862164662,0.5448658649398704,0.7141535615171137,0.9466666666666668,0.9596412556053812,0.6844444444444444,0.0577777777777777,0.5658341042244834,0.6621325361235675,4,2026-07-01T053352Z,2026-07-01T07:57:04.761328+00:00,2026-06-30
MAT,"Mattel, Inc.",Consumer Cyclical,Leisure,0.1267345050878816,0.0786308973172988,0.0823311748381128,0.6176470588235294,0.625,0.4792899408284023,0.5176470588235295,0.09589885908109773,0.5598960146188653,4,2026-07-01T053352Z,2026-07-01T07:57:04.761328+00:00,2026-06-30
MATX,"Matson, Inc.",Industrials,Marine Shipping,0.7733580018501388,0.8260869565217391,0.8177613320999075,0.7422222222222222,0.273542600896861,0.3644444444444444,0.8133333333333334,0.8057354301572618,0.5483856502242153,4,2026-07-01T053352Z,2026-07-01T07:57:04.761328+00:00,2026-06-30
MCD,McDonald's Corporation,Consumer Cyclical,Restaurants,0.2978723404255319,0.2432932469935245,0.183163737280296,0.8941176470588236,0.3988095238095238,0.9881656804733728,0.0588235294117647,0.24144310823311746,0.5849790951883712,4,2026-07-01T053352Z,2026-07-01T07:57:04.761328+00:00,2026-06-30
MCHP,Microchip Technology Incorporated,Technology,Semiconductors,0.6595744680851063,0.8353376503237743,0.7613320999074931,0.2300884955752212,0.247787610619469,0.5530973451327433,0.2321428571428571,0.7520814061054578,0.3157790771175727,4,2026-07-01T053352Z,2026-07-01T07:57:04.761328+00:00,2026-06-30
MCK,McKesson Corporation,Healthcare,Medical Distribution,0.3487511563367252,0.2368177613320999,0.2016651248843663,0.6894409937888198,0.2148148148148148,0.2620689655172414,0.7358490566037735,0.2624113475177305,0.47554345768116235,4,2026-07-01T053352Z,2026-07-01T07:57:04.761328+00:00,2026-06-30
MD,"Pediatrix Medical Group, Inc.",Healthcare,Medical Care Facilities,0.7382053654024052,0.3607770582793709,0.7095282146160962,0.7639751552795031,0.3407407407407407,0.5724137931034483,0.4150943396226415,0.6028368794326241,0.5230560071865834,4,2026-07-01T053352Z,2026-07-01T07:57:04.761328+00:00,2026-06-30
MDGL,"Madrigal Pharmaceuticals, Inc.",Healthcare,Biotechnology,0.7789084181313598,0.1655874190564292,0.4995374653098982,0.1677018633540372,0.9703703703703704,0.1310344827586207,0.4591194968553459,0.4813444341658957,0.4320565533345936,4,2026-07-01T053352Z,2026-07-01T07:57:04.761328+00:00,2026-06-30
MDLZ,"Mondelez International, Inc.",Consumer Defensive,Confectioners,0.2617946345975948,0.6096207215541165,0.3348751156336725,0.3181818181818182,0.1363636363636363,0.4090909090909091,0.6515151515151515,0.40209682392846124,0.3787878787878788,4,2026-07-01T053352Z,2026-07-01T07:57:04.761328+00:00,2026-06-30
MDU,"MDU Resources Group, Inc.",Utilities,Utilities - Regulated Gas,0.6179463459759482,0.517113783533765,0.4421831637372803,0.4406779661016949,0.2586206896551724,0.2586206896551724,0.8305084745762712,0.5257477644156645,0.4471069549970777,4,2026-07-01T053352Z,2026-07-01T07:57:04.761328+00:00,2026-06-30
MEDP,"Medpace Holdings, Inc.",Healthcare,Diagnostics & Research,0.6993524514338575,0.122109158186864,0.391304347826087,0.9875776397515528,0.674074074074074,0.896551724137931,0.8176100628930818,0.40425531914893614,0.8439533752141599,4,2026-07-01T053352Z,2026-07-01T07:57:04.761328+00:00,2026-06-30
META,"Meta Platforms, Inc.",Communication Services,Internet Content & Information,0.2062904717853839,0.3154486586493987,0.1480111008325624,0.9130434782608696,0.813953488372093,0.7333333333333333,0.7608695652173914,0.223250077089115,0.8052999662959219,4,2026-07-01T053352Z,2026-07-01T07:57:04.761328+00:00,2026-06-30
MGEE,"MGE Energy, Inc.",Utilities,Utilities - Regulated Electric,0.2127659574468085,0.3395004625346901,0.393154486586494,0.9491525423728814,0.6379310344827587,0.396551724137931,0.9322033898305084,0.31514030218933087,0.7289596727060199,4,2026-07-01T053352Z,2026-07-01T07:57:04.761328+00:00,2026-06-30
MGM,MGM Resorts International,Consumer Cyclical,Resorts & Casinos,0.5938945420906568,0.6345975948196114,0.7974098057354302,0.1470588235294117,0.2321428571428571,0.621301775147929,0.1176470588235294,0.6753006475485662,0.2795376286609318,4,2026-07-01T053352Z,2026-07-01T07:57:04.761328+00:00,2026-06-30
MGNI,"Magnite, Inc.",Communication Services,Advertising Agencies,0.0860314523589269,0.2072155411655874,0.7456059204440333,0.6956521739130435,0.2325581395348837,0.2,0.8695652173913043,0.34628430465618254,0.4994438827098079,4,2026-07-01T053352Z,2026-07-01T07:57:04.761328+00:00,2026-06-30
MGRC,McGrath RentCorp,Industrials,Rental & Leasing Services,0.2710453283996299,0.4181313598519889,0.5143385753931545,0.5644444444444444,0.4260089686098655,0.1866666666666666,0.6933333333333334,0.4011717545482578,0.46761335326357745,4,2026-07-01T053352Z,2026-07-01T07:57:04.761328+00:00,2026-06-30
MGY,Magnolia Oil & Gas Corporation,Energy,Oil & Gas E&P,0.5485661424606846,0.7446808510638298,0.3302497687326549,0.8695652173913043,0.855072463768116,0.927536231884058,0.855072463768116,0.5411655874190564,0.8768115942028987,4,2026-07-01T053352Z,2026-07-01T07:57:04.761328+00:00,2026-06-30
MHK,"Mohawk Industries, Inc.",Consumer Cyclical,"Furnishings, Fixtures & Appliances",0.3478260869565217,0.3450508788159112,0.4708603145235893,0.288235294117647,0.238095238095238,0.4970414201183432,0.8764705882352941,0.3879124267653407,0.47496063514163056,4,2026-07-01T053352Z,2026-07-01T07:57:04.761328+00:00,2026-06-30
MHO,"M/I Homes, Inc.",Consumer Cyclical,Residential Construction,0.4921369102682701,0.4227567067530065,0.6956521739130435,0.6058823529411764,0.3154761904761904,0.3431952662721893,0.8470588235294118,0.5368485969781066,0.527903158304742,4,2026-07-01T053352Z,2026-07-01T07:57:04.761328+00:00,2026-06-30
MIDD,The Middleby Corporation,Industrials,Specialty Industrial Machinery,0.3848288621646623,0.427382053654024,0.6993524514338575,0.04,0.5246636771300448,0.8133333333333334,0.3466666666666667,0.5038544557508479,0.43116591928251125,4,2026-07-01T053352Z,2026-07-01T07:57:04.761328+00:00,2026-06-30
MIR,"Mirion Technologies, Inc.",Industrials,Specialty Industrial Machinery,0.1914893617021276,0.1045328399629972,0.0906567992599444,0.16,0.1838565022421524,0.5555555555555556,0.36,0.1288930003083564,0.314853014449427,4,2026-07-01T053352Z,2026-07-01T07:57:04.761328+00:00,2026-06-30
MKC,"McCormick & Company, Incorporated",Consumer Defensive,Packaged Foods,0.062904717853839,0.0555041628122109,0.125809435707678,0.696969696969697,0.1515151515151515,0.7575757575757576,0.6666666666666666,0.0814061054579093,0.5681818181818181,4,2026-07-01T053352Z,2026-07-01T07:57:04.761328+00:00,2026-06-30
MKSI,MKS Inc.,Technology,Scientific & Technical Instruments,0.9537465309898242,0.9537465309898242,0.9875115633672524,0.3716814159292035,0.3053097345132743,0.3008849557522124,0.09375,0.9650015417823002,0.26790652654867253,4,2026-07-01T053352Z,2026-07-01T07:57:04.761328+00:00,2026-06-30
MLI,"Mueller Industries, Inc.",Industrials,Metal Fabrication,0.7715078630897317,0.5402405180388529,0.4218316373728029,0.9888888888888888,0.8161434977578476,0.8044444444444444,0.9888888888888888,0.5778600061671292,0.8995914299950174,4,2026-07-01T053352Z,2026-07-01T07:57:04.761328+00:00,2026-06-30
MLM,"Martin Marietta Materials, Inc.",Basic Materials,Building Materials,0.3829787234042553,0.242368177613321,0.2266419981498612,0.9152542372881356,0.2203389830508474,0.8305084745762712,0.5254237288135594,0.28399629972247914,0.6228813559322034,4,2026-07-01T053352Z,2026-07-01T07:57:04.761328+00:00,2026-06-30
MLYS,"Mineralys Therapeutics, Inc.",Healthcare,Biotechnology,0.9019426456984274,0.1813135985198889,0.1008325624421831,0.1801242236024844,,,,0.3946962688868331,0.1801242236024844,1,2026-07-01T053352Z,2026-07-01T07:57:04.761328+00:00,2026-06-30
MMM,3M Company,Industrials,Conglomerates,0.3496762257169287,0.3145235892691952,0.3940795559666975,0.6444444444444445,0.7040358744394619,0.52,0.3377777777777778,0.3527597903176072,0.551564524165421,4,2026-07-01T053352Z,2026-07-01T07:57:04.761328+00:00,2026-06-30
MMS,"Maximus, Inc.",Industrials,Specialty Business Services,0.2386679000925069,0.0684551341350601,0.0351526364477335,0.7244444444444444,0.7937219730941704,0.4222222222222222,0.2755555555555555,0.11409189022510018,0.5539860488290981,4,2026-07-01T053352Z,2026-07-01T07:57:04.761328+00:00,2026-06-30
MMSI,"Merit Medical Systems, Inc.",Healthcare,Medical Instruments & Supplies,0.0841813135985199,0.0693802035152636,0.185013876040703,0.6645962732919255,0.4666666666666667,0.6206896551724138,0.4213836477987421,0.11285846438482883,0.5433340607324371,4,2026-07-01T053352Z,2026-07-01T07:57:04.761328+00:00,2026-06-30
MNST,Monster Beverage Corporation,Consumer Defensive,Beverages - Non-Alcoholic,0.6919518963922294,0.6086956521739131,0.7539315448658649,0.9393939393939394,0.6515151515151515,0.9393939393939394,0.9696969696969696,0.6848596978106691,0.875,4,2026-07-01T053352Z,2026-07-01T07:57:04.761328+00:00,2026-06-30
MO,"Altria Group, Inc.",Consumer Defensive,Tobacco,0.5670675300647549,0.7086031452358927,0.6253469010175763,0.9924242424242424,0.6060606060606061,0.9924242424242424,0.0227272727272727,0.633672525439408,0.6534090909090908,4,2026-07-01T053352Z,2026-07-01T07:57:04.761328+00:00,2026-06-30
MOD,Modine Manufacturing Company,Consumer Cyclical,Auto Parts,0.938945420906568,0.9583718778908418,0.8399629972247918,0.4117647058823529,0.4345238095238095,0.272189349112426,0.9117647058823528,0.9124267653407339,0.5075606426002353,4,2026-07-01T053352Z,2026-07-01T07:57:04.761328+00:00,2026-06-30
MOG-A,Moog Inc.,Industrials,Aerospace & Defense,0.8593894542090657,0.8196114708603145,0.9037927844588344,0.5244444444444445,0.5919282511210763,0.4311111111111111,0.6177777777777778,0.8609312365094048,0.5413153961136024,4,2026-07-01T053352Z,2026-07-01T07:57:04.761328+00:00,2026-06-30
MOH,"Molina Healthcare, Inc.",Healthcare,Healthcare Plans,0.0471785383903792,0.4680851063829787,0.8344125809435707,0.4347826086956521,0.3481481481481481,0.2413793103448276,0.5660377358490566,0.4498920752389762,0.3975869507594211,4,2026-07-01T053352Z,2026-07-01T07:57:04.761328+00:00,2026-06-30
MOS,The Mosaic Company,Basic Materials,Agricultural Inputs,0.0971322849213691,0.3876040703052729,0.0999074930619796,0.2542372881355932,0.135593220338983,0.1186440677966101,0.6101694915254238,0.19488128276287386,0.2796610169491525,4,2026-07-01T053352Z,2026-07-01T07:57:04.761328+00:00,2026-06-30
MP,MP Materials Corp.,Basic Materials,Other Industrial Metals & Mining,0.8529139685476411,0.696577243293247,0.1877890841813136,0.1864406779661017,0.0254237288135593,0.0254237288135593,0.5423728813559322,0.5790934320074006,0.19491525423728812,4,2026-07-01T053352Z,2026-07-01T07:57:04.761328+00:00,2026-06-30
MPC,Marathon Petroleum Corporation,Energy,Oil & Gas Refining & Marketing,0.7252543940795559,0.8686401480111008,0.7409805735430157,0.5507246376811594,0.5362318840579711,0.2898550724637681,0.2608695652173913,0.7782917052112243,0.40942028985507245,4,2026-07-01T053352Z,2026-07-01T07:57:04.761328+00:00,2026-06-30
MPWR,"Monolithic Power Systems, Inc.",Technology,Semiconductors,0.883441258094357,0.9037927844588344,0.6910268270120259,0.8539823008849557,0.6858407079646017,0.6238938053097345,0.9888392857142856,0.8260869565217391,0.7881390249683944,4,2026-07-01T053352Z,2026-07-01T07:57:04.761328+00:00,2026-06-30
MRCY,"Mercury Systems, Inc.",Industrials,Aerospace & Defense,0.8751156336725254,0.8566142460684552,0.8843663274745606,0.1022222222222222,0.1210762331838565,0.4488888888888889,0.5911111111111111,0.8720320690718472,0.3158246138515197,4,2026-07-01T053352Z,2026-07-01T07:57:04.761328+00:00,2026-06-30
MRK,"Merck & Co., Inc.",Healthcare,Drug Manufacturers - General,0.7400555041628122,0.5827937095282146,0.7243293246993524,0.7267080745341615,0.6444444444444445,0.8,0.2830188679245283,0.6823928461301264,0.6135428467257836,4,2026-07-01T053352Z,2026-07-01T07:57:04.761328+00:00,2026-06-30
MRNA,"Moderna, Inc.",Healthcare,Biotechnology,0.8020351526364478,0.8612395929694727,0.9528214616096208,0.15527950310559,0.037037037037037,0.1034482758620689,0.7295597484276729,0.8720320690718472,0.2563311411080922,4,2026-07-01T053352Z,2026-07-01T07:57:04.761328+00:00,2026-06-30
MRVL,"Marvell Technology, Inc.",Technology,Semiconductors,0.9333950046253467,0.9740980573543015,0.9875115633672524,0.7256637168141593,0.2256637168141592,0.5752212389380531,0.5178571428571429,0.9650015417823002,0.5111014538558786,4,2026-07-01T053352Z,2026-07-01T07:57:04.761328+00:00,2026-06-30
MSA,MSA Safety Incorporated,Industrials,Security & Protection Services,0.3265494912118409,0.4190564292321924,0.3802035152636447,0.8177777777777778,0.8251121076233184,0.8355555555555556,0.6044444444444445,0.3752698119025593,0.770722471350274,4,2026-07-01T053352Z,2026-07-01T07:57:04.761328+00:00,2026-06-30
MSFT,Microsoft Corporation,Technology,Software - Infrastructure,0.246068455134135,0.272895467160037,0.1156336725254394,0.9070796460176992,0.5707964601769911,0.6858407079646017,0.6741071428571429,0.21153253160653715,0.7094559892541087,4,2026-07-01T053352Z,2026-07-01T07:57:04.761328+00:00,2026-06-30
MSGE,Madison Square Garden Entertainment Corp.,Communication Services,Entertainment,0.8048103607770583,0.7613320999074931,0.8686401480111008,0.4130434782608695,0.5348837209302325,0.8666666666666667,0.1956521739130435,0.8115942028985508,0.5025615099427031,4,2026-07-01T053352Z,2026-07-01T07:57:04.761328+00:00,2026-06-30
MSGS,Madison Square Garden Sports Corp.,Communication Services,Entertainment,0.8149861239592969,0.8223866790009251,0.8630897317298798,0.1739130434782608,0.2558139534883721,0.2666666666666666,0.0652173913043478,0.8334875115633672,0.1904027637344118,4,2026-07-01T053352Z,2026-07-01T07:57:04.761328+00:00,2026-06-30
MSI,"Motorola Solutions, Inc.",Technology,Communication Equipment,0.2950971322849213,0.5106382978723404,0.3163737280296022,0.7610619469026548,0.5575221238938053,0.6150442477876106,0.0803571428571428,0.37403638606228795,0.5034963653603034,4,2026-07-01T053352Z,2026-07-01T07:57:04.761328+00:00,2026-06-30
MSM,"MSC Industrial Direct Co., Inc.",Industrials,Industrial Distribution,0.6327474560592045,0.7456059204440333,0.7844588344125809,0.7022222222222222,0.9887892376681614,0.3288888888888889,0.7022222222222222,0.7209374036386063,0.6805306427503737,4,2026-07-01T053352Z,2026-07-01T07:57:04.761328+00:00,2026-06-30
MSTR,Strategy Inc,Technology,Software - Application,0.0134135060129509,0.3894542090656799,0.0134135060129509,0.0154867256637168,0.0154867256637168,0.0154867256637168,0.625,0.13876040703052722,0.1678650442477876,4,2026-07-01T053352Z,2026-07-01T07:57:04.761328+00:00,2026-06-30
MTCH,"Match Group, Inc.",Communication Services,Internet Content & Information,0.5217391304347826,0.5874190564292322,0.6281221091581869,0.8913043478260869,0.9302325581395348,0.8444444444444444,0.0326086956521739,0.5790934320074005,0.67464751151556,4,2026-07-01T053352Z,2026-07-01T07:57:04.761328+00:00,2026-06-30
MTDR,Matador Resources Company,Energy,Oil & Gas E&P,0.4680851063829787,0.7622571692876966,0.3672525439407955,0.463768115942029,0.6376811594202898,0.2318840579710145,0.463768115942029,0.5325316065371569,0.4492753623188406,4,2026-07-01T053352Z,2026-07-01T07:57:04.761328+00:00,2026-06-30
MTH,Meritage Homes Corporation,Consumer Cyclical,Residential Construction,0.3172987974098057,0.3589269195189639,0.7224791859389454,0.4823529411764706,0.119047619047619,0.3136094674556213,0.8058823529411765,0.46623496762257166,0.43022309515522184,4,2026-07-01T053352Z,2026-07-01T07:57:04.761328+00:00,2026-06-30
MTN,"Vail Resorts, Inc.",Consumer Cyclical,Resorts & Casinos,0.2294172062904718,0.3598519888991674,0.3635522664199815,0.2588235294117647,0.2976190476190476,0.4733727810650887,0.288235294117647,0.31760715386987354,0.329512663053387,4,2026-07-01T053352Z,2026-07-01T07:57:04.761328+00:00,2026-06-30
MTRN,Materion Corporation,Basic Materials,Other Industrial Metals & Mining,0.937095282146161,0.9167437557816835,0.969472710453284,0.4406779661016949,0.5254237288135594,0.2033898305084746,0.4915254237288136,0.9411039161270428,0.4152542372881356,4,2026-07-01T053352Z,2026-07-01T07:57:04.761328+00:00,2026-06-30
MTSI,"MACOM Technology Solutions Holdings, Inc.",Technology,Semiconductors,0.9232192414431082,0.9639222941720628,0.940795559666975,0.6902654867256637,0.4778761061946903,0.4070796460176991,0.5357142857142857,0.942645698427382,0.5277338811630847,4,2026-07-01T053352Z,2026-07-01T07:57:04.761328+00:00,2026-06-30
MTX,Minerals Technologies Inc.,Basic Materials,Specialty Chemicals,0.6725254394079556,0.7187789084181314,0.5328399629972248,0.4576271186440678,0.4406779661016949,0.5084745762711864,0.5084745762711864,0.6413814369411038,0.4788135593220339,4,2026-07-01T053352Z,2026-07-01T07:57:04.761328+00:00,2026-06-30
MTZ,"MasTec, Inc.",Industrials,Engineering & Construction,0.8917668825161887,0.910268270120259,0.8945420906567992,0.3822222222222222,0.4304932735426009,0.1777777777777777,0.5155555555555555,0.8988590810977489,0.37651220727453905,4,2026-07-01T053352Z,2026-07-01T07:57:04.761328+00:00,2026-06-30
MU,"Micron Technology, Inc.",Technology,Semiconductors,0.9875115633672524,0.9875115633672524,0.9875115633672524,0.9889380530973452,0.8938053097345132,0.8097345132743363,0.7678571428571429,0.9875115633672524,0.8650837547408344,4,2026-07-01T053352Z,2026-07-01T07:57:04.761328+00:00,2026-06-30
MUR,Murphy Oil Corporation,Energy,Oil & Gas E&P,0.7770582793709528,0.666049953746531,0.2978723404255319,0.2608695652173913,0.2608695652173913,0.4492753623188406,0.6231884057971014,0.5803268578476719,0.39855072463768115,4,2026-07-01T053352Z,2026-07-01T07:57:04.761328+00:00,2026-06-30
MUSA,Murphy USA Inc.,Consumer Cyclical,Specialty Retail,0.5698427382053654,0.7252543940795559,0.7123034227567068,0.788235294117647,0.7559523809523809,0.2071005917159763,0.3058823529411765,0.6691335183472095,0.5142926549317952,4,2026-07-01T053352Z,2026-07-01T07:57:04.761328+00:00,2026-06-30
MWA,"Mueller Water Products, Inc.",Industrials,Specialty Industrial Machinery,0.3737280296022202,0.4246068455134135,0.303422756706753,0.8044444444444444,0.7533632286995515,0.5733333333333334,0.6577777777777778,0.3672525439407955,0.6972296960637767,4,2026-07-01T053352Z,2026-07-01T07:57:04.761328+00:00,2026-06-30
MXL,"MaxLinear, Inc.",Technology,Semiconductors,0.9875115633672524,0.9875115633672524,0.9875115633672524,0.0154867256637168,0.672566371681416,0.1017699115044247,0.5133928571428571,0.9875115633672524,0.3258039664981036,4,2026-07-01T053352Z,2026-07-01T07:57:04.761328+00:00,2026-06-30
MYRG,MYR Group Inc.,Industrials,Engineering & Construction,0.9204440333024976,0.9629972247918592,0.9555966697502312,0.7155555555555555,0.7130044843049327,0.3733333333333333,0.9511111111111112,0.946345975948196,0.6882511210762332,4,2026-07-01T053352Z,2026-07-01T07:57:04.761328+00:00,2026-06-30
MZTI,The Marzetti Company,Consumer Defensive,Packaged Foods,0.0777058279370952,0.0444033302497687,0.0675300647548566,0.8484848484848485,0.5,0.6818181818181818,0.9393939393939394,0.06321307431390683,0.7424242424242424,4,2026-07-01T053352Z,2026-07-01T07:57:04.761328+00:00,2026-06-30
NATL,NCR Atleos Corporation,Technology,Software - Application,0.723404255319149,0.6170212765957447,0.4532839962997225,0.3407079646017699,0.2389380530973451,0.1150442477876106,0.0669642857142857,0.5979031760715388,0.1904136378002528,4,2026-07-01T053352Z,2026-07-01T07:57:04.761328+00:00,2026-06-30
NBIX,"Neurocrine Biosciences, Inc.",Healthcare,Drug Manufacturers - Specialty & Generic,0.5855689176688251,0.5374653098982424,0.6827012025901943,0.8944099378881988,0.8814814814814815,0.9103448275862068,0.7672955974842768,0.6019118100524206,0.863382961110041,4,2026-07-01T053352Z,2026-07-01T07:57:04.761328+00:00,2026-06-30
NCLH,Norwegian Cruise Line Holdings Ltd.,Consumer Cyclical,Travel Services,0.2451433857539315,0.1406105457909343,0.3543015726179463,0.2235294117647059,0.2202380952380952,0.0177514792899408,0.1823529411764705,0.24668516805427068,0.1609679818673031,4,2026-07-01T053352Z,2026-07-01T07:57:04.761328+00:00,2026-06-30
NDSN,Nordson Corporation,Industrials,Specialty Industrial Machinery,0.6429232192414431,0.6604995374653099,0.6429232192414431,0.7288888888888889,0.6905829596412556,0.9688888888888888,0.4266666666666667,0.6487819919827321,0.703756851021425,4,2026-07-01T053352Z,2026-07-01T07:57:04.761328+00:00,2026-06-30
NE,Noble Corporation plc,Energy,Oil & Gas Drilling,0.818686401480111,0.9074930619796484,0.299722479185939,0.3623188405797101,0.217391304347826,0.6666666666666666,0.5507246376811594,0.6753006475485662,0.4492753623188405,4,2026-07-01T053352Z,2026-07-01T07:57:04.761328+00:00,2026-06-30
NEE,"NextEra Energy, Inc.",Utilities,Utilities - Regulated Electric,0.57631822386679,0.5356151711378353,0.3829787234042553,0.8305084745762712,0.2241379310344827,0.913793103448276,0.3050847457627119,0.4983040394696269,0.5683810637054354,4,2026-07-01T053352Z,2026-07-01T07:57:04.761328+00:00,2026-06-30
NEM,Newmont Corporation,Basic Materials,Gold,0.8482886216466234,0.4551341350601295,0.1924144310823311,0.9491525423728814,0.7457627118644068,0.9915254237288136,0.8305084745762712,0.49861239592969464,0.8792372881355932,4,2026-07-01T053352Z,2026-07-01T07:57:04.761328+00:00,2026-06-30
NET,"Cloudflare, Inc.",Technology,Software - Infrastructure,0.5679925994449584,0.6771507863089732,0.6743755781683626,0.1504424778761062,0.4469026548672566,0.3539823008849557,0.0446428571428571,0.6398396546407646,0.24899257269279387,4,2026-07-01T053352Z,2026-07-01T07:57:04.761328+00:00,2026-06-30
NFG,National Fuel Gas Company,Energy,Oil & Gas Integrated,0.2599444958371878,0.333950046253469,0.211840888066605,0.7681159420289855,0.5072463768115942,0.6231884057971014,0.5217391304347826,0.2685784767190873,0.605072463768116,4,2026-07-01T053352Z,2026-07-01T07:57:04.761328+00:00,2026-06-30
NFLX,"Netflix, Inc.",Communication Services,Entertainment,0.0684551341350601,0.2525439407955596,0.0545790934320074,0.9565217391304348,0.7441860465116279,0.7777777777777778,0.6521739130434783,0.12519272278754237,0.7826648691158298,4,2026-07-01T053352Z,2026-07-01T07:57:04.761328+00:00,2026-06-30
NGVT,Ingevity Corporation,Basic Materials,Specialty Chemicals,0.7502312673450509,0.5948196114708603,0.6484736355226642,0.0508474576271186,0.8135593220338984,0.8813559322033898,0.0254237288135593,0.6645081714461919,0.4427966101694915,4,2026-07-01T053352Z,2026-07-01T07:57:04.761328+00:00,2026-06-30
NI,NiSource Inc.,Utilities,Utilities - Regulated Gas,0.5078630897317299,0.5864939870490287,0.4745605920444033,0.5423728813559322,0.603448275862069,0.3448275862068966,0.3898305084745763,0.522972556275054,0.4701198129748685,4,2026-07-01T053352Z,2026-07-01T07:57:04.761328+00:00,2026-06-30
NJR,New Jersey Resources Corporation,Utilities,Utilities - Regulated Gas,0.5957446808510638,0.6947271045328399,0.5670675300647549,0.8983050847457628,0.7241379310344828,0.6896551724137931,0.2542372881355932,0.6191797718162196,0.641583869082408,4,2026-07-01T053352Z,2026-07-01T07:57:04.761328+00:00,2026-06-30
NKE,"NIKE, Inc.",Consumer Cyclical,Footwear & Accessories,0.0721554116558741,0.0980573543015726,0.0453283996299722,0.5294117647058824,0.7440476190476191,0.1775147928994082,0.7294117647058823,0.0718470551958063,0.545096485339698,4,2026-07-01T053352Z,2026-07-01T07:57:04.761328+00:00,2026-06-30
NOC,Northrop Grumman Corporation,Industrials,Aerospace & Defense,0.4745605920444033,0.3533765032377428,0.1128584643848288,0.7333333333333333,0.3139013452914798,0.4755555555555555,0.4444444444444444,0.3135985198889916,0.49180866965620323,4,2026-07-01T053352Z,2026-07-01T07:57:04.761328+00:00,2026-06-30
NOV,NOV Inc.,Energy,Oil & Gas Equipment & Services,0.7604070305272895,0.7483811285846439,0.4782608695652174,0.2463768115942029,0.7101449275362319,0.5217391304347826,0.6666666666666666,0.6623496762257169,0.536231884057971,4,2026-07-01T053352Z,2026-07-01T07:57:04.761328+00:00,2026-06-30
NOVT,Novanta Inc.,Technology,Scientific & Technical Instruments,0.5522664199814986,0.7567067530064755,0.7724329324699353,0.336283185840708,0.3672566371681416,0.2256637168141592,0.5982142857142857,0.6938020351526365,0.38185445638432364,4,2026-07-01T053352Z,2026-07-01T07:57:04.761328+00:00,2026-06-30
NOW,"ServiceNow, Inc.",Technology,Software - Application,0.0518038852913968,0.1433857539315448,0.0564292321924144,0.5973451327433629,0.7522123893805309,0.8849557522123894,0.6696428571428571,0.083872957138452,0.7260390328697851,4,2026-07-01T053352Z,2026-07-01T07:57:04.761328+00:00,2026-06-30
NPO,Enpro Inc.,Industrials,Specialty Industrial Machinery,0.7668825161887142,0.7890841813135985,0.8871415356151712,0.1911111111111111,0.3991031390134529,0.7777777777777778,0.6711111111111111,0.8143694110391612,0.5097757847533633,4,2026-07-01T053352Z,2026-07-01T07:57:04.761328+00:00,2026-06-30
NRG,"NRG Energy, Inc.",Utilities,Utilities - Independent Power Producers,0.185013876040703,0.1748381128584643,0.2303422756706753,0.1186440677966101,0.913793103448276,0.7586206896551724,0.0677966101694915,0.19673142152328085,0.4647136177673875,4,2026-07-01T053352Z,2026-07-01T07:57:04.761328+00:00,2026-06-30
NSC,Norfolk Southern Corporation,Industrials,Railroads,0.5383903792784459,0.4801110083256244,0.4597594819611471,0.5155555555555555,0.0717488789237668,0.7377777777777778,0.2977777777777777,0.49275362318840576,0.4057149975087194,4,2026-07-01T053352Z,2026-07-01T07:57:04.761328+00:00,2026-06-30
NSIT,"Insight Enterprises, Inc.",Technology,Electronics & Computer Distribution,0.154486586493987,0.7437557816836263,0.8279370952821462,0.2610619469026549,0.252212389380531,0.1415929203539823,0.5758928571428571,0.5753931544865866,0.3076900284450063,4,2026-07-01T053352Z,2026-07-01T07:57:04.761328+00:00,2026-06-30
NTAP,"NetApp, Inc.",Technology,Software - Infrastructure,0.7844588344125809,0.8908418131359852,0.8288621646623496,0.7964601769911505,0.8230088495575221,0.7654867256637168,0.4196428571428571,0.8347209374036386,0.7011496523388117,4,2026-07-01T053352Z,2026-07-01T07:57:04.761328+00:00,2026-06-30
NTCT,"NetScout Systems, Inc.",Technology,Software - Infrastructure,0.7946345975948196,0.84736355226642,0.8714153561517114,0.3982300884955752,0.4867256637168141,0.8893805309734514,0.9017857142857144,0.837804502004317,0.6690304993678887,4,2026-07-01T053352Z,2026-07-01T07:57:04.761328+00:00,2026-06-30
NTNX,"Nutanix, Inc.",Technology,Software - Infrastructure,0.0962072155411655,0.3617021276595745,0.3135985198889917,0.6814159292035398,0.9557522123893806,0.7831858407079646,0.1428571428571428,0.2571692876965772,0.640802781289507,4,2026-07-01T053352Z,2026-07-01T07:57:04.761328+00:00,2026-06-30
NTRA,"Natera, Inc.",Healthcare,Diagnostics & Research,0.6318223866790009,0.3182238667900092,0.7964847363552267,0.2981366459627329,0.8888888888888888,0.3310344827586207,0.7610062893081762,0.5821769966080789,0.5697665767296047,4,2026-07-01T053352Z,2026-07-01T07:57:04.761328+00:00,2026-06-30
NUE,Nucor Corporation,Basic Materials,Steel,0.845513413506013,0.8621646623496763,0.7511563367252544,0.6101694915254238,0.4067796610169492,0.3220338983050847,0.6440677966101694,0.8196114708603145,0.4957627118644068,4,2026-07-01T053352Z,2026-07-01T07:57:04.761328+00:00,2026-06-30
NUVL,"Nuvalent, Inc.",Healthcare,Biotechnology,0.6651248843663274,0.482886216466235,0.7261794634597595,0.1366459627329192,,,,0.6247301880974406,0.1366459627329192,1,2026-07-01T053352Z,2026-07-01T07:57:04.761328+00:00,2026-06-30
NVDA,NVIDIA Corporation,Technology,Semiconductors,0.6392229417206291,0.5624421831637373,0.4310823311748381,0.9889380530973452,0.9889380530973452,0.9889380530973452,0.7633928571428571,0.5442491520197348,0.9325517541087232,4,2026-07-01T053352Z,2026-07-01T07:57:04.761328+00:00,2026-06-30
NVST,Envista Holdings Corporation,Healthcare,Medical Instruments & Supplies,0.5180388529139686,0.5060129509713228,0.5615171137835338,0.4409937888198758,0.437037037037037,0.4896551724137931,0.4465408805031446,0.528522972556275,0.4535567196934626,4,2026-07-01T053352Z,2026-07-01T07:57:04.761328+00:00,2026-06-30
NWE,"NorthWestern Energy Group, Inc.",Utilities,Utilities - Regulated Electric,0.6947271045328399,0.5633672525439408,0.5245143385753932,0.2711864406779661,0.7413793103448276,0.6206896551724138,0.6779661016949152,0.5942028985507247,0.5778053769725306,4,2026-07-01T053352Z,2026-07-01T07:57:04.761328+00:00,2026-06-30
NWL,Newell Brands Inc.,Consumer Defensive,Household & Personal Products,0.0795559666975023,0.2756706753006475,0.9019426456984274,0.0454545454545454,0.3636363636363636,0.0606060606060606,0.1818181818181818,0.4190564292321924,0.16287878787878785,4,2026-07-01T053352Z,2026-07-01T07:57:04.761328+00:00,2026-06-30
NWN,Northwest Natural Holding Company,Utilities,Utilities - Regulated Gas,0.5948196114708603,0.4764107308048103,0.3691026827012026,0.2372881355932203,0.3275862068965517,0.2413793103448276,0.6440677966101694,0.4801110083256244,0.3625803623611923,4,2026-07-01T053352Z,2026-07-01T07:57:04.761328+00:00,2026-06-30
NWS,News Corporation,Communication Services,Entertainment,0.2238667900092507,0.3903792784458834,0.2469935245143385,0.8043478260869565,,0.2222222222222222,0.8043478260869565,0.2870798643231575,0.6103059581320451,3,2026-07-01T053352Z,2026-07-01T07:57:04.761328+00:00,2026-06-30
NXST,"Nexstar Media Group, Inc.",Communication Services,Broadcasting,0.3885291396854764,0.2238667900092507,0.1785383903792784,0.3478260869565217,0.4186046511627907,0.5111111111111111,0.1521739130434782,0.26364477335800185,0.35742894056847546,4,2026-07-01T053352Z,2026-07-01T07:57:04.761328+00:00,2026-06-30
NXT,Nextpower Inc.,Technology,Solar,0.9343200740055504,0.9176688251618872,0.5901942645698427,0.831858407079646,0.495575221238938,0.3938053097345133,0.8392857142857143,0.8140610545790934,0.6401311630847029,4,2026-07-01T053352Z,2026-07-01T07:57:04.761328+00:00,2026-06-30
NYT,The New York Times Company,Communication Services,Publishing,0.6521739130434783,0.515263644773358,0.3228492136910268,0.8695652173913043,0.9069767441860463,0.7111111111111111,0.9891304347826086,0.49676225716928774,0.8691958768677677,4,2026-07-01T053352Z,2026-07-01T07:57:04.761328+00:00,2026-06-30
OC,Owens Corning,Industrials,Building Products & Equipment,0.2654949121184088,0.5855689176688251,0.8140610545790934,0.0666666666666666,0.452914798206278,0.5333333333333333,0.16,0.5550416281221091,0.30322869955156945,4,2026-07-01T053352Z,2026-07-01T07:57:04.761328+00:00,2026-06-30
ODFL,"Old Dominion Freight Line, Inc.",Industrials,Trucking,0.6632747456059205,0.8094357076780758,0.7178538390379279,0.9644444444444444,0.8026905829596412,0.9111111111111112,0.9888888888888888,0.7301880974406414,0.9167837568510215,4,2026-07-01T053352Z,2026-07-01T07:57:04.761328+00:00,2026-06-30
OGE,OGE Energy Corp.,Utilities,Utilities - Regulated Electric,0.4357076780758557,0.5892691951896393,0.4699352451433857,0.7796610169491526,0.6896551724137931,0.896551724137931,0.6610169491525424,0.4983040394696269,0.7567212156633548,4,2026-07-01T053352Z,2026-07-01T07:57:04.761328+00:00,2026-06-30
OGN,Organon & Co.,Healthcare,Drug Manufacturers - General,0.6512488436632747,0.938945420906568,0.8908418131359852,0.4782608695652174,0.3703703703703703,0.5103448275862069,0.0880503144654088,0.8270120259019427,0.36175659549680084,4,2026-07-01T053352Z,2026-07-01T07:57:04.761328+00:00,2026-06-30
OGS,"ONE Gas, Inc.",Utilities,Utilities - Regulated Gas,0.4468085106382978,0.4172062904717853,0.2534690101757632,0.6949152542372882,0.6551724137931034,0.5862068965517241,0.7288135593220338,0.37249460376194876,0.6662770309760374,4,2026-07-01T053352Z,2026-07-01T07:57:04.761328+00:00,2026-06-30
OII,"Oceaneering International, Inc.",Energy,Oil & Gas Equipment & Services,0.8233117483811286,0.8880666049953746,0.8048103607770583,0.9420289855072465,0.8695652173913043,0.5362318840579711,0.3768115942028985,0.8387295713845205,0.6811594202898551,4,2026-07-01T053352Z,2026-07-01T07:57:04.761328+00:00,2026-06-30
OKE,"ONEOK, Inc.",Energy,Oil & Gas Midstream,0.4088806660499537,0.6641998149861239,0.5522664199814986,0.5362318840579711,0.6231884057971014,0.4202898550724637,0.1304347826086956,0.5417823003391921,0.4275362318840579,4,2026-07-01T053352Z,2026-07-01T07:57:04.761328+00:00,2026-06-30
OKLO,Oklo Inc.,Utilities,Utilities - Independent Power Producers,0.5346901017576319,0.2044403330249768,0.0134135060129509,0.0254237288135593,,,0.9915254237288136,0.2508479802651865,0.5084745762711864,2,2026-07-01T053352Z,2026-07-01T07:57:04.761328+00:00,2026-06-30
OKTA,"Okta, Inc.",Technology,Software - Infrastructure,0.574468085106383,0.793709528214616,0.9195189639222942,0.3141592920353982,0.3495575221238938,0.831858407079646,0.8035714285714286,0.7625655257477644,0.5747866624525917,4,2026-07-01T053352Z,2026-07-01T07:57:04.761328+00:00,2026-06-30
OLED,Universal Display Corporation,Technology,Electronic Components,0.0508788159111933,0.1082331174838112,0.0703052728954671,0.7654867256637168,0.3628318584070796,0.827433628318584,0.9375,0.07647240209682388,0.7233130530973451,4,2026-07-01T053352Z,2026-07-01T07:57:04.761328+00:00,2026-06-30
OLN,Olin Corporation,Basic Materials,Chemicals,0.6216466234967623,0.7326549491211841,0.1110083256244218,0.1694915254237288,0.1016949152542373,0.4745762711864407,0.135593220338983,0.4884366327474561,0.22033898305084745,4,2026-07-01T053352Z,2026-07-01T07:57:04.761328+00:00,2026-06-30
OMC,Omnicom Group Inc.,Communication Services,Advertising Agencies,0.3681776133209991,0.2636447733580018,0.2821461609620722,0.2391304347826087,0.0348837209302325,0.5777777777777777,0.6956521739130435,0.30465618254702437,0.3868610268509156,4,2026-07-01T053352Z,2026-07-01T07:57:04.761328+00:00,2026-06-30
ON,ON Semiconductor Corporation,Technology,Semiconductors,0.8991674375578168,0.9685476410730804,0.8260869565217391,0.4380530973451327,0.2345132743362832,0.588495575221239,0.4285714285714285,0.8979340117175455,0.4224083438685208,4,2026-07-01T053352Z,2026-07-01T07:57:04.761328+00:00,2026-06-30
ONTO,Onto Innovation Inc.,Technology,Semiconductor Equipment & Materials,0.9287696577243292,0.8945420906567992,0.9639222941720628,0.415929203539823,0.2831858407079646,0.6946902654867256,0.9464285714285714,0.9290780141843972,0.5850584702907711,4,2026-07-01T053352Z,2026-07-01T07:57:04.761328+00:00,2026-06-30
OPCH,"Option Care Health, Inc.",Healthcare,Medical Care Facilities,0.0656799259944495,0.0314523589269195,0.0555041628122109,0.6956521739130435,0.5481481481481482,0.3724137931034483,0.3081761006289308,0.0508788159111933,0.4810975539483927,4,2026-07-01T053352Z,2026-07-01T07:57:04.761328+00:00,2026-06-30
OPLN,"OPENLANE, Inc.",Consumer Cyclical,Auto & Truck Dealerships,0.7622571692876966,0.7095282146160962,0.845513413506013,0.3529411764705882,0.1607142857142857,0.9112426035502958,0.9352941176470588,0.7724329324699353,0.5900480458455571,4,2026-07-01T053352Z,2026-07-01T07:57:04.761328+00:00,2026-06-30
ORA,"Ormat Technologies, Inc.",Utilities,Utilities - Renewable,0.7742830712303422,0.700277520814061,0.242368177613321,0.2542372881355932,0.0862068965517241,0.2758620689655172,0.135593220338983,0.5723095898859081,0.1879748684979544,4,2026-07-01T053352Z,2026-07-01T07:57:04.761328+00:00,2026-06-30
ORCL,Oracle Corporation,Technology,Software - Infrastructure,0.4033302497687326,0.6216466234967623,0.0490286771507863,0.5752212389380531,0.2035398230088495,0.0442477876106194,0.0401785714285714,0.35800185013876046,0.21579685524652337,4,2026-07-01T053352Z,2026-07-01T07:57:04.761328+00:00,2026-06-30
ORLY,"O'Reilly Automotive, Inc.",Consumer Cyclical,Auto Parts,0.2987974098057354,0.2950971322849213,0.2756706753006475,0.9058823529411764,0.8333333333333334,0.727810650887574,0.3411764705882353,0.28985507246376807,0.7020507019375798,4,2026-07-01T053352Z,2026-07-01T07:57:04.761328+00:00,2026-06-30
OSCR,"Oscar Health, Inc.",Healthcare,Healthcare Plans,0.4079555966697502,0.8427382053654024,0.93154486586494,0.3975155279503105,,0.7862068965517242,0.8364779874213837,0.7274128893000308,0.673400137307806,3,2026-07-01T053352Z,2026-07-01T07:57:04.761328+00:00,2026-06-30
OSIS,"OSI Systems, Inc.",Technology,Electronic Components,0.2904717853839038,0.1396854764107308,0.122109158186864,0.5309734513274337,0.331858407079646,0.1371681415929203,0.2098214285714285,0.18408880666049954,0.3024553571428571,4,2026-07-01T053352Z,2026-07-01T07:57:04.761328+00:00,2026-06-30
OSK,Oshkosh Corporation,Industrials,Farm & Heavy Construction Machinery,0.4856614246068455,0.391304347826087,0.5263644773358002,0.4977777777777777,0.3318385650224215,0.48,0.8755555555555555,0.4677767499229109,0.5462929745889387,4,2026-07-01T053352Z,2026-07-01T07:57:04.761328+00:00,2026-06-30
OTIS,Otis Worldwide Corporation,Industrials,Specialty Industrial Machinery,0.1193339500462534,0.154486586493987,0.1332099907493062,0.8977777777777778,0.905829596412556,0.6444444444444445,0.0155555555555555,0.13567684242984887,0.6159018435475834,4,2026-07-01T053352Z,2026-07-01T07:57:04.761328+00:00,2026-06-30
OTTR,Otter Tail Corporation,Industrials,Conglomerates,0.456059204440333,0.4893617021276595,0.4680851063829787,0.5866666666666667,0.2197309417040358,0.1422222222222222,0.5111111111111111,0.47116867098365706,0.36493273542600896,4,2026-07-01T053352Z,2026-07-01T07:57:04.761328+00:00,2026-06-30
OUST,"Ouster, Inc.",Technology,Electronic Components,0.8381128584643849,0.96577243293247,0.9875115633672524,0.0154867256637168,0.3761061946902654,0.0398230088495575,0.78125,0.9304656182547024,0.30316648230088494,4,2026-07-01T053352Z,2026-07-01T07:57:04.761328+00:00,2026-06-30
OVV,Ovintiv Inc.,Energy,Oil & Gas E&P,0.7150786308973173,0.8408880666049954,0.5716928769657724,0.4202898550724637,0.8985507246376812,0.8115942028985508,0.2898550724637681,0.7092198581560284,0.6050724637681159,4,2026-07-01T053352Z,2026-07-01T07:57:04.761328+00:00,2026-06-30
OXY,Occidental Petroleum Corporation,Energy,Oil & Gas E&P,0.6447733580018501,0.8140610545790934,0.3191489361702128,0.5797101449275363,0.3188405797101449,0.7246376811594203,0.6811594202898551,0.5926611162503854,0.5760869565217391,4,2026-07-01T053352Z,2026-07-01T07:57:04.761328+00:00,2026-06-30
P,"Everpure, Inc.",Technology,Computer Hardware,0.696577243293247,0.6225716928769658,0.4153561517113783,0.4424778761061947,0.9203539823008848,0.3672566371681416,0.75,0.578168362627197,0.6200221238938053,4,2026-07-01T053352Z,2026-07-01T07:57:04.761328+00:00,2026-06-30
PACS,"PACS Group, Inc.",Healthcare,Medical Care Facilities,0.942645698427382,0.3274745605920444,0.8723404255319149,0.6211180124223602,0.1333333333333333,0.3172413793103448,0.1194968553459119,0.7141535615171137,0.2977973951029876,4,2026-07-01T053352Z,2026-07-01T07:57:04.761328+00:00,2026-06-30
PAG,"Penske Automotive Group, Inc.",Consumer Cyclical,Auto & Truck Dealerships,0.3228492136910268,0.4301572617946346,0.545790934320074,0.4764705882352941,0.4464285714285714,0.136094674556213,0.3529411764705882,0.4329324699352451,0.3529837526726667,4,2026-07-01T053352Z,2026-07-01T07:57:04.761328+00:00,2026-06-30
PANW,"Palo Alto Networks, Inc.",Technology,Software - Infrastructure,0.6799259944495837,0.8482886216466234,0.9500462534690102,0.3008849557522124,0.2920353982300885,0.9203539823008848,0.7857142857142857,0.8260869565217391,0.5747471554993678,4,2026-07-01T053352Z,2026-07-01T07:57:04.761328+00:00,2026-06-30
PARR,"Par Pacific Holdings, Inc.",Energy,Oil & Gas Refining & Marketing,0.879740980573543,0.8926919518963923,0.6891766882516188,0.8985507246376812,0.9710144927536232,0.2608695652173913,0.3478260869565217,0.8205365402405181,0.6195652173913042,4,2026-07-01T053352Z,2026-07-01T07:57:04.761328+00:00,2026-06-30
PATH,"UiPath, Inc.",Technology,Software - Infrastructure,0.2506938020351526,0.0536540240518038,0.1174838112858464,0.7477876106194691,0.8053097345132744,0.6637168141592921,0.8526785714285714,0.14061054579093427,0.7673731826801518,4,2026-07-01T053352Z,2026-07-01T07:57:04.761328+00:00,2026-06-30
PATK,"Patrick Industries, Inc.",Consumer Cyclical,Recreational Vehicles,0.3135985198889917,0.1517113783533765,0.1202590194264569,0.3705882352941176,0.4523809523809524,0.3668639053254438,0.3705882352941176,0.19518963922294172,0.39010533207365783,4,2026-07-01T053352Z,2026-07-01T07:57:04.761328+00:00,2026-06-30
PAY,"Paymentus Holdings, Inc.",Technology,Software - Infrastructure,0.1091581868640148,0.0860314523589269,0.1341350601295097,0.7566371681415929,0.8185840707964602,0.252212389380531,0.9330357142857144,0.10977489978415046,0.6901173356510746,4,2026-07-01T053352Z,2026-07-01T07:57:04.761328+00:00,2026-06-30
PAYC,"Paycom Software, Inc.",Technology,Software - Application,0.0555041628122109,0.213691026827012,0.1073080481036077,0.6460176991150443,0.4557522123893805,0.6194690265486725,0.6116071428571429,0.1255010792476102,0.5832115202275601,4,2026-07-01T053352Z,2026-07-01T07:57:04.761328+00:00,2026-06-30
PAYX,"Paychex, Inc.",Technology,Software - Application,0.0989824236817761,0.2035152636447733,0.2432932469935245,0.7300884955752213,0.4690265486725664,0.915929203539823,0.3348214285714285,0.1819303114400246,0.6124664190897597,4,2026-07-01T053352Z,2026-07-01T07:57:04.761328+00:00,2026-06-30
PBF,PBF Energy Inc.,Energy,Oil & Gas Refining & Marketing,0.8445883441258094,0.8862164662349676,0.7678075855689177,0.391304347826087,0.0434782608695652,0.1739130434782608,0.5797101449275363,0.8328707986432317,0.2971014492753623,4,2026-07-01T053352Z,2026-07-01T07:57:04.761328+00:00,2026-06-30
PBH,Prestige Consumer Healthcare Inc.,Healthcare,Drug Manufacturers - Specialty & Generic,0.0490286771507863,0.095282146160962,0.0777058279370952,0.6770186335403726,0.1777777777777777,0.8206896551724138,0.4339622641509434,0.07400555041628117,0.5273620826603769,4,2026-07-01T053352Z,2026-07-01T07:57:04.761328+00:00,2026-06-30
PBI,Pitney Bowes Inc.,Industrials,Integrated Freight & Logistics,0.7326549491211841,0.8658649398704903,0.8917668825161887,0.4622222222222222,0.7982062780269058,0.9466666666666668,0.0155555555555555,0.830095590502621,0.5556626806178375,4,2026-07-01T053352Z,2026-07-01T07:57:04.761328+00:00,2026-06-30
PCAR,PACCAR Inc,Industrials,Farm & Heavy Construction Machinery,0.515263644773358,0.3755781683626272,0.4810360777058279,0.4844444444444444,0.1031390134529148,0.6222222222222222,0.3777777777777777,0.4572926302806044,0.3968958644743398,4,2026-07-01T053352Z,2026-07-01T07:57:04.761328+00:00,2026-06-30
PCG,PG&E Corporation,Utilities,Utilities - Regulated Electric,0.5032377428307123,0.4542090656799259,0.3783533765032377,0.3220338983050847,0.1551724137931034,0.4137931034482758,0.4576271186440678,0.4452667283379586,0.3371566335476329,4,2026-07-01T053352Z,2026-07-01T07:57:04.761328+00:00,2026-06-30
PCOR,"Procore Technologies, Inc.",Technology,Software - Application,0.1110083256244218,0.0379278445883441,0.0134135060129509,0.1061946902654867,0.8539823008849557,0.4601769911504424,0.8125,0.0541165587419056,0.5582134955752212,4,2026-07-01T053352Z,2026-07-01T07:57:04.761328+00:00,2026-06-30
PCTY,Paylocity Holding Corporation,Technology,Software - Application,0.0638297872340425,0.0878815911193339,0.091581868640148,0.4070796460176991,0.2610619469026549,0.7168141592920354,0.8705357142857143,0.08109774899784146,0.563872866624526,4,2026-07-01T053352Z,2026-07-01T07:57:04.761328+00:00,2026-06-30
PCVX,"Vaxcyte, Inc.",Healthcare,Biotechnology,0.7567067530064755,0.543940795559667,0.6540240518038853,0.1428571428571428,,,0.8427672955974843,0.6515572001233426,0.49281221922731355,2,2026-07-01T053352Z,2026-07-01T07:57:04.761328+00:00,2026-06-30
PDFS,"PDF Solutions, Inc.",Technology,Software - Application,0.904717853839038,0.9056429232192414,0.9740980573543015,0.252212389380531,0.7123893805309734,0.0619469026548672,0.5848214285714286,0.9281529448041937,0.40284252528445,4,2026-07-01T053352Z,2026-07-01T07:57:04.761328+00:00,2026-06-30
PEG,Public Service Enterprise Group Incorporated,Utilities,Utilities - Regulated Electric,0.2886216466234967,0.3626271970397779,0.3607770582793709,0.847457627118644,0.2068965517241379,0.7758620689655172,0.6271186440677966,0.3373419673142151,0.614333722969024,4,2026-07-01T053352Z,2026-07-01T07:57:04.761328+00:00,2026-06-30
PEGA,Pegasystems Inc.,Technology,Software - Application,0.0814061054579093,0.0134135060129509,0.0134135060129509,0.9336283185840708,0.9889380530973452,0.8141592920353983,0.7723214285714286,0.03607770582793703,0.8772617730720607,4,2026-07-01T053352Z,2026-07-01T07:57:04.761328+00:00,2026-06-30
PEN,"Penumbra, Inc.",Healthcare,Medical Devices,0.5642923219241444,0.3922294172062904,0.3728029602220166,0.8012422360248447,0.8296296296296296,0.6551724137931034,0.710691823899371,0.4431082331174838,0.7491840258367372,4,2026-07-01T053352Z,2026-07-01T07:57:04.761328+00:00,2026-06-30
PENG,"Penguin Solutions, Inc.",Technology,Information Technology Services,0.935245143385754,0.9875115633672524,0.9875115633672524,0.3495575221238938,0.3230088495575221,0.2389380530973451,0.3303571428571428,0.9700894233734196,0.31046539190897593,4,2026-07-01T053352Z,2026-07-01T07:57:04.761328+00:00,2026-06-30
PENN,"PENN Entertainment, Inc.",Consumer Cyclical,Resorts & Casinos,0.3524514338575393,0.7224791859389454,0.820536540240518,0.0588235294117647,0.1666666666666666,0.059171597633136,0.1,0.6318223866790009,0.09616544842789182,4,2026-07-01T053352Z,2026-07-01T07:57:04.761328+00:00,2026-06-30
PEP,"PepsiCo, Inc.",Consumer Defensive,Beverages - Non-Alcoholic,0.4569842738205365,0.4070305272895467,0.2053654024051804,0.5909090909090909,0.6666666666666666,0.5454545454545454,0.2727272727272727,0.35646006783842116,0.5189393939393939,4,2026-07-01T053352Z,2026-07-01T07:57:04.761328+00:00,2026-06-30
PFE,Pfizer Inc.,Healthcare,Drug Manufacturers - General,0.4810360777058279,0.5189639222941721,0.2497687326549491,0.5652173913043478,0.3185185185185185,0.6758620689655173,0.4088050314465409,0.4165895775516497,0.4921007525587311,4,2026-07-01T053352Z,2026-07-01T07:57:04.761328+00:00,2026-06-30
PFGC,Performance Food Group Company,Consumer Defensive,Food Distribution,0.4458834412580943,0.5023126734505088,0.669750231267345,0.1969696969696969,0.6212121212121212,0.1212121212121212,0.3636363636363636,0.5393154486586494,0.32575757575757575,4,2026-07-01T053352Z,2026-07-01T07:57:04.761328+00:00,2026-06-30
PG,The Procter & Gamble Company,Consumer Defensive,Household & Personal Products,0.2534690101757632,0.396854764107308,0.3283996299722479,0.8333333333333334,0.4696969696969697,0.8333333333333334,0.6818181818181818,0.326241134751773,0.7045454545454546,4,2026-07-01T053352Z,2026-07-01T07:57:04.761328+00:00,2026-06-30
PGEN,"Precigen, Inc.",Healthcare,Biotechnology,0.9491211840888066,0.456059204440333,0.8649398704902868,0.0186335403726708,0.2,0.0413793103448275,0.0754716981132075,0.7567067530064754,0.08387113720767644,4,2026-07-01T053352Z,2026-07-01T07:57:04.761328+00:00,2026-06-30
PGNY,"Progyny, Inc.",Healthcare,Healthcare Plans,0.4893617021276595,0.3700277520814061,0.7992599444958371,0.8074534161490683,0.7407407407407407,0.6413793103448275,0.8553459119496856,0.5528831329016343,0.7612298447960806,4,2026-07-01T053352Z,2026-07-01T07:57:04.761328+00:00,2026-06-30
PH,Parker-Hannifin Corporation,Industrials,Specialty Industrial Machinery,0.5430157261794635,0.3163737280296022,0.5559666975023126,0.8222222222222222,0.6502242152466368,0.8755555555555555,0.4711111111111111,0.4717853839037927,0.7047782760338814,4,2026-07-01T053352Z,2026-07-01T07:57:04.761328+00:00,2026-06-30
PHIN,PHINIA Inc.,Consumer Cyclical,Auto Parts,0.8066604995374653,0.7372802960222017,0.755781683626272,0.3294117647058823,0.2916666666666667,0.4378698224852071,0.7823529411764706,0.7665741597286463,0.46032529875855666,4,2026-07-01T053352Z,2026-07-01T07:57:04.761328+00:00,2026-06-30
PHM,"PulteGroup, Inc.",Consumer Cyclical,Residential Construction,0.4495837187789084,0.3774283071230342,0.5448658649398704,0.7764705882352941,0.369047619047619,0.7337278106508875,0.9294117647058824,0.4572926302806044,0.7021644456599208,4,2026-07-01T053352Z,2026-07-01T07:57:04.761328+00:00,2026-06-30
PI,"Impinj, Inc.",Technology,Semiconductors,0.6438482886216467,0.1998149861239593,0.2525439407955596,0.079646017699115,0.6504424778761062,0.4867256637168141,0.0580357142857142,0.3654024051803885,0.31871246839443734,4,2026-07-01T053352Z,2026-07-01T07:57:04.761328+00:00,2026-06-30
PII,Polaris Inc.,Consumer Cyclical,Recreational Vehicles,0.8122109158186864,0.5143385753931545,0.517113783533765,0.0529411764705882,0.4404761904761904,0.165680473372781,0.5294117647058824,0.6145544249152021,0.2971274012563605,4,2026-07-01T053352Z,2026-07-01T07:57:04.761328+00:00,2026-06-30
PINS,"Pinterest, Inc.",Communication Services,Internet Content & Information,0.0397779833487511,0.0999074930619796,0.1517113783533765,0.7391304347826086,0.9883720930232558,0.8,0.6304347826086957,0.09713228492136906,0.7894843276036401,4,2026-07-01T053352Z,2026-07-01T07:57:04.761328+00:00,2026-06-30
PKG,Packaging Corporation of America,Consumer Cyclical,Packaging & Containers,0.4995374653098982,0.4708603145235893,0.5772432932469935,0.5647058823529412,0.1845238095238095,0.5502958579881657,0.5352941176470588,0.5158803576934937,0.45870491687799375,4,2026-07-01T053352Z,2026-07-01T07:57:04.761328+00:00,2026-06-30
PL,Planet Labs PBC,Industrials,Aerospace & Defense,0.9875115633672524,0.9875115633672524,0.8325624421831638,0.0155555555555555,0.2600896860986547,0.6888888888888889,0.2666666666666666,0.9358618563058895,0.3078001993024414,4,2026-07-01T053352Z,2026-07-01T07:57:04.761328+00:00,2026-06-30
PLNT,"Planet Fitness, Inc.",Consumer Cyclical,Leisure,0.0134135060129509,0.0134135060129509,0.0134135060129509,0.6,0.3571428571428571,0.9230769230769232,0.0470588235294117,0.013413506012950901,0.48181965093729795,4,2026-07-01T053352Z,2026-07-01T07:57:04.761328+00:00,2026-06-30
PLTR,Palantir Technologies Inc.,Technology,Software - Infrastructure,0.5189639222941721,0.1646623496762257,0.0527289546716003,0.9469026548672568,0.8097345132743363,0.9889380530973452,0.8839285714285714,0.24545174221399937,0.9073759481668775,4,2026-07-01T053352Z,2026-07-01T07:57:04.761328+00:00,2026-06-30
PLUS,ePlus inc.,Technology,Software - Application,0.4551341350601295,0.2590194264569843,0.3700277520814061,0.6150442477876106,0.6017699115044248,0.0707964601769911,0.7232142857142857,0.3613937711995066,0.5027062262958281,4,2026-07-01T053352Z,2026-07-01T07:57:04.761328+00:00,2026-06-30
PLXS,Plexus Corp.,Technology,Electronic Components,0.8556891766882516,0.9222941720629048,0.9176688251618872,0.504424778761062,0.1017699115044247,0.1194690265486725,0.6875,0.8985507246376812,0.35329092920353977,4,2026-07-01T053352Z,2026-07-01T07:57:04.761328+00:00,2026-06-30
PM,Philip Morris International Inc.,Consumer Defensive,Tobacco,0.3302497687326549,0.5679925994449584,0.5402405180388529,0.9090909090909092,0.5454545454545454,0.9696969696969696,0.0227272727272727,0.47949429540548866,0.6117424242424242,4,2026-07-01T053352Z,2026-07-01T07:57:04.761328+00:00,2026-06-30
PNW,Pinnacle West Capital Corporation,Utilities,Utilities - Regulated Electric,0.4958371877890842,0.6253469010175763,0.6123959296947271,0.3389830508474576,0.1896551724137931,0.3103448275862069,0.1525423728813559,0.5778600061671292,0.24788135593220337,4,2026-07-01T053352Z,2026-07-01T07:57:04.761328+00:00,2026-06-30
PODD,Insulet Corporation,Healthcare,Medical Devices,0.0134135060129509,0.0134135060129509,0.0134135060129509,0.8198757763975155,0.9111111111111112,0.5862068965517241,0.389937106918239,0.013413506012950901,0.6767827227446475,4,2026-07-01T053352Z,2026-07-01T07:57:04.761328+00:00,2026-06-30
POOL,Pool Corporation,Industrials,Industrial Distribution,0.061054579093432,0.1267345050878816,0.2007400555041628,0.7911111111111111,0.8968609865470852,0.3511111111111111,0.2533333333333333,0.12950971322849214,0.5731041355256602,4,2026-07-01T053352Z,2026-07-01T07:57:04.761328+00:00,2026-06-30
POR,Portland General Electric Company,Utilities,Utilities - Regulated Electric,0.606845513413506,0.4884366327474561,0.4801110083256244,0.2203389830508474,0.8620689655172413,0.8275862068965517,0.7627118644067796,0.5251310514955289,0.668176504967855,4,2026-07-01T053352Z,2026-07-01T07:57:04.761328+00:00,2026-06-30
POST,"Post Holdings, Inc.",Consumer Defensive,Packaged Foods,0.1924144310823311,0.2488436632747456,0.1498612395929695,0.2575757575757575,0.2575757575757575,0.3787878787878788,0.0757575757575757,0.19703977798334874,0.24242424242424238,4,2026-07-01T053352Z,2026-07-01T07:57:04.761328+00:00,2026-06-30
POWI,"Power Integrations, Inc.",Technology,Semiconductors,0.7363552266419982,0.9722479185938946,0.938945420906568,0.2831858407079646,0.5398230088495575,0.5707964601769911,,0.8825161887141535,0.46460176991150437,3,2026-07-01T053352Z,2026-07-01T07:57:04.761328+00:00,2026-06-30
POWL,"Powell Industries, Inc.",Industrials,Electrical Equipment & Parts,0.9722479185938946,0.9875115633672524,0.9361702127659576,0.9511111111111112,0.7668161434977578,0.8622222222222222,0.9888888888888888,0.9653098982423681,0.8922595914299951,4,2026-07-01T053352Z,2026-07-01T07:57:04.761328+00:00,2026-06-30
PPC,Pilgrim's Pride Corporation,Consumer Defensive,Packaged Foods,0.0786308973172988,0.061054579093432,0.062904717853839,0.6363636363636364,0.3181818181818182,0.2575757575757575,0.5757575757575758,0.06753006475485661,0.446969696969697,4,2026-07-01T053352Z,2026-07-01T07:57:04.761328+00:00,2026-06-30
PPG,"PPG Industries, Inc.",Basic Materials,Specialty Chemicals,0.3413506012950971,0.545790934320074,0.6040703052728955,0.6779661016949152,0.847457627118644,0.5932203389830508,0.3220338983050847,0.4970706136293555,0.6101694915254237,4,2026-07-01T053352Z,2026-07-01T07:57:04.761328+00:00,2026-06-30
PPL,PPL Corporation,Utilities,Utilities - Regulated Electric,0.3940795559666975,0.4125809435707678,0.3506012950971323,0.576271186440678,0.4137931034482758,0.3620689655172414,0.4915254237288136,0.38575393154486587,0.4609146697837522,4,2026-07-01T053352Z,2026-07-01T07:57:04.761328+00:00,2026-06-30
PPLI,People Incorporated,Communication Services,Internet Content & Information,0.5161887141535615,0.5818686401480111,0.7076780758556892,0.3043478260869565,0.5116279069767442,0.1333333333333333,0.782608695652174,0.6019118100524206,0.43297944051230197,4,2026-07-01T053352Z,2026-07-01T07:57:04.761328+00:00,2026-06-30
PR,Permian Resources Corporation,Energy,Oil & Gas E&P,0.7012025901942646,0.8075855689176689,0.5790934320074006,0.4347826086956521,0.4202898550724637,0.463768115942029,0.6956521739130435,0.6959605303731115,0.5036231884057971,4,2026-07-01T053352Z,2026-07-01T07:57:04.761328+00:00,2026-06-30
PRAX,"Praxis Precision Medicines, Inc.",Healthcare,Biotechnology,0.9875115633672524,0.759481961147086,0.8066604995374653,0.1490683229813664,,,0.9905660377358492,0.851218008017268,0.5698171803586078,2,2026-07-01T053352Z,2026-07-01T07:57:04.761328+00:00,2026-06-30
PRDO,Perdoceo Education Corporation,Consumer Defensive,Education & Training Services,0.3163737280296022,0.5420906567992599,0.2849213691026827,0.8939393939393939,0.7878787878787878,0.9924242424242424,0.9090909090909092,0.3811285846438483,0.8958333333333333,4,2026-07-01T053352Z,2026-07-01T07:57:04.761328+00:00,2026-06-30
PRIM,Primoris Services Corporation,Industrials,Engineering & Construction,0.7548566142460684,0.3469010175763182,0.0499537465309898,0.4933333333333333,0.3721973094170404,0.1911111111111111,0.72,0.3839037927844588,0.4441604384653712,4,2026-07-01T053352Z,2026-07-01T07:57:04.761328+00:00,2026-06-30
PRKS,United Parks & Resorts Inc.,Consumer Cyclical,Leisure,0.1933395004625347,0.574468085106383,0.7187789084181314,0.5058823529411764,0.8511904761904762,0.7751479289940828,0.0529411764705882,0.4955288313290163,0.546290483649081,4,2026-07-01T053352Z,2026-07-01T07:57:04.761328+00:00,2026-06-30
PRM,"Perimeter Solutions, Inc.",Basic Materials,Specialty Chemicals,0.9056429232192414,0.6262719703977798,0.8122109158186864,0.0847457627118644,0.423728813559322,0.711864406779661,0.1864406779661017,0.7813752698119026,0.35169491525423724,4,2026-07-01T053352Z,2026-07-01T07:57:04.761328+00:00,2026-06-30
PRMB,Primo Brands Corporation,Consumer Defensive,Beverages - Non-Alcoholic,0.1998149861239593,0.8519888991674376,0.7372802960222017,0.1212121212121212,0.1818181818181818,0.2878787878787879,0.1515151515151515,0.5963613937711996,0.18560606060606058,4,2026-07-01T053352Z,2026-07-01T07:57:04.761328+00:00,2026-06-30
PRVA,"Privia Health Group, Inc.",Healthcare,Health Information Services,0.3043478260869565,0.2312673450508788,0.5383903792784459,0.4472049689440994,0.1555555555555555,0.4206896551724138,0.9559748427672956,0.35800185013876035,0.4948562556098411,4,2026-07-01T053352Z,2026-07-01T07:57:04.761328+00:00,2026-06-30
PSKY,Paramount Skydance Corporation,Communication Services,Entertainment,0.1970397779833487,0.1193339500462534,0.0712303422756706,0.2826086956521739,0.4883720930232558,0.1111111111111111,0.391304347826087,0.12920135676842423,0.3183490619031569,4,2026-07-01T053352Z,2026-07-01T07:57:04.761328+00:00,2026-06-30
PSMT,"PriceSmart, Inc.",Consumer Defensive,Discount Stores,0.7687326549491211,0.7853839037927844,0.84736355226642,0.4848484848484848,0.5303030303030303,0.1363636363636363,0.8484848484848485,0.8004933703361085,0.5,4,2026-07-01T053352Z,2026-07-01T07:57:04.761328+00:00,2026-06-30
PSN,Parsons Corporation,Technology,Information Technology Services,0.1868640148011101,0.299722479185939,0.0758556891766882,0.3849557522123893,0.3539823008849557,0.2212389380530973,0.34375,0.18748072772124577,0.3259817477876106,4,2026-07-01T053352Z,2026-07-01T07:57:04.761328+00:00,2026-06-30
PSX,Phillips 66,Energy,Oil & Gas Refining & Marketing,0.7317298797409806,0.7992599444958371,0.5707678075855689,0.5217391304347826,0.7681159420289855,0.1884057971014492,0.3333333333333333,0.7005858772741288,0.45289855072463764,4,2026-07-01T053352Z,2026-07-01T07:57:04.761328+00:00,2026-06-30
PTC,PTC Inc.,Technology,Software - Application,0.1739130434782608,0.1211840888066605,0.0333024976873265,0.915929203539823,0.7079646017699115,0.8628318584070797,0.4910714285714285,0.10946654332408261,0.7444492730720607,4,2026-07-01T053352Z,2026-07-01T07:57:04.761328+00:00,2026-06-30
PTCT,"PTC Therapeutics, Inc.",Healthcare,Biotechnology,0.7141535615171137,0.2932469935245143,0.6271970397779834,0.3167701863354037,0.4222222222222222,0.1103448275862069,0.6918238993710691,0.5448658649398704,0.3852902838787255,4,2026-07-01T053352Z,2026-07-01T07:57:04.761328+00:00,2026-06-30
PTEN,"Patterson-UTI Energy, Inc.",Energy,Oil & Gas Drilling,0.8538390379278445,0.9500462534690102,0.572617946345976,0.1159420289855072,0.0869565217391304,0.391304347826087,0.5942028985507246,0.792167745914277,0.2971014492753623,4,2026-07-01T053352Z,2026-07-01T07:57:04.761328+00:00,2026-06-30
PTON,"Peloton Interactive, Inc.",Consumer Cyclical,Leisure,0.2719703977798335,0.4773358001850138,0.3200740055504162,0.1705882352941176,0.875,0.8698224852071006,0.0647058823529411,0.35646006783842116,0.4950291507135398,4,2026-07-01T053352Z,2026-07-01T07:57:04.761328+00:00,2026-06-30
PVH,PVH Corp.,Consumer Cyclical,Apparel Manufacturing,0.6891766882516188,0.7835337650323775,0.2673450508788159,0.1823529411764705,0.6607142857142857,0.4556213017751479,0.611764705882353,0.5800185013876041,0.4776133086370643,4,2026-07-01T053352Z,2026-07-01T07:57:04.761328+00:00,2026-06-30
PWR,"Quanta Services, Inc.",Industrials,Engineering & Construction,0.8288621646623496,0.9019426456984274,0.8307123034227567,0.3733333333333333,0.3677130044843049,0.32,0.6311111111111111,0.8538390379278447,0.4230393622321873,4,2026-07-01T053352Z,2026-07-01T07:57:04.761328+00:00,2026-06-30
QBTS,D-Wave Quantum Inc.,Technology,Computer Hardware,0.8843663274745606,0.6734505087881592,0.3209990749306198,0.0154867256637168,0.0154867256637168,0.0154867256637168,0.8258928571428571,0.6262719703977798,0.2180882585335019,4,2026-07-01T053352Z,2026-07-01T07:57:04.761328+00:00,2026-06-30
QCOM,QUALCOMM Incorporated,Technology,Semiconductors,0.7659574468085106,0.8242368177613321,0.5504162812210915,0.8938053097345132,0.7831858407079646,0.7964601769911505,0.3660714285714285,0.7135368485969781,0.7098806890012641,4,2026-07-01T053352Z,2026-07-01T07:57:04.761328+00:00,2026-06-30
QLYS,"Qualys, Inc.",Technology,Software - Infrastructure,0.1424606845513413,0.1248843663274745,0.667900092506938,0.9026548672566372,0.8849557522123894,0.9646017699115044,0.7589285714285714,0.3117483811285846,0.8777852402022757,4,2026-07-01T053352Z,2026-07-01T07:57:04.761328+00:00,2026-06-30
QRVO,"Qorvo, Inc.",Technology,Semiconductors,0.5596669750231268,0.6817761332099908,0.4625346901017576,0.5,0.4601769911504424,0.5486725663716814,0.375,0.5679925994449583,0.4709623893805309,4,2026-07-01T053352Z,2026-07-01T07:57:04.761328+00:00,2026-06-30
QS,QuantumScape Corporation,Consumer Cyclical,Auto Parts,0.6493987049028677,0.1618871415356151,0.0592044403330249,0.0176470588235294,,,0.9705882352941176,0.2901634289238359,0.4941176470588235,2,2026-07-01T053352Z,2026-07-01T07:57:04.761328+00:00,2026-06-30
QSR,Restaurant Brands International Inc.,Consumer Cyclical,Restaurants,0.4976873265494912,0.5180388529139686,0.4014801110083256,0.3411764705882353,0.0892857142857142,0.8579881656804734,0.188235294117647,0.4724020968239285,0.3691714111680175,4,2026-07-01T053352Z,2026-07-01T07:57:04.761328+00:00,2026-06-30
QTWO,"Q2 Holdings, Inc.",Technology,Software - Application,0.0277520814061054,0.0296022201665124,0.0971322849213691,0.5265486725663717,0.6548672566371682,0.6415929203539823,0.3526785714285714,0.05149552883132896,0.5439218552465234,4,2026-07-01T053352Z,2026-07-01T07:57:04.761328+00:00,2026-06-30
QXO,"QXO, Inc.",Industrials,Industrial Distribution,0.1822386679000925,0.1489361702127659,0.1322849213691027,0.08,0.1434977578475336,0.1955555555555555,0.6755555555555556,0.15448658649398703,0.27365221723966116,4,2026-07-01T053352Z,2026-07-01T07:57:04.761328+00:00,2026-06-30
R,"Ryder System, Inc.",Industrials,Rental & Leasing Services,0.759481961147086,0.7502312673450509,0.7835337650323775,0.2577777777777778,0.2645739910313901,0.2444444444444444,0.0933333333333333,0.7644156645081713,0.2150323866467364,4,2026-07-01T053352Z,2026-07-01T07:57:04.761328+00:00,2026-06-30
RAMP,"LiveRamp Holdings, Inc.",Technology,Software - Infrastructure,0.4717853839037927,0.7317298797409806,0.7918593894542091,0.7787610619469026,0.7876106194690266,0.6106194690265486,0.8794642857142857,0.6651248843663274,0.7641138590391908,4,2026-07-01T053352Z,2026-07-01T07:57:04.761328+00:00,2026-06-30
RARE,Ultragenyx Pharmaceutical Inc.,Healthcare,Biotechnology,0.0749306197964847,0.0564292321924144,0.7483811285846439,0.0807453416149068,0.7111111111111111,0.096551724137931,0.8805031446540881,0.29324699352451433,0.44222783037950925,4,2026-07-01T053352Z,2026-07-01T07:57:04.761328+00:00,2026-06-30
RBA,"RB Global, Inc.",Industrials,Specialty Business Services,0.3348751156336725,0.4079555966697502,0.5587419056429233,0.3022222222222222,0.3542600896860987,0.7733333333333333,0.3866666666666666,0.4338575393154486,0.4541205779770803,4,2026-07-01T053352Z,2026-07-01T07:57:04.761328+00:00,2026-06-30
RBC,RBC Bearings Incorporated,Industrials,Tools & Accessories,0.7206290471785384,0.727104532839963,0.7761332099907493,0.48,0.2825112107623318,0.8888888888888888,0.76,0.7412889300030835,0.6028500249128051,4,2026-07-01T053352Z,2026-07-01T07:57:04.761328+00:00,2026-06-30
RBLX,Roblox Corporation,Communication Services,Electronic Gaming & Multimedia,0.0134135060129509,0.0134135060129509,0.030527289546716,0.0869565217391304,0.7674418604651163,0.8222222222222222,0.8260869565217391,0.01911810052420593,0.625676890237052,4,2026-07-01T053352Z,2026-07-01T07:57:04.761328+00:00,2026-06-30
RBRK,,Technology,Software - Infrastructure,0.2377428307123034,0.3848288621646623,0.7067530064754857,0.0486725663716814,0.7433628318584071,0.5929203539823009,0.1830357142857142,0.44310823311748376,0.3919978666245259,4,2026-07-01T053352Z,2026-07-01T07:57:04.761328+00:00,2026-06-30
RCL,Royal Caribbean Cruises Ltd.,Consumer Cyclical,Travel Services,0.2580943570767807,0.3885291396854764,0.5513413506012951,0.7705882352941177,0.3333333333333333,0.5384615384615384,0.3352941176470588,0.3993216157878507,0.49441930618401203,4,2026-07-01T053352Z,2026-07-01T07:57:04.761328+00:00,2026-06-30
RCUS,"Arcus Biosciences, Inc.",Healthcare,Biotechnology,0.9528214616096208,0.5504162812210915,0.876040703052729,0.1180124223602484,,0.0620689655172413,0.7232704402515723,0.7930928152944805,0.3011172760430207,3,2026-07-01T053352Z,2026-07-01T07:57:04.761328+00:00,2026-06-30
RDDT,"Reddit, Inc.",Communication Services,Internet Content & Information,0.5550416281221091,0.1128584643848288,0.2275670675300647,0.9347826086956522,0.9534883720930232,0.9555555555555556,0.9891304347826086,0.29848905334566755,0.9582392427817099,4,2026-07-01T053352Z,2026-07-01T07:57:04.761328+00:00,2026-06-30
RDW,Redwire Corporation,Industrials,Aerospace & Defense,0.730804810360777,0.9875115633672524,0.7345050878815911,0.0155555555555555,0.0156950672645739,0.0155555555555555,0.8888888888888888,0.8176071538698736,0.23392376681614344,4,2026-07-01T053352Z,2026-07-01T07:57:04.761328+00:00,2026-06-30
REGN,"Regeneron Pharmaceuticals, Inc.",Healthcare,Biotechnology,0.5060129509713228,0.1202590194264569,0.1739130434782608,0.8509316770186336,0.5259259259259259,0.8758620689655172,0.8050314465408805,0.2667283379586802,0.7644377796127393,4,2026-07-01T053352Z,2026-07-01T07:57:04.761328+00:00,2026-06-30
RELY,"Remitly Global, Inc.",Technology,Software - Infrastructure,0.3755781683626272,0.8057354301572618,0.8334875115633672,0.6327433628318584,0.9690265486725664,0.4690265486725664,0.8571428571428571,0.6716003700277521,0.7319848293299621,4,2026-07-01T053352Z,2026-07-01T07:57:04.761328+00:00,2026-06-30
REYN,Reynolds Consumer Products Inc.,Consumer Cyclical,Packaging & Containers,0.3765032377428307,0.3117483811285846,0.6771507863089732,0.5529411764705883,0.2261904761904762,0.5976331360946746,0.6705882352941176,0.45513413506012945,0.5118382560124641,4,2026-07-01T053352Z,2026-07-01T07:57:04.761328+00:00,2026-06-30
REZI,"Resideo Technologies, Inc.",Industrials,Industrial Distribution,0.6706753006475485,0.2025901942645698,0.1387604070305272,0.0488888888888888,0.695067264573991,0.0444444444444444,0.2577777777777778,0.33734196731421523,0.2615445939212755,4,2026-07-01T053352Z,2026-07-01T07:57:04.761328+00:00,2026-06-30
RGEN,Repligen Corporation,Healthcare,Medical Instruments & Supplies,0.3274745605920444,0.0851063829787234,0.3006475485661424,0.4658385093167702,0.0962962962962963,0.6,0.5723270440251572,0.2377428307123034,0.43361546240955595,4,2026-07-01T053352Z,2026-07-01T07:57:04.761328+00:00,2026-06-30
RGLD,"Royal Gold, Inc.",Basic Materials,Gold,0.6077705827937095,0.3320999074930619,0.150786308973173,0.6440677966101694,0.2033898305084746,0.0254237288135593,0.9152542372881356,0.36355226641998145,0.4470338983050847,4,2026-07-01T053352Z,2026-07-01T07:57:04.761328+00:00,2026-06-30
RH,RH,Consumer Cyclical,Specialty Retail,0.1470860314523589,0.1359851988899167,0.30527289546716,0.2058823529411764,0.4821428571428571,0.5029585798816568,0.0823529411764705,0.1961147086031452,0.3183341827855402,4,2026-07-01T053352Z,2026-07-01T07:57:04.761328+00:00,2026-06-30
RHI,Robert Half Inc.,Industrials,Staffing & Employment Services,0.1433857539315448,0.572617946345976,0.6096207215541165,0.4044444444444444,0.9887892376681614,0.2533333333333333,0.8844444444444445,0.44187480727721246,0.632752864972596,4,2026-07-01T053352Z,2026-07-01T07:57:04.761328+00:00,2026-06-30
RIVN,"Rivian Automotive, Inc.",Consumer Cyclical,Auto Manufacturers,0.5208140610545791,0.1137835337650323,0.5374653098982424,0.0176470588235294,0.0178571428571428,0.0177514792899408,0.4294117647058823,0.3906876349059512,0.12066686141912383,4,2026-07-01T053352Z,2026-07-01T07:57:04.761328+00:00,2026-06-30
RKLB,Rocket Lab Corporation,Industrials,Aerospace & Defense,0.973172987974098,0.9602220166512488,0.8316373728029602,0.0444444444444444,0.0672645739910313,0.0155555555555555,0.9288888888888888,0.921677459142769,0.26403836571997996,4,2026-07-01T053352Z,2026-07-01T07:57:04.761328+00:00,2026-06-30
RL,Ralph Lauren Corporation,Consumer Cyclical,Apparel Manufacturing,0.6308973172987974,0.4199814986123959,0.6225716928769658,0.8294117647058824,0.9404761904761904,0.6094674556213018,0.5882352941176471,0.5578168362627197,0.7418976762302555,4,2026-07-01T053352Z,2026-07-01T07:57:04.761328+00:00,2026-06-30
RMBS,Rambus Inc.,Technology,Semiconductors,0.8982423681776133,0.8714153561517114,0.7252543940795559,0.8451327433628318,0.6769911504424779,0.9889380530973452,0.9151785714285714,0.8316373728029601,0.8565601295828067,4,2026-07-01T053352Z,2026-07-01T07:57:04.761328+00:00,2026-06-30
RMD,ResMed Inc.,Healthcare,Medical Instruments & Supplies,0.123959296947271,0.1165587419056429,0.0980573543015726,0.9503105590062112,0.7037037037037037,0.9310344827586208,0.7547169811320755,0.11285846438482883,0.8349414316501527,4,2026-07-01T053352Z,2026-07-01T07:57:04.761328+00:00,2026-06-30
RNG,"RingCentral, Inc.",Technology,Software - Application,0.7483811285846439,0.8334875115633672,0.6558741905642923,0.5088495575221239,0.9889380530973452,0.6283185840707964,0.015625,0.7459142769041011,0.5354327986725663,4,2026-07-01T053352Z,2026-07-01T07:57:04.761328+00:00,2026-06-30
ROAD,"Construction Partners, Inc.",Industrials,Engineering & Construction,0.4153561517113783,0.4357076780758557,0.3524514338575393,0.3111111111111111,0.242152466367713,0.3555555555555555,0.0977777777777777,0.40117175454825776,0.2516492277030393,4,2026-07-01T053352Z,2026-07-01T07:57:04.761328+00:00,2026-06-30
ROG,Rogers Corporation,Technology,Electronic Components,0.8695652173913043,0.8529139685476411,0.913968547641073,0.0973451327433628,0.2300884955752212,0.2787610619469026,0.9196428571428572,0.8788159111933395,0.38145938685208597,4,2026-07-01T053352Z,2026-07-01T07:57:04.761328+00:00,2026-06-30
ROK,"Rockwell Automation, Inc.",Industrials,Specialty Industrial Machinery,0.6669750231267345,0.6012950971322849,0.7604070305272895,0.76,0.8609865470852018,0.8177777777777778,0.3244444444444444,0.6762257169287696,0.690802192326856,4,2026-07-01T053352Z,2026-07-01T07:57:04.761328+00:00,2026-06-30
ROKU,"Roku, Inc.",Communication Services,Entertainment,0.7197039777983348,0.6364477335800185,0.8001850138760407,0.6086956521739131,0.8837209302325582,0.4222222222222222,0.9347826086956522,0.7187789084181313,0.7123553533310865,4,2026-07-01T053352Z,2026-07-01T07:57:04.761328+00:00,2026-06-30
ROL,"Rollins, Inc.",Consumer Cyclical,Personal Services,0.1979648473635522,0.125809435707678,0.0573543015726179,0.9411764705882352,0.9166666666666666,0.8520710059171598,0.6588235294117647,0.12704286154794936,0.8421844181459566,4,2026-07-01T053352Z,2026-07-01T07:57:04.761328+00:00,2026-06-30
ROP,"Roper Technologies, Inc.",Technology,Software - Application,0.0462534690101757,0.0712303422756706,0.1276595744680851,0.4646017699115044,0.163716814159292,0.8539823008849557,0.3169642857142857,0.08171446191797714,0.44981629266750944,4,2026-07-01T053352Z,2026-07-01T07:57:04.761328+00:00,2026-06-30
ROST,"Ross Stores, Inc.",Consumer Cyclical,Apparel Retail,0.820536540240518,0.7474560592044404,0.5420906567992599,0.9,0.6428571428571429,0.7692307692307693,0.7235294117647059,0.7033610854147394,0.7589043309631546,4,2026-07-01T053352Z,2026-07-01T07:57:04.761328+00:00,2026-06-30
RPM,RPM International Inc.,Basic Materials,Specialty Chemicals,0.3024976873265494,0.3996299722479186,0.4079555966697502,0.7796610169491526,0.9915254237288136,0.576271186440678,0.3050847457627119,0.3700277520814061,0.6631355932203391,4,2026-07-01T053352Z,2026-07-01T07:57:04.761328+00:00,2026-06-30
RPRX,Royalty Pharma plc,Healthcare,Biotechnology,0.7585568917668826,0.820536540240518,0.7853839037927844,0.6024844720496895,,0.9896551724137932,0.1886792452830188,0.7881591119333949,0.5936062965821671,3,2026-07-01T053352Z,2026-07-01T07:57:04.761328+00:00,2026-06-30
RRC,Range Resources Corporation,Energy,Oil & Gas E&P,0.2812210915818686,0.5596669750231268,0.2682701202590194,0.9130434782608696,0.782608695652174,0.8985507246376812,0.8985507246376812,0.36971939562133826,0.8731884057971014,4,2026-07-01T053352Z,2026-07-01T07:57:04.761328+00:00,2026-06-30
RRR,"Red Rock Resorts, Inc.",Consumer Cyclical,Resorts & Casinos,0.4819611470860314,0.3089731729879741,0.5809435707678076,0.3823529411764705,0.4761904761904761,0.8047337278106509,0.0705882352941176,0.4572926302806044,0.43346634511792875,4,2026-07-01T053352Z,2026-07-01T07:57:04.761328+00:00,2026-06-30
RRX,Regal Rexnord Corporation,Industrials,Specialty Industrial Machinery,0.669750231267345,0.7964847363552267,0.8353376503237743,0.2177777777777777,0.2780269058295964,0.7422222222222222,0.3422222222222222,0.7671908726487819,0.3950622820129546,4,2026-07-01T053352Z,2026-07-01T07:57:04.761328+00:00,2026-06-30
RS,"Reliance, Inc.",Basic Materials,Steel,0.545790934320074,0.7530064754856615,0.6753006475485661,0.711864406779661,0.9661016949152542,0.4406779661016949,0.6610169491525424,0.6580326857847673,0.6949152542372882,4,2026-07-01T053352Z,2026-07-01T07:57:04.761328+00:00,2026-06-30
RSG,"Republic Services, Inc.",Industrials,Waste Management,0.1803885291396854,0.3006475485661424,0.3182238667900092,0.5511111111111111,0.4618834080717489,0.8311111111111111,0.2355555555555555,0.26641998149861235,0.5199152964623817,4,2026-07-01T053352Z,2026-07-01T07:57:04.761328+00:00,2026-06-30
RSI,"Rush Street Interactive, Inc.",Consumer Cyclical,Gambling,0.8011100832562442,0.757631822386679,0.8621646623496763,0.5,0.9226190476190476,0.6923076923076923,0.9882352941176472,0.8069688559975332,0.7757905085110968,4,2026-07-01T053352Z,2026-07-01T07:57:04.761328+00:00,2026-06-30
RTX,RTX Corporation,Industrials,Aerospace & Defense,0.5846438482886216,0.3496762257169287,0.4135060129509713,0.3555555555555555,0.1121076233183856,0.5466666666666666,0.6977777777777778,0.4492753623188405,0.4280269058295964,4,2026-07-01T053352Z,2026-07-01T07:57:04.761328+00:00,2026-06-30
RUN,Sunrun Inc.,Technology,Solar,0.8963922294172063,0.1535615171137835,0.0925069380203515,0.3097345132743362,0.0353982300884955,0.0353982300884955,0.0357142857142857,0.3808202281837805,0.10406131479140324,4,2026-07-01T053352Z,2026-07-01T07:57:04.761328+00:00,2026-06-30
RUSHA,"Rush Enterprises, Inc.",Consumer Cyclical,Auto & Truck Dealerships,0.6503237742830712,0.7261794634597595,0.6734505087881592,0.5235294117647059,0.5238095238095238,0.4319526627218935,0.6941176470588235,0.6833179155103299,0.5433523113387366,4,2026-07-01T053352Z,2026-07-01T07:57:04.761328+00:00,2026-06-30
RVMD,"Revolution Medicines, Inc.",Healthcare,Biotechnology,0.9875115633672524,0.9509713228492136,0.9666975023126736,0.0559006211180124,,,0.7924528301886793,0.9683934628430465,0.42417672565334585,2,2026-07-01T053352Z,2026-07-01T07:57:04.761328+00:00,2026-06-30
RVTY,"Revvity, Inc.",Healthcare,Diagnostics & Research,0.3876040703052729,0.5254394079555966,0.6382978723404256,0.484472049689441,0.0666666666666666,0.7310344827586207,0.4716981132075472,0.517113783533765,0.43846782808056894,4,2026-07-01T053352Z,2026-07-01T07:57:04.761328+00:00,2026-06-30
RXO,"RXO, Inc.",Industrials,Trucking,0.7705827937095282,0.9565217391304348,0.9343200740055504,0.0755555555555555,0.6098654708520179,0.1333333333333333,0.7333333333333333,0.8871415356151712,0.38802192326856,4,2026-07-01T053352Z,2026-07-01T07:57:04.761328+00:00,2026-06-30
S,"SentinelOne, Inc.",Technology,Software - Infrastructure,0.2543940795559667,0.5550416281221091,0.5291396854764108,0.0353982300884955,0.5752212389380531,0.1592920353982301,0.9553571428571428,0.4461917977181622,0.4313171618204804,4,2026-07-01T053352Z,2026-07-01T07:57:04.761328+00:00,2026-06-30
SAH,"Sonic Automotive, Inc.",Consumer Cyclical,Auto & Truck Dealerships,0.3635522664199815,0.7539315448658649,0.7502312673450509,0.1941176470588235,0.6309523809523809,0.1242603550295858,0.1294117647058823,0.6225716928769658,0.26968553693666814,4,2026-07-01T053352Z,2026-07-01T07:57:04.761328+00:00,2026-06-30
SAIA,"Saia, Inc.",Industrials,Trucking,0.7955596669750231,0.81313598519889,0.6392229417206291,0.6088888888888889,0.2331838565022421,0.36,0.9111111111111112,0.7493061979648474,0.5282959641255605,4,2026-07-01T053352Z,2026-07-01T07:57:04.761328+00:00,2026-06-30
SAIC,Science Applications International Corporation,Technology,Information Technology Services,0.2913968547641073,0.42368177613321,0.5911193339500462,0.6504424778761062,0.1858407079646017,0.2610619469026549,0.0848214285714285,0.43539932161578787,0.29554164032869784,4,2026-07-01T053352Z,2026-07-01T07:57:04.761328+00:00,2026-06-30
SANM,Sanmina Corporation,Technology,Electronic Components,0.93154486586494,0.9093432007400556,0.904717853839038,0.3230088495575221,0.0575221238938053,0.1991150442477876,0.4776785714285714,0.9152019734813446,0.2643311472819216,4,2026-07-01T053352Z,2026-07-01T07:57:04.761328+00:00,2026-06-30
SBUX,Starbucks Corporation,Consumer Cyclical,Restaurants,0.4246068455134135,0.6595744680851063,0.5624421831637373,0.4176470588235294,0.4047619047619047,0.514792899408284,0.088235294117647,0.5488744989207524,0.3563592892778413,4,2026-07-01T053352Z,2026-07-01T07:57:04.761328+00:00,2026-06-30
SCCO,Southern Copper Corporation,Basic Materials,Copper,0.8566142460684552,0.7650323774283071,0.5041628122109159,0.9915254237288136,0.9322033898305084,0.9491525423728814,0.3559322033898305,0.7086031452358927,0.8072033898305084,4,2026-07-01T053352Z,2026-07-01T07:57:04.761328+00:00,2026-06-30
SCI,Service Corporation International,Consumer Cyclical,Personal Services,0.2627197039777983,0.3385753931544866,0.2627197039777983,0.2705882352941176,0.0357142857142857,0.8165680473372781,0.7588235294117647,0.28800493370336105,0.47042352443936153,4,2026-07-01T053352Z,2026-07-01T07:57:04.761328+00:00,2026-06-30
SDRL,Seadrill Limited,Energy,Oil & Gas Drilling,0.816836262719704,0.8177613320999075,0.2793709528214616,0.144927536231884,0.1159420289855072,0.1014492753623188,0.8115942028985508,0.6379895158803578,0.2934782608695652,4,2026-07-01T053352Z,2026-07-01T07:57:04.761328+00:00,2026-06-30
SEI,"Solaris Energy Infrastructure, Inc.",Energy,Oil & Gas Equipment & Services,0.913968547641073,0.877890841813136,0.8751156336725254,0.3333333333333333,0.3333333333333333,0.0434782608695652,0.1014492753623188,0.888991674375578,0.20289855072463767,4,2026-07-01T053352Z,2026-07-01T07:57:04.761328+00:00,2026-06-30
SEM,Select Medical Holdings Corporation,Healthcare,Medical Care Facilities,0.4172062904717853,0.5920444033302498,0.5208140610545791,0.5093167701863354,0.0592592592592592,0.3034482758620689,0.1698113207547169,0.5100215849522047,0.2604589065155951,4,2026-07-01T053352Z,2026-07-01T07:57:04.761328+00:00,2026-06-30
SFM,"Sprouts Farmers Market, Inc.",Consumer Defensive,Grocery Stores,0.030527289546716,0.4431082331174838,0.3385753931544866,0.7424242424242424,0.9924242424242424,0.303030303030303,0.2272727272727272,0.27073697193956214,0.5662878787878788,4,2026-07-01T053352Z,2026-07-01T07:57:04.761328+00:00,2026-06-30
SGI,Somnigroup International Inc.,Consumer Cyclical,"Furnishings, Fixtures & Appliances",0.3746530989824236,0.1100832562442183,0.2479185938945421,0.388235294117647,0.4642857142857143,0.6863905325443787,0.2941176470588235,0.244218316373728,0.45825729700164086,4,2026-07-01T053352Z,2026-07-01T07:57:04.761328+00:00,2026-06-30
SGRY,"Surgery Partners, Inc.",Healthcare,Medical Care Facilities,0.0527289546716003,0.1766882516188714,0.427382053654024,0.3726708074534161,0.0518518518518518,0.4344827586206896,0.1572327044025157,0.21893308664816521,0.2540595305821183,4,2026-07-01T053352Z,2026-07-01T07:57:04.761328+00:00,2026-06-30
SHAK,Shake Shack Inc.,Consumer Cyclical,Restaurants,0.0134135060129509,0.1017576318223866,0.0134135060129509,0.2117647058823529,0.6011904761904762,0.1124260355029585,0.4,0.04286154794942947,0.33134530439394694,4,2026-07-01T053352Z,2026-07-01T07:57:04.761328+00:00,2026-06-30
SHC,Sotera Health Company,Healthcare,Diagnostics & Research,0.6623496762257169,0.2201665124884366,0.515263644773358,0.5714285714285714,0.2666666666666666,0.496551724137931,0.0817610062893081,0.4659266111625038,0.35410199213061927,4,2026-07-01T053352Z,2026-07-01T07:57:04.761328+00:00,2026-06-30
SHOO,"Steven Madden, Ltd.",Consumer Cyclical,Footwear & Accessories,0.8159111933395005,0.4116558741905643,0.5235892691951897,0.3470588235294117,0.8809523809523809,0.2662721893491124,0.7705882352941177,0.5837187789084181,0.5662179072812557,4,2026-07-01T053352Z,2026-07-01T07:57:04.761328+00:00,2026-06-30
SHW,The Sherwin-Williams Company,Basic Materials,Specialty Chemicals,0.2247918593894542,0.2904717853839038,0.4033302497687326,0.8305084745762712,0.9915254237288136,0.7627118644067796,0.1016949152542373,0.30619796484736356,0.6716101694915254,4,2026-07-01T053352Z,2026-07-01T07:57:04.761328+00:00,2026-06-30
SIRI,Sirius XM Holdings Inc.,Communication Services,Entertainment,0.6549491211840888,0.8316373728029602,0.7927844588344126,0.4565217391304347,0.2093023255813953,0.6444444444444445,0.4347826086956521,0.759790317607154,0.43626277946298164,4,2026-07-01T053352Z,2026-07-01T07:57:04.761328+00:00,2026-06-30
SITE,"SiteOne Landscape Supply, Inc.",Industrials,Industrial Distribution,0.2395929694727104,0.1859389454209065,0.1637372802960222,0.4,0.9461883408071748,0.2888888888888888,0.44,0.19642306506321303,0.518769307424016,4,2026-07-01T053352Z,2026-07-01T07:57:04.761328+00:00,2026-06-30
SJM,The J. M. Smucker Company,Consumer Defensive,Packaged Foods,0.4486586493987049,0.4810360777058279,0.5430157261794635,0.0757575757575757,0.2121212121212121,0.6666666666666666,0.3333333333333333,0.49090348442799875,0.3219696969696969,4,2026-07-01T053352Z,2026-07-01T07:57:04.761328+00:00,2026-06-30
SKY,"Champion Homes, Inc.",Consumer Cyclical,Residential Construction,0.5004625346901017,0.1942645698427382,0.5319148936170213,0.7235294117647059,0.5357142857142857,0.7041420118343196,0.9882352941176472,0.40888066604995377,0.7379052508577396,4,2026-07-01T053352Z,2026-07-01T07:57:04.761328+00:00,2026-06-30
SKYW,"SkyWest, Inc.",Industrials,Airlines,0.1794634597594819,0.1692876965772433,0.3866790009250694,0.5066666666666667,0.179372197309417,0.3244444444444444,0.4088888888888889,0.24514338575393155,0.3548430493273542,4,2026-07-01T053352Z,2026-07-01T07:57:04.761328+00:00,2026-06-30
SLAB,Silicon Laboratories Inc.,Technology,Semiconductors,0.7076780758556892,0.8963922294172063,0.7650323774283071,0.0929203539823008,0.6991150442477876,0.1238938053097345,0.8883928571428571,0.7897008942337341,0.45108051517067,4,2026-07-01T053352Z,2026-07-01T07:57:04.761328+00:00,2026-06-30
SLB,SLB N.V.,Energy,Oil & Gas Equipment & Services,0.7752081406105458,0.8251618871415356,0.4024051803885291,0.6086956521739131,0.4347826086956521,0.6376811594202898,0.6376811594202898,0.66759173604687,0.5797101449275361,4,2026-07-01T053352Z,2026-07-01T07:57:04.761328+00:00,2026-06-30
SLGN,Silgan Holdings Inc.,Consumer Cyclical,Packaging & Containers,0.0980573543015726,0.2654949121184088,0.5929694727104533,0.2941176470588235,0.0773809523809523,0.3550295857988165,0.3647058823529411,0.3188405797101449,0.2728085168978833,4,2026-07-01T053352Z,2026-07-01T07:57:04.761328+00:00,2026-06-30
SM,SM Energy Company,Energy,Oil & Gas E&P,0.5920444033302498,0.906567992599445,0.5004625346901017,0.2753623188405797,0.3478260869565217,0.6956521739130435,0.2463768115942029,0.6663583102065989,0.3913043478260869,4,2026-07-01T053352Z,2026-07-01T07:57:04.761328+00:00,2026-06-30
SMCI,"Super Micro Computer, Inc.",Technology,Computer Hardware,0.2932469935245143,0.8556891766882516,0.1091581868640148,0.4513274336283185,0.079646017699115,0.0530973451327433,0.2410714285714285,0.4193647856922602,0.20628555625790135,4,2026-07-01T053352Z,2026-07-01T07:57:04.761328+00:00,2026-06-30
SMG,The Scotts Miracle-Gro Company,Basic Materials,Agricultural Inputs,0.2682701202590194,0.4468085106382978,0.6216466234967623,0.3728813559322034,0.8983050847457628,0.6779661016949152,0.0508474576271186,0.4455750847980265,0.5,4,2026-07-01T053352Z,2026-07-01T07:57:04.761328+00:00,2026-06-30
SMR,NuScale Power Corporation,Industrials,Specialty Industrial Machinery,0.0134135060129509,0.185013876040703,0.0134135060129509,0.0155555555555555,0.0156950672645739,0.0155555555555555,0.9888888888888888,0.07061362935553493,0.25892376681614343,4,2026-07-01T053352Z,2026-07-01T07:57:04.761328+00:00,2026-06-30
SMTC,Semtech Corporation,Technology,Semiconductors,0.9592969472710452,0.9555966697502312,0.9574468085106383,0.1194690265486725,0.7212389380530974,0.415929203539823,0.28125,0.9574468085106383,0.3844717920353982,4,2026-07-01T053352Z,2026-07-01T07:57:04.761328+00:00,2026-06-30
SN,"SharkNinja, Inc.",Consumer Cyclical,"Furnishings, Fixtures & Appliances",0.5874190564292322,0.4995374653098982,0.8427382053654024,0.8705882352941177,0.8869047619047619,0.4260355029585799,0.9,0.6432315757015109,0.7708821250393648,4,2026-07-01T053352Z,2026-07-01T07:57:04.761328+00:00,2026-06-30
SNA,Snap-on Incorporated,Industrials,Tools & Accessories,0.5531914893617021,0.4875115633672525,0.5846438482886216,0.8577777777777778,0.7892376681614349,0.9511111111111112,0.8177777777777778,0.5417823003391921,0.8539760837070254,4,2026-07-01T053352Z,2026-07-01T07:57:04.761328+00:00,2026-06-30
SNDR,"Schneider National, Inc.",Industrials,Trucking,0.7049028677150786,0.7585568917668826,0.8223866790009251,0.2088888888888889,0.0762331838565022,0.2622222222222222,0.8977777777777778,0.7619488128276287,0.36128051818634777,4,2026-07-01T053352Z,2026-07-01T07:57:04.761328+00:00,2026-06-30
SNOW,Snowflake Inc.,Technology,Software - Application,0.4708603145235893,0.6133209990749307,0.7446808510638298,0.0309734513274336,0.6946902654867256,0.6991150442477876,0.2991071428571428,0.6096207215541165,0.43097147597977237,4,2026-07-01T053352Z,2026-07-01T07:57:04.761328+00:00,2026-06-30
SNPS,"Synopsys, Inc.",Technology,Software - Infrastructure,0.2775208140610545,0.3811285846438483,0.2904717853839038,0.243362831858407,0.1194690265486725,0.8407079646017699,0.4642857142857143,0.3163737280296022,0.4169563843236409,4,2026-07-01T053352Z,2026-07-01T07:57:04.761328+00:00,2026-06-30
SNX,TD SYNNEX Corporation,Technology,Electronics & Computer Distribution,0.8519888991674376,0.913968547641073,0.8899167437557817,0.3539823008849557,0.1283185840707964,0.1061946902654867,0.6517857142857143,0.8852913968547641,0.31007032237673826,4,2026-07-01T053352Z,2026-07-01T07:57:04.761328+00:00,2026-06-30
SO,The Southern Company,Utilities,Utilities - Regulated Electric,0.3654024051803885,0.5115633672525439,0.42368177613321,0.6440677966101694,0.5862068965517241,0.5,0.2033898305084746,0.4335491828553808,0.48341613091759206,4,2026-07-01T053352Z,2026-07-01T07:57:04.761328+00:00,2026-06-30
SOLV,Solventum Corporation,Healthcare,Medical Instruments & Supplies,0.3117483811285846,0.2821461609620722,0.3987049028677151,0.8260869565217391,0.5407407407407407,0.2206896551724138,0.3144654088050314,0.3308664816527906,0.4754956903099813,4,2026-07-01T053352Z,2026-07-01T07:57:04.761328+00:00,2026-06-30
SON,Sonoco Products Company,Consumer Cyclical,Packaging & Containers,0.484736355226642,0.6142460684551342,0.6984273820536541,0.6764705882352942,0.1309523809523809,0.2189349112426035,0.4529411764705882,0.5991366019118102,0.3698247642252167,4,2026-07-01T053352Z,2026-07-01T07:57:04.761328+00:00,2026-06-30
SPHR,Sphere Entertainment Co.,Communication Services,Entertainment,0.9546716003700276,0.8399629972247918,0.9444958371877892,0.4347826086956521,0.3023255813953488,0.7555555555555555,0.7391304347826086,0.9130434782608695,0.5579485451072912,4,2026-07-01T053352Z,2026-07-01T07:57:04.761328+00:00,2026-06-30
SPSC,"SPS Commerce, Inc.",Technology,Software - Application,0.0134135060129509,0.0134135060129509,0.0601295097132284,0.6637168141592921,0.7964601769911505,0.6460176991150443,0.9598214285714286,0.028985507246376732,0.7665040297092289,4,2026-07-01T053352Z,2026-07-01T07:57:04.761328+00:00,2026-06-30
SPXC,"SPX Technologies, Inc.",Industrials,Building Products & Equipment,0.6133209990749307,0.4458834412580943,0.6503237742830712,0.5777777777777777,0.6457399103139013,0.6533333333333333,0.7866666666666666,0.5698427382053654,0.6658794220229197,4,2026-07-01T053352Z,2026-07-01T07:57:04.761328+00:00,2026-06-30
SR,Spire Inc.,Utilities,Utilities - Regulated Gas,0.486586493987049,0.3857539315448658,0.2127659574468085,0.5932203389830508,0.3103448275862069,0.6551724137931034,0.1016949152542373,0.36170212765957444,0.4151081239041496,4,2026-07-01T053352Z,2026-07-01T07:57:04.761328+00:00,2026-06-30
SRE,Sempra,Utilities,Utilities - Diversified,0.5300647548566142,0.4088806660499537,0.3839037927844588,0.1864406779661017,0.1206896551724138,0.0517241379310344,0.8813559322033898,0.4409497378970089,0.31005260081823494,4,2026-07-01T053352Z,2026-07-01T07:57:04.761328+00:00,2026-06-30
SRRK,Scholar Rock Holding Corporation,Healthcare,Biotechnology,0.6567992599444958,0.5198889916743756,0.786308973172988,0.0186335403726708,,,0.270440251572327,0.6543324082639531,0.14453689597249889,2,2026-07-01T053352Z,2026-07-01T07:57:04.761328+00:00,2026-06-30
SSD,"Simpson Manufacturing Co., Inc.",Basic Materials,Lumber & Wood Production,0.5411655874190564,0.6077705827937095,0.6521739130434783,0.8813559322033898,0.9152542372881356,0.8135593220338984,0.711864406779661,0.6003700277520815,0.8305084745762712,4,2026-07-01T053352Z,2026-07-01T07:57:04.761328+00:00,2026-06-30
SSNC,"SS&C Technologies Holdings, Inc.",Technology,Software - Application,0.1840888066604995,0.0943570767807585,0.0888066604995374,0.3938053097345133,0.1415929203539823,0.6769911504424779,0.2366071428571428,0.12241751464693179,0.3622491308470291,4,2026-07-01T053352Z,2026-07-01T07:57:04.761328+00:00,2026-06-30
SSRM,SSR Mining Inc.,Basic Materials,Gold,0.9195189639222942,0.7807585568917669,0.4986123959296947,0.4067796610169492,0.559322033898305,0.864406779661017,0.9661016949152542,0.732963305581252,0.6991525423728814,4,2026-07-01T053352Z,2026-07-01T07:57:04.761328+00:00,2026-06-30
ST,Sensata Technologies Holding plc,Technology,Scientific & Technical Instruments,0.7816836262719704,0.8371877890841813,0.7946345975948196,0.1991150442477876,0.1592920353982301,0.3805309734513274,0.1785714285714285,0.8045020043169905,0.2293773704171934,4,2026-07-01T053352Z,2026-07-01T07:57:04.761328+00:00,2026-06-30
STE,STERIS plc,Healthcare,Medical Devices,0.2312673450508788,0.1711378353376503,0.1702127659574468,0.7515527950310559,0.362962962962963,0.7241379310344828,0.6289308176100629,0.19087264878199198,0.6168961266596411,4,2026-07-01T053352Z,2026-07-01T07:57:04.761328+00:00,2026-06-30
STLD,"Steel Dynamics, Inc.",Basic Materials,Steel,0.8603145235892692,0.8445883441258094,0.7419056429232193,0.7627118644067796,0.4915254237288136,0.3898305084745763,0.576271186440678,0.8156028368794326,0.5550847457627119,4,2026-07-01T053352Z,2026-07-01T07:57:04.761328+00:00,2026-06-30
STOK,"Stoke Therapeutics, Inc.",Healthcare,Biotechnology,0.9324699352451434,0.337650323774283,0.4366327474560592,0.0993788819875776,,0.0344827586206896,0.9622641509433962,0.5689176688251619,0.3653752638505545,3,2026-07-01T053352Z,2026-07-01T07:57:04.761328+00:00,2026-06-30
STRL,"Sterling Infrastructure, Inc.",Industrials,Engineering & Construction,0.9685476410730804,0.9875115633672524,0.9602220166512488,0.8755555555555555,0.6143497757847534,0.8222222222222222,0.8488888888888889,0.9720937403638605,0.790254110612855,4,2026-07-01T053352Z,2026-07-01T07:57:04.761328+00:00,2026-06-30
STZ,"Constellation Brands, Inc.",Consumer Defensive,Beverages - Brewers,0.2229417206290471,0.4024051803885291,0.2645698427382054,0.5303030303030303,0.3333333333333333,0.8787878787878788,0.1666666666666666,0.29663891458526054,0.4772727272727272,4,2026-07-01T053352Z,2026-07-01T07:57:04.761328+00:00,2026-06-30
SWK,"Stanley Black & Decker, Inc.",Industrials,Tools & Accessories,0.5393154486586494,0.4902867715078631,0.7659574468085106,0.1955555555555555,0.515695067264574,0.2711111111111111,0.4888888888888889,0.5985198889916744,0.36781265570503235,4,2026-07-01T053352Z,2026-07-01T07:57:04.761328+00:00,2026-06-30
SWKS,"Skyworks Solutions, Inc.",Technology,Semiconductors,0.4014801110083256,0.7160037002775208,0.4144310823311748,0.4292035398230088,0.2787610619469026,0.4646017699115044,0.6294642857142857,0.5106382978723404,0.4505076643489254,4,2026-07-01T053352Z,2026-07-01T07:57:04.761328+00:00,2026-06-30
SWX,"Southwest Gas Holdings, Inc.",Utilities,Utilities - Regulated Gas,0.5198889916743756,0.5263644773358002,0.4542090656799259,0.9152542372881356,0.4310344827586206,0.1896551724137931,0.847457627118644,0.5001541782300339,0.5958503798947983,4,2026-07-01T053352Z,2026-07-01T07:57:04.761328+00:00,2026-06-30
SXI,Standex International Corporation,Industrials,Specialty Industrial Machinery,0.8057354301572618,0.6956521739130435,0.8769657724329325,0.5555555555555556,0.5829596412556054,0.3866666666666666,0.3955555555555555,0.7927844588344125,0.4801843547583458,4,2026-07-01T053352Z,2026-07-01T07:57:04.761328+00:00,2026-06-30
SXT,Sensient Technologies Corporation,Basic Materials,Specialty Chemicals,0.4986123959296947,0.6762257169287696,0.7530064754856615,0.5932203389830508,0.7288135593220338,0.3050847457627119,0.3728813559322034,0.6426148627813753,0.5,4,2026-07-01T053352Z,2026-07-01T07:57:04.761328+00:00,2026-06-30
SYK,Stryker Corporation,Healthcare,Medical Devices,0.1489361702127659,0.1979648473635522,0.1933395004625347,0.7453416149068323,0.6074074074074074,0.7517241379310344,0.3836477987421384,0.1800801726796176,0.6220302397468531,4,2026-07-01T053352Z,2026-07-01T07:57:04.761328+00:00,2026-06-30
SYNA,Synaptics Incorporated,Technology,Semiconductors,0.8806660499537465,0.9398704902867716,0.8788159111933395,0.1283185840707964,0.2743362831858407,0.2566371681415929,0.2901785714285714,0.8997841504779526,0.23736765170670035,4,2026-07-01T053352Z,2026-07-01T07:57:04.761328+00:00,2026-06-30
SYRE,"Spyre Therapeutics, Inc.",Healthcare,Biotechnology,0.9875115633672524,0.969472710453284,0.9875115633672524,0.1739130434782608,,,0.9905660377358492,0.9814986123959296,0.582239540607055,2,2026-07-01T053352Z,2026-07-01T07:57:04.761328+00:00,2026-06-30
SYY,Sysco Corporation,Consumer Defensive,Food Distribution,0.3598519888991674,0.4403330249768732,0.484736355226642,0.4696969696969697,0.8333333333333334,0.2121212121212121,0.106060606060606,0.4283071230342275,0.40530303030303033,4,2026-07-01T053352Z,2026-07-01T07:57:04.761328+00:00,2026-06-30
T,AT&T Inc.,Communication Services,Telecom Services,0.2516188714153561,0.4310823311748381,0.093432007400555,0.6739130434782609,0.3720930232558139,0.4888888888888889,0.3695652173913043,0.2587110699969164,0.476115043253567,4,2026-07-01T053352Z,2026-07-01T07:57:04.761328+00:00,2026-06-30
TALO,Talos Energy Inc.,Energy,Oil & Gas E&P,0.7909343200740055,0.7789084181313598,0.3903792784458834,0.0217391304347826,0.072463768115942,0.9927536231884058,0.6086956521739131,0.6534073388837496,0.42391304347826086,4,2026-07-01T053352Z,2026-07-01T07:57:04.761328+00:00,2026-06-30
TAP,Molson Coors Beverage Company,Consumer Defensive,Beverages - Brewers,0.211840888066605,0.2053654024051804,0.1591119333950046,0.0227272727272727,0.2727272727272727,0.6060606060606061,0.696969696969697,0.19210607462226334,0.39962121212121215,4,2026-07-01T053352Z,2026-07-01T07:57:04.761328+00:00,2026-06-30
TARS,"Tarsus Pharmaceuticals, Inc.",Healthcare,Biotechnology,0.7086031452358927,0.0721554116558741,0.2044403330249768,0.3043478260869565,0.9888888888888888,0.2137931034482758,0.6981132075471698,0.32839962997224786,0.5512857564928227,4,2026-07-01T053352Z,2026-07-01T07:57:04.761328+00:00,2026-06-30
TDC,Teradata Corporation,Technology,Software - Infrastructure,0.7446808510638298,0.5652173913043478,0.7437557816836263,0.9380530973451328,0.8805309734513275,0.9513274336283186,0.4107142857142857,0.6845513413506014,0.7951564475347661,4,2026-07-01T053352Z,2026-07-01T07:57:04.761328+00:00,2026-06-30
TDG,TransDigm Group Incorporated,Industrials,Aerospace & Defense,0.2321924144310823,0.3265494912118409,0.4070305272895467,0.7066666666666667,0.5739910313901345,0.9422222222222222,0.0155555555555555,0.32192414431082333,0.5596088689586447,4,2026-07-01T053352Z,2026-07-01T07:57:04.761328+00:00,2026-06-30
TDS,"Telephone and Data Systems, Inc.",Communication Services,Telecom Services,0.4653098982423682,0.3422756706753006,0.1748381128584643,0.391304347826087,0.1162790697674418,0.0888888888888888,0.8478260869565217,0.32747456059204433,0.3610745983597348,4,2026-07-01T053352Z,2026-07-01T07:57:04.761328+00:00,2026-06-30
TDW,Tidewater Inc.,Energy,Oil & Gas Equipment & Services,0.7539315448658649,0.8288621646623496,0.3422756706753006,0.927536231884058,0.7246376811594203,0.8405797101449275,0.4782608695652174,0.6416897934011717,0.7427536231884058,4,2026-07-01T053352Z,2026-07-01T07:57:04.761328+00:00,2026-06-30
TDY,Teledyne Technologies Incorporated,Technology,Scientific & Technical Instruments,0.5420906567992599,0.6799259944495837,0.5938945420906568,0.5442477876106194,0.1991150442477876,0.4823008849557522,0.6026785714285714,0.6053037311131669,0.4570855720606826,4,2026-07-01T053352Z,2026-07-01T07:57:04.761328+00:00,2026-06-30
TE,T1 Energy Inc.,Industrials,Electrical Equipment & Parts,0.9875115633672524,0.8732654949121184,0.9269195189639224,0.0155555555555555,0.0313901345291479,0.0755555555555555,0.2311111111111111,0.929232192414431,0.0884030891878425,4,2026-07-01T053352Z,2026-07-01T07:57:04.761328+00:00,2026-06-30
TECH,Bio-Techne Corporation,Healthcare,Biotechnology,0.3256244218316373,0.2146160962072155,0.7335800185013877,0.6149068322981367,0.5333333333333333,0.8137931034482758,0.7169811320754716,0.4246068455134135,0.6697536002888044,4,2026-07-01T053352Z,2026-07-01T07:57:04.761328+00:00,2026-06-30
TEM,"Tempus AI, Inc.",Healthcare,Health Information Services,0.1295097132284921,0.1415356151711378,0.1988899167437557,0.2546583850931677,0.6962962962962963,0.1586206896551724,0.10062893081761,0.15664508171446187,0.3025510754655616,4,2026-07-01T053352Z,2026-07-01T07:57:04.761328+00:00,2026-06-30
TENB,"Tenable Holdings, Inc.",Technology,Software - Infrastructure,0.2025901942645698,0.6512488436632747,0.9074930619796484,0.168141592920354,0.831858407079646,0.7256637168141593,0.4017857142857143,0.5871106999691643,0.5318623577749684,4,2026-07-01T053352Z,2026-07-01T07:57:04.761328+00:00,2026-06-30
TER,"Teradyne, Inc.",Technology,Semiconductor Equipment & Materials,0.9875115633672524,0.9417206290471786,0.9629972247918592,0.9247787610619468,0.8761061946902655,0.3982300884955752,0.8928571428571429,0.9640764724020968,0.7729930467762326,4,2026-07-01T053352Z,2026-07-01T07:57:04.761328+00:00,2026-06-30
TEX,Terex Corporation,Industrials,Farm & Heavy Construction Machinery,0.5605920444033302,0.4791859389454209,0.7641073080481036,0.1733333333333333,0.1569506726457399,0.3111111111111111,0.5644444444444444,0.6012950971322849,0.30145989038365717,4,2026-07-01T053352Z,2026-07-01T07:57:04.761328+00:00,2026-06-30
TFX,Teleflex Incorporated,Healthcare,Medical Instruments & Supplies,0.4070305272895467,0.4699352451433857,0.4495837187789084,0.2422360248447205,0.1851851851851851,0.5448275862068965,0.2452830188679245,0.4421831637372802,0.3043829537761817,4,2026-07-01T053352Z,2026-07-01T07:57:04.761328+00:00,2026-06-30
TGLS,Tecnoglass Inc.,Basic Materials,Building Materials,0.0388529139685476,0.1757631822386679,0.2321924144310823,0.864406779661017,0.8813559322033898,0.2542372881355932,0.7457627118644068,0.14893617021276592,0.6864406779661016,4,2026-07-01T053352Z,2026-07-01T07:57:04.761328+00:00,2026-06-30
TGT,Target Corporation,Consumer Defensive,Discount Stores,0.6364477335800185,0.7604070305272895,0.7206290471785384,0.4393939393939394,0.7424242424242424,0.2424242424242424,0.6060606060606061,0.7058279370952821,0.5075757575757576,4,2026-07-01T053352Z,2026-07-01T07:57:04.761328+00:00,2026-06-30
THC,Tenet Healthcare Corporation,Healthcare,Medical Care Facilities,0.335800185013876,0.2109158186864014,0.2368177613320999,0.6832298136645962,0.8592592592592593,0.696551724137931,0.220125786163522,0.26117792167745907,0.6147916458063272,4,2026-07-01T053352Z,2026-07-01T07:57:04.761328+00:00,2026-06-30
THO,"THOR Industries, Inc.",Consumer Cyclical,Recreational Vehicles,0.2405180388529139,0.0925069380203515,0.0804810360777058,0.3352941176470588,0.2023809523809523,0.1479289940828402,0.9411764705882352,0.1378353376503237,0.4066951336747716,4,2026-07-01T053352Z,2026-07-01T07:57:04.761328+00:00,2026-06-30
TILE,"Interface, Inc.",Consumer Cyclical,"Furnishings, Fixtures & Appliances",0.6845513413506013,0.4514338575393155,0.7548566142460684,0.7529411764705882,0.6666666666666666,0.5798816568047337,0.8235294117647058,0.6302806043786617,0.7057547279266736,4,2026-07-01T053352Z,2026-07-01T07:57:04.761328+00:00,2026-06-30
TJX,"The TJX Companies, Inc.",Consumer Cyclical,Apparel Retail,0.5929694727104533,0.3709528214616096,0.3246993524514338,0.9117647058823528,0.7916666666666666,0.6331360946745562,0.5764705882352941,0.42954054887449883,0.7282595138647174,4,2026-07-01T053352Z,2026-07-01T07:57:04.761328+00:00,2026-06-30
TKO,"TKO Group Holdings, Inc.",Communication Services,Entertainment,0.4801110083256244,0.30527289546716,0.3746530989824236,0.3695652173913043,0.3953488372093023,0.9111111111111112,0.5434782608695652,0.38667900092506935,0.5548758566453207,4,2026-07-01T053352Z,2026-07-01T07:57:04.761328+00:00,2026-06-30
TKR,The Timken Company,Industrials,Tools & Accessories,0.8112858464384829,0.8418131359851989,0.901017576318224,0.3955555555555555,0.4977578475336323,0.5111111111111111,0.4577777777777778,0.8513721862473019,0.4655505729945192,4,2026-07-01T053352Z,2026-07-01T07:57:04.761328+00:00,2026-06-30
TLN,Talen Energy Corporation,Utilities,Utilities - Independent Power Producers,0.6160962072155411,0.3959296947271045,0.3885291396854764,0.0847457627118644,0.8275862068965517,0.9482758620689656,0.0254237288135593,0.46685168054270737,0.47150789012273525,4,2026-07-01T053352Z,2026-07-01T07:57:04.761328+00:00,2026-06-30
TMHC,Taylor Morrison Home Corporation,Consumer Cyclical,Residential Construction,0.2849213691026827,0.3543015726179463,0.6244218316373727,0.5588235294117647,0.1726190476190476,0.650887573964497,0.8117647058823529,0.4212149244526673,0.5485237142194155,4,2026-07-01T053352Z,2026-07-01T07:57:04.761328+00:00,2026-06-30
TMO,Thermo Fisher Scientific Inc.,Healthcare,Diagnostics & Research,0.5319148936170213,0.1822386679000925,0.2553191489361702,0.7018633540372671,0.1703703703703703,0.6689655172413793,0.2955974842767295,0.32315757015109464,0.4591991814814365,4,2026-07-01T053352Z,2026-07-01T07:57:04.761328+00:00,2026-06-30
TMUS,"T-Mobile US, Inc.",Communication Services,Telecom Services,0.1683626271970398,0.2960222016651249,0.1045328399629972,0.6521739130434783,0.5813953488372093,0.6888888888888889,0.217391304347826,0.18963922294172064,0.5349623637793506,4,2026-07-01T053352Z,2026-07-01T07:57:04.761328+00:00,2026-06-30
TNET,"TriNet Group, Inc.",Industrials,Staffing & Employment Services,0.064754856614246,0.123959296947271,0.2867715078630897,0.3777777777777777,0.6278026905829597,0.3333333333333333,0.5422222222222223,0.1584952204748689,0.47028400597907327,4,2026-07-01T053352Z,2026-07-01T07:57:04.761328+00:00,2026-06-30
TNL,Travel + Leisure Co.,Consumer Cyclical,Travel Services,0.6410730804810361,0.301572617946346,0.5975948196114709,0.3117647058823529,0.7797619047619048,0.757396449704142,0.0764705882352941,0.513413506012951,0.48134841214592344,4,2026-07-01T053352Z,2026-07-01T07:57:04.761328+00:00,2026-06-30
TOL,"Toll Brothers, Inc.",Consumer Cyclical,Residential Construction,0.5467160037002775,0.3829787234042553,0.6567992599444958,0.6647058823529411,0.2142857142857142,0.7633136094674556,0.8529411764705882,0.5288313290163429,0.6238115956441748,4,2026-07-01T053352Z,2026-07-01T07:57:04.761328+00:00,2026-06-30
TOST,"Toast, Inc.",Technology,Software - Infrastructure,0.0499537465309898,0.0638297872340425,0.1711378353376503,0.8185840707964602,0.8893805309734514,0.3053097345132743,0.9642857142857144,0.0949737897008942,0.7443900126422252,4,2026-07-01T053352Z,2026-07-01T07:57:04.761328+00:00,2026-06-30
TPC,Tutor Perini Corporation,Industrials,Engineering & Construction,0.7335800185013877,0.4412580943570768,0.6003700277520814,0.1866666666666666,0.1883408071748878,0.6977777777777778,0.9022222222222224,0.5917360468701819,0.49375186846038865,4,2026-07-01T053352Z,2026-07-01T07:57:04.761328+00:00,2026-06-30
TPL,Texas Pacific Land Corporation,Energy,Oil & Gas E&P,0.4440333024976873,0.786308973172988,0.6614246068455134,0.9927536231884058,0.9927536231884058,0.3478260869565217,0.9927536231884058,0.6305889608387295,0.8315217391304347,4,2026-07-01T053352Z,2026-07-01T07:57:04.761328+00:00,2026-06-30
TPR,"Tapestry, Inc.",Consumer Cyclical,Luxury Goods,0.788159111933395,0.5670675300647549,0.5735430157261795,0.7294117647058823,0.9702380952380952,0.9585798816568049,0.2352941176470588,0.642923219241443,0.7233809648119603,4,2026-07-01T053352Z,2026-07-01T07:57:04.761328+00:00,2026-06-30
TR,"Tootsie Roll Industries, Inc.",Consumer Defensive,Confectioners,0.4939870490286771,0.4449583718778908,0.3570767807585568,0.5757575757575758,0.2878787878787879,0.7121212121212122,0.9924242424242424,0.4320074005550416,0.6420454545454546,4,2026-07-01T053352Z,2026-07-01T07:57:04.761328+00:00,2026-06-30
TREX,"Trex Company, Inc.",Industrials,Building Products & Equipment,0.125809435707678,0.635522664199815,0.7058279370952821,0.8488888888888889,0.7443946188340808,0.8844444444444445,0.6266666666666667,0.4890533456675917,0.7760986547085202,4,2026-07-01T053352Z,2026-07-01T07:57:04.761328+00:00,2026-06-30
TRGP,Targa Resources Corp.,Energy,Oil & Gas Midstream,0.7178538390379279,0.8066604995374653,0.782608695652174,0.7971014492753623,0.8260869565217391,0.217391304347826,0.0217391304347826,0.7690410114091891,0.46557971014492755,4,2026-07-01T053352Z,2026-07-01T07:57:04.761328+00:00,2026-06-30
TRMB,Trimble Inc.,Technology,Scientific & Technical Instruments,0.1211840888066605,0.0592044403330249,0.0481036077705827,0.4734513274336283,0.4513274336283185,0.3628318584070796,0.6205357142857143,0.07616404563675604,0.47703658343868516,4,2026-07-01T053352Z,2026-07-01T07:57:04.761328+00:00,2026-06-30
TRN,"Trinity Industries, Inc.",Industrials,Railroads,0.5772432932469935,0.6845513413506013,0.6345975948196114,0.2622222222222222,0.0448430493273542,0.04,0.0488888888888888,0.6321307431390687,0.0989885401096163,4,2026-07-01T053352Z,2026-07-01T07:57:04.761328+00:00,2026-06-30
TSCO,Tractor Supply Company,Consumer Cyclical,Specialty Retail,0.0573543015726179,0.0277520814061054,0.0134135060129509,0.711764705882353,0.7380952380952381,0.2840236686390532,0.3117647058823529,0.032839962997224734,0.5114120796247493,4,2026-07-01T053352Z,2026-07-01T07:57:04.761328+00:00,2026-06-30
TSLA,"Tesla, Inc.",Consumer Cyclical,Auto Manufacturers,0.6419981498612396,0.2627197039777983,0.3469010175763182,0.2529411764705882,0.0952380952380952,0.5207100591715976,0.9529411764705882,0.4172062904717853,0.4554576268377173,4,2026-07-01T053352Z,2026-07-01T07:57:04.761328+00:00,2026-06-30
TSN,"Tyson Foods, Inc.",Consumer Defensive,Farm Products,0.45790934320074,0.4643848288621646,0.2895467160037003,0.1666666666666666,0.0454545454545454,0.2272727272727272,0.7878787878787878,0.40394696268886826,0.30681818181818177,4,2026-07-01T053352Z,2026-07-01T07:57:04.761328+00:00,2026-06-30
TTC,The Toro Company,Industrials,Tools & Accessories,0.61054579093432,0.603145235892692,0.6179463459759482,0.7377777777777778,0.9013452914798208,0.8444444444444444,0.48,0.61054579093432,0.7408918784255107,4,2026-07-01T053352Z,2026-07-01T07:57:04.761328+00:00,2026-06-30
TTEK,"Tetra Tech, Inc.",Industrials,Engineering & Construction,0.1461609620721554,0.1480111008325624,0.1581868640148011,0.7688888888888888,0.5426008968609866,0.7288888888888889,0.6133333333333333,0.15078630897317294,0.6634280019930243,4,2026-07-01T053352Z,2026-07-01T07:57:04.761328+00:00,2026-06-30
TTMI,"TTM Technologies, Inc.",Technology,Electronic Components,0.9875115633672524,0.9875115633672524,0.962072155411656,0.4778761061946903,0.168141592920354,0.0929203539823008,0.3839285714285714,0.979031760715387,0.2807166561314791,4,2026-07-01T053352Z,2026-07-01T07:57:04.761328+00:00,2026-06-30
TTWO,"Take-Two Interactive Software, Inc.",Communication Services,Electronic Gaming & Multimedia,0.2562442183163737,0.2127659574468085,0.5023126734505088,0.1304347826086956,0.7209302325581395,0.3111111111111111,0.5217391304347826,0.3237742830712303,0.4210538141781822,4,2026-07-01T053352Z,2026-07-01T07:57:04.761328+00:00,2026-06-30
TWLO,Twilio Inc.,Technology,Software - Infrastructure,0.7437557816836263,0.782608695652174,0.8973172987974098,0.2123893805309734,0.411504424778761,0.4911504424778761,0.65625,0.8078939253777367,0.44282356194690264,4,2026-07-01T053352Z,2026-07-01T07:57:04.761328+00:00,2026-06-30
TWST,Twist Bioscience Corporation,Healthcare,Diagnostics & Research,0.8251618871415356,0.9574468085106383,0.9875115633672524,0.2670807453416149,0.5703703703703704,0.1379310344827586,0.6792452830188679,0.9233734196731421,0.41365685830340293,4,2026-07-01T053352Z,2026-07-01T07:57:04.761328+00:00,2026-06-30
TXG,"10x Genomics, Inc.",Healthcare,Health Information Services,0.9130434782608696,0.9185938945420906,0.9703977798334876,0.3602484472049689,0.7333333333333333,0.7586206896551724,0.7735849056603774,0.9340117175454826,0.656446843963463,4,2026-07-01T053352Z,2026-07-01T07:57:04.761328+00:00,2026-06-30
TXN,Texas Instruments Incorporated,Technology,Semiconductors,0.7280296022201665,0.9232192414431082,0.8658649398704903,0.8495575221238938,0.5353982300884956,0.6017699115044248,0.1875,0.8390379278445884,0.5435564159292036,4,2026-07-01T053352Z,2026-07-01T07:57:04.761328+00:00,2026-06-30
TXNM,"TXNM Energy, Inc.",Utilities,Utilities - Regulated Electric,0.396854764107308,0.4209065679925994,0.301572617946346,0.135593220338983,0.7931034482758621,0.1551724137931034,0.288135593220339,0.37311131668208447,0.3430011689070719,4,2026-07-01T053352Z,2026-07-01T07:57:04.761328+00:00,2026-06-30
TXRH,"Texas Roadhouse, Inc.",Consumer Cyclical,Restaurants,0.2969472710453284,0.486586493987049,0.599444958371878,0.7941176470588235,0.4166666666666667,0.4437869822485207,0.7470588235294118,0.4609929078014185,0.6004075298758557,4,2026-07-01T053352Z,2026-07-01T07:57:04.761328+00:00,2026-06-30
TXT,Textron Inc.,Industrials,Aerospace & Defense,0.4634597594819611,0.4162812210915819,0.395004625346901,0.4444444444444444,0.2466367713004484,0.3377777777777778,0.7377777777777778,0.42491520197348137,0.4416591928251121,4,2026-07-01T053352Z,2026-07-01T07:57:04.761328+00:00,2026-06-30
TYL,"Tyler Technologies, Inc.",Technology,Software - Application,0.0351526364477335,0.0453283996299722,0.0518038852913968,0.5398230088495575,0.2876106194690265,0.8008849557522124,0.9285714285714286,0.044094973789700835,0.6392225031605563,4,2026-07-01T053352Z,2026-07-01T07:57:04.761328+00:00,2026-06-30
U,Unity Software Inc.,Technology,Software - Application,0.5753931544865865,0.0416281221091581,0.154486586493987,0.0530973451327433,0.2212389380530973,0.7123893805309734,0.2723214285714285,0.2571692876965772,0.31476177307206066,4,2026-07-01T053352Z,2026-07-01T07:57:04.761328+00:00,2026-06-30
UAA,"Under Armour, Inc.",Consumer Cyclical,Apparel Manufacturing,0.1951896392229417,0.7354301572617946,0.6170212765957447,0.0352941176470588,0.7083333333333334,0.0355029585798816,0.4941176470588235,0.5158803576934936,0.31831201415477434,4,2026-07-01T053352Z,2026-07-01T07:57:04.761328+00:00,2026-06-30
UAL,"United Airlines Holdings, Inc.",Industrials,Airlines,0.7030527289546716,0.3977798334875115,0.8112858464384829,0.4088888888888889,0.5381165919282511,0.3022222222222222,0.2844444444444444,0.637372802960222,0.38341803687095166,4,2026-07-01T053352Z,2026-07-01T07:57:04.761328+00:00,2026-06-30
UBER,"Uber Technologies, Inc.",Technology,Software - Application,0.1387604070305272,0.1988899167437557,0.1692876965772433,0.827433628318584,0.6592920353982301,0.5353982300884956,0.4955357142857143,0.1689793401171754,0.6294149020227561,4,2026-07-01T053352Z,2026-07-01T07:57:04.761328+00:00,2026-06-30
UCTT,"Ultra Clean Holdings, Inc.",Technology,Semiconductor Equipment & Materials,0.969472710453284,0.9875115633672524,0.9875115633672524,0.0442477876106194,0.2168141592920354,0.079646017699115,0.1741071428571428,0.9814986123959296,0.12870377686472817,4,2026-07-01T053352Z,2026-07-01T07:57:04.761328+00:00,2026-06-30
UEC,Uranium Energy Corp.,Energy,Uranium,0.8667900092506938,0.5957446808510638,0.0656799259944495,0.0217391304347826,0.0217391304347826,0.0217391304347826,0.9927536231884058,0.5094048720320691,0.2644927536231884,4,2026-07-01T053352Z,2026-07-01T07:57:04.761328+00:00,2026-06-30
UFPI,"UFP Industries, Inc.",Basic Materials,Lumber & Wood Production,0.1748381128584643,0.215541165587419,0.2932469935245143,0.6271186440677966,0.7796610169491526,0.4915254237288136,0.864406779661017,0.22787542399013253,0.690677966101695,4,2026-07-01T053352Z,2026-07-01T07:57:04.761328+00:00,2026-06-30
UGI,UGI Corporation,Utilities,Utilities - Regulated Gas,0.3200740055504162,0.2701202590194264,0.2950971322849213,0.8813559322033898,0.9913793103448276,0.8448275862068966,0.5084745762711864,0.2950971322849213,0.8065093512565752,4,2026-07-01T053352Z,2026-07-01T07:57:04.761328+00:00,2026-06-30
UHAL,U-Haul Holding Company,Industrials,Rental & Leasing Services,0.2793709528214616,0.5938945420906568,0.7391304347826086,0.1555555555555555,0.5874439461883408,0.0355555555555555,0.3066666666666666,0.5374653098982424,0.2713054309915296,4,2026-07-01T053352Z,2026-07-01T07:57:04.761328+00:00,2026-06-30
UHS,"Universal Health Services, Inc.",Healthcare,Medical Care Facilities,0.1757631822386679,0.0333024976873265,0.061054579093432,0.8136645962732919,0.9888888888888888,0.4,0.3647798742138364,0.0900400863398088,0.6418333398440043,4,2026-07-01T053352Z,2026-07-01T07:57:04.761328+00:00,2026-06-30
ULS,UL Solutions Inc.,Industrials,Specialty Business Services,0.667900092506938,0.7243293246993524,0.7317298797409806,0.84,0.9641255605381166,0.7866666666666666,0.7777777777777778,0.707986432315757,0.8421425012456403,4,2026-07-01T053352Z,2026-07-01T07:57:04.761328+00:00,2026-06-30
ULTA,"Ulta Beauty, Inc.",Consumer Cyclical,Specialty Retail,0.4320074005550416,0.1729879740980573,0.0860314523589269,0.9470588235294116,0.9345238095238096,0.6390532544378699,0.6647058823529411,0.2303422756706753,0.7963354424610081,4,2026-07-01T053352Z,2026-07-01T07:57:04.761328+00:00,2026-06-30
UNF,UniFirst Corporation,Industrials,Specialty Business Services,0.6938020351526365,0.7779833487511564,0.7382053654024052,0.4266666666666667,0.8071748878923767,0.24,0.9555555555555556,0.7366635831020659,0.6073492775286498,4,2026-07-01T053352Z,2026-07-01T07:57:04.761328+00:00,2026-06-30
UNFI,"United Natural Foods, Inc.",Consumer Defensive,Food Distribution,0.8973172987974098,0.8695652173913043,0.5633672525439408,0.0909090909090909,0.8636363636363636,0.106060606060606,0.3181818181818182,0.7767499229108851,0.34469696969696967,4,2026-07-01T053352Z,2026-07-01T07:57:04.761328+00:00,2026-06-30
UNH,UnitedHealth Group Incorporated,Healthcare,Healthcare Plans,0.5781683626271971,0.633672525439408,0.759481961147086,0.577639751552795,0.4296296296296296,0.3931034482758621,0.5408805031446541,0.6571076164045637,0.4853133331507352,4,2026-07-01T053352Z,2026-07-01T07:57:04.761328+00:00,2026-06-30
UNP,Union Pacific Corporation,Industrials,Railroads,0.4838112858464385,0.6040703052728955,0.5855689176688251,0.7777777777777778,0.2869955156950672,0.9644444444444444,0.1777777777777777,0.5578168362627197,0.5517488789237667,4,2026-07-01T053352Z,2026-07-01T07:57:04.761328+00:00,2026-06-30
UPS,"United Parcel Service, Inc.",Industrials,Integrated Freight & Logistics,0.4523589269195189,0.5430157261794635,0.5272895467160037,0.6133333333333333,0.5201793721973094,0.2933333333333333,0.2444444444444444,0.507554733271662,0.4178226208271051,4,2026-07-01T053352Z,2026-07-01T07:57:04.761328+00:00,2026-06-30
URBN,"Urban Outfitters, Inc.",Consumer Cyclical,Apparel Retail,0.366327474560592,0.2978723404255319,0.3515263644773358,0.7176470588235294,0.6785714285714286,0.1952662721893491,0.7941176470588235,0.3385753931544866,0.5964006016607826,4,2026-07-01T053352Z,2026-07-01T07:57:04.761328+00:00,2026-06-30
URI,"United Rentals, Inc.",Industrials,Rental & Leasing Services,0.635522664199815,0.6891766882516188,0.7789084181313598,0.6977777777777778,0.4887892376681614,0.2488888888888888,0.1066666666666666,0.7012025901942645,0.3855306427503737,4,2026-07-01T053352Z,2026-07-01T07:57:04.761328+00:00,2026-06-30
USFD,US Foods Holding Corp.,Consumer Defensive,Food Distribution,0.3774283071230342,0.5078630897317299,0.727104532839963,0.3939393939393939,0.696969696969697,0.1969696969696969,0.4848484848484848,0.5374653098982424,0.4431818181818181,4,2026-07-01T053352Z,2026-07-01T07:57:04.761328+00:00,2026-06-30
USLM,"United States Lime & Minerals, Inc.",Basic Materials,Building Materials,0.482886216466235,0.2414431082331175,0.1452358926919519,0.9661016949152542,0.7627118644067796,0.9152542372881356,0.9915254237288136,0.2898550724637681,0.9088983050847458,4,2026-07-01T053352Z,2026-07-01T07:57:04.761328+00:00,2026-06-30
UTHR,United Therapeutics Corporation,Healthcare,Drug Manufacturers - Specialty & Generic,0.8501387604070305,0.5513413506012951,0.4884366327474561,0.9565217391304348,0.6592592592592592,0.9448275862068966,0.8742138364779874,0.6299722479185939,0.8587056052686445,4,2026-07-01T053352Z,2026-07-01T07:57:04.761328+00:00,2026-06-30
UTI,"Universal Technical Institute, Inc.",Consumer Defensive,Education & Training Services,0.3987049028677151,0.7872340425531915,0.8094357076780758,0.4242424242424242,0.7272727272727273,0.0454545454545454,0.5,0.6651248843663274,0.4242424242424242,4,2026-07-01T053352Z,2026-07-01T07:57:04.761328+00:00,2026-06-30
UUUU,Energy Fuels Inc.,Energy,Uranium,0.9555966697502312,0.7206290471785384,0.0749306197964847,0.072463768115942,0.0579710144927536,0.0217391304347826,0.1739130434782608,0.5837187789084181,0.08152173913043476,4,2026-07-01T053352Z,2026-07-01T07:57:04.761328+00:00,2026-06-30
VAC,Marriott Vacations Worldwide Corporation,Consumer Cyclical,Resorts & Casinos,0.5245143385753932,0.8390379278445883,0.9167437557816835,0.0764705882352941,0.244047619047619,0.0650887573964497,0.2764705882352941,0.7600986740672218,0.16551938822866424,4,2026-07-01T053352Z,2026-07-01T07:57:04.761328+00:00,2026-06-30
VC,Visteon Corporation,Consumer Cyclical,Auto Parts,0.5901942645698427,0.7039777983348752,0.2506938020351526,0.4470588235294118,0.1488095238095238,0.4201183431952662,0.923529411764706,0.5149552883132902,0.48487902557472695,4,2026-07-01T053352Z,2026-07-01T07:57:04.761328+00:00,2026-06-30
VECO,Veeco Instruments Inc.,Technology,Semiconductor Equipment & Materials,0.9417206290471786,0.9528214616096208,0.9722479185938946,0.2566371681415929,0.243362831858407,0.2079646017699115,0.53125,0.9555966697502313,0.3098036504424778,4,2026-07-01T053352Z,2026-07-01T07:57:04.761328+00:00,2026-06-30
VEEV,Veeva Systems Inc.,Healthcare,Health Information Services,0.0536540240518038,0.1110083256244218,0.1054579093432007,0.8322981366459627,0.4518518518518518,0.9896551724137932,0.9182389937106918,0.09004008633980876,0.798011038655575,4,2026-07-01T053352Z,2026-07-01T07:57:04.761328+00:00,2026-06-30
VFC,V.F. Corporation,Consumer Cyclical,Apparel Manufacturing,0.7095282146160962,0.2839962997224792,0.2691951896392229,0.2294117647058823,0.7738095238095238,0.4023668639053254,0.3235294117647059,0.4209065679925994,0.4322793910463593,4,2026-07-01T053352Z,2026-07-01T07:57:04.761328+00:00,2026-06-30
VIAV,Viavi Solutions Inc.,Technology,Communication Equipment,0.9875115633672524,0.9875115633672524,0.9398704902867716,0.1238938053097345,0.4911504424778761,0.1504424778761062,0.1383928571428571,0.9716312056737588,0.22596989570164347,4,2026-07-01T053352Z,2026-07-01T07:57:04.761328+00:00,2026-06-30
VICR,Vicor Corporation,Technology,Electronic Components,0.9875115633672524,0.9875115633672524,0.9875115633672524,0.8849557522123894,0.6238938053097345,0.5575221238938053,0.9419642857142856,0.9875115633672524,0.7520839917825537,4,2026-07-01T053352Z,2026-07-01T07:57:04.761328+00:00,2026-06-30
VISN,"Vistance Networks, Inc.",Technology,Communication Equipment,0.9509713228492136,0.8020351526364478,0.8362627197039778,0.9889380530973452,0.1150442477876106,0.331858407079646,0.9888392857142856,0.8630897317298798,0.6061699984197219,4,2026-07-01T053352Z,2026-07-01T07:57:04.761328+00:00,2026-06-30
VLO,Valero Energy Corporation,Energy,Oil & Gas Refining & Marketing,0.8260869565217391,0.8593894542090657,0.7872340425531915,0.6811594202898551,0.4782608695652174,0.3188405797101449,0.7536231884057971,0.8242368177613321,0.5579710144927537,4,2026-07-01T053352Z,2026-07-01T07:57:04.761328+00:00,2026-06-30
VLTO,Veralto Corporation,Industrials,Pollution & Treatment Controls,0.1720629047178538,0.1461609620721554,0.2247918593894542,0.8711111111111111,0.9237668161434978,0.9066666666666666,0.3688888888888889,0.18100524205982113,0.7676083707025411,4,2026-07-01T053352Z,2026-07-01T07:57:04.761328+00:00,2026-06-30
VMC,Vulcan Materials Company,Basic Materials,Building Materials,0.4051803885291397,0.3302497687326549,0.3589269195189639,0.6610169491525424,0.3898305084745763,0.7966101694915254,0.4745762711864407,0.3647856922602528,0.5805084745762712,4,2026-07-01T053352Z,2026-07-01T07:57:04.761328+00:00,2026-06-30
VMI,"Valmont Industries, Inc.",Industrials,Conglomerates,0.7511563367252544,0.7363552266419982,0.8029602220166513,0.7822222222222223,0.8475336322869955,0.5244444444444445,0.5733333333333334,0.7634905951279679,0.6818834080717489,4,2026-07-01T053352Z,2026-07-01T07:57:04.761328+00:00,2026-06-30
VNOM,"Viper Energy, Inc.",Energy,Oil & Gas Midstream,0.5818686401480111,0.7067530064754857,0.3876040703052729,0.217391304347826,0.144927536231884,0.0579710144927536,0.8840579710144928,0.5587419056429233,0.3260869565217391,4,2026-07-01T053352Z,2026-07-01T07:57:04.761328+00:00,2026-06-30
VNT,Vontier Corporation,Technology,Scientific & Technical Instruments,0.1359851988899167,0.0841813135985199,0.0767807585568917,0.7168141592920354,0.6106194690265486,0.3451327433628318,0.1205357142857142,0.09898242368177611,0.44827552149178246,4,2026-07-01T053352Z,2026-07-01T07:57:04.761328+00:00,2026-06-30
VRNS,"Varonis Systems, Inc.",Technology,Software - Infrastructure,0.0869565217391304,0.4135060129509713,0.7197039777983348,0.0663716814159292,0.5221238938053098,0.5132743362831859,0.3080357142857143,0.4067221708294788,0.3524514064475348,4,2026-07-01T053352Z,2026-07-01T07:57:04.761328+00:00,2026-06-30
VRSK,"Verisk Analytics, Inc.",Industrials,Consulting Services,0.0425531914893617,0.1341350601295097,0.1609620721554116,0.9555555555555556,0.8789237668161435,0.9888888888888888,0.0155555555555555,0.11255010792476101,0.7097309417040358,4,2026-07-01T053352Z,2026-07-01T07:57:04.761328+00:00,2026-06-30
VRSN,"VeriSign, Inc.",Technology,Software - Infrastructure,0.3283996299722479,0.6429232192414431,0.2960222016651249,0.9889380530973452,0.9889380530973452,0.9889380530973452,0.015625,0.42244835029293865,0.7456097898230089,4,2026-07-01T053352Z,2026-07-01T07:57:04.761328+00:00,2026-06-30
VRT,Vertiv Holdings Co,Industrials,Electrical Equipment & Parts,0.9167437557816835,0.942645698427382,0.8862164662349676,0.8622222222222222,0.7847533632286996,0.9555555555555556,0.6355555555555555,0.9152019734813445,0.8095216741405082,4,2026-07-01T053352Z,2026-07-01T07:57:04.761328+00:00,2026-06-30
VRTX,Vertex Pharmaceuticals Incorporated,Healthcare,Biotechnology,0.3385753931544866,0.3367252543940796,0.5781683626271971,0.9254658385093169,0.7185185185185186,0.9241379310344828,0.7861635220125787,0.4178230033919211,0.8385714525187242,4,2026-07-01T053352Z,2026-07-01T07:57:04.761328+00:00,2026-06-30
VSAT,"Viasat, Inc.",Technology,Communication Equipment,0.9875115633672524,0.973172987974098,0.9685476410730804,0.1858407079646017,0.0619469026548672,0.3584070796460177,0.125,0.9764107308048103,0.18279867256637167,4,2026-07-01T053352Z,2026-07-01T07:57:04.761328+00:00,2026-06-30
VSEC,VSE Corporation,Industrials,Aerospace & Defense,0.6910268270120259,0.4384828862164662,0.72895467160037,0.2,0.0403587443946188,0.0933333333333333,0.8577777777777778,0.6194881282762874,0.2978674638764325,4,2026-07-01T053352Z,2026-07-01T07:57:04.761328+00:00,2026-06-30
VSH,"Vishay Intertechnology, Inc.",Technology,Semiconductors,0.9583718778908418,0.9875115633672524,0.9875115633672524,0.1946902654867256,0.1371681415929203,0.0752212389380531,0.40625,0.9777983348751156,0.20333241150442474,4,2026-07-01T053352Z,2026-07-01T07:57:04.761328+00:00,2026-06-30
VST,Vistra Corp.,Utilities,Utilities - Independent Power Producers,0.1776133209990749,0.3737280296022202,0.2312673450508788,0.9915254237288136,0.9482758620689656,0.9310344827586208,0.2203389830508474,0.2608695652173913,0.7727936879018119,4,2026-07-01T053352Z,2026-07-01T07:57:04.761328+00:00,2026-06-30
VTRS,Viatris Inc.,Healthcare,Drug Manufacturers - Specialty & Generic,0.8316373728029602,0.7742830712303422,0.730804810360777,0.3788819875776397,0.0814814814814814,0.5586206896551724,0.2389937106918239,0.7789084181313598,0.3144944673515293,4,2026-07-01T053352Z,2026-07-01T07:57:04.761328+00:00,2026-06-30
VVV,Valvoline Inc.,Consumer Cyclical,Auto & Truck Dealerships,0.2210915818686401,0.5846438482886216,0.6438482886216467,0.2470588235294117,0.3095238095238095,0.408284023668639,0.2647058823529412,0.4831945729263028,0.30739313476870034,4,2026-07-01T053352Z,2026-07-01T07:57:04.761328+00:00,2026-06-30
VVX,"V2X, Inc.",Industrials,Aerospace & Defense,0.8001850138760407,0.8436632747456059,0.6197964847363552,0.24,0.1659192825112107,0.2088888888888889,0.4044444444444444,0.7545482577860007,0.254813153961136,4,2026-07-01T053352Z,2026-07-01T07:57:04.761328+00:00,2026-06-30
VZ,Verizon Communications Inc.,Communication Services,Telecom Services,0.5282146160962072,0.7030527289546716,0.2765957446808511,0.5652173913043478,0.4418604651162791,0.5555555555555556,0.2608695652173913,0.5026210299105767,0.45587574429839345,4,2026-07-01T053352Z,2026-07-01T07:57:04.761328+00:00,2026-06-30
W,Wayfair Inc.,Consumer Cyclical,Internet Retail,0.6854764107308048,0.0601295097132284,0.4588344125809436,0.0411764705882352,0.988095238095238,0.2130177514792899,0.0176470588235294,0.40148011100832565,0.31498412974657314,4,2026-07-01T053352Z,2026-07-01T07:57:04.761328+00:00,2026-06-30
WAB,Westinghouse Air Brake Technologies Corporation,Industrials,Railroads,0.5883441258094357,0.6753006475485661,0.635522664199815,0.4666666666666667,0.3408071748878923,0.7333333333333333,0.5377777777777778,0.6330558125192723,0.5196462381664175,4,2026-07-01T053352Z,2026-07-01T07:57:04.761328+00:00,2026-06-30
WAT,Waters Corporation,Healthcare,Diagnostics & Research,0.4061054579093432,0.3765032377428307,0.4930619796484736,0.5279503105590062,0.1111111111111111,0.4620689655172413,0.5786163522012578,0.42522355843354914,0.4199366848471541,4,2026-07-01T053352Z,2026-07-01T07:57:04.761328+00:00,2026-06-30
WAY,Waystar Holding Corp.,Healthcare,Health Information Services,0.0134135060129509,0.0134135060129509,0.0425531914893617,0.5031055900621118,0.0888888888888888,0.8827586206896552,0.5157232704402516,0.023126734505087832,0.49761909252022685,4,2026-07-01T053352Z,2026-07-01T07:57:04.761328+00:00,2026-06-30
WBD,"Warner Bros. Discovery, Inc.",Communication Services,Entertainment,0.9111933395004626,0.2895467160037003,0.4098057354301572,0.1521739130434782,0.2790697674418604,0.2888888888888888,0.4782608695652174,0.5368485969781066,0.29959835973486115,4,2026-07-01T053352Z,2026-07-01T07:57:04.761328+00:00,2026-06-30
WCC,"WESCO International, Inc.",Industrials,Industrial Distribution,0.849213691026827,0.8122109158186864,0.7326549491211841,0.3377777777777778,0.7802690582959642,0.1555555555555555,0.28,0.7980265186555658,0.38840059790732434,4,2026-07-01T053352Z,2026-07-01T07:57:04.761328+00:00,2026-06-30
WDAY,"Workday, Inc.",Technology,Software - Application,0.0545790934320074,0.0370027752081406,0.032377428307123,0.4601769911504424,0.7743362831858407,0.8362831858407079,0.4464285714285714,0.04131976564909034,0.6293062579013906,4,2026-07-01T053352Z,2026-07-01T07:57:04.761328+00:00,2026-06-30
WDC,Western Digital Corporation,Technology,Computer Hardware,0.9875115633672524,0.9875115633672524,0.9875115633672524,0.9889380530973452,0.6283185840707964,0.7212389380530974,0.6607142857142857,0.9875115633672524,0.7498024652338812,4,2026-07-01T053352Z,2026-07-01T07:57:04.761328+00:00,2026-06-30
WEC,"WEC Energy Group, Inc.",Utilities,Utilities - Regulated Electric,0.4347826086956521,0.5041628122109159,0.4431082331174838,0.7627118644067796,0.2758620689655172,0.5344827586206896,0.559322033898305,0.4606845513413506,0.5330946814728228,4,2026-07-01T053352Z,2026-07-01T07:57:04.761328+00:00,2026-06-30
WERN,"Werner Enterprises, Inc.",Industrials,Trucking,0.7354301572617946,0.788159111933395,0.8418131359851989,0.1111111111111111,0.0807174887892376,0.1022222222222222,0.4622222222222222,0.7884674683934628,0.18906826108619829,4,2026-07-01T053352Z,2026-07-01T07:57:04.761328+00:00,2026-06-30
WEX,WEX Inc.,Technology,Software - Infrastructure,0.3098982423681776,0.3029602220166512,0.2099907493061979,0.2787610619469026,0.0707964601769911,0.411504424778761,0.2857142857142857,0.2742830712303422,0.2616940581542351,4,2026-07-01T053352Z,2026-07-01T07:57:04.761328+00:00,2026-06-30
WFRD,Weatherford International plc,Energy,Oil & Gas Equipment & Services,0.8769657724329325,0.7761332099907493,0.2210915818686401,0.8260869565217391,0.9565217391304348,0.5652173913043478,0.391304347826087,0.6247301880974406,0.6847826086956521,4,2026-07-01T053352Z,2026-07-01T07:57:04.761328+00:00,2026-06-30
WGS,GeneDx Holdings Corp.,Healthcare,Diagnostics & Research,0.0434782608695652,0.0134135060129509,0.036077705827937,0.2298136645962732,0.8666666666666667,0.2,0.3333333333333333,0.0309898242368177,0.40745341614906827,4,2026-07-01T053352Z,2026-07-01T07:57:04.761328+00:00,2026-06-30
WH,"Wyndham Hotels & Resorts, Inc.",Consumer Cyclical,Lodging,0.3145235892691952,0.4671600370027752,0.482886216466235,0.3941176470588235,0.2619047619047619,0.9526627218934912,0.2117647058823529,0.4215232809127351,0.4551124591848574,4,2026-07-01T053352Z,2026-07-01T07:57:04.761328+00:00,2026-06-30
WHD,"Cactus, Inc.",Energy,Oil & Gas Equipment & Services,0.6290471785383904,0.7391304347826086,0.4172062904717853,0.7391304347826086,0.8115942028985508,0.9130434782608696,0.9710144927536232,0.5951279679309281,0.8586956521739131,4,2026-07-01T053352Z,2026-07-01T07:57:04.761328+00:00,2026-06-30
WHR,Whirlpool Corporation,Consumer Cyclical,"Furnishings, Fixtures & Appliances",0.0134135060129509,0.0134135060129509,0.0134135060129509,0.1647058823529411,0.1130952380952381,0.0532544378698224,0.5,0.013413506012950901,0.2077638895795004,4,2026-07-01T053352Z,2026-07-01T07:57:04.761328+00:00,2026-06-30
WING,Wingstop Inc.,Consumer Cyclical,Restaurants,0.0134135060129509,0.0134135060129509,0.0814061054579093,0.9294117647058824,0.7619047619047619,0.9171597633136096,0.0176470588235294,0.03607770582793703,0.6565308371869458,4,2026-07-01T053352Z,2026-07-01T07:57:04.761328+00:00,2026-06-30
WK,Workiva Inc.,Technology,Software - Application,0.1276595744680851,0.0134135060129509,0.0277520814061054,0.2035398230088495,0.8584070796460177,0.5619469026548672,0.0491071428571428,0.05627505396238047,0.41825023704171926,4,2026-07-01T053352Z,2026-07-01T07:57:04.761328+00:00,2026-06-30
WLK,Westlake Corporation,Basic Materials,Specialty Chemicals,0.4949121184088806,0.6725254394079556,0.1165587419056429,0.0254237288135593,0.0677966101694915,0.1016949152542373,0.4406779661016949,0.42799876657415975,0.15889830508474576,4,2026-07-01T053352Z,2026-07-01T07:57:04.761328+00:00,2026-06-30
WLY,"John Wiley & Sons, Inc.",Communication Services,Publishing,0.2941720629047178,0.790009250693802,0.8214616096207216,0.8478260869565217,0.8604651162790697,0.4,0.5869565217391305,0.6352143077397471,0.6738119312436804,4,2026-07-01T053352Z,2026-07-01T07:57:04.761328+00:00,2026-06-30
WM,"Waste Management, Inc.",Industrials,Waste Management,0.2673450508788159,0.3246993524514338,0.3598519888991674,0.5333333333333333,0.5560538116591929,0.7244444444444444,0.1111111111111111,0.31729879740980566,0.4812356751370205,4,2026-07-01T053352Z,2026-07-01T07:57:04.761328+00:00,2026-06-30
WMB,"The Williams Companies, Inc.",Energy,Oil & Gas Midstream,0.4902867715078631,0.6901017576318224,0.57631822386679,0.5072463768115942,0.5507246376811594,0.4057971014492754,0.1159420289855072,0.5855689176688251,0.39492753623188404,4,2026-07-01T053352Z,2026-07-01T07:57:04.761328+00:00,2026-06-30
WMG,Warner Music Group Corp.,Communication Services,Entertainment,0.509713228492137,0.4939870490286771,0.2025901942645698,0.5869565217391305,0.627906976744186,0.1555555555555555,0.2826086956521739,0.4020968239284613,0.4132569374227615,4,2026-07-01T053352Z,2026-07-01T07:57:04.761328+00:00,2026-06-30
WMS,"Advanced Drainage Systems, Inc.",Industrials,Building Products & Equipment,0.5254394079555966,0.2793709528214616,0.4717853839037927,0.7644444444444445,0.6995515695067265,0.9155555555555556,0.2488888888888888,0.42553191489361697,0.6571101145989038,4,2026-07-01T053352Z,2026-07-01T07:57:04.761328+00:00,2026-06-30
WMT,Walmart Inc.,Consumer Defensive,Discount Stores,0.5226641998149861,0.4477335800185014,0.2812210915818686,0.5454545454545454,0.9242424242424242,0.1515151515151515,0.7424242424242424,0.4172062904717853,0.5909090909090908,4,2026-07-01T053352Z,2026-07-01T07:57:04.761328+00:00,2026-06-30
WOR,"Worthington Enterprises, Inc.",Industrials,Metal Fabrication,0.2368177613320999,0.5161887141535615,0.2987974098057354,0.72,0.5067264573991032,0.6933333333333334,0.7511111111111111,0.3506012950971322,0.6677927254608869,4,2026-07-01T053352Z,2026-07-01T07:57:04.761328+00:00,2026-06-30
WRBY,Warby Parker Inc.,Healthcare,Medical Instruments & Supplies,0.4412580943570768,0.4107308048103608,0.7733580018501388,0.4099378881987577,0.8962962962962963,0.3862068965517241,0.3773584905660377,0.5417823003391922,0.517449892903204,4,2026-07-01T053352Z,2026-07-01T07:57:04.761328+00:00,2026-06-30
WSM,"Williams-Sonoma, Inc.",Consumer Cyclical,Specialty Retail,0.5809435707678076,0.5319148936170213,0.7030527289546716,0.9529411764705882,0.9285714285714286,0.834319526627219,0.7411764705882353,0.6053037311131669,0.8642521505643678,4,2026-07-01T053352Z,2026-07-01T07:57:04.761328+00:00,2026-06-30
WSO,"Watsco, Inc.",Industrials,Industrial Distribution,0.2090656799259944,0.5069380203515264,0.5337650323774283,0.8,0.9327354260089686,0.5688888888888889,0.88,0.4165895775516497,0.7954060787244643,4,2026-07-01T053352Z,2026-07-01T07:57:04.761328+00:00,2026-06-30
WST,"West Pharmaceutical Services, Inc.",Healthcare,Medical Instruments & Supplies,0.7113783533765032,0.6567992599444958,0.8038852913968547,0.8819875776397516,0.4740740740740741,0.6275862068965518,0.779874213836478,0.7240209682392846,0.6908805181117139,4,2026-07-01T053352Z,2026-07-01T07:57:04.761328+00:00,2026-06-30
WTRG,"Essential Utilities, Inc.",Utilities,Utilities - Regulated Water,0.3570767807585568,0.3432007400555041,0.3330249768732655,0.6610169491525424,0.1724137931034483,0.3275862068965517,0.6101694915254238,0.34443416589577547,0.44279661016949157,4,2026-07-01T053352Z,2026-07-01T07:57:04.761328+00:00,2026-06-30
WTS,"Watts Water Technologies, Inc.",Industrials,Specialty Industrial Machinery,0.5864939870490287,0.5328399629972248,0.816836262719704,0.8666666666666667,0.9147982062780268,0.7022222222222222,0.9155555555555556,0.6453900709219859,0.8498106626806179,4,2026-07-01T053352Z,2026-07-01T07:57:04.761328+00:00,2026-06-30
WTTR,"Select Water Solutions, Inc.",Energy,Oil & Gas Equipment & Services,0.876040703052729,0.9130434782608696,0.8982423681776133,0.3043478260869565,0.5942028985507246,0.1159420289855072,0.7971014492753623,0.8957755164970708,0.4528985507246377,4,2026-07-01T053352Z,2026-07-01T07:57:04.761328+00:00,2026-06-30
WWD,"Woodward, Inc.",Industrials,Aerospace & Defense,0.692876965772433,0.5911193339500462,0.790009250693802,0.7866666666666666,0.57847533632287,0.5822222222222222,0.6888888888888889,0.6913351834720937,0.659063278525162,4,2026-07-01T053352Z,2026-07-01T07:57:04.761328+00:00,2026-06-30
WYNN,"Wynn Resorts, Limited",Consumer Cyclical,Resorts & Casinos,0.393154486586494,0.1554116558741905,0.1378353376503237,0.2764705882352941,0.3630952380952381,0.6804733727810651,0.0411764705882352,0.22880049337033606,0.34030391742495814,4,2026-07-01T053352Z,2026-07-01T07:57:04.761328+00:00,2026-06-30
XEL,Xcel Energy Inc.,Utilities,Utilities - Regulated Electric,0.5235892691951897,0.5282146160962072,0.396854764107308,0.4576271186440678,0.3793103448275862,0.0258620689655172,0.3389830508474576,0.48288621646623503,0.3004456458211572,4,2026-07-01T053352Z,2026-07-01T07:57:04.761328+00:00,2026-06-30
XMTR,"Xometry, Inc.",Industrials,Industrial Distribution,0.9435707678075856,0.8640148011100832,0.9333950046253467,0.0355555555555555,0.8834080717488789,0.0977777777777777,0.1644444444444444,0.9136601911810053,0.2952964623816641,4,2026-07-01T053352Z,2026-07-01T07:57:04.761328+00:00,2026-06-30
XOM,Exxon Mobil Corporation,Energy,Oil & Gas Integrated,0.6530989824236818,0.7141535615171137,0.3681776133209991,0.5652173913043478,0.6956521739130435,0.3768115942028985,0.927536231884058,0.578476719087265,0.6413043478260869,4,2026-07-01T053352Z,2026-07-01T07:57:04.761328+00:00,2026-06-30
XPO,"XPO, Inc.",Industrials,Trucking,0.7853839037927844,0.8630897317298798,0.6919518963922294,0.36,0.1524663677130044,0.3155555555555555,0.12,0.7801418439716312,0.23700548081713996,4,2026-07-01T053352Z,2026-07-01T07:57:04.761328+00:00,2026-06-30
XRAY,DENTSPLY SIRONA Inc.,Healthcare,Medical Instruments & Supplies,0.0851063829787234,0.2506938020351526,0.1887141535615171,0.2732919254658385,0.6,0.3241379310344827,0.1949685534591195,0.1748381128584644,0.34809960248986016,4,2026-07-01T053352Z,2026-07-01T07:57:04.761328+00:00,2026-06-30
XYL,Xylem Inc.,Industrials,Specialty Industrial Machinery,0.2072155411655874,0.1332099907493062,0.1914893617021276,0.4888888888888889,0.4573991031390134,0.6088888888888889,0.8622222222222222,0.1773049645390071,0.6043497757847534,4,2026-07-01T053352Z,2026-07-01T07:57:04.761328+00:00,2026-06-30
XYZ,"Block, Inc.",Technology,Software - Infrastructure,0.4616096207215541,0.6151711378353376,0.5966697502312673,0.2743362831858407,0.4336283185840708,0.3716814159292035,0.5,0.5578168362627197,0.39491150442477874,4,2026-07-01T053352Z,2026-07-01T07:57:04.761328+00:00,2026-06-30
YETI,"YETI Holdings, Inc.",Consumer Cyclical,Leisure,0.7530064754856615,0.4588344125809436,0.696577243293247,0.8411764705882353,0.9642857142857144,0.7396449704142012,0.8705882352941177,0.6361393771199507,0.8539238476455672,4,2026-07-01T053352Z,2026-07-01T07:57:04.761328+00:00,2026-06-30
YOU,"Clear Secure, Inc.",Technology,Software - Application,0.8649398704902868,0.8769657724329325,0.8149861239592969,0.6991150442477876,0.7920353982300885,0.9734513274336284,0.6830357142857143,0.8522972556275054,0.7869093710493047,4,2026-07-01T053352Z,2026-07-01T07:57:04.761328+00:00,2026-06-30
YUM,"Yum! Brands, Inc.",Consumer Cyclical,Restaurants,0.3404255319148936,0.3459759481961147,0.4329324699352451,0.9588235294117649,0.6904761904761905,0.9289940828402368,0.0176470588235294,0.37311131668208447,0.6489852153879303,4,2026-07-01T053352Z,2026-07-01T07:57:04.761328+00:00,2026-06-30
Z,"Zillow Group, Inc.",Communication Services,Internet Content & Information,0.0268270120259019,0.0134135060129509,0.0134135060129509,0.3260869565217391,0.6744186046511628,0.4444444444444444,0.9565217391304348,0.017884674683934565,0.6003679361869453,4,2026-07-01T053352Z,2026-07-01T07:57:04.761328+00:00,2026-06-30
ZBH,"Zimmer Biomet Holdings, Inc.",Healthcare,Medical Devices,0.244218316373728,0.2543940795559667,0.2340425531914893,0.546583850931677,0.4,0.7103448275862069,0.3522012578616352,0.244218316373728,0.5022824840948797,4,2026-07-01T053352Z,2026-07-01T07:57:04.761328+00:00,2026-06-30
ZBRA,Zebra Technologies Corporation,Technology,Communication Equipment,0.1535615171137835,0.3691026827012026,0.4357076780758557,0.4690265486725664,0.5663716814159292,0.4247787610619469,0.2767857142857143,0.3194572926302806,0.4342406763590392,4,2026-07-01T053352Z,2026-07-01T07:57:04.761328+00:00,2026-06-30
ZETA,Zeta Global Holdings Corp.,Technology,Software - Infrastructure,0.7243293246993524,0.5605920444033302,0.4347826086956521,0.1371681415929203,0.915929203539823,0.3495575221238938,0.6473214285714286,0.5732346592661116,0.5124940739570164,4,2026-07-01T053352Z,2026-07-01T07:57:04.761328+00:00,2026-06-30
ZM,"Zoom Communications, Inc.",Technology,Software - Application,0.6123959296947271,0.6308973172987974,0.3098982423681776,0.8805309734513275,0.5530973451327433,0.9557522123893806,0.96875,0.5177304964539007,0.8395326327433629,4,2026-07-01T053352Z,2026-07-01T07:57:04.761328+00:00,2026-06-30
ZS,"Zscaler, Inc.",Technology,Software - Infrastructure,0.0134135060129509,0.0134135060129509,0.0268270120259019,0.1548672566371681,0.6327433628318584,0.7876106194690266,0.3928571428571428,0.017884674683934565,0.4920195954487989,4,2026-07-01T053352Z,2026-07-01T07:57:04.761328+00:00,2026-06-30
ZTS,Zoetis Inc.,Healthcare,Drug Manufacturers - Specialty & Generic,0.0286771507863089,0.0268270120259019,0.0134135060129509,0.9440993788819876,0.7703703703703704,0.8482758620689655,0.1132075471698113,0.022972556275053898,0.6689882896227837,4,2026-07-01T053352Z,2026-07-01T07:57:04.761328+00:00,2026-06-30
ZWS,Zurn Elkay Water Solutions Corporation,Industrials,Pollution & Treatment Controls,0.6170212765957447,0.364477335800185,0.4523589269195189,0.6711111111111111,0.7488789237668162,0.8933333333333333,0.7422222222222222,0.4779525131051496,0.7638863976083707,4,2026-07-01T053352Z,2026-07-01T07:57:04.761328+00:00,2026-06-30
