run_id,retrieval_started_at_utc,retrieval_completed_at_utc,score_session,source_snapshot,eligible_count,scored_count,code_commit,configuration_sha256,output_manifest_sha256,ticker,yf_p_score,YF-P_percentile,YF-QP,YF-QP_percentile,qvp_score,YF-QVP_percentile,YF-QVGP,YF-QVGP_percentile,quality_score,value_score,price_score,Growth,company_name,sector,industry,info_market_cap,latest_close,unconstrained_rank,price_rank,latest_price_session,data_quality_flags,constrained_portfolio_status,previous_rank,rank_change
2026-06-22T160715Z,2026-06-22T16:07:15.765832+00:00,2026-06-22T17:23:48.252300+00:00,2026-06-18,data/prospective/daily_qvp/snapshots/2026-06-22T160715Z/raw,1070,1034,bf973ff3ecce3842bc807909b6a11c9ba3d11429,d3881a1328862a39dc4af32e15c4826237a09adca2da7038eafb5659ddb68bb4,3cbd5f76b124b82ce4f26fb66fcb37946580c4a15ad9e837f6f5beb2a7d3fb8d,NTCT,0.7913551401869159,0.9719626168224299,0.7311607805766684,0.9594594594594594,0.7762293091732344,1.0,0.6914062161141601,0.9825581395348837,0.670966420966421,0.8663663663663664,0.7913551401869159,0.4369369369369369,"NetScout Systems, Inc.",Technology,Software - Infrastructure,2829780736,39.66999816894531,1.0,31.0,2026-06-18,none,SELECTED,,
2026-06-22T160715Z,2026-06-22T16:07:15.765832+00:00,2026-06-22T17:23:48.252300+00:00,2026-06-18,data/prospective/daily_qvp/snapshots/2026-06-22T160715Z/raw,1070,1034,bf973ff3ecce3842bc807909b6a11c9ba3d11429,d3881a1328862a39dc4af32e15c4826237a09adca2da7038eafb5659ddb68bb4,3cbd5f76b124b82ce4f26fb66fcb37946580c4a15ad9e837f6f5beb2a7d3fb8d,CRUS,0.7170560747663551,0.8392523364485981,0.7630837294388696,0.9797297297297297,0.7424562200263135,0.9990328820116054,0.6474953181728883,0.9515503875968992,0.8091113841113841,0.7012012012012012,0.7170560747663551,0.3626126126126126,"Cirrus Logic, Inc.",Technology,Semiconductors,8406431744,165.2899932861328,2.0,173.0,2026-06-18,none,SELECTED,,
2026-06-22T160715Z,2026-06-22T16:07:15.765832+00:00,2026-06-22T17:23:48.252300+00:00,2026-06-18,data/prospective/daily_qvp/snapshots/2026-06-22T160715Z/raw,1070,1034,bf973ff3ecce3842bc807909b6a11c9ba3d11429,d3881a1328862a39dc4af32e15c4826237a09adca2da7038eafb5659ddb68bb4,3cbd5f76b124b82ce4f26fb66fcb37946580c4a15ad9e837f6f5beb2a7d3fb8d,RAMP,0.6214953271028036,0.6682242990654206,0.695191766745505,0.9198841698841699,0.7372349516041105,0.9980657640232108,0.7128361236129928,0.9893410852713178,0.7688882063882063,0.8213213213213213,0.6214953271028036,0.6396396396396397,"LiveRamp Holdings, Inc.",Technology,Software - Infrastructure,2264411136,37.7400016784668,3.0,356.0,2026-06-18,none,SELECTED,,
2026-06-22T160715Z,2026-06-22T16:07:15.765832+00:00,2026-06-22T17:23:48.252300+00:00,2026-06-18,data/prospective/daily_qvp/snapshots/2026-06-22T160715Z/raw,1070,1034,bf973ff3ecce3842bc807909b6a11c9ba3d11429,d3881a1328862a39dc4af32e15c4826237a09adca2da7038eafb5659ddb68bb4,3cbd5f76b124b82ce4f26fb66fcb37946580c4a15ad9e837f6f5beb2a7d3fb8d,DINO,0.7366822429906542,0.8794392523364486,0.6647696929238985,0.8803088803088803,0.7367372182517867,0.9970986460348162,0.6739814851174115,0.9786821705426356,0.5928571428571429,0.8806722689075631,0.7366822429906542,0.48571428571428565,HF Sinclair Corporation,Energy,Oil & Gas Refining & Marketing,11624161280,64.5,4.0,130.0,2026-06-18,none,SELECTED,,
2026-06-22T160715Z,2026-06-22T16:07:15.765832+00:00,2026-06-22T17:23:48.252300+00:00,2026-06-18,data/prospective/daily_qvp/snapshots/2026-06-22T160715Z/raw,1070,1034,bf973ff3ecce3842bc807909b6a11c9ba3d11429,d3881a1328862a39dc4af32e15c4826237a09adca2da7038eafb5659ddb68bb4,3cbd5f76b124b82ce4f26fb66fcb37946580c4a15ad9e837f6f5beb2a7d3fb8d,UGI,0.47126168224299064,0.4144859813084112,0.6388855167497829,0.831081081081081,0.7347749019386499,0.9961315280464217,0.6588397971436426,0.9670542635658915,0.8065093512565752,0.9265536723163841,0.47126168224299064,0.4310344827586207,UGI Corporation,Utilities,Utilities - Regulated Gas,7291487232,33.810001373291016,5.0,627.0,2026-06-18,none,SELECTED,,
2026-06-22T160715Z,2026-06-22T16:07:15.765832+00:00,2026-06-22T17:23:48.252300+00:00,2026-06-18,data/prospective/daily_qvp/snapshots/2026-06-22T160715Z/raw,1070,1034,bf973ff3ecce3842bc807909b6a11c9ba3d11429,d3881a1328862a39dc4af32e15c4826237a09adca2da7038eafb5659ddb68bb4,3cbd5f76b124b82ce4f26fb66fcb37946580c4a15ad9e837f6f5beb2a7d3fb8d,VISN,0.6518691588785047,0.7242990654205608,0.6299758366055095,0.8117760617760618,0.732296203382652,0.995164410058027,0.7845825128973494,1.0,0.6080825143325144,0.936936936936937,0.6518691588785047,0.9414414414414415,"Vistance Networks, Inc.",Technology,Communication Equipment,2896314112,12.65999984741211,6.0,296.0,2026-06-18,none,SELECTED,,
2026-06-22T160715Z,2026-06-22T16:07:15.765832+00:00,2026-06-22T17:23:48.252300+00:00,2026-06-18,data/prospective/daily_qvp/snapshots/2026-06-22T160715Z/raw,1070,1034,bf973ff3ecce3842bc807909b6a11c9ba3d11429,d3881a1328862a39dc4af32e15c4826237a09adca2da7038eafb5659ddb68bb4,3cbd5f76b124b82ce4f26fb66fcb37946580c4a15ad9e837f6f5beb2a7d3fb8d,MLI,0.7446261682242992,0.9009345794392524,0.8223318499149309,0.9980694980694981,0.7311120887338478,0.9941972920696325,0.7327785109948303,0.9941860465116279,0.9000375316055627,0.5486725663716815,0.7446261682242992,0.7377777777777779,"Mueller Industries, Inc.",Industrials,Metal Fabrication,15320664064,137.38999938964844,7.0,107.0,2026-06-18,none,SELECTED,,
2026-06-22T160715Z,2026-06-22T16:07:15.765832+00:00,2026-06-22T17:23:48.252300+00:00,2026-06-18,data/prospective/daily_qvp/snapshots/2026-06-22T160715Z/raw,1070,1034,bf973ff3ecce3842bc807909b6a11c9ba3d11429,d3881a1328862a39dc4af32e15c4826237a09adca2da7038eafb5659ddb68bb4,3cbd5f76b124b82ce4f26fb66fcb37946580c4a15ad9e837f6f5beb2a7d3fb8d,EIX,0.7588785046728972,0.9327102803738317,0.7172168677660219,0.9391891891891891,0.7286153883035249,0.9932301740812379,0.7436598170897126,0.997093023255814,0.6755552308591466,0.751412429378531,0.7588785046728972,0.7887931034482758,Edison International,Utilities,Utilities - Regulated Electric,27759036416,71.88999938964844,8.0,73.0,2026-06-18,none,SELECTED,,
2026-06-22T160715Z,2026-06-22T16:07:15.765832+00:00,2026-06-22T17:23:48.252300+00:00,2026-06-18,data/prospective/daily_qvp/snapshots/2026-06-22T160715Z/raw,1070,1034,bf973ff3ecce3842bc807909b6a11c9ba3d11429,d3881a1328862a39dc4af32e15c4826237a09adca2da7038eafb5659ddb68bb4,3cbd5f76b124b82ce4f26fb66fcb37946580c4a15ad9e837f6f5beb2a7d3fb8d,KFY,0.5212616822429906,0.4934579439252336,0.636448141216312,0.8262548262548263,0.7242004323939621,0.9922630560928434,0.673705879851027,0.9777131782945736,0.7516346001896334,0.8997050147492623,0.5212616822429906,0.5222222222222221,Korn Ferry,Industrials,Staffing & Employment Services,3600964096,71.45999908447266,9.0,543.0,2026-06-18,none,SELECTED,,
2026-06-22T160715Z,2026-06-22T16:07:15.765832+00:00,2026-06-22T17:23:48.252300+00:00,2026-06-18,data/prospective/daily_qvp/snapshots/2026-06-22T160715Z/raw,1070,1034,bf973ff3ecce3842bc807909b6a11c9ba3d11429,d3881a1328862a39dc4af32e15c4826237a09adca2da7038eafb5659ddb68bb4,3cbd5f76b124b82ce4f26fb66fcb37946580c4a15ad9e837f6f5beb2a7d3fb8d,APA,0.6953271028037384,0.8018691588785046,0.7298064085447263,0.9555984555984556,0.7235123956124507,0.9912959381044487,0.6194200109950523,0.9166666666666666,0.7642857142857142,0.7109243697478992,0.6953271028037384,0.3071428571428571,APA Corporation,Energy,Oil & Gas E&P,11911947264,33.029998779296875,10.0,213.0,2026-06-18,none,SELECTED,,
2026-06-22T160715Z,2026-06-22T16:07:15.765832+00:00,2026-06-22T17:23:48.252300+00:00,2026-06-18,data/prospective/daily_qvp/snapshots/2026-06-22T160715Z/raw,1070,1034,bf973ff3ecce3842bc807909b6a11c9ba3d11429,d3881a1328862a39dc4af32e15c4826237a09adca2da7038eafb5659ddb68bb4,3cbd5f76b124b82ce4f26fb66fcb37946580c4a15ad9e837f6f5beb2a7d3fb8d,INCY,0.5357476635514019,0.5205607476635514,0.7339613531406823,0.9613899613899614,0.7230738025266886,0.9903288201160542,0.7402522117983981,0.9961240310077519,0.9321750427299627,0.7012987012987013,0.5357476635514019,0.7917874396135265,Incyte Corporation,Healthcare,Biotechnology,20397758464,98.22000122070312,11.0,514.0,2026-06-18,none,SELECTED,,
2026-06-22T160715Z,2026-06-22T16:07:15.765832+00:00,2026-06-22T17:23:48.252300+00:00,2026-06-18,data/prospective/daily_qvp/snapshots/2026-06-22T160715Z/raw,1070,1034,bf973ff3ecce3842bc807909b6a11c9ba3d11429,d3881a1328862a39dc4af32e15c4826237a09adca2da7038eafb5659ddb68bb4,3cbd5f76b124b82ce4f26fb66fcb37946580c4a15ad9e837f6f5beb2a7d3fb8d,AZZ,0.7563084112149533,0.9271028037383178,0.7397317182497016,0.9652509652509652,0.7188181956472938,0.9893617021276596,0.6896692022910259,0.9815891472868217,0.7231550252844501,0.6769911504424778,0.7563084112149533,0.6022222222222222,AZZ Inc.,Industrials,Specialty Business Services,4798756352,157.17999267578125,12.0,79.0,2026-06-18,none,SELECTED,,
2026-06-22T160715Z,2026-06-22T16:07:15.765832+00:00,2026-06-22T17:23:48.252300+00:00,2026-06-18,data/prospective/daily_qvp/snapshots/2026-06-22T160715Z/raw,1070,1034,bf973ff3ecce3842bc807909b6a11c9ba3d11429,d3881a1328862a39dc4af32e15c4826237a09adca2da7038eafb5659ddb68bb4,3cbd5f76b124b82ce4f26fb66fcb37946580c4a15ad9e837f6f5beb2a7d3fb8d,POR,0.627570093457944,0.680841121495327,0.6478732992128995,0.8474903474903475,0.7181678868575639,0.988394584139265,0.6506948806604143,0.9554263565891473,0.668176504967855,0.8587570621468927,0.627570093457944,0.4482758620689655,Portland General Electric Company,Utilities,Utilities - Regulated Electric,5850151936,50.18000030517578,13.0,342.0,2026-06-18,none,SELECTED,,
2026-06-22T160715Z,2026-06-22T16:07:15.765832+00:00,2026-06-22T17:23:48.252300+00:00,2026-06-18,data/prospective/daily_qvp/snapshots/2026-06-22T160715Z/raw,1070,1034,bf973ff3ecce3842bc807909b6a11c9ba3d11429,d3881a1328862a39dc4af32e15c4826237a09adca2da7038eafb5659ddb68bb4,3cbd5f76b124b82ce4f26fb66fcb37946580c4a15ad9e837f6f5beb2a7d3fb8d,TDC,0.5320093457943925,0.514018691588785,0.6634248203173436,0.8774131274131274,0.7173082385699208,0.9874274661508704,0.5830262239724856,0.8284883720930233,0.7948402948402948,0.825075075075075,0.5320093457943925,0.18018018018018014,Teradata Corporation,Technology,Software - Infrastructure,2758071040,30.8799991607666,14.0,520.0,2026-06-18,none,SELECTED,,
2026-06-22T160715Z,2026-06-22T16:07:15.765832+00:00,2026-06-22T17:23:48.252300+00:00,2026-06-18,data/prospective/daily_qvp/snapshots/2026-06-22T160715Z/raw,1070,1034,bf973ff3ecce3842bc807909b6a11c9ba3d11429,d3881a1328862a39dc4af32e15c4826237a09adca2da7038eafb5659ddb68bb4,3cbd5f76b124b82ce4f26fb66fcb37946580c4a15ad9e837f6f5beb2a7d3fb8d,ED,0.6135514018691589,0.6546728971962616,0.6829446080064673,0.9054054054054054,0.7114169326446129,0.9864603481624759,0.6714937339662183,0.9767441860465116,0.7523378141437757,0.768361581920904,0.6135514018691589,0.5517241379310345,"Consolidated Edison, Inc.",Utilities,Utilities - Regulated Electric,39624310784,106.36000061035156,15.0,370.0,2026-06-18,none,SELECTED,,
2026-06-22T160715Z,2026-06-22T16:07:15.765832+00:00,2026-06-22T17:23:48.252300+00:00,2026-06-18,data/prospective/daily_qvp/snapshots/2026-06-22T160715Z/raw,1070,1034,bf973ff3ecce3842bc807909b6a11c9ba3d11429,d3881a1328862a39dc4af32e15c4826237a09adca2da7038eafb5659ddb68bb4,3cbd5f76b124b82ce4f26fb66fcb37946580c4a15ad9e837f6f5beb2a7d3fb8d,PRDO,0.5219626168224298,0.4953271028037383,0.7092234959112149,0.9353281853281853,0.7019823306074766,0.9854932301740812,0.6514867479556075,0.9573643410852714,0.896484375,0.6875,0.5219626168224298,0.5,Perdoceo Education Corporation,Consumer Defensive,Education & Training Services,2047884288,32.029998779296875,16.0,541.0,2026-06-18,none,SELECTED,,
2026-06-22T160715Z,2026-06-22T16:07:15.765832+00:00,2026-06-22T17:23:48.252300+00:00,2026-06-18,data/prospective/daily_qvp/snapshots/2026-06-22T160715Z/raw,1070,1034,bf973ff3ecce3842bc807909b6a11c9ba3d11429,d3881a1328862a39dc4af32e15c4826237a09adca2da7038eafb5659ddb68bb4,3cbd5f76b124b82ce4f26fb66fcb37946580c4a15ad9e837f6f5beb2a7d3fb8d,ZM,0.4836448598130841,0.4308411214953271,0.6618367624208745,0.8716216216216216,0.7009842680403429,0.9845261121856866,0.6524273902194463,0.9583333333333334,0.840028665028665,0.7792792792792792,0.4836448598130841,0.5067567567567568,"Zoom Communications, Inc.",Technology,Software - Application,24344137728,86.36000061035156,17.0,610.0,2026-06-18,none,SELECTED,,
2026-06-22T160715Z,2026-06-22T16:07:15.765832+00:00,2026-06-22T17:23:48.252300+00:00,2026-06-18,data/prospective/daily_qvp/snapshots/2026-06-22T160715Z/raw,1070,1034,bf973ff3ecce3842bc807909b6a11c9ba3d11429,d3881a1328862a39dc4af32e15c4826237a09adca2da7038eafb5659ddb68bb4,3cbd5f76b124b82ce4f26fb66fcb37946580c4a15ad9e837f6f5beb2a7d3fb8d,TTC,0.6978971962616822,0.8102803738317756,0.718862077903281,0.944015444015444,0.6985137549837016,0.9835589941972921,0.5794408717933318,0.812984496124031,0.7398269595448799,0.6578171091445427,0.6978971962616822,0.2222222222222222,The Toro Company,Industrials,Tools & Accessories,8849680384,92.61000061035156,18.0,204.0,2026-06-18,none,SELECTED,,
2026-06-22T160715Z,2026-06-22T16:07:15.765832+00:00,2026-06-22T17:23:48.252300+00:00,2026-06-18,data/prospective/daily_qvp/snapshots/2026-06-22T160715Z/raw,1070,1034,bf973ff3ecce3842bc807909b6a11c9ba3d11429,d3881a1328862a39dc4af32e15c4826237a09adca2da7038eafb5659ddb68bb4,3cbd5f76b124b82ce4f26fb66fcb37946580c4a15ad9e837f6f5beb2a7d3fb8d,SNA,0.6324766355140188,0.6878504672897197,0.7429973648492976,0.9671814671814671,0.6964131891522358,0.9825918762088974,0.5956432251975101,0.8575581395348837,0.8535180941845765,0.603244837758112,0.6324766355140188,0.29333333333333333,Snap-on Incorporated,Industrials,Tools & Accessories,20245741568,387.25,19.0,335.0,2026-06-18,none,SELECTED,,
2026-06-22T160715Z,2026-06-22T16:07:15.765832+00:00,2026-06-22T17:23:48.252300+00:00,2026-06-18,data/prospective/daily_qvp/snapshots/2026-06-22T160715Z/raw,1070,1034,bf973ff3ecce3842bc807909b6a11c9ba3d11429,d3881a1328862a39dc4af32e15c4826237a09adca2da7038eafb5659ddb68bb4,3cbd5f76b124b82ce4f26fb66fcb37946580c4a15ad9e837f6f5beb2a7d3fb8d,CALM,0.35560747663551395,0.2467289719626168,0.594795925817757,0.7355212355212355,0.6960097838785048,0.9816247582205029,0.7700542129088785,0.999031007751938,0.833984375,0.8984375,0.35560747663551395,0.9921875,"Cal-Maine Foods, Inc.",Consumer Defensive,Farm Products,3633358080,77.7300033569336,20.0,807.0,2026-06-18,none,SELECTED,,
2026-06-22T160715Z,2026-06-22T16:07:15.765832+00:00,2026-06-22T17:23:48.252300+00:00,2026-06-18,data/prospective/daily_qvp/snapshots/2026-06-22T160715Z/raw,1070,1034,bf973ff3ecce3842bc807909b6a11c9ba3d11429,d3881a1328862a39dc4af32e15c4826237a09adca2da7038eafb5659ddb68bb4,3cbd5f76b124b82ce4f26fb66fcb37946580c4a15ad9e837f6f5beb2a7d3fb8d,ENS,0.7988317757009347,0.9775700934579439,0.7171258673068517,0.9382239382239382,0.6939147866608116,0.9806576402321083,0.6109916455511644,0.9011627906976745,0.6354199589127687,0.6474926253687316,0.7988317757009347,0.3622222222222222,EnerSys,Industrials,Electrical Equipment & Parts,8451307520,227.9499969482422,21.0,25.0,2026-06-18,none,SELECTED,,
2026-06-22T160715Z,2026-06-22T16:07:15.765832+00:00,2026-06-22T17:23:48.252300+00:00,2026-06-18,data/prospective/daily_qvp/snapshots/2026-06-22T160715Z/raw,1070,1034,bf973ff3ecce3842bc807909b6a11c9ba3d11429,d3881a1328862a39dc4af32e15c4826237a09adca2da7038eafb5659ddb68bb4,3cbd5f76b124b82ce4f26fb66fcb37946580c4a15ad9e837f6f5beb2a7d3fb8d,PARR,0.6450934579439253,0.7130841121495327,0.6350467289719626,0.8233590733590733,0.6923887623585259,0.9796905222437138,0.6496487146260372,0.9544573643410853,0.625,0.8070728291316526,0.6450934579439253,0.5214285714285715,"Par Pacific Holdings, Inc.",Energy,Oil & Gas Refining & Marketing,2526769920,50.88999938964844,22.0,308.0,2026-06-18,none,SELECTED,,
2026-06-22T160715Z,2026-06-22T16:07:15.765832+00:00,2026-06-22T17:23:48.252300+00:00,2026-06-18,data/prospective/daily_qvp/snapshots/2026-06-22T160715Z/raw,1070,1034,bf973ff3ecce3842bc807909b6a11c9ba3d11429,d3881a1328862a39dc4af32e15c4826237a09adca2da7038eafb5659ddb68bb4,3cbd5f76b124b82ce4f26fb66fcb37946580c4a15ad9e837f6f5beb2a7d3fb8d,EXE,0.35864485981308414,0.2504672897196262,0.6096795727636849,0.7654440154440154,0.6913269980889551,0.9787234042553191,0.7667095342810021,0.998062015503876,0.8607142857142857,0.8546218487394958,0.35864485981308414,0.9928571428571428,Expand Energy Corporation,Energy,Oil & Gas E&P,20949270528,86.9800033569336,23.0,803.0,2026-06-18,none,SELECTED,,
2026-06-22T160715Z,2026-06-22T16:07:15.765832+00:00,2026-06-22T17:23:48.252300+00:00,2026-06-18,data/prospective/daily_qvp/snapshots/2026-06-22T160715Z/raw,1070,1034,bf973ff3ecce3842bc807909b6a11c9ba3d11429,d3881a1328862a39dc4af32e15c4826237a09adca2da7038eafb5659ddb68bb4,3cbd5f76b124b82ce4f26fb66fcb37946580c4a15ad9e837f6f5beb2a7d3fb8d,OGE,0.633411214953271,0.6915887850467289,0.6950662153083129,0.918918918918919,0.6912494166085551,0.9777562862669246,0.6261956831460714,0.9253875968992248,0.7567212156633548,0.6836158192090395,0.633411214953271,0.43103448275862066,OGE Energy Corp.,Utilities,Utilities - Regulated Electric,9854373888,47.29999923706055,24.0,331.0,2026-06-18,none,SELECTED,,
2026-06-22T160715Z,2026-06-22T16:07:15.765832+00:00,2026-06-22T17:23:48.252300+00:00,2026-06-18,data/prospective/daily_qvp/snapshots/2026-06-22T160715Z/raw,1070,1034,bf973ff3ecce3842bc807909b6a11c9ba3d11429,d3881a1328862a39dc4af32e15c4826237a09adca2da7038eafb5659ddb68bb4,3cbd5f76b124b82ce4f26fb66fcb37946580c4a15ad9e837f6f5beb2a7d3fb8d,EXEL,0.5855140186915888,0.6060747663551402,0.7591207419137604,0.9768339768339769,0.6907846793133583,0.97678916827853,0.6541392341226999,0.9622093023255814,0.9327274651359321,0.5541125541125541,0.5855140186915888,0.5442028985507246,"Exelixis, Inc.",Healthcare,Biotechnology,12889488384,51.90999984741211,25.0,422.0,2026-06-18,none,SELECTED,,
2026-06-22T160715Z,2026-06-22T16:07:15.765832+00:00,2026-06-22T17:23:48.252300+00:00,2026-06-18,data/prospective/daily_qvp/snapshots/2026-06-22T160715Z/raw,1070,1034,bf973ff3ecce3842bc807909b6a11c9ba3d11429,d3881a1328862a39dc4af32e15c4826237a09adca2da7038eafb5659ddb68bb4,3cbd5f76b124b82ce4f26fb66fcb37946580c4a15ad9e837f6f5beb2a7d3fb8d,AVA,0.6042056074766355,0.6383177570093458,0.640172645935863,0.833011583011583,0.6894936283640217,0.9758220502901354,0.6464305661006025,0.9505813953488372,0.6761396843950905,0.7881355932203391,0.6042056074766355,0.5172413793103449,Avista Corporation,Utilities,Utilities - Diversified,3294794240,39.7599983215332,26.0,388.0,2026-06-18,none,SELECTED,,
2026-06-22T160715Z,2026-06-22T16:07:15.765832+00:00,2026-06-22T17:23:48.252300+00:00,2026-06-18,data/prospective/daily_qvp/snapshots/2026-06-22T160715Z/raw,1070,1034,bf973ff3ecce3842bc807909b6a11c9ba3d11429,d3881a1328862a39dc4af32e15c4826237a09adca2da7038eafb5659ddb68bb4,3cbd5f76b124b82ce4f26fb66fcb37946580c4a15ad9e837f6f5beb2a7d3fb8d,BIIB,0.6614485981308411,0.7383177570093458,0.6328752588036228,0.8194980694980695,0.6888721061576822,0.9748549323017408,0.6013964306649605,0.874031007751938,0.6043019194764045,0.8008658008658008,0.6614485981308411,0.33896940418679544,Biogen Inc.,Healthcare,Drug Manufacturers - General,29131018240,196.5800018310547,27.0,281.0,2026-06-18,none,SELECTED,,
2026-06-22T160715Z,2026-06-22T16:07:15.765832+00:00,2026-06-22T17:23:48.252300+00:00,2026-06-18,data/prospective/daily_qvp/snapshots/2026-06-22T160715Z/raw,1070,1034,bf973ff3ecce3842bc807909b6a11c9ba3d11429,d3881a1328862a39dc4af32e15c4826237a09adca2da7038eafb5659ddb68bb4,3cbd5f76b124b82ce4f26fb66fcb37946580c4a15ad9e837f6f5beb2a7d3fb8d,BRC,0.5563084112149532,0.5570093457943925,0.6956735640145563,0.9208494208494209,0.6864962403164888,0.9738878143133463,0.6304277357929222,0.9302325581395349,0.8350387168141593,0.668141592920354,0.5563084112149532,0.4622222222222222,Brady Corporation,Industrials,Security & Protection Services,4041099776,85.30999755859375,28.0,475.0,2026-06-18,none,SELECTED,,
2026-06-22T160715Z,2026-06-22T16:07:15.765832+00:00,2026-06-22T17:23:48.252300+00:00,2026-06-18,data/prospective/daily_qvp/snapshots/2026-06-22T160715Z/raw,1070,1034,bf973ff3ecce3842bc807909b6a11c9ba3d11429,d3881a1328862a39dc4af32e15c4826237a09adca2da7038eafb5659ddb68bb4,3cbd5f76b124b82ce4f26fb66fcb37946580c4a15ad9e837f6f5beb2a7d3fb8d,NOV,0.6539719626168224,0.7271028037383177,0.5984145527369826,0.749034749034749,0.6858244543923488,0.9729206963249516,0.610796912222833,0.9001937984496124,0.5428571428571428,0.8606442577030813,0.6539719626168224,0.3857142857142857,NOV Inc.,Energy,Oil & Gas Equipment & Services,6664559104,18.65999984741211,29.0,293.0,2026-06-18,none,SELECTED,,
2026-06-22T160715Z,2026-06-22T16:07:15.765832+00:00,2026-06-22T17:23:48.252300+00:00,2026-06-18,data/prospective/daily_qvp/snapshots/2026-06-22T160715Z/raw,1070,1034,bf973ff3ecce3842bc807909b6a11c9ba3d11429,d3881a1328862a39dc4af32e15c4826237a09adca2da7038eafb5659ddb68bb4,3cbd5f76b124b82ce4f26fb66fcb37946580c4a15ad9e837f6f5beb2a7d3fb8d,M,0.5418224299065421,0.5308411214953271,0.5527321356646799,0.63996138996139,0.6847274066824363,0.971953578336557,0.5958808843531446,0.8585271317829457,0.5636418414228179,0.9487179487179488,0.5418224299065421,0.32934131736526945,"Macy's, Inc.",Consumer Cyclical,Department Stores,6587785728,24.13999938964844,30.0,503.0,2026-06-18,none,SELECTED,,
2026-06-22T160715Z,2026-06-22T16:07:15.765832+00:00,2026-06-22T17:23:48.252300+00:00,2026-06-18,data/prospective/daily_qvp/snapshots/2026-06-22T160715Z/raw,1070,1034,bf973ff3ecce3842bc807909b6a11c9ba3d11429,d3881a1328862a39dc4af32e15c4826237a09adca2da7038eafb5659ddb68bb4,3cbd5f76b124b82ce4f26fb66fcb37946580c4a15ad9e837f6f5beb2a7d3fb8d,NYT,0.6399532710280373,0.7037383177570093,0.7545745739479025,0.972972972972973,0.6793782183807272,0.9709864603481625,0.6512003304522122,0.9563953488372093,0.8691958768677677,0.5289855072463768,0.6399532710280373,0.5666666666666667,The New York Times Company,Communication Services,Publishing,11709147136,73.05999755859375,31.0,318.0,2026-06-18,none,NOT_SELECTED,,
2026-06-22T160715Z,2026-06-22T16:07:15.765832+00:00,2026-06-22T17:23:48.252300+00:00,2026-06-18,data/prospective/daily_qvp/snapshots/2026-06-22T160715Z/raw,1070,1034,bf973ff3ecce3842bc807909b6a11c9ba3d11429,d3881a1328862a39dc4af32e15c4826237a09adca2da7038eafb5659ddb68bb4,3cbd5f76b124b82ce4f26fb66fcb37946580c4a15ad9e837f6f5beb2a7d3fb8d,OVV,0.7130841121495327,0.8313084112149532,0.6618991989319092,0.8725868725868726,0.6762334528827108,0.9700193423597679,0.6339608039477473,0.938953488372093,0.6107142857142857,0.7049019607843138,0.7130841121495327,0.5071428571428571,Ovintiv Inc.,Energy,Oil & Gas E&P,15212941312,52.40999984741211,32.0,181.0,2026-06-18,none,NOT_SELECTED,,
2026-06-22T160715Z,2026-06-22T16:07:15.765832+00:00,2026-06-22T17:23:48.252300+00:00,2026-06-18,data/prospective/daily_qvp/snapshots/2026-06-22T160715Z/raw,1070,1034,bf973ff3ecce3842bc807909b6a11c9ba3d11429,d3881a1328862a39dc4af32e15c4826237a09adca2da7038eafb5659ddb68bb4,3cbd5f76b124b82ce4f26fb66fcb37946580c4a15ad9e837f6f5beb2a7d3fb8d,AIT,0.7348130841121496,0.874766355140187,0.770550307858856,0.9855212355212355,0.6749588089757173,0.9690522243713733,0.6012191067317879,0.872093023255814,0.8062875316055625,0.4837758112094395,0.7348130841121496,0.37999999999999995,"Applied Industrial Technologies, Inc.",Industrials,Industrial Distribution,12502302720,337.9599914550781,33.0,135.0,2026-06-18,none,NOT_SELECTED,,
2026-06-22T160715Z,2026-06-22T16:07:15.765832+00:00,2026-06-22T17:23:48.252300+00:00,2026-06-18,data/prospective/daily_qvp/snapshots/2026-06-22T160715Z/raw,1070,1034,bf973ff3ecce3842bc807909b6a11c9ba3d11429,d3881a1328862a39dc4af32e15c4826237a09adca2da7038eafb5659ddb68bb4,3cbd5f76b124b82ce4f26fb66fcb37946580c4a15ad9e837f6f5beb2a7d3fb8d,WLY,0.6661214953271027,0.7514018691588785,0.6536623654593046,0.8571428571428571,0.6749053450888117,0.9680851063829787,0.5853456754832754,0.8343023255813954,0.6412032355915065,0.717391304347826,0.6661214953271027,0.31666666666666665,"John Wiley & Sons, Inc.",Communication Services,Publishing,2368299776,46.70000076293945,34.0,267.0,2026-06-18,none,NOT_SELECTED,,
2026-06-22T160715Z,2026-06-22T16:07:15.765832+00:00,2026-06-22T17:23:48.252300+00:00,2026-06-18,data/prospective/daily_qvp/snapshots/2026-06-22T160715Z/raw,1070,1034,bf973ff3ecce3842bc807909b6a11c9ba3d11429,d3881a1328862a39dc4af32e15c4826237a09adca2da7038eafb5659ddb68bb4,3cbd5f76b124b82ce4f26fb66fcb37946580c4a15ad9e837f6f5beb2a7d3fb8d,FFIV,0.7397196261682243,0.8878504672897196,0.7638043257786249,0.9806949806949807,0.6748685495180822,0.9671179883945842,0.6294622229493725,0.9282945736434108,0.7878890253890254,0.496996996996997,0.7397196261682243,0.49324324324324326,"F5, Inc.",Technology,Software - Infrastructure,21790806016,385.489990234375,35.0,121.0,2026-06-18,none,NOT_SELECTED,,
2026-06-22T160715Z,2026-06-22T16:07:15.765832+00:00,2026-06-22T17:23:48.252300+00:00,2026-06-18,data/prospective/daily_qvp/snapshots/2026-06-22T160715Z/raw,1070,1034,bf973ff3ecce3842bc807909b6a11c9ba3d11429,d3881a1328862a39dc4af32e15c4826237a09adca2da7038eafb5659ddb68bb4,3cbd5f76b124b82ce4f26fb66fcb37946580c4a15ad9e837f6f5beb2a7d3fb8d,RS,0.7130841121495327,0.8313084112149532,0.7086253894080997,0.9343629343629344,0.6724169262720664,0.9661508704061895,0.6209793613707165,0.9205426356589147,0.7041666666666667,0.6,0.7130841121495327,0.4666666666666666,"Reliance, Inc.",Basic Materials,Steel,20618752000,396.3399963378906,36.0,182.0,2026-06-18,none,NOT_SELECTED,,
2026-06-22T160715Z,2026-06-22T16:07:15.765832+00:00,2026-06-22T17:23:48.252300+00:00,2026-06-18,data/prospective/daily_qvp/snapshots/2026-06-22T160715Z/raw,1070,1034,bf973ff3ecce3842bc807909b6a11c9ba3d11429,d3881a1328862a39dc4af32e15c4826237a09adca2da7038eafb5659ddb68bb4,3cbd5f76b124b82ce4f26fb66fcb37946580c4a15ad9e837f6f5beb2a7d3fb8d,KEX,0.6728971962616822,0.7588785046728972,0.6259901199386793,0.8011583011583011,0.6719973464291294,0.965183752417795,0.6334424542662914,0.937984496124031,0.5790830436156763,0.7640117994100296,0.6728971962616822,0.5177777777777777,Kirby Corporation,Industrials,Marine Shipping,7605857792,140.63999938964844,37.0,259.0,2026-06-18,none,NOT_SELECTED,,
2026-06-22T160715Z,2026-06-22T16:07:15.765832+00:00,2026-06-22T17:23:48.252300+00:00,2026-06-18,data/prospective/daily_qvp/snapshots/2026-06-22T160715Z/raw,1070,1034,bf973ff3ecce3842bc807909b6a11c9ba3d11429,d3881a1328862a39dc4af32e15c4826237a09adca2da7038eafb5659ddb68bb4,3cbd5f76b124b82ce4f26fb66fcb37946580c4a15ad9e837f6f5beb2a7d3fb8d,OGS,0.5904205607476636,0.6149532710280374,0.6283487958618506,0.8079150579150579,0.6712532462054521,0.9642166344294004,0.6650778656885719,0.9738372093023255,0.6662770309760374,0.7570621468926554,0.5904205607476636,0.646551724137931,"ONE Gas, Inc.",Utilities,Utilities - Regulated Gas,4815141376,76.76000213623047,38.0,413.0,2026-06-18,none,NOT_SELECTED,,
2026-06-22T160715Z,2026-06-22T16:07:15.765832+00:00,2026-06-22T17:23:48.252300+00:00,2026-06-18,data/prospective/daily_qvp/snapshots/2026-06-22T160715Z/raw,1070,1034,bf973ff3ecce3842bc807909b6a11c9ba3d11429,d3881a1328862a39dc4af32e15c4826237a09adca2da7038eafb5659ddb68bb4,3cbd5f76b124b82ce4f26fb66fcb37946580c4a15ad9e837f6f5beb2a7d3fb8d,CF,0.6004672897196262,0.6313084112149533,0.681483644859813,0.9015444015444015,0.6691372447213569,0.9632495164410058,0.7206029335410177,0.9932170542635659,0.7625,0.6444444444444445,0.6004672897196262,0.875,"CF Industries Holdings, Inc.",Basic Materials,Agricultural Inputs,15789249536,102.93000030517578,39.0,395.0,2026-06-18,none,NOT_SELECTED,,
2026-06-22T160715Z,2026-06-22T16:07:15.765832+00:00,2026-06-22T17:23:48.252300+00:00,2026-06-18,data/prospective/daily_qvp/snapshots/2026-06-22T160715Z/raw,1070,1034,bf973ff3ecce3842bc807909b6a11c9ba3d11429,d3881a1328862a39dc4af32e15c4826237a09adca2da7038eafb5659ddb68bb4,3cbd5f76b124b82ce4f26fb66fcb37946580c4a15ad9e837f6f5beb2a7d3fb8d,CRC,0.6114485981308411,0.6485981308411215,0.6164385847797063,0.778957528957529,0.6688021937747061,0.9622823984526112,0.6587445024738867,0.9660852713178295,0.6214285714285714,0.7735294117647058,0.6114485981308411,0.6285714285714286,California Resources Corporation,Energy,Oil & Gas E&P,4845093888,55.29999923706055,40.0,377.0,2026-06-18,none,NOT_SELECTED,,
2026-06-22T160715Z,2026-06-22T16:07:15.765832+00:00,2026-06-22T17:23:48.252300+00:00,2026-06-18,data/prospective/daily_qvp/snapshots/2026-06-22T160715Z/raw,1070,1034,bf973ff3ecce3842bc807909b6a11c9ba3d11429,d3881a1328862a39dc4af32e15c4826237a09adca2da7038eafb5659ddb68bb4,3cbd5f76b124b82ce4f26fb66fcb37946580c4a15ad9e837f6f5beb2a7d3fb8d,NBIX,0.5964953271028037,0.6280373831775701,0.7293284582334552,0.9527027027027027,0.6687586546953193,0.9613152804642167,0.6096809072855796,0.8972868217054264,0.8621615893641065,0.5476190476190476,0.5964953271028037,0.4324476650563607,"Neurocrine Biosciences, Inc.",Healthcare,Drug Manufacturers - Specialty & Generic,16089001984,158.2899932861328,41.0,399.0,2026-06-18,none,NOT_SELECTED,,
2026-06-22T160715Z,2026-06-22T16:07:15.765832+00:00,2026-06-22T17:23:48.252300+00:00,2026-06-18,data/prospective/daily_qvp/snapshots/2026-06-22T160715Z/raw,1070,1034,bf973ff3ecce3842bc807909b6a11c9ba3d11429,d3881a1328862a39dc4af32e15c4826237a09adca2da7038eafb5659ddb68bb4,3cbd5f76b124b82ce4f26fb66fcb37946580c4a15ad9e837f6f5beb2a7d3fb8d,EOG,0.6927570093457943,0.7976635514018692,0.7695927903871829,0.9845559845559846,0.6681972477464506,0.960348162475822,0.5886479358098379,0.8401162790697675,0.8464285714285714,0.46540616246498595,0.6927570093457943,0.35,"EOG Resources, Inc.",Energy,Oil & Gas E&P,70280331264,129.97999572753906,42.0,217.0,2026-06-18,none,NOT_SELECTED,,
2026-06-22T160715Z,2026-06-22T16:07:15.765832+00:00,2026-06-22T17:23:48.252300+00:00,2026-06-18,data/prospective/daily_qvp/snapshots/2026-06-22T160715Z/raw,1070,1034,bf973ff3ecce3842bc807909b6a11c9ba3d11429,d3881a1328862a39dc4af32e15c4826237a09adca2da7038eafb5659ddb68bb4,3cbd5f76b124b82ce4f26fb66fcb37946580c4a15ad9e837f6f5beb2a7d3fb8d,MATX,0.7647196261682243,0.9411214953271028,0.6581183465860085,0.862934362934363,0.6668674916276438,0.9593810444874274,0.536261729831844,0.6298449612403101,0.5515170670037927,0.6843657817109143,0.7647196261682243,0.1444444444444444,"Matson, Inc.",Industrials,Marine Shipping,6001208320,191.2400054931641,43.0,64.0,2026-06-18,none,NOT_SELECTED,,
2026-06-22T160715Z,2026-06-22T16:07:15.765832+00:00,2026-06-22T17:23:48.252300+00:00,2026-06-18,data/prospective/daily_qvp/snapshots/2026-06-22T160715Z/raw,1070,1034,bf973ff3ecce3842bc807909b6a11c9ba3d11429,d3881a1328862a39dc4af32e15c4826237a09adca2da7038eafb5659ddb68bb4,3cbd5f76b124b82ce4f26fb66fcb37946580c4a15ad9e837f6f5beb2a7d3fb8d,MSM,0.7532710280373831,0.9196261682242991,0.7176076813701453,0.9401544401544402,0.6662123972162818,0.9584139264990329,0.5385481868011002,0.6385658914728682,0.6819443347029076,0.5634218289085545,0.7532710280373831,0.1555555555555555,"MSC Industrial Direct Co., Inc.",Industrials,Industrial Distribution,6616366080,118.51000213623048,44.0,87.0,2026-06-18,none,NOT_SELECTED,,
2026-06-22T160715Z,2026-06-22T16:07:15.765832+00:00,2026-06-22T17:23:48.252300+00:00,2026-06-18,data/prospective/daily_qvp/snapshots/2026-06-22T160715Z/raw,1070,1034,bf973ff3ecce3842bc807909b6a11c9ba3d11429,d3881a1328862a39dc4af32e15c4826237a09adca2da7038eafb5659ddb68bb4,3cbd5f76b124b82ce4f26fb66fcb37946580c4a15ad9e837f6f5beb2a7d3fb8d,NJR,0.7467289719626168,0.905607476635514,0.6941564205225124,0.917953667953668,0.6661607775234829,0.9574468085106383,0.6116895486598536,0.9031007751937985,0.641583869082408,0.6101694915254238,0.7467289719626168,0.44827586206896547,New Jersey Resources Corporation,Utilities,Utilities - Regulated Gas,5555732480,55.11000061035156,45.0,102.0,2026-06-18,none,NOT_SELECTED,,
2026-06-22T160715Z,2026-06-22T16:07:15.765832+00:00,2026-06-22T17:23:48.252300+00:00,2026-06-18,data/prospective/daily_qvp/snapshots/2026-06-22T160715Z/raw,1070,1034,bf973ff3ecce3842bc807909b6a11c9ba3d11429,d3881a1328862a39dc4af32e15c4826237a09adca2da7038eafb5659ddb68bb4,3cbd5f76b124b82ce4f26fb66fcb37946580c4a15ad9e837f6f5beb2a7d3fb8d,CBT,0.6448598130841121,0.7116822429906542,0.6515965732087228,0.8532818532818532,0.6658791969539632,0.9564796905222437,0.6014927310488057,0.875,0.6583333333333333,0.6944444444444443,0.6448598130841121,0.40833333333333327,Cabot Corporation,Basic Materials,Specialty Chemicals,4785821184,91.8000030517578,46.0,309.0,2026-06-18,none,NOT_SELECTED,,
2026-06-22T160715Z,2026-06-22T16:07:15.765832+00:00,2026-06-22T17:23:48.252300+00:00,2026-06-18,data/prospective/daily_qvp/snapshots/2026-06-22T160715Z/raw,1070,1034,bf973ff3ecce3842bc807909b6a11c9ba3d11429,d3881a1328862a39dc4af32e15c4826237a09adca2da7038eafb5659ddb68bb4,3cbd5f76b124b82ce4f26fb66fcb37946580c4a15ad9e837f6f5beb2a7d3fb8d,ADM,0.7598130841121495,0.9336448598130841,0.5586174795560748,0.6496138996138996,0.665814430815161,0.9555125725338491,0.5520951981113708,0.7102713178294574,0.357421875,0.8802083333333334,0.7598130841121495,0.2109375,Archer-Daniels-Midland Company,Consumer Defensive,Farm Products,36411817984,75.0999984741211,47.0,72.0,2026-06-18,none,NOT_SELECTED,,
2026-06-22T160715Z,2026-06-22T16:07:15.765832+00:00,2026-06-22T17:23:48.252300+00:00,2026-06-18,data/prospective/daily_qvp/snapshots/2026-06-22T160715Z/raw,1070,1034,bf973ff3ecce3842bc807909b6a11c9ba3d11429,d3881a1328862a39dc4af32e15c4826237a09adca2da7038eafb5659ddb68bb4,3cbd5f76b124b82ce4f26fb66fcb37946580c4a15ad9e837f6f5beb2a7d3fb8d,RELY,0.552570093457944,0.5485981308411215,0.6426855381294634,0.8388030888030888,0.6651937621563789,0.9545454545454546,0.7122962225181851,0.9883720930232558,0.7328009828009828,0.7102102102102101,0.552570093457944,0.8536036036036037,"Remitly Global, Inc.",Technology,Software - Infrastructure,4393356800,21.100000381469727,48.0,484.0,2026-06-18,none,NOT_SELECTED,,
2026-06-22T160715Z,2026-06-22T16:07:15.765832+00:00,2026-06-22T17:23:48.252300+00:00,2026-06-18,data/prospective/daily_qvp/snapshots/2026-06-22T160715Z/raw,1070,1034,bf973ff3ecce3842bc807909b6a11c9ba3d11429,d3881a1328862a39dc4af32e15c4826237a09adca2da7038eafb5659ddb68bb4,3cbd5f76b124b82ce4f26fb66fcb37946580c4a15ad9e837f6f5beb2a7d3fb8d,VLO,0.7728971962616822,0.9523364485981308,0.666805740987984,0.8851351351351351,0.6649386545895617,0.9535783365570599,0.6129897052278855,0.9060077519379846,0.5607142857142857,0.6612044817927171,0.7728971962616822,0.4571428571428571,Valero Energy Corporation,Energy,Oil & Gas Refining & Marketing,71477657600,236.3000030517578,49.0,52.0,2026-06-18,none,NOT_SELECTED,,
2026-06-22T160715Z,2026-06-22T16:07:15.765832+00:00,2026-06-22T17:23:48.252300+00:00,2026-06-18,data/prospective/daily_qvp/snapshots/2026-06-22T160715Z/raw,1070,1034,bf973ff3ecce3842bc807909b6a11c9ba3d11429,d3881a1328862a39dc4af32e15c4826237a09adca2da7038eafb5659ddb68bb4,3cbd5f76b124b82ce4f26fb66fcb37946580c4a15ad9e837f6f5beb2a7d3fb8d,GNTX,0.5259345794392523,0.49906542056074765,0.6644931159201414,0.8783783783783784,0.6639027084438023,0.9526112185686654,0.6319090672609955,0.935077519379845,0.8030516524010305,0.6627218934911242,0.5259345794392523,0.5359281437125748,Gentex Corporation,Consumer Cyclical,Auto Parts,5536748032,25.950000762939453,50.0,537.0,2026-06-18,none,NOT_SELECTED,,
2026-06-22T160715Z,2026-06-22T16:07:15.765832+00:00,2026-06-22T17:23:48.252300+00:00,2026-06-18,data/prospective/daily_qvp/snapshots/2026-06-22T160715Z/raw,1070,1034,bf973ff3ecce3842bc807909b6a11c9ba3d11429,d3881a1328862a39dc4af32e15c4826237a09adca2da7038eafb5659ddb68bb4,3cbd5f76b124b82ce4f26fb66fcb37946580c4a15ad9e837f6f5beb2a7d3fb8d,ES,0.5649532710280374,0.5766355140186916,0.6209848178635219,0.7924710424710425,0.6625774491971502,0.9516441005802708,0.6348641213806212,0.9408914728682171,0.6770163646990064,0.7457627118644069,0.5649532710280374,0.5517241379310345,Eversource Energy,Utilities,Utilities - Regulated Electric,26385776640,69.58999633789062,51.0,454.0,2026-06-18,none,NOT_SELECTED,,
2026-06-22T160715Z,2026-06-22T16:07:15.765832+00:00,2026-06-22T17:23:48.252300+00:00,2026-06-18,data/prospective/daily_qvp/snapshots/2026-06-22T160715Z/raw,1070,1034,bf973ff3ecce3842bc807909b6a11c9ba3d11429,d3881a1328862a39dc4af32e15c4826237a09adca2da7038eafb5659ddb68bb4,3cbd5f76b124b82ce4f26fb66fcb37946580c4a15ad9e837f6f5beb2a7d3fb8d,SIRI,0.6742990654205607,0.7616822429906542,0.5552809224417712,0.6467181467181468,0.6624578130288137,0.9506769825918762,0.5607322486604991,0.7441860465116279,0.43626277946298164,0.8768115942028986,0.6742990654205607,0.25555555555555554,Sirius XM Holdings Inc.,Communication Services,Entertainment,9371499520,28.030000686645508,52.0,256.0,2026-06-18,none,NOT_SELECTED,,
2026-06-22T160715Z,2026-06-22T16:07:15.765832+00:00,2026-06-22T17:23:48.252300+00:00,2026-06-18,data/prospective/daily_qvp/snapshots/2026-06-22T160715Z/raw,1070,1034,bf973ff3ecce3842bc807909b6a11c9ba3d11429,d3881a1328862a39dc4af32e15c4826237a09adca2da7038eafb5659ddb68bb4,3cbd5f76b124b82ce4f26fb66fcb37946580c4a15ad9e837f6f5beb2a7d3fb8d,RUSHA,0.6974299065420562,0.8093457943925234,0.6197730062268241,0.7866795366795367,0.661045252014464,0.9497098646034816,0.5519216635617461,0.7083333333333334,0.5421161059115919,0.7435897435897436,0.6974299065420562,0.2245508982035928,"Rush Enterprises, Inc.",Consumer Cyclical,Auto & Truck Dealerships,5479493632,70.11000061035156,53.0,205.0,2026-06-18,none,NOT_SELECTED,,
2026-06-22T160715Z,2026-06-22T16:07:15.765832+00:00,2026-06-22T17:23:48.252300+00:00,2026-06-18,data/prospective/daily_qvp/snapshots/2026-06-22T160715Z/raw,1070,1034,bf973ff3ecce3842bc807909b6a11c9ba3d11429,d3881a1328862a39dc4af32e15c4826237a09adca2da7038eafb5659ddb68bb4,3cbd5f76b124b82ce4f26fb66fcb37946580c4a15ad9e837f6f5beb2a7d3fb8d,MTX,0.7137850467289719,0.8341121495327103,0.6027258566978193,0.7557915057915058,0.6592246452059536,0.9487427466150871,0.5923351505711318,0.8468992248062015,0.4916666666666667,0.7722222222222223,0.7137850467289719,0.3916666666666666,Minerals Technologies Inc.,Basic Materials,Specialty Chemicals,2440387328,78.66999816894531,54.0,178.0,2026-06-18,none,NOT_SELECTED,,
2026-06-22T160715Z,2026-06-22T16:07:15.765832+00:00,2026-06-22T17:23:48.252300+00:00,2026-06-18,data/prospective/daily_qvp/snapshots/2026-06-22T160715Z/raw,1070,1034,bf973ff3ecce3842bc807909b6a11c9ba3d11429,d3881a1328862a39dc4af32e15c4826237a09adca2da7038eafb5659ddb68bb4,3cbd5f76b124b82ce4f26fb66fcb37946580c4a15ad9e837f6f5beb2a7d3fb8d,SNX,0.8495327102803739,1.0,0.5764043567781886,0.6882239382239382,0.6587940957099837,0.9477756286266924,0.5689829591698751,0.7732558139534884,0.30327600327600324,0.8235735735735736,0.8495327102803739,0.2995495495495495,TD SYNNEX Corporation,Technology,Electronics & Computer Distribution,22914021376,284.55999755859375,55.0,1.0,2026-06-18,none,NOT_SELECTED,,
2026-06-22T160715Z,2026-06-22T16:07:15.765832+00:00,2026-06-22T17:23:48.252300+00:00,2026-06-18,data/prospective/daily_qvp/snapshots/2026-06-22T160715Z/raw,1070,1034,bf973ff3ecce3842bc807909b6a11c9ba3d11429,d3881a1328862a39dc4af32e15c4826237a09adca2da7038eafb5659ddb68bb4,3cbd5f76b124b82ce4f26fb66fcb37946580c4a15ad9e837f6f5beb2a7d3fb8d,LEA,0.6803738317757009,0.7710280373831776,0.52757292156036,0.5772200772200772,0.658750126536624,0.9468085106382979,0.5763979242437853,0.8052325581395349,0.37477201134501914,0.9211045364891519,0.6803738317757009,0.32934131736526945,Lear Corporation,Consumer Cyclical,Auto Parts,7051385856,139.75,56.0,246.0,2026-06-18,none,NOT_SELECTED,,
2026-06-22T160715Z,2026-06-22T16:07:15.765832+00:00,2026-06-22T17:23:48.252300+00:00,2026-06-18,data/prospective/daily_qvp/snapshots/2026-06-22T160715Z/raw,1070,1034,bf973ff3ecce3842bc807909b6a11c9ba3d11429,d3881a1328862a39dc4af32e15c4826237a09adca2da7038eafb5659ddb68bb4,3cbd5f76b124b82ce4f26fb66fcb37946580c4a15ad9e837f6f5beb2a7d3fb8d,EXPD,0.6408878504672897,0.7046728971962617,0.7095775377494477,0.9362934362934363,0.657909115628442,0.9458413926499033,0.6000985033879982,0.8682170542635659,0.7782672250316056,0.5545722713864307,0.6408878504672897,0.42666666666666664,"Expeditors International of Washington, Inc.",Industrials,Integrated Freight & Logistics,21466748928,161.32000732421875,57.0,317.0,2026-06-18,none,NOT_SELECTED,,
2026-06-22T160715Z,2026-06-22T16:07:15.765832+00:00,2026-06-22T17:23:48.252300+00:00,2026-06-18,data/prospective/daily_qvp/snapshots/2026-06-22T160715Z/raw,1070,1034,bf973ff3ecce3842bc807909b6a11c9ba3d11429,d3881a1328862a39dc4af32e15c4826237a09adca2da7038eafb5659ddb68bb4,3cbd5f76b124b82ce4f26fb66fcb37946580c4a15ad9e837f6f5beb2a7d3fb8d,MYRG,0.805373831775701,0.9822429906542056,0.7486097983151576,0.971042471042471,0.6578735921904394,0.9448742746615088,0.6917385274761629,0.9835271317829457,0.6918457648546144,0.476401179941003,0.805373831775701,0.7933333333333333,MYR Group Inc.,Industrials,Engineering & Construction,7384741376,461.1000061035156,58.0,20.0,2026-06-18,none,NOT_SELECTED,,
2026-06-22T160715Z,2026-06-22T16:07:15.765832+00:00,2026-06-22T17:23:48.252300+00:00,2026-06-18,data/prospective/daily_qvp/snapshots/2026-06-22T160715Z/raw,1070,1034,bf973ff3ecce3842bc807909b6a11c9ba3d11429,d3881a1328862a39dc4af32e15c4826237a09adca2da7038eafb5659ddb68bb4,3cbd5f76b124b82ce4f26fb66fcb37946580c4a15ad9e837f6f5beb2a7d3fb8d,RRC,0.5084112149532711,0.4691588785046729,0.6917056074766356,0.916023166023166,0.6576356710908663,0.9439071566731141,0.7057267533181497,0.9864341085271318,0.875,0.5894957983193277,0.5084112149532711,0.8500000000000001,Range Resources Corporation,Energy,Oil & Gas E&P,8633199616,36.38999938964844,59.0,569.0,2026-06-18,none,NOT_SELECTED,,
2026-06-22T160715Z,2026-06-22T16:07:15.765832+00:00,2026-06-22T17:23:48.252300+00:00,2026-06-18,data/prospective/daily_qvp/snapshots/2026-06-22T160715Z/raw,1070,1034,bf973ff3ecce3842bc807909b6a11c9ba3d11429,d3881a1328862a39dc4af32e15c4826237a09adca2da7038eafb5659ddb68bb4,3cbd5f76b124b82ce4f26fb66fcb37946580c4a15ad9e837f6f5beb2a7d3fb8d,MGY,0.6441588785046729,0.7088785046728971,0.7613651535380508,0.9787644787644788,0.6575767690253672,0.9429400386847195,0.584254005340454,0.8323643410852714,0.8785714285714287,0.45,0.6441588785046729,0.3642857142857142,Magnolia Oil & Gas Corporation,Energy,Oil & Gas E&P,5125584896,26.40999984741211,60.0,312.0,2026-06-18,none,NOT_SELECTED,,
2026-06-22T160715Z,2026-06-22T16:07:15.765832+00:00,2026-06-22T17:23:48.252300+00:00,2026-06-18,data/prospective/daily_qvp/snapshots/2026-06-22T160715Z/raw,1070,1034,bf973ff3ecce3842bc807909b6a11c9ba3d11429,d3881a1328862a39dc4af32e15c4826237a09adca2da7038eafb5659ddb68bb4,3cbd5f76b124b82ce4f26fb66fcb37946580c4a15ad9e837f6f5beb2a7d3fb8d,VTRS,0.7815420560747663,0.9630841121495327,0.5425693155622153,0.6216216216216216,0.656806672135272,0.941972920696325,0.5091508978212607,0.49612403100775193,0.30359657504966425,0.8852813852813853,0.7815420560747663,0.06618357487922699,Viatris Inc.,Healthcare,Drug Manufacturers - Specialty & Generic,17881706496,15.369999885559082,61.0,40.0,2026-06-18,none,NOT_SELECTED,,
2026-06-22T160715Z,2026-06-22T16:07:15.765832+00:00,2026-06-22T17:23:48.252300+00:00,2026-06-18,data/prospective/daily_qvp/snapshots/2026-06-22T160715Z/raw,1070,1034,bf973ff3ecce3842bc807909b6a11c9ba3d11429,d3881a1328862a39dc4af32e15c4826237a09adca2da7038eafb5659ddb68bb4,3cbd5f76b124b82ce4f26fb66fcb37946580c4a15ad9e837f6f5beb2a7d3fb8d,INSW,0.8261682242990653,0.994392523364486,0.8014769692923898,0.9951737451737451,0.6540658786879238,0.9410058027079303,0.5137636947302284,0.5155038759689923,0.7767857142857142,0.3592436974789916,0.8261682242990653,0.0928571428571428,"International Seaways, Inc.",Energy,Oil & Gas Midstream,4325225472,84.48999786376953,62.0,7.0,2026-06-18,none,NOT_SELECTED,,
2026-06-22T160715Z,2026-06-22T16:07:15.765832+00:00,2026-06-22T17:23:48.252300+00:00,2026-06-18,data/prospective/daily_qvp/snapshots/2026-06-22T160715Z/raw,1070,1034,bf973ff3ecce3842bc807909b6a11c9ba3d11429,d3881a1328862a39dc4af32e15c4826237a09adca2da7038eafb5659ddb68bb4,3cbd5f76b124b82ce4f26fb66fcb37946580c4a15ad9e837f6f5beb2a7d3fb8d,UTHR,0.6032710280373832,0.6364485981308411,0.7298130882560485,0.9565637065637066,0.653930226225533,0.9400386847195358,0.5677222268350113,0.7693798449612403,0.8563551484747137,0.5021645021645021,0.6032710280373832,0.30909822866344605,United Therapeutics Corporation,Healthcare,Drug Manufacturers - Specialty & Generic,22822971392,536.5900268554688,63.0,390.0,2026-06-18,none,NOT_SELECTED,,
2026-06-22T160715Z,2026-06-22T16:07:15.765832+00:00,2026-06-22T17:23:48.252300+00:00,2026-06-18,data/prospective/daily_qvp/snapshots/2026-06-22T160715Z/raw,1070,1034,bf973ff3ecce3842bc807909b6a11c9ba3d11429,d3881a1328862a39dc4af32e15c4826237a09adca2da7038eafb5659ddb68bb4,3cbd5f76b124b82ce4f26fb66fcb37946580c4a15ad9e837f6f5beb2a7d3fb8d,AWR,0.5630841121495327,0.5747663551401869,0.7378358900899622,0.9633204633204633,0.6538491621315378,0.9390715667311412,0.6261627336676189,0.9244186046511628,0.9125876680303916,0.48587570621468923,0.5630841121495327,0.5431034482758621,American States Water Company,Utilities,Utilities - Regulated Water,3050560000,77.11000061035156,64.0,456.0,2026-06-18,none,NOT_SELECTED,,
2026-06-22T160715Z,2026-06-22T16:07:15.765832+00:00,2026-06-22T17:23:48.252300+00:00,2026-06-18,data/prospective/daily_qvp/snapshots/2026-06-22T160715Z/raw,1070,1034,bf973ff3ecce3842bc807909b6a11c9ba3d11429,d3881a1328862a39dc4af32e15c4826237a09adca2da7038eafb5659ddb68bb4,3cbd5f76b124b82ce4f26fb66fcb37946580c4a15ad9e837f6f5beb2a7d3fb8d,WHD,0.633644859813084,0.6925233644859813,0.747179572763685,0.9700772200772201,0.6532084173233156,0.9381044487427466,0.566692027278201,0.7635658914728682,0.8607142857142858,0.465266106442577,0.633644859813084,0.3071428571428571,"Cactus, Inc.",Energy,Oil & Gas Equipment & Services,3765602816,54.689998626708984,65.0,330.0,2026-06-18,none,NOT_SELECTED,,
2026-06-22T160715Z,2026-06-22T16:07:15.765832+00:00,2026-06-22T17:23:48.252300+00:00,2026-06-18,data/prospective/daily_qvp/snapshots/2026-06-22T160715Z/raw,1070,1034,bf973ff3ecce3842bc807909b6a11c9ba3d11429,d3881a1328862a39dc4af32e15c4826237a09adca2da7038eafb5659ddb68bb4,3cbd5f76b124b82ce4f26fb66fcb37946580c4a15ad9e837f6f5beb2a7d3fb8d,DGII,0.7782710280373832,0.9607476635514018,0.6831875205706982,0.9063706563706564,0.6521550437438288,0.937137330754352,0.5701973638889527,0.7790697674418605,0.5881040131040132,0.5900900900900901,0.7782710280373832,0.3243243243243243,Digi International Inc.,Technology,Communication Equipment,2588256000,69.05999755859375,66.0,43.0,2026-06-18,none,NOT_SELECTED,,
2026-06-22T160715Z,2026-06-22T16:07:15.765832+00:00,2026-06-22T17:23:48.252300+00:00,2026-06-18,data/prospective/daily_qvp/snapshots/2026-06-22T160715Z/raw,1070,1034,bf973ff3ecce3842bc807909b6a11c9ba3d11429,d3881a1328862a39dc4af32e15c4826237a09adca2da7038eafb5659ddb68bb4,3cbd5f76b124b82ce4f26fb66fcb37946580c4a15ad9e837f6f5beb2a7d3fb8d,FDX,0.79696261682243,0.9766355140186916,0.5777292935566005,0.694015444015444,0.6521145142884711,0.9361702127659575,0.564641441271909,0.7558139534883721,0.3584959702907711,0.8008849557522124,0.79696261682243,0.30222222222222217,FedEx Corporation,Industrials,Integrated Freight & Logistics,78950203392,326.20001220703125,67.0,26.0,2026-06-18,none,NOT_SELECTED,,
2026-06-22T160715Z,2026-06-22T16:07:15.765832+00:00,2026-06-22T17:23:48.252300+00:00,2026-06-18,data/prospective/daily_qvp/snapshots/2026-06-22T160715Z/raw,1070,1034,bf973ff3ecce3842bc807909b6a11c9ba3d11429,d3881a1328862a39dc4af32e15c4826237a09adca2da7038eafb5659ddb68bb4,3cbd5f76b124b82ce4f26fb66fcb37946580c4a15ad9e837f6f5beb2a7d3fb8d,PGNY,0.4397196261682243,0.37383177570093457,0.5968116131909466,0.7432432432432432,0.6518426627622184,0.9352030947775629,0.6060317555257699,0.8875968992248062,0.7539036002136689,0.7619047619047619,0.4397196261682243,0.4685990338164251,"Progyny, Inc.",Healthcare,Healthcare Plans,2089124224,26.079999923706055,68.0,671.0,2026-06-18,none,NOT_SELECTED,,
2026-06-22T160715Z,2026-06-22T16:07:15.765832+00:00,2026-06-22T17:23:48.252300+00:00,2026-06-18,data/prospective/daily_qvp/snapshots/2026-06-22T160715Z/raw,1070,1034,bf973ff3ecce3842bc807909b6a11c9ba3d11429,d3881a1328862a39dc4af32e15c4826237a09adca2da7038eafb5659ddb68bb4,3cbd5f76b124b82ce4f26fb66fcb37946580c4a15ad9e837f6f5beb2a7d3fb8d,OII,0.7137850467289719,0.8341121495327103,0.6997496662216288,0.9285714285714286,0.6515604684241297,0.9342359767891683,0.6458132084609545,0.9496124031007752,0.6857142857142857,0.5551820728291316,0.7137850467289719,0.6285714285714286,"Oceaneering International, Inc.",Energy,Oil & Gas Equipment & Services,3581352960,36.060001373291016,69.0,179.0,2026-06-18,none,NOT_SELECTED,,
2026-06-22T160715Z,2026-06-22T16:07:15.765832+00:00,2026-06-22T17:23:48.252300+00:00,2026-06-18,data/prospective/daily_qvp/snapshots/2026-06-22T160715Z/raw,1070,1034,bf973ff3ecce3842bc807909b6a11c9ba3d11429,d3881a1328862a39dc4af32e15c4826237a09adca2da7038eafb5659ddb68bb4,3cbd5f76b124b82ce4f26fb66fcb37946580c4a15ad9e837f6f5beb2a7d3fb8d,SSRM,0.6341121495327103,0.694392523364486,0.6743477414330219,0.8976833976833977,0.6514170128071997,0.9332688588007737,0.7333544262720665,0.9951550387596899,0.7145833333333333,0.6055555555555555,0.6341121495327103,0.9791666666666667,SSR Mining Inc.,Basic Materials,Gold,6255855616,30.950000762939453,70.0,328.0,2026-06-18,none,NOT_SELECTED,,
2026-06-22T160715Z,2026-06-22T16:07:15.765832+00:00,2026-06-22T17:23:48.252300+00:00,2026-06-18,data/prospective/daily_qvp/snapshots/2026-06-22T160715Z/raw,1070,1034,bf973ff3ecce3842bc807909b6a11c9ba3d11429,d3881a1328862a39dc4af32e15c4826237a09adca2da7038eafb5659ddb68bb4,3cbd5f76b124b82ce4f26fb66fcb37946580c4a15ad9e837f6f5beb2a7d3fb8d,PHIN,0.7644859813084112,0.9392523364485982,0.6122795099655407,0.7693050193050193,0.6507898902728851,0.9323017408123792,0.5966253518364004,0.8614341085271318,0.4600730386226701,0.727810650887574,0.7644859813084112,0.4341317365269461,PHINIA Inc.,Consumer Cyclical,Auto Parts,3014028800,80.77999877929688,71.0,66.0,2026-06-18,none,NOT_SELECTED,,
2026-06-22T160715Z,2026-06-22T16:07:15.765832+00:00,2026-06-22T17:23:48.252300+00:00,2026-06-18,data/prospective/daily_qvp/snapshots/2026-06-22T160715Z/raw,1070,1034,bf973ff3ecce3842bc807909b6a11c9ba3d11429,d3881a1328862a39dc4af32e15c4826237a09adca2da7038eafb5659ddb68bb4,3cbd5f76b124b82ce4f26fb66fcb37946580c4a15ad9e837f6f5beb2a7d3fb8d,AOS,0.3754672897196261,0.2752336448598131,0.6234854621796614,0.7972972972972973,0.6506618912072866,0.9313346228239845,0.5841075295165761,0.8313953488372093,0.8715036346396967,0.705014749262537,0.3754672897196261,0.3844444444444444,A. O. Smith Corporation,Industrials,Specialty Industrial Machinery,8007842816,58.220001220703125,72.0,776.0,2026-06-18,none,NOT_SELECTED,,
2026-06-22T160715Z,2026-06-22T16:07:15.765832+00:00,2026-06-22T17:23:48.252300+00:00,2026-06-18,data/prospective/daily_qvp/snapshots/2026-06-22T160715Z/raw,1070,1034,bf973ff3ecce3842bc807909b6a11c9ba3d11429,d3881a1328862a39dc4af32e15c4826237a09adca2da7038eafb5659ddb68bb4,3cbd5f76b124b82ce4f26fb66fcb37946580c4a15ad9e837f6f5beb2a7d3fb8d,UNF,0.7268691588785047,0.8537383177570094,0.6690850614240818,0.88996138996139,0.6500881727094665,0.9303675048355899,0.5747883517543221,0.7955426356589147,0.6113009639696587,0.612094395280236,0.7268691588785047,0.34888888888888886,UniFirst Corporation,Industrials,Specialty Business Services,4741599744,261.0,73.0,157.0,2026-06-18,none,NOT_SELECTED,,
2026-06-22T160715Z,2026-06-22T16:07:15.765832+00:00,2026-06-22T17:23:48.252300+00:00,2026-06-18,data/prospective/daily_qvp/snapshots/2026-06-22T160715Z/raw,1070,1034,bf973ff3ecce3842bc807909b6a11c9ba3d11429,d3881a1328862a39dc4af32e15c4826237a09adca2da7038eafb5659ddb68bb4,3cbd5f76b124b82ce4f26fb66fcb37946580c4a15ad9e837f6f5beb2a7d3fb8d,BWA,0.7614485981308411,0.935981308411215,0.6138249036466217,0.7731660231660231,0.6491903039432442,0.9294003868471954,0.5961741650831817,0.8594961240310077,0.46620120916240215,0.7199211045364892,0.7614485981308411,0.43712574850299396,BorgWarner Inc.,Consumer Cyclical,Auto Parts,14965186560,71.83999633789062,74.0,69.0,2026-06-18,none,NOT_SELECTED,,
2026-06-22T160715Z,2026-06-22T16:07:15.765832+00:00,2026-06-22T17:23:48.252300+00:00,2026-06-18,data/prospective/daily_qvp/snapshots/2026-06-22T160715Z/raw,1070,1034,bf973ff3ecce3842bc807909b6a11c9ba3d11429,d3881a1328862a39dc4af32e15c4826237a09adca2da7038eafb5659ddb68bb4,3cbd5f76b124b82ce4f26fb66fcb37946580c4a15ad9e837f6f5beb2a7d3fb8d,CHRD,0.6955607476635514,0.802803738317757,0.5781375166889186,0.6959459459459459,0.6481701091651614,0.9284332688588007,0.5164847247310139,0.5242248062015504,0.46071428571428574,0.7882352941176469,0.6955607476635514,0.1214285714285714,Chord Energy Corporation,Energy,Oil & Gas E&P,6996018176,123.12000274658205,75.0,212.0,2026-06-18,none,NOT_SELECTED,,
2026-06-22T160715Z,2026-06-22T16:07:15.765832+00:00,2026-06-22T17:23:48.252300+00:00,2026-06-18,data/prospective/daily_qvp/snapshots/2026-06-22T160715Z/raw,1070,1034,bf973ff3ecce3842bc807909b6a11c9ba3d11429,d3881a1328862a39dc4af32e15c4826237a09adca2da7038eafb5659ddb68bb4,3cbd5f76b124b82ce4f26fb66fcb37946580c4a15ad9e837f6f5beb2a7d3fb8d,NEM,0.5217289719626168,0.49439252336448597,0.7077394859813084,0.9324324324324325,0.6477522499134649,0.9274661508704062,0.7191475207684319,0.9922480620155039,0.89375,0.5277777777777778,0.5217289719626168,0.9333333333333333,Newmont Corporation,Basic Materials,Gold,108164448256,103.79000091552734,76.0,542.0,2026-06-18,none,NOT_SELECTED,,
2026-06-22T160715Z,2026-06-22T16:07:15.765832+00:00,2026-06-22T17:23:48.252300+00:00,2026-06-18,data/prospective/daily_qvp/snapshots/2026-06-22T160715Z/raw,1070,1034,bf973ff3ecce3842bc807909b6a11c9ba3d11429,d3881a1328862a39dc4af32e15c4826237a09adca2da7038eafb5659ddb68bb4,3cbd5f76b124b82ce4f26fb66fcb37946580c4a15ad9e837f6f5beb2a7d3fb8d,HE,0.5623831775700935,0.5710280373831775,0.5127995665758124,0.5405405405405406,0.6469511234799201,0.9264990328820116,0.619911618472009,0.9176356589147286,0.4632159555815313,0.9152542372881355,0.5623831775700935,0.5387931034482759,"Hawaiian Electric Industries, Inc.",Utilities,Utilities - Regulated Electric,2223546880,13.020000457763672,77.0,460.0,2026-06-18,none,NOT_SELECTED,,
2026-06-22T160715Z,2026-06-22T16:07:15.765832+00:00,2026-06-22T17:23:48.252300+00:00,2026-06-18,data/prospective/daily_qvp/snapshots/2026-06-22T160715Z/raw,1070,1034,bf973ff3ecce3842bc807909b6a11c9ba3d11429,d3881a1328862a39dc4af32e15c4826237a09adca2da7038eafb5659ddb68bb4,3cbd5f76b124b82ce4f26fb66fcb37946580c4a15ad9e837f6f5beb2a7d3fb8d,NWE,0.6827102803738319,0.7785046728971963,0.6302578286731813,0.8127413127413128,0.6461605863470926,0.925531914893617,0.557896301829285,0.7364341085271318,0.5778053769725306,0.6779661016949152,0.6827102803738319,0.29310344827586204,"NorthWestern Energy Group, Inc.",Utilities,Utilities - Regulated Electric,4308328960,69.87999725341797,78.0,238.0,2026-06-18,none,NOT_SELECTED,,
2026-06-22T160715Z,2026-06-22T16:07:15.765832+00:00,2026-06-22T17:23:48.252300+00:00,2026-06-18,data/prospective/daily_qvp/snapshots/2026-06-22T160715Z/raw,1070,1034,bf973ff3ecce3842bc807909b6a11c9ba3d11429,d3881a1328862a39dc4af32e15c4826237a09adca2da7038eafb5659ddb68bb4,3cbd5f76b124b82ce4f26fb66fcb37946580c4a15ad9e837f6f5beb2a7d3fb8d,YOU,0.6960280373831775,0.8046728971962617,0.7423731505507207,0.9662162162162162,0.6460665848516316,0.9245647969052224,0.6585364251252102,0.9651162790697675,0.7887182637182638,0.4534534534534534,0.6960280373831775,0.6959459459459459,"Clear Secure, Inc.",Technology,Software - Application,6753102848,51.45000076293945,79.0,210.0,2026-06-18,none,NOT_SELECTED,,
2026-06-22T160715Z,2026-06-22T16:07:15.765832+00:00,2026-06-22T17:23:48.252300+00:00,2026-06-18,data/prospective/daily_qvp/snapshots/2026-06-22T160715Z/raw,1070,1034,bf973ff3ecce3842bc807909b6a11c9ba3d11429,d3881a1328862a39dc4af32e15c4826237a09adca2da7038eafb5659ddb68bb4,3cbd5f76b124b82ce4f26fb66fcb37946580c4a15ad9e837f6f5beb2a7d3fb8d,GMED,0.4226635514018692,0.34766355140186916,0.6101072398439616,0.7664092664092664,0.643390396548211,0.9235976789168279,0.6612666299393386,0.9699612403100775,0.7975509282860541,0.7099567099567099,0.4226635514018692,0.7148953301127214,"Globus Medical, Inc.",Healthcare,Medical Devices,10840565760,79.2300033569336,80.0,699.0,2026-06-18,none,NOT_SELECTED,,
2026-06-22T160715Z,2026-06-22T16:07:15.765832+00:00,2026-06-22T17:23:48.252300+00:00,2026-06-18,data/prospective/daily_qvp/snapshots/2026-06-22T160715Z/raw,1070,1034,bf973ff3ecce3842bc807909b6a11c9ba3d11429,d3881a1328862a39dc4af32e15c4826237a09adca2da7038eafb5659ddb68bb4,3cbd5f76b124b82ce4f26fb66fcb37946580c4a15ad9e837f6f5beb2a7d3fb8d,IOSP,0.5411214953271027,0.5289719626168224,0.6143107476635514,0.775096525096525,0.642873831775701,0.9226305609284333,0.5717387071651091,0.7819767441860465,0.6875,0.7000000000000001,0.5411214953271027,0.3583333333333333,Innospec Inc.,Basic Materials,Specialty Chemicals,2036987648,82.7300033569336,81.0,505.0,2026-06-18,none,NOT_SELECTED,,
2026-06-22T160715Z,2026-06-22T16:07:15.765832+00:00,2026-06-22T17:23:48.252300+00:00,2026-06-18,data/prospective/daily_qvp/snapshots/2026-06-22T160715Z/raw,1070,1034,bf973ff3ecce3842bc807909b6a11c9ba3d11429,d3881a1328862a39dc4af32e15c4826237a09adca2da7038eafb5659ddb68bb4,3cbd5f76b124b82ce4f26fb66fcb37946580c4a15ad9e837f6f5beb2a7d3fb8d,ARW,0.827570093457944,0.9962616822429906,0.5649367666306919,0.667953667953668,0.6411390256016424,0.9216634429400387,0.5675659809129435,0.7674418604651163,0.30230343980343977,0.7935435435435435,0.827570093457944,0.3468468468468468,"Arrow Electronics, Inc.",Technology,Electronics & Computer Distribution,12032839680,232.6999969482422,82.0,5.0,2026-06-18,none,NOT_SELECTED,,
2026-06-22T160715Z,2026-06-22T16:07:15.765832+00:00,2026-06-22T17:23:48.252300+00:00,2026-06-18,data/prospective/daily_qvp/snapshots/2026-06-22T160715Z/raw,1070,1034,bf973ff3ecce3842bc807909b6a11c9ba3d11429,d3881a1328862a39dc4af32e15c4826237a09adca2da7038eafb5659ddb68bb4,3cbd5f76b124b82ce4f26fb66fcb37946580c4a15ad9e837f6f5beb2a7d3fb8d,UFPI,0.35957943925233643,0.2514018691588785,0.5339563862928349,0.5994208494208494,0.6402301834544826,0.9206963249516441,0.5426726375908619,0.6579457364341085,0.7083333333333334,0.8527777777777779,0.35957943925233643,0.25,"UFP Industries, Inc.",Basic Materials,Lumber & Wood Production,4879609344,86.58000183105469,83.0,802.0,2026-06-18,none,NOT_SELECTED,,
2026-06-22T160715Z,2026-06-22T16:07:15.765832+00:00,2026-06-22T17:23:48.252300+00:00,2026-06-18,data/prospective/daily_qvp/snapshots/2026-06-22T160715Z/raw,1070,1034,bf973ff3ecce3842bc807909b6a11c9ba3d11429,d3881a1328862a39dc4af32e15c4826237a09adca2da7038eafb5659ddb68bb4,3cbd5f76b124b82ce4f26fb66fcb37946580c4a15ad9e837f6f5beb2a7d3fb8d,EME,0.6955607476635515,0.8037383177570093,0.728686663338729,0.9517374517374517,0.6386917971914043,0.9197292069632496,0.6412410701157755,0.9467054263565892,0.7618125790139064,0.4587020648967552,0.6955607476635515,0.6488888888888888,"EMCOR Group, Inc.",Industrials,Engineering & Construction,37682790400,836.5900268554688,84.0,211.0,2026-06-18,none,NOT_SELECTED,,
2026-06-22T160715Z,2026-06-22T16:07:15.765832+00:00,2026-06-22T17:23:48.252300+00:00,2026-06-18,data/prospective/daily_qvp/snapshots/2026-06-22T160715Z/raw,1070,1034,bf973ff3ecce3842bc807909b6a11c9ba3d11429,d3881a1328862a39dc4af32e15c4826237a09adca2da7038eafb5659ddb68bb4,3cbd5f76b124b82ce4f26fb66fcb37946580c4a15ad9e837f6f5beb2a7d3fb8d,LSTR,0.7135514018691588,0.8327102803738318,0.6962342581406477,0.9237451737451737,0.6386891121134308,0.9187620889748549,0.5273501674184065,0.5833333333333334,0.6789171144121365,0.523598820058997,0.7135514018691588,0.1933333333333333,"Landstar System, Inc.",Industrials,Integrated Freight & Logistics,7151048704,207.3999938964844,85.0,180.0,2026-06-18,none,NOT_SELECTED,,
2026-06-22T160715Z,2026-06-22T16:07:15.765832+00:00,2026-06-22T17:23:48.252300+00:00,2026-06-18,data/prospective/daily_qvp/snapshots/2026-06-22T160715Z/raw,1070,1034,bf973ff3ecce3842bc807909b6a11c9ba3d11429,d3881a1328862a39dc4af32e15c4826237a09adca2da7038eafb5659ddb68bb4,3cbd5f76b124b82ce4f26fb66fcb37946580c4a15ad9e837f6f5beb2a7d3fb8d,UNFI,0.72803738317757,0.8570093457943925,0.5319874415887851,0.5916988416988417,0.63851246105919,0.9177949709864603,0.6038843457943925,0.8827519379844961,0.3359375,0.8515625,0.72803738317757,0.5,"United Natural Foods, Inc.",Consumer Defensive,Food Distribution,3160612096,51.709999084472656,86.0,154.0,2026-06-18,none,NOT_SELECTED,,
2026-06-22T160715Z,2026-06-22T16:07:15.765832+00:00,2026-06-22T17:23:48.252300+00:00,2026-06-18,data/prospective/daily_qvp/snapshots/2026-06-22T160715Z/raw,1070,1034,bf973ff3ecce3842bc807909b6a11c9ba3d11429,d3881a1328862a39dc4af32e15c4826237a09adca2da7038eafb5659ddb68bb4,3cbd5f76b124b82ce4f26fb66fcb37946580c4a15ad9e837f6f5beb2a7d3fb8d,CVS,0.7268691588785047,0.8537383177570094,0.5331159468894985,0.5955598455598455,0.6382389140879484,0.9168278529980658,0.569258895710889,0.7742248062015504,0.33936273490049235,0.8484848484848485,0.7268691588785047,0.36231884057971014,CVS Health Corporation,Healthcare,Healthcare Plans,131158941696,98.31999969482422,87.0,158.0,2026-06-18,none,NOT_SELECTED,,
2026-06-22T160715Z,2026-06-22T16:07:15.765832+00:00,2026-06-22T17:23:48.252300+00:00,2026-06-18,data/prospective/daily_qvp/snapshots/2026-06-22T160715Z/raw,1070,1034,bf973ff3ecce3842bc807909b6a11c9ba3d11429,d3881a1328862a39dc4af32e15c4826237a09adca2da7038eafb5659ddb68bb4,3cbd5f76b124b82ce4f26fb66fcb37946580c4a15ad9e837f6f5beb2a7d3fb8d,TPC,0.555841121495327,0.5560747663551402,0.5259254596098633,0.5723938223938224,0.6382275925422687,0.9158607350096711,0.7142262499622571,0.9903100775193798,0.49600979772439946,0.8628318584070797,0.555841121495327,0.9422222222222222,Tutor Perini Corporation,Industrials,Engineering & Construction,4227011584,77.98999786376953,88.0,476.0,2026-06-18,none,NOT_SELECTED,,
2026-06-22T160715Z,2026-06-22T16:07:15.765832+00:00,2026-06-22T17:23:48.252300+00:00,2026-06-18,data/prospective/daily_qvp/snapshots/2026-06-22T160715Z/raw,1070,1034,bf973ff3ecce3842bc807909b6a11c9ba3d11429,d3881a1328862a39dc4af32e15c4826237a09adca2da7038eafb5659ddb68bb4,3cbd5f76b124b82ce4f26fb66fcb37946580c4a15ad9e837f6f5beb2a7d3fb8d,CENTA,0.6453271028037384,0.7140186915887851,0.5375073014018692,0.609073359073359,0.6378520898234683,0.9148936170212766,0.6072953173676012,0.8934108527131783,0.4296875,0.8385416666666666,0.6453271028037384,0.515625,Central Garden & Pet Company,Consumer Defensive,Packaged Foods,2368303872,37.779998779296875,89.0,307.0,2026-06-18,none,NOT_SELECTED,,
2026-06-22T160715Z,2026-06-22T16:07:15.765832+00:00,2026-06-22T17:23:48.252300+00:00,2026-06-18,data/prospective/daily_qvp/snapshots/2026-06-22T160715Z/raw,1070,1034,bf973ff3ecce3842bc807909b6a11c9ba3d11429,d3881a1328862a39dc4af32e15c4826237a09adca2da7038eafb5659ddb68bb4,3cbd5f76b124b82ce4f26fb66fcb37946580c4a15ad9e837f6f5beb2a7d3fb8d,WTS,0.6836448598130841,0.780373831775701,0.7665073619545826,0.9816602316602316,0.6378485657868308,0.913926499032882,0.6628308687845675,0.9718992248062015,0.849369864096081,0.38053097345132736,0.6836448598130841,0.7377777777777778,"Watts Water Technologies, Inc.",Industrials,Specialty Industrial Machinery,11708515328,343.8900146484375,90.0,236.0,2026-06-18,none,NOT_SELECTED,,
2026-06-22T160715Z,2026-06-22T16:07:15.765832+00:00,2026-06-22T17:23:48.252300+00:00,2026-06-18,data/prospective/daily_qvp/snapshots/2026-06-22T160715Z/raw,1070,1034,bf973ff3ecce3842bc807909b6a11c9ba3d11429,d3881a1328862a39dc4af32e15c4826237a09adca2da7038eafb5659ddb68bb4,3cbd5f76b124b82ce4f26fb66fcb37946580c4a15ad9e837f6f5beb2a7d3fb8d,CNX,0.46144859813084105,0.39953271028037385,0.5950100133511349,0.7374517374517374,0.6375697007775073,0.9129593810444874,0.7049629898688448,0.9854651162790697,0.7285714285714286,0.7226890756302521,0.46144859813084105,0.9071428571428571,CNX Resources Corporation,Energy,Oil & Gas E&P,4623488000,32.66999816894531,91.0,643.0,2026-06-18,none,NOT_SELECTED,,
2026-06-22T160715Z,2026-06-22T16:07:15.765832+00:00,2026-06-22T17:23:48.252300+00:00,2026-06-18,data/prospective/daily_qvp/snapshots/2026-06-22T160715Z/raw,1070,1034,bf973ff3ecce3842bc807909b6a11c9ba3d11429,d3881a1328862a39dc4af32e15c4826237a09adca2da7038eafb5659ddb68bb4,3cbd5f76b124b82ce4f26fb66fcb37946580c4a15ad9e837f6f5beb2a7d3fb8d,GD,0.5939252336448597,0.6242990654205608,0.5875955182130747,0.7181467181467182,0.63705974567204,0.9119922630560928,0.6316836981429189,0.9341085271317829,0.5812658027812896,0.7359882005899706,0.5939252336448597,0.6155555555555556,General Dynamics Corporation,Industrials,Aerospace & Defense,93589127168,350.010009765625,92.0,403.0,2026-06-18,none,NOT_SELECTED,,
2026-06-22T160715Z,2026-06-22T16:07:15.765832+00:00,2026-06-22T17:23:48.252300+00:00,2026-06-18,data/prospective/daily_qvp/snapshots/2026-06-22T160715Z/raw,1070,1034,bf973ff3ecce3842bc807909b6a11c9ba3d11429,d3881a1328862a39dc4af32e15c4826237a09adca2da7038eafb5659ddb68bb4,3cbd5f76b124b82ce4f26fb66fcb37946580c4a15ad9e837f6f5beb2a7d3fb8d,TDW,0.5707943925233644,0.5841121495327103,0.6586114819759679,0.8658301158301158,0.6360397741651177,0.9110251450676983,0.5948869734809812,0.8536821705426356,0.7464285714285714,0.5908963585434174,0.5707943925233644,0.4714285714285714,Tidewater Inc.,Energy,Oil & Gas Equipment & Services,3229135616,64.66999816894531,93.0,446.0,2026-06-18,none,NOT_SELECTED,,
2026-06-22T160715Z,2026-06-22T16:07:15.765832+00:00,2026-06-22T17:23:48.252300+00:00,2026-06-18,data/prospective/daily_qvp/snapshots/2026-06-22T160715Z/raw,1070,1034,bf973ff3ecce3842bc807909b6a11c9ba3d11429,d3881a1328862a39dc4af32e15c4826237a09adca2da7038eafb5659ddb68bb4,3cbd5f76b124b82ce4f26fb66fcb37946580c4a15ad9e837f6f5beb2a7d3fb8d,YETI,0.5628504672897197,0.5733644859813084,0.7079535168923968,0.9333976833976834,0.635019635850684,0.9100580270793037,0.5488695173071747,0.6918604651162791,0.853056566495074,0.4891518737672584,0.5628504672897197,0.2904191616766467,"YETI Holdings, Inc.",Consumer Cyclical,Leisure,3665187584,48.970001220703125,94.0,457.0,2026-06-18,none,NOT_SELECTED,,
2026-06-22T160715Z,2026-06-22T16:07:15.765832+00:00,2026-06-22T17:23:48.252300+00:00,2026-06-18,data/prospective/daily_qvp/snapshots/2026-06-22T160715Z/raw,1070,1034,bf973ff3ecce3842bc807909b6a11c9ba3d11429,d3881a1328862a39dc4af32e15c4826237a09adca2da7038eafb5659ddb68bb4,3cbd5f76b124b82ce4f26fb66fcb37946580c4a15ad9e837f6f5beb2a7d3fb8d,JBHT,0.7535046728971962,0.9205607476635514,0.687563414198282,0.9111969111969112,0.6348751178234369,0.9090909090909091,0.5694896717009109,0.7761627906976745,0.6216221554993678,0.5294985250737464,0.7535046728971962,0.3733333333333333,"J.B. Hunt Transport Services, Inc.",Industrials,Integrated Freight & Logistics,25972355072,271.2200012207031,95.0,86.0,2026-06-18,none,NOT_SELECTED,,
2026-06-22T160715Z,2026-06-22T16:07:15.765832+00:00,2026-06-22T17:23:48.252300+00:00,2026-06-18,data/prospective/daily_qvp/snapshots/2026-06-22T160715Z/raw,1070,1034,bf973ff3ecce3842bc807909b6a11c9ba3d11429,d3881a1328862a39dc4af32e15c4826237a09adca2da7038eafb5659ddb68bb4,3cbd5f76b124b82ce4f26fb66fcb37946580c4a15ad9e837f6f5beb2a7d3fb8d,BMY,0.6098130841121495,0.6467289719626168,0.6102666305754882,0.7673745173745173,0.6348386483778868,0.9081237911025145,0.5915879234814828,0.8459302325581395,0.610720177038827,0.683982683982684,0.6098130841121495,0.4618357487922705,Bristol-Myers Squibb Company,Healthcare,Drug Manufacturers - General,110986780672,54.0,96.0,379.0,2026-06-18,none,NOT_SELECTED,,
2026-06-22T160715Z,2026-06-22T16:07:15.765832+00:00,2026-06-22T17:23:48.252300+00:00,2026-06-18,data/prospective/daily_qvp/snapshots/2026-06-22T160715Z/raw,1070,1034,bf973ff3ecce3842bc807909b6a11c9ba3d11429,d3881a1328862a39dc4af32e15c4826237a09adca2da7038eafb5659ddb68bb4,3cbd5f76b124b82ce4f26fb66fcb37946580c4a15ad9e837f6f5beb2a7d3fb8d,WFRD,0.6591121495327102,0.7327102803738318,0.6741989319092123,0.8967181467181468,0.6344799602083824,0.90715667311412,0.5365742558705725,0.6308139534883721,0.6892857142857143,0.5550420168067227,0.6591121495327102,0.24285714285714285,Weatherford International plc,Energy,Oil & Gas Equipment & Services,6574334464,91.62999725341795,97.0,287.0,2026-06-18,none,NOT_SELECTED,,
2026-06-22T160715Z,2026-06-22T16:07:15.765832+00:00,2026-06-22T17:23:48.252300+00:00,2026-06-18,data/prospective/daily_qvp/snapshots/2026-06-22T160715Z/raw,1070,1034,bf973ff3ecce3842bc807909b6a11c9ba3d11429,d3881a1328862a39dc4af32e15c4826237a09adca2da7038eafb5659ddb68bb4,3cbd5f76b124b82ce4f26fb66fcb37946580c4a15ad9e837f6f5beb2a7d3fb8d,CMCSA,0.3425233644859813,0.23177570093457944,0.4660024417082193,0.3812741312741313,0.6343397920566872,0.9061895551257253,0.5285326218202933,0.5891472868217055,0.5894815189304573,0.9710144927536232,0.3425233644859813,0.21111111111111105,Comcast Corporation,Communication Services,Telecom Services,80000057344,22.43000030517578,98.0,823.0,2026-06-18,none,NOT_SELECTED,,
2026-06-22T160715Z,2026-06-22T16:07:15.765832+00:00,2026-06-22T17:23:48.252300+00:00,2026-06-18,data/prospective/daily_qvp/snapshots/2026-06-22T160715Z/raw,1070,1034,bf973ff3ecce3842bc807909b6a11c9ba3d11429,d3881a1328862a39dc4af32e15c4826237a09adca2da7038eafb5659ddb68bb4,3cbd5f76b124b82ce4f26fb66fcb37946580c4a15ad9e837f6f5beb2a7d3fb8d,AGCO,0.4911214953271028,0.4411214953271028,0.5094276882450937,0.5231660231660231,0.6341120674829631,0.9052224371373307,0.5075284950566668,0.4874031007751938,0.5277338811630846,0.883480825958702,0.4911214953271028,0.12777777777777774,AGCO Corporation,Industrials,Farm & Heavy Construction Machinery,8367529472,113.66000366210938,99.0,598.0,2026-06-18,none,NOT_SELECTED,,
2026-06-22T160715Z,2026-06-22T16:07:15.765832+00:00,2026-06-22T17:23:48.252300+00:00,2026-06-18,data/prospective/daily_qvp/snapshots/2026-06-22T160715Z/raw,1070,1034,bf973ff3ecce3842bc807909b6a11c9ba3d11429,d3881a1328862a39dc4af32e15c4826237a09adca2da7038eafb5659ddb68bb4,3cbd5f76b124b82ce4f26fb66fcb37946580c4a15ad9e837f6f5beb2a7d3fb8d,AU,0.5091121495327102,0.4700934579439252,0.7212227414330218,0.944980694980695,0.6326670128071997,0.9042553191489362,0.7151252596053997,0.9912790697674418,0.9333333333333333,0.4555555555555555,0.5091121495327102,0.9625,AngloGold Ashanti plc,Basic Materials,Gold,42998276096,90.87000274658205,100.0,568.0,2026-06-18,none,NOT_SELECTED,,
2026-06-22T160715Z,2026-06-22T16:07:15.765832+00:00,2026-06-22T17:23:48.252300+00:00,2026-06-18,data/prospective/daily_qvp/snapshots/2026-06-22T160715Z/raw,1070,1034,bf973ff3ecce3842bc807909b6a11c9ba3d11429,d3881a1328862a39dc4af32e15c4826237a09adca2da7038eafb5659ddb68bb4,3cbd5f76b124b82ce4f26fb66fcb37946580c4a15ad9e837f6f5beb2a7d3fb8d,SSD,0.6016355140186915,0.6336448598130842,0.7237344236760124,0.9478764478764479,0.6324896157840082,0.9032882011605415,0.6181172118380062,0.9108527131782945,0.8458333333333333,0.4499999999999999,0.6016355140186915,0.575,"Simpson Manufacturing Co., Inc.",Basic Materials,Lumber & Wood Production,8234864128,200.13999938964844,101.0,393.0,2026-06-18,none,NOT_SELECTED,,
2026-06-22T160715Z,2026-06-22T16:07:15.765832+00:00,2026-06-22T17:23:48.252300+00:00,2026-06-18,data/prospective/daily_qvp/snapshots/2026-06-22T160715Z/raw,1070,1034,bf973ff3ecce3842bc807909b6a11c9ba3d11429,d3881a1328862a39dc4af32e15c4826237a09adca2da7038eafb5659ddb68bb4,3cbd5f76b124b82ce4f26fb66fcb37946580c4a15ad9e837f6f5beb2a7d3fb8d,CNC,0.5588785046728972,0.5672897196261683,0.4647699042360364,0.37741312741312744,0.6323574253348468,0.902321083172147,0.5806690351847099,0.8197674418604651,0.3706613037991756,0.9675324675324676,0.5588785046728972,0.42560386473429945,Centene Corporation,Healthcare,Healthcare Plans,31277101056,61.02000045776367,102.0,464.0,2026-06-18,none,NOT_SELECTED,,
2026-06-22T160715Z,2026-06-22T16:07:15.765832+00:00,2026-06-22T17:23:48.252300+00:00,2026-06-18,data/prospective/daily_qvp/snapshots/2026-06-22T160715Z/raw,1070,1034,bf973ff3ecce3842bc807909b6a11c9ba3d11429,d3881a1328862a39dc4af32e15c4826237a09adca2da7038eafb5659ddb68bb4,3cbd5f76b124b82ce4f26fb66fcb37946580c4a15ad9e837f6f5beb2a7d3fb8d,SPHR,0.764252336448598,0.9383177570093458,0.6611004407779446,0.8706563706563707,0.6315548832239438,0.9013539651837524,0.6931106068624022,0.9844961240310077,0.5579485451072912,0.572463768115942,0.764252336448598,0.8777777777777778,Sphere Entertainment Co.,Communication Services,Entertainment,5548507648,157.3300018310547,103.0,67.0,2026-06-18,none,NOT_SELECTED,,
2026-06-22T160715Z,2026-06-22T16:07:15.765832+00:00,2026-06-22T17:23:48.252300+00:00,2026-06-18,data/prospective/daily_qvp/snapshots/2026-06-22T160715Z/raw,1070,1034,bf973ff3ecce3842bc807909b6a11c9ba3d11429,d3881a1328862a39dc4af32e15c4826237a09adca2da7038eafb5659ddb68bb4,3cbd5f76b124b82ce4f26fb66fcb37946580c4a15ad9e837f6f5beb2a7d3fb8d,DLB,0.3282710280373831,0.21869158878504674,0.5870821401248862,0.7171814671814671,0.6313094306830608,0.9003868471953579,0.6007042952345178,0.8701550387596899,0.8458932522123893,0.71976401179941,0.3282710280373831,0.5088888888888888,"Dolby Laboratories, Inc.",Industrials,Specialty Business Services,4962616832,52.33000183105469,104.0,837.0,2026-06-18,none,NOT_SELECTED,,
2026-06-22T160715Z,2026-06-22T16:07:15.765832+00:00,2026-06-22T17:23:48.252300+00:00,2026-06-18,data/prospective/daily_qvp/snapshots/2026-06-22T160715Z/raw,1070,1034,bf973ff3ecce3842bc807909b6a11c9ba3d11429,d3881a1328862a39dc4af32e15c4826237a09adca2da7038eafb5659ddb68bb4,3cbd5f76b124b82ce4f26fb66fcb37946580c4a15ad9e837f6f5beb2a7d3fb8d,BKE,0.43481308411214953,0.36542056074766355,0.6350761689898657,0.8243243243243243,0.6311421665718105,0.8994197292069632,0.6320392596593968,0.936046511627907,0.8353392538675819,0.6232741617357002,0.43481308411214953,0.6347305389221557,"The Buckle, Inc.",Consumer Cyclical,Apparel Retail,2332996608,45.16999816894531,105.0,680.0,2026-06-18,none,NOT_SELECTED,,
2026-06-22T160715Z,2026-06-22T16:07:15.765832+00:00,2026-06-22T17:23:48.252300+00:00,2026-06-18,data/prospective/daily_qvp/snapshots/2026-06-22T160715Z/raw,1070,1034,bf973ff3ecce3842bc807909b6a11c9ba3d11429,d3881a1328862a39dc4af32e15c4826237a09adca2da7038eafb5659ddb68bb4,3cbd5f76b124b82ce4f26fb66fcb37946580c4a15ad9e837f6f5beb2a7d3fb8d,TALO,0.6497663551401869,0.7205607476635514,0.5373831775700935,0.6081081081081081,0.6310378980252537,0.8984526112185687,0.49470699494751164,0.43507751937984496,0.425,0.8183473389355741,0.6497663551401869,0.0857142857142857,Talos Energy Inc.,Energy,Oil & Gas E&P,2325276672,13.770000457763672,106.0,300.0,2026-06-18,none,NOT_SELECTED,,
2026-06-22T160715Z,2026-06-22T16:07:15.765832+00:00,2026-06-22T17:23:48.252300+00:00,2026-06-18,data/prospective/daily_qvp/snapshots/2026-06-22T160715Z/raw,1070,1034,bf973ff3ecce3842bc807909b6a11c9ba3d11429,d3881a1328862a39dc4af32e15c4826237a09adca2da7038eafb5659ddb68bb4,3cbd5f76b124b82ce4f26fb66fcb37946580c4a15ad9e837f6f5beb2a7d3fb8d,DAL,0.5824766355140187,0.5995327102803738,0.5289565936735707,0.5801158301158301,0.6304155068934916,0.8974854932301741,0.561144963503452,0.7461240310077519,0.4754365518331226,0.8333333333333334,0.5824766355140187,0.3533333333333333,"Delta Air Lines, Inc.",Industrials,Airlines,56428126208,84.18000030517578,107.0,429.0,2026-06-18,none,NOT_SELECTED,,
2026-06-22T160715Z,2026-06-22T16:07:15.765832+00:00,2026-06-22T17:23:48.252300+00:00,2026-06-18,data/prospective/daily_qvp/snapshots/2026-06-22T160715Z/raw,1070,1034,bf973ff3ecce3842bc807909b6a11c9ba3d11429,d3881a1328862a39dc4af32e15c4826237a09adca2da7038eafb5659ddb68bb4,3cbd5f76b124b82ce4f26fb66fcb37946580c4a15ad9e837f6f5beb2a7d3fb8d,CART,0.39065420560747666,0.2953271028037383,0.6663836688770017,0.8841698841698842,0.6303175806977513,0.8965183752417795,0.6074687244454693,0.8943798449612403,0.9421131321465269,0.5581854043392506,0.39065420560747666,0.5389221556886228,Maplebear Inc.,Consumer Cyclical,Internet Retail,10545786880,44.54999923706055,108.0,755.0,2026-06-18,none,NOT_SELECTED,,
2026-06-22T160715Z,2026-06-22T16:07:15.765832+00:00,2026-06-22T17:23:48.252300+00:00,2026-06-18,data/prospective/daily_qvp/snapshots/2026-06-22T160715Z/raw,1070,1034,bf973ff3ecce3842bc807909b6a11c9ba3d11429,d3881a1328862a39dc4af32e15c4826237a09adca2da7038eafb5659ddb68bb4,3cbd5f76b124b82ce4f26fb66fcb37946580c4a15ad9e837f6f5beb2a7d3fb8d,EQT,0.46588785046728975,0.40654205607476634,0.6204439252336449,0.7886100386100386,0.6286619632276587,0.8955512572533849,0.7072107581350298,0.9874031007751938,0.775,0.6450980392156863,0.46588785046728975,0.9428571428571428,EQT Corporation,Energy,Oil & Gas E&P,31990073344,50.720001220703125,109.0,636.0,2026-06-18,none,NOT_SELECTED,,
2026-06-22T160715Z,2026-06-22T16:07:15.765832+00:00,2026-06-22T17:23:48.252300+00:00,2026-06-18,data/prospective/daily_qvp/snapshots/2026-06-22T160715Z/raw,1070,1034,bf973ff3ecce3842bc807909b6a11c9ba3d11429,d3881a1328862a39dc4af32e15c4826237a09adca2da7038eafb5659ddb68bb4,3cbd5f76b124b82ce4f26fb66fcb37946580c4a15ad9e837f6f5beb2a7d3fb8d,TOL,0.5077102803738318,0.4663551401869159,0.5661192425822942,0.6718146718146718,0.6285633872310626,0.8945841392649904,0.5208237380280873,0.5455426356589147,0.6245282047907565,0.7534516765285996,0.5077102803738318,0.19760479041916165,"Toll Brothers, Inc.",Consumer Cyclical,Residential Construction,14327702528,155.6699981689453,110.0,572.0,2026-06-18,none,NOT_SELECTED,,
2026-06-22T160715Z,2026-06-22T16:07:15.765832+00:00,2026-06-22T17:23:48.252300+00:00,2026-06-18,data/prospective/daily_qvp/snapshots/2026-06-22T160715Z/raw,1070,1034,bf973ff3ecce3842bc807909b6a11c9ba3d11429,d3881a1328862a39dc4af32e15c4826237a09adca2da7038eafb5659ddb68bb4,3cbd5f76b124b82ce4f26fb66fcb37946580c4a15ad9e837f6f5beb2a7d3fb8d,VMI,0.7563084112149534,0.9280373831775701,0.7186942656580456,0.943050193050193,0.6280970620611159,0.8936170212765957,0.556072796545837,0.7315891472868217,0.6810801201011378,0.4469026548672566,0.7563084112149534,0.33999999999999997,"Valmont Industries, Inc.",Industrials,Conglomerates,11310199808,570.3099975585938,111.0,78.0,2026-06-18,none,NOT_SELECTED,,
2026-06-22T160715Z,2026-06-22T16:07:15.765832+00:00,2026-06-22T17:23:48.252300+00:00,2026-06-18,data/prospective/daily_qvp/snapshots/2026-06-22T160715Z/raw,1070,1034,bf973ff3ecce3842bc807909b6a11c9ba3d11429,d3881a1328862a39dc4af32e15c4826237a09adca2da7038eafb5659ddb68bb4,3cbd5f76b124b82ce4f26fb66fcb37946580c4a15ad9e837f6f5beb2a7d3fb8d,UHS,0.29883177570093455,0.18785046728971963,0.4668604403422166,0.3832046332046332,0.6272576095787937,0.8926499032882012,0.5848957031583304,0.8333333333333334,0.6348891049834986,0.948051948051948,0.29883177570093455,0.4578099838969404,"Universal Health Services, Inc.",Healthcare,Medical Care Facilities,8628246528,141.1699981689453,112.0,870.0,2026-06-18,none,NOT_SELECTED,,
2026-06-22T160715Z,2026-06-22T16:07:15.765832+00:00,2026-06-22T17:23:48.252300+00:00,2026-06-18,data/prospective/daily_qvp/snapshots/2026-06-22T160715Z/raw,1070,1034,bf973ff3ecce3842bc807909b6a11c9ba3d11429,d3881a1328862a39dc4af32e15c4826237a09adca2da7038eafb5659ddb68bb4,3cbd5f76b124b82ce4f26fb66fcb37946580c4a15ad9e837f6f5beb2a7d3fb8d,EA,0.608177570093458,0.6448598130841121,0.7232762358949483,0.9459459459459459,0.6271116934951829,0.8916827852998066,0.5231115478991649,0.5562015503875969,0.8383749016964386,0.43478260869565216,0.608177570093458,0.21111111111111105,Electronic Arts Inc.,Communication Services,Electronic Gaming & Multimedia,50833596416,202.1499938964844,113.0,381.0,2026-06-18,none,NOT_SELECTED,,
2026-06-22T160715Z,2026-06-22T16:07:15.765832+00:00,2026-06-22T17:23:48.252300+00:00,2026-06-18,data/prospective/daily_qvp/snapshots/2026-06-22T160715Z/raw,1070,1034,bf973ff3ecce3842bc807909b6a11c9ba3d11429,d3881a1328862a39dc4af32e15c4826237a09adca2da7038eafb5659ddb68bb4,3cbd5f76b124b82ce4f26fb66fcb37946580c4a15ad9e837f6f5beb2a7d3fb8d,WSO,0.527803738317757,0.5074766355140187,0.6609516874268937,0.8696911196911197,0.6269668083337601,0.8907156673114119,0.53022510625032,0.5939922480620154,0.7940996365360304,0.5589970501474927,0.527803738317757,0.24000000000000002,"Watsco, Inc.",Industrials,Industrial Distribution,16447510528,401.0400085449219,114.0,528.0,2026-06-18,none,NOT_SELECTED,,
2026-06-22T160715Z,2026-06-22T16:07:15.765832+00:00,2026-06-22T17:23:48.252300+00:00,2026-06-18,data/prospective/daily_qvp/snapshots/2026-06-22T160715Z/raw,1070,1034,bf973ff3ecce3842bc807909b6a11c9ba3d11429,d3881a1328862a39dc4af32e15c4826237a09adca2da7038eafb5659ddb68bb4,3cbd5f76b124b82ce4f26fb66fcb37946580c4a15ad9e837f6f5beb2a7d3fb8d,REGN,0.41565420560747657,0.3406542056074766,0.5876166282096824,0.7191119691119691,0.6262321532941895,0.8897485493230174,0.5035710553893216,0.47093023255813954,0.7595790508118883,0.7034632034632035,0.41565420560747657,0.13558776167471814,"Regeneron Pharmaceuticals, Inc.",Healthcare,Biotechnology,63765716992,609.9400024414062,115.0,706.0,2026-06-18,none,NOT_SELECTED,,
2026-06-22T160715Z,2026-06-22T16:07:15.765832+00:00,2026-06-22T17:23:48.252300+00:00,2026-06-18,data/prospective/daily_qvp/snapshots/2026-06-22T160715Z/raw,1070,1034,bf973ff3ecce3842bc807909b6a11c9ba3d11429,d3881a1328862a39dc4af32e15c4826237a09adca2da7038eafb5659ddb68bb4,3cbd5f76b124b82ce4f26fb66fcb37946580c4a15ad9e837f6f5beb2a7d3fb8d,PBI,0.7719626168224298,0.9490654205607477,0.6647966924188002,0.8812741312741312,0.6260886504030939,0.8887814313346228,0.5940109322467649,0.8517441860465116,0.5576307680151706,0.5486725663716814,0.7719626168224298,0.49777777777777776,Pitney Bowes Inc.,Industrials,Integrated Freight & Logistics,2388509440,17.5,116.0,55.0,2026-06-18,none,NOT_SELECTED,,
2026-06-22T160715Z,2026-06-22T16:07:15.765832+00:00,2026-06-22T17:23:48.252300+00:00,2026-06-18,data/prospective/daily_qvp/snapshots/2026-06-22T160715Z/raw,1070,1034,bf973ff3ecce3842bc807909b6a11c9ba3d11429,d3881a1328862a39dc4af32e15c4826237a09adca2da7038eafb5659ddb68bb4,3cbd5f76b124b82ce4f26fb66fcb37946580c4a15ad9e837f6f5beb2a7d3fb8d,XOM,0.7179906542056075,0.841588785046729,0.6822096128170894,0.9034749034749034,0.625161217134829,0.8878143133462283,0.5688709128511217,0.7722868217054264,0.6464285714285714,0.5110644257703081,0.7179906542056075,0.4,Exxon Mobil Corporation,Energy,Oil & Gas Integrated,573702144000,137.80999755859375,117.0,170.0,2026-06-18,none,NOT_SELECTED,,
2026-06-22T160715Z,2026-06-22T16:07:15.765832+00:00,2026-06-22T17:23:48.252300+00:00,2026-06-18,data/prospective/daily_qvp/snapshots/2026-06-22T160715Z/raw,1070,1034,bf973ff3ecce3842bc807909b6a11c9ba3d11429,d3881a1328862a39dc4af32e15c4826237a09adca2da7038eafb5659ddb68bb4,3cbd5f76b124b82ce4f26fb66fcb37946580c4a15ad9e837f6f5beb2a7d3fb8d,RHI,0.35046728971962615,0.23925233644859814,0.49242262637055895,0.4623552123552124,0.6249877489471376,0.8868471953578336,0.48929636726590875,0.4127906976744186,0.6343779630214917,0.890117994100295,0.35046728971962615,0.0822222222222222,Robert Half Inc.,Industrials,Staffing & Employment Services,3068807680,31.59000015258789,118.0,815.0,2026-06-18,none,NOT_SELECTED,,
2026-06-22T160715Z,2026-06-22T16:07:15.765832+00:00,2026-06-22T17:23:48.252300+00:00,2026-06-18,data/prospective/daily_qvp/snapshots/2026-06-22T160715Z/raw,1070,1034,bf973ff3ecce3842bc807909b6a11c9ba3d11429,d3881a1328862a39dc4af32e15c4826237a09adca2da7038eafb5659ddb68bb4,3cbd5f76b124b82ce4f26fb66fcb37946580c4a15ad9e837f6f5beb2a7d3fb8d,FELE,0.5499999999999999,0.5429906542056074,0.6277279551201012,0.805984555984556,0.624974978929625,0.8858800773694391,0.607064567530552,0.8924418604651163,0.7054559102402023,0.6194690265486726,0.5499999999999999,0.5533333333333332,"Franklin Electric Co., Inc.",Industrials,Specialty Industrial Machinery,4618810368,104.1999969482422,119.0,490.0,2026-06-18,none,NOT_SELECTED,,
2026-06-22T160715Z,2026-06-22T16:07:15.765832+00:00,2026-06-22T17:23:48.252300+00:00,2026-06-18,data/prospective/daily_qvp/snapshots/2026-06-22T160715Z/raw,1070,1034,bf973ff3ecce3842bc807909b6a11c9ba3d11429,d3881a1328862a39dc4af32e15c4826237a09adca2da7038eafb5659ddb68bb4,3cbd5f76b124b82ce4f26fb66fcb37946580c4a15ad9e837f6f5beb2a7d3fb8d,KRYS,0.7457943925233644,0.902803738317757,0.7890229898045238,0.9922779922779923,0.624860925381948,0.8849129593810445,0.6608155813150439,0.9689922480620154,0.8322515870856833,0.2965367965367965,0.7457943925233644,0.7686795491143317,"Krystal Biotech, Inc.",Healthcare,Biotechnology,10256596992,348.05999755859375,120.0,105.0,2026-06-18,none,NOT_SELECTED,,
2026-06-22T160715Z,2026-06-22T16:07:15.765832+00:00,2026-06-22T17:23:48.252300+00:00,2026-06-18,data/prospective/daily_qvp/snapshots/2026-06-22T160715Z/raw,1070,1034,bf973ff3ecce3842bc807909b6a11c9ba3d11429,d3881a1328862a39dc4af32e15c4826237a09adca2da7038eafb5659ddb68bb4,3cbd5f76b124b82ce4f26fb66fcb37946580c4a15ad9e837f6f5beb2a7d3fb8d,ACAD,0.2983644859813084,0.18691588785046728,0.5844575154870366,0.7142857142857143,0.6248475788672595,0.8839458413926499,0.5994529144241967,0.8662790697674418,0.8705505449927647,0.7056277056277055,0.2983644859813084,0.5232689210950081,ACADIA Pharmaceuticals Inc.,Healthcare,Biotechnology,3809998080,21.6200008392334,121.0,871.0,2026-06-18,none,NOT_SELECTED,,
2026-06-22T160715Z,2026-06-22T16:07:15.765832+00:00,2026-06-22T17:23:48.252300+00:00,2026-06-18,data/prospective/daily_qvp/snapshots/2026-06-22T160715Z/raw,1070,1034,bf973ff3ecce3842bc807909b6a11c9ba3d11429,d3881a1328862a39dc4af32e15c4826237a09adca2da7038eafb5659ddb68bb4,3cbd5f76b124b82ce4f26fb66fcb37946580c4a15ad9e837f6f5beb2a7d3fb8d,DAN,0.6457943925233645,0.7149532710280374,0.5619701914378556,0.6573359073359073,0.6238249665469991,0.8829787234042553,0.5988567488623451,0.8653100775193798,0.47814599035234684,0.747534516765286,0.6457943925233645,0.5239520958083832,Dana Incorporated,Consumer Cyclical,Auto Parts,3165923584,29.18000030517578,122.0,306.0,2026-06-18,none,NOT_SELECTED,,
2026-06-22T160715Z,2026-06-22T16:07:15.765832+00:00,2026-06-22T17:23:48.252300+00:00,2026-06-18,data/prospective/daily_qvp/snapshots/2026-06-22T160715Z/raw,1070,1034,bf973ff3ecce3842bc807909b6a11c9ba3d11429,d3881a1328862a39dc4af32e15c4826237a09adca2da7038eafb5659ddb68bb4,3cbd5f76b124b82ce4f26fb66fcb37946580c4a15ad9e837f6f5beb2a7d3fb8d,OSK,0.40443925233644856,0.31962616822429907,0.4769312254096908,0.4092664092664093,0.6232638847864016,0.8820116054158608,0.5152256913675789,0.5174418604651163,0.549423198482933,0.9159292035398231,0.40443925233644856,0.19111111111111106,Oshkosh Corporation,Industrials,Farm & Heavy Construction Machinery,8794028032,139.5399932861328,123.0,729.0,2026-06-18,none,NOT_SELECTED,,
2026-06-22T160715Z,2026-06-22T16:07:15.765832+00:00,2026-06-22T17:23:48.252300+00:00,2026-06-18,data/prospective/daily_qvp/snapshots/2026-06-22T160715Z/raw,1070,1034,bf973ff3ecce3842bc807909b6a11c9ba3d11429,d3881a1328862a39dc4af32e15c4826237a09adca2da7038eafb5659ddb68bb4,3cbd5f76b124b82ce4f26fb66fcb37946580c4a15ad9e837f6f5beb2a7d3fb8d,OPLN,0.7203271028037384,0.8457943925233645,0.6547065185107621,0.8581081081081081,0.6231902759828486,0.8810444874274661,0.6635004914182743,0.9728682170542635,0.5890859342177859,0.5601577909270217,0.7203271028037384,0.7844311377245509,"OPENLANE, Inc.",Consumer Cyclical,Auto & Truck Dealerships,4079984384,38.06999969482422,124.0,166.0,2026-06-18,none,NOT_SELECTED,,
2026-06-22T160715Z,2026-06-22T16:07:15.765832+00:00,2026-06-22T17:23:48.252300+00:00,2026-06-18,data/prospective/daily_qvp/snapshots/2026-06-22T160715Z/raw,1070,1034,bf973ff3ecce3842bc807909b6a11c9ba3d11429,d3881a1328862a39dc4af32e15c4826237a09adca2da7038eafb5659ddb68bb4,3cbd5f76b124b82ce4f26fb66fcb37946580c4a15ad9e837f6f5beb2a7d3fb8d,TKR,0.7740654205607477,0.955607476635514,0.621555861354963,0.7934362934362934,0.622826818091116,0.8800773694390716,0.5260090024572258,0.5726744186046512,0.4690463021491783,0.6253687315634219,0.7740654205607477,0.23555555555555552,The Timken Company,Industrials,Tools & Accessories,9914087424,142.36000061035156,125.0,48.0,2026-06-18,none,NOT_SELECTED,,
2026-06-22T160715Z,2026-06-22T16:07:15.765832+00:00,2026-06-22T17:23:48.252300+00:00,2026-06-18,data/prospective/daily_qvp/snapshots/2026-06-22T160715Z/raw,1070,1034,bf973ff3ecce3842bc807909b6a11c9ba3d11429,d3881a1328862a39dc4af32e15c4826237a09adca2da7038eafb5659ddb68bb4,3cbd5f76b124b82ce4f26fb66fcb37946580c4a15ad9e837f6f5beb2a7d3fb8d,ADEA,0.7317757009345793,0.8691588785046729,0.7180223713518106,0.9411196911196911,0.6228257250453512,0.879110251450677,0.6540562307209503,0.9602713178294574,0.7042690417690417,0.4324324324324324,0.7317757009345793,0.7477477477477477,Adeia Inc.,Technology,Software - Application,3455503360,31.809999465942383,126.0,141.0,2026-06-18,none,NOT_SELECTED,,
2026-06-22T160715Z,2026-06-22T16:07:15.765832+00:00,2026-06-22T17:23:48.252300+00:00,2026-06-18,data/prospective/daily_qvp/snapshots/2026-06-22T160715Z/raw,1070,1034,bf973ff3ecce3842bc807909b6a11c9ba3d11429,d3881a1328862a39dc4af32e15c4826237a09adca2da7038eafb5659ddb68bb4,3cbd5f76b124b82ce4f26fb66fcb37946580c4a15ad9e837f6f5beb2a7d3fb8d,PVH,0.44929906542056075,0.3841121495327103,0.46338455210513396,0.3754826254826255,0.6225325021923772,0.8781431334622823,0.558965244907756,0.7393410852713178,0.4774700387897071,0.9408284023668639,0.44929906542056075,0.3682634730538922,PVH Corp.,Consumer Cyclical,Apparel Manufacturing,3568766464,77.06999969482422,127.0,660.0,2026-06-18,none,NOT_SELECTED,,
2026-06-22T160715Z,2026-06-22T16:07:15.765832+00:00,2026-06-22T17:23:48.252300+00:00,2026-06-18,data/prospective/daily_qvp/snapshots/2026-06-22T160715Z/raw,1070,1034,bf973ff3ecce3842bc807909b6a11c9ba3d11429,d3881a1328862a39dc4af32e15c4826237a09adca2da7038eafb5659ddb68bb4,3cbd5f76b124b82ce4f26fb66fcb37946580c4a15ad9e837f6f5beb2a7d3fb8d,AYI,0.36985981308411214,0.2635514018691589,0.5797821505369992,0.6998069498069498,0.6220179921967409,0.8771760154738878,0.6020690497031111,0.877906976744186,0.7897044879898862,0.7064896755162242,0.36985981308411214,0.5422222222222222,Acuity Inc.,Industrials,Electrical Equipment & Parts,9653562368,317.6199951171875,128.0,789.0,2026-06-18,none,NOT_SELECTED,,
2026-06-22T160715Z,2026-06-22T16:07:15.765832+00:00,2026-06-22T17:23:48.252300+00:00,2026-06-18,data/prospective/daily_qvp/snapshots/2026-06-22T160715Z/raw,1070,1034,bf973ff3ecce3842bc807909b6a11c9ba3d11429,d3881a1328862a39dc4af32e15c4826237a09adca2da7038eafb5659ddb68bb4,3cbd5f76b124b82ce4f26fb66fcb37946580c4a15ad9e837f6f5beb2a7d3fb8d,GGG,0.4436915887850467,0.3775700934579439,0.6870944906630669,0.9102316602316602,0.62177980793467,0.8762088974854932,0.6046681892843359,0.8837209302325582,0.9304973925410872,0.49115044247787604,0.4436915887850467,0.5533333333333333,Graco Inc.,Industrials,Specialty Industrial Machinery,12578727936,76.02999877929688,129.0,667.0,2026-06-18,none,NOT_SELECTED,,
2026-06-22T160715Z,2026-06-22T16:07:15.765832+00:00,2026-06-22T17:23:48.252300+00:00,2026-06-18,data/prospective/daily_qvp/snapshots/2026-06-22T160715Z/raw,1070,1034,bf973ff3ecce3842bc807909b6a11c9ba3d11429,d3881a1328862a39dc4af32e15c4826237a09adca2da7038eafb5659ddb68bb4,3cbd5f76b124b82ce4f26fb66fcb37946580c4a15ad9e837f6f5beb2a7d3fb8d,NDSN,0.7219626168224299,0.8467289719626169,0.7124104724440847,0.9372586872586872,0.6199747299086426,0.8752417794970987,0.606092158542593,0.8885658914728682,0.7028583280657396,0.4351032448377581,0.7219626168224299,0.5644444444444444,Nordson Corporation,Industrials,Specialty Industrial Machinery,16491955200,295.9200134277344,130.0,165.0,2026-06-18,none,NOT_SELECTED,,
2026-06-22T160715Z,2026-06-22T16:07:15.765832+00:00,2026-06-22T17:23:48.252300+00:00,2026-06-18,data/prospective/daily_qvp/snapshots/2026-06-22T160715Z/raw,1070,1034,bf973ff3ecce3842bc807909b6a11c9ba3d11429,d3881a1328862a39dc4af32e15c4826237a09adca2da7038eafb5659ddb68bb4,3cbd5f76b124b82ce4f26fb66fcb37946580c4a15ad9e837f6f5beb2a7d3fb8d,PHM,0.44532710280373833,0.38037383177570094,0.5728578426587467,0.6843629343629344,0.6199065433635563,0.874274661508704,0.48738499734302654,0.40406976744186046,0.7003885825137552,0.7140039447731755,0.44532710280373833,0.0898203592814371,"PulteGroup, Inc.",Consumer Cyclical,Residential Construction,24108199936,126.95999908447266,131.0,664.0,2026-06-18,none,NOT_SELECTED,,
2026-06-22T160715Z,2026-06-22T16:07:15.765832+00:00,2026-06-22T17:23:48.252300+00:00,2026-06-18,data/prospective/daily_qvp/snapshots/2026-06-22T160715Z/raw,1070,1034,bf973ff3ecce3842bc807909b6a11c9ba3d11429,d3881a1328862a39dc4af32e15c4826237a09adca2da7038eafb5659ddb68bb4,3cbd5f76b124b82ce4f26fb66fcb37946580c4a15ad9e837f6f5beb2a7d3fb8d,TMHC,0.45046728971962624,0.385981308411215,0.49888614965580014,0.4864864864864865,0.6185868216640246,0.8733075435203095,0.5320538887031083,0.6065891472868217,0.547305009591974,0.8579881656804734,0.45046728971962624,0.27245508982035926,Taylor Morrison Home Corporation,Consumer Cyclical,Residential Construction,6607752192,71.58000183105469,132.0,658.0,2026-06-18,none,NOT_SELECTED,,
2026-06-22T160715Z,2026-06-22T16:07:15.765832+00:00,2026-06-22T17:23:48.252300+00:00,2026-06-18,data/prospective/daily_qvp/snapshots/2026-06-22T160715Z/raw,1070,1034,bf973ff3ecce3842bc807909b6a11c9ba3d11429,d3881a1328862a39dc4af32e15c4826237a09adca2da7038eafb5659ddb68bb4,3cbd5f76b124b82ce4f26fb66fcb37946580c4a15ad9e837f6f5beb2a7d3fb8d,CVX,0.7023364485981308,0.8172897196261683,0.667239652870494,0.8861003861003861,0.6181691056484899,0.8723404255319149,0.5707696863792245,0.7810077519379846,0.6321428571428571,0.5200280112044817,0.7023364485981308,0.42857142857142855,Chevron Corporation,Energy,Oil & Gas Integrated,347892285440,173.6300048828125,133.0,196.0,2026-06-18,none,NOT_SELECTED,,
2026-06-22T160715Z,2026-06-22T16:07:15.765832+00:00,2026-06-22T17:23:48.252300+00:00,2026-06-18,data/prospective/daily_qvp/snapshots/2026-06-22T160715Z/raw,1070,1034,bf973ff3ecce3842bc807909b6a11c9ba3d11429,d3881a1328862a39dc4af32e15c4826237a09adca2da7038eafb5659ddb68bb4,3cbd5f76b124b82ce4f26fb66fcb37946580c4a15ad9e837f6f5beb2a7d3fb8d,WS,0.5488317757009347,0.5401869158878505,0.5514992211838007,0.637065637065637,0.6176661474558671,0.8713733075435203,0.5194996105919003,0.5416666666666666,0.5541666666666667,0.75,0.5488317757009347,0.22499999999999995,"Worthington Steel, Inc.",Basic Materials,Steel,2066801792,40.72999954223633,134.0,493.0,2026-06-18,none,NOT_SELECTED,,
2026-06-22T160715Z,2026-06-22T16:07:15.765832+00:00,2026-06-22T17:23:48.252300+00:00,2026-06-18,data/prospective/daily_qvp/snapshots/2026-06-22T160715Z/raw,1070,1034,bf973ff3ecce3842bc807909b6a11c9ba3d11429,d3881a1328862a39dc4af32e15c4826237a09adca2da7038eafb5659ddb68bb4,3cbd5f76b124b82ce4f26fb66fcb37946580c4a15ad9e837f6f5beb2a7d3fb8d,COLM,0.5044392523364486,0.45981308411214955,0.5881540284962816,0.721042471042471,0.6176122188660287,0.8704061895551257,0.5373109605567071,0.6356589147286822,0.6718688046561146,0.6765285996055227,0.5044392523364486,0.29640718562874246,Columbia Sportswear Company,Consumer Cyclical,Apparel Manufacturing,3368644096,66.45999908447266,135.0,579.0,2026-06-18,none,NOT_SELECTED,,
2026-06-22T160715Z,2026-06-22T16:07:15.765832+00:00,2026-06-22T17:23:48.252300+00:00,2026-06-18,data/prospective/daily_qvp/snapshots/2026-06-22T160715Z/raw,1070,1034,bf973ff3ecce3842bc807909b6a11c9ba3d11429,d3881a1328862a39dc4af32e15c4826237a09adca2da7038eafb5659ddb68bb4,3cbd5f76b124b82ce4f26fb66fcb37946580c4a15ad9e837f6f5beb2a7d3fb8d,TXT,0.5478971962616822,0.5364485981308411,0.49657521791592324,0.47876447876447875,0.6171858384926215,0.8694390715667312,0.6184449344250217,0.9127906976744186,0.44525323957016427,0.8584070796460178,0.5478971962616822,0.6222222222222222,Textron Inc.,Industrials,Aerospace & Defense,15135296512,89.47000122070312,136.0,497.0,2026-06-18,none,NOT_SELECTED,,
2026-06-22T160715Z,2026-06-22T16:07:15.765832+00:00,2026-06-22T17:23:48.252300+00:00,2026-06-18,data/prospective/daily_qvp/snapshots/2026-06-22T160715Z/raw,1070,1034,bf973ff3ecce3842bc807909b6a11c9ba3d11429,d3881a1328862a39dc4af32e15c4826237a09adca2da7038eafb5659ddb68bb4,3cbd5f76b124b82ce4f26fb66fcb37946580c4a15ad9e837f6f5beb2a7d3fb8d,QRVO,0.5782710280373832,0.5934579439252337,0.526041738424916,0.5733590733590733,0.616460258049043,0.8684719535783365,0.5732686169602057,0.7897286821705426,0.47381244881244877,0.7972972972972974,0.5782710280373832,0.4436936936936937,"Qorvo, Inc.",Technology,Semiconductors,9064968192,98.41999816894533,137.0,436.0,2026-06-18,none,NOT_SELECTED,,
2026-06-22T160715Z,2026-06-22T16:07:15.765832+00:00,2026-06-22T17:23:48.252300+00:00,2026-06-18,data/prospective/daily_qvp/snapshots/2026-06-22T160715Z/raw,1070,1034,bf973ff3ecce3842bc807909b6a11c9ba3d11429,d3881a1328862a39dc4af32e15c4826237a09adca2da7038eafb5659ddb68bb4,3cbd5f76b124b82ce4f26fb66fcb37946580c4a15ad9e837f6f5beb2a7d3fb8d,CTVA,0.6383177570093458,0.702803738317757,0.6483255451713396,0.8484555984555985,0.6155503634475598,0.867504835589942,0.6304127725856697,0.9292635658914729,0.6583333333333333,0.5499999999999999,0.6383177570093458,0.675,"Corteva, Inc.",Basic Materials,Agricultural Inputs,52629446656,78.58999633789062,138.0,319.0,2026-06-18,none,NOT_SELECTED,,
2026-06-22T160715Z,2026-06-22T16:07:15.765832+00:00,2026-06-22T17:23:48.252300+00:00,2026-06-18,data/prospective/daily_qvp/snapshots/2026-06-22T160715Z/raw,1070,1034,bf973ff3ecce3842bc807909b6a11c9ba3d11429,d3881a1328862a39dc4af32e15c4826237a09adca2da7038eafb5659ddb68bb4,3cbd5f76b124b82ce4f26fb66fcb37946580c4a15ad9e837f6f5beb2a7d3fb8d,GPOR,0.3392523364485981,0.22710280373831776,0.5901618825100132,0.7287644787644788,0.6154767358656857,0.8665377176015474,0.6866075518992643,0.9806201550387597,0.8410714285714285,0.6661064425770308,0.3392523364485981,0.8999999999999999,Gulfport Energy Corporation,Energy,Oil & Gas E&P,2883048960,160.7100067138672,139.0,828.0,2026-06-18,none,NOT_SELECTED,,
2026-06-22T160715Z,2026-06-22T16:07:15.765832+00:00,2026-06-22T17:23:48.252300+00:00,2026-06-18,data/prospective/daily_qvp/snapshots/2026-06-22T160715Z/raw,1070,1034,bf973ff3ecce3842bc807909b6a11c9ba3d11429,d3881a1328862a39dc4af32e15c4826237a09adca2da7038eafb5659ddb68bb4,3cbd5f76b124b82ce4f26fb66fcb37946580c4a15ad9e837f6f5beb2a7d3fb8d,LEN,0.22827102803738314,0.1130841121495327,0.46041917239930985,0.36776061776061775,0.6152958848211048,0.8655705996131529,0.47943598547211597,0.37693798449612403,0.6925673167612366,0.9250493096646943,0.22827102803738314,0.07185628742514966,Lennar Corporation,Consumer Cyclical,Residential Construction,21647157248,89.7300033569336,140.0,950.0,2026-06-18,none,NOT_SELECTED,,
2026-06-22T160715Z,2026-06-22T16:07:15.765832+00:00,2026-06-22T17:23:48.252300+00:00,2026-06-18,data/prospective/daily_qvp/snapshots/2026-06-22T160715Z/raw,1070,1034,bf973ff3ecce3842bc807909b6a11c9ba3d11429,d3881a1328862a39dc4af32e15c4826237a09adca2da7038eafb5659ddb68bb4,3cbd5f76b124b82ce4f26fb66fcb37946580c4a15ad9e837f6f5beb2a7d3fb8d,GEF,0.505607476635514,0.4616822429906542,0.488022069617963,0.44787644787644787,0.6139739504224947,0.8646034816247582,0.5390732771881286,0.6395348837209303,0.47043666260041206,0.8658777120315583,0.505607476635514,0.3143712574850299,"Greif, Inc.",Consumer Cyclical,Packaging & Containers,3972300800,68.91000366210938,141.0,577.0,2026-06-18,none,NOT_SELECTED,,
2026-06-22T160715Z,2026-06-22T16:07:15.765832+00:00,2026-06-22T17:23:48.252300+00:00,2026-06-18,data/prospective/daily_qvp/snapshots/2026-06-22T160715Z/raw,1070,1034,bf973ff3ecce3842bc807909b6a11c9ba3d11429,d3881a1328862a39dc4af32e15c4826237a09adca2da7038eafb5659ddb68bb4,3cbd5f76b124b82ce4f26fb66fcb37946580c4a15ad9e837f6f5beb2a7d3fb8d,ARCB,0.7193925233644859,0.8439252336448598,0.5274180932245944,0.5762548262548263,0.613165651136947,0.8636363636363636,0.49820757168604357,0.45542635658914726,0.33544366308470286,0.784660766961652,0.7193925233644859,0.15333333333333332,ArcBest Corporation,Industrials,Trucking,3250957312,144.52999877929688,142.0,168.0,2026-06-18,none,NOT_SELECTED,,
2026-06-22T160715Z,2026-06-22T16:07:15.765832+00:00,2026-06-22T17:23:48.252300+00:00,2026-06-18,data/prospective/daily_qvp/snapshots/2026-06-22T160715Z/raw,1070,1034,bf973ff3ecce3842bc807909b6a11c9ba3d11429,d3881a1328862a39dc4af32e15c4826237a09adca2da7038eafb5659ddb68bb4,3cbd5f76b124b82ce4f26fb66fcb37946580c4a15ad9e837f6f5beb2a7d3fb8d,GRBK,0.4822429906542056,0.42990654205607476,0.5897969255317822,0.7268339768339769,0.612132861597125,0.8626692456479691,0.49727329889245453,0.4476744186046512,0.6973508604093588,0.6568047337278107,0.4822429906542056,0.15269461077844304,"Green Brick Partners, Inc.",Consumer Cyclical,Residential Construction,3216857600,74.61000061035156,143.0,611.0,2026-06-18,none,NOT_SELECTED,,
2026-06-22T160715Z,2026-06-22T16:07:15.765832+00:00,2026-06-22T17:23:48.252300+00:00,2026-06-18,data/prospective/daily_qvp/snapshots/2026-06-22T160715Z/raw,1070,1034,bf973ff3ecce3842bc807909b6a11c9ba3d11429,d3881a1328862a39dc4af32e15c4826237a09adca2da7038eafb5659ddb68bb4,3cbd5f76b124b82ce4f26fb66fcb37946580c4a15ad9e837f6f5beb2a7d3fb8d,NVDA,0.6679906542056074,0.7532710280373832,0.8013632632207399,0.9942084942084942,0.6113192525575704,0.8617021276595744,0.5944691691479075,0.8527131782945736,0.9347358722358723,0.23123123123123115,0.6679906542056074,0.543918918918919,NVIDIA Corporation,Technology,Semiconductors,5083624374272,210.69000244140625,144.0,265.0,2026-06-18,none,NOT_SELECTED,,
2026-06-22T160715Z,2026-06-22T16:07:15.765832+00:00,2026-06-22T17:23:48.252300+00:00,2026-06-18,data/prospective/daily_qvp/snapshots/2026-06-22T160715Z/raw,1070,1034,bf973ff3ecce3842bc807909b6a11c9ba3d11429,d3881a1328862a39dc4af32e15c4826237a09adca2da7038eafb5659ddb68bb4,3cbd5f76b124b82ce4f26fb66fcb37946580c4a15ad9e837f6f5beb2a7d3fb8d,POWL,0.7757009345794392,0.9579439252336449,0.8342197782884554,1.0,0.6112104323299633,0.8607350096711799,0.6495189353585836,0.9534883720930233,0.8927386219974716,0.1651917404129793,0.7757009345794392,0.7644444444444445,"Powell Industries, Inc.",Industrials,Electrical Equipment & Parts,10923483136,297.20001220703125,145.0,46.0,2026-06-18,none,NOT_SELECTED,,
2026-06-22T160715Z,2026-06-22T16:07:15.765832+00:00,2026-06-22T17:23:48.252300+00:00,2026-06-18,data/prospective/daily_qvp/snapshots/2026-06-22T160715Z/raw,1070,1034,bf973ff3ecce3842bc807909b6a11c9ba3d11429,d3881a1328862a39dc4af32e15c4826237a09adca2da7038eafb5659ddb68bb4,3cbd5f76b124b82ce4f26fb66fcb37946580c4a15ad9e837f6f5beb2a7d3fb8d,CRGY,0.586214953271028,0.608411214953271,0.5198931909212283,0.5540540540540541,0.6110679162630784,0.8597678916827853,0.6083009371973088,0.8963178294573644,0.45357142857142857,0.7934173669467787,0.586214953271028,0.6,Crescent Energy Company,Energy,Oil & Gas E&P,3429663232,10.4399995803833,146.0,420.0,2026-06-18,none,NOT_SELECTED,,
2026-06-22T160715Z,2026-06-22T16:07:15.765832+00:00,2026-06-22T17:23:48.252300+00:00,2026-06-18,data/prospective/daily_qvp/snapshots/2026-06-22T160715Z/raw,1070,1034,bf973ff3ecce3842bc807909b6a11c9ba3d11429,d3881a1328862a39dc4af32e15c4826237a09adca2da7038eafb5659ddb68bb4,3cbd5f76b124b82ce4f26fb66fcb37946580c4a15ad9e837f6f5beb2a7d3fb8d,THC,0.3831775700934579,0.28317757009345795,0.4959797625855898,0.4777992277992278,0.6109562053600902,0.8588007736943907,0.5521382490281191,0.7112403100775194,0.6087819550777217,0.8409090909090909,0.3831775700934579,0.3756843800322061,Tenet Healthcare Corporation,Healthcare,Medical Care Facilities,15288025088,172.57000732421875,147.0,768.0,2026-06-18,none,NOT_SELECTED,,
2026-06-22T160715Z,2026-06-22T16:07:15.765832+00:00,2026-06-22T17:23:48.252300+00:00,2026-06-18,data/prospective/daily_qvp/snapshots/2026-06-22T160715Z/raw,1070,1034,bf973ff3ecce3842bc807909b6a11c9ba3d11429,d3881a1328862a39dc4af32e15c4826237a09adca2da7038eafb5659ddb68bb4,3cbd5f76b124b82ce4f26fb66fcb37946580c4a15ad9e837f6f5beb2a7d3fb8d,DECK,0.35490654205607475,0.24485981308411214,0.6588605167647972,0.8677606177606177,0.6108379776459594,0.8578336557059961,0.6048350700608168,0.8846899224806202,0.9628144914735195,0.514792899408284,0.35490654205607475,0.5868263473053892,Deckers Outdoor Corporation,Consumer Cyclical,Footwear & Accessories,14611665920,109.11000061035156,148.0,809.0,2026-06-18,none,NOT_SELECTED,,
2026-06-22T160715Z,2026-06-22T16:07:15.765832+00:00,2026-06-22T17:23:48.252300+00:00,2026-06-18,data/prospective/daily_qvp/snapshots/2026-06-22T160715Z/raw,1070,1034,bf973ff3ecce3842bc807909b6a11c9ba3d11429,d3881a1328862a39dc4af32e15c4826237a09adca2da7038eafb5659ddb68bb4,3cbd5f76b124b82ce4f26fb66fcb37946580c4a15ad9e837f6f5beb2a7d3fb8d,AGX,0.738785046728972,0.8869158878504673,0.7694004247551308,0.9835907335907336,0.6107703913313458,0.8568665377176016,0.6541889046096205,0.9631782945736435,0.8000158027812896,0.29351032448377573,0.738785046728972,0.7844444444444445,"Argan, Inc.",Industrials,Engineering & Construction,10689816576,738.8499755859375,149.0,122.0,2026-06-18,none,NOT_SELECTED,,
2026-06-22T160715Z,2026-06-22T16:07:15.765832+00:00,2026-06-22T17:23:48.252300+00:00,2026-06-18,data/prospective/daily_qvp/snapshots/2026-06-22T160715Z/raw,1070,1034,bf973ff3ecce3842bc807909b6a11c9ba3d11429,d3881a1328862a39dc4af32e15c4826237a09adca2da7038eafb5659ddb68bb4,3cbd5f76b124b82ce4f26fb66fcb37946580c4a15ad9e837f6f5beb2a7d3fb8d,UNH,0.6210280373831776,0.6663551401869159,0.547589638533227,0.6322393822393823,0.6103700043323966,0.8558994197292069,0.5367630104956742,0.6327519379844961,0.47415123968327627,0.735930735930736,0.6210280373831776,0.31594202898550716,UnitedHealth Group Incorporated,Healthcare,Healthcare Plans,369996201984,400.9599914550781,150.0,358.0,2026-06-18,none,NOT_SELECTED,,
2026-06-22T160715Z,2026-06-22T16:07:15.765832+00:00,2026-06-22T17:23:48.252300+00:00,2026-06-18,data/prospective/daily_qvp/snapshots/2026-06-22T160715Z/raw,1070,1034,bf973ff3ecce3842bc807909b6a11c9ba3d11429,d3881a1328862a39dc4af32e15c4826237a09adca2da7038eafb5659ddb68bb4,3cbd5f76b124b82ce4f26fb66fcb37946580c4a15ad9e837f6f5beb2a7d3fb8d,GOOGL,0.7876168224299065,0.9700934579439252,0.7882942835888438,0.9913127413127413,0.6100705851944949,0.8549323017408124,0.5797751611180935,0.814922480620155,0.7889717447477811,0.25362318840579706,0.7876168224299065,0.4888888888888889,Alphabet Inc.,Communication Services,Internet Content & Information,4219344519168,368.0299987792969,151.0,33.0,2026-06-18,none,NOT_SELECTED,,
2026-06-22T160715Z,2026-06-22T16:07:15.765832+00:00,2026-06-22T17:23:48.252300+00:00,2026-06-18,data/prospective/daily_qvp/snapshots/2026-06-22T160715Z/raw,1070,1034,bf973ff3ecce3842bc807909b6a11c9ba3d11429,d3881a1328862a39dc4af32e15c4826237a09adca2da7038eafb5659ddb68bb4,3cbd5f76b124b82ce4f26fb66fcb37946580c4a15ad9e837f6f5beb2a7d3fb8d,ROST,0.7829439252336448,0.9644859813084112,0.7716903403161997,0.9864864864864865,0.6097922452864079,0.8539651837524178,0.6003082558210934,0.8691860465116279,0.7604367553987544,0.2859960552268244,0.7829439252336448,0.5718562874251497,"Ross Stores, Inc.",Consumer Cyclical,Apparel Retail,76756500480,232.8000030517578,152.0,39.0,2026-06-18,none,NOT_SELECTED,,
2026-06-22T160715Z,2026-06-22T16:07:15.765832+00:00,2026-06-22T17:23:48.252300+00:00,2026-06-18,data/prospective/daily_qvp/snapshots/2026-06-22T160715Z/raw,1070,1034,bf973ff3ecce3842bc807909b6a11c9ba3d11429,d3881a1328862a39dc4af32e15c4826237a09adca2da7038eafb5659ddb68bb4,3cbd5f76b124b82ce4f26fb66fcb37946580c4a15ad9e837f6f5beb2a7d3fb8d,VZ,0.6532710280373831,0.7261682242990655,0.5517956083901105,0.638030888030888,0.6094096326465471,0.8529980657640233,0.5403905578182436,0.6463178294573644,0.4503201887428379,0.7246376811594203,0.6532710280373831,0.3333333333333333,Verizon Communications Inc.,Communication Services,Telecom Services,190071865344,45.369998931884766,153.0,294.0,2026-06-18,none,NOT_SELECTED,,
2026-06-22T160715Z,2026-06-22T16:07:15.765832+00:00,2026-06-22T17:23:48.252300+00:00,2026-06-18,data/prospective/daily_qvp/snapshots/2026-06-22T160715Z/raw,1070,1034,bf973ff3ecce3842bc807909b6a11c9ba3d11429,d3881a1328862a39dc4af32e15c4826237a09adca2da7038eafb5659ddb68bb4,3cbd5f76b124b82ce4f26fb66fcb37946580c4a15ad9e837f6f5beb2a7d3fb8d,DBD,0.6135514018691589,0.6546728971962616,0.477312146471025,0.41023166023166024,0.6089988884381409,0.8520309477756286,0.5338888059682453,0.6172480620155039,0.34107289107289107,0.8723723723723724,0.6135514018691589,0.3085585585585585,"Diebold Nixdorf, Incorporated",Technology,Software - Application,2886969088,83.80999755859375,154.0,371.0,2026-06-18,none,NOT_SELECTED,,
2026-06-22T160715Z,2026-06-22T16:07:15.765832+00:00,2026-06-22T17:23:48.252300+00:00,2026-06-18,data/prospective/daily_qvp/snapshots/2026-06-22T160715Z/raw,1070,1034,bf973ff3ecce3842bc807909b6a11c9ba3d11429,d3881a1328862a39dc4af32e15c4826237a09adca2da7038eafb5659ddb68bb4,3cbd5f76b124b82ce4f26fb66fcb37946580c4a15ad9e837f6f5beb2a7d3fb8d,MSA,0.5126168224299065,0.4747663551401869,0.6410715670303768,0.834942084942085,0.6087969738904576,0.851063829787234,0.5382643970845099,0.6375968992248062,0.7695263116308471,0.5442477876106194,0.5126168224299065,0.32666666666666666,MSA Safety Incorporated,Industrials,Security & Protection Services,6350372352,164.38999938964844,155.0,563.0,2026-06-18,none,NOT_SELECTED,,
2026-06-22T160715Z,2026-06-22T16:07:15.765832+00:00,2026-06-22T17:23:48.252300+00:00,2026-06-18,data/prospective/daily_qvp/snapshots/2026-06-22T160715Z/raw,1070,1034,bf973ff3ecce3842bc807909b6a11c9ba3d11429,d3881a1328862a39dc4af32e15c4826237a09adca2da7038eafb5659ddb68bb4,3cbd5f76b124b82ce4f26fb66fcb37946580c4a15ad9e837f6f5beb2a7d3fb8d,FRSH,0.16471962616822428,0.06822429906542056,0.4825645632888623,0.42857142857142855,0.6084964956460284,0.8500967117988395,0.6528813807435303,0.9593023255813954,0.8004095004095004,0.8603603603603603,0.16471962616822428,0.786036036036036,Freshworks Inc.,Technology,Software - Application,2407741696,8.859999656677246,156.0,998.0,2026-06-18,none,NOT_SELECTED,,
2026-06-22T160715Z,2026-06-22T16:07:15.765832+00:00,2026-06-22T17:23:48.252300+00:00,2026-06-18,data/prospective/daily_qvp/snapshots/2026-06-22T160715Z/raw,1070,1034,bf973ff3ecce3842bc807909b6a11c9ba3d11429,d3881a1328862a39dc4af32e15c4826237a09adca2da7038eafb5659ddb68bb4,3cbd5f76b124b82ce4f26fb66fcb37946580c4a15ad9e837f6f5beb2a7d3fb8d,CHE,0.41565420560747657,0.3406542056074766,0.5923813762381605,0.7335907335907336,0.6084851310563205,0.8491295938104448,0.5057599835579408,0.4786821705426357,0.7691085468688443,0.6406926406926406,0.41565420560747657,0.19758454106280185,Chemed Corporation,Healthcare,Medical Care Facilities,5787708416,436.2699890136719,157.0,707.0,2026-06-18,none,NOT_SELECTED,,
2026-06-22T160715Z,2026-06-22T16:07:15.765832+00:00,2026-06-22T17:23:48.252300+00:00,2026-06-18,data/prospective/daily_qvp/snapshots/2026-06-22T160715Z/raw,1070,1034,bf973ff3ecce3842bc807909b6a11c9ba3d11429,d3881a1328862a39dc4af32e15c4826237a09adca2da7038eafb5659ddb68bb4,3cbd5f76b124b82ce4f26fb66fcb37946580c4a15ad9e837f6f5beb2a7d3fb8d,FIX,0.7719626168224298,0.9490654205607477,0.8260887673239836,0.999034749034749,0.608247968776461,0.8481624758220503,0.6861859765823457,0.9796511627906976,0.8802149178255373,0.1725663716814159,0.7719626168224298,0.9199999999999999,"Comfort Systems USA, Inc.",Industrials,Engineering & Construction,70820225024,1967.4100341796875,158.0,56.0,2026-06-18,none,NOT_SELECTED,,
2026-06-22T160715Z,2026-06-22T16:07:15.765832+00:00,2026-06-22T17:23:48.252300+00:00,2026-06-18,data/prospective/daily_qvp/snapshots/2026-06-22T160715Z/raw,1070,1034,bf973ff3ecce3842bc807909b6a11c9ba3d11429,d3881a1328862a39dc4af32e15c4826237a09adca2da7038eafb5659ddb68bb4,3cbd5f76b124b82ce4f26fb66fcb37946580c4a15ad9e837f6f5beb2a7d3fb8d,NUE,0.8198598130841122,0.9897196261682243,0.6620132398753894,0.8735521235521235,0.6080088265835929,0.8471953578336557,0.5830899532710281,0.8294573643410853,0.5041666666666667,0.5,0.8198598130841122,0.5083333333333333,Nucor Corporation,Basic Materials,Steel,55682662400,243.8300018310547,159.0,12.0,2026-06-18,none,NOT_SELECTED,,
2026-06-22T160715Z,2026-06-22T16:07:15.765832+00:00,2026-06-22T17:23:48.252300+00:00,2026-06-18,data/prospective/daily_qvp/snapshots/2026-06-22T160715Z/raw,1070,1034,bf973ff3ecce3842bc807909b6a11c9ba3d11429,d3881a1328862a39dc4af32e15c4826237a09adca2da7038eafb5659ddb68bb4,3cbd5f76b124b82ce4f26fb66fcb37946580c4a15ad9e837f6f5beb2a7d3fb8d,BHE,0.8242990654205608,0.9925233644859813,0.5530688611296088,0.640926640926641,0.6074513128251446,0.8462282398452611,0.4938767729071467,0.42926356589147285,0.28183865683865683,0.7162162162162162,0.8242990654205608,0.15315315315315314,"Benchmark Electronics, Inc.",Technology,Electronic Components,3334411776,92.16999816894533,160.0,9.0,2026-06-18,none,NOT_SELECTED,,
2026-06-22T160715Z,2026-06-22T16:07:15.765832+00:00,2026-06-22T17:23:48.252300+00:00,2026-06-18,data/prospective/daily_qvp/snapshots/2026-06-22T160715Z/raw,1070,1034,bf973ff3ecce3842bc807909b6a11c9ba3d11429,d3881a1328862a39dc4af32e15c4826237a09adca2da7038eafb5659ddb68bb4,3cbd5f76b124b82ce4f26fb66fcb37946580c4a15ad9e837f6f5beb2a7d3fb8d,HAL,0.719158878504673,0.8429906542056075,0.631008010680908,0.8166023166023166,0.6071799436285418,0.8452611218568665,0.5428849577214063,0.6589147286821705,0.5428571428571428,0.5595238095238095,0.719158878504673,0.35,Halliburton Company,Energy,Oil & Gas Equipment & Services,29059311616,34.93000030517578,161.0,169.0,2026-06-18,none,NOT_SELECTED,,
2026-06-22T160715Z,2026-06-22T16:07:15.765832+00:00,2026-06-22T17:23:48.252300+00:00,2026-06-18,data/prospective/daily_qvp/snapshots/2026-06-22T160715Z/raw,1070,1034,bf973ff3ecce3842bc807909b6a11c9ba3d11429,d3881a1328862a39dc4af32e15c4826237a09adca2da7038eafb5659ddb68bb4,3cbd5f76b124b82ce4f26fb66fcb37946580c4a15ad9e837f6f5beb2a7d3fb8d,DOV,0.6446261682242991,0.7102803738317757,0.6581518167290901,0.8638996138996139,0.6069094707397474,0.844294003868472,0.6129598808325883,0.9050387596899225,0.6716774652338812,0.504424778761062,0.6446261682242991,0.6311111111111111,Dover Corporation,Industrials,Specialty Industrial Machinery,30612578304,223.57000732421875,162.0,311.0,2026-06-18,none,NOT_SELECTED,,
2026-06-22T160715Z,2026-06-22T16:07:15.765832+00:00,2026-06-22T17:23:48.252300+00:00,2026-06-18,data/prospective/daily_qvp/snapshots/2026-06-22T160715Z/raw,1070,1034,bf973ff3ecce3842bc807909b6a11c9ba3d11429,d3881a1328862a39dc4af32e15c4826237a09adca2da7038eafb5659ddb68bb4,3cbd5f76b124b82ce4f26fb66fcb37946580c4a15ad9e837f6f5beb2a7d3fb8d,CALY,0.6635514018691588,0.7448598130841122,0.5559336825200138,0.6476833976833977,0.6066513833499632,0.8433268858800773,0.5171142860154664,0.5281007751937985,0.44831596317086875,0.7080867850098619,0.6635514018691588,0.248502994011976,Callaway Golf Company,Consumer Cyclical,Leisure,3215862784,18.219999313354492,163.0,274.0,2026-06-18,none,NOT_SELECTED,,
2026-06-22T160715Z,2026-06-22T16:07:15.765832+00:00,2026-06-22T17:23:48.252300+00:00,2026-06-18,data/prospective/daily_qvp/snapshots/2026-06-22T160715Z/raw,1070,1034,bf973ff3ecce3842bc807909b6a11c9ba3d11429,d3881a1328862a39dc4af32e15c4826237a09adca2da7038eafb5659ddb68bb4,3cbd5f76b124b82ce4f26fb66fcb37946580c4a15ad9e837f6f5beb2a7d3fb8d,GILD,0.5738317757009346,0.5869158878504673,0.6425744526838033,0.8378378378378378,0.606593646666547,0.8423597678916828,0.5526102913606188,0.7131782945736435,0.711317129666672,0.5346320346320347,0.5738317757009346,0.3906602254428341,"Gilead Sciences, Inc.",Healthcare,Drug Manufacturers - General,154637533184,123.76000213623048,164.0,443.0,2026-06-18,none,NOT_SELECTED,,
2026-06-22T160715Z,2026-06-22T16:07:15.765832+00:00,2026-06-22T17:23:48.252300+00:00,2026-06-18,data/prospective/daily_qvp/snapshots/2026-06-22T160715Z/raw,1070,1034,bf973ff3ecce3842bc807909b6a11c9ba3d11429,d3881a1328862a39dc4af32e15c4826237a09adca2da7038eafb5659ddb68bb4,3cbd5f76b124b82ce4f26fb66fcb37946580c4a15ad9e837f6f5beb2a7d3fb8d,BBY,0.39345794392523364,0.29906542056074764,0.5222556183739362,0.5617760617760618,0.6065530552473185,0.8413926499032882,0.5582082046091416,0.7374031007751938,0.6510532928226388,0.7751479289940829,0.39345794392523364,0.41317365269461076,"Best Buy Co., Inc.",Consumer Cyclical,Specialty Retail,16340774912,74.7300033569336,165.0,751.0,2026-06-18,none,NOT_SELECTED,,
2026-06-22T160715Z,2026-06-22T16:07:15.765832+00:00,2026-06-22T17:23:48.252300+00:00,2026-06-18,data/prospective/daily_qvp/snapshots/2026-06-22T160715Z/raw,1070,1034,bf973ff3ecce3842bc807909b6a11c9ba3d11429,d3881a1328862a39dc4af32e15c4826237a09adca2da7038eafb5659ddb68bb4,3cbd5f76b124b82ce4f26fb66fcb37946580c4a15ad9e837f6f5beb2a7d3fb8d,FCN,0.3997663551401869,0.308411214953271,0.5033459620201567,0.5048262548262549,0.6059671211894456,0.8404255319148937,0.5955864520031953,0.8556201550387597,0.6069255689001265,0.8112094395280236,0.3997663551401869,0.5644444444444444,"FTI Consulting, Inc.",Industrials,Consulting Services,4226647040,145.5800018310547,166.0,741.0,2026-06-18,none,NOT_SELECTED,,
2026-06-22T160715Z,2026-06-22T16:07:15.765832+00:00,2026-06-22T17:23:48.252300+00:00,2026-06-18,data/prospective/daily_qvp/snapshots/2026-06-22T160715Z/raw,1070,1034,bf973ff3ecce3842bc807909b6a11c9ba3d11429,d3881a1328862a39dc4af32e15c4826237a09adca2da7038eafb5659ddb68bb4,3cbd5f76b124b82ce4f26fb66fcb37946580c4a15ad9e837f6f5beb2a7d3fb8d,MRK,0.7021028037383177,0.8154205607476636,0.6550502229374879,0.859073359073359,0.6055313174561608,0.839458413926499,0.543580855241879,0.6627906976744186,0.6079976421366582,0.5064935064935064,0.7021028037383177,0.35772946859903376,"Merck & Co., Inc.",Healthcare,Drug Manufacturers - General,284993060864,113.87000274658205,167.0,198.0,2026-06-18,none,NOT_SELECTED,,
2026-06-22T160715Z,2026-06-22T16:07:15.765832+00:00,2026-06-22T17:23:48.252300+00:00,2026-06-18,data/prospective/daily_qvp/snapshots/2026-06-22T160715Z/raw,1070,1034,bf973ff3ecce3842bc807909b6a11c9ba3d11429,d3881a1328862a39dc4af32e15c4826237a09adca2da7038eafb5659ddb68bb4,3cbd5f76b124b82ce4f26fb66fcb37946580c4a15ad9e837f6f5beb2a7d3fb8d,KMT,0.6287383177570094,0.6831775700934579,0.5623394891566336,0.6583011583011583,0.6054731304308727,0.8384912959381045,0.49743818115648786,0.4486434108527132,0.49594066055625785,0.691740412979351,0.6287383177570094,0.17333333333333328,Kennametal Inc.,Industrials,Tools & Accessories,2706220544,36.31999969482422,168.0,340.0,2026-06-18,none,NOT_SELECTED,,
2026-06-22T160715Z,2026-06-22T16:07:15.765832+00:00,2026-06-22T17:23:48.252300+00:00,2026-06-18,data/prospective/daily_qvp/snapshots/2026-06-22T160715Z/raw,1070,1034,bf973ff3ecce3842bc807909b6a11c9ba3d11429,d3881a1328862a39dc4af32e15c4826237a09adca2da7038eafb5659ddb68bb4,3cbd5f76b124b82ce4f26fb66fcb37946580c4a15ad9e837f6f5beb2a7d3fb8d,SNDR,0.6626168224299066,0.7401869158878505,0.5128132310632466,0.5415057915057915,0.6049040026164024,0.8375241779497099,0.5836780019623018,0.8304263565891473,0.3630096396965866,0.7890855457227138,0.6626168224299066,0.52,"Schneider National, Inc.",Industrials,Trucking,6289589760,35.68000030517578,169.0,279.0,2026-06-18,none,NOT_SELECTED,,
2026-06-22T160715Z,2026-06-22T16:07:15.765832+00:00,2026-06-22T17:23:48.252300+00:00,2026-06-18,data/prospective/daily_qvp/snapshots/2026-06-22T160715Z/raw,1070,1034,bf973ff3ecce3842bc807909b6a11c9ba3d11429,d3881a1328862a39dc4af32e15c4826237a09adca2da7038eafb5659ddb68bb4,3cbd5f76b124b82ce4f26fb66fcb37946580c4a15ad9e837f6f5beb2a7d3fb8d,WOR,0.49509345794392523,0.44953271028037384,0.5589257191742382,0.6505791505791506,0.6046722100296298,0.8365570599613152,0.5746152686333335,0.7945736434108527,0.6227579804045511,0.696165191740413,0.49509345794392523,0.4844444444444444,"Worthington Enterprises, Inc.",Industrials,Metal Fabrication,3056528640,60.400001525878906,170.0,590.0,2026-06-18,none,NOT_SELECTED,,
2026-06-22T160715Z,2026-06-22T16:07:15.765832+00:00,2026-06-22T17:23:48.252300+00:00,2026-06-18,data/prospective/daily_qvp/snapshots/2026-06-22T160715Z/raw,1070,1034,bf973ff3ecce3842bc807909b6a11c9ba3d11429,d3881a1328862a39dc4af32e15c4826237a09adca2da7038eafb5659ddb68bb4,3cbd5f76b124b82ce4f26fb66fcb37946580c4a15ad9e837f6f5beb2a7d3fb8d,PFE,0.5588785046728971,0.5663551401869159,0.5203086756286408,0.555019305019305,0.6044482079948515,0.8355899419729207,0.5503369611491177,0.6986434108527132,0.4817388465843844,0.7727272727272728,0.5588785046728971,0.3880032206119163,Pfizer Inc.,Healthcare,Drug Manufacturers - General,142999060480,25.209999084472656,171.0,465.0,2026-06-18,none,NOT_SELECTED,,
2026-06-22T160715Z,2026-06-22T16:07:15.765832+00:00,2026-06-22T17:23:48.252300+00:00,2026-06-18,data/prospective/daily_qvp/snapshots/2026-06-22T160715Z/raw,1070,1034,bf973ff3ecce3842bc807909b6a11c9ba3d11429,d3881a1328862a39dc4af32e15c4826237a09adca2da7038eafb5659ddb68bb4,3cbd5f76b124b82ce4f26fb66fcb37946580c4a15ad9e837f6f5beb2a7d3fb8d,VVX,0.7081775700934578,0.8261682242990654,0.4837061602047567,0.4314671814671815,0.6041816879241151,0.8346228239845261,0.5825807103875308,0.8255813953488372,0.2592347503160556,0.8451327433628318,0.7081775700934578,0.5177777777777778,"V2X, Inc.",Industrials,Aerospace & Defense,2609102592,85.55000305175781,172.0,187.0,2026-06-18,none,NOT_SELECTED,,
2026-06-22T160715Z,2026-06-22T16:07:15.765832+00:00,2026-06-22T17:23:48.252300+00:00,2026-06-18,data/prospective/daily_qvp/snapshots/2026-06-22T160715Z/raw,1070,1034,bf973ff3ecce3842bc807909b6a11c9ba3d11429,d3881a1328862a39dc4af32e15c4826237a09adca2da7038eafb5659ddb68bb4,3cbd5f76b124b82ce4f26fb66fcb37946580c4a15ad9e837f6f5beb2a7d3fb8d,ROG,0.7815420560747663,0.9630841121495327,0.5832566955230507,0.7094594594594594,0.6040530122305823,0.8336557059961315,0.5048415609747385,0.4748062015503876,0.38497133497133496,0.6456456456456455,0.7815420560747663,0.20720720720720714,Rogers Corporation,Technology,Electronic Components,2948399616,162.67999267578125,173.0,41.0,2026-06-18,none,NOT_SELECTED,,
2026-06-22T160715Z,2026-06-22T16:07:15.765832+00:00,2026-06-22T17:23:48.252300+00:00,2026-06-18,data/prospective/daily_qvp/snapshots/2026-06-22T160715Z/raw,1070,1034,bf973ff3ecce3842bc807909b6a11c9ba3d11429,d3881a1328862a39dc4af32e15c4826237a09adca2da7038eafb5659ddb68bb4,3cbd5f76b124b82ce4f26fb66fcb37946580c4a15ad9e837f6f5beb2a7d3fb8d,PTEN,0.733177570093458,0.8714953271028038,0.5183744993324433,0.5511583011583011,0.603799619536288,0.8326885880077369,0.5260640003665018,0.5736434108527132,0.30357142857142855,0.7746498599439775,0.733177570093458,0.29285714285714287,"Patterson-UTI Energy, Inc.",Energy,Oil & Gas Drilling,3790482176,10.039999961853027,174.0,138.0,2026-06-18,none,NOT_SELECTED,,
2026-06-22T160715Z,2026-06-22T16:07:15.765832+00:00,2026-06-22T17:23:48.252300+00:00,2026-06-18,data/prospective/daily_qvp/snapshots/2026-06-22T160715Z/raw,1070,1034,bf973ff3ecce3842bc807909b6a11c9ba3d11429,d3881a1328862a39dc4af32e15c4826237a09adca2da7038eafb5659ddb68bb4,3cbd5f76b124b82ce4f26fb66fcb37946580c4a15ad9e837f6f5beb2a7d3fb8d,TGT,0.7476635514018691,0.9074766355140187,0.6257849007009346,0.8001930501930502,0.6029538226895119,0.8317214700193424,0.5283872420171339,0.5881782945736435,0.50390625,0.5572916666666666,0.7476635514018691,0.3046875,Target Corporation,Consumer Defensive,Discount Stores,59371859968,130.74000549316406,175.0,99.0,2026-06-18,none,NOT_SELECTED,,
2026-06-22T160715Z,2026-06-22T16:07:15.765832+00:00,2026-06-22T17:23:48.252300+00:00,2026-06-18,data/prospective/daily_qvp/snapshots/2026-06-22T160715Z/raw,1070,1034,bf973ff3ecce3842bc807909b6a11c9ba3d11429,d3881a1328862a39dc4af32e15c4826237a09adca2da7038eafb5659ddb68bb4,3cbd5f76b124b82ce4f26fb66fcb37946580c4a15ad9e837f6f5beb2a7d3fb8d,HPE,0.7299065420560746,0.8621495327102804,0.5055705928953591,0.5135135135135135,0.6028128276960053,0.8307543520309478,0.5303753865377697,0.5968992248062015,0.2812346437346437,0.7972972972972974,0.7299065420560746,0.31306306306306303,Hewlett Packard Enterprise Company,Technology,Communication Equipment,63793504256,47.40999984741211,176.0,148.0,2026-06-18,none,NOT_SELECTED,,
2026-06-22T160715Z,2026-06-22T16:07:15.765832+00:00,2026-06-22T17:23:48.252300+00:00,2026-06-18,data/prospective/daily_qvp/snapshots/2026-06-22T160715Z/raw,1070,1034,bf973ff3ecce3842bc807909b6a11c9ba3d11429,d3881a1328862a39dc4af32e15c4826237a09adca2da7038eafb5659ddb68bb4,3cbd5f76b124b82ce4f26fb66fcb37946580c4a15ad9e837f6f5beb2a7d3fb8d,ESE,0.8014018691588786,0.9813084112149533,0.6869468395753443,0.9092664092664092,0.6021087038610403,0.8297872340425532,0.5692617080759604,0.7751937984496124,0.57249180999181,0.43243243243243246,0.8014018691588786,0.4707207207207207,ESCO Technologies Inc.,Technology,Scientific & Technical Instruments,9083572224,343.5,177.0,21.0,2026-06-18,none,NOT_SELECTED,,
2026-06-22T160715Z,2026-06-22T16:07:15.765832+00:00,2026-06-22T17:23:48.252300+00:00,2026-06-18,data/prospective/daily_qvp/snapshots/2026-06-22T160715Z/raw,1070,1034,bf973ff3ecce3842bc807909b6a11c9ba3d11429,d3881a1328862a39dc4af32e15c4826237a09adca2da7038eafb5659ddb68bb4,3cbd5f76b124b82ce4f26fb66fcb37946580c4a15ad9e837f6f5beb2a7d3fb8d,ODFL,0.664252336448598,0.7476635514018691,0.790703127769179,0.9932432432432432,0.6018650153662767,0.8288201160541586,0.4841765393024853,0.38953488372093026,0.9171539190897599,0.22418879056047195,0.664252336448598,0.1311111111111111,"Old Dominion Freight Line, Inc.",Industrials,Trucking,45717667840,221.0399932861328,178.0,271.0,2026-06-18,none,NOT_SELECTED,,
2026-06-22T160715Z,2026-06-22T16:07:15.765832+00:00,2026-06-22T17:23:48.252300+00:00,2026-06-18,data/prospective/daily_qvp/snapshots/2026-06-22T160715Z/raw,1070,1034,bf973ff3ecce3842bc807909b6a11c9ba3d11429,d3881a1328862a39dc4af32e15c4826237a09adca2da7038eafb5659ddb68bb4,3cbd5f76b124b82ce4f26fb66fcb37946580c4a15ad9e837f6f5beb2a7d3fb8d,BMRN,0.3990654205607476,0.30700934579439254,0.5125382354569517,0.5376447876447876,0.6014324167115608,0.8278529980657641,0.5327570822599186,0.6104651162790697,0.6260110503531556,0.7792207792207791,0.3990654205607476,0.3267310789049919,BioMarin Pharmaceutical Inc.,Healthcare,Biotechnology,10719554560,54.689998626708984,179.0,742.0,2026-06-18,none,NOT_SELECTED,,
2026-06-22T160715Z,2026-06-22T16:07:15.765832+00:00,2026-06-22T17:23:48.252300+00:00,2026-06-18,data/prospective/daily_qvp/snapshots/2026-06-22T160715Z/raw,1070,1034,bf973ff3ecce3842bc807909b6a11c9ba3d11429,d3881a1328862a39dc4af32e15c4826237a09adca2da7038eafb5659ddb68bb4,3cbd5f76b124b82ce4f26fb66fcb37946580c4a15ad9e837f6f5beb2a7d3fb8d,LYFT,0.17172897196261677,0.07196261682242991,0.42048774560456803,0.2606177606177606,0.6013962348074497,0.8268858800773694,0.5242453743037855,0.562984496124031,0.6692465192465192,0.9632132132132133,0.17172897196261677,0.29279279279279274,"Lyft, Inc.",Technology,Software - Application,5456037888,14.279999732971191,180.0,994.0,2026-06-18,none,NOT_SELECTED,,
2026-06-22T160715Z,2026-06-22T16:07:15.765832+00:00,2026-06-22T17:23:48.252300+00:00,2026-06-18,data/prospective/daily_qvp/snapshots/2026-06-22T160715Z/raw,1070,1034,bf973ff3ecce3842bc807909b6a11c9ba3d11429,d3881a1328862a39dc4af32e15c4826237a09adca2da7038eafb5659ddb68bb4,3cbd5f76b124b82ce4f26fb66fcb37946580c4a15ad9e837f6f5beb2a7d3fb8d,T,0.4742990654205608,0.4163551401869159,0.49162374909046236,0.4594594594594595,0.6006960259636899,0.8259187620889749,0.5449664639172118,0.6734496124031008,0.508948432760364,0.8188405797101449,0.4742990654205608,0.37777777777777777,AT&T Inc.,Communication Services,Telecom Services,155086913536,22.010000228881836,181.0,625.0,2026-06-18,none,NOT_SELECTED,,
2026-06-22T160715Z,2026-06-22T16:07:15.765832+00:00,2026-06-22T17:23:48.252300+00:00,2026-06-18,data/prospective/daily_qvp/snapshots/2026-06-22T160715Z/raw,1070,1034,bf973ff3ecce3842bc807909b6a11c9ba3d11429,d3881a1328862a39dc4af32e15c4826237a09adca2da7038eafb5659ddb68bb4,3cbd5f76b124b82ce4f26fb66fcb37946580c4a15ad9e837f6f5beb2a7d3fb8d,KNX,0.7156542056074766,0.8364485981308412,0.5232723461665701,0.5646718146718147,0.6005689780736819,0.8249516441005803,0.5632045113330393,0.75,0.3308904867256637,0.7551622418879056,0.7156542056074766,0.4511111111111111,Knight-Swift Transportation Holdings Inc.,Industrials,Trucking,12411291648,74.1500015258789,182.0,176.0,2026-06-18,none,NOT_SELECTED,,
2026-06-22T160715Z,2026-06-22T16:07:15.765832+00:00,2026-06-22T17:23:48.252300+00:00,2026-06-18,data/prospective/daily_qvp/snapshots/2026-06-22T160715Z/raw,1070,1034,bf973ff3ecce3842bc807909b6a11c9ba3d11429,d3881a1328862a39dc4af32e15c4826237a09adca2da7038eafb5659ddb68bb4,3cbd5f76b124b82ce4f26fb66fcb37946580c4a15ad9e837f6f5beb2a7d3fb8d,IEX,0.6913551401869159,0.7953271028037383,0.6720790792590711,0.8938223938223938,0.6004617657204033,0.8239845261121856,0.5720129909569692,0.7829457364341085,0.6528030183312262,0.4572271386430679,0.6913551401869159,0.4866666666666667,IDEX Corporation,Industrials,Specialty Industrial Machinery,16729622528,224.92999267578125,183.0,220.0,2026-06-18,none,NOT_SELECTED,,
2026-06-22T160715Z,2026-06-22T16:07:15.765832+00:00,2026-06-22T17:23:48.252300+00:00,2026-06-18,data/prospective/daily_qvp/snapshots/2026-06-22T160715Z/raw,1070,1034,bf973ff3ecce3842bc807909b6a11c9ba3d11429,d3881a1328862a39dc4af32e15c4826237a09adca2da7038eafb5659ddb68bb4,3cbd5f76b124b82ce4f26fb66fcb37946580c4a15ad9e837f6f5beb2a7d3fb8d,NVST,0.5478971962616823,0.5373831775700935,0.493568449579926,0.46525096525096526,0.6003299043375553,0.8230174081237911,0.5814873638409281,0.8236434108527132,0.4392397028981697,0.8138528138528139,0.5478971962616823,0.5249597423510467,Envista Holdings Corporation,Healthcare,Medical Instruments & Supplies,4208957696,25.90999984741211,184.0,496.0,2026-06-18,none,NOT_SELECTED,,
2026-06-22T160715Z,2026-06-22T16:07:15.765832+00:00,2026-06-22T17:23:48.252300+00:00,2026-06-18,data/prospective/daily_qvp/snapshots/2026-06-22T160715Z/raw,1070,1034,bf973ff3ecce3842bc807909b6a11c9ba3d11429,d3881a1328862a39dc4af32e15c4826237a09adca2da7038eafb5659ddb68bb4,3cbd5f76b124b82ce4f26fb66fcb37946580c4a15ad9e837f6f5beb2a7d3fb8d,DCI,0.49205607476635516,0.4439252336448598,0.6413938717700296,0.8359073359073359,0.600162286194769,0.8220502901353965,0.5528994924238545,0.7141472868217055,0.7907316687737042,0.5176991150442477,0.49205607476635516,0.4111111111111111,"Donaldson Company, Inc.",Industrials,Specialty Industrial Machinery,9910394880,85.5199966430664,185.0,596.0,2026-06-18,none,NOT_SELECTED,,
2026-06-22T160715Z,2026-06-22T16:07:15.765832+00:00,2026-06-22T17:23:48.252300+00:00,2026-06-18,data/prospective/daily_qvp/snapshots/2026-06-22T160715Z/raw,1070,1034,bf973ff3ecce3842bc807909b6a11c9ba3d11429,d3881a1328862a39dc4af32e15c4826237a09adca2da7038eafb5659ddb68bb4,3cbd5f76b124b82ce4f26fb66fcb37946580c4a15ad9e837f6f5beb2a7d3fb8d,OXY,0.6623831775700935,0.7392523364485981,0.620477303070761,0.7895752895752896,0.5988522823459602,0.8210831721470019,0.5366392117594702,0.6317829457364341,0.5785714285714285,0.5556022408963585,0.6623831775700935,0.35,Occidental Petroleum Corporation,Energy,Oil & Gas E&P,51596673024,51.81999969482422,186.0,280.0,2026-06-18,none,NOT_SELECTED,,
2026-06-22T160715Z,2026-06-22T16:07:15.765832+00:00,2026-06-22T17:23:48.252300+00:00,2026-06-18,data/prospective/daily_qvp/snapshots/2026-06-22T160715Z/raw,1070,1034,bf973ff3ecce3842bc807909b6a11c9ba3d11429,d3881a1328862a39dc4af32e15c4826237a09adca2da7038eafb5659ddb68bb4,3cbd5f76b124b82ce4f26fb66fcb37946580c4a15ad9e837f6f5beb2a7d3fb8d,OGN,0.6570093457943925,0.7299065420560747,0.5026503046300705,0.5019305019305019,0.5980872160737266,0.8201160541586073,0.4650710481261485,0.32073643410852715,0.34829126346574857,0.788961038961039,0.6570093457943925,0.06602254428341381,Organon & Co.,Healthcare,Drug Manufacturers - General,3520253184,13.43000030517578,187.0,290.0,2026-06-18,none,NOT_SELECTED,,
2026-06-22T160715Z,2026-06-22T16:07:15.765832+00:00,2026-06-22T17:23:48.252300+00:00,2026-06-18,data/prospective/daily_qvp/snapshots/2026-06-22T160715Z/raw,1070,1034,bf973ff3ecce3842bc807909b6a11c9ba3d11429,d3881a1328862a39dc4af32e15c4826237a09adca2da7038eafb5659ddb68bb4,3cbd5f76b124b82ce4f26fb66fcb37946580c4a15ad9e837f6f5beb2a7d3fb8d,AAPL,0.7168224299065421,0.8378504672897197,0.7556214934135494,0.9739382239382239,0.5968407553687928,0.8191489361702128,0.5264593953554234,0.5765503875968992,0.7944205569205569,0.27927927927927926,0.7168224299065421,0.3153153153153153,Apple Inc.,Technology,Consumer Electronics,4415092686848,298.010009765625,188.0,174.0,2026-06-18,none,NOT_SELECTED,,
2026-06-22T160715Z,2026-06-22T16:07:15.765832+00:00,2026-06-22T17:23:48.252300+00:00,2026-06-18,data/prospective/daily_qvp/snapshots/2026-06-22T160715Z/raw,1070,1034,bf973ff3ecce3842bc807909b6a11c9ba3d11429,d3881a1328862a39dc4af32e15c4826237a09adca2da7038eafb5659ddb68bb4,3cbd5f76b124b82ce4f26fb66fcb37946580c4a15ad9e837f6f5beb2a7d3fb8d,CMI,0.7813084112149532,0.9616822429906542,0.69611209119534,0.9227799227799228,0.5968180902954184,0.8181818181818182,0.569835789943786,0.7771317829457365,0.6109157711757269,0.3982300884955752,0.7813084112149532,0.4888888888888889,Cummins Inc.,Industrials,Specialty Industrial Machinery,100297351168,716.8599853515625,189.0,42.0,2026-06-18,none,NOT_SELECTED,,
2026-06-22T160715Z,2026-06-22T16:07:15.765832+00:00,2026-06-22T17:23:48.252300+00:00,2026-06-18,data/prospective/daily_qvp/snapshots/2026-06-22T160715Z/raw,1070,1034,bf973ff3ecce3842bc807909b6a11c9ba3d11429,d3881a1328862a39dc4af32e15c4826237a09adca2da7038eafb5659ddb68bb4,3cbd5f76b124b82ce4f26fb66fcb37946580c4a15ad9e837f6f5beb2a7d3fb8d,MPC,0.758411214953271,0.9317757009345794,0.5881341789052069,0.7200772200772201,0.5964778746389521,0.8172147001934236,0.5670012631220712,0.7655038759689923,0.41785714285714287,0.6131652661064425,0.758411214953271,0.47857142857142854,Marathon Petroleum Corporation,Energy,Oil & Gas Refining & Marketing,71722991616,242.91000366210935,190.0,74.0,2026-06-18,none,NOT_SELECTED,,
2026-06-22T160715Z,2026-06-22T16:07:15.765832+00:00,2026-06-22T17:23:48.252300+00:00,2026-06-18,data/prospective/daily_qvp/snapshots/2026-06-22T160715Z/raw,1070,1034,bf973ff3ecce3842bc807909b6a11c9ba3d11429,d3881a1328862a39dc4af32e15c4826237a09adca2da7038eafb5659ddb68bb4,3cbd5f76b124b82ce4f26fb66fcb37946580c4a15ad9e837f6f5beb2a7d3fb8d,BTSG,0.8060747663551403,0.983177570093458,0.599648816652562,0.750965250965251,0.5960140740165709,0.816247582205029,0.6068938083304636,0.8914728682170543,0.39322286694998365,0.5887445887445888,0.8060747663551403,0.6395330112721417,"BrightSpring Health Services, Inc.",Healthcare,Health Information Services,13066886144,66.25,191.0,19.0,2026-06-18,none,NOT_SELECTED,,
2026-06-22T160715Z,2026-06-22T16:07:15.765832+00:00,2026-06-22T17:23:48.252300+00:00,2026-06-18,data/prospective/daily_qvp/snapshots/2026-06-22T160715Z/raw,1070,1034,bf973ff3ecce3842bc807909b6a11c9ba3d11429,d3881a1328862a39dc4af32e15c4826237a09adca2da7038eafb5659ddb68bb4,3cbd5f76b124b82ce4f26fb66fcb37946580c4a15ad9e837f6f5beb2a7d3fb8d,DHI,0.4184579439252336,0.3448598130841122,0.5327340908457296,0.5945945945945946,0.5957872242719066,0.8152804642166345,0.46480449006021735,0.3187984496124031,0.6470102377662258,0.7218934911242604,0.4184579439252336,0.07185628742514966,"D.R. Horton, Inc.",Consumer Cyclical,Residential Construction,44500733952,157.80999755859375,192.0,702.0,2026-06-18,none,NOT_SELECTED,,
2026-06-22T160715Z,2026-06-22T16:07:15.765832+00:00,2026-06-22T17:23:48.252300+00:00,2026-06-18,data/prospective/daily_qvp/snapshots/2026-06-22T160715Z/raw,1070,1034,bf973ff3ecce3842bc807909b6a11c9ba3d11429,d3881a1328862a39dc4af32e15c4826237a09adca2da7038eafb5659ddb68bb4,3cbd5f76b124b82ce4f26fb66fcb37946580c4a15ad9e837f6f5beb2a7d3fb8d,SWK,0.5546728971962616,0.5551401869158878,0.46320184840849743,0.3735521235521235,0.5954285675722333,0.8143133462282398,0.5460158701236194,0.6792635658914729,0.37173079962073324,0.859882005899705,0.5546728971962616,0.3977777777777778,"Stanley Black & Decker, Inc.",Industrials,Tools & Accessories,13630344192,86.75,193.0,477.0,2026-06-18,none,NOT_SELECTED,,
2026-06-22T160715Z,2026-06-22T16:07:15.765832+00:00,2026-06-22T17:23:48.252300+00:00,2026-06-18,data/prospective/daily_qvp/snapshots/2026-06-22T160715Z/raw,1070,1034,bf973ff3ecce3842bc807909b6a11c9ba3d11429,d3881a1328862a39dc4af32e15c4826237a09adca2da7038eafb5659ddb68bb4,3cbd5f76b124b82ce4f26fb66fcb37946580c4a15ad9e837f6f5beb2a7d3fb8d,SLB,0.6981308411214953,0.8121495327102803,0.6401368491321762,0.832046332046332,0.595245294379434,0.8133462282398453,0.5535768279274327,0.7170542635658915,0.5821428571428571,0.5054621848739496,0.6981308411214953,0.42857142857142855,SLB N.V.,Energy,Oil & Gas Equipment & Services,71149797376,48.09000015258789,194.0,202.0,2026-06-18,none,NOT_SELECTED,,
2026-06-22T160715Z,2026-06-22T16:07:15.765832+00:00,2026-06-22T17:23:48.252300+00:00,2026-06-18,data/prospective/daily_qvp/snapshots/2026-06-22T160715Z/raw,1070,1034,bf973ff3ecce3842bc807909b6a11c9ba3d11429,d3881a1328862a39dc4af32e15c4826237a09adca2da7038eafb5659ddb68bb4,3cbd5f76b124b82ce4f26fb66fcb37946580c4a15ad9e837f6f5beb2a7d3fb8d,QCOM,0.5934579439252337,0.6233644859813084,0.6518682021018469,0.8552123552123552,0.5947389615613915,0.8123791102514507,0.5766848518016743,0.8062015503875969,0.7102784602784603,0.4804804804804805,0.5934579439252337,0.5225225225225225,QUALCOMM Incorporated,Technology,Semiconductors,240259301376,226.11000061035156,195.0,404.0,2026-06-18,none,NOT_SELECTED,,
2026-06-22T160715Z,2026-06-22T16:07:15.765832+00:00,2026-06-22T17:23:48.252300+00:00,2026-06-18,data/prospective/daily_qvp/snapshots/2026-06-22T160715Z/raw,1070,1034,bf973ff3ecce3842bc807909b6a11c9ba3d11429,d3881a1328862a39dc4af32e15c4826237a09adca2da7038eafb5659ddb68bb4,3cbd5f76b124b82ce4f26fb66fcb37946580c4a15ad9e837f6f5beb2a7d3fb8d,AVT,0.8250000000000001,0.9934579439252337,0.5436425061425061,0.6225868725868726,0.5944103194103194,0.811411992263056,0.46945638820638824,0.3391472868217054,0.2622850122850122,0.6959459459459459,0.8250000000000001,0.09459459459459454,"Avnet, Inc.",Technology,Electronics & Computer Distribution,7600761344,91.47000122070312,196.0,8.0,2026-06-18,none,NOT_SELECTED,,
2026-06-22T160715Z,2026-06-22T16:07:15.765832+00:00,2026-06-22T17:23:48.252300+00:00,2026-06-18,data/prospective/daily_qvp/snapshots/2026-06-22T160715Z/raw,1070,1034,bf973ff3ecce3842bc807909b6a11c9ba3d11429,d3881a1328862a39dc4af32e15c4826237a09adca2da7038eafb5659ddb68bb4,3cbd5f76b124b82ce4f26fb66fcb37946580c4a15ad9e837f6f5beb2a7d3fb8d,FSLR,0.4485981308411215,0.3822429906542056,0.5551600400315354,0.6457528957528957,0.5938304170780807,0.8104448742746615,0.5551701101058578,0.7248062015503876,0.6617219492219493,0.6711711711711712,0.4485981308411215,0.43918918918918914,"First Solar, Inc.",Technology,Solar,28396163072,257.70001220703125,197.0,662.0,2026-06-18,none,NOT_SELECTED,,
2026-06-22T160715Z,2026-06-22T16:07:15.765832+00:00,2026-06-22T17:23:48.252300+00:00,2026-06-18,data/prospective/daily_qvp/snapshots/2026-06-22T160715Z/raw,1070,1034,bf973ff3ecce3842bc807909b6a11c9ba3d11429,d3881a1328862a39dc4af32e15c4826237a09adca2da7038eafb5659ddb68bb4,3cbd5f76b124b82ce4f26fb66fcb37946580c4a15ad9e837f6f5beb2a7d3fb8d,DGX,0.5815420560747664,0.597196261682243,0.5221980344786916,0.5608108108108109,0.5934422682960397,0.809477756286267,0.56575400395955,0.7596899224806202,0.46285401288261696,0.735930735930736,0.5815420560747664,0.48268921095008055,Quest Diagnostics Incorporated,Healthcare,Diagnostics & Research,21464037376,195.0,198.0,431.0,2026-06-18,none,NOT_SELECTED,,
2026-06-22T160715Z,2026-06-22T16:07:15.765832+00:00,2026-06-22T17:23:48.252300+00:00,2026-06-18,data/prospective/daily_qvp/snapshots/2026-06-22T160715Z/raw,1070,1034,bf973ff3ecce3842bc807909b6a11c9ba3d11429,d3881a1328862a39dc4af32e15c4826237a09adca2da7038eafb5659ddb68bb4,3cbd5f76b124b82ce4f26fb66fcb37946580c4a15ad9e837f6f5beb2a7d3fb8d,HLIO,0.7327102803738318,0.8700934579439252,0.6289825501110626,0.8108108108108109,0.5928713559245825,0.8085106382978723,0.5829868502767702,0.8275193798449613,0.5252548198482934,0.5206489675516224,0.7327102803738318,0.5533333333333333,"Helios Technologies, Inc.",Industrials,Specialty Industrial Machinery,3016471552,90.48999786376952,199.0,140.0,2026-06-18,none,NOT_SELECTED,,
2026-06-22T160715Z,2026-06-22T16:07:15.765832+00:00,2026-06-22T17:23:48.252300+00:00,2026-06-18,data/prospective/daily_qvp/snapshots/2026-06-22T160715Z/raw,1070,1034,bf973ff3ecce3842bc807909b6a11c9ba3d11429,d3881a1328862a39dc4af32e15c4826237a09adca2da7038eafb5659ddb68bb4,3cbd5f76b124b82ce4f26fb66fcb37946580c4a15ad9e837f6f5beb2a7d3fb8d,ZWS,0.57803738317757,0.5925233644859813,0.6709324084029443,0.8918918918918919,0.5928143292991114,0.8075435203094777,0.6029440803076669,0.8798449612403101,0.7638274336283186,0.4365781710914454,0.57803738317757,0.6333333333333333,Zurn Elkay Water Solutions Corporation,Industrials,Pollution & Treatment Controls,8330203648,49.97999954223633,200.0,437.0,2026-06-18,none,NOT_SELECTED,,
2026-06-22T160715Z,2026-06-22T16:07:15.765832+00:00,2026-06-22T17:23:48.252300+00:00,2026-06-18,data/prospective/daily_qvp/snapshots/2026-06-22T160715Z/raw,1070,1034,bf973ff3ecce3842bc807909b6a11c9ba3d11429,d3881a1328862a39dc4af32e15c4826237a09adca2da7038eafb5659ddb68bb4,3cbd5f76b124b82ce4f26fb66fcb37946580c4a15ad9e837f6f5beb2a7d3fb8d,FTNT,0.6864485981308411,0.7850467289719626,0.7787586970998186,0.9893822393822393,0.5927460383067861,0.8065764023210832,0.555482952153513,0.7277131782945736,0.8710687960687961,0.2207207207207207,0.6864485981308411,0.44369369369369366,"Fortinet, Inc.",Technology,Software - Infrastructure,105896992768,144.72999572753906,201.0,231.0,2026-06-18,none,NOT_SELECTED,,
2026-06-22T160715Z,2026-06-22T16:07:15.765832+00:00,2026-06-22T17:23:48.252300+00:00,2026-06-18,data/prospective/daily_qvp/snapshots/2026-06-22T160715Z/raw,1070,1034,bf973ff3ecce3842bc807909b6a11c9ba3d11429,d3881a1328862a39dc4af32e15c4826237a09adca2da7038eafb5659ddb68bb4,3cbd5f76b124b82ce4f26fb66fcb37946580c4a15ad9e837f6f5beb2a7d3fb8d,STLD,0.7651869158878504,0.9420560747663551,0.6680101246105918,0.888030888030888,0.5916363793700242,0.8056092843326886,0.5437272845275182,0.6647286821705426,0.5708333333333333,0.4388888888888889,0.7651869158878504,0.4,"Steel Dynamics, Inc.",Basic Materials,Steel,36250046464,249.91000366210935,202.0,63.0,2026-06-18,none,NOT_SELECTED,,
2026-06-22T160715Z,2026-06-22T16:07:15.765832+00:00,2026-06-22T17:23:48.252300+00:00,2026-06-18,data/prospective/daily_qvp/snapshots/2026-06-22T160715Z/raw,1070,1034,bf973ff3ecce3842bc807909b6a11c9ba3d11429,d3881a1328862a39dc4af32e15c4826237a09adca2da7038eafb5659ddb68bb4,3cbd5f76b124b82ce4f26fb66fcb37946580c4a15ad9e837f6f5beb2a7d3fb8d,DIOD,0.7371495327102804,0.8808411214953271,0.5823288613592352,0.7065637065637066,0.59142244410936,0.804642166344294,0.5246479141631011,0.564922480620155,0.42750819000818996,0.6096096096096096,0.7371495327102804,0.32432432432432434,Diodes Incorporated,Technology,Semiconductors,5649824256,119.45999908447266,203.0,128.0,2026-06-18,none,NOT_SELECTED,,
2026-06-22T160715Z,2026-06-22T16:07:15.765832+00:00,2026-06-22T17:23:48.252300+00:00,2026-06-18,data/prospective/daily_qvp/snapshots/2026-06-22T160715Z/raw,1070,1034,bf973ff3ecce3842bc807909b6a11c9ba3d11429,d3881a1328862a39dc4af32e15c4826237a09adca2da7038eafb5659ddb68bb4,3cbd5f76b124b82ce4f26fb66fcb37946580c4a15ad9e837f6f5beb2a7d3fb8d,JNJ,0.7098130841121495,0.8280373831775701,0.6824364325507821,0.9044401544401545,0.5913212580641578,0.8036750483558994,0.563901571567442,0.752906976744186,0.6550597809894149,0.409090909090909,0.7098130841121495,0.4816425120772947,Johnson & Johnson,Healthcare,Drug Manufacturers - General,556789268480,228.38999938964844,204.0,185.0,2026-06-18,none,NOT_SELECTED,,
2026-06-22T160715Z,2026-06-22T16:07:15.765832+00:00,2026-06-22T17:23:48.252300+00:00,2026-06-18,data/prospective/daily_qvp/snapshots/2026-06-22T160715Z/raw,1070,1034,bf973ff3ecce3842bc807909b6a11c9ba3d11429,d3881a1328862a39dc4af32e15c4826237a09adca2da7038eafb5659ddb68bb4,3cbd5f76b124b82ce4f26fb66fcb37946580c4a15ad9e837f6f5beb2a7d3fb8d,MHO,0.5065420560747663,0.46261682242990654,0.5165565607336138,0.5492277992277992,0.5909193639604763,0.8027079303675049,0.47537515171287215,0.36143410852713176,0.5265710653924611,0.7396449704142012,0.5065420560747663,0.12874251497005984,"M/I Homes, Inc.",Consumer Cyclical,Residential Construction,3861678080,149.08999633789062,205.0,576.0,2026-06-18,none,NOT_SELECTED,,
2026-06-22T160715Z,2026-06-22T16:07:15.765832+00:00,2026-06-22T17:23:48.252300+00:00,2026-06-18,data/prospective/daily_qvp/snapshots/2026-06-22T160715Z/raw,1070,1034,bf973ff3ecce3842bc807909b6a11c9ba3d11429,d3881a1328862a39dc4af32e15c4826237a09adca2da7038eafb5659ddb68bb4,3cbd5f76b124b82ce4f26fb66fcb37946580c4a15ad9e837f6f5beb2a7d3fb8d,CI,0.4488317757009346,0.38317757009345793,0.4284598939968762,0.2828185328185328,0.590834734526056,0.8017408123791102,0.5444344244855244,0.6715116279069767,0.40808801229281777,0.9155844155844156,0.4488317757009346,0.4052334943639292,The Cigna Group,Healthcare,Healthcare Plans,74643111936,279.2699890136719,206.0,661.0,2026-06-18,none,NOT_SELECTED,,
2026-06-22T160715Z,2026-06-22T16:07:15.765832+00:00,2026-06-22T17:23:48.252300+00:00,2026-06-18,data/prospective/daily_qvp/snapshots/2026-06-22T160715Z/raw,1070,1034,bf973ff3ecce3842bc807909b6a11c9ba3d11429,d3881a1328862a39dc4af32e15c4826237a09adca2da7038eafb5659ddb68bb4,3cbd5f76b124b82ce4f26fb66fcb37946580c4a15ad9e837f6f5beb2a7d3fb8d,RMBS,0.633177570093458,0.6901869158878504,0.7458373517952958,0.9691119691119691,0.5908184947904574,0.8007736943907157,0.6379336909126629,0.9437984496124031,0.8584971334971335,0.2807807807807808,0.633177570093458,0.7792792792792793,Rambus Inc.,Technology,Semiconductors,14760695808,141.1699981689453,207.0,332.0,2026-06-18,none,NOT_SELECTED,,
2026-06-22T160715Z,2026-06-22T16:07:15.765832+00:00,2026-06-22T17:23:48.252300+00:00,2026-06-18,data/prospective/daily_qvp/snapshots/2026-06-22T160715Z/raw,1070,1034,bf973ff3ecce3842bc807909b6a11c9ba3d11429,d3881a1328862a39dc4af32e15c4826237a09adca2da7038eafb5659ddb68bb4,3cbd5f76b124b82ce4f26fb66fcb37946580c4a15ad9e837f6f5beb2a7d3fb8d,NTAP,0.6063084112149533,0.6401869158878505,0.6532872932405642,0.8561776061776062,0.5906800173155313,0.7998065764023211,0.554496499473135,0.7199612403100775,0.7002661752661752,0.46546546546546547,0.6063084112149533,0.4459459459459459,"NetApp, Inc.",Technology,Software - Infrastructure,30949470208,159.7100067138672,208.0,386.0,2026-06-18,none,NOT_SELECTED,,
2026-06-22T160715Z,2026-06-22T16:07:15.765832+00:00,2026-06-22T17:23:48.252300+00:00,2026-06-18,data/prospective/daily_qvp/snapshots/2026-06-22T160715Z/raw,1070,1034,bf973ff3ecce3842bc807909b6a11c9ba3d11429,d3881a1328862a39dc4af32e15c4826237a09adca2da7038eafb5659ddb68bb4,3cbd5f76b124b82ce4f26fb66fcb37946580c4a15ad9e837f6f5beb2a7d3fb8d,MUSA,0.6929906542056075,0.7990654205607477,0.6029386429225589,0.7567567567567568,0.5906507455118177,0.7988394584139265,0.5290659034452405,0.5901162790697675,0.5128866316395104,0.5660749506903353,0.6929906542056075,0.344311377245509,Murphy USA Inc.,Consumer Cyclical,Specialty Retail,10241255424,551.260009765625,209.0,216.0,2026-06-18,none,NOT_SELECTED,,
2026-06-22T160715Z,2026-06-22T16:07:15.765832+00:00,2026-06-22T17:23:48.252300+00:00,2026-06-18,data/prospective/daily_qvp/snapshots/2026-06-22T160715Z/raw,1070,1034,bf973ff3ecce3842bc807909b6a11c9ba3d11429,d3881a1328862a39dc4af32e15c4826237a09adca2da7038eafb5659ddb68bb4,3cbd5f76b124b82ce4f26fb66fcb37946580c4a15ad9e837f6f5beb2a7d3fb8d,MTCH,0.5824766355140187,0.5995327102803738,0.6285620735147894,0.8088803088803089,0.5905389668842557,0.7978723404255319,0.5262375584965251,0.5755813953488372,0.67464751151556,0.5144927536231884,0.5824766355140187,0.3333333333333333,"Match Group, Inc.",Communication Services,Internet Content & Information,8182756352,35.45000076293945,210.0,430.0,2026-06-18,none,NOT_SELECTED,,
2026-06-22T160715Z,2026-06-22T16:07:15.765832+00:00,2026-06-22T17:23:48.252300+00:00,2026-06-18,data/prospective/daily_qvp/snapshots/2026-06-22T160715Z/raw,1070,1034,bf973ff3ecce3842bc807909b6a11c9ba3d11429,d3881a1328862a39dc4af32e15c4826237a09adca2da7038eafb5659ddb68bb4,3cbd5f76b124b82ce4f26fb66fcb37946580c4a15ad9e837f6f5beb2a7d3fb8d,RMD,0.3469626168224299,0.23738317757009345,0.590824567745321,0.7297297297297297,0.5901312414117436,0.7969052224371374,0.5811048722826402,0.8217054263565892,0.834686518668212,0.5887445887445887,0.3469626168224299,0.5540257648953301,ResMed Inc.,Healthcare,Medical Instruments & Supplies,27434514432,188.6300048828125,211.0,817.0,2026-06-18,none,NOT_SELECTED,,
2026-06-22T160715Z,2026-06-22T16:07:15.765832+00:00,2026-06-22T17:23:48.252300+00:00,2026-06-18,data/prospective/daily_qvp/snapshots/2026-06-22T160715Z/raw,1070,1034,bf973ff3ecce3842bc807909b6a11c9ba3d11429,d3881a1328862a39dc4af32e15c4826237a09adca2da7038eafb5659ddb68bb4,3cbd5f76b124b82ce4f26fb66fcb37946580c4a15ad9e837f6f5beb2a7d3fb8d,CASY,0.8147196261682244,0.985981308411215,0.6993189263453328,0.9266409266409267,0.5898155103972172,0.7959381044487428,0.6017927705224637,0.875968992248062,0.5839182265224412,0.37080867850098614,0.8147196261682244,0.6377245508982036,"Casey's General Stores, Inc.",Consumer Cyclical,Specialty Retail,30978318336,842.25,212.0,16.0,2026-06-18,none,NOT_SELECTED,,
2026-06-22T160715Z,2026-06-22T16:07:15.765832+00:00,2026-06-22T17:23:48.252300+00:00,2026-06-18,data/prospective/daily_qvp/snapshots/2026-06-22T160715Z/raw,1070,1034,bf973ff3ecce3842bc807909b6a11c9ba3d11429,d3881a1328862a39dc4af32e15c4826237a09adca2da7038eafb5659ddb68bb4,3cbd5f76b124b82ce4f26fb66fcb37946580c4a15ad9e837f6f5beb2a7d3fb8d,TXG,0.6962616822429906,0.805607476635514,0.6736554190416681,0.8947876447876448,0.5890747526655854,0.7949709864603481,0.5762263543542615,0.8042635658914729,0.6510491558403457,0.41991341991341985,0.6962616822429906,0.5376811594202899,"10x Genomics, Inc.",Healthcare,Health Information Services,4381257728,34.755001068115234,213.0,209.0,2026-06-18,none,NOT_SELECTED,,
2026-06-22T160715Z,2026-06-22T16:07:15.765832+00:00,2026-06-22T17:23:48.252300+00:00,2026-06-18,data/prospective/daily_qvp/snapshots/2026-06-22T160715Z/raw,1070,1034,bf973ff3ecce3842bc807909b6a11c9ba3d11429,d3881a1328862a39dc4af32e15c4826237a09adca2da7038eafb5659ddb68bb4,3cbd5f76b124b82ce4f26fb66fcb37946580c4a15ad9e837f6f5beb2a7d3fb8d,MWA,0.5179906542056074,0.4869158878504673,0.6071750442330186,0.7625482625482626,0.588165860363802,0.7940038684719536,0.635568839717296,0.9418604651162791,0.6963594342604299,0.5501474926253688,0.5179906542056074,0.7777777777777778,"Mueller Water Products, Inc.",Industrials,Specialty Industrial Machinery,4050253824,26.1299991607666,214.0,549.0,2026-06-18,none,NOT_SELECTED,,
2026-06-22T160715Z,2026-06-22T16:07:15.765832+00:00,2026-06-22T17:23:48.252300+00:00,2026-06-18,data/prospective/daily_qvp/snapshots/2026-06-22T160715Z/raw,1070,1034,bf973ff3ecce3842bc807909b6a11c9ba3d11429,d3881a1328862a39dc4af32e15c4826237a09adca2da7038eafb5659ddb68bb4,3cbd5f76b124b82ce4f26fb66fcb37946580c4a15ad9e837f6f5beb2a7d3fb8d,SWX,0.6651869158878504,0.7490654205607477,0.6305186478913243,0.8146718146718147,0.587954051513237,0.793036750483559,0.5648879524280311,0.7567829457364341,0.5958503798947983,0.5028248587570622,0.6651869158878504,0.4956896551724138,"Southwest Gas Holdings, Inc.",Utilities,Utilities - Regulated Gas,6488407552,88.4800033569336,215.0,269.0,2026-06-18,none,NOT_SELECTED,,
2026-06-22T160715Z,2026-06-22T16:07:15.765832+00:00,2026-06-22T17:23:48.252300+00:00,2026-06-18,data/prospective/daily_qvp/snapshots/2026-06-22T160715Z/raw,1070,1034,bf973ff3ecce3842bc807909b6a11c9ba3d11429,d3881a1328862a39dc4af32e15c4826237a09adca2da7038eafb5659ddb68bb4,3cbd5f76b124b82ce4f26fb66fcb37946580c4a15ad9e837f6f5beb2a7d3fb8d,NE,0.7149532710280374,0.8355140186915888,0.584262349799733,0.7133204633204633,0.5879209316125205,0.7920696324951644,0.5409406987093903,0.6501937984496124,0.45357142857142857,0.5952380952380952,0.7149532710280374,0.39999999999999997,Noble Corporation plc,Energy,Oil & Gas Drilling,6667425280,41.68000030517578,216.0,177.0,2026-06-18,none,NOT_SELECTED,,
2026-06-22T160715Z,2026-06-22T16:07:15.765832+00:00,2026-06-22T17:23:48.252300+00:00,2026-06-18,data/prospective/daily_qvp/snapshots/2026-06-22T160715Z/raw,1070,1034,bf973ff3ecce3842bc807909b6a11c9ba3d11429,d3881a1328862a39dc4af32e15c4826237a09adca2da7038eafb5659ddb68bb4,3cbd5f76b124b82ce4f26fb66fcb37946580c4a15ad9e837f6f5beb2a7d3fb8d,HII,0.4630841121495327,0.40373831775700936,0.44081532567021514,0.31177606177606176,0.5878788503484816,0.7911025145067698,0.6031313599835835,0.8808139534883721,0.41854653919089757,0.8820058997050148,0.4630841121495327,0.6488888888888888,"Huntington Ingalls Industries, Inc.",Industrials,Aerospace & Defense,10986434560,285.42999267578125,217.0,639.0,2026-06-18,none,NOT_SELECTED,,
2026-06-22T160715Z,2026-06-22T16:07:15.765832+00:00,2026-06-22T17:23:48.252300+00:00,2026-06-18,data/prospective/daily_qvp/snapshots/2026-06-22T160715Z/raw,1070,1034,bf973ff3ecce3842bc807909b6a11c9ba3d11429,d3881a1328862a39dc4af32e15c4826237a09adca2da7038eafb5659ddb68bb4,3cbd5f76b124b82ce4f26fb66fcb37946580c4a15ad9e837f6f5beb2a7d3fb8d,CGNX,0.7203271028037382,0.8448598130841122,0.7068312418195595,0.9314671814671814,0.5878374444963229,0.7901353965183753,0.5743240293181882,0.7936046511627907,0.6933353808353808,0.34984984984984985,0.7203271028037382,0.5337837837837838,Cognex Corporation,Technology,Scientific & Technical Instruments,11208349696,66.0999984741211,218.0,167.0,2026-06-18,none,NOT_SELECTED,,
2026-06-22T160715Z,2026-06-22T16:07:15.765832+00:00,2026-06-22T17:23:48.252300+00:00,2026-06-18,data/prospective/daily_qvp/snapshots/2026-06-22T160715Z/raw,1070,1034,bf973ff3ecce3842bc807909b6a11c9ba3d11429,d3881a1328862a39dc4af32e15c4826237a09adca2da7038eafb5659ddb68bb4,3cbd5f76b124b82ce4f26fb66fcb37946580c4a15ad9e837f6f5beb2a7d3fb8d,AVNT,0.5294392523364486,0.5112149532710281,0.49805295950155765,0.4826254826254826,0.5875908618899274,0.7891682785299806,0.5177764797507789,0.5319767441860465,0.4666666666666667,0.7666666666666666,0.5294392523364486,0.3083333333333333,Avient Corporation,Basic Materials,Specialty Chemicals,3461600256,37.65999984741211,219.0,524.0,2026-06-18,none,NOT_SELECTED,,
2026-06-22T160715Z,2026-06-22T16:07:15.765832+00:00,2026-06-22T17:23:48.252300+00:00,2026-06-18,data/prospective/daily_qvp/snapshots/2026-06-22T160715Z/raw,1070,1034,bf973ff3ecce3842bc807909b6a11c9ba3d11429,d3881a1328862a39dc4af32e15c4826237a09adca2da7038eafb5659ddb68bb4,3cbd5f76b124b82ce4f26fb66fcb37946580c4a15ad9e837f6f5beb2a7d3fb8d,VC,0.5203271028037383,0.4911214953271028,0.5003204417631584,0.4893822393822394,0.5873273688020003,0.7882011605415861,0.5392979218110812,0.6434108527131783,0.4803137807225786,0.7613412228796843,0.5203271028037383,0.39520958083832336,Visteon Corporation,Consumer Cyclical,Auto Parts,3241187840,113.80999755859376,220.0,545.0,2026-06-18,none,NOT_SELECTED,,
2026-06-22T160715Z,2026-06-22T16:07:15.765832+00:00,2026-06-22T17:23:48.252300+00:00,2026-06-18,data/prospective/daily_qvp/snapshots/2026-06-22T160715Z/raw,1070,1034,bf973ff3ecce3842bc807909b6a11c9ba3d11429,d3881a1328862a39dc4af32e15c4826237a09adca2da7038eafb5659ddb68bb4,3cbd5f76b124b82ce4f26fb66fcb37946580c4a15ad9e837f6f5beb2a7d3fb8d,DOCU,0.15584112149532708,0.058878504672897194,0.48589558122268395,0.43822393822393824,0.5871936507450526,0.7872340425531915,0.5479402831038346,0.689922480620155,0.8159500409500409,0.7897897897897899,0.15584112149532708,0.4301801801801802,"DocuSign, Inc.",Technology,Software - Application,8128512000,43.470001220703125,221.0,1008.0,2026-06-18,none,NOT_SELECTED,,
2026-06-22T160715Z,2026-06-22T16:07:15.765832+00:00,2026-06-22T17:23:48.252300+00:00,2026-06-18,data/prospective/daily_qvp/snapshots/2026-06-22T160715Z/raw,1070,1034,bf973ff3ecce3842bc807909b6a11c9ba3d11429,d3881a1328862a39dc4af32e15c4826237a09adca2da7038eafb5659ddb68bb4,3cbd5f76b124b82ce4f26fb66fcb37946580c4a15ad9e837f6f5beb2a7d3fb8d,BKH,0.652803738317757,0.7252336448598131,0.5631786079081479,0.6640926640926641,0.5863751924660722,0.7862669245647969,0.543229670211623,0.6598837209302325,0.4735534774985388,0.6327683615819208,0.652803738317757,0.4137931034482758,Black Hills Corporation,Utilities,Utilities - Regulated Gas,5557352960,72.75,222.0,295.0,2026-06-18,none,NOT_SELECTED,,
2026-06-22T160715Z,2026-06-22T16:07:15.765832+00:00,2026-06-22T17:23:48.252300+00:00,2026-06-18,data/prospective/daily_qvp/snapshots/2026-06-22T160715Z/raw,1070,1034,bf973ff3ecce3842bc807909b6a11c9ba3d11429,d3881a1328862a39dc4af32e15c4826237a09adca2da7038eafb5659ddb68bb4,3cbd5f76b124b82ce4f26fb66fcb37946580c4a15ad9e837f6f5beb2a7d3fb8d,CSCO,0.8271028037383177,0.9953271028037384,0.6978214673892243,0.9256756756756757,0.5863354327139373,0.7852998065764023,0.4836704934543719,0.38856589147286824,0.568540131040131,0.3633633633633633,0.8271028037383177,0.17567567567567566,"Cisco Systems, Inc.",Technology,Communication Equipment,476007038976,119.54000091552734,223.0,6.0,2026-06-18,none,NOT_SELECTED,,
2026-06-22T160715Z,2026-06-22T16:07:15.765832+00:00,2026-06-22T17:23:48.252300+00:00,2026-06-18,data/prospective/daily_qvp/snapshots/2026-06-22T160715Z/raw,1070,1034,bf973ff3ecce3842bc807909b6a11c9ba3d11429,d3881a1328862a39dc4af32e15c4826237a09adca2da7038eafb5659ddb68bb4,3cbd5f76b124b82ce4f26fb66fcb37946580c4a15ad9e837f6f5beb2a7d3fb8d,AEP,0.6815420560747664,0.775233644859813,0.6506409871256357,0.8513513513513513,0.586303030965113,0.7843326885880078,0.631537618051421,0.9331395348837209,0.619739918176505,0.45762711864406774,0.6815420560747664,0.7672413793103448,"American Electric Power Company, Inc.",Utilities,Utilities - Regulated Electric,70352781312,127.69000244140624,224.0,241.0,2026-06-18,none,NOT_SELECTED,,
2026-06-22T160715Z,2026-06-22T16:07:15.765832+00:00,2026-06-22T17:23:48.252300+00:00,2026-06-18,data/prospective/daily_qvp/snapshots/2026-06-22T160715Z/raw,1070,1034,bf973ff3ecce3842bc807909b6a11c9ba3d11429,d3881a1328862a39dc4af32e15c4826237a09adca2da7038eafb5659ddb68bb4,3cbd5f76b124b82ce4f26fb66fcb37946580c4a15ad9e837f6f5beb2a7d3fb8d,MMS,0.25,0.13177570093457944,0.4024277022756005,0.22586872586872586,0.5858859214777357,0.7833655705996132,0.556636663330524,0.7325581395348837,0.554855404551201,0.952802359882006,0.25,0.46888888888888886,"Maximus, Inc.",Industrials,Specialty Business Services,2859771904,55.7400016784668,225.0,930.0,2026-06-18,none,NOT_SELECTED,,
2026-06-22T160715Z,2026-06-22T16:07:15.765832+00:00,2026-06-22T17:23:48.252300+00:00,2026-06-18,data/prospective/daily_qvp/snapshots/2026-06-22T160715Z/raw,1070,1034,bf973ff3ecce3842bc807909b6a11c9ba3d11429,d3881a1328862a39dc4af32e15c4826237a09adca2da7038eafb5659ddb68bb4,3cbd5f76b124b82ce4f26fb66fcb37946580c4a15ad9e837f6f5beb2a7d3fb8d,CTRI,0.5516355140186916,0.5453271028037383,0.5692499603991763,0.6814671814671814,0.5857146628649876,0.7823984526112185,0.5879928937004648,0.8391472868217055,0.586864406779661,0.6186440677966102,0.5516355140186916,0.5948275862068966,"Centuri Holdings, Inc.",Utilities,Utilities - Regulated Gas,3099198976,29.770000457763672,226.0,487.0,2026-06-18,none,NOT_SELECTED,,
2026-06-22T160715Z,2026-06-22T16:07:15.765832+00:00,2026-06-22T17:23:48.252300+00:00,2026-06-18,data/prospective/daily_qvp/snapshots/2026-06-22T160715Z/raw,1070,1034,bf973ff3ecce3842bc807909b6a11c9ba3d11429,d3881a1328862a39dc4af32e15c4826237a09adca2da7038eafb5659ddb68bb4,3cbd5f76b124b82ce4f26fb66fcb37946580c4a15ad9e837f6f5beb2a7d3fb8d,KN,0.8210280373831776,0.991588785046729,0.6437808082083784,0.8416988416988417,0.5853433616284084,0.781431334622824,0.5578138275276125,0.7354651162790697,0.466533579033579,0.4684684684684684,0.8210280373831776,0.47522522522522526,Knowles Corporation,Technology,Electronic Components,3594403072,41.369998931884766,227.0,10.0,2026-06-18,none,NOT_SELECTED,,
2026-06-22T160715Z,2026-06-22T16:07:15.765832+00:00,2026-06-22T17:23:48.252300+00:00,2026-06-18,data/prospective/daily_qvp/snapshots/2026-06-22T160715Z/raw,1070,1034,bf973ff3ecce3842bc807909b6a11c9ba3d11429,d3881a1328862a39dc4af32e15c4826237a09adca2da7038eafb5659ddb68bb4,3cbd5f76b124b82ce4f26fb66fcb37946580c4a15ad9e837f6f5beb2a7d3fb8d,ADT,0.35817757009345785,0.24953271028037383,0.4456026914942637,0.3204633204633205,0.5851707225497648,0.7804642166344294,0.5866558196901014,0.8381782945736435,0.5330278128950695,0.864306784660767,0.35817757009345785,0.5911111111111111,ADT Inc.,Industrials,Security & Protection Services,5015836160,6.579999923706055,228.0,804.0,2026-06-18,none,NOT_SELECTED,,
2026-06-22T160715Z,2026-06-22T16:07:15.765832+00:00,2026-06-22T17:23:48.252300+00:00,2026-06-18,data/prospective/daily_qvp/snapshots/2026-06-22T160715Z/raw,1070,1034,bf973ff3ecce3842bc807909b6a11c9ba3d11429,d3881a1328862a39dc4af32e15c4826237a09adca2da7038eafb5659ddb68bb4,3cbd5f76b124b82ce4f26fb66fcb37946580c4a15ad9e837f6f5beb2a7d3fb8d,DOX,0.29275700934579435,0.18317757009345795,0.40998927453366707,0.24324324324324326,0.5851379948342564,0.7794970986460348,0.5185269195491158,0.5377906976744186,0.5272215397215397,0.9354354354354354,0.29275700934579435,0.31869369369369366,Amdocs Limited,Technology,Software - Infrastructure,5306607616,51.470001220703125,229.0,875.0,2026-06-18,none,NOT_SELECTED,,
2026-06-22T160715Z,2026-06-22T16:07:15.765832+00:00,2026-06-22T17:23:48.252300+00:00,2026-06-18,data/prospective/daily_qvp/snapshots/2026-06-22T160715Z/raw,1070,1034,bf973ff3ecce3842bc807909b6a11c9ba3d11429,d3881a1328862a39dc4af32e15c4826237a09adca2da7038eafb5659ddb68bb4,3cbd5f76b124b82ce4f26fb66fcb37946580c4a15ad9e837f6f5beb2a7d3fb8d,ANF,0.2011682242990654,0.09345794392523364,0.47968287257458286,0.4198841698841699,0.5847458466736535,0.7785299806576402,0.5478408221309886,0.688953488372093,0.7581975208501004,0.7948717948717948,0.2011682242990654,0.437125748502994,Abercrombie & Fitch Co.,Consumer Cyclical,Apparel Retail,3741816576,87.23999786376953,230.0,971.0,2026-06-18,none,NOT_SELECTED,,
2026-06-22T160715Z,2026-06-22T16:07:15.765832+00:00,2026-06-22T17:23:48.252300+00:00,2026-06-18,data/prospective/daily_qvp/snapshots/2026-06-22T160715Z/raw,1070,1034,bf973ff3ecce3842bc807909b6a11c9ba3d11429,d3881a1328862a39dc4af32e15c4826237a09adca2da7038eafb5659ddb68bb4,3cbd5f76b124b82ce4f26fb66fcb37946580c4a15ad9e837f6f5beb2a7d3fb8d,LEVI,0.5163551401869159,0.48411214953271026,0.600090505634042,0.7519305019305019,0.5841497519480069,0.7775628626692457,0.6027829726436399,0.8788759689922481,0.6838258710811681,0.5522682445759368,0.5163551401869159,0.6586826347305389,Levi Strauss & Co.,Consumer Cyclical,Apparel Manufacturing,9105315840,23.700000762939453,231.0,553.0,2026-06-18,none,NOT_SELECTED,,
2026-06-22T160715Z,2026-06-22T16:07:15.765832+00:00,2026-06-22T17:23:48.252300+00:00,2026-06-18,data/prospective/daily_qvp/snapshots/2026-06-22T160715Z/raw,1070,1034,bf973ff3ecce3842bc807909b6a11c9ba3d11429,d3881a1328862a39dc4af32e15c4826237a09adca2da7038eafb5659ddb68bb4,3cbd5f76b124b82ce4f26fb66fcb37946580c4a15ad9e837f6f5beb2a7d3fb8d,ALGN,0.355607476635514,0.24766355140186916,0.5543847326476071,0.6438223938223938,0.5838755360507857,0.776595744680851,0.4699718694293936,0.3430232558139535,0.7531619886597003,0.6428571428571429,0.355607476635514,0.12826086956521734,"Align Technology, Inc.",Healthcare,Medical Instruments & Supplies,12716514304,182.0800018310547,232.0,806.0,2026-06-18,none,NOT_SELECTED,,
2026-06-22T160715Z,2026-06-22T16:07:15.765832+00:00,2026-06-22T17:23:48.252300+00:00,2026-06-18,data/prospective/daily_qvp/snapshots/2026-06-22T160715Z/raw,1070,1034,bf973ff3ecce3842bc807909b6a11c9ba3d11429,d3881a1328862a39dc4af32e15c4826237a09adca2da7038eafb5659ddb68bb4,3cbd5f76b124b82ce4f26fb66fcb37946580c4a15ad9e837f6f5beb2a7d3fb8d,AME,0.6869158878504673,0.7859813084112149,0.7016625504359795,0.9295366795366795,0.5838025655807219,0.7756286266924565,0.5739630352966525,0.7916666666666666,0.7164092130214917,0.34808259587020646,0.6869158878504673,0.5444444444444445,"AMETEK, Inc.",Industrials,Specialty Industrial Machinery,54803582976,237.4199981689453,233.0,230.0,2026-06-18,none,NOT_SELECTED,,
2026-06-22T160715Z,2026-06-22T16:07:15.765832+00:00,2026-06-22T17:23:48.252300+00:00,2026-06-18,data/prospective/daily_qvp/snapshots/2026-06-22T160715Z/raw,1070,1034,bf973ff3ecce3842bc807909b6a11c9ba3d11429,d3881a1328862a39dc4af32e15c4826237a09adca2da7038eafb5659ddb68bb4,3cbd5f76b124b82ce4f26fb66fcb37946580c4a15ad9e837f6f5beb2a7d3fb8d,MSGE,0.7922897196261682,0.9728971962616823,0.6474256147844357,0.8465250965250966,0.5837909895664354,0.7746615087040619,0.5100654643970488,0.5038759689922481,0.5025615099427031,0.4565217391304348,0.7922897196261682,0.28888888888888886,Madison Square Garden Entertainment Corp.,Communication Services,Entertainment,3522347520,73.43000030517578,234.0,30.0,2026-06-18,none,NOT_SELECTED,,
2026-06-22T160715Z,2026-06-22T16:07:15.765832+00:00,2026-06-22T17:23:48.252300+00:00,2026-06-18,data/prospective/daily_qvp/snapshots/2026-06-22T160715Z/raw,1070,1034,bf973ff3ecce3842bc807909b6a11c9ba3d11429,d3881a1328862a39dc4af32e15c4826237a09adca2da7038eafb5659ddb68bb4,3cbd5f76b124b82ce4f26fb66fcb37946580c4a15ad9e837f6f5beb2a7d3fb8d,CTSH,0.18691588785046723,0.08037383177570094,0.40004578176307143,0.21814671814671815,0.583013504158364,0.7736943907156673,0.5172150830737279,0.5290697674418605,0.6131756756756757,0.9489489489489489,0.18691588785046723,0.3198198198198198,Cognizant Technology Solutions Corporation,Technology,Information Technology Services,19844716544,43.70000076293945,235.0,985.0,2026-06-18,none,NOT_SELECTED,,
2026-06-22T160715Z,2026-06-22T16:07:15.765832+00:00,2026-06-22T17:23:48.252300+00:00,2026-06-18,data/prospective/daily_qvp/snapshots/2026-06-22T160715Z/raw,1070,1034,bf973ff3ecce3842bc807909b6a11c9ba3d11429,d3881a1328862a39dc4af32e15c4826237a09adca2da7038eafb5659ddb68bb4,3cbd5f76b124b82ce4f26fb66fcb37946580c4a15ad9e837f6f5beb2a7d3fb8d,LFST,0.6119158878504674,0.6504672897196262,0.5322295341770871,0.5926640926640927,0.5828139174456194,0.7727272727272727,0.6011200999199633,0.8711240310077519,0.4525431805037068,0.683982683982684,0.6119158878504674,0.6560386473429951,"LifeStance Health Group, Inc.",Healthcare,Medical Care Facilities,3457510912,8.979999542236328,236.0,375.0,2026-06-18,none,NOT_SELECTED,,
2026-06-22T160715Z,2026-06-22T16:07:15.765832+00:00,2026-06-22T17:23:48.252300+00:00,2026-06-18,data/prospective/daily_qvp/snapshots/2026-06-22T160715Z/raw,1070,1034,bf973ff3ecce3842bc807909b6a11c9ba3d11429,d3881a1328862a39dc4af32e15c4826237a09adca2da7038eafb5659ddb68bb4,3cbd5f76b124b82ce4f26fb66fcb37946580c4a15ad9e837f6f5beb2a7d3fb8d,COP,0.6675233644859813,0.7523364485981309,0.6337616822429906,0.8214285714285714,0.5826851924570451,0.7717601547388782,0.5495138943427837,0.6947674418604651,0.6,0.48053221288515396,0.6675233644859813,0.44999999999999996,ConocoPhillips,Energy,Oil & Gas E&P,133159542784,107.73999786376952,237.0,266.0,2026-06-18,none,NOT_SELECTED,,
2026-06-22T160715Z,2026-06-22T16:07:15.765832+00:00,2026-06-22T17:23:48.252300+00:00,2026-06-18,data/prospective/daily_qvp/snapshots/2026-06-22T160715Z/raw,1070,1034,bf973ff3ecce3842bc807909b6a11c9ba3d11429,d3881a1328862a39dc4af32e15c4826237a09adca2da7038eafb5659ddb68bb4,3cbd5f76b124b82ce4f26fb66fcb37946580c4a15ad9e837f6f5beb2a7d3fb8d,MHK,0.3448598130841122,0.23457943925233646,0.4090875348610732,0.2413127413127413,0.5823897175207944,0.7707930367504836,0.4944270186795179,0.4321705426356589,0.47331525663803414,0.9289940828402368,0.3448598130841122,0.23053892215568855,"Mohawk Industries, Inc.",Consumer Cyclical,"Furnishings, Fixtures & Appliances",6826142720,112.3000030517578,238.0,820.0,2026-06-18,none,NOT_SELECTED,,
2026-06-22T160715Z,2026-06-22T16:07:15.765832+00:00,2026-06-22T17:23:48.252300+00:00,2026-06-18,data/prospective/daily_qvp/snapshots/2026-06-22T160715Z/raw,1070,1034,bf973ff3ecce3842bc807909b6a11c9ba3d11429,d3881a1328862a39dc4af32e15c4826237a09adca2da7038eafb5659ddb68bb4,3cbd5f76b124b82ce4f26fb66fcb37946580c4a15ad9e837f6f5beb2a7d3fb8d,IPAR,0.4705607476635514,0.4130841121495327,0.6337178738317757,0.8204633204633205,0.5822008047767394,0.769825918762089,0.5323537285825546,0.6094961240310077,0.796875,0.4791666666666667,0.4705607476635514,0.3828125,"Interparfums, Inc.",Consumer Defensive,Household & Personal Products,3134683136,99.08999633789062,239.0,629.0,2026-06-18,none,NOT_SELECTED,,
2026-06-22T160715Z,2026-06-22T16:07:15.765832+00:00,2026-06-22T17:23:48.252300+00:00,2026-06-18,data/prospective/daily_qvp/snapshots/2026-06-22T160715Z/raw,1070,1034,bf973ff3ecce3842bc807909b6a11c9ba3d11429,d3881a1328862a39dc4af32e15c4826237a09adca2da7038eafb5659ddb68bb4,3cbd5f76b124b82ce4f26fb66fcb37946580c4a15ad9e837f6f5beb2a7d3fb8d,JKHY,0.31612149532710276,0.20747663551401868,0.5385275781303818,0.611969111969112,0.5817411081429773,0.7688588007736944,0.5444139392153411,0.6695736434108527,0.7609336609336609,0.6681681681681683,0.31612149532710276,0.43243243243243235,"Jack Henry & Associates, Inc.",Technology,Information Technology Services,8728382464,126.2300033569336,240.0,849.0,2026-06-18,none,NOT_SELECTED,,
2026-06-22T160715Z,2026-06-22T16:07:15.765832+00:00,2026-06-22T17:23:48.252300+00:00,2026-06-18,data/prospective/daily_qvp/snapshots/2026-06-22T160715Z/raw,1070,1034,bf973ff3ecce3842bc807909b6a11c9ba3d11429,d3881a1328862a39dc4af32e15c4826237a09adca2da7038eafb5659ddb68bb4,3cbd5f76b124b82ce4f26fb66fcb37946580c4a15ad9e837f6f5beb2a7d3fb8d,GWW,0.7299065420560746,0.8621495327102804,0.7294320755476328,0.9546332046332047,0.5816666147702015,0.7678916827852998,0.5223610721887624,0.5523255813953488,0.7289576090391909,0.2861356932153392,0.7299065420560746,0.34444444444444444,"W.W. Grainger, Inc.",Industrials,Industrial Distribution,64189071360,1365.4100341796875,241.0,149.0,2026-06-18,none,NOT_SELECTED,,
2026-06-22T160715Z,2026-06-22T16:07:15.765832+00:00,2026-06-22T17:23:48.252300+00:00,2026-06-18,data/prospective/daily_qvp/snapshots/2026-06-22T160715Z/raw,1070,1034,bf973ff3ecce3842bc807909b6a11c9ba3d11429,d3881a1328862a39dc4af32e15c4826237a09adca2da7038eafb5659ddb68bb4,3cbd5f76b124b82ce4f26fb66fcb37946580c4a15ad9e837f6f5beb2a7d3fb8d,HP,0.7046728971962617,0.8214953271028037,0.504122162883845,0.5106177606177607,0.5815062785238706,0.7669245647969052,0.5557725660357601,0.7296511627906976,0.3035714285714285,0.7362745098039216,0.7046728971962617,0.47857142857142854,"Helmerich & Payne, Inc.",Energy,Oil & Gas Drilling,3488589568,34.970001220703125,242.0,192.0,2026-06-18,none,NOT_SELECTED,,
2026-06-22T160715Z,2026-06-22T16:07:15.765832+00:00,2026-06-22T17:23:48.252300+00:00,2026-06-18,data/prospective/daily_qvp/snapshots/2026-06-22T160715Z/raw,1070,1034,bf973ff3ecce3842bc807909b6a11c9ba3d11429,d3881a1328862a39dc4af32e15c4826237a09adca2da7038eafb5659ddb68bb4,3cbd5f76b124b82ce4f26fb66fcb37946580c4a15ad9e837f6f5beb2a7d3fb8d,ADBE,0.2098130841121495,0.10093457943925234,0.5215169024164351,0.5579150579150579,0.5814116686780239,0.7659574468085106,0.5402254181751845,0.6453488372093024,0.8332207207207207,0.7012012012012012,0.2098130841121495,0.4166666666666667,Adobe Inc.,Technology,Software - Application,76411420672,195.16000366210935,243.0,963.0,2026-06-18,none,NOT_SELECTED,,
2026-06-22T160715Z,2026-06-22T16:07:15.765832+00:00,2026-06-22T17:23:48.252300+00:00,2026-06-18,data/prospective/daily_qvp/snapshots/2026-06-22T160715Z/raw,1070,1034,bf973ff3ecce3842bc807909b6a11c9ba3d11429,d3881a1328862a39dc4af32e15c4826237a09adca2da7038eafb5659ddb68bb4,3cbd5f76b124b82ce4f26fb66fcb37946580c4a15ad9e837f6f5beb2a7d3fb8d,MDU,0.6967289719626168,0.8065420560747664,0.5719179634798472,0.6824324324324325,0.5809019944856232,0.7649903288201161,0.5477454613814587,0.687015503875969,0.4471069549970777,0.5988700564971751,0.6967289719626168,0.4482758620689655,"MDU Resources Group, Inc.",Utilities,Utilities - Regulated Gas,4453918208,21.290000915527344,244.0,208.0,2026-06-18,none,NOT_SELECTED,,
2026-06-22T160715Z,2026-06-22T16:07:15.765832+00:00,2026-06-22T17:23:48.252300+00:00,2026-06-18,data/prospective/daily_qvp/snapshots/2026-06-22T160715Z/raw,1070,1034,bf973ff3ecce3842bc807909b6a11c9ba3d11429,d3881a1328862a39dc4af32e15c4826237a09adca2da7038eafb5659ddb68bb4,3cbd5f76b124b82ce4f26fb66fcb37946580c4a15ad9e837f6f5beb2a7d3fb8d,ZBH,0.41682242990654206,0.34205607476635513,0.45358862764355556,0.34266409266409265,0.5808916969283154,0.7640232108317214,0.4929554071567841,0.42441860465116277,0.490354825380569,0.8354978354978355,0.41682242990654206,0.22914653784218997,"Zimmer Biomet Holdings, Inc.",Healthcare,Medical Devices,17125782528,87.97000122070312,245.0,705.0,2026-06-18,none,NOT_SELECTED,,
2026-06-22T160715Z,2026-06-22T16:07:15.765832+00:00,2026-06-22T17:23:48.252300+00:00,2026-06-18,data/prospective/daily_qvp/snapshots/2026-06-22T160715Z/raw,1070,1034,bf973ff3ecce3842bc807909b6a11c9ba3d11429,d3881a1328862a39dc4af32e15c4826237a09adca2da7038eafb5659ddb68bb4,3cbd5f76b124b82ce4f26fb66fcb37946580c4a15ad9e837f6f5beb2a7d3fb8d,ST,0.7376168224299064,0.8841121495327103,0.4838729075294495,0.43243243243243246,0.5808401966112245,0.7630560928433269,0.5127697870980581,0.5116279069767442,0.23012899262899256,0.7747747747747747,0.7376168224299064,0.3085585585585585,Sensata Technologies Holding plc,Technology,Scientific & Technical Instruments,7479570432,50.630001068115234,246.0,125.0,2026-06-18,none,NOT_SELECTED,,
2026-06-22T160715Z,2026-06-22T16:07:15.765832+00:00,2026-06-22T17:23:48.252300+00:00,2026-06-18,data/prospective/daily_qvp/snapshots/2026-06-22T160715Z/raw,1070,1034,bf973ff3ecce3842bc807909b6a11c9ba3d11429,d3881a1328862a39dc4af32e15c4826237a09adca2da7038eafb5659ddb68bb4,3cbd5f76b124b82ce4f26fb66fcb37946580c4a15ad9e837f6f5beb2a7d3fb8d,EXC,0.5656542056074766,0.5785046728971963,0.5459042506704829,0.6293436293436293,0.5805086718217533,0.7620889748549323,0.5862435728318321,0.8372093023255814,0.5261542957334892,0.6497175141242937,0.5656542056074766,0.603448275862069,Exelon Corporation,Utilities,Utilities - Regulated Electric,47226171392,45.810001373291016,247.0,452.0,2026-06-18,none,NOT_SELECTED,,
2026-06-22T160715Z,2026-06-22T16:07:15.765832+00:00,2026-06-22T17:23:48.252300+00:00,2026-06-18,data/prospective/daily_qvp/snapshots/2026-06-22T160715Z/raw,1070,1034,bf973ff3ecce3842bc807909b6a11c9ba3d11429,d3881a1328862a39dc4af32e15c4826237a09adca2da7038eafb5659ddb68bb4,3cbd5f76b124b82ce4f26fb66fcb37946580c4a15ad9e837f6f5beb2a7d3fb8d,CLOV,0.6004672897196262,0.6313084112149533,0.6012272045990822,0.7548262548262549,0.5804718160530679,0.7611218568665378,0.5672781776597686,0.7664728682170543,0.6019871194785382,0.538961038961039,0.6004672897196262,0.5276972624798711,"Clover Health Investments, Corp.",Healthcare,Healthcare Plans,2709790720,5.0,248.0,396.0,2026-06-18,none,NOT_SELECTED,,
2026-06-22T160715Z,2026-06-22T16:07:15.765832+00:00,2026-06-22T17:23:48.252300+00:00,2026-06-18,data/prospective/daily_qvp/snapshots/2026-06-22T160715Z/raw,1070,1034,bf973ff3ecce3842bc807909b6a11c9ba3d11429,d3881a1328862a39dc4af32e15c4826237a09adca2da7038eafb5659ddb68bb4,3cbd5f76b124b82ce4f26fb66fcb37946580c4a15ad9e837f6f5beb2a7d3fb8d,LCII,0.3880841121495327,0.2911214953271028,0.4450502362486536,0.3185328185328185,0.5800663639422319,0.7601547388781431,0.6244210304417038,0.9234496124031008,0.5020163603477744,0.8500986193293886,0.3880841121495327,0.7574850299401197,LCI Industries,Consumer Cyclical,Recreational Vehicles,2225131520,91.91999816894533,249.0,759.0,2026-06-18,none,NOT_SELECTED,,
2026-06-22T160715Z,2026-06-22T16:07:15.765832+00:00,2026-06-22T17:23:48.252300+00:00,2026-06-18,data/prospective/daily_qvp/snapshots/2026-06-22T160715Z/raw,1070,1034,bf973ff3ecce3842bc807909b6a11c9ba3d11429,d3881a1328862a39dc4af32e15c4826237a09adca2da7038eafb5659ddb68bb4,3cbd5f76b124b82ce4f26fb66fcb37946580c4a15ad9e837f6f5beb2a7d3fb8d,GVA,0.7460280373831776,0.9042056074766355,0.565393127414724,0.6698841698841699,0.5799769325341031,0.7591876208897486,0.6144271438450217,0.9079457364341085,0.3847582174462705,0.6091445427728613,0.7460280373831776,0.7177777777777778,Granite Construction Incorporated,Industrials,Engineering & Construction,6607283200,146.6699981689453,250.0,103.0,2026-06-18,none,NOT_SELECTED,,
2026-06-22T160715Z,2026-06-22T16:07:15.765832+00:00,2026-06-22T17:23:48.252300+00:00,2026-06-18,data/prospective/daily_qvp/snapshots/2026-06-22T160715Z/raw,1070,1034,bf973ff3ecce3842bc807909b6a11c9ba3d11429,d3881a1328862a39dc4af32e15c4826237a09adca2da7038eafb5659ddb68bb4,3cbd5f76b124b82ce4f26fb66fcb37946580c4a15ad9e837f6f5beb2a7d3fb8d,XYZ,0.47733644859813085,0.41962616822429905,0.43743460431544545,0.3030888030888031,0.5799113578319186,0.758220502901354,0.5475461309865516,0.685077519379845,0.39753276003276006,0.8648648648648649,0.47733644859813085,0.45045045045045046,"Block, Inc.",Technology,Software - Infrastructure,43210137600,74.77999877929688,251.0,622.0,2026-06-18,none,NOT_SELECTED,,
2026-06-22T160715Z,2026-06-22T16:07:15.765832+00:00,2026-06-22T17:23:48.252300+00:00,2026-06-18,data/prospective/daily_qvp/snapshots/2026-06-22T160715Z/raw,1070,1034,bf973ff3ecce3842bc807909b6a11c9ba3d11429,d3881a1328862a39dc4af32e15c4826237a09adca2da7038eafb5659ddb68bb4,3cbd5f76b124b82ce4f26fb66fcb37946580c4a15ad9e837f6f5beb2a7d3fb8d,ROKU,0.6137850467289719,0.6560747663551402,0.6630702000300293,0.8754826254826255,0.5797279594403094,0.7572533849129593,0.6181293029135653,0.9118217054263565,0.7123553533310865,0.41304347826086957,0.6137850467289719,0.7333333333333333,"Roku, Inc.",Communication Services,Entertainment,20178982912,138.07000732421875,252.0,369.0,2026-06-18,none,NOT_SELECTED,,
2026-06-22T160715Z,2026-06-22T16:07:15.765832+00:00,2026-06-22T17:23:48.252300+00:00,2026-06-18,data/prospective/daily_qvp/snapshots/2026-06-22T160715Z/raw,1070,1034,bf973ff3ecce3842bc807909b6a11c9ba3d11429,d3881a1328862a39dc4af32e15c4826237a09adca2da7038eafb5659ddb68bb4,3cbd5f76b124b82ce4f26fb66fcb37946580c4a15ad9e837f6f5beb2a7d3fb8d,NXT,0.6495327102803738,0.719626168224299,0.6461013264751583,0.8445945945945946,0.5793828662987541,0.7562862669245648,0.5392668794537954,0.6424418604651163,0.6426699426699427,0.4459459459459459,0.6495327102803738,0.4189189189189189,Nextpower Inc.,Technology,Solar,19585990656,125.9000015258789,253.0,301.0,2026-06-18,none,NOT_SELECTED,,
2026-06-22T160715Z,2026-06-22T16:07:15.765832+00:00,2026-06-22T17:23:48.252300+00:00,2026-06-18,data/prospective/daily_qvp/snapshots/2026-06-22T160715Z/raw,1070,1034,bf973ff3ecce3842bc807909b6a11c9ba3d11429,d3881a1328862a39dc4af32e15c4826237a09adca2da7038eafb5659ddb68bb4,3cbd5f76b124b82ce4f26fb66fcb37946580c4a15ad9e837f6f5beb2a7d3fb8d,GTX,0.8014018691588785,0.9803738317757009,0.6904304622105675,0.9131274131274131,0.579287632269241,0.7553191489361702,0.5639567421660026,0.7538759689922481,0.5794590552622565,0.35700197238658776,0.8014018691588785,0.5179640718562875,Garrett Motion Inc.,Consumer Cyclical,Auto Parts,6459874816,34.31999969482422,254.0,22.0,2026-06-18,none,NOT_SELECTED,,
2026-06-22T160715Z,2026-06-22T16:07:15.765832+00:00,2026-06-22T17:23:48.252300+00:00,2026-06-18,data/prospective/daily_qvp/snapshots/2026-06-22T160715Z/raw,1070,1034,bf973ff3ecce3842bc807909b6a11c9ba3d11429,d3881a1328862a39dc4af32e15c4826237a09adca2da7038eafb5659ddb68bb4,3cbd5f76b124b82ce4f26fb66fcb37946580c4a15ad9e837f6f5beb2a7d3fb8d,RRX,0.6476635514018692,0.7177570093457943,0.5243740086339308,0.5685328185328186,0.5791795259132794,0.7543520309477756,0.5404957555460705,0.6472868217054264,0.4010844658659924,0.6887905604719764,0.6476635514018692,0.4244444444444444,Regal Rexnord Corporation,Industrials,Specialty Industrial Machinery,15295690752,226.77999877929688,255.0,303.0,2026-06-18,none,NOT_SELECTED,,
2026-06-22T160715Z,2026-06-22T16:07:15.765832+00:00,2026-06-22T17:23:48.252300+00:00,2026-06-18,data/prospective/daily_qvp/snapshots/2026-06-22T160715Z/raw,1070,1034,bf973ff3ecce3842bc807909b6a11c9ba3d11429,d3881a1328862a39dc4af32e15c4826237a09adca2da7038eafb5659ddb68bb4,3cbd5f76b124b82ce4f26fb66fcb37946580c4a15ad9e837f6f5beb2a7d3fb8d,DVA,0.7373831775700934,0.8827102803738318,0.5689817210402819,0.6805019305019305,0.5791768472158878,0.753384912959381,0.5084365806615132,0.4903100775193798,0.4005802645104704,0.5995670995670995,0.7373831775700934,0.29621578099838963,DaVita Inc.,Healthcare,Medical Care Facilities,13783729152,207.91000366210935,256.0,126.0,2026-06-18,none,NOT_SELECTED,,
2026-06-22T160715Z,2026-06-22T16:07:15.765832+00:00,2026-06-22T17:23:48.252300+00:00,2026-06-18,data/prospective/daily_qvp/snapshots/2026-06-22T160715Z/raw,1070,1034,bf973ff3ecce3842bc807909b6a11c9ba3d11429,d3881a1328862a39dc4af32e15c4826237a09adca2da7038eafb5659ddb68bb4,3cbd5f76b124b82ce4f26fb66fcb37946580c4a15ad9e837f6f5beb2a7d3fb8d,SEM,0.5829439252336448,0.6018691588785047,0.41577634101874084,0.25,0.5787715289331288,0.7524177949709865,0.5268725275372057,0.5804263565891473,0.24860875680383687,0.9047619047619048,0.5829439252336448,0.3711755233494364,Select Medical Holdings Corporation,Healthcare,Medical Care Facilities,2050531712,16.540000915527344,257.0,427.0,2026-06-18,none,NOT_SELECTED,,
2026-06-22T160715Z,2026-06-22T16:07:15.765832+00:00,2026-06-22T17:23:48.252300+00:00,2026-06-18,data/prospective/daily_qvp/snapshots/2026-06-22T160715Z/raw,1070,1034,bf973ff3ecce3842bc807909b6a11c9ba3d11429,d3881a1328862a39dc4af32e15c4826237a09adca2da7038eafb5659ddb68bb4,3cbd5f76b124b82ce4f26fb66fcb37946580c4a15ad9e837f6f5beb2a7d3fb8d,BKR,0.7014018691588785,0.814018691588785,0.636415220293725,0.8252895752895753,0.5786185502238278,0.7514506769825918,0.5732496269535852,0.7887596899224806,0.5714285714285714,0.4630252100840335,0.7014018691588785,0.5571428571428572,Baker Hughes Company,Energy,Oil & Gas Equipment & Services,57693753344,58.40999984741211,258.0,200.0,2026-06-18,none,NOT_SELECTED,,
2026-06-22T160715Z,2026-06-22T16:07:15.765832+00:00,2026-06-22T17:23:48.252300+00:00,2026-06-18,data/prospective/daily_qvp/snapshots/2026-06-22T160715Z/raw,1070,1034,bf973ff3ecce3842bc807909b6a11c9ba3d11429,d3881a1328862a39dc4af32e15c4826237a09adca2da7038eafb5659ddb68bb4,3cbd5f76b124b82ce4f26fb66fcb37946580c4a15ad9e837f6f5beb2a7d3fb8d,KEYS,0.811214953271028,0.9841121495327103,0.7062370835151208,0.9305019305019305,0.577931829450521,0.7504835589941973,0.5027056288446475,0.4689922480620155,0.6012592137592138,0.3213213213213213,0.811214953271028,0.277027027027027,"Keysight Technologies, Inc.",Technology,Scientific & Technical Instruments,63183433728,363.6700134277344,259.0,18.0,2026-06-18,none,NOT_SELECTED,,
2026-06-22T160715Z,2026-06-22T16:07:15.765832+00:00,2026-06-22T17:23:48.252300+00:00,2026-06-18,data/prospective/daily_qvp/snapshots/2026-06-22T160715Z/raw,1070,1034,bf973ff3ecce3842bc807909b6a11c9ba3d11429,d3881a1328862a39dc4af32e15c4826237a09adca2da7038eafb5659ddb68bb4,3cbd5f76b124b82ce4f26fb66fcb37946580c4a15ad9e837f6f5beb2a7d3fb8d,LNT,0.6787383177570093,0.7691588785046729,0.6215871600474117,0.7944015444015444,0.577291628355525,0.7495164410058027,0.5924514798873334,0.8488372093023255,0.5644360023378141,0.48870056497175146,0.6787383177570093,0.6379310344827587,Alliant Energy Corporation,Utilities,Utilities - Regulated Electric,19050514432,73.0,260.0,248.0,2026-06-18,none,NOT_SELECTED,,
2026-06-22T160715Z,2026-06-22T16:07:15.765832+00:00,2026-06-22T17:23:48.252300+00:00,2026-06-18,data/prospective/daily_qvp/snapshots/2026-06-22T160715Z/raw,1070,1034,bf973ff3ecce3842bc807909b6a11c9ba3d11429,d3881a1328862a39dc4af32e15c4826237a09adca2da7038eafb5659ddb68bb4,3cbd5f76b124b82ce4f26fb66fcb37946580c4a15ad9e837f6f5beb2a7d3fb8d,LFUS,0.813785046728972,0.9850467289719627,0.5978323268042894,0.747104247104247,0.5772335632148716,0.7485493230174082,0.5624296769156583,0.748062015503876,0.38187960687960687,0.536036036036036,0.813785046728972,0.5180180180180181,"Littelfuse, Inc.",Technology,Electronic Components,12157134848,479.8200073242187,261.0,17.0,2026-06-18,none,NOT_SELECTED,,
2026-06-22T160715Z,2026-06-22T16:07:15.765832+00:00,2026-06-22T17:23:48.252300+00:00,2026-06-18,data/prospective/daily_qvp/snapshots/2026-06-22T160715Z/raw,1070,1034,bf973ff3ecce3842bc807909b6a11c9ba3d11429,d3881a1328862a39dc4af32e15c4826237a09adca2da7038eafb5659ddb68bb4,3cbd5f76b124b82ce4f26fb66fcb37946580c4a15ad9e837f6f5beb2a7d3fb8d,TDY,0.6514018691588785,0.7233644859813084,0.5549853326138373,0.6447876447876448,0.5771974289497654,0.7475822050290135,0.5179205942348466,0.5339147286821705,0.4585687960687961,0.6216216216216216,0.6514018691588785,0.34009009009009006,Teledyne Technologies Incorporated,Technology,Scientific & Technical Instruments,28421533696,619.5800170898438,262.0,297.0,2026-06-18,none,NOT_SELECTED,,
2026-06-22T160715Z,2026-06-22T16:07:15.765832+00:00,2026-06-22T17:23:48.252300+00:00,2026-06-18,data/prospective/daily_qvp/snapshots/2026-06-22T160715Z/raw,1070,1034,bf973ff3ecce3842bc807909b6a11c9ba3d11429,d3881a1328862a39dc4af32e15c4826237a09adca2da7038eafb5659ddb68bb4,3cbd5f76b124b82ce4f26fb66fcb37946580c4a15ad9e837f6f5beb2a7d3fb8d,GTES,0.5467289719626168,0.5355140186915888,0.495067630734785,0.47586872586872586,0.5768494136068675,0.746615087040619,0.535970393538484,0.627906976744186,0.4434062895069532,0.7404129793510325,0.5467289719626168,0.41333333333333333,Gates Industrial Corporation plc,Industrials,Specialty Industrial Machinery,7204708352,28.09000015258789,263.0,498.0,2026-06-18,none,NOT_SELECTED,,
2026-06-22T160715Z,2026-06-22T16:07:15.765832+00:00,2026-06-22T17:23:48.252300+00:00,2026-06-18,data/prospective/daily_qvp/snapshots/2026-06-22T160715Z/raw,1070,1034,bf973ff3ecce3842bc807909b6a11c9ba3d11429,d3881a1328862a39dc4af32e15c4826237a09adca2da7038eafb5659ddb68bb4,3cbd5f76b124b82ce4f26fb66fcb37946580c4a15ad9e837f6f5beb2a7d3fb8d,MOG-A,0.794392523364486,0.9757009345794393,0.6688707638946323,0.888996138996139,0.5766906370900302,0.7456479690522244,0.5514068667064116,0.7054263565891473,0.5433490044247787,0.392330383480826,0.794392523364486,0.4755555555555555,Moog Inc.,Industrials,Aerospace & Defense,12735754240,409.1499938964844,264.0,27.0,2026-06-18,none,NOT_SELECTED,,
2026-06-22T160715Z,2026-06-22T16:07:15.765832+00:00,2026-06-22T17:23:48.252300+00:00,2026-06-18,data/prospective/daily_qvp/snapshots/2026-06-22T160715Z/raw,1070,1034,bf973ff3ecce3842bc807909b6a11c9ba3d11429,d3881a1328862a39dc4af32e15c4826237a09adca2da7038eafb5659ddb68bb4,3cbd5f76b124b82ce4f26fb66fcb37946580c4a15ad9e837f6f5beb2a7d3fb8d,COKE,0.6348130841121495,0.6953271028037383,0.6162346670560748,0.777992277992278,0.5766217224818276,0.7446808510638298,0.5652787918613706,0.7577519379844961,0.59765625,0.4973958333333333,0.6348130841121495,0.53125,"Coca-Cola Consolidated, Inc.",Consumer Defensive,Beverages - Non-Alcoholic,11931982848,181.5399932861328,265.0,327.0,2026-06-18,none,NOT_SELECTED,,
2026-06-22T160715Z,2026-06-22T16:07:15.765832+00:00,2026-06-22T17:23:48.252300+00:00,2026-06-18,data/prospective/daily_qvp/snapshots/2026-06-22T160715Z/raw,1070,1034,bf973ff3ecce3842bc807909b6a11c9ba3d11429,d3881a1328862a39dc4af32e15c4826237a09adca2da7038eafb5659ddb68bb4,3cbd5f76b124b82ce4f26fb66fcb37946580c4a15ad9e837f6f5beb2a7d3fb8d,KTB,0.4144859813084112,0.33598130841121493,0.5589517666778134,0.6515444015444015,0.5764477918548999,0.7437137330754352,0.5723059037714144,0.7848837209302325,0.7034175520472158,0.6114398422090729,0.4144859813084112,0.5598802395209581,"Kontoor Brands, Inc.",Consumer Cyclical,Apparel Manufacturing,4255971840,78.16999816894531,266.0,711.0,2026-06-18,none,NOT_SELECTED,,
2026-06-22T160715Z,2026-06-22T16:07:15.765832+00:00,2026-06-22T17:23:48.252300+00:00,2026-06-18,data/prospective/daily_qvp/snapshots/2026-06-22T160715Z/raw,1070,1034,bf973ff3ecce3842bc807909b6a11c9ba3d11429,d3881a1328862a39dc4af32e15c4826237a09adca2da7038eafb5659ddb68bb4,3cbd5f76b124b82ce4f26fb66fcb37946580c4a15ad9e837f6f5beb2a7d3fb8d,RSI,0.7121495327102804,0.8299065420560747,0.7433002361678394,0.9681467181467182,0.576401340877179,0.7427466150870407,0.6680794487716566,0.9748062015503876,0.7744509396253983,0.24260355029585798,0.7121495327102804,0.9431137724550898,"Rush Street Interactive, Inc.",Consumer Cyclical,Gambling,7056067584,29.09000015258789,267.0,183.0,2026-06-18,none,NOT_SELECTED,,
2026-06-22T160715Z,2026-06-22T16:07:15.765832+00:00,2026-06-22T17:23:48.252300+00:00,2026-06-18,data/prospective/daily_qvp/snapshots/2026-06-22T160715Z/raw,1070,1034,bf973ff3ecce3842bc807909b6a11c9ba3d11429,d3881a1328862a39dc4af32e15c4826237a09adca2da7038eafb5659ddb68bb4,3cbd5f76b124b82ce4f26fb66fcb37946580c4a15ad9e837f6f5beb2a7d3fb8d,DVN,0.6600467289719626,0.7345794392523365,0.628237650200267,0.806949806949807,0.5763881253435953,0.741779497098646,0.5519339511505537,0.7093023255813954,0.5964285714285714,0.47268907563025203,0.6600467289719626,0.47857142857142854,Devon Energy Corporation,Energy,Oil & Gas E&P,49457926144,42.119998931884766,268.0,285.0,2026-06-18,none,NOT_SELECTED,,
2026-06-22T160715Z,2026-06-22T16:07:15.765832+00:00,2026-06-22T17:23:48.252300+00:00,2026-06-18,data/prospective/daily_qvp/snapshots/2026-06-22T160715Z/raw,1070,1034,bf973ff3ecce3842bc807909b6a11c9ba3d11429,d3881a1328862a39dc4af32e15c4826237a09adca2da7038eafb5659ddb68bb4,3cbd5f76b124b82ce4f26fb66fcb37946580c4a15ad9e837f6f5beb2a7d3fb8d,AA,0.6299065420560748,0.6841121495327103,0.5670366043613707,0.6737451737451737,0.5761725510557286,0.7408123791102514,0.5737960799584632,0.7906976744186046,0.5041666666666667,0.5944444444444444,0.6299065420560748,0.5666666666666667,Alcoa Corporation,Basic Materials,Aluminum,15293737984,59.369998931884766,269.0,339.0,2026-06-18,none,NOT_SELECTED,,
2026-06-22T160715Z,2026-06-22T16:07:15.765832+00:00,2026-06-22T17:23:48.252300+00:00,2026-06-18,data/prospective/daily_qvp/snapshots/2026-06-22T160715Z/raw,1070,1034,bf973ff3ecce3842bc807909b6a11c9ba3d11429,d3881a1328862a39dc4af32e15c4826237a09adca2da7038eafb5659ddb68bb4,3cbd5f76b124b82ce4f26fb66fcb37946580c4a15ad9e837f6f5beb2a7d3fb8d,KSS,0.3037383177570094,0.19439252336448598,0.37367625790952125,0.17953667953667954,0.5758762166471102,0.7398452611218569,0.5179850067967098,0.5348837209302325,0.4436141980620331,0.980276134122288,0.3037383177570094,0.344311377245509,Kohl's Corporation,Consumer Cyclical,Department Stores,2030426880,17.25,270.0,863.0,2026-06-18,none,NOT_SELECTED,,
2026-06-22T160715Z,2026-06-22T16:07:15.765832+00:00,2026-06-22T17:23:48.252300+00:00,2026-06-18,data/prospective/daily_qvp/snapshots/2026-06-22T160715Z/raw,1070,1034,bf973ff3ecce3842bc807909b6a11c9ba3d11429,d3881a1328862a39dc4af32e15c4826237a09adca2da7038eafb5659ddb68bb4,3cbd5f76b124b82ce4f26fb66fcb37946580c4a15ad9e837f6f5beb2a7d3fb8d,BDX,0.4939252336448598,0.4481308411214953,0.4514730806149303,0.333976833976834,0.5758738286350618,0.7388781431334622,0.5168691395922383,0.5271317829457365,0.40902092758500086,0.8246753246753246,0.4939252336448598,0.33985507246376806,"Becton, Dickinson and Company",Healthcare,Medical Instruments & Supplies,39270023168,143.97999572753906,271.0,591.0,2026-06-18,none,NOT_SELECTED,,
2026-06-22T160715Z,2026-06-22T16:07:15.765832+00:00,2026-06-22T17:23:48.252300+00:00,2026-06-18,data/prospective/daily_qvp/snapshots/2026-06-22T160715Z/raw,1070,1034,bf973ff3ecce3842bc807909b6a11c9ba3d11429,d3881a1328862a39dc4af32e15c4826237a09adca2da7038eafb5659ddb68bb4,3cbd5f76b124b82ce4f26fb66fcb37946580c4a15ad9e837f6f5beb2a7d3fb8d,ASO,0.3780373831775701,0.27850467289719627,0.4564233898001392,0.35424710424710426,0.5758141467832617,0.7379110251450677,0.5239264783509193,0.561046511627907,0.5348093964227083,0.8145956607495068,0.3780373831775701,0.3682634730538922,"Academy Sports and Outdoors, Inc.",Consumer Cyclical,Specialty Retail,3271159040,51.81999969482422,272.0,773.0,2026-06-18,none,NOT_SELECTED,,
2026-06-22T160715Z,2026-06-22T16:07:15.765832+00:00,2026-06-22T17:23:48.252300+00:00,2026-06-18,data/prospective/daily_qvp/snapshots/2026-06-22T160715Z/raw,1070,1034,bf973ff3ecce3842bc807909b6a11c9ba3d11429,d3881a1328862a39dc4af32e15c4826237a09adca2da7038eafb5659ddb68bb4,3cbd5f76b124b82ce4f26fb66fcb37946580c4a15ad9e837f6f5beb2a7d3fb8d,CMC,0.5651869158878504,0.577570093457944,0.4538067164774271,0.34459459459459457,0.5749075258325423,0.7369439071566731,0.4717361999299623,0.35174418604651164,0.3424265170670037,0.8171091445427728,0.5651869158878504,0.1622222222222222,Commercial Metals Company,Industrials,Metal Fabrication,8128599552,72.36000061035156,273.0,453.0,2026-06-18,none,NOT_SELECTED,,
2026-06-22T160715Z,2026-06-22T16:07:15.765832+00:00,2026-06-22T17:23:48.252300+00:00,2026-06-18,data/prospective/daily_qvp/snapshots/2026-06-22T160715Z/raw,1070,1034,bf973ff3ecce3842bc807909b6a11c9ba3d11429,d3881a1328862a39dc4af32e15c4826237a09adca2da7038eafb5659ddb68bb4,3cbd5f76b124b82ce4f26fb66fcb37946580c4a15ad9e837f6f5beb2a7d3fb8d,HUN,0.5184579439252336,0.48878504672897194,0.3967289719626168,0.2133204633204633,0.5746711664935963,0.7359767891682786,0.49350337487019724,0.4263565891472868,0.27499999999999997,0.9305555555555555,0.5184579439252336,0.24999999999999994,Huntsman Corporation,Basic Materials,Chemicals,2084454144,12.06999969482422,274.0,548.0,2026-06-18,none,NOT_SELECTED,,
2026-06-22T160715Z,2026-06-22T16:07:15.765832+00:00,2026-06-22T17:23:48.252300+00:00,2026-06-18,data/prospective/daily_qvp/snapshots/2026-06-22T160715Z/raw,1070,1034,bf973ff3ecce3842bc807909b6a11c9ba3d11429,d3881a1328862a39dc4af32e15c4826237a09adca2da7038eafb5659ddb68bb4,3cbd5f76b124b82ce4f26fb66fcb37946580c4a15ad9e837f6f5beb2a7d3fb8d,ADI,0.8175233644859813,0.9869158878504672,0.6914910024723109,0.915057915057915,0.5746076152618208,0.7350096711798839,0.6077575132481674,0.8953488372093024,0.5654586404586404,0.3408408408408408,0.8175233644859813,0.7072072072072072,"Analog Devices, Inc.",Technology,Semiconductors,214108848128,434.4599914550781,275.0,15.0,2026-06-18,none,NOT_SELECTED,,
2026-06-22T160715Z,2026-06-22T16:07:15.765832+00:00,2026-06-22T17:23:48.252300+00:00,2026-06-18,data/prospective/daily_qvp/snapshots/2026-06-22T160715Z/raw,1070,1034,bf973ff3ecce3842bc807909b6a11c9ba3d11429,d3881a1328862a39dc4af32e15c4826237a09adca2da7038eafb5659ddb68bb4,3cbd5f76b124b82ce4f26fb66fcb37946580c4a15ad9e837f6f5beb2a7d3fb8d,ULS,0.627570093457944,0.680841121495327,0.7340995220766332,0.9623552123552124,0.5739621199291616,0.7340425531914894,0.6065827010579823,0.8895348837209303,0.8406289506953224,0.25368731563421826,0.627570093457944,0.7044444444444444,UL Solutions Inc.,Industrials,Specialty Business Services,18193088512,91.33999633789062,276.0,343.0,2026-06-18,none,NOT_SELECTED,,
2026-06-22T160715Z,2026-06-22T16:07:15.765832+00:00,2026-06-22T17:23:48.252300+00:00,2026-06-18,data/prospective/daily_qvp/snapshots/2026-06-22T160715Z/raw,1070,1034,bf973ff3ecce3842bc807909b6a11c9ba3d11429,d3881a1328862a39dc4af32e15c4826237a09adca2da7038eafb5659ddb68bb4,3cbd5f76b124b82ce4f26fb66fcb37946580c4a15ad9e837f6f5beb2a7d3fb8d,CPRT,0.3320093457943925,0.21962616822429906,0.5888426548820256,0.724903474903475,0.5734860570403278,0.7330754352030948,0.5590034316691348,0.7403100775193798,0.8456759639696587,0.5427728613569321,0.3320093457943925,0.5155555555555555,"Copart, Inc.",Industrials,Specialty Business Services,28480212992,30.229999542236328,277.0,836.0,2026-06-18,none,NOT_SELECTED,,
2026-06-22T160715Z,2026-06-22T16:07:15.765832+00:00,2026-06-22T17:23:48.252300+00:00,2026-06-18,data/prospective/daily_qvp/snapshots/2026-06-22T160715Z/raw,1070,1034,bf973ff3ecce3842bc807909b6a11c9ba3d11429,d3881a1328862a39dc4af32e15c4826237a09adca2da7038eafb5659ddb68bb4,3cbd5f76b124b82ce4f26fb66fcb37946580c4a15ad9e837f6f5beb2a7d3fb8d,LH,0.49088785046728967,0.4383177570093458,0.4633686825891802,0.3745173745173745,0.5729817191287175,0.7321083172147002,0.549039832019646,0.6937984496124031,0.43584951471107075,0.7922077922077921,0.49088785046728967,0.47721417069243155,Labcorp Holdings Inc.,Healthcare,Diagnostics & Research,20908154880,255.82000732421875,278.0,602.0,2026-06-18,none,NOT_SELECTED,,
2026-06-22T160715Z,2026-06-22T16:07:15.765832+00:00,2026-06-22T17:23:48.252300+00:00,2026-06-18,data/prospective/daily_qvp/snapshots/2026-06-22T160715Z/raw,1070,1034,bf973ff3ecce3842bc807909b6a11c9ba3d11429,d3881a1328862a39dc4af32e15c4826237a09adca2da7038eafb5659ddb68bb4,3cbd5f76b124b82ce4f26fb66fcb37946580c4a15ad9e837f6f5beb2a7d3fb8d,MNST,0.7289719626168224,0.8588785046728972,0.8029625438084111,0.9961389961389961,0.5726347514278297,0.7311411992263056,0.6540854385708722,0.9612403100775194,0.876953125,0.11197916666666667,0.7289719626168224,0.8984375,Monster Beverage Corporation,Consumer Defensive,Beverages - Non-Alcoholic,91013431296,91.33999633789062,279.0,152.0,2026-06-18,none,NOT_SELECTED,,
2026-06-22T160715Z,2026-06-22T16:07:15.765832+00:00,2026-06-22T17:23:48.252300+00:00,2026-06-18,data/prospective/daily_qvp/snapshots/2026-06-22T160715Z/raw,1070,1034,bf973ff3ecce3842bc807909b6a11c9ba3d11429,d3881a1328862a39dc4af32e15c4826237a09adca2da7038eafb5659ddb68bb4,3cbd5f76b124b82ce4f26fb66fcb37946580c4a15ad9e837f6f5beb2a7d3fb8d,RNG,0.5509345794392523,0.5439252336448598,0.544066286443623,0.6254826254826255,0.5724205673387917,0.730174081237911,0.5509370471257153,0.7015503875968992,0.5371979934479936,0.6291291291291291,0.5509345794392523,0.48648648648648646,"RingCentral, Inc.",Technology,Software - Application,2814295040,35.02000045776367,280.0,489.0,2026-06-18,none,NOT_SELECTED,,
2026-06-22T160715Z,2026-06-22T16:07:15.765832+00:00,2026-06-22T17:23:48.252300+00:00,2026-06-18,data/prospective/daily_qvp/snapshots/2026-06-22T160715Z/raw,1070,1034,bf973ff3ecce3842bc807909b6a11c9ba3d11429,d3881a1328862a39dc4af32e15c4826237a09adca2da7038eafb5659ddb68bb4,3cbd5f76b124b82ce4f26fb66fcb37946580c4a15ad9e837f6f5beb2a7d3fb8d,GAP,0.2626168224299065,0.15327102803738318,0.42122920361156324,0.2644787644787645,0.57207522186859,0.7292069632495164,0.535343841551143,0.623062015503876,0.57984158479322,0.8737672583826431,0.2626168224299065,0.42514970059880236,"The Gap, Inc.",Consumer Cyclical,Apparel Retail,7397566976,21.149999618530273,281.0,907.0,2026-06-18,none,NOT_SELECTED,,
2026-06-22T160715Z,2026-06-22T16:07:15.765832+00:00,2026-06-22T17:23:48.252300+00:00,2026-06-18,data/prospective/daily_qvp/snapshots/2026-06-22T160715Z/raw,1070,1034,bf973ff3ecce3842bc807909b6a11c9ba3d11429,d3881a1328862a39dc4af32e15c4826237a09adca2da7038eafb5659ddb68bb4,3cbd5f76b124b82ce4f26fb66fcb37946580c4a15ad9e837f6f5beb2a7d3fb8d,PPLI,0.5544392523364485,0.5537383177570093,0.49370934642437525,0.4671814671814672,0.5718931874713227,0.7282398452611218,0.5303087794923809,0.5959302325581395,0.43297944051230197,0.7282608695652174,0.5544392523364485,0.40555555555555556,People Incorporated,Communication Services,Internet Content & Information,3129481984,42.720001220703125,282.0,478.0,2026-06-18,none,NOT_SELECTED,,
2026-06-22T160715Z,2026-06-22T16:07:15.765832+00:00,2026-06-22T17:23:48.252300+00:00,2026-06-18,data/prospective/daily_qvp/snapshots/2026-06-22T160715Z/raw,1070,1034,bf973ff3ecce3842bc807909b6a11c9ba3d11429,d3881a1328862a39dc4af32e15c4826237a09adca2da7038eafb5659ddb68bb4,3cbd5f76b124b82ce4f26fb66fcb37946580c4a15ad9e837f6f5beb2a7d3fb8d,PPG,0.5320093457943925,0.514018691588785,0.5764213395638629,0.6891891891891891,0.5713179300796124,0.7272727272727273,0.5368217808930426,0.6337209302325582,0.6208333333333332,0.5611111111111111,0.5320093457943925,0.43333333333333335,"PPG Industries, Inc.",Basic Materials,Specialty Chemicals,26801496064,118.25,283.0,521.0,2026-06-18,none,NOT_SELECTED,,
2026-06-22T160715Z,2026-06-22T16:07:15.765832+00:00,2026-06-22T17:23:48.252300+00:00,2026-06-18,data/prospective/daily_qvp/snapshots/2026-06-22T160715Z/raw,1070,1034,bf973ff3ecce3842bc807909b6a11c9ba3d11429,d3881a1328862a39dc4af32e15c4826237a09adca2da7038eafb5659ddb68bb4,3cbd5f76b124b82ce4f26fb66fcb37946580c4a15ad9e837f6f5beb2a7d3fb8d,LRCX,0.7731308411214953,0.9532710280373832,0.7858590323543595,0.9903474903474904,0.57095306861662,0.7263056092843327,0.606705792453456,0.8905038759689923,0.7985872235872236,0.1411411411411411,0.7731308411214953,0.713963963963964,Lam Research Corporation,Technology,Semiconductor Equipment & Materials,495938961408,389.0400085449219,284.0,51.0,2026-06-18,none,NOT_SELECTED,,
2026-06-22T160715Z,2026-06-22T16:07:15.765832+00:00,2026-06-22T17:23:48.252300+00:00,2026-06-18,data/prospective/daily_qvp/snapshots/2026-06-22T160715Z/raw,1070,1034,bf973ff3ecce3842bc807909b6a11c9ba3d11429,d3881a1328862a39dc4af32e15c4826237a09adca2da7038eafb5659ddb68bb4,3cbd5f76b124b82ce4f26fb66fcb37946580c4a15ad9e837f6f5beb2a7d3fb8d,HSIC,0.5247663551401869,0.4981308411214953,0.49313008845859474,0.4642857142857143,0.5704561340084715,0.7253384912959381,0.49485095718912336,0.436046511627907,0.46149382177700254,0.725108225108225,0.5247663551401869,0.26803542673107883,"Henry Schein, Inc.",Healthcare,Medical Distribution,9066634240,79.91999816894531,285.0,538.0,2026-06-18,none,NOT_SELECTED,,
2026-06-22T160715Z,2026-06-22T16:07:15.765832+00:00,2026-06-22T17:23:48.252300+00:00,2026-06-18,data/prospective/daily_qvp/snapshots/2026-06-22T160715Z/raw,1070,1034,bf973ff3ecce3842bc807909b6a11c9ba3d11429,d3881a1328862a39dc4af32e15c4826237a09adca2da7038eafb5659ddb68bb4,3cbd5f76b124b82ce4f26fb66fcb37946580c4a15ad9e837f6f5beb2a7d3fb8d,CROX,0.4911214953271028,0.4411214953271028,0.5358698694875281,0.6052123552123552,0.570264331137642,0.7243713733075435,0.46063238008975843,0.3023255813953488,0.5806182436479534,0.6390532544378699,0.4911214953271028,0.13173652694610774,"Crocs, Inc.",Consumer Cyclical,Footwear & Accessories,6280771584,125.0500030517578,286.0,599.0,2026-06-18,none,NOT_SELECTED,,
2026-06-22T160715Z,2026-06-22T16:07:15.765832+00:00,2026-06-22T17:23:48.252300+00:00,2026-06-18,data/prospective/daily_qvp/snapshots/2026-06-22T160715Z/raw,1070,1034,bf973ff3ecce3842bc807909b6a11c9ba3d11429,d3881a1328862a39dc4af32e15c4826237a09adca2da7038eafb5659ddb68bb4,3cbd5f76b124b82ce4f26fb66fcb37946580c4a15ad9e837f6f5beb2a7d3fb8d,FSS,0.469392523364486,0.4098130841121495,0.5977750385469712,0.7461389961389961,0.5700997798769385,0.723404255319149,0.628685946018815,0.9273255813953488,0.7261575537294565,0.5147492625368731,0.469392523364486,0.8044444444444444,Federal Signal Corporation,Industrials,Farm & Heavy Construction Machinery,7155565056,118.5199966430664,287.0,632.0,2026-06-18,none,NOT_SELECTED,,
2026-06-22T160715Z,2026-06-22T16:07:15.765832+00:00,2026-06-22T17:23:48.252300+00:00,2026-06-18,data/prospective/daily_qvp/snapshots/2026-06-22T160715Z/raw,1070,1034,bf973ff3ecce3842bc807909b6a11c9ba3d11429,d3881a1328862a39dc4af32e15c4826237a09adca2da7038eafb5659ddb68bb4,3cbd5f76b124b82ce4f26fb66fcb37946580c4a15ad9e837f6f5beb2a7d3fb8d,MGEE,0.4553738317757009,0.39065420560747666,0.5921667522408605,0.7326254826254827,0.5699190777650934,0.7224371373307543,0.5955427565996821,0.8546511627906976,0.7289596727060199,0.5254237288135594,0.4553738317757009,0.6724137931034483,"MGE Energy, Inc.",Utilities,Utilities - Regulated Electric,2883834112,75.91999816894531,288.0,653.0,2026-06-18,none,NOT_SELECTED,,
2026-06-22T160715Z,2026-06-22T16:07:15.765832+00:00,2026-06-22T17:23:48.252300+00:00,2026-06-18,data/prospective/daily_qvp/snapshots/2026-06-22T160715Z/raw,1070,1034,bf973ff3ecce3842bc807909b6a11c9ba3d11429,d3881a1328862a39dc4af32e15c4826237a09adca2da7038eafb5659ddb68bb4,3cbd5f76b124b82ce4f26fb66fcb37946580c4a15ad9e837f6f5beb2a7d3fb8d,PSX,0.730607476635514,0.8654205607476636,0.5956608811748998,0.7413127413127413,0.5698430150876549,0.7214700193423598,0.5345251184585984,0.6191860465116279,0.4607142857142857,0.5182072829131652,0.730607476635514,0.42857142857142855,Phillips 66,Energy,Oil & Gas Refining & Marketing,67409203200,166.13999938964844,289.0,145.0,2026-06-18,none,NOT_SELECTED,,
2026-06-22T160715Z,2026-06-22T16:07:15.765832+00:00,2026-06-22T17:23:48.252300+00:00,2026-06-18,data/prospective/daily_qvp/snapshots/2026-06-22T160715Z/raw,1070,1034,bf973ff3ecce3842bc807909b6a11c9ba3d11429,d3881a1328862a39dc4af32e15c4826237a09adca2da7038eafb5659ddb68bb4,3cbd5f76b124b82ce4f26fb66fcb37946580c4a15ad9e837f6f5beb2a7d3fb8d,ACLS,0.7378504672897196,0.8850467289719626,0.6457833417529679,0.8436293436293436,0.5696613669744511,0.7205029013539652,0.4342843135191266,0.21220930232558138,0.5537162162162163,0.41741741741741745,0.7378504672897196,0.0281531531531531,"Axcelis Technologies, Inc.",Technology,Semiconductor Equipment & Materials,5562220544,187.52999877929688,290.0,124.0,2026-06-18,none,NOT_SELECTED,,
2026-06-22T160715Z,2026-06-22T16:07:15.765832+00:00,2026-06-22T17:23:48.252300+00:00,2026-06-18,data/prospective/daily_qvp/snapshots/2026-06-22T160715Z/raw,1070,1034,bf973ff3ecce3842bc807909b6a11c9ba3d11429,d3881a1328862a39dc4af32e15c4826237a09adca2da7038eafb5659ddb68bb4,3cbd5f76b124b82ce4f26fb66fcb37946580c4a15ad9e837f6f5beb2a7d3fb8d,MAS,0.5341121495327104,0.5163551401869159,0.5988700365236246,0.75,0.5693548522743533,0.7195357833655706,0.472016139205765,0.3536821705426357,0.6636279235145387,0.5103244837758111,0.5341121495327104,0.17999999999999994,Masco Corporation,Industrials,Building Products & Equipment,15021146112,74.37999725341797,291.0,518.0,2026-06-18,none,NOT_SELECTED,,
2026-06-22T160715Z,2026-06-22T16:07:15.765832+00:00,2026-06-22T17:23:48.252300+00:00,2026-06-18,data/prospective/daily_qvp/snapshots/2026-06-22T160715Z/raw,1070,1034,bf973ff3ecce3842bc807909b6a11c9ba3d11429,d3881a1328862a39dc4af32e15c4826237a09adca2da7038eafb5659ddb68bb4,3cbd5f76b124b82ce4f26fb66fcb37946580c4a15ad9e837f6f5beb2a7d3fb8d,FTV,0.6156542056074766,0.6579439252336449,0.5334106408872764,0.5965250965250966,0.5693208076385646,0.718568665377176,0.47597709221540996,0.3643410852713178,0.45116707616707613,0.6411411411411412,0.6156542056074766,0.1959459459459459,Fortive Corporation,Technology,Scientific & Technical Instruments,18883090432,61.029998779296875,292.0,367.0,2026-06-18,none,NOT_SELECTED,,
2026-06-22T160715Z,2026-06-22T16:07:15.765832+00:00,2026-06-22T17:23:48.252300+00:00,2026-06-18,data/prospective/daily_qvp/snapshots/2026-06-22T160715Z/raw,1070,1034,bf973ff3ecce3842bc807909b6a11c9ba3d11429,d3881a1328862a39dc4af32e15c4826237a09adca2da7038eafb5659ddb68bb4,3cbd5f76b124b82ce4f26fb66fcb37946580c4a15ad9e837f6f5beb2a7d3fb8d,SWKS,0.47967289719626166,0.42429906542056073,0.46577318078486296,0.3803088803088803,0.5682732116143331,0.7176015473887815,0.44197067447651556,0.2315891472868217,0.4518734643734643,0.7732732732732733,0.47967289719626166,0.063063063063063,"Skyworks Solutions, Inc.",Technology,Semiconductors,11621116928,72.44999694824219,293.0,617.0,2026-06-18,none,NOT_SELECTED,,
2026-06-22T160715Z,2026-06-22T16:07:15.765832+00:00,2026-06-22T17:23:48.252300+00:00,2026-06-18,data/prospective/daily_qvp/snapshots/2026-06-22T160715Z/raw,1070,1034,bf973ff3ecce3842bc807909b6a11c9ba3d11429,d3881a1328862a39dc4af32e15c4826237a09adca2da7038eafb5659ddb68bb4,3cbd5f76b124b82ce4f26fb66fcb37946580c4a15ad9e837f6f5beb2a7d3fb8d,EW,0.5621495327102803,0.5700934579439252,0.6498982721780739,0.8503861003861004,0.5681861497060176,0.7166344294003868,0.5311315607497225,0.5998062015503876,0.7376470116458675,0.4047619047619047,0.5621495327102803,0.4199677938808374,Edwards Lifesciences Corporation,Healthcare,Medical Devices,49656991744,87.36000061035156,294.0,461.0,2026-06-18,none,NOT_SELECTED,,
2026-06-22T160715Z,2026-06-22T16:07:15.765832+00:00,2026-06-22T17:23:48.252300+00:00,2026-06-18,data/prospective/daily_qvp/snapshots/2026-06-22T160715Z/raw,1070,1034,bf973ff3ecce3842bc807909b6a11c9ba3d11429,d3881a1328862a39dc4af32e15c4826237a09adca2da7038eafb5659ddb68bb4,3cbd5f76b124b82ce4f26fb66fcb37946580c4a15ad9e837f6f5beb2a7d3fb8d,TSN,0.5925233644859813,0.6186915887850467,0.44860543224299065,0.3281853281853282,0.568167510384216,0.7156673114119922,0.543313132788162,0.6608527131782945,0.3046875,0.8072916666666666,0.5925233644859813,0.46875,"Tyson Foods, Inc.",Consumer Defensive,Farm Products,19622410240,55.459999084472656,295.0,409.0,2026-06-18,none,NOT_SELECTED,,
2026-06-22T160715Z,2026-06-22T16:07:15.765832+00:00,2026-06-22T17:23:48.252300+00:00,2026-06-18,data/prospective/daily_qvp/snapshots/2026-06-22T160715Z/raw,1070,1034,bf973ff3ecce3842bc807909b6a11c9ba3d11429,d3881a1328862a39dc4af32e15c4826237a09adca2da7038eafb5659ddb68bb4,3cbd5f76b124b82ce4f26fb66fcb37946580c4a15ad9e837f6f5beb2a7d3fb8d,INGR,0.4023364485981308,0.3168224299065421,0.4667932242990654,0.38223938223938225,0.568139927310488,0.7147001934235977,0.533526820482866,0.6153100775193798,0.53125,0.7708333333333334,0.4023364485981308,0.4296875,Ingredion Incorporated,Consumer Defensive,Packaged Foods,6175373824,97.93000030517578,296.0,731.0,2026-06-18,none,NOT_SELECTED,,
2026-06-22T160715Z,2026-06-22T16:07:15.765832+00:00,2026-06-22T17:23:48.252300+00:00,2026-06-18,data/prospective/daily_qvp/snapshots/2026-06-22T160715Z/raw,1070,1034,bf973ff3ecce3842bc807909b6a11c9ba3d11429,d3881a1328862a39dc4af32e15c4826237a09adca2da7038eafb5659ddb68bb4,3cbd5f76b124b82ce4f26fb66fcb37946580c4a15ad9e837f6f5beb2a7d3fb8d,CHRW,0.6264018691588785,0.6780373831775701,0.5949200796489715,0.7364864864864865,0.5677048318603762,0.7137330754352031,0.5207786238952822,0.5445736434108527,0.5634382901390644,0.5132743362831859,0.6264018691588785,0.37999999999999995,"C.H. Robinson Worldwide, Inc.",Industrials,Integrated Freight & Logistics,22214352896,185.0399932861328,297.0,345.0,2026-06-18,none,NOT_SELECTED,,
2026-06-22T160715Z,2026-06-22T16:07:15.765832+00:00,2026-06-22T17:23:48.252300+00:00,2026-06-18,data/prospective/daily_qvp/snapshots/2026-06-22T160715Z/raw,1070,1034,bf973ff3ecce3842bc807909b6a11c9ba3d11429,d3881a1328862a39dc4af32e15c4826237a09adca2da7038eafb5659ddb68bb4,3cbd5f76b124b82ce4f26fb66fcb37946580c4a15ad9e837f6f5beb2a7d3fb8d,ANET,0.5892523364485981,0.6102803738317757,0.7185998578229886,0.9420849420849421,0.5671546599700806,0.7127659574468085,0.5802083373199027,0.8158914728682171,0.8479473791973793,0.26426426426426425,0.5892523364485981,0.6193693693693694,"Arista Networks, Inc.",Technology,Computer Hardware,212377796608,169.6699981689453,298.0,418.0,2026-06-18,none,NOT_SELECTED,,
2026-06-22T160715Z,2026-06-22T16:07:15.765832+00:00,2026-06-22T17:23:48.252300+00:00,2026-06-18,data/prospective/daily_qvp/snapshots/2026-06-22T160715Z/raw,1070,1034,bf973ff3ecce3842bc807909b6a11c9ba3d11429,d3881a1328862a39dc4af32e15c4826237a09adca2da7038eafb5659ddb68bb4,3cbd5f76b124b82ce4f26fb66fcb37946580c4a15ad9e837f6f5beb2a7d3fb8d,WCC,0.7352803738317757,0.8766355140186916,0.5637477643495161,0.666023166023166,0.5670806137944661,0.7117988394584139,0.5514215714569606,0.7063953488372093,0.39221515486725655,0.5737463126843658,0.7352803738317757,0.5044444444444444,"WESCO International, Inc.",Industrials,Industrial Distribution,17844254720,365.3599853515625,299.0,133.0,2026-06-18,none,NOT_SELECTED,,
2026-06-22T160715Z,2026-06-22T16:07:15.765832+00:00,2026-06-22T17:23:48.252300+00:00,2026-06-18,data/prospective/daily_qvp/snapshots/2026-06-22T160715Z/raw,1070,1034,bf973ff3ecce3842bc807909b6a11c9ba3d11429,d3881a1328862a39dc4af32e15c4826237a09adca2da7038eafb5659ddb68bb4,3cbd5f76b124b82ce4f26fb66fcb37946580c4a15ad9e837f6f5beb2a7d3fb8d,VSAT,0.7179906542056075,0.841588785046729,0.45091793152540816,0.33204633204633205,0.5668782206165384,0.7108317214700194,0.5355190258227641,0.624031007751938,0.18384520884520877,0.7987987987987989,0.7179906542056075,0.4414414414414414,"Viasat, Inc.",Technology,Communication Equipment,8629765120,64.12999725341797,300.0,171.0,2026-06-18,none,NOT_SELECTED,,
2026-06-22T160715Z,2026-06-22T16:07:15.765832+00:00,2026-06-22T17:23:48.252300+00:00,2026-06-18,data/prospective/daily_qvp/snapshots/2026-06-22T160715Z/raw,1070,1034,bf973ff3ecce3842bc807909b6a11c9ba3d11429,d3881a1328862a39dc4af32e15c4826237a09adca2da7038eafb5659ddb68bb4,3cbd5f76b124b82ce4f26fb66fcb37946580c4a15ad9e837f6f5beb2a7d3fb8d,LRN,0.27126168224299063,0.15981308411214953,0.5008652161214953,0.49613899613899615,0.5665490329698857,0.7098646034816247,0.6592867747274143,0.9680232558139535,0.73046875,0.6979166666666666,0.27126168224299063,0.9375,"Stride, Inc.",Consumer Defensive,Education & Training Services,3481083392,82.80000305175781,301.0,900.0,2026-06-18,none,NOT_SELECTED,,
2026-06-22T160715Z,2026-06-22T16:07:15.765832+00:00,2026-06-22T17:23:48.252300+00:00,2026-06-18,data/prospective/daily_qvp/snapshots/2026-06-22T160715Z/raw,1070,1034,bf973ff3ecce3842bc807909b6a11c9ba3d11429,d3881a1328862a39dc4af32e15c4826237a09adca2da7038eafb5659ddb68bb4,3cbd5f76b124b82ce4f26fb66fcb37946580c4a15ad9e837f6f5beb2a7d3fb8d,FAST,0.5537383177570093,0.5514018691588785,0.7309497333096046,0.9575289575289575,0.5664541978209555,0.7088974854932302,0.5742850928101612,0.7926356589147286,0.9081611488621998,0.23746312684365778,0.5537383177570093,0.5977777777777777,Fastenal Company,Industrials,Industrial Distribution,53613240320,45.88999938964844,302.0,481.0,2026-06-18,none,NOT_SELECTED,,
2026-06-22T160715Z,2026-06-22T16:07:15.765832+00:00,2026-06-22T17:23:48.252300+00:00,2026-06-18,data/prospective/daily_qvp/snapshots/2026-06-22T160715Z/raw,1070,1034,bf973ff3ecce3842bc807909b6a11c9ba3d11429,d3881a1328862a39dc4af32e15c4826237a09adca2da7038eafb5659ddb68bb4,3cbd5f76b124b82ce4f26fb66fcb37946580c4a15ad9e837f6f5beb2a7d3fb8d,PSMT,0.7857476635514019,0.9672897196261683,0.640920706775701,0.833976833976834,0.5661693600726895,0.7079303675048356,0.5730645200545171,0.7868217054263565,0.49609375,0.4166666666666667,0.7857476635514019,0.59375,"PriceSmart, Inc.",Consumer Defensive,Discount Stores,5729795584,182.02000427246097,303.0,36.0,2026-06-18,none,NOT_SELECTED,,
2026-06-22T160715Z,2026-06-22T16:07:15.765832+00:00,2026-06-22T17:23:48.252300+00:00,2026-06-18,data/prospective/daily_qvp/snapshots/2026-06-22T160715Z/raw,1070,1034,bf973ff3ecce3842bc807909b6a11c9ba3d11429,d3881a1328862a39dc4af32e15c4826237a09adca2da7038eafb5659ddb68bb4,3cbd5f76b124b82ce4f26fb66fcb37946580c4a15ad9e837f6f5beb2a7d3fb8d,BCPC,0.5441588785046728,0.5345794392523364,0.6741627725856698,0.8957528957528957,0.5661085150571131,0.706963249516441,0.6058313862928348,0.8856589147286822,0.8041666666666667,0.3499999999999999,0.5441588785046728,0.725,Balchem Corporation,Basic Materials,Specialty Chemicals,5321021952,165.9199981689453,304.0,499.0,2026-06-18,none,NOT_SELECTED,,
2026-06-22T160715Z,2026-06-22T16:07:15.765832+00:00,2026-06-22T17:23:48.252300+00:00,2026-06-18,data/prospective/daily_qvp/snapshots/2026-06-22T160715Z/raw,1070,1034,bf973ff3ecce3842bc807909b6a11c9ba3d11429,d3881a1328862a39dc4af32e15c4826237a09adca2da7038eafb5659ddb68bb4,3cbd5f76b124b82ce4f26fb66fcb37946580c4a15ad9e837f6f5beb2a7d3fb8d,TTEK,0.2614485981308411,0.1485981308411215,0.4637432228960148,0.3764478764478765,0.5653076746543736,0.7059961315280464,0.5812029782130025,0.8226744186046512,0.6660378476611885,0.7684365781710915,0.2614485981308411,0.6288888888888888,"Tetra Tech, Inc.",Industrials,Engineering & Construction,7061666816,27.36000061035156,305.0,912.0,2026-06-18,none,NOT_SELECTED,,
2026-06-22T160715Z,2026-06-22T16:07:15.765832+00:00,2026-06-22T17:23:48.252300+00:00,2026-06-18,data/prospective/daily_qvp/snapshots/2026-06-22T160715Z/raw,1070,1034,bf973ff3ecce3842bc807909b6a11c9ba3d11429,d3881a1328862a39dc4af32e15c4826237a09adca2da7038eafb5659ddb68bb4,3cbd5f76b124b82ce4f26fb66fcb37946580c4a15ad9e837f6f5beb2a7d3fb8d,KBH,0.2885514018691589,0.17757009345794392,0.3912171255662965,0.20463320463320464,0.5652164137568868,0.7050290135396519,0.44412189115598844,0.23934108527131784,0.4938828492634342,0.9132149901380672,0.2885514018691589,0.0808383233532934,KB Home,Consumer Cyclical,Residential Construction,3351916800,54.20000076293945,306.0,881.0,2026-06-18,none,NOT_SELECTED,,
2026-06-22T160715Z,2026-06-22T16:07:15.765832+00:00,2026-06-22T17:23:48.252300+00:00,2026-06-18,data/prospective/daily_qvp/snapshots/2026-06-22T160715Z/raw,1070,1034,bf973ff3ecce3842bc807909b6a11c9ba3d11429,d3881a1328862a39dc4af32e15c4826237a09adca2da7038eafb5659ddb68bb4,3cbd5f76b124b82ce4f26fb66fcb37946580c4a15ad9e837f6f5beb2a7d3fb8d,HUBG,0.45186915887850465,0.38691588785046727,0.4242347927767997,0.27123552123552125,0.5650257517233729,0.7040618955512572,0.4587693137925296,0.29844961240310075,0.39660042667509476,0.8466076696165192,0.45186915887850465,0.13999999999999996,"Hub Group, Inc.",Industrials,Integrated Freight & Logistics,2728058112,44.349998474121094,307.0,657.0,2026-06-18,none,NOT_SELECTED,,
2026-06-22T160715Z,2026-06-22T16:07:15.765832+00:00,2026-06-22T17:23:48.252300+00:00,2026-06-18,data/prospective/daily_qvp/snapshots/2026-06-22T160715Z/raw,1070,1034,bf973ff3ecce3842bc807909b6a11c9ba3d11429,d3881a1328862a39dc4af32e15c4826237a09adca2da7038eafb5659ddb68bb4,3cbd5f76b124b82ce4f26fb66fcb37946580c4a15ad9e837f6f5beb2a7d3fb8d,EXPE,0.372196261682243,0.27009345794392525,0.5837171468243705,0.7113899613899614,0.5646871708612174,0.7030947775628626,0.6203716655710628,0.9186046511627907,0.795238031966498,0.5266272189349113,0.372196261682243,0.7874251497005988,"Expedia Group, Inc.",Consumer Cyclical,Travel Services,28434432000,240.8999938964844,308.0,782.0,2026-06-18,none,NOT_SELECTED,,
2026-06-22T160715Z,2026-06-22T16:07:15.765832+00:00,2026-06-22T17:23:48.252300+00:00,2026-06-18,data/prospective/daily_qvp/snapshots/2026-06-22T160715Z/raw,1070,1034,bf973ff3ecce3842bc807909b6a11c9ba3d11429,d3881a1328862a39dc4af32e15c4826237a09adca2da7038eafb5659ddb68bb4,3cbd5f76b124b82ce4f26fb66fcb37946580c4a15ad9e837f6f5beb2a7d3fb8d,UAL,0.42476635514018685,0.35233644859813085,0.406569729403216,0.23262548262548263,0.5645568107525865,0.7021276595744681,0.509528719175551,0.49806201550387597,0.3883731036662452,0.8805309734513274,0.42476635514018685,0.3444444444444444,"United Airlines Holdings, Inc.",Industrials,Airlines,38847750144,118.31999969482422,309.0,694.0,2026-06-18,none,NOT_SELECTED,,
2026-06-22T160715Z,2026-06-22T16:07:15.765832+00:00,2026-06-22T17:23:48.252300+00:00,2026-06-18,data/prospective/daily_qvp/snapshots/2026-06-22T160715Z/raw,1070,1034,bf973ff3ecce3842bc807909b6a11c9ba3d11429,d3881a1328862a39dc4af32e15c4826237a09adca2da7038eafb5659ddb68bb4,3cbd5f76b124b82ce4f26fb66fcb37946580c4a15ad9e837f6f5beb2a7d3fb8d,CVSA,0.4383177570093458,0.3691588785046729,0.5629088785046729,0.6621621621621622,0.5645086967808931,0.7011605415860735,0.6479908975856699,0.9525193798449613,0.6875,0.5677083333333334,0.4383177570093458,0.8984375,Covista Inc.,Consumer Defensive,Education & Training Services,4067371520,119.06999969482422,310.0,676.0,2026-06-18,none,NOT_SELECTED,,
2026-06-22T160715Z,2026-06-22T16:07:15.765832+00:00,2026-06-22T17:23:48.252300+00:00,2026-06-18,data/prospective/daily_qvp/snapshots/2026-06-22T160715Z/raw,1070,1034,bf973ff3ecce3842bc807909b6a11c9ba3d11429,d3881a1328862a39dc4af32e15c4826237a09adca2da7038eafb5659ddb68bb4,3cbd5f76b124b82ce4f26fb66fcb37946580c4a15ad9e837f6f5beb2a7d3fb8d,ALAB,0.7177570093457945,0.8401869158878504,0.8079085005778931,0.997104247104247,0.5643814428277044,0.7001934235976789,0.6704707668054631,0.9757751937984496,0.8980599918099917,0.07732732732732726,0.7177570093457945,0.9887387387387389,"Astera Labs, Inc.",Technology,Semiconductors,71006666752,417.0700073242187,311.0,172.0,2026-06-18,none,NOT_SELECTED,,
2026-06-22T160715Z,2026-06-22T16:07:15.765832+00:00,2026-06-22T17:23:48.252300+00:00,2026-06-18,data/prospective/daily_qvp/snapshots/2026-06-22T160715Z/raw,1070,1034,bf973ff3ecce3842bc807909b6a11c9ba3d11429,d3881a1328862a39dc4af32e15c4826237a09adca2da7038eafb5659ddb68bb4,3cbd5f76b124b82ce4f26fb66fcb37946580c4a15ad9e837f6f5beb2a7d3fb8d,PTC,0.26191588785046727,0.15093457943925234,0.5037005729178626,0.5077220077220077,0.5640286101734701,0.6992263056092843,0.6229088450174898,0.9215116279069767,0.745485257985258,0.6846846846846847,0.26191588785046727,0.7995495495495495,PTC Inc.,Technology,Software - Application,13228877824,114.75,312.0,909.0,2026-06-18,none,NOT_SELECTED,,
2026-06-22T160715Z,2026-06-22T16:07:15.765832+00:00,2026-06-22T17:23:48.252300+00:00,2026-06-18,data/prospective/daily_qvp/snapshots/2026-06-22T160715Z/raw,1070,1034,bf973ff3ecce3842bc807909b6a11c9ba3d11429,d3881a1328862a39dc4af32e15c4826237a09adca2da7038eafb5659ddb68bb4,3cbd5f76b124b82ce4f26fb66fcb37946580c4a15ad9e837f6f5beb2a7d3fb8d,FIZZ,0.47990654205607475,0.4252336448598131,0.6842892085280374,0.9073359073359073,0.5638316945742471,0.6982591876208898,0.5634987709306853,0.751937984496124,0.888671875,0.3229166666666667,0.47990654205607475,0.5625,National Beverage Corp.,Consumer Defensive,Beverages - Non-Alcoholic,3288359424,36.290000915527344,313.0,616.0,2026-06-18,none,NOT_SELECTED,,
2026-06-22T160715Z,2026-06-22T16:07:15.765832+00:00,2026-06-22T17:23:48.252300+00:00,2026-06-18,data/prospective/daily_qvp/snapshots/2026-06-22T160715Z/raw,1070,1034,bf973ff3ecce3842bc807909b6a11c9ba3d11429,d3881a1328862a39dc4af32e15c4826237a09adca2da7038eafb5659ddb68bb4,3cbd5f76b124b82ce4f26fb66fcb37946580c4a15ad9e837f6f5beb2a7d3fb8d,ILMN,0.6219626168224299,0.6700934579439253,0.6465107294097434,0.8455598455598455,0.5637632856959617,0.6972920696324951,0.5234867154797007,0.5591085271317829,0.671058841997057,0.39826839826839827,0.6219626168224299,0.4026570048309179,"Illumina, Inc.",Healthcare,Diagnostics & Research,24444026880,161.92999267578125,314.0,354.0,2026-06-18,none,NOT_SELECTED,,
2026-06-22T160715Z,2026-06-22T16:07:15.765832+00:00,2026-06-22T17:23:48.252300+00:00,2026-06-18,data/prospective/daily_qvp/snapshots/2026-06-22T160715Z/raw,1070,1034,bf973ff3ecce3842bc807909b6a11c9ba3d11429,d3881a1328862a39dc4af32e15c4826237a09adca2da7038eafb5659ddb68bb4,3cbd5f76b124b82ce4f26fb66fcb37946580c4a15ad9e837f6f5beb2a7d3fb8d,WAB,0.7308411214953272,0.8682242990654205,0.6268677004442502,0.805019305019305,0.5634378573266486,0.6963249516441006,0.5770228374394308,0.8091085271317829,0.5228942793931732,0.43657817109144537,0.7308411214953272,0.6177777777777778,Westinghouse Air Brake Technologies Corporation,Industrials,Railroads,46997233664,273.8299865722656,315.0,142.0,2026-06-18,none,NOT_SELECTED,,
2026-06-22T160715Z,2026-06-22T16:07:15.765832+00:00,2026-06-22T17:23:48.252300+00:00,2026-06-18,data/prospective/daily_qvp/snapshots/2026-06-22T160715Z/raw,1070,1034,bf973ff3ecce3842bc807909b6a11c9ba3d11429,d3881a1328862a39dc4af32e15c4826237a09adca2da7038eafb5659ddb68bb4,3cbd5f76b124b82ce4f26fb66fcb37946580c4a15ad9e837f6f5beb2a7d3fb8d,CW,0.7308411214953271,0.8672897196261682,0.7389390500017723,0.9642857142857143,0.5624392093423811,0.695357833655706,0.6018294070067858,0.876937984496124,0.7470369785082175,0.2094395280235988,0.7308411214953271,0.72,Curtiss-Wright Corporation,Industrials,Aerospace & Defense,28880787456,771.9299926757812,316.0,143.0,2026-06-18,none,NOT_SELECTED,,
2026-06-22T160715Z,2026-06-22T16:07:15.765832+00:00,2026-06-22T17:23:48.252300+00:00,2026-06-18,data/prospective/daily_qvp/snapshots/2026-06-22T160715Z/raw,1070,1034,bf973ff3ecce3842bc807909b6a11c9ba3d11429,d3881a1328862a39dc4af32e15c4826237a09adca2da7038eafb5659ddb68bb4,3cbd5f76b124b82ce4f26fb66fcb37946580c4a15ad9e837f6f5beb2a7d3fb8d,FIVE,0.5953271028037382,0.6266355140186916,0.6126650730837799,0.7702702702702703,0.5622895359020071,0.6943907156673114,0.6387830201899785,0.9457364341085271,0.6300030433638217,0.4615384615384615,0.5953271028037382,0.8682634730538923,"Five Below, Inc.",Consumer Cyclical,Specialty Retail,10718727168,194.05999755859375,317.0,400.0,2026-06-18,none,NOT_SELECTED,,
2026-06-22T160715Z,2026-06-22T16:07:15.765832+00:00,2026-06-22T17:23:48.252300+00:00,2026-06-18,data/prospective/daily_qvp/snapshots/2026-06-22T160715Z/raw,1070,1034,bf973ff3ecce3842bc807909b6a11c9ba3d11429,d3881a1328862a39dc4af32e15c4826237a09adca2da7038eafb5659ddb68bb4,3cbd5f76b124b82ce4f26fb66fcb37946580c4a15ad9e837f6f5beb2a7d3fb8d,PLXS,0.7927570093457944,0.9738317757009346,0.5734004129448055,0.6853281853281853,0.5619466216428833,0.6934235976789168,0.48001852479072105,0.3808139534883721,0.35404381654381656,0.539039039039039,0.7927570093457944,0.2342342342342342,Plexus Corp.,Technology,Electronic Components,8116024320,299.9700012207031,318.0,29.0,2026-06-18,none,NOT_SELECTED,,
2026-06-22T160715Z,2026-06-22T16:07:15.765832+00:00,2026-06-22T17:23:48.252300+00:00,2026-06-18,data/prospective/daily_qvp/snapshots/2026-06-22T160715Z/raw,1070,1034,bf973ff3ecce3842bc807909b6a11c9ba3d11429,d3881a1328862a39dc4af32e15c4826237a09adca2da7038eafb5659ddb68bb4,3cbd5f76b124b82ce4f26fb66fcb37946580c4a15ad9e837f6f5beb2a7d3fb8d,LECO,0.6287383177570093,0.6822429906542056,0.6632501244284414,0.8764478764478765,0.5616357761676336,0.6924564796905223,0.550115721014614,0.6967054263565892,0.6977619310998737,0.35840707964601765,0.6287383177570093,0.5155555555555555,"Lincoln Electric Holdings, Inc.",Industrials,Tools & Accessories,15010573312,275.2300109863281,319.0,341.0,2026-06-18,none,NOT_SELECTED,,
2026-06-22T160715Z,2026-06-22T16:07:15.765832+00:00,2026-06-22T17:23:48.252300+00:00,2026-06-18,data/prospective/daily_qvp/snapshots/2026-06-22T160715Z/raw,1070,1034,bf973ff3ecce3842bc807909b6a11c9ba3d11429,d3881a1328862a39dc4af32e15c4826237a09adca2da7038eafb5659ddb68bb4,3cbd5f76b124b82ce4f26fb66fcb37946580c4a15ad9e837f6f5beb2a7d3fb8d,PEG,0.511214953271028,0.47289719626168225,0.562774338120026,0.6611969111969112,0.5616235700461191,0.6914893617021277,0.6367349189138996,0.9428294573643411,0.614333722969024,0.5593220338983051,0.511214953271028,0.8620689655172414,Public Service Enterprise Group Incorporated,Utilities,Utilities - Regulated Electric,40259387392,79.88999938964844,320.0,565.0,2026-06-18,none,NOT_SELECTED,,
2026-06-22T160715Z,2026-06-22T16:07:15.765832+00:00,2026-06-22T17:23:48.252300+00:00,2026-06-18,data/prospective/daily_qvp/snapshots/2026-06-22T160715Z/raw,1070,1034,bf973ff3ecce3842bc807909b6a11c9ba3d11429,d3881a1328862a39dc4af32e15c4826237a09adca2da7038eafb5659ddb68bb4,3cbd5f76b124b82ce4f26fb66fcb37946580c4a15ad9e837f6f5beb2a7d3fb8d,EHC,0.4144859813084112,0.33598130841121493,0.5152027082821155,0.5463320463320464,0.5613616900812949,0.690522243713733,0.5501678054031611,0.6976744186046512,0.6159194352558197,0.6536796536796537,0.4144859813084112,0.5165861513687601,Encompass Health Corporation,Healthcare,Medical Care Facilities,9758214144,98.02999877929688,321.0,712.0,2026-06-18,none,NOT_SELECTED,,
2026-06-22T160715Z,2026-06-22T16:07:15.765832+00:00,2026-06-22T17:23:48.252300+00:00,2026-06-18,data/prospective/daily_qvp/snapshots/2026-06-22T160715Z/raw,1070,1034,bf973ff3ecce3842bc807909b6a11c9ba3d11429,d3881a1328862a39dc4af32e15c4826237a09adca2da7038eafb5659ddb68bb4,3cbd5f76b124b82ce4f26fb66fcb37946580c4a15ad9e837f6f5beb2a7d3fb8d,TWLO,0.6633177570093458,0.7434579439252337,0.5536848817806761,0.6428571428571429,0.561315446712643,0.6895551257253385,0.5786442426921399,0.811046511627907,0.4440520065520065,0.5765765765765766,0.6633177570093458,0.6306306306306306,Twilio Inc.,Technology,Software - Infrastructure,27324606464,186.1699981689453,322.0,275.0,2026-06-18,none,NOT_SELECTED,,
2026-06-22T160715Z,2026-06-22T16:07:15.765832+00:00,2026-06-22T17:23:48.252300+00:00,2026-06-18,data/prospective/daily_qvp/snapshots/2026-06-22T160715Z/raw,1070,1034,bf973ff3ecce3842bc807909b6a11c9ba3d11429,d3881a1328862a39dc4af32e15c4826237a09adca2da7038eafb5659ddb68bb4,3cbd5f76b124b82ce4f26fb66fcb37946580c4a15ad9e837f6f5beb2a7d3fb8d,WSM,0.5271028037383177,0.5032710280373832,0.6960141391165575,0.9218146718146718,0.5606563688784939,0.688588007736944,0.5133066479163555,0.5145348837209303,0.8649254744947974,0.28994082840236685,0.5271028037383177,0.3712574850299401,"Williams-Sonoma, Inc.",Consumer Cyclical,Specialty Retail,26863888384,226.9199981689453,323.0,532.0,2026-06-18,none,NOT_SELECTED,,
2026-06-22T160715Z,2026-06-22T16:07:15.765832+00:00,2026-06-22T17:23:48.252300+00:00,2026-06-18,data/prospective/daily_qvp/snapshots/2026-06-22T160715Z/raw,1070,1034,bf973ff3ecce3842bc807909b6a11c9ba3d11429,d3881a1328862a39dc4af32e15c4826237a09adca2da7038eafb5659ddb68bb4,3cbd5f76b124b82ce4f26fb66fcb37946580c4a15ad9e837f6f5beb2a7d3fb8d,FERG,0.4911214953271028,0.4411214953271028,0.5619027988645628,0.6563706563706564,0.5604425738743103,0.6876208897485493,0.5247763748501773,0.5668604651162791,0.6326841024020228,0.5575221238938053,0.4911214953271028,0.41777777777777775,Ferguson Enterprises Inc.,Industrials,Industrial Distribution,46018535424,238.3500061035156,324.0,600.0,2026-06-18,none,NOT_SELECTED,,
2026-06-22T160715Z,2026-06-22T16:07:15.765832+00:00,2026-06-22T17:23:48.252300+00:00,2026-06-18,data/prospective/daily_qvp/snapshots/2026-06-22T160715Z/raw,1070,1034,bf973ff3ecce3842bc807909b6a11c9ba3d11429,d3881a1328862a39dc4af32e15c4826237a09adca2da7038eafb5659ddb68bb4,3cbd5f76b124b82ce4f26fb66fcb37946580c4a15ad9e837f6f5beb2a7d3fb8d,PATH,0.1184579439252336,0.038317757009345796,0.4442054256890705,0.31756756756756754,0.5604012147236446,0.6866537717601547,0.5982288389706615,0.8643410852713178,0.7699529074529075,0.7927927927927928,0.1184579439252336,0.7117117117117118,"UiPath, Inc.",Technology,Software - Infrastructure,5203119104,10.270000457763672,325.0,1030.0,2026-06-18,none,NOT_SELECTED,,
2026-06-22T160715Z,2026-06-22T16:07:15.765832+00:00,2026-06-22T17:23:48.252300+00:00,2026-06-18,data/prospective/daily_qvp/snapshots/2026-06-22T160715Z/raw,1070,1034,bf973ff3ecce3842bc807909b6a11c9ba3d11429,d3881a1328862a39dc4af32e15c4826237a09adca2da7038eafb5659ddb68bb4,3cbd5f76b124b82ce4f26fb66fcb37946580c4a15ad9e837f6f5beb2a7d3fb8d,VRT,0.7492990654205608,0.9112149532710281,0.7787266502829732,0.9884169884169884,0.5599573932073311,0.6856866537717602,0.6305236004610539,0.9312015503875969,0.8081542351453855,0.12241887905604715,0.7492990654205608,0.8422222222222222,Vertiv Holdings Co,Industrials,Electrical Equipment & Parts,134184566784,333.04998779296875,326.0,96.0,2026-06-18,none,NOT_SELECTED,,
2026-06-22T160715Z,2026-06-22T16:07:15.765832+00:00,2026-06-22T17:23:48.252300+00:00,2026-06-18,data/prospective/daily_qvp/snapshots/2026-06-22T160715Z/raw,1070,1034,bf973ff3ecce3842bc807909b6a11c9ba3d11429,d3881a1328862a39dc4af32e15c4826237a09adca2da7038eafb5659ddb68bb4,3cbd5f76b124b82ce4f26fb66fcb37946580c4a15ad9e837f6f5beb2a7d3fb8d,QLYS,0.20490654205607473,0.09626168224299066,0.5425075298322961,0.6206563706563707,0.5598698847530623,0.6847195357833655,0.5460285396909228,0.6802325581395349,0.8801085176085176,0.5945945945945946,0.20490654205607473,0.5045045045045045,"Qualys, Inc.",Technology,Software - Infrastructure,3838653952,111.3000030517578,327.0,968.0,2026-06-18,none,NOT_SELECTED,,
2026-06-22T160715Z,2026-06-22T16:07:15.765832+00:00,2026-06-22T17:23:48.252300+00:00,2026-06-18,data/prospective/daily_qvp/snapshots/2026-06-22T160715Z/raw,1070,1034,bf973ff3ecce3842bc807909b6a11c9ba3d11429,d3881a1328862a39dc4af32e15c4826237a09adca2da7038eafb5659ddb68bb4,3cbd5f76b124b82ce4f26fb66fcb37946580c4a15ad9e837f6f5beb2a7d3fb8d,SKY,0.34182242990654205,0.23037383177570092,0.5398226418880743,0.6148648648648649,0.5597502688195314,0.683752417794971,0.5687647974230319,0.7713178294573644,0.7378228538696066,0.5996055226824457,0.34182242990654205,0.595808383233533,"Champion Homes, Inc.",Consumer Cyclical,Residential Construction,4566655488,83.33999633789062,328.0,824.0,2026-06-18,none,NOT_SELECTED,,
2026-06-22T160715Z,2026-06-22T16:07:15.765832+00:00,2026-06-22T17:23:48.252300+00:00,2026-06-18,data/prospective/daily_qvp/snapshots/2026-06-22T160715Z/raw,1070,1034,bf973ff3ecce3842bc807909b6a11c9ba3d11429,d3881a1328862a39dc4af32e15c4826237a09adca2da7038eafb5659ddb68bb4,3cbd5f76b124b82ce4f26fb66fcb37946580c4a15ad9e837f6f5beb2a7d3fb8d,ATKR,0.5268691588785046,0.5014018691588785,0.4243661533962687,0.2722007722007722,0.5592136204549363,0.6827852998065764,0.4252435486745355,0.1821705426356589,0.32186314791403287,0.8289085545722714,0.5268691588785046,0.0233333333333333,Atkore Inc.,Industrials,Electrical Equipment & Parts,2756421632,81.16999816894531,329.0,534.0,2026-06-18,none,NOT_SELECTED,,
2026-06-22T160715Z,2026-06-22T16:07:15.765832+00:00,2026-06-22T17:23:48.252300+00:00,2026-06-18,data/prospective/daily_qvp/snapshots/2026-06-22T160715Z/raw,1070,1034,bf973ff3ecce3842bc807909b6a11c9ba3d11429,d3881a1328862a39dc4af32e15c4826237a09adca2da7038eafb5659ddb68bb4,3cbd5f76b124b82ce4f26fb66fcb37946580c4a15ad9e837f6f5beb2a7d3fb8d,PEGA,0.10186915887850465,0.02897196261682243,0.489591418096091,0.4517374517374517,0.55912701146346,0.6818181818181818,0.5967101234624599,0.8624031007751938,0.8773136773136774,0.6981981981981983,0.10186915887850465,0.7094594594594594,Pegasystems Inc.,Technology,Software - Application,4817955840,30.09000015258789,330.0,1040.0,2026-06-18,none,NOT_SELECTED,,
2026-06-22T160715Z,2026-06-22T16:07:15.765832+00:00,2026-06-22T17:23:48.252300+00:00,2026-06-18,data/prospective/daily_qvp/snapshots/2026-06-22T160715Z/raw,1070,1034,bf973ff3ecce3842bc807909b6a11c9ba3d11429,d3881a1328862a39dc4af32e15c4826237a09adca2da7038eafb5659ddb68bb4,3cbd5f76b124b82ce4f26fb66fcb37946580c4a15ad9e837f6f5beb2a7d3fb8d,MPWR,0.7301401869158879,0.8640186915887851,0.7606090983719489,0.9777992277992278,0.5591247843000179,0.6808510638297872,0.585447191828617,0.8352713178294574,0.7910780098280098,0.1561561561561561,0.7301401869158879,0.6644144144144144,"Monolithic Power Systems, Inc.",Technology,Semiconductors,74925711360,1563.699951171875,331.0,146.0,2026-06-18,none,NOT_SELECTED,,
2026-06-22T160715Z,2026-06-22T16:07:15.765832+00:00,2026-06-22T17:23:48.252300+00:00,2026-06-18,data/prospective/daily_qvp/snapshots/2026-06-22T160715Z/raw,1070,1034,bf973ff3ecce3842bc807909b6a11c9ba3d11429,d3881a1328862a39dc4af32e15c4826237a09adca2da7038eafb5659ddb68bb4,3cbd5f76b124b82ce4f26fb66fcb37946580c4a15ad9e837f6f5beb2a7d3fb8d,STRL,0.7488317757009345,0.9102803738317757,0.7689026925280906,0.9826254826254827,0.5588161509675963,0.6798839458413927,0.6385565576701416,0.9447674418604651,0.7889736093552466,0.13864306784660765,0.7488317757009345,0.8777777777777778,"Sterling Infrastructure, Inc.",Industrials,Engineering & Construction,28052793344,861.8800048828125,332.0,97.0,2026-06-18,none,NOT_SELECTED,,
2026-06-22T160715Z,2026-06-22T16:07:15.765832+00:00,2026-06-22T17:23:48.252300+00:00,2026-06-18,data/prospective/daily_qvp/snapshots/2026-06-22T160715Z/raw,1070,1034,bf973ff3ecce3842bc807909b6a11c9ba3d11429,d3881a1328862a39dc4af32e15c4826237a09adca2da7038eafb5659ddb68bb4,3cbd5f76b124b82ce4f26fb66fcb37946580c4a15ad9e837f6f5beb2a7d3fb8d,KHC,0.4619158878504672,0.40186915887850466,0.4331063814252336,0.29343629343629346,0.5587028653946002,0.6789168278529981,0.4483240240459502,0.25872093023255816,0.404296875,0.8098958333333334,0.4619158878504672,0.1171875,The Kraft Heinz Company,Consumer Defensive,Packaged Foods,26508058624,22.81999969482422,333.0,641.0,2026-06-18,none,NOT_SELECTED,,
2026-06-22T160715Z,2026-06-22T16:07:15.765832+00:00,2026-06-22T17:23:48.252300+00:00,2026-06-18,data/prospective/daily_qvp/snapshots/2026-06-22T160715Z/raw,1070,1034,bf973ff3ecce3842bc807909b6a11c9ba3d11429,d3881a1328862a39dc4af32e15c4826237a09adca2da7038eafb5659ddb68bb4,3cbd5f76b124b82ce4f26fb66fcb37946580c4a15ad9e837f6f5beb2a7d3fb8d,WDC,0.7656542056074765,0.9429906542056075,0.7582980282746636,0.9758687258687259,0.5585850719028288,0.6779497098646035,0.6565514165397343,0.9641472868217055,0.7509418509418508,0.15915915915915912,0.7656542056074765,0.9504504504504505,Western Digital Corporation,Technology,Computer Hardware,255507693568,746.22998046875,334.0,62.0,2026-06-18,none,NOT_SELECTED,,
2026-06-22T160715Z,2026-06-22T16:07:15.765832+00:00,2026-06-22T17:23:48.252300+00:00,2026-06-18,data/prospective/daily_qvp/snapshots/2026-06-22T160715Z/raw,1070,1034,bf973ff3ecce3842bc807909b6a11c9ba3d11429,d3881a1328862a39dc4af32e15c4826237a09adca2da7038eafb5659ddb68bb4,3cbd5f76b124b82ce4f26fb66fcb37946580c4a15ad9e837f6f5beb2a7d3fb8d,TER,0.7373831775700934,0.8827102803738318,0.7565294266228846,0.974903474903475,0.5574060041349761,0.6769825918762089,0.5537527012994303,0.7180232558139535,0.7756756756756756,0.1591591591591591,0.7373831775700934,0.5427927927927928,"Teradyne, Inc.",Technology,Semiconductor Equipment & Materials,69564203008,437.9200134277344,335.0,127.0,2026-06-18,none,NOT_SELECTED,,
2026-06-22T160715Z,2026-06-22T16:07:15.765832+00:00,2026-06-22T17:23:48.252300+00:00,2026-06-18,data/prospective/daily_qvp/snapshots/2026-06-22T160715Z/raw,1070,1034,bf973ff3ecce3842bc807909b6a11c9ba3d11429,d3881a1328862a39dc4af32e15c4826237a09adca2da7038eafb5659ddb68bb4,3cbd5f76b124b82ce4f26fb66fcb37946580c4a15ad9e837f6f5beb2a7d3fb8d,WST,0.6327102803738317,0.688785046728972,0.6583965370052005,0.8648648648648649,0.5572571429962521,0.6760154738878144,0.5086835979879297,0.49224806201550386,0.6840827936365694,0.3549783549783549,0.6327102803738317,0.36296296296296293,"West Pharmaceutical Services, Inc.",Healthcare,Medical Instruments & Supplies,23144151040,327.95001220703125,336.0,334.0,2026-06-18,none,NOT_SELECTED,,
2026-06-22T160715Z,2026-06-22T16:07:15.765832+00:00,2026-06-22T17:23:48.252300+00:00,2026-06-18,data/prospective/daily_qvp/snapshots/2026-06-22T160715Z/raw,1070,1034,bf973ff3ecce3842bc807909b6a11c9ba3d11429,d3881a1328862a39dc4af32e15c4826237a09adca2da7038eafb5659ddb68bb4,3cbd5f76b124b82ce4f26fb66fcb37946580c4a15ad9e837f6f5beb2a7d3fb8d,FTDR,0.5383177570093458,0.5233644859813084,0.626057955456433,0.8021235521235521,0.5567539558401203,0.6750483558994197,0.6144217543052399,0.9069767441860465,0.7137981539035201,0.41814595660749504,0.5383177570093458,0.7874251497005988,"Frontdoor, Inc.",Consumer Cyclical,Personal Services,5026010624,71.55999755859375,337.0,511.0,2026-06-18,none,NOT_SELECTED,,
2026-06-22T160715Z,2026-06-22T16:07:15.765832+00:00,2026-06-22T17:23:48.252300+00:00,2026-06-18,data/prospective/daily_qvp/snapshots/2026-06-22T160715Z/raw,1070,1034,bf973ff3ecce3842bc807909b6a11c9ba3d11429,d3881a1328862a39dc4af32e15c4826237a09adca2da7038eafb5659ddb68bb4,3cbd5f76b124b82ce4f26fb66fcb37946580c4a15ad9e837f6f5beb2a7d3fb8d,SCCO,0.6542056074766355,0.72803738317757,0.7323111370716511,0.9604247104247104,0.5567259432329527,0.6740812379110251,0.6321277907580478,0.937015503875969,0.8104166666666667,0.20555555555555557,0.6542056074766355,0.8583333333333334,Southern Copper Corporation,Basic Materials,Copper,158998069248,192.92999267578125,338.0,292.0,2026-06-18,none,NOT_SELECTED,,
2026-06-22T160715Z,2026-06-22T16:07:15.765832+00:00,2026-06-22T17:23:48.252300+00:00,2026-06-18,data/prospective/daily_qvp/snapshots/2026-06-22T160715Z/raw,1070,1034,bf973ff3ecce3842bc807909b6a11c9ba3d11429,d3881a1328862a39dc4af32e15c4826237a09adca2da7038eafb5659ddb68bb4,3cbd5f76b124b82ce4f26fb66fcb37946580c4a15ad9e837f6f5beb2a7d3fb8d,SM,0.6135514018691588,0.6532710280373831,0.5049899866488651,0.5125482625482626,0.5565946316221192,0.6731141199226306,0.5192316880023038,0.5406976744186046,0.3964285714285714,0.6598039215686274,0.6135514018691588,0.40714285714285714,SM Energy Company,Energy,Oil & Gas E&P,6573909504,27.13999938964844,339.0,372.0,2026-06-18,none,NOT_SELECTED,,
2026-06-22T160715Z,2026-06-22T16:07:15.765832+00:00,2026-06-22T17:23:48.252300+00:00,2026-06-18,data/prospective/daily_qvp/snapshots/2026-06-22T160715Z/raw,1070,1034,bf973ff3ecce3842bc807909b6a11c9ba3d11429,d3881a1328862a39dc4af32e15c4826237a09adca2da7038eafb5659ddb68bb4,3cbd5f76b124b82ce4f26fb66fcb37946580c4a15ad9e837f6f5beb2a7d3fb8d,ABNB,0.5289719626168224,0.5102803738317757,0.6803569549148754,0.9005791505791506,0.5561354058406862,0.6721470019342359,0.5391075424044667,0.6405038759689923,0.8317419472129284,0.3076923076923077,0.5289719626168224,0.48802395209580834,"Airbnb, Inc.",Consumer Cyclical,Travel Services,82414092288,142.41000366210938,340.0,525.0,2026-06-18,none,NOT_SELECTED,,
2026-06-22T160715Z,2026-06-22T16:07:15.765832+00:00,2026-06-22T17:23:48.252300+00:00,2026-06-18,data/prospective/daily_qvp/snapshots/2026-06-22T160715Z/raw,1070,1034,bf973ff3ecce3842bc807909b6a11c9ba3d11429,d3881a1328862a39dc4af32e15c4826237a09adca2da7038eafb5659ddb68bb4,3cbd5f76b124b82ce4f26fb66fcb37946580c4a15ad9e837f6f5beb2a7d3fb8d,KALU,0.7558411214953271,0.9261682242990654,0.5841705607476635,0.7123552123552124,0.556113707165109,0.6711798839458414,0.619168613707165,0.9156976744186046,0.4125,0.5,0.7558411214953271,0.8083333333333333,Kaiser Aluminum Corporation,Basic Materials,Aluminum,2977912064,182.75,341.0,80.0,2026-06-18,none,NOT_SELECTED,,
2026-06-22T160715Z,2026-06-22T16:07:15.765832+00:00,2026-06-22T17:23:48.252300+00:00,2026-06-18,data/prospective/daily_qvp/snapshots/2026-06-22T160715Z/raw,1070,1034,bf973ff3ecce3842bc807909b6a11c9ba3d11429,d3881a1328862a39dc4af32e15c4826237a09adca2da7038eafb5659ddb68bb4,3cbd5f76b124b82ce4f26fb66fcb37946580c4a15ad9e837f6f5beb2a7d3fb8d,ATEN,0.8205607476635515,0.9906542056074766,0.6656345916859936,0.8832046332046332,0.5558685065694412,0.6702127659574468,0.4979824610081619,0.45348837209302323,0.5107084357084357,0.3363363363363363,0.8205607476635515,0.32432432432432423,"A10 Networks, Inc.",Technology,Software - Infrastructure,2423458560,33.2599983215332,342.0,11.0,2026-06-18,none,NOT_SELECTED,,
2026-06-22T160715Z,2026-06-22T16:07:15.765832+00:00,2026-06-22T17:23:48.252300+00:00,2026-06-18,data/prospective/daily_qvp/snapshots/2026-06-22T160715Z/raw,1070,1034,bf973ff3ecce3842bc807909b6a11c9ba3d11429,d3881a1328862a39dc4af32e15c4826237a09adca2da7038eafb5659ddb68bb4,3cbd5f76b124b82ce4f26fb66fcb37946580c4a15ad9e837f6f5beb2a7d3fb8d,CDE,0.39766355140186915,0.3037383177570093,0.5779984423676012,0.694980694980695,0.5557026652821045,0.6692456479690522,0.661568665628245,0.9709302325581395,0.7583333333333333,0.5111111111111111,0.39766355140186915,0.9791666666666667,"Coeur Mining, Inc.",Basic Materials,Gold,17817942016,17.510000228881836,343.0,746.0,2026-06-18,none,NOT_SELECTED,,
2026-06-22T160715Z,2026-06-22T16:07:15.765832+00:00,2026-06-22T17:23:48.252300+00:00,2026-06-18,data/prospective/daily_qvp/snapshots/2026-06-22T160715Z/raw,1070,1034,bf973ff3ecce3842bc807909b6a11c9ba3d11429,d3881a1328862a39dc4af32e15c4826237a09adca2da7038eafb5659ddb68bb4,3cbd5f76b124b82ce4f26fb66fcb37946580c4a15ad9e837f6f5beb2a7d3fb8d,LOPE,0.3539719626168224,0.24299065420560748,0.6379234813084111,0.8291505791505791,0.5554906542056074,0.6682785299806576,0.5923992406542056,0.8478682170542635,0.921875,0.390625,0.3539719626168224,0.703125,"Grand Canyon Education, Inc.",Consumer Defensive,Education & Training Services,3798172928,141.58999633789062,344.0,811.0,2026-06-18,none,NOT_SELECTED,,
2026-06-22T160715Z,2026-06-22T16:07:15.765832+00:00,2026-06-22T17:23:48.252300+00:00,2026-06-18,data/prospective/daily_qvp/snapshots/2026-06-22T160715Z/raw,1070,1034,bf973ff3ecce3842bc807909b6a11c9ba3d11429,d3881a1328862a39dc4af32e15c4826237a09adca2da7038eafb5659ddb68bb4,3cbd5f76b124b82ce4f26fb66fcb37946580c4a15ad9e837f6f5beb2a7d3fb8d,PR,0.7273364485981308,0.8556074766355141,0.617239652870494,0.7808880308880309,0.5553306369276683,0.6673114119922631,0.5075694062671798,0.4883720930232558,0.5071428571428571,0.43151260504201683,0.7273364485981308,0.36428571428571427,Permian Resources Corporation,Energy,Oil & Gas E&P,16275364864,18.43000030517578,345.0,155.0,2026-06-18,none,NOT_SELECTED,,
2026-06-22T160715Z,2026-06-22T16:07:15.765832+00:00,2026-06-22T17:23:48.252300+00:00,2026-06-18,data/prospective/daily_qvp/snapshots/2026-06-22T160715Z/raw,1070,1034,bf973ff3ecce3842bc807909b6a11c9ba3d11429,d3881a1328862a39dc4af32e15c4826237a09adca2da7038eafb5659ddb68bb4,3cbd5f76b124b82ce4f26fb66fcb37946580c4a15ad9e837f6f5beb2a7d3fb8d,DAR,0.7401869158878505,0.8897196261682243,0.5282965829439252,0.5791505791505791,0.5553227219626168,0.6663442940038685,0.6176639164719626,0.9098837209302325,0.31640625,0.609375,0.7401869158878505,0.8046875,Darling Ingredients Inc.,Consumer Defensive,Packaged Foods,8439837184,53.68000030517578,346.0,119.0,2026-06-18,none,NOT_SELECTED,,
2026-06-22T160715Z,2026-06-22T16:07:15.765832+00:00,2026-06-22T17:23:48.252300+00:00,2026-06-18,data/prospective/daily_qvp/snapshots/2026-06-22T160715Z/raw,1070,1034,bf973ff3ecce3842bc807909b6a11c9ba3d11429,d3881a1328862a39dc4af32e15c4826237a09adca2da7038eafb5659ddb68bb4,3cbd5f76b124b82ce4f26fb66fcb37946580c4a15ad9e837f6f5beb2a7d3fb8d,SANM,0.7007009345794393,0.8130841121495327,0.4820816302708826,0.4266409266409266,0.5551214872476554,0.6653771760154739,0.4957330073276335,0.44089147286821706,0.26346232596232594,0.7012012012012012,0.7007009345794393,0.31756756756756754,Sanmina Corporation,Technology,Electronic Components,13339404288,241.4900054931641,347.0,201.0,2026-06-18,none,NOT_SELECTED,,
2026-06-22T160715Z,2026-06-22T16:07:15.765832+00:00,2026-06-22T17:23:48.252300+00:00,2026-06-18,data/prospective/daily_qvp/snapshots/2026-06-22T160715Z/raw,1070,1034,bf973ff3ecce3842bc807909b6a11c9ba3d11429,d3881a1328862a39dc4af32e15c4826237a09adca2da7038eafb5659ddb68bb4,3cbd5f76b124b82ce4f26fb66fcb37946580c4a15ad9e837f6f5beb2a7d3fb8d,EBAY,0.6871495327102803,0.7869158878504673,0.699486437307403,0.9276061776061776,0.5550816879879729,0.6644100580270793,0.531580727068824,0.6046511627906976,0.7118233419045257,0.26627218934911245,0.6871495327102803,0.4610778443113772,eBay Inc.,Consumer Cyclical,Internet Retail,46928580608,108.23999786376952,348.0,229.0,2026-06-18,none,NOT_SELECTED,,
2026-06-22T160715Z,2026-06-22T16:07:15.765832+00:00,2026-06-22T17:23:48.252300+00:00,2026-06-18,data/prospective/daily_qvp/snapshots/2026-06-22T160715Z/raw,1070,1034,bf973ff3ecce3842bc807909b6a11c9ba3d11429,d3881a1328862a39dc4af32e15c4826237a09adca2da7038eafb5659ddb68bb4,3cbd5f76b124b82ce4f26fb66fcb37946580c4a15ad9e837f6f5beb2a7d3fb8d,LHX,0.572196261682243,0.5850467289719626,0.5086852436729798,0.5212355212355212,0.5549543709048971,0.6634429400386848,0.532326889289784,0.6085271317829457,0.4451742256637168,0.6474926253687315,0.572196261682243,0.46444444444444444,"L3Harris Technologies, Inc.",Industrials,Aerospace & Defense,53220737024,294.82000732421875,349.0,445.0,2026-06-18,none,NOT_SELECTED,,
2026-06-22T160715Z,2026-06-22T16:07:15.765832+00:00,2026-06-22T17:23:48.252300+00:00,2026-06-18,data/prospective/daily_qvp/snapshots/2026-06-22T160715Z/raw,1070,1034,bf973ff3ecce3842bc807909b6a11c9ba3d11429,d3881a1328862a39dc4af32e15c4826237a09adca2da7038eafb5659ddb68bb4,3cbd5f76b124b82ce4f26fb66fcb37946580c4a15ad9e837f6f5beb2a7d3fb8d,GME,0.38878504672897196,0.2925233644859813,0.46515599430932497,0.3783783783783784,0.5540224708939221,0.6624758220502901,0.5465048771225374,0.6821705426356589,0.541526941889678,0.7317554240631163,0.38878504672897196,0.5239520958083832,GameStop Corp.,Consumer Cyclical,Specialty Retail,9584046080,21.520000457763672,350.0,758.0,2026-06-18,none,NOT_SELECTED,,
2026-06-22T160715Z,2026-06-22T16:07:15.765832+00:00,2026-06-22T17:23:48.252300+00:00,2026-06-18,data/prospective/daily_qvp/snapshots/2026-06-22T160715Z/raw,1070,1034,bf973ff3ecce3842bc807909b6a11c9ba3d11429,d3881a1328862a39dc4af32e15c4826237a09adca2da7038eafb5659ddb68bb4,3cbd5f76b124b82ce4f26fb66fcb37946580c4a15ad9e837f6f5beb2a7d3fb8d,TAP,0.3838785046728972,0.2850467289719626,0.3960408148364486,0.21042471042471042,0.5539577654465212,0.6615087040618955,0.4642964490848909,0.313953488372093,0.408203125,0.8697916666666666,0.3838785046728972,0.1953125,Molson Coors Beverage Company,Consumer Defensive,Beverages - Brewers,7415780864,39.400001525878906,351.0,766.0,2026-06-18,none,NOT_SELECTED,,
2026-06-22T160715Z,2026-06-22T16:07:15.765832+00:00,2026-06-22T17:23:48.252300+00:00,2026-06-18,data/prospective/daily_qvp/snapshots/2026-06-22T160715Z/raw,1070,1034,bf973ff3ecce3842bc807909b6a11c9ba3d11429,d3881a1328862a39dc4af32e15c4826237a09adca2da7038eafb5659ddb68bb4,3cbd5f76b124b82ce4f26fb66fcb37946580c4a15ad9e837f6f5beb2a7d3fb8d,MZTI,0.258411214953271,0.14579439252336449,0.5022524824766355,0.500965250965251,0.5535849883177569,0.660541586073501,0.5499543662383177,0.6957364341085271,0.74609375,0.65625,0.258411214953271,0.5390625,The Marzetti Company,Consumer Defensive,Packaged Foods,2894158080,107.05999755859376,352.0,915.0,2026-06-18,none,NOT_SELECTED,,
2026-06-22T160715Z,2026-06-22T16:07:15.765832+00:00,2026-06-22T17:23:48.252300+00:00,2026-06-18,data/prospective/daily_qvp/snapshots/2026-06-22T160715Z/raw,1070,1034,bf973ff3ecce3842bc807909b6a11c9ba3d11429,d3881a1328862a39dc4af32e15c4826237a09adca2da7038eafb5659ddb68bb4,3cbd5f76b124b82ce4f26fb66fcb37946580c4a15ad9e837f6f5beb2a7d3fb8d,DXCM,0.3953271028037383,0.3018691588785047,0.59754179101123,0.7451737451737451,0.5534838491301418,0.6595744680851063,0.5818801976366563,0.8246124031007752,0.7997564792187217,0.4653679653679654,0.3953271028037383,0.6670692431561998,"DexCom, Inc.",Healthcare,Medical Devices,26783444992,72.47000122070312,353.0,748.0,2026-06-18,none,NOT_SELECTED,,
2026-06-22T160715Z,2026-06-22T16:07:15.765832+00:00,2026-06-22T17:23:48.252300+00:00,2026-06-18,data/prospective/daily_qvp/snapshots/2026-06-22T160715Z/raw,1070,1034,bf973ff3ecce3842bc807909b6a11c9ba3d11429,d3881a1328862a39dc4af32e15c4826237a09adca2da7038eafb5659ddb68bb4,3cbd5f76b124b82ce4f26fb66fcb37946580c4a15ad9e837f6f5beb2a7d3fb8d,VLTO,0.4077102803738318,0.32616822429906545,0.5881738427785721,0.722007722007722,0.5533744989221946,0.6586073500967118,0.5422530964138682,0.6560077519379846,0.7686374051833124,0.4837758112094395,0.4077102803738318,0.508888888888889,Veralto Corporation,Industrials,Pollution & Treatment Controls,20382281728,84.0199966430664,354.0,722.0,2026-06-18,none,NOT_SELECTED,,
2026-06-22T160715Z,2026-06-22T16:07:15.765832+00:00,2026-06-22T17:23:48.252300+00:00,2026-06-18,data/prospective/daily_qvp/snapshots/2026-06-22T160715Z/raw,1070,1034,bf973ff3ecce3842bc807909b6a11c9ba3d11429,d3881a1328862a39dc4af32e15c4826237a09adca2da7038eafb5659ddb68bb4,3cbd5f76b124b82ce4f26fb66fcb37946580c4a15ad9e837f6f5beb2a7d3fb8d,VRTX,0.4228971962616822,0.3485981308411215,0.6306742261450846,0.8156370656370656,0.5532056168528557,0.6576402321083172,0.579417095087307,0.812015503875969,0.838451256028487,0.39826839826839827,0.4228971962616822,0.6580515297906603,Vertex Pharmaceuticals Incorporated,Healthcare,Biotechnology,116896440320,451.6300048828125,355.0,698.0,2026-06-18,none,NOT_SELECTED,,
2026-06-22T160715Z,2026-06-22T16:07:15.765832+00:00,2026-06-22T17:23:48.252300+00:00,2026-06-18,data/prospective/daily_qvp/snapshots/2026-06-22T160715Z/raw,1070,1034,bf973ff3ecce3842bc807909b6a11c9ba3d11429,d3881a1328862a39dc4af32e15c4826237a09adca2da7038eafb5659ddb68bb4,3cbd5f76b124b82ce4f26fb66fcb37946580c4a15ad9e837f6f5beb2a7d3fb8d,CARG,0.2794392523364486,0.17102803738317757,0.5886576018651821,0.7239382239382239,0.5528591770488459,0.6566731141199227,0.6414407899722632,0.9476744186046512,0.8978759513939155,0.48126232741617353,0.2794392523364486,0.9071856287425151,"CarGurus, Inc.",Consumer Cyclical,Auto & Truck Dealerships,2739432960,30.020000457763672,356.0,888.0,2026-06-18,none,NOT_SELECTED,,
2026-06-22T160715Z,2026-06-22T16:07:15.765832+00:00,2026-06-22T17:23:48.252300+00:00,2026-06-18,data/prospective/daily_qvp/snapshots/2026-06-22T160715Z/raw,1070,1034,bf973ff3ecce3842bc807909b6a11c9ba3d11429,d3881a1328862a39dc4af32e15c4826237a09adca2da7038eafb5659ddb68bb4,3cbd5f76b124b82ce4f26fb66fcb37946580c4a15ad9e837f6f5beb2a7d3fb8d,IRDM,0.7072429906542056,0.8233644859813084,0.6188599516803215,0.7837837837837838,0.5526699194777023,0.655705996131528,0.5589468840527211,0.7383720930232558,0.5304769127064374,0.4202898550724637,0.7072429906542056,0.5777777777777777,Iridium Communications Inc.,Communication Services,Telecom Services,4549464576,44.56999969482422,357.0,190.0,2026-06-18,none,NOT_SELECTED,,
2026-06-22T160715Z,2026-06-22T16:07:15.765832+00:00,2026-06-22T17:23:48.252300+00:00,2026-06-18,data/prospective/daily_qvp/snapshots/2026-06-22T160715Z/raw,1070,1034,bf973ff3ecce3842bc807909b6a11c9ba3d11429,d3881a1328862a39dc4af32e15c4826237a09adca2da7038eafb5659ddb68bb4,3cbd5f76b124b82ce4f26fb66fcb37946580c4a15ad9e837f6f5beb2a7d3fb8d,GEV,0.7292056074766355,0.8602803738317757,0.7281359105651193,0.9507722007722008,0.5522872638772378,0.6547388781431335,0.6058821145745951,0.8866279069767442,0.727066213653603,0.20058997050147487,0.7292056074766355,0.7666666666666667,GE Vernova Inc.,Industrials,Specialty Industrial Machinery,302429569024,1109.72998046875,358.0,150.0,2026-06-18,none,NOT_SELECTED,,
2026-06-22T160715Z,2026-06-22T16:07:15.765832+00:00,2026-06-22T17:23:48.252300+00:00,2026-06-18,data/prospective/daily_qvp/snapshots/2026-06-22T160715Z/raw,1070,1034,bf973ff3ecce3842bc807909b6a11c9ba3d11429,d3881a1328862a39dc4af32e15c4826237a09adca2da7038eafb5659ddb68bb4,3cbd5f76b124b82ce4f26fb66fcb37946580c4a15ad9e837f6f5beb2a7d3fb8d,PCAR,0.5848130841121495,0.6046728971962617,0.49274630185379914,0.46332046332046334,0.5521946830451089,0.6537717601547389,0.4238682345060539,0.17248062015503876,0.4006795195954488,0.6710914454277286,0.5848130841121495,0.03888888888888885,PACCAR Inc,Industrials,Farm & Heavy Construction Machinery,63485906944,118.9499969482422,359.0,424.0,2026-06-18,none,NOT_SELECTED,,
2026-06-22T160715Z,2026-06-22T16:07:15.765832+00:00,2026-06-22T17:23:48.252300+00:00,2026-06-18,data/prospective/daily_qvp/snapshots/2026-06-22T160715Z/raw,1070,1034,bf973ff3ecce3842bc807909b6a11c9ba3d11429,d3881a1328862a39dc4af32e15c4826237a09adca2da7038eafb5659ddb68bb4,3cbd5f76b124b82ce4f26fb66fcb37946580c4a15ad9e837f6f5beb2a7d3fb8d,LKQ,0.2577102803738318,0.14485981308411214,0.3740919752657017,0.18146718146718147,0.5505123359102048,0.6528046421663443,0.47051898247157575,0.34593023255813954,0.49047367015757154,0.9033530571992111,0.2577102803738318,0.2305389221556886,LKQ Corporation,Consumer Cyclical,Auto Parts,6489522176,25.799999237060547,360.0,916.0,2026-06-18,none,NOT_SELECTED,,
2026-06-22T160715Z,2026-06-22T16:07:15.765832+00:00,2026-06-22T17:23:48.252300+00:00,2026-06-18,data/prospective/daily_qvp/snapshots/2026-06-22T160715Z/raw,1070,1034,bf973ff3ecce3842bc807909b6a11c9ba3d11429,d3881a1328862a39dc4af32e15c4826237a09adca2da7038eafb5659ddb68bb4,3cbd5f76b124b82ce4f26fb66fcb37946580c4a15ad9e837f6f5beb2a7d3fb8d,STE,0.38691588785046727,0.288785046728972,0.49778681490170185,0.48166023166023164,0.5504725952158532,0.6518375241779497,0.5283133836099576,0.5872093023255814,0.6086577419529364,0.6558441558441558,0.38691588785046727,0.4618357487922705,STERIS plc,Healthcare,Medical Devices,19529543680,202.61000061035156,361.0,762.0,2026-06-18,none,NOT_SELECTED,,
2026-06-22T160715Z,2026-06-22T16:07:15.765832+00:00,2026-06-22T17:23:48.252300+00:00,2026-06-18,data/prospective/daily_qvp/snapshots/2026-06-22T160715Z/raw,1070,1034,bf973ff3ecce3842bc807909b6a11c9ba3d11429,d3881a1328862a39dc4af32e15c4826237a09adca2da7038eafb5659ddb68bb4,3cbd5f76b124b82ce4f26fb66fcb37946580c4a15ad9e837f6f5beb2a7d3fb8d,AXTA,0.4925233644859813,0.44485981308411215,0.5004283489096573,0.49131274131274133,0.5502855659397715,0.6508704061895552,0.5293808411214953,0.5920542635658915,0.5083333333333333,0.65,0.4925233644859813,0.4666666666666667,Axalta Coating Systems Ltd.,Basic Materials,Specialty Chemicals,7394348032,34.779998779296875,362.0,595.0,2026-06-18,none,NOT_SELECTED,,
2026-06-22T160715Z,2026-06-22T16:07:15.765832+00:00,2026-06-22T17:23:48.252300+00:00,2026-06-18,data/prospective/daily_qvp/snapshots/2026-06-22T160715Z/raw,1070,1034,bf973ff3ecce3842bc807909b6a11c9ba3d11429,d3881a1328862a39dc4af32e15c4826237a09adca2da7038eafb5659ddb68bb4,3cbd5f76b124b82ce4f26fb66fcb37946580c4a15ad9e837f6f5beb2a7d3fb8d,REYN,0.5121495327102804,0.4738317757009346,0.5127599378549133,0.5395752895752896,0.5502554746777659,0.6499032882011605,0.49652394133766575,0.44573643410852715,0.5133703429995461,0.6252465483234714,0.5121495327102804,0.33532934131736525,Reynolds Consumer Products Inc.,Consumer Cyclical,Packaging & Containers,5079493632,23.8700008392334,363.0,564.0,2026-06-18,none,NOT_SELECTED,,
2026-06-22T160715Z,2026-06-22T16:07:15.765832+00:00,2026-06-22T17:23:48.252300+00:00,2026-06-18,data/prospective/daily_qvp/snapshots/2026-06-22T160715Z/raw,1070,1034,bf973ff3ecce3842bc807909b6a11c9ba3d11429,d3881a1328862a39dc4af32e15c4826237a09adca2da7038eafb5659ddb68bb4,3cbd5f76b124b82ce4f26fb66fcb37946580c4a15ad9e837f6f5beb2a7d3fb8d,MO,0.7292056074766355,0.8602803738317757,0.6897981162383178,0.9121621621621622,0.5501431886033229,0.648936170212766,0.5551855164524921,0.7257751937984496,0.650390625,0.2708333333333333,0.7292056074766355,0.5703125,"Altria Group, Inc.",Consumer Defensive,Tobacco,117393358848,69.12000274658203,364.0,151.0,2026-06-18,none,NOT_SELECTED,,
2026-06-22T160715Z,2026-06-22T16:07:15.765832+00:00,2026-06-22T17:23:48.252300+00:00,2026-06-18,data/prospective/daily_qvp/snapshots/2026-06-22T160715Z/raw,1070,1034,bf973ff3ecce3842bc807909b6a11c9ba3d11429,d3881a1328862a39dc4af32e15c4826237a09adca2da7038eafb5659ddb68bb4,3cbd5f76b124b82ce4f26fb66fcb37946580c4a15ad9e837f6f5beb2a7d3fb8d,FLS,0.508177570093458,0.4672897196261682,0.5364104111529238,0.6071428571428571,0.549347353747967,0.6479690522243714,0.5542327375331974,0.7189922480620154,0.5646432522123894,0.5752212389380532,0.508177570093458,0.5688888888888888,Flowserve Corporation,Industrials,Specialty Industrial Machinery,10417550336,81.69999694824219,365.0,571.0,2026-06-18,none,NOT_SELECTED,,
2026-06-22T160715Z,2026-06-22T16:07:15.765832+00:00,2026-06-22T17:23:48.252300+00:00,2026-06-18,data/prospective/daily_qvp/snapshots/2026-06-22T160715Z/raw,1070,1034,bf973ff3ecce3842bc807909b6a11c9ba3d11429,d3881a1328862a39dc4af32e15c4826237a09adca2da7038eafb5659ddb68bb4,3cbd5f76b124b82ce4f26fb66fcb37946580c4a15ad9e837f6f5beb2a7d3fb8d,ALRM,0.3329439252336448,0.2205607476635514,0.4088859675308273,0.2384169884169884,0.5488669212968278,0.6470019342359767,0.5163799207023505,0.5232558139534884,0.48482800982800983,0.8288288288288288,0.3329439252336448,0.41891891891891886,"Alarm.com Holdings, Inc.",Technology,Software - Application,2163406080,44.380001068115234,366.0,835.0,2026-06-18,none,NOT_SELECTED,,
2026-06-22T160715Z,2026-06-22T16:07:15.765832+00:00,2026-06-22T17:23:48.252300+00:00,2026-06-18,data/prospective/daily_qvp/snapshots/2026-06-22T160715Z/raw,1070,1034,bf973ff3ecce3842bc807909b6a11c9ba3d11429,d3881a1328862a39dc4af32e15c4826237a09adca2da7038eafb5659ddb68bb4,3cbd5f76b124b82ce4f26fb66fcb37946580c4a15ad9e837f6f5beb2a7d3fb8d,INTU,0.1011682242990654,0.028037383177570093,0.439184644500065,0.3079150579150579,0.5485455187557992,0.6460348162475822,0.5634361660938764,0.750968992248062,0.7772010647010646,0.7672672672672672,0.1011682242990654,0.6081081081081081,Intuit Inc.,Technology,Software - Application,69620637696,267.0,367.0,1041.0,2026-06-18,none,NOT_SELECTED,,
2026-06-22T160715Z,2026-06-22T16:07:15.765832+00:00,2026-06-22T17:23:48.252300+00:00,2026-06-18,data/prospective/daily_qvp/snapshots/2026-06-22T160715Z/raw,1070,1034,bf973ff3ecce3842bc807909b6a11c9ba3d11429,d3881a1328862a39dc4af32e15c4826237a09adca2da7038eafb5659ddb68bb4,3cbd5f76b124b82ce4f26fb66fcb37946580c4a15ad9e837f6f5beb2a7d3fb8d,EPAM,0.09859813084112147,0.027102803738317756,0.3361694585409538,0.11583011583011583,0.5476865459342095,0.6450676982591876,0.5008549995407472,0.4622093023255814,0.5737407862407862,0.9707207207207208,0.09859813084112147,0.36036036036036034,"EPAM Systems, Inc.",Technology,Information Technology Services,3838400000,76.63999938964844,368.0,1042.0,2026-06-18,none,NOT_SELECTED,,
2026-06-22T160715Z,2026-06-22T16:07:15.765832+00:00,2026-06-22T17:23:48.252300+00:00,2026-06-18,data/prospective/daily_qvp/snapshots/2026-06-22T160715Z/raw,1070,1034,bf973ff3ecce3842bc807909b6a11c9ba3d11429,d3881a1328862a39dc4af32e15c4826237a09adca2da7038eafb5659ddb68bb4,3cbd5f76b124b82ce4f26fb66fcb37946580c4a15ad9e837f6f5beb2a7d3fb8d,R,0.7242990654205607,0.8523364485981308,0.47251714491002744,0.39575289575289574,0.5475581359380518,0.6441005802707931,0.5073352686202055,0.48643410852713176,0.22073522439949425,0.6976401179941004,0.7242990654205607,0.38666666666666666,"Ryder System, Inc.",Industrials,Rental & Leasing Services,10312510464,263.3699951171875,369.0,159.0,2026-06-18,none,NOT_SELECTED,,
2026-06-22T160715Z,2026-06-22T16:07:15.765832+00:00,2026-06-22T17:23:48.252300+00:00,2026-06-18,data/prospective/daily_qvp/snapshots/2026-06-22T160715Z/raw,1070,1034,bf973ff3ecce3842bc807909b6a11c9ba3d11429,d3881a1328862a39dc4af32e15c4826237a09adca2da7038eafb5659ddb68bb4,3cbd5f76b124b82ce4f26fb66fcb37946580c4a15ad9e837f6f5beb2a7d3fb8d,HUBB,0.610981308411215,0.6476635514018692,0.6436059750020677,0.8397683397683398,0.5475563923809261,0.6431334622823984,0.5606672942856946,0.7422480620155039,0.6762306415929205,0.355457227138643,0.610981308411215,0.6,Hubbell Incorporated,Industrials,Electrical Equipment & Parts,28225961984,523.6900024414062,370.0,378.0,2026-06-18,none,NOT_SELECTED,,
2026-06-22T160715Z,2026-06-22T16:07:15.765832+00:00,2026-06-22T17:23:48.252300+00:00,2026-06-18,data/prospective/daily_qvp/snapshots/2026-06-22T160715Z/raw,1070,1034,bf973ff3ecce3842bc807909b6a11c9ba3d11429,d3881a1328862a39dc4af32e15c4826237a09adca2da7038eafb5659ddb68bb4,3cbd5f76b124b82ce4f26fb66fcb37946580c4a15ad9e837f6f5beb2a7d3fb8d,AMAT,0.772196261682243,0.9504672897196261,0.727391128384119,0.9498069498069498,0.5474899814853086,0.6421663442940039,0.4905724410689364,0.4166666666666667,0.6825859950859952,0.18768768768768765,0.772196261682243,0.3198198198198198,"Applied Materials, Inc.",Technology,Semiconductor Equipment & Materials,495315550208,617.1099853515625,371.0,54.0,2026-06-18,none,NOT_SELECTED,,
2026-06-22T160715Z,2026-06-22T16:07:15.765832+00:00,2026-06-22T17:23:48.252300+00:00,2026-06-18,data/prospective/daily_qvp/snapshots/2026-06-22T160715Z/raw,1070,1034,bf973ff3ecce3842bc807909b6a11c9ba3d11429,d3881a1328862a39dc4af32e15c4826237a09adca2da7038eafb5659ddb68bb4,3cbd5f76b124b82ce4f26fb66fcb37946580c4a15ad9e837f6f5beb2a7d3fb8d,CAH,0.6093457943925235,0.6457943925233645,0.5003884683337436,0.49034749034749037,0.5471565257867094,0.6411992263056093,0.4647957357248951,0.3178294573643411,0.3914311422749638,0.6406926406926406,0.6093457943925235,0.2177133655394525,"Cardinal Health, Inc.",Healthcare,Medical Distribution,52579213312,221.77000427246097,372.0,380.0,2026-06-18,none,NOT_SELECTED,,
2026-06-22T160715Z,2026-06-22T16:07:15.765832+00:00,2026-06-22T17:23:48.252300+00:00,2026-06-18,data/prospective/daily_qvp/snapshots/2026-06-22T160715Z/raw,1070,1034,bf973ff3ecce3842bc807909b6a11c9ba3d11429,d3881a1328862a39dc4af32e15c4826237a09adca2da7038eafb5659ddb68bb4,3cbd5f76b124b82ce4f26fb66fcb37946580c4a15ad9e837f6f5beb2a7d3fb8d,NSIT,0.43925233644859807,0.3728971962616822,0.3739975850957159,0.1805019305019305,0.5471295211949417,0.6402321083172147,0.44244173549080085,0.23352713178294573,0.30874283374283373,0.8933933933933934,0.43925233644859807,0.12837837837837834,"Insight Enterprises, Inc.",Technology,Electronics & Computer Distribution,3218227456,108.44000244140624,373.0,672.0,2026-06-18,none,NOT_SELECTED,,
2026-06-22T160715Z,2026-06-22T16:07:15.765832+00:00,2026-06-22T17:23:48.252300+00:00,2026-06-18,data/prospective/daily_qvp/snapshots/2026-06-22T160715Z/raw,1070,1034,bf973ff3ecce3842bc807909b6a11c9ba3d11429,d3881a1328862a39dc4af32e15c4826237a09adca2da7038eafb5659ddb68bb4,3cbd5f76b124b82ce4f26fb66fcb37946580c4a15ad9e837f6f5beb2a7d3fb8d,PBH,0.25163551401869155,0.13457943925233645,0.3864402604593664,0.19594594594594594,0.5469486296280336,0.6392649903288201,0.43099448349316694,0.20155038759689922,0.5212450069000413,0.8679653679653679,0.25163551401869155,0.08313204508856681,Prestige Consumer Healthcare Inc.,Healthcare,Drug Manufacturers - Specialty & Generic,2177698560,46.970001220703125,374.0,927.0,2026-06-18,none,NOT_SELECTED,,
2026-06-22T160715Z,2026-06-22T16:07:15.765832+00:00,2026-06-22T17:23:48.252300+00:00,2026-06-18,data/prospective/daily_qvp/snapshots/2026-06-22T160715Z/raw,1070,1034,bf973ff3ecce3842bc807909b6a11c9ba3d11429,d3881a1328862a39dc4af32e15c4826237a09adca2da7038eafb5659ddb68bb4,3cbd5f76b124b82ce4f26fb66fcb37946580c4a15ad9e837f6f5beb2a7d3fb8d,WTTR,0.7733644859813085,0.9542056074766355,0.617039385847797,0.7799227799227799,0.5469338202570748,0.6382978723404256,0.5191289366213775,0.5387596899224806,0.4607142857142857,0.4067226890756302,0.7733644859813085,0.43571428571428567,"Select Water Solutions, Inc.",Energy,Oil & Gas Equipment & Services,2541596928,17.700000762939453,375.0,50.0,2026-06-18,none,NOT_SELECTED,,
2026-06-22T160715Z,2026-06-22T16:07:15.765832+00:00,2026-06-22T17:23:48.252300+00:00,2026-06-18,data/prospective/daily_qvp/snapshots/2026-06-22T160715Z/raw,1070,1034,bf973ff3ecce3842bc807909b6a11c9ba3d11429,d3881a1328862a39dc4af32e15c4826237a09adca2da7038eafb5659ddb68bb4,3cbd5f76b124b82ce4f26fb66fcb37946580c4a15ad9e837f6f5beb2a7d3fb8d,PH,0.6212616822429906,0.6672897196261682,0.6625686571771211,0.8745173745173745,0.5469238442144425,0.6373307543520309,0.5329706609386097,0.6114341085271318,0.7038756321112516,0.3156342182890855,0.6212616822429906,0.4911111111111111,Parker-Hannifin Corporation,Industrials,Specialty Industrial Machinery,120960344064,953.27001953125,376.0,357.0,2026-06-18,none,NOT_SELECTED,,
2026-06-22T160715Z,2026-06-22T16:07:15.765832+00:00,2026-06-22T17:23:48.252300+00:00,2026-06-18,data/prospective/daily_qvp/snapshots/2026-06-22T160715Z/raw,1070,1034,bf973ff3ecce3842bc807909b6a11c9ba3d11429,d3881a1328862a39dc4af32e15c4826237a09adca2da7038eafb5659ddb68bb4,3cbd5f76b124b82ce4f26fb66fcb37946580c4a15ad9e837f6f5beb2a7d3fb8d,AROC,0.7995327102803739,0.9794392523364486,0.6908377837116155,0.9140926640926641,0.5468330322783319,0.6363636363636364,0.6208390599230347,0.9195736434108527,0.5821428571428572,0.2588235294117647,0.7995327102803739,0.8428571428571429,"Archrock, Inc.",Energy,Oil & Gas Equipment & Services,6563547136,36.970001220703125,377.0,23.0,2026-06-18,none,NOT_SELECTED,,
2026-06-22T160715Z,2026-06-22T16:07:15.765832+00:00,2026-06-22T17:23:48.252300+00:00,2026-06-18,data/prospective/daily_qvp/snapshots/2026-06-22T160715Z/raw,1070,1034,bf973ff3ecce3842bc807909b6a11c9ba3d11429,d3881a1328862a39dc4af32e15c4826237a09adca2da7038eafb5659ddb68bb4,3cbd5f76b124b82ce4f26fb66fcb37946580c4a15ad9e837f6f5beb2a7d3fb8d,COCO,0.7352803738317758,0.8775700934579439,0.7758433119158878,0.9874517374517374,0.5467427634994808,0.6353965183752418,0.5702133226246106,0.7800387596899225,0.81640625,0.08854166666666667,0.7352803738317758,0.640625,"The Vita Coco Company, Inc.",Consumer Defensive,Beverages - Non-Alcoholic,4749487616,84.0199966430664,378.0,132.0,2026-06-18,none,NOT_SELECTED,,
2026-06-22T160715Z,2026-06-22T16:07:15.765832+00:00,2026-06-22T17:23:48.252300+00:00,2026-06-18,data/prospective/daily_qvp/snapshots/2026-06-22T160715Z/raw,1070,1034,bf973ff3ecce3842bc807909b6a11c9ba3d11429,d3881a1328862a39dc4af32e15c4826237a09adca2da7038eafb5659ddb68bb4,3cbd5f76b124b82ce4f26fb66fcb37946580c4a15ad9e837f6f5beb2a7d3fb8d,SAH,0.5240654205607476,0.49626168224299066,0.39693099802441234,0.21428571428571427,0.5466719474008903,0.6344294003868471,0.5664410862991707,0.7616279069767442,0.2697965754880771,0.8461538461538461,0.5240654205607476,0.625748502994012,"Sonic Automotive, Inc.",Consumer Cyclical,Auto & Truck Dealerships,2555191808,80.7300033569336,379.0,540.0,2026-06-18,none,NOT_SELECTED,,
2026-06-22T160715Z,2026-06-22T16:07:15.765832+00:00,2026-06-22T17:23:48.252300+00:00,2026-06-18,data/prospective/daily_qvp/snapshots/2026-06-22T160715Z/raw,1070,1034,bf973ff3ecce3842bc807909b6a11c9ba3d11429,d3881a1328862a39dc4af32e15c4826237a09adca2da7038eafb5659ddb68bb4,3cbd5f76b124b82ce4f26fb66fcb37946580c4a15ad9e837f6f5beb2a7d3fb8d,OMC,0.39579439252336446,0.30280373831775703,0.38854993190936227,0.19884169884169883,0.5464729014661449,0.6334622823984526,0.49457689832183094,0.43410852713178294,0.3813054712953601,0.8623188405797101,0.39579439252336446,0.3388888888888889,Omnicom Group Inc.,Communication Services,Advertising Agencies,20494796800,71.3499984741211,380.0,747.0,2026-06-18,none,NOT_SELECTED,,
2026-06-22T160715Z,2026-06-22T16:07:15.765832+00:00,2026-06-22T17:23:48.252300+00:00,2026-06-18,data/prospective/daily_qvp/snapshots/2026-06-22T160715Z/raw,1070,1034,bf973ff3ecce3842bc807909b6a11c9ba3d11429,d3881a1328862a39dc4af32e15c4826237a09adca2da7038eafb5659ddb68bb4,3cbd5f76b124b82ce4f26fb66fcb37946580c4a15ad9e837f6f5beb2a7d3fb8d,DIS,0.4336448598130841,0.36355140186915885,0.4789137679584463,0.416023166023166,0.5463289854022492,0.632495164410058,0.5291911834961314,0.5910852713178295,0.5241826761038085,0.6811594202898551,0.4336448598130841,0.47777777777777775,The Walt Disney Company,Communication Services,Entertainment,177619091456,103.88999938964844,381.0,682.0,2026-06-18,none,NOT_SELECTED,,
2026-06-22T160715Z,2026-06-22T16:07:15.765832+00:00,2026-06-22T17:23:48.252300+00:00,2026-06-18,data/prospective/daily_qvp/snapshots/2026-06-22T160715Z/raw,1070,1034,bf973ff3ecce3842bc807909b6a11c9ba3d11429,d3881a1328862a39dc4af32e15c4826237a09adca2da7038eafb5659ddb68bb4,3cbd5f76b124b82ce4f26fb66fcb37946580c4a15ad9e837f6f5beb2a7d3fb8d,SR,0.5740654205607476,0.5878504672897197,0.4945867722324486,0.4749034749034749,0.5462970195297303,0.6315280464216635,0.5261020749921252,0.5746124031007752,0.4151081239041496,0.6497175141242938,0.5740654205607476,0.46551724137931033,Spire Inc.,Utilities,Utilities - Regulated Gas,4552584192,77.05000305175781,382.0,442.0,2026-06-18,none,NOT_SELECTED,,
2026-06-22T160715Z,2026-06-22T16:07:15.765832+00:00,2026-06-22T17:23:48.252300+00:00,2026-06-18,data/prospective/daily_qvp/snapshots/2026-06-22T160715Z/raw,1070,1034,bf973ff3ecce3842bc807909b6a11c9ba3d11429,d3881a1328862a39dc4af32e15c4826237a09adca2da7038eafb5659ddb68bb4,3cbd5f76b124b82ce4f26fb66fcb37946580c4a15ad9e837f6f5beb2a7d3fb8d,DBX,0.40023364485981305,0.3102803738317757,0.5455739272620115,0.6283783783783784,0.5458981336901898,0.6305609284332688,0.5282299065739486,0.5852713178294574,0.6909142096642098,0.5465465465465466,0.40023364485981305,0.4752252252252252,"Dropbox, Inc.",Technology,Software - Infrastructure,5989993984,25.969999313354492,383.0,739.0,2026-06-18,none,NOT_SELECTED,,
2026-06-22T160715Z,2026-06-22T16:07:15.765832+00:00,2026-06-22T17:23:48.252300+00:00,2026-06-18,data/prospective/daily_qvp/snapshots/2026-06-22T160715Z/raw,1070,1034,bf973ff3ecce3842bc807909b6a11c9ba3d11429,d3881a1328862a39dc4af32e15c4826237a09adca2da7038eafb5659ddb68bb4,3cbd5f76b124b82ce4f26fb66fcb37946580c4a15ad9e837f6f5beb2a7d3fb8d,PENG,0.7525700934579439,0.9168224299065421,0.5314959394398646,0.5897683397683398,0.5450213169839339,0.6295938104448743,0.5748695913415539,0.7984496124031008,0.3104217854217854,0.5720720720720721,0.7525700934579439,0.6644144144144144,"Penguin Solutions, Inc.",Technology,Information Technology Services,3644520960,67.1500015258789,384.0,90.0,2026-06-18,none,NOT_SELECTED,,
2026-06-22T160715Z,2026-06-22T16:07:15.765832+00:00,2026-06-22T17:23:48.252300+00:00,2026-06-18,data/prospective/daily_qvp/snapshots/2026-06-22T160715Z/raw,1070,1034,bf973ff3ecce3842bc807909b6a11c9ba3d11429,d3881a1328862a39dc4af32e15c4826237a09adca2da7038eafb5659ddb68bb4,3cbd5f76b124b82ce4f26fb66fcb37946580c4a15ad9e837f6f5beb2a7d3fb8d,DOCS,0.058878504672897174,0.009345794392523364,0.486879159397351,0.444015444015444,0.5446438263226208,0.6286266924564797,0.4877904381799688,0.4050387596899225,0.9148798141218049,0.6601731601731602,0.058878504672897174,0.31723027375201285,"Doximity, Inc.",Healthcare,Health Information Services,3682128640,20.459999084472656,385.0,1061.0,2026-06-18,none,NOT_SELECTED,,
2026-06-22T160715Z,2026-06-22T16:07:15.765832+00:00,2026-06-22T17:23:48.252300+00:00,2026-06-18,data/prospective/daily_qvp/snapshots/2026-06-22T160715Z/raw,1070,1034,bf973ff3ecce3842bc807909b6a11c9ba3d11429,d3881a1328862a39dc4af32e15c4826237a09adca2da7038eafb5659ddb68bb4,3cbd5f76b124b82ce4f26fb66fcb37946580c4a15ad9e837f6f5beb2a7d3fb8d,UBER,0.34182242990654205,0.23037383177570092,0.4867895933316494,0.4420849420849421,0.5442461152741527,0.6276595744680851,0.5804818837529119,0.8178294573643411,0.6317567567567568,0.6591591591591591,0.34182242990654205,0.6891891891891893,"Uber Technologies, Inc.",Technology,Software - Application,146868469760,71.63999938964844,386.0,825.0,2026-06-18,none,NOT_SELECTED,,
2026-06-22T160715Z,2026-06-22T16:07:15.765832+00:00,2026-06-22T17:23:48.252300+00:00,2026-06-18,data/prospective/daily_qvp/snapshots/2026-06-22T160715Z/raw,1070,1034,bf973ff3ecce3842bc807909b6a11c9ba3d11429,d3881a1328862a39dc4af32e15c4826237a09adca2da7038eafb5659ddb68bb4,3cbd5f76b124b82ce4f26fb66fcb37946580c4a15ad9e837f6f5beb2a7d3fb8d,ACA,0.6352803738317757,0.697196261682243,0.5158811398235996,0.5472972972972973,0.5440190882993122,0.6266924564796905,0.6191254273355953,0.9147286821705426,0.3964819058154235,0.6002949852507374,0.6352803738317757,0.8444444444444444,"Arcosa, Inc.",Industrials,Engineering & Construction,7144011776,135.83999633789062,387.0,325.0,2026-06-18,none,NOT_SELECTED,,
2026-06-22T160715Z,2026-06-22T16:07:15.765832+00:00,2026-06-22T17:23:48.252300+00:00,2026-06-18,data/prospective/daily_qvp/snapshots/2026-06-22T160715Z/raw,1070,1034,bf973ff3ecce3842bc807909b6a11c9ba3d11429,d3881a1328862a39dc4af32e15c4826237a09adca2da7038eafb5659ddb68bb4,3cbd5f76b124b82ce4f26fb66fcb37946580c4a15ad9e837f6f5beb2a7d3fb8d,VICR,0.7521028037383177,0.9154205607476635,0.7538104108781679,0.972007722007722,0.5435813149598197,0.625725338491296,0.623902202436081,0.9224806201550387,0.7555180180180181,0.12312312312312305,0.7521028037383177,0.8648648648648649,Vicor Corporation,Technology,Electronic Components,16387884032,331.3699951171875,388.0,91.0,2026-06-18,none,NOT_SELECTED,,
2026-06-22T160715Z,2026-06-22T16:07:15.765832+00:00,2026-06-22T17:23:48.252300+00:00,2026-06-18,data/prospective/daily_qvp/snapshots/2026-06-22T160715Z/raw,1070,1034,bf973ff3ecce3842bc807909b6a11c9ba3d11429,d3881a1328862a39dc4af32e15c4826237a09adca2da7038eafb5659ddb68bb4,3cbd5f76b124b82ce4f26fb66fcb37946580c4a15ad9e837f6f5beb2a7d3fb8d,EMN,0.4628504672897196,0.402803738317757,0.41684190031152646,0.25386100386100385,0.5427094150224991,0.6247582205029013,0.448698727933541,0.26356589147286824,0.37083333333333335,0.7944444444444444,0.4628504672897196,0.16666666666666663,Eastman Chemical Company,Basic Materials,Specialty Chemicals,8282367488,72.48999786376953,389.0,640.0,2026-06-18,none,NOT_SELECTED,,
2026-06-22T160715Z,2026-06-22T16:07:15.765832+00:00,2026-06-22T17:23:48.252300+00:00,2026-06-18,data/prospective/daily_qvp/snapshots/2026-06-22T160715Z/raw,1070,1034,bf973ff3ecce3842bc807909b6a11c9ba3d11429,d3881a1328862a39dc4af32e15c4826237a09adca2da7038eafb5659ddb68bb4,3cbd5f76b124b82ce4f26fb66fcb37946580c4a15ad9e837f6f5beb2a7d3fb8d,PEN,0.558411214953271,0.5654205607476636,0.6514260381710364,0.8523166023166023,0.5425091336724658,0.6237911025145068,0.5827675185313219,0.8265503875968992,0.7444408613888018,0.3246753246753246,0.558411214953271,0.7035426731078905,"Penumbra, Inc.",Healthcare,Medical Devices,12455868416,317.20001220703125,390.0,466.0,2026-06-18,none,NOT_SELECTED,,
2026-06-22T160715Z,2026-06-22T16:07:15.765832+00:00,2026-06-22T17:23:48.252300+00:00,2026-06-18,data/prospective/daily_qvp/snapshots/2026-06-22T160715Z/raw,1070,1034,bf973ff3ecce3842bc807909b6a11c9ba3d11429,d3881a1328862a39dc4af32e15c4826237a09adca2da7038eafb5659ddb68bb4,3cbd5f76b124b82ce4f26fb66fcb37946580c4a15ad9e837f6f5beb2a7d3fb8d,MU,0.7614485981308411,0.935981308411215,0.731133799474921,0.9584942084942085,0.5424775880383357,0.6228239845261122,0.6444708036413643,0.9486434108527132,0.7008190008190008,0.16516516516516513,0.7614485981308411,0.9504504504504505,"Micron Technology, Inc.",Technology,Semiconductors,1347331948544,1133.989990234375,391.0,70.0,2026-06-18,none,NOT_SELECTED,,
2026-06-22T160715Z,2026-06-22T16:07:15.765832+00:00,2026-06-22T17:23:48.252300+00:00,2026-06-18,data/prospective/daily_qvp/snapshots/2026-06-22T160715Z/raw,1070,1034,bf973ff3ecce3842bc807909b6a11c9ba3d11429,d3881a1328862a39dc4af32e15c4826237a09adca2da7038eafb5659ddb68bb4,3cbd5f76b124b82ce4f26fb66fcb37946580c4a15ad9e837f6f5beb2a7d3fb8d,GFS,0.7460280373831776,0.9042056074766355,0.5742220448996149,0.6862934362934363,0.541473355258402,0.6218568665377177,0.473672584011369,0.3594961240310077,0.4024160524160524,0.4759759759759759,0.7460280373831776,0.27027027027027023,GLOBALFOUNDRIES Inc.,Technology,Semiconductors,49155366912,85.83000183105469,392.0,104.0,2026-06-18,none,NOT_SELECTED,,
2026-06-22T160715Z,2026-06-22T16:07:15.765832+00:00,2026-06-22T17:23:48.252300+00:00,2026-06-18,data/prospective/daily_qvp/snapshots/2026-06-22T160715Z/raw,1070,1034,bf973ff3ecce3842bc807909b6a11c9ba3d11429,d3881a1328862a39dc4af32e15c4826237a09adca2da7038eafb5659ddb68bb4,3cbd5f76b124b82ce4f26fb66fcb37946580c4a15ad9e837f6f5beb2a7d3fb8d,ULTA,0.3240654205607476,0.21495327102803738,0.5610749944778284,0.6544401544401545,0.5410453940831809,0.620889748549323,0.5337780575384335,0.6162790697674418,0.7980845683949093,0.5009861932938856,0.3240654205607476,0.5119760479041916,"Ulta Beauty, Inc.",Consumer Cyclical,Specialty Retail,19822372864,456.1300048828125,393.0,841.0,2026-06-18,none,NOT_SELECTED,,
2026-06-22T160715Z,2026-06-22T16:07:15.765832+00:00,2026-06-22T17:23:48.252300+00:00,2026-06-18,data/prospective/daily_qvp/snapshots/2026-06-22T160715Z/raw,1070,1034,bf973ff3ecce3842bc807909b6a11c9ba3d11429,d3881a1328862a39dc4af32e15c4826237a09adca2da7038eafb5659ddb68bb4,3cbd5f76b124b82ce4f26fb66fcb37946580c4a15ad9e837f6f5beb2a7d3fb8d,BIO,0.4058411214953271,0.3233644859813084,0.42658157031399346,0.2799227799227799,0.5401597193146681,0.6199226305609284,0.4400030423040365,0.22286821705426357,0.4473220191326598,0.7673160173160175,0.4058411214953271,0.13953301127214165,"Bio-Rad Laboratories, Inc.",Healthcare,Medical Devices,7450428928,282.44000244140625,394.0,725.0,2026-06-18,none,NOT_SELECTED,,
2026-06-22T160715Z,2026-06-22T16:07:15.765832+00:00,2026-06-22T17:23:48.252300+00:00,2026-06-18,data/prospective/daily_qvp/snapshots/2026-06-22T160715Z/raw,1070,1034,bf973ff3ecce3842bc807909b6a11c9ba3d11429,d3881a1328862a39dc4af32e15c4826237a09adca2da7038eafb5659ddb68bb4,3cbd5f76b124b82ce4f26fb66fcb37946580c4a15ad9e837f6f5beb2a7d3fb8d,PRVA,0.46144859813084116,0.4009345794392523,0.4734945556014094,0.4015444015444015,0.5400497614543306,0.6189555125725339,0.5510920714933245,0.7025193798449613,0.48554051307197765,0.6731601731601732,0.46144859813084116,0.5842190016103059,"Privia Health Group, Inc.",Healthcare,Health Information Services,3007915520,23.670000076293945,395.0,642.0,2026-06-18,none,NOT_SELECTED,,
2026-06-22T160715Z,2026-06-22T16:07:15.765832+00:00,2026-06-22T17:23:48.252300+00:00,2026-06-18,data/prospective/daily_qvp/snapshots/2026-06-22T160715Z/raw,1070,1034,bf973ff3ecce3842bc807909b6a11c9ba3d11429,d3881a1328862a39dc4af32e15c4826237a09adca2da7038eafb5659ddb68bb4,3cbd5f76b124b82ce4f26fb66fcb37946580c4a15ad9e837f6f5beb2a7d3fb8d,ONTO,0.742056074766355,0.8943925233644859,0.6648957687509089,0.8822393822393823,0.5393599419300353,0.6179883945841392,0.4298577942853643,0.19476744186046513,0.5877354627354627,0.28828828828828823,0.742056074766355,0.1013513513513513,Onto Innovation Inc.,Technology,Semiconductor Equipment & Materials,16988423168,333.760009765625,396.0,114.0,2026-06-18,none,NOT_SELECTED,,
2026-06-22T160715Z,2026-06-22T16:07:15.765832+00:00,2026-06-22T17:23:48.252300+00:00,2026-06-18,data/prospective/daily_qvp/snapshots/2026-06-22T160715Z/raw,1070,1034,bf973ff3ecce3842bc807909b6a11c9ba3d11429,d3881a1328862a39dc4af32e15c4826237a09adca2da7038eafb5659ddb68bb4,3cbd5f76b124b82ce4f26fb66fcb37946580c4a15ad9e837f6f5beb2a7d3fb8d,RBC,0.7866822429906541,0.9682242990654205,0.6967643989921666,0.9247104247104247,0.5392391961816017,0.6170212765957447,0.5727627304695346,0.7858527131782945,0.6068465549936789,0.22418879056047195,0.7866822429906541,0.6733333333333333,RBC Bearings Incorporated,Industrials,Tools & Accessories,20367161344,639.1799926757812,397.0,35.0,2026-06-18,none,NOT_SELECTED,,
2026-06-22T160715Z,2026-06-22T16:07:15.765832+00:00,2026-06-22T17:23:48.252300+00:00,2026-06-18,data/prospective/daily_qvp/snapshots/2026-06-22T160715Z/raw,1070,1034,bf973ff3ecce3842bc807909b6a11c9ba3d11429,d3881a1328862a39dc4af32e15c4826237a09adca2da7038eafb5659ddb68bb4,3cbd5f76b124b82ce4f26fb66fcb37946580c4a15ad9e837f6f5beb2a7d3fb8d,AEE,0.6362149532710281,0.6981308411214954,0.5911568629593014,0.7306949806949807,0.5391139915020577,0.6160541586073501,0.6306285970748192,0.9321705426356589,0.5460987726475746,0.43502824858757067,0.6362149532710281,0.9051724137931035,Ameren Corporation,Utilities,Utilities - Regulated Electric,30395629568,108.66999816894533,398.0,324.0,2026-06-18,none,NOT_SELECTED,,
2026-06-22T160715Z,2026-06-22T16:07:15.765832+00:00,2026-06-22T17:23:48.252300+00:00,2026-06-18,data/prospective/daily_qvp/snapshots/2026-06-22T160715Z/raw,1070,1034,bf973ff3ecce3842bc807909b6a11c9ba3d11429,d3881a1328862a39dc4af32e15c4826237a09adca2da7038eafb5659ddb68bb4,3cbd5f76b124b82ce4f26fb66fcb37946580c4a15ad9e837f6f5beb2a7d3fb8d,ATR,0.4100467289719626,0.33084112149532713,0.4729242946008702,0.39768339768339767,0.5389480867324705,0.6150870406189555,0.4700927075614302,0.3439922480620155,0.5358018602297778,0.670995670995671,0.4100467289719626,0.26352657004830915,"AptarGroup, Inc.",Healthcare,Medical Instruments & Supplies,7693539328,120.31999969482422,399.0,717.0,2026-06-18,none,NOT_SELECTED,,
2026-06-22T160715Z,2026-06-22T16:07:15.765832+00:00,2026-06-22T17:23:48.252300+00:00,2026-06-18,data/prospective/daily_qvp/snapshots/2026-06-22T160715Z/raw,1070,1034,bf973ff3ecce3842bc807909b6a11c9ba3d11429,d3881a1328862a39dc4af32e15c4826237a09adca2da7038eafb5659ddb68bb4,3cbd5f76b124b82ce4f26fb66fcb37946580c4a15ad9e837f6f5beb2a7d3fb8d,DUK,0.6002336448598131,0.6299065420560748,0.530975969127744,0.5868725868725869,0.538541418213223,0.6141199226305609,0.5159750291771587,0.5213178294573644,0.46171829339567505,0.5536723163841808,0.6002336448598131,0.4482758620689655,Duke Energy Corporation,Utilities,Utilities - Regulated Electric,96872628224,123.86000061035156,400.0,397.0,2026-06-18,none,NOT_SELECTED,,
2026-06-22T160715Z,2026-06-22T16:07:15.765832+00:00,2026-06-22T17:23:48.252300+00:00,2026-06-18,data/prospective/daily_qvp/snapshots/2026-06-22T160715Z/raw,1070,1034,bf973ff3ecce3842bc807909b6a11c9ba3d11429,d3881a1328862a39dc4af32e15c4826237a09adca2da7038eafb5659ddb68bb4,3cbd5f76b124b82ce4f26fb66fcb37946580c4a15ad9e837f6f5beb2a7d3fb8d,ROK,0.6782710280373833,0.7682242990654206,0.6852213626280469,0.9083011583011583,0.5384268277893961,0.6131528046421664,0.547709009730936,0.686046511627907,0.6921716972187105,0.24483775811209438,0.6782710280373833,0.5755555555555556,"Rockwell Automation, Inc.",Industrials,Specialty Industrial Machinery,53052080128,473.7900085449219,401.0,249.0,2026-06-18,none,NOT_SELECTED,,
2026-06-22T160715Z,2026-06-22T16:07:15.765832+00:00,2026-06-22T17:23:48.252300+00:00,2026-06-18,data/prospective/daily_qvp/snapshots/2026-06-22T160715Z/raw,1070,1034,bf973ff3ecce3842bc807909b6a11c9ba3d11429,d3881a1328862a39dc4af32e15c4826237a09adca2da7038eafb5659ddb68bb4,3cbd5f76b124b82ce4f26fb66fcb37946580c4a15ad9e837f6f5beb2a7d3fb8d,VEEV,0.19579439252336445,0.0883177570093458,0.4945621874489846,0.47393822393822393,0.5382218334796983,0.6121856866537717,0.5667098533706432,0.7645348837209303,0.7933299823746048,0.6255411255411255,0.19579439252336445,0.6521739130434783,Veeva Systems Inc.,Healthcare,Health Information Services,24587417600,153.3000030517578,402.0,976.0,2026-06-18,none,NOT_SELECTED,,
2026-06-22T160715Z,2026-06-22T16:07:15.765832+00:00,2026-06-22T17:23:48.252300+00:00,2026-06-18,data/prospective/daily_qvp/snapshots/2026-06-22T160715Z/raw,1070,1034,bf973ff3ecce3842bc807909b6a11c9ba3d11429,d3881a1328862a39dc4af32e15c4826237a09adca2da7038eafb5659ddb68bb4,3cbd5f76b124b82ce4f26fb66fcb37946580c4a15ad9e837f6f5beb2a7d3fb8d,TREX,0.36028037383177564,0.2523364485981308,0.5675799388122216,0.6747104247104247,0.538170303357607,0.6112185686653772,0.44918328307376076,0.2655038759689923,0.7748795037926676,0.47935103244837757,0.36028037383177564,0.1822222222222222,"Trex Company, Inc.",Industrials,Building Products & Equipment,4927916544,47.130001068115234,403.0,801.0,2026-06-18,none,NOT_SELECTED,,
2026-06-22T160715Z,2026-06-22T16:07:15.765832+00:00,2026-06-22T17:23:48.252300+00:00,2026-06-18,data/prospective/daily_qvp/snapshots/2026-06-22T160715Z/raw,1070,1034,bf973ff3ecce3842bc807909b6a11c9ba3d11429,d3881a1328862a39dc4af32e15c4826237a09adca2da7038eafb5659ddb68bb4,3cbd5f76b124b82ce4f26fb66fcb37946580c4a15ad9e837f6f5beb2a7d3fb8d,OLN,0.4658878504672897,0.405607476635514,0.3475272585669782,0.13320463320463322,0.5381663205261336,0.6102514506769826,0.49529140706126684,0.437015503875969,0.22916666666666666,0.9194444444444444,0.4658878504672897,0.36666666666666664,Olin Corporation,Basic Materials,Chemicals,2448253440,22.010000228881836,404.0,637.0,2026-06-18,none,NOT_SELECTED,,
2026-06-22T160715Z,2026-06-22T16:07:15.765832+00:00,2026-06-22T17:23:48.252300+00:00,2026-06-18,data/prospective/daily_qvp/snapshots/2026-06-22T160715Z/raw,1070,1034,bf973ff3ecce3842bc807909b6a11c9ba3d11429,d3881a1328862a39dc4af32e15c4826237a09adca2da7038eafb5659ddb68bb4,3cbd5f76b124b82ce4f26fb66fcb37946580c4a15ad9e837f6f5beb2a7d3fb8d,HRB,0.27056074766355137,0.1588785046728972,0.5099662039888749,0.525096525096525,0.5378735902989608,0.6092843326885881,0.5231656717661367,0.5571705426356589,0.7493716603141984,0.5936883629191322,0.27056074766355137,0.4790419161676646,"H&R Block, Inc.",Consumer Cyclical,Personal Services,4292100608,34.380001068115234,405.0,901.0,2026-06-18,none,NOT_SELECTED,,
2026-06-22T160715Z,2026-06-22T16:07:15.765832+00:00,2026-06-22T17:23:48.252300+00:00,2026-06-18,data/prospective/daily_qvp/snapshots/2026-06-22T160715Z/raw,1070,1034,bf973ff3ecce3842bc807909b6a11c9ba3d11429,d3881a1328862a39dc4af32e15c4826237a09adca2da7038eafb5659ddb68bb4,3cbd5f76b124b82ce4f26fb66fcb37946580c4a15ad9e837f6f5beb2a7d3fb8d,F,0.5394859813084112,0.5266355140186916,0.3699034052434548,0.17567567567567569,0.5378580229565176,0.6083172147001934,0.44156716991199896,0.23062015503875968,0.20032082917849842,0.8737672583826431,0.5394859813084112,0.1526946107784431,Ford Motor Company,Consumer Cyclical,Auto Manufacturers,57060401152,14.0600004196167,406.0,507.0,2026-06-18,none,NOT_SELECTED,,
2026-06-22T160715Z,2026-06-22T16:07:15.765832+00:00,2026-06-22T17:23:48.252300+00:00,2026-06-18,data/prospective/daily_qvp/snapshots/2026-06-22T160715Z/raw,1070,1034,bf973ff3ecce3842bc807909b6a11c9ba3d11429,d3881a1328862a39dc4af32e15c4826237a09adca2da7038eafb5659ddb68bb4,3cbd5f76b124b82ce4f26fb66fcb37946580c4a15ad9e837f6f5beb2a7d3fb8d,KMI,0.7224299065420561,0.8476635514018691,0.6201435246995994,0.7876447876447876,0.5377520790247563,0.6073500967117988,0.551528344982853,0.7073643410852714,0.5178571428571428,0.37296918767507004,0.7224299065420561,0.5928571428571429,"Kinder Morgan, Inc.",Energy,Oil & Gas Midstream,71405789184,31.59000015258789,407.0,164.0,2026-06-18,none,NOT_SELECTED,,
2026-06-22T160715Z,2026-06-22T16:07:15.765832+00:00,2026-06-22T17:23:48.252300+00:00,2026-06-18,data/prospective/daily_qvp/snapshots/2026-06-22T160715Z/raw,1070,1034,bf973ff3ecce3842bc807909b6a11c9ba3d11429,d3881a1328862a39dc4af32e15c4826237a09adca2da7038eafb5659ddb68bb4,3cbd5f76b124b82ce4f26fb66fcb37946580c4a15ad9e837f6f5beb2a7d3fb8d,BCC,0.3130841121495327,0.202803738317757,0.42737538940809966,0.28185328185328185,0.5376947040498442,0.6063829787234043,0.4470210280373831,0.24903100775193798,0.5416666666666666,0.7583333333333333,0.3130841121495327,0.17499999999999993,Boise Cascade Company,Basic Materials,Lumber & Wood Production,2616708864,74.66000366210938,408.0,854.0,2026-06-18,none,NOT_SELECTED,,
2026-06-22T160715Z,2026-06-22T16:07:15.765832+00:00,2026-06-22T17:23:48.252300+00:00,2026-06-18,data/prospective/daily_qvp/snapshots/2026-06-22T160715Z/raw,1070,1034,bf973ff3ecce3842bc807909b6a11c9ba3d11429,d3881a1328862a39dc4af32e15c4826237a09adca2da7038eafb5659ddb68bb4,3cbd5f76b124b82ce4f26fb66fcb37946580c4a15ad9e837f6f5beb2a7d3fb8d,DRS,0.5385514018691588,0.5242990654205607,0.5790003374706097,0.6988416988416989,0.5374259870256376,0.6054158607350096,0.5758472680470059,0.8023255813953488,0.6194492730720607,0.4542772861356932,0.5385514018691588,0.6911111111111111,"Leonardo DRS, Inc.",Industrials,Aerospace & Defense,11994956800,46.08000183105469,409.0,510.0,2026-06-18,none,NOT_SELECTED,,
2026-06-22T160715Z,2026-06-22T16:07:15.765832+00:00,2026-06-22T17:23:48.252300+00:00,2026-06-18,data/prospective/daily_qvp/snapshots/2026-06-22T160715Z/raw,1070,1034,bf973ff3ecce3842bc807909b6a11c9ba3d11429,d3881a1328862a39dc4af32e15c4826237a09adca2da7038eafb5659ddb68bb4,3cbd5f76b124b82ce4f26fb66fcb37946580c4a15ad9e837f6f5beb2a7d3fb8d,NWN,0.6448598130841121,0.7116822429906542,0.5037200877226522,0.5086872586872587,0.5373199831522012,0.6044487427466151,0.612041711502082,0.9040697674418605,0.3625803623611923,0.6045197740112994,0.6448598130841121,0.8362068965517242,Northwest Natural Holding Company,Utilities,Utilities - Regulated Gas,2070774144,49.02000045776367,410.0,310.0,2026-06-18,none,NOT_SELECTED,,
2026-06-22T160715Z,2026-06-22T16:07:15.765832+00:00,2026-06-22T17:23:48.252300+00:00,2026-06-18,data/prospective/daily_qvp/snapshots/2026-06-22T160715Z/raw,1070,1034,bf973ff3ecce3842bc807909b6a11c9ba3d11429,d3881a1328862a39dc4af32e15c4826237a09adca2da7038eafb5659ddb68bb4,3cbd5f76b124b82ce4f26fb66fcb37946580c4a15ad9e837f6f5beb2a7d3fb8d,RXO,0.6259345794392523,0.6766355140186916,0.5083341117803089,0.5193050193050193,0.5365295258476396,0.6034816247582205,0.5512860332746186,0.7034883720930233,0.39073364412136535,0.5929203539823009,0.6259345794392523,0.5955555555555555,"RXO, Inc.",Industrials,Trucking,4292876032,25.38999938964844,411.0,347.0,2026-06-18,none,NOT_SELECTED,,
2026-06-22T160715Z,2026-06-22T16:07:15.765832+00:00,2026-06-22T17:23:48.252300+00:00,2026-06-18,data/prospective/daily_qvp/snapshots/2026-06-22T160715Z/raw,1070,1034,bf973ff3ecce3842bc807909b6a11c9ba3d11429,d3881a1328862a39dc4af32e15c4826237a09adca2da7038eafb5659ddb68bb4,3cbd5f76b124b82ce4f26fb66fcb37946580c4a15ad9e837f6f5beb2a7d3fb8d,APG,0.5929906542056075,0.6210280373831776,0.5406729898714511,0.6167953667953668,0.5364565261876536,0.6025145067698259,0.5606757279740735,0.7432170542635659,0.48835532553729455,0.5280235988200589,0.5929906542056075,0.6333333333333333,APi Group Corporation,Industrials,Engineering & Construction,18481506304,42.540000915527344,412.0,406.0,2026-06-18,none,NOT_SELECTED,,
2026-06-22T160715Z,2026-06-22T16:07:15.765832+00:00,2026-06-22T17:23:48.252300+00:00,2026-06-18,data/prospective/daily_qvp/snapshots/2026-06-22T160715Z/raw,1070,1034,bf973ff3ecce3842bc807909b6a11c9ba3d11429,d3881a1328862a39dc4af32e15c4826237a09adca2da7038eafb5659ddb68bb4,3cbd5f76b124b82ce4f26fb66fcb37946580c4a15ad9e837f6f5beb2a7d3fb8d,TEX,0.5275700934579439,0.505607476635514,0.41662263364426905,0.2519305019305019,0.5363521589093554,0.6015473887814313,0.49615300807090545,0.4428294573643411,0.30567517383059417,0.775811209439528,0.5275700934579439,0.37555555555555553,Terex Corporation,Industrials,Farm & Heavy Construction Machinery,7934625792,66.81999969482422,413.0,529.0,2026-06-18,none,NOT_SELECTED,,
2026-06-22T160715Z,2026-06-22T16:07:15.765832+00:00,2026-06-22T17:23:48.252300+00:00,2026-06-18,data/prospective/daily_qvp/snapshots/2026-06-22T160715Z/raw,1070,1034,bf973ff3ecce3842bc807909b6a11c9ba3d11429,d3881a1328862a39dc4af32e15c4826237a09adca2da7038eafb5659ddb68bb4,3cbd5f76b124b82ce4f26fb66fcb37946580c4a15ad9e837f6f5beb2a7d3fb8d,TJX,0.6238317757009346,0.6742990654205607,0.6759778632234744,0.8986486486486487,0.536121994285735,0.6005802707930368,0.5757441903250797,0.8013565891472868,0.7281239507460142,0.2564102564102564,0.6238317757009346,0.6946107784431137,"The TJX Companies, Inc.",Consumer Cyclical,Apparel Retail,182668394496,163.80999755859375,414.0,349.0,2026-06-18,none,NOT_SELECTED,,
2026-06-22T160715Z,2026-06-22T16:07:15.765832+00:00,2026-06-22T17:23:48.252300+00:00,2026-06-18,data/prospective/daily_qvp/snapshots/2026-06-22T160715Z/raw,1070,1034,bf973ff3ecce3842bc807909b6a11c9ba3d11429,d3881a1328862a39dc4af32e15c4826237a09adca2da7038eafb5659ddb68bb4,3cbd5f76b124b82ce4f26fb66fcb37946580c4a15ad9e837f6f5beb2a7d3fb8d,TPR,0.5897196261682243,0.6130841121495327,0.6572107399286479,0.861969111969112,0.5361023604784017,0.5996131528046421,0.5645019200594,0.7548449612403101,0.7247018536890715,0.2938856015779092,0.5897196261682243,0.6497005988023952,"Tapestry, Inc.",Consumer Cyclical,Luxury Goods,29256075264,143.5,415.0,414.0,2026-06-18,none,NOT_SELECTED,,
2026-06-22T160715Z,2026-06-22T16:07:15.765832+00:00,2026-06-22T17:23:48.252300+00:00,2026-06-18,data/prospective/daily_qvp/snapshots/2026-06-22T160715Z/raw,1070,1034,bf973ff3ecce3842bc807909b6a11c9ba3d11429,d3881a1328862a39dc4af32e15c4826237a09adca2da7038eafb5659ddb68bb4,3cbd5f76b124b82ce4f26fb66fcb37946580c4a15ad9e837f6f5beb2a7d3fb8d,CRS,0.697429906542056,0.8084112149532711,0.726618714332975,0.9488416988416989,0.5360348951010393,0.5986460348162476,0.577581726881335,0.810077519379845,0.7558075221238938,0.15486725663716813,0.697429906542056,0.7022222222222222,Carpenter Technology Corporation,Industrials,Metal Fabrication,29228058624,586.469970703125,416.0,206.0,2026-06-18,none,NOT_SELECTED,,
2026-06-22T160715Z,2026-06-22T16:07:15.765832+00:00,2026-06-22T17:23:48.252300+00:00,2026-06-18,data/prospective/daily_qvp/snapshots/2026-06-22T160715Z/raw,1070,1034,bf973ff3ecce3842bc807909b6a11c9ba3d11429,d3881a1328862a39dc4af32e15c4826237a09adca2da7038eafb5659ddb68bb4,3cbd5f76b124b82ce4f26fb66fcb37946580c4a15ad9e837f6f5beb2a7d3fb8d,FLNC,0.5126168224299066,0.47570093457943924,0.567602975797069,0.6756756756756757,0.5356524546745055,0.597678916827853,0.4200583065231205,0.16085271317829458,0.6225891291642314,0.4717514124293785,0.5126168224299066,0.0732758620689655,"Fluence Energy, Inc.",Utilities,Utilities - Renewable,4641864704,24.799999237060547,417.0,562.0,2026-06-18,none,NOT_SELECTED,,
2026-06-22T160715Z,2026-06-22T16:07:15.765832+00:00,2026-06-22T17:23:48.252300+00:00,2026-06-18,data/prospective/daily_qvp/snapshots/2026-06-22T160715Z/raw,1070,1034,bf973ff3ecce3842bc807909b6a11c9ba3d11429,d3881a1328862a39dc4af32e15c4826237a09adca2da7038eafb5659ddb68bb4,3cbd5f76b124b82ce4f26fb66fcb37946580c4a15ad9e837f6f5beb2a7d3fb8d,PINS,0.12850467289719622,0.04579439252336449,0.45899450025041816,0.36293436293436293,0.5354649325340951,0.5967117988394585,0.5682653660672381,0.7703488372093024,0.7894843276036401,0.6884057971014492,0.12850467289719622,0.6666666666666667,"Pinterest, Inc.",Communication Services,Internet Content & Information,10934270976,20.270000457763672,418.0,1022.0,2026-06-18,none,NOT_SELECTED,,
2026-06-22T160715Z,2026-06-22T16:07:15.765832+00:00,2026-06-22T17:23:48.252300+00:00,2026-06-18,data/prospective/daily_qvp/snapshots/2026-06-22T160715Z/raw,1070,1034,bf973ff3ecce3842bc807909b6a11c9ba3d11429,d3881a1328862a39dc4af32e15c4826237a09adca2da7038eafb5659ddb68bb4,3cbd5f76b124b82ce4f26fb66fcb37946580c4a15ad9e837f6f5beb2a7d3fb8d,SHOO,0.5355140186915888,0.5191588785046729,0.5510575890823484,0.6351351351351351,0.5350245860154511,0.5957446808510638,0.5023163437032051,0.4680232558139535,0.5666011594731079,0.5029585798816568,0.5355140186915888,0.4041916167664671,"Steven Madden, Ltd.",Consumer Cyclical,Footwear & Accessories,3164599552,44.189998626708984,419.0,515.0,2026-06-18,none,NOT_SELECTED,,
2026-06-22T160715Z,2026-06-22T16:07:15.765832+00:00,2026-06-22T17:23:48.252300+00:00,2026-06-18,data/prospective/daily_qvp/snapshots/2026-06-22T160715Z/raw,1070,1034,bf973ff3ecce3842bc807909b6a11c9ba3d11429,d3881a1328862a39dc4af32e15c4826237a09adca2da7038eafb5659ddb68bb4,3cbd5f76b124b82ce4f26fb66fcb37946580c4a15ad9e837f6f5beb2a7d3fb8d,UPS,0.5240654205607477,0.497196261682243,0.47334552633599963,0.3996138996138996,0.5348360539388474,0.5947775628626693,0.46112704045413544,0.30523255813953487,0.4226256321112516,0.6578171091445427,0.5240654205607477,0.23999999999999996,"United Parcel Service, Inc.",Industrials,Integrated Freight & Logistics,91936677888,104.86000061035156,420.0,539.0,2026-06-18,none,NOT_SELECTED,,
2026-06-22T160715Z,2026-06-22T16:07:15.765832+00:00,2026-06-22T17:23:48.252300+00:00,2026-06-18,data/prospective/daily_qvp/snapshots/2026-06-22T160715Z/raw,1070,1034,bf973ff3ecce3842bc807909b6a11c9ba3d11429,d3881a1328862a39dc4af32e15c4826237a09adca2da7038eafb5659ddb68bb4,3cbd5f76b124b82ce4f26fb66fcb37946580c4a15ad9e837f6f5beb2a7d3fb8d,ABG,0.2789719626168224,0.16869158878504673,0.3236831775752182,0.10038610038610038,0.5346579500731566,0.5938104448742747,0.5259934625548676,0.5717054263565892,0.368394392533614,0.9566074950690336,0.2789719626168224,0.5,"Asbury Automotive Group, Inc.",Consumer Cyclical,Auto & Truck Dealerships,3684288256,197.0500030517578,421.0,890.0,2026-06-18,none,NOT_SELECTED,,
2026-06-22T160715Z,2026-06-22T16:07:15.765832+00:00,2026-06-22T17:23:48.252300+00:00,2026-06-18,data/prospective/daily_qvp/snapshots/2026-06-22T160715Z/raw,1070,1034,bf973ff3ecce3842bc807909b6a11c9ba3d11429,d3881a1328862a39dc4af32e15c4826237a09adca2da7038eafb5659ddb68bb4,3cbd5f76b124b82ce4f26fb66fcb37946580c4a15ad9e837f6f5beb2a7d3fb8d,SON,0.5668224299065421,0.5799065420560747,0.4679184684091656,0.3909266409266409,0.5341678678283327,0.59284332688588,0.6274223080568783,0.9263565891472868,0.36901450691178916,0.6666666666666666,0.5668224299065421,0.907185628742515,Sonoco Products Company,Consumer Cyclical,Packaging & Containers,4962219520,50.68000030517578,422.0,450.0,2026-06-18,none,NOT_SELECTED,,
2026-06-22T160715Z,2026-06-22T16:07:15.765832+00:00,2026-06-22T17:23:48.252300+00:00,2026-06-18,data/prospective/daily_qvp/snapshots/2026-06-22T160715Z/raw,1070,1034,bf973ff3ecce3842bc807909b6a11c9ba3d11429,d3881a1328862a39dc4af32e15c4826237a09adca2da7038eafb5659ddb68bb4,3cbd5f76b124b82ce4f26fb66fcb37946580c4a15ad9e837f6f5beb2a7d3fb8d,VRSN,0.5897196261682243,0.6130841121495327,0.6676254764747755,0.887065637065637,0.5339224898220226,0.5918762088974855,0.46463105655570613,0.3168604651162791,0.7455313267813269,0.2665165165165165,0.5897196261682243,0.25675675675675674,"VeriSign, Inc.",Technology,Software - Infrastructure,22615320576,264.6400146484375,423.0,415.0,2026-06-18,none,NOT_SELECTED,,
2026-06-22T160715Z,2026-06-22T16:07:15.765832+00:00,2026-06-22T17:23:48.252300+00:00,2026-06-18,data/prospective/daily_qvp/snapshots/2026-06-22T160715Z/raw,1070,1034,bf973ff3ecce3842bc807909b6a11c9ba3d11429,d3881a1328862a39dc4af32e15c4826237a09adca2da7038eafb5659ddb68bb4,3cbd5f76b124b82ce4f26fb66fcb37946580c4a15ad9e837f6f5beb2a7d3fb8d,CSL,0.42383177570093455,0.35,0.539063090758179,0.612934362934363,0.5339083338584517,0.5909090909090909,0.44320902817161656,0.2364341085271318,0.6542944058154235,0.523598820058997,0.42383177570093455,0.17111111111111105,Carlisle Companies Incorporated,Industrials,Building Products & Equipment,14749519872,360.9599914550781,424.0,696.0,2026-06-18,none,NOT_SELECTED,,
2026-06-22T160715Z,2026-06-22T16:07:15.765832+00:00,2026-06-22T17:23:48.252300+00:00,2026-06-18,data/prospective/daily_qvp/snapshots/2026-06-22T160715Z/raw,1070,1034,bf973ff3ecce3842bc807909b6a11c9ba3d11429,d3881a1328862a39dc4af32e15c4826237a09adca2da7038eafb5659ddb68bb4,3cbd5f76b124b82ce4f26fb66fcb37946580c4a15ad9e837f6f5beb2a7d3fb8d,MIDD,0.4850467289719626,0.4336448598130841,0.46047828705235294,0.3687258687258687,0.5336325256848529,0.5899419729206963,0.4557799498191952,0.28875968992248063,0.43590984513274333,0.6799410029498526,0.4850467289719626,0.2222222222222222,The Middleby Corporation,Industrials,Specialty Industrial Machinery,7718566912,172.25999450683594,425.0,607.0,2026-06-18,none,NOT_SELECTED,,
2026-06-22T160715Z,2026-06-22T16:07:15.765832+00:00,2026-06-22T17:23:48.252300+00:00,2026-06-18,data/prospective/daily_qvp/snapshots/2026-06-22T160715Z/raw,1070,1034,bf973ff3ecce3842bc807909b6a11c9ba3d11429,d3881a1328862a39dc4af32e15c4826237a09adca2da7038eafb5659ddb68bb4,3cbd5f76b124b82ce4f26fb66fcb37946580c4a15ad9e837f6f5beb2a7d3fb8d,AKAM,0.6922897196261681,0.7962616822429907,0.507267914686139,0.5173745173745173,0.5333738049859544,0.5889748549323017,0.4523952186043307,0.2742248062015504,0.3222461097461097,0.5855855855855856,0.6922897196261681,0.2094594594594594,"Akamai Technologies, Inc.",Technology,Software - Infrastructure,17466607616,124.91000366210938,426.0,219.0,2026-06-18,none,NOT_SELECTED,,
2026-06-22T160715Z,2026-06-22T16:07:15.765832+00:00,2026-06-22T17:23:48.252300+00:00,2026-06-18,data/prospective/daily_qvp/snapshots/2026-06-22T160715Z/raw,1070,1034,bf973ff3ecce3842bc807909b6a11c9ba3d11429,d3881a1328862a39dc4af32e15c4826237a09adca2da7038eafb5659ddb68bb4,3cbd5f76b124b82ce4f26fb66fcb37946580c4a15ad9e837f6f5beb2a7d3fb8d,NOC,0.4637850467289719,0.4046728971962617,0.4783764045275707,0.41505791505791506,0.5332735518876036,0.5880077369439072,0.4855107194712583,0.3953488372093023,0.4929677623261694,0.6430678466076696,0.4637850467289719,0.3422222222222222,Northrop Grumman Corporation,Industrials,Aerospace & Defense,71861125120,521.5,427.0,638.0,2026-06-18,none,NOT_SELECTED,,
2026-06-22T160715Z,2026-06-22T16:07:15.765832+00:00,2026-06-22T17:23:48.252300+00:00,2026-06-18,data/prospective/daily_qvp/snapshots/2026-06-22T160715Z/raw,1070,1034,bf973ff3ecce3842bc807909b6a11c9ba3d11429,d3881a1328862a39dc4af32e15c4826237a09adca2da7038eafb5659ddb68bb4,3cbd5f76b124b82ce4f26fb66fcb37946580c4a15ad9e837f6f5beb2a7d3fb8d,ANDE,0.7446261682242991,0.9,0.5119615216121496,0.5337837837837838,0.5331479588525442,0.5870406189555126,0.46626721913940816,0.32558139534883723,0.279296875,0.5755208333333334,0.7446261682242991,0.265625,"The Andersons, Inc.",Consumer Defensive,Food Distribution,2443037952,71.22000122070312,428.0,108.0,2026-06-18,none,NOT_SELECTED,,
2026-06-22T160715Z,2026-06-22T16:07:15.765832+00:00,2026-06-22T17:23:48.252300+00:00,2026-06-18,data/prospective/daily_qvp/snapshots/2026-06-22T160715Z/raw,1070,1034,bf973ff3ecce3842bc807909b6a11c9ba3d11429,d3881a1328862a39dc4af32e15c4826237a09adca2da7038eafb5659ddb68bb4,3cbd5f76b124b82ce4f26fb66fcb37946580c4a15ad9e837f6f5beb2a7d3fb8d,BAH,0.25630841121495324,0.14205607476635515,0.4337281428704348,0.2944015444015444,0.5325149271053636,0.586073500967118,0.42494175088457825,0.18023255813953487,0.6111478745259165,0.7300884955752213,0.25630841121495324,0.1022222222222222,Booz Allen Hamilton Holding Corporation,Industrials,Consulting Services,7625406464,66.36000061035156,429.0,919.0,2026-06-18,none,NOT_SELECTED,,
2026-06-22T160715Z,2026-06-22T16:07:15.765832+00:00,2026-06-22T17:23:48.252300+00:00,2026-06-18,data/prospective/daily_qvp/snapshots/2026-06-22T160715Z/raw,1070,1034,bf973ff3ecce3842bc807909b6a11c9ba3d11429,d3881a1328862a39dc4af32e15c4826237a09adca2da7038eafb5659ddb68bb4,3cbd5f76b124b82ce4f26fb66fcb37946580c4a15ad9e837f6f5beb2a7d3fb8d,CEG,0.19439252336448593,0.08598130841121496,0.5100030997886135,0.5260617760617761,0.5320924620059683,0.5851063829787234,0.46372451891826927,0.312984496124031,0.8256136762127411,0.5762711864406779,0.19439252336448593,0.25862068965517243,Constellation Energy Corporation,Utilities,Utilities - Independent Power Producers,97460289536,274.05999755859375,430.0,979.0,2026-06-18,none,NOT_SELECTED,,
2026-06-22T160715Z,2026-06-22T16:07:15.765832+00:00,2026-06-22T17:23:48.252300+00:00,2026-06-18,data/prospective/daily_qvp/snapshots/2026-06-22T160715Z/raw,1070,1034,bf973ff3ecce3842bc807909b6a11c9ba3d11429,d3881a1328862a39dc4af32e15c4826237a09adca2da7038eafb5659ddb68bb4,3cbd5f76b124b82ce4f26fb66fcb37946580c4a15ad9e837f6f5beb2a7d3fb8d,CCK,0.4789719626168224,0.42336448598130844,0.4547600506675796,0.35135135135135137,0.5319702112931792,0.5841392649903289,0.5531692752363515,0.7151162790697675,0.43054813871833675,0.6863905325443787,0.4789719626168224,0.6167664670658682,"Crown Holdings, Inc.",Consumer Cyclical,Packaging & Containers,11532250112,101.54000091552734,431.0,618.0,2026-06-18,none,NOT_SELECTED,,
2026-06-22T160715Z,2026-06-22T16:07:15.765832+00:00,2026-06-22T17:23:48.252300+00:00,2026-06-18,data/prospective/daily_qvp/snapshots/2026-06-22T160715Z/raw,1070,1034,bf973ff3ecce3842bc807909b6a11c9ba3d11429,d3881a1328862a39dc4af32e15c4826237a09adca2da7038eafb5659ddb68bb4,3cbd5f76b124b82ce4f26fb66fcb37946580c4a15ad9e837f6f5beb2a7d3fb8d,IFF,0.5483644859813084,0.5383177570093458,0.5033489096573208,0.5057915057915058,0.5318622360678436,0.5831721470019342,0.49264667705088266,0.42248062015503873,0.4583333333333333,0.5888888888888889,0.5483644859813084,0.375,International Flavors & Fragrances Inc.,Basic Materials,Specialty Chemicals,19597094912,76.72000122070312,432.0,495.0,2026-06-18,none,NOT_SELECTED,,
2026-06-22T160715Z,2026-06-22T16:07:15.765832+00:00,2026-06-22T17:23:48.252300+00:00,2026-06-18,data/prospective/daily_qvp/snapshots/2026-06-22T160715Z/raw,1070,1034,bf973ff3ecce3842bc807909b6a11c9ba3d11429,d3881a1328862a39dc4af32e15c4826237a09adca2da7038eafb5659ddb68bb4,3cbd5f76b124b82ce4f26fb66fcb37946580c4a15ad9e837f6f5beb2a7d3fb8d,CLH,0.6813084112149532,0.7738317757009345,0.5653697555442655,0.668918918918919,0.5317804270000118,0.5822050290135397,0.49383532025000887,0.42829457364341084,0.4494310998735777,0.46460176991150437,0.6813084112149532,0.38,"Clean Harbors, Inc.",Industrials,Waste Management,15435005952,288.6000061035156,433.0,243.0,2026-06-18,none,NOT_SELECTED,,
2026-06-22T160715Z,2026-06-22T16:07:15.765832+00:00,2026-06-22T17:23:48.252300+00:00,2026-06-18,data/prospective/daily_qvp/snapshots/2026-06-22T160715Z/raw,1070,1034,bf973ff3ecce3842bc807909b6a11c9ba3d11429,d3881a1328862a39dc4af32e15c4826237a09adca2da7038eafb5659ddb68bb4,3cbd5f76b124b82ce4f26fb66fcb37946580c4a15ad9e837f6f5beb2a7d3fb8d,SAIC,0.4007009345794392,0.3116822429906542,0.34853330922256154,0.13803088803088803,0.5316548387810069,0.5812379110251451,0.432524912869539,0.2063953488372093,0.2963656838656838,0.8978978978978979,0.4007009345794392,0.1351351351351351,Science Applications International Corporation,Technology,Information Technology Services,4199779072,102.38999938964844,434.0,737.0,2026-06-18,none,NOT_SELECTED,,
2026-06-22T160715Z,2026-06-22T16:07:15.765832+00:00,2026-06-22T17:23:48.252300+00:00,2026-06-18,data/prospective/daily_qvp/snapshots/2026-06-22T160715Z/raw,1070,1034,bf973ff3ecce3842bc807909b6a11c9ba3d11429,d3881a1328862a39dc4af32e15c4826237a09adca2da7038eafb5659ddb68bb4,3cbd5f76b124b82ce4f26fb66fcb37946580c4a15ad9e837f6f5beb2a7d3fb8d,FE,0.5920560747663551,0.616822429906542,0.5236726896333237,0.5666023166023166,0.5299060868741932,0.5802707930367504,0.5526019789487484,0.7122093023255814,0.45528930450029226,0.5423728813559322,0.5920560747663551,0.6206896551724138,FirstEnergy Corp.,Utilities,Utilities - Regulated Electric,27139989504,46.45000076293945,435.0,411.0,2026-06-18,none,NOT_SELECTED,,
2026-06-22T160715Z,2026-06-22T16:07:15.765832+00:00,2026-06-22T17:23:48.252300+00:00,2026-06-18,data/prospective/daily_qvp/snapshots/2026-06-22T160715Z/raw,1070,1034,bf973ff3ecce3842bc807909b6a11c9ba3d11429,d3881a1328862a39dc4af32e15c4826237a09adca2da7038eafb5659ddb68bb4,3cbd5f76b124b82ce4f26fb66fcb37946580c4a15ad9e837f6f5beb2a7d3fb8d,MEDP,0.29439252336448596,0.18598130841121496,0.5688416714783965,0.6795366795366795,0.5292999310577476,0.5793036750483559,0.5255578790501545,0.5697674418604651,0.843290819592307,0.4502164502164501,0.29439252336448596,0.5143317230273752,"Medpace Holdings, Inc.",Healthcare,Diagnostics & Research,12870994944,460.2000122070313,436.0,872.0,2026-06-18,none,NOT_SELECTED,,
2026-06-22T160715Z,2026-06-22T16:07:15.765832+00:00,2026-06-22T17:23:48.252300+00:00,2026-06-18,data/prospective/daily_qvp/snapshots/2026-06-22T160715Z/raw,1070,1034,bf973ff3ecce3842bc807909b6a11c9ba3d11429,d3881a1328862a39dc4af32e15c4826237a09adca2da7038eafb5659ddb68bb4,3cbd5f76b124b82ce4f26fb66fcb37946580c4a15ad9e837f6f5beb2a7d3fb8d,OKE,0.6927570093457943,0.7976635514018692,0.5624499332443257,0.6592664092664092,0.5290282468127437,0.5783365570599613,0.5449854708238435,0.6744186046511628,0.43214285714285705,0.4621848739495798,0.6927570093457943,0.5928571428571429,"ONEOK, Inc.",Energy,Oil & Gas Midstream,54044217344,85.02999877929688,437.0,218.0,2026-06-18,none,NOT_SELECTED,,
2026-06-22T160715Z,2026-06-22T16:07:15.765832+00:00,2026-06-22T17:23:48.252300+00:00,2026-06-18,data/prospective/daily_qvp/snapshots/2026-06-22T160715Z/raw,1070,1034,bf973ff3ecce3842bc807909b6a11c9ba3d11429,d3881a1328862a39dc4af32e15c4826237a09adca2da7038eafb5659ddb68bb4,3cbd5f76b124b82ce4f26fb66fcb37946580c4a15ad9e837f6f5beb2a7d3fb8d,CWT,0.5037383177570094,0.4588785046728972,0.5336488198954539,0.5974903474903475,0.5290238836967809,0.5773694390715667,0.41616446449672356,0.14728682170542637,0.5635593220338982,0.519774011299435,0.5037383177570094,0.07758620689655164,California Water Service Group,Utilities,Utilities - Regulated Water,2713746944,45.20000076293945,438.0,580.0,2026-06-18,none,NOT_SELECTED,,
2026-06-22T160715Z,2026-06-22T16:07:15.765832+00:00,2026-06-22T17:23:48.252300+00:00,2026-06-18,data/prospective/daily_qvp/snapshots/2026-06-22T160715Z/raw,1070,1034,bf973ff3ecce3842bc807909b6a11c9ba3d11429,d3881a1328862a39dc4af32e15c4826237a09adca2da7038eafb5659ddb68bb4,3cbd5f76b124b82ce4f26fb66fcb37946580c4a15ad9e837f6f5beb2a7d3fb8d,OKTA,0.41495327102803736,0.33738317757009345,0.4944238099611931,0.472007722007722,0.5288150725066614,0.5764023210831721,0.5627149079835996,0.749031007751938,0.5738943488943489,0.5975975975975977,0.41495327102803736,0.6644144144144144,"Okta, Inc.",Technology,Software - Infrastructure,20135032832,117.80999755859376,439.0,710.0,2026-06-18,none,NOT_SELECTED,,
2026-06-22T160715Z,2026-06-22T16:07:15.765832+00:00,2026-06-22T17:23:48.252300+00:00,2026-06-18,data/prospective/daily_qvp/snapshots/2026-06-22T160715Z/raw,1070,1034,bf973ff3ecce3842bc807909b6a11c9ba3d11429,d3881a1328862a39dc4af32e15c4826237a09adca2da7038eafb5659ddb68bb4,3cbd5f76b124b82ce4f26fb66fcb37946580c4a15ad9e837f6f5beb2a7d3fb8d,KLAC,0.7341121495327103,0.8738317757009346,0.7293820370923174,0.9536679536679536,0.5287972339374208,0.5754352030947776,0.5807195470746873,0.8207364341085271,0.7246519246519246,0.12762762762762755,0.7341121495327103,0.7364864864864865,KLA Corporation,Technology,Semiconductor Equipment & Materials,347286306816,259.55999755859375,440.0,136.0,2026-06-18,none,NOT_SELECTED,,
2026-06-22T160715Z,2026-06-22T16:07:15.765832+00:00,2026-06-22T17:23:48.252300+00:00,2026-06-18,data/prospective/daily_qvp/snapshots/2026-06-22T160715Z/raw,1070,1034,bf973ff3ecce3842bc807909b6a11c9ba3d11429,d3881a1328862a39dc4af32e15c4826237a09adca2da7038eafb5659ddb68bb4,3cbd5f76b124b82ce4f26fb66fcb37946580c4a15ad9e837f6f5beb2a7d3fb8d,DELL,0.7364485981308412,0.8785046728971962,0.5668217601628817,0.6727799227799228,0.5285318240925717,0.574468085106383,0.5242141833847441,0.562015503875969,0.3971949221949222,0.4519519519519519,0.7364485981308412,0.5112612612612613,Dell Technologies Inc.,Technology,Computer Hardware,271318417408,409.5,441.0,131.0,2026-06-18,none,NOT_SELECTED,,
2026-06-22T160715Z,2026-06-22T16:07:15.765832+00:00,2026-06-22T17:23:48.252300+00:00,2026-06-18,data/prospective/daily_qvp/snapshots/2026-06-22T160715Z/raw,1070,1034,bf973ff3ecce3842bc807909b6a11c9ba3d11429,d3881a1328862a39dc4af32e15c4826237a09adca2da7038eafb5659ddb68bb4,3cbd5f76b124b82ce4f26fb66fcb37946580c4a15ad9e837f6f5beb2a7d3fb8d,BLD,0.43714953271028034,0.36728971962616824,0.48306887981910984,0.4295366795366795,0.5280439533110682,0.5735009671179884,0.45658852053885673,0.2926356589147287,0.5289882269279393,0.6179941002949851,0.43714953271028034,0.24222222222222223,TopBuild Corp.,Industrials,Engineering & Construction,11802422272,426.510009765625,442.0,678.0,2026-06-18,none,NOT_SELECTED,,
2026-06-22T160715Z,2026-06-22T16:07:15.765832+00:00,2026-06-22T17:23:48.252300+00:00,2026-06-18,data/prospective/daily_qvp/snapshots/2026-06-22T160715Z/raw,1070,1034,bf973ff3ecce3842bc807909b6a11c9ba3d11429,d3881a1328862a39dc4af32e15c4826237a09adca2da7038eafb5659ddb68bb4,3cbd5f76b124b82ce4f26fb66fcb37946580c4a15ad9e837f6f5beb2a7d3fb8d,NPO,0.7771028037383177,0.9598130841121495,0.6445317669134066,0.8426640926640927,0.5280162615214254,0.5725338491295938,0.5482344183632913,0.6908914728682171,0.5119607300884955,0.2949852507374631,0.7771028037383177,0.6088888888888888,Enpro Inc.,Industrials,Specialty Industrial Machinery,8223131648,379.6499938964844,443.0,44.0,2026-06-18,none,NOT_SELECTED,,
2026-06-22T160715Z,2026-06-22T16:07:15.765832+00:00,2026-06-22T17:23:48.252300+00:00,2026-06-18,data/prospective/daily_qvp/snapshots/2026-06-22T160715Z/raw,1070,1034,bf973ff3ecce3842bc807909b6a11c9ba3d11429,d3881a1328862a39dc4af32e15c4826237a09adca2da7038eafb5659ddb68bb4,3cbd5f76b124b82ce4f26fb66fcb37946580c4a15ad9e837f6f5beb2a7d3fb8d,PLUS,0.4441588785046729,0.37850467289719625,0.47346662188951905,0.40057915057915056,0.5276063765549747,0.5715667311411993,0.5550516292630778,0.7238372093023255,0.5027743652743653,0.6358858858858859,0.4441588785046729,0.6373873873873874,ePlus inc.,Technology,Software - Application,2111140864,81.8499984741211,444.0,666.0,2026-06-18,none,NOT_SELECTED,,
2026-06-22T160715Z,2026-06-22T16:07:15.765832+00:00,2026-06-22T17:23:48.252300+00:00,2026-06-18,data/prospective/daily_qvp/snapshots/2026-06-22T160715Z/raw,1070,1034,bf973ff3ecce3842bc807909b6a11c9ba3d11429,d3881a1328862a39dc4af32e15c4826237a09adca2da7038eafb5659ddb68bb4,3cbd5f76b124b82ce4f26fb66fcb37946580c4a15ad9e837f6f5beb2a7d3fb8d,TMUS,0.4317757009345794,0.36074766355140186,0.483369032356965,0.4305019305019305,0.5275600312331457,0.5705996131528046,0.4873366900915259,0.40310077519379844,0.5349623637793506,0.6159420289855072,0.4317757009345794,0.36666666666666664,"T-Mobile US, Inc.",Communication Services,Telecom Services,196127948800,181.6699981689453,445.0,685.0,2026-06-18,none,NOT_SELECTED,,
2026-06-22T160715Z,2026-06-22T16:07:15.765832+00:00,2026-06-22T17:23:48.252300+00:00,2026-06-18,data/prospective/daily_qvp/snapshots/2026-06-22T160715Z/raw,1070,1034,bf973ff3ecce3842bc807909b6a11c9ba3d11429,d3881a1328862a39dc4af32e15c4826237a09adca2da7038eafb5659ddb68bb4,3cbd5f76b124b82ce4f26fb66fcb37946580c4a15ad9e837f6f5beb2a7d3fb8d,XYL,0.3511682242990654,0.24018691588785046,0.47974814501931784,0.42084942084942084,0.5273050563648943,0.5696324951644101,0.5654787922736707,0.7587209302325582,0.6083280657395702,0.6224188790560472,0.3511682242990654,0.6799999999999999,Xylem Inc.,Industrials,Specialty Industrial Machinery,26513520640,111.41999816894533,446.0,814.0,2026-06-18,none,NOT_SELECTED,,
2026-06-22T160715Z,2026-06-22T16:07:15.765832+00:00,2026-06-22T17:23:48.252300+00:00,2026-06-18,data/prospective/daily_qvp/snapshots/2026-06-22T160715Z/raw,1070,1034,bf973ff3ecce3842bc807909b6a11c9ba3d11429,d3881a1328862a39dc4af32e15c4826237a09adca2da7038eafb5659ddb68bb4,3cbd5f76b124b82ce4f26fb66fcb37946580c4a15ad9e837f6f5beb2a7d3fb8d,ALSN,0.6364485981308411,0.6990654205607477,0.5870392948135692,0.7162162162162162,0.526796742236002,0.5686653771760155,0.4512352812278997,0.2713178294573643,0.5376299914962973,0.40631163708086776,0.6364485981308411,0.22455089820359275,"Allison Transmission Holdings, Inc.",Consumer Cyclical,Auto Parts,10059462656,119.0999984741211,447.0,323.0,2026-06-18,none,NOT_SELECTED,,
2026-06-22T160715Z,2026-06-22T16:07:15.765832+00:00,2026-06-22T17:23:48.252300+00:00,2026-06-18,data/prospective/daily_qvp/snapshots/2026-06-22T160715Z/raw,1070,1034,bf973ff3ecce3842bc807909b6a11c9ba3d11429,d3881a1328862a39dc4af32e15c4826237a09adca2da7038eafb5659ddb68bb4,3cbd5f76b124b82ce4f26fb66fcb37946580c4a15ad9e837f6f5beb2a7d3fb8d,AIR,0.6845794392523364,0.7822429906542057,0.5313206140635891,0.5888030888030888,0.5267801143904753,0.5676982591876208,0.5906406413484121,0.8449612403100775,0.3780617888748419,0.5176991150442478,0.6845794392523364,0.7822222222222222,AAR Corp.,Industrials,Aerospace & Defense,5281291264,134.8800048828125,448.0,234.0,2026-06-18,none,NOT_SELECTED,,
2026-06-22T160715Z,2026-06-22T16:07:15.765832+00:00,2026-06-22T17:23:48.252300+00:00,2026-06-18,data/prospective/daily_qvp/snapshots/2026-06-22T160715Z/raw,1070,1034,bf973ff3ecce3842bc807909b6a11c9ba3d11429,d3881a1328862a39dc4af32e15c4826237a09adca2da7038eafb5659ddb68bb4,3cbd5f76b124b82ce4f26fb66fcb37946580c4a15ad9e837f6f5beb2a7d3fb8d,SAIA,0.6602803738317756,0.7355140186915888,0.5958935845138651,0.7422779922779923,0.5265642579158314,0.5667311411992263,0.43492319343687347,0.21511627906976744,0.5315067951959545,0.387905604719764,0.6602803738317756,0.15999999999999995,"Saia, Inc.",Industrials,Trucking,11680637952,435.1199951171875,449.0,284.0,2026-06-18,none,NOT_SELECTED,,
2026-06-22T160715Z,2026-06-22T16:07:15.765832+00:00,2026-06-22T17:23:48.252300+00:00,2026-06-18,data/prospective/daily_qvp/snapshots/2026-06-22T160715Z/raw,1070,1034,bf973ff3ecce3842bc807909b6a11c9ba3d11429,d3881a1328862a39dc4af32e15c4826237a09adca2da7038eafb5659ddb68bb4,3cbd5f76b124b82ce4f26fb66fcb37946580c4a15ad9e837f6f5beb2a7d3fb8d,MUR,0.5845794392523365,0.6037383177570094,0.49407543391188247,0.4691119691119691,0.5261156487517126,0.5657640232108317,0.42672959370664154,0.18410852713178294,0.4035714285714285,0.5901960784313726,0.5845794392523365,0.12857142857142856,Murphy Oil Corporation,Energy,Oil & Gas E&P,4944126976,34.290000915527344,450.0,425.0,2026-06-18,none,NOT_SELECTED,,
2026-06-22T160715Z,2026-06-22T16:07:15.765832+00:00,2026-06-22T17:23:48.252300+00:00,2026-06-18,data/prospective/daily_qvp/snapshots/2026-06-22T160715Z/raw,1070,1034,bf973ff3ecce3842bc807909b6a11c9ba3d11429,d3881a1328862a39dc4af32e15c4826237a09adca2da7038eafb5659ddb68bb4,3cbd5f76b124b82ce4f26fb66fcb37946580c4a15ad9e837f6f5beb2a7d3fb8d,CENX,0.6768691588785047,0.7644859813084112,0.6196845794392524,0.7857142857142857,0.5260860159224645,0.5647969052224371,0.5903978452751817,0.8439922480620154,0.5625,0.33888888888888885,0.6768691588785047,0.7833333333333333,Century Aluminum Company,Basic Materials,Aluminum,4860615680,51.709999084472656,451.0,253.0,2026-06-18,none,NOT_SELECTED,,
2026-06-22T160715Z,2026-06-22T16:07:15.765832+00:00,2026-06-22T17:23:48.252300+00:00,2026-06-18,data/prospective/daily_qvp/snapshots/2026-06-22T160715Z/raw,1070,1034,bf973ff3ecce3842bc807909b6a11c9ba3d11429,d3881a1328862a39dc4af32e15c4826237a09adca2da7038eafb5659ddb68bb4,3cbd5f76b124b82ce4f26fb66fcb37946580c4a15ad9e837f6f5beb2a7d3fb8d,PAG,0.5037383177570093,0.45794392523364486,0.4286614165018885,0.28378378378378377,0.5257479791800886,0.5638297872340425,0.48263433767847974,0.3866279069767442,0.35358451524676765,0.7199211045364892,0.5037383177570093,0.35329341317365265,"Penske Automotive Group, Inc.",Consumer Cyclical,Auto & Truck Dealerships,11614935040,175.1999969482422,452.0,581.0,2026-06-18,none,NOT_SELECTED,,
2026-06-22T160715Z,2026-06-22T16:07:15.765832+00:00,2026-06-22T17:23:48.252300+00:00,2026-06-18,data/prospective/daily_qvp/snapshots/2026-06-22T160715Z/raw,1070,1034,bf973ff3ecce3842bc807909b6a11c9ba3d11429,d3881a1328862a39dc4af32e15c4826237a09adca2da7038eafb5659ddb68bb4,3cbd5f76b124b82ce4f26fb66fcb37946580c4a15ad9e837f6f5beb2a7d3fb8d,ACIW,0.38364485981308405,0.2841121495327103,0.42083041516452724,0.2625482625482625,0.5252983548544296,0.562862669245648,0.4716764688435249,0.3507751937984496,0.4580159705159704,0.7342342342342342,0.38364485981308405,0.31081081081081074,"ACI Worldwide, Inc.",Technology,Software - Infrastructure,4414145024,44.09000015258789,453.0,767.0,2026-06-18,none,NOT_SELECTED,,
2026-06-22T160715Z,2026-06-22T16:07:15.765832+00:00,2026-06-22T17:23:48.252300+00:00,2026-06-18,data/prospective/daily_qvp/snapshots/2026-06-22T160715Z/raw,1070,1034,bf973ff3ecce3842bc807909b6a11c9ba3d11429,d3881a1328862a39dc4af32e15c4826237a09adca2da7038eafb5659ddb68bb4,3cbd5f76b124b82ce4f26fb66fcb37946580c4a15ad9e837f6f5beb2a7d3fb8d,ON,0.7551401869158879,0.9242990654205607,0.5891999050877555,0.7258687258687259,0.5249320688573026,0.5618955512572534,0.3976404930844183,0.10465116279069768,0.42325962325962324,0.39639639639639634,0.7551401869158879,0.0157657657657657,ON Semiconductor Corporation,Technology,Semiconductors,51135397888,121.62000274658205,454.0,82.0,2026-06-18,none,NOT_SELECTED,,
2026-06-22T160715Z,2026-06-22T16:07:15.765832+00:00,2026-06-22T17:23:48.252300+00:00,2026-06-18,data/prospective/daily_qvp/snapshots/2026-06-22T160715Z/raw,1070,1034,bf973ff3ecce3842bc807909b6a11c9ba3d11429,d3881a1328862a39dc4af32e15c4826237a09adca2da7038eafb5659ddb68bb4,3cbd5f76b124b82ce4f26fb66fcb37946580c4a15ad9e837f6f5beb2a7d3fb8d,ATO,0.5897196261682243,0.6130841121495327,0.6206196026808392,0.7905405405405406,0.5248575128983372,0.5609284332688588,0.5660569277772012,0.7606589147286822,0.651519579193454,0.3333333333333333,0.5897196261682243,0.6896551724137931,Atmos Energy Corporation,Utilities,Utilities - Regulated Gas,28312940544,170.11000061035156,455.0,416.0,2026-06-18,none,NOT_SELECTED,,
2026-06-22T160715Z,2026-06-22T16:07:15.765832+00:00,2026-06-22T17:23:48.252300+00:00,2026-06-18,data/prospective/daily_qvp/snapshots/2026-06-22T160715Z/raw,1070,1034,bf973ff3ecce3842bc807909b6a11c9ba3d11429,d3881a1328862a39dc4af32e15c4826237a09adca2da7038eafb5659ddb68bb4,3cbd5f76b124b82ce4f26fb66fcb37946580c4a15ad9e837f6f5beb2a7d3fb8d,ASH,0.5179906542056074,0.4869158878504673,0.44545366043613704,0.3194980694980695,0.5247468847352025,0.5599613152804642,0.47897683021806853,0.37306201550387597,0.3729166666666667,0.6833333333333332,0.5179906542056074,0.3416666666666667,Ashland Inc.,Basic Materials,Specialty Chemicals,3114026752,67.91999816894531,456.0,550.0,2026-06-18,none,NOT_SELECTED,,
2026-06-22T160715Z,2026-06-22T16:07:15.765832+00:00,2026-06-22T17:23:48.252300+00:00,2026-06-18,data/prospective/daily_qvp/snapshots/2026-06-22T160715Z/raw,1070,1034,bf973ff3ecce3842bc807909b6a11c9ba3d11429,d3881a1328862a39dc4af32e15c4826237a09adca2da7038eafb5659ddb68bb4,3cbd5f76b124b82ce4f26fb66fcb37946580c4a15ad9e837f6f5beb2a7d3fb8d,EMR,0.5264018691588784,0.5,0.5591919665010574,0.6534749034749034,0.5247120484638318,0.5589941972920697,0.5574229252367627,0.7335271317829457,0.5919820638432364,0.4557522123893805,0.5264018691588784,0.6555555555555554,Emerson Electric Co.,Industrials,Specialty Industrial Machinery,84566695936,150.66000366210938,457.0,536.0,2026-06-18,none,NOT_SELECTED,,
2026-06-22T160715Z,2026-06-22T16:07:15.765832+00:00,2026-06-22T17:23:48.252300+00:00,2026-06-18,data/prospective/daily_qvp/snapshots/2026-06-22T160715Z/raw,1070,1034,bf973ff3ecce3842bc807909b6a11c9ba3d11429,d3881a1328862a39dc4af32e15c4826237a09adca2da7038eafb5659ddb68bb4,3cbd5f76b124b82ce4f26fb66fcb37946580c4a15ad9e837f6f5beb2a7d3fb8d,HWM,0.7450934579439252,0.9018691588785047,0.7233437817532521,0.946911196911197,0.5245104071078711,0.558027079303675,0.5994939164420144,0.8672480620155039,0.701594105562579,0.12684365781710907,0.7450934579439252,0.8244444444444444,Howmet Aerospace Inc.,Industrials,Aerospace & Defense,111958081536,277.6600036621094,458.0,106.0,2026-06-18,none,NOT_SELECTED,,
2026-06-22T160715Z,2026-06-22T16:07:15.765832+00:00,2026-06-22T17:23:48.252300+00:00,2026-06-18,data/prospective/daily_qvp/snapshots/2026-06-22T160715Z/raw,1070,1034,bf973ff3ecce3842bc807909b6a11c9ba3d11429,d3881a1328862a39dc4af32e15c4826237a09adca2da7038eafb5659ddb68bb4,3cbd5f76b124b82ce4f26fb66fcb37946580c4a15ad9e837f6f5beb2a7d3fb8d,RL,0.5415887850467289,0.5299065420560748,0.6417170126255101,0.8368725868725869,0.524458284551129,0.5570599613152805,0.6104095816768198,0.8982558139534884,0.7418452402042913,0.2899408284023668,0.5415887850467289,0.8682634730538923,Ralph Lauren Corporation,Consumer Cyclical,Apparel Manufacturing,24505853952,413.010009765625,459.0,504.0,2026-06-18,none,NOT_SELECTED,,
2026-06-22T160715Z,2026-06-22T16:07:15.765832+00:00,2026-06-22T17:23:48.252300+00:00,2026-06-18,data/prospective/daily_qvp/snapshots/2026-06-22T160715Z/raw,1070,1034,bf973ff3ecce3842bc807909b6a11c9ba3d11429,d3881a1328862a39dc4af32e15c4826237a09adca2da7038eafb5659ddb68bb4,3cbd5f76b124b82ce4f26fb66fcb37946580c4a15ad9e837f6f5beb2a7d3fb8d,HTO,0.6457943925233646,0.7158878504672898,0.5296111062558377,0.583976833976834,0.5244488354323287,0.5560928433268859,0.48169869553976374,0.38372093023255816,0.4134278199883109,0.5141242937853107,0.6457943925233646,0.3534482758620689,H2O America,Utilities,Utilities - Regulated Water,2385312512,56.689998626708984,460.0,305.0,2026-06-18,none,NOT_SELECTED,,
2026-06-22T160715Z,2026-06-22T16:07:15.765832+00:00,2026-06-22T17:23:48.252300+00:00,2026-06-18,data/prospective/daily_qvp/snapshots/2026-06-22T160715Z/raw,1070,1034,bf973ff3ecce3842bc807909b6a11c9ba3d11429,d3881a1328862a39dc4af32e15c4826237a09adca2da7038eafb5659ddb68bb4,3cbd5f76b124b82ce4f26fb66fcb37946580c4a15ad9e837f6f5beb2a7d3fb8d,WWD,0.7039719626168224,0.8186915887850468,0.6817258280214327,0.9025096525096525,0.524297061355488,0.5551257253384912,0.5460005737943938,0.6782945736434108,0.659479693426043,0.20943952802359878,0.7039719626168224,0.6111111111111112,"Woodward, Inc.",Industrials,Aerospace & Defense,25575942144,430.0799865722656,461.0,195.0,2026-06-18,none,NOT_SELECTED,,
2026-06-22T160715Z,2026-06-22T16:07:15.765832+00:00,2026-06-22T17:23:48.252300+00:00,2026-06-18,data/prospective/daily_qvp/snapshots/2026-06-22T160715Z/raw,1070,1034,bf973ff3ecce3842bc807909b6a11c9ba3d11429,d3881a1328862a39dc4af32e15c4826237a09adca2da7038eafb5659ddb68bb4,3cbd5f76b124b82ce4f26fb66fcb37946580c4a15ad9e837f6f5beb2a7d3fb8d,FUL,0.4820093457943925,0.42850467289719624,0.4472546728971962,0.32722007722007723,0.52409570785739,0.5541586073500967,0.5097384475597092,0.500968992248062,0.41250000000000003,0.6777777777777777,0.4820093457943925,0.4666666666666667,H.B. Fuller Company,Basic Materials,Specialty Chemicals,3529142016,64.86000061035156,462.0,612.0,2026-06-18,none,NOT_SELECTED,,
2026-06-22T160715Z,2026-06-22T16:07:15.765832+00:00,2026-06-22T17:23:48.252300+00:00,2026-06-18,data/prospective/daily_qvp/snapshots/2026-06-22T160715Z/raw,1070,1034,bf973ff3ecce3842bc807909b6a11c9ba3d11429,d3881a1328862a39dc4af32e15c4826237a09adca2da7038eafb5659ddb68bb4,3cbd5f76b124b82ce4f26fb66fcb37946580c4a15ad9e837f6f5beb2a7d3fb8d,HQY,0.3364485981308411,0.22336448598130842,0.49153466051937467,0.4575289575289575,0.5239379699277794,0.5531914893617021,0.5435372133556574,0.6618217054263565,0.6466207229079082,0.5887445887445888,0.3364485981308411,0.6023349436392914,"HealthEquity, Inc.",Healthcare,Health Information Services,7131875840,85.20999908447266,463.0,832.0,2026-06-18,none,NOT_SELECTED,,
2026-06-22T160715Z,2026-06-22T16:07:15.765832+00:00,2026-06-22T17:23:48.252300+00:00,2026-06-18,data/prospective/daily_qvp/snapshots/2026-06-22T160715Z/raw,1070,1034,bf973ff3ecce3842bc807909b6a11c9ba3d11429,d3881a1328862a39dc4af32e15c4826237a09adca2da7038eafb5659ddb68bb4,3cbd5f76b124b82ce4f26fb66fcb37946580c4a15ad9e837f6f5beb2a7d3fb8d,RPM,0.42640186915887845,0.3542056074766355,0.5496592679127725,0.6332046332046332,0.5238469193492558,0.5522243713733076,0.5158018561786085,0.5203488372093024,0.6729166666666667,0.47222222222222227,0.42640186915887845,0.4916666666666667,RPM International Inc.,Basic Materials,Specialty Chemicals,13820647424,108.0,464.0,692.0,2026-06-18,none,NOT_SELECTED,,
2026-06-22T160715Z,2026-06-22T16:07:15.765832+00:00,2026-06-22T17:23:48.252300+00:00,2026-06-18,data/prospective/daily_qvp/snapshots/2026-06-22T160715Z/raw,1070,1034,bf973ff3ecce3842bc807909b6a11c9ba3d11429,d3881a1328862a39dc4af32e15c4826237a09adca2da7038eafb5659ddb68bb4,3cbd5f76b124b82ce4f26fb66fcb37946580c4a15ad9e837f6f5beb2a7d3fb8d,ARMK,0.7768691588785046,0.9588785046728971,0.48041170491333574,0.42277992277992277,0.5238142929510733,0.5512572533849129,0.5295273863799717,0.5930232558139535,0.1839542509481668,0.6106194690265486,0.7768691588785046,0.5466666666666666,Aramark,Industrials,Specialty Business Services,14279693312,53.33000183105469,465.0,45.0,2026-06-18,none,NOT_SELECTED,,
2026-06-22T160715Z,2026-06-22T16:07:15.765832+00:00,2026-06-22T17:23:48.252300+00:00,2026-06-18,data/prospective/daily_qvp/snapshots/2026-06-22T160715Z/raw,1070,1034,bf973ff3ecce3842bc807909b6a11c9ba3d11429,d3881a1328862a39dc4af32e15c4826237a09adca2da7038eafb5659ddb68bb4,3cbd5f76b124b82ce4f26fb66fcb37946580c4a15ad9e837f6f5beb2a7d3fb8d,GNRC,0.7228971962616823,0.8485981308411215,0.6222438730992355,0.7953667953667953,0.5234821494211226,0.5502901353965184,0.4148338342880641,0.1434108527131783,0.5215905499367888,0.3259587020648967,0.7228971962616823,0.08888888888888885,Generac Holdings Inc.,Industrials,Specialty Industrial Machinery,17196128256,279.1499938964844,466.0,163.0,2026-06-18,none,NOT_SELECTED,,
2026-06-22T160715Z,2026-06-22T16:07:15.765832+00:00,2026-06-22T17:23:48.252300+00:00,2026-06-18,data/prospective/daily_qvp/snapshots/2026-06-22T160715Z/raw,1070,1034,bf973ff3ecce3842bc807909b6a11c9ba3d11429,d3881a1328862a39dc4af32e15c4826237a09adca2da7038eafb5659ddb68bb4,3cbd5f76b124b82ce4f26fb66fcb37946580c4a15ad9e837f6f5beb2a7d3fb8d,CL,0.6203271028037383,0.6635514018691588,0.6695385514018691,0.890926640926641,0.5227479231568016,0.5493230174081238,0.4760453173676012,0.3653100775193798,0.71875,0.22916666666666666,0.6203271028037383,0.3359375,Colgate-Palmolive Company,Consumer Defensive,Household & Personal Products,72025038848,89.4800033569336,467.0,361.0,2026-06-18,none,NOT_SELECTED,,
2026-06-22T160715Z,2026-06-22T16:07:15.765832+00:00,2026-06-22T17:23:48.252300+00:00,2026-06-18,data/prospective/daily_qvp/snapshots/2026-06-22T160715Z/raw,1070,1034,bf973ff3ecce3842bc807909b6a11c9ba3d11429,d3881a1328862a39dc4af32e15c4826237a09adca2da7038eafb5659ddb68bb4,3cbd5f76b124b82ce4f26fb66fcb37946580c4a15ad9e837f6f5beb2a7d3fb8d,MTH,0.41985981308411213,0.3467289719626168,0.42408454316905564,0.2702702702702703,0.5226967302915334,0.5483558994197292,0.396513565682722,0.0998062015503876,0.42830927325399915,0.7199211045364892,0.41985981308411213,0.0179640718562874,Meritage Homes Corporation,Consumer Cyclical,Residential Construction,5043450368,75.7300033569336,468.0,700.0,2026-06-18,none,NOT_SELECTED,,
2026-06-22T160715Z,2026-06-22T16:07:15.765832+00:00,2026-06-22T17:23:48.252300+00:00,2026-06-18,data/prospective/daily_qvp/snapshots/2026-06-22T160715Z/raw,1070,1034,bf973ff3ecce3842bc807909b6a11c9ba3d11429,d3881a1328862a39dc4af32e15c4826237a09adca2da7038eafb5659ddb68bb4,3cbd5f76b124b82ce4f26fb66fcb37946580c4a15ad9e837f6f5beb2a7d3fb8d,HL,0.36542056074766355,0.25794392523364484,0.597293613707165,0.7442084942084942,0.5222698165455174,0.5473887814313346,0.6344106957424716,0.939922480620155,0.8291666666666666,0.37222222222222223,0.36542056074766355,0.9708333333333334,Hecla Mining Company,Basic Materials,Other Precious Metals & Mining,10667680768,15.960000038146973,469.0,795.0,2026-06-18,none,NOT_SELECTED,,
2026-06-22T160715Z,2026-06-22T16:07:15.765832+00:00,2026-06-22T17:23:48.252300+00:00,2026-06-18,data/prospective/daily_qvp/snapshots/2026-06-22T160715Z/raw,1070,1034,bf973ff3ecce3842bc807909b6a11c9ba3d11429,d3881a1328862a39dc4af32e15c4826237a09adca2da7038eafb5659ddb68bb4,3cbd5f76b124b82ce4f26fb66fcb37946580c4a15ad9e837f6f5beb2a7d3fb8d,VST,0.22266355140186914,0.10934579439252337,0.4977286196518405,0.4806949806949807,0.5220262360767449,0.5464216634429401,0.4249248494713518,0.17926356589147288,0.7727936879018119,0.5706214689265537,0.22266355140186914,0.1336206896551724,Vistra Corp.,Utilities,Utilities - Independent Power Producers,56292610048,163.75,470.0,954.0,2026-06-18,none,NOT_SELECTED,,
2026-06-22T160715Z,2026-06-22T16:07:15.765832+00:00,2026-06-22T17:23:48.252300+00:00,2026-06-18,data/prospective/daily_qvp/snapshots/2026-06-22T160715Z/raw,1070,1034,bf973ff3ecce3842bc807909b6a11c9ba3d11429,d3881a1328862a39dc4af32e15c4826237a09adca2da7038eafb5659ddb68bb4,3cbd5f76b124b82ce4f26fb66fcb37946580c4a15ad9e837f6f5beb2a7d3fb8d,SITE,0.27850467289719627,0.16728971962616823,0.4002599612905703,0.21911196911196912,0.5220022160816191,0.5454545454545454,0.5259461065056588,0.5707364341085271,0.5220152496839443,0.7654867256637168,0.27850467289719627,0.5377777777777777,"SiteOne Landscape Supply, Inc.",Industrials,Industrial Distribution,4768451584,110.16999816894533,471.0,892.0,2026-06-18,none,NOT_SELECTED,,
2026-06-22T160715Z,2026-06-22T16:07:15.765832+00:00,2026-06-22T17:23:48.252300+00:00,2026-06-18,data/prospective/daily_qvp/snapshots/2026-06-22T160715Z/raw,1070,1034,bf973ff3ecce3842bc807909b6a11c9ba3d11429,d3881a1328862a39dc4af32e15c4826237a09adca2da7038eafb5659ddb68bb4,3cbd5f76b124b82ce4f26fb66fcb37946580c4a15ad9e837f6f5beb2a7d3fb8d,SN,0.5095794392523364,0.47102803738317756,0.6388097448757535,0.8301158301158301,0.5218626438553676,0.5444874274661509,0.6189418930711663,0.9137596899224806,0.7680400504991707,0.28796844181459563,0.5095794392523364,0.9101796407185628,"SharkNinja, Inc.",Consumer Cyclical,"Furnishings, Fixtures & Appliances",19651520512,140.83999633789062,472.0,567.0,2026-06-18,none,NOT_SELECTED,,
2026-06-22T160715Z,2026-06-22T16:07:15.765832+00:00,2026-06-22T17:23:48.252300+00:00,2026-06-18,data/prospective/daily_qvp/snapshots/2026-06-22T160715Z/raw,1070,1034,bf973ff3ecce3842bc807909b6a11c9ba3d11429,d3881a1328862a39dc4af32e15c4826237a09adca2da7038eafb5659ddb68bb4,3cbd5f76b124b82ce4f26fb66fcb37946580c4a15ad9e837f6f5beb2a7d3fb8d,BELFB,0.7476635514018691,0.9074766355140187,0.5950490156681746,0.7384169884169884,0.5218244689039082,0.5435203094777563,0.5749269102364897,0.7994186046511628,0.44243447993448,0.3753753753753754,0.7476635514018691,0.7342342342342343,Bel Fuse Inc.,Technology,Electronic Components,4249104896,296.3900146484375,473.0,100.0,2026-06-18,none,NOT_SELECTED,,
2026-06-22T160715Z,2026-06-22T16:07:15.765832+00:00,2026-06-22T17:23:48.252300+00:00,2026-06-18,data/prospective/daily_qvp/snapshots/2026-06-22T160715Z/raw,1070,1034,bf973ff3ecce3842bc807909b6a11c9ba3d11429,d3881a1328862a39dc4af32e15c4826237a09adca2da7038eafb5659ddb68bb4,3cbd5f76b124b82ce4f26fb66fcb37946580c4a15ad9e837f6f5beb2a7d3fb8d,WMS,0.4023364485981308,0.3168224299065421,0.5304833712649314,0.5859073359073359,0.5217971737636415,0.5425531914893617,0.479125658100509,0.375,0.658630293931732,0.504424778761062,0.4023364485981308,0.3511111111111111,"Advanced Drainage Systems, Inc.",Industrials,Building Products & Equipment,10983442432,147.1199951171875,474.0,732.0,2026-06-18,none,NOT_SELECTED,,
2026-06-22T160715Z,2026-06-22T16:07:15.765832+00:00,2026-06-22T17:23:48.252300+00:00,2026-06-18,data/prospective/daily_qvp/snapshots/2026-06-22T160715Z/raw,1070,1034,bf973ff3ecce3842bc807909b6a11c9ba3d11429,d3881a1328862a39dc4af32e15c4826237a09adca2da7038eafb5659ddb68bb4,3cbd5f76b124b82ce4f26fb66fcb37946580c4a15ad9e837f6f5beb2a7d3fb8d,HALO,0.5605140186915888,0.569158878504673,0.6050154221762897,0.7606177606177607,0.5216697331103114,0.5415860735009671,0.573196744277178,0.7877906976744186,0.6495168256609906,0.35497835497835495,0.5605140186915888,0.7277777777777779,"Halozyme Therapeutics, Inc.",Healthcare,Biotechnology,8167691264,68.55000305175781,475.0,462.0,2026-06-18,none,NOT_SELECTED,,
2026-06-22T160715Z,2026-06-22T16:07:15.765832+00:00,2026-06-22T17:23:48.252300+00:00,2026-06-18,data/prospective/daily_qvp/snapshots/2026-06-22T160715Z/raw,1070,1034,bf973ff3ecce3842bc807909b6a11c9ba3d11429,d3881a1328862a39dc4af32e15c4826237a09adca2da7038eafb5659ddb68bb4,3cbd5f76b124b82ce4f26fb66fcb37946580c4a15ad9e837f6f5beb2a7d3fb8d,SJM,0.5894859813084112,0.611214953271028,0.4568523656542056,0.3581081081081081,0.5215821326583593,0.5406189555125726,0.46931159949376944,0.3372093023255814,0.32421875,0.6510416666666666,0.5894859813084112,0.3125,The J. M. Smucker Company,Consumer Defensive,Packaged Foods,11560042496,110.86000061035156,476.0,417.0,2026-06-18,none,NOT_SELECTED,,
2026-06-22T160715Z,2026-06-22T16:07:15.765832+00:00,2026-06-22T17:23:48.252300+00:00,2026-06-18,data/prospective/daily_qvp/snapshots/2026-06-22T160715Z/raw,1070,1034,bf973ff3ecce3842bc807909b6a11c9ba3d11429,d3881a1328862a39dc4af32e15c4826237a09adca2da7038eafb5659ddb68bb4,3cbd5f76b124b82ce4f26fb66fcb37946580c4a15ad9e837f6f5beb2a7d3fb8d,DTE,0.6350467289719627,0.6962616822429907,0.5081282738956833,0.5183397683397684,0.5214263822204743,0.539651837524178,0.5408542694239765,0.6482558139534884,0.38120981881940386,0.5480225988700566,0.6350467289719627,0.5991379310344828,DTE Energy Company,Utilities,Utilities - Regulated Electric,30694580224,147.55999755859375,477.0,326.0,2026-06-18,none,NOT_SELECTED,,
2026-06-22T160715Z,2026-06-22T16:07:15.765832+00:00,2026-06-22T17:23:48.252300+00:00,2026-06-18,data/prospective/daily_qvp/snapshots/2026-06-22T160715Z/raw,1070,1034,bf973ff3ecce3842bc807909b6a11c9ba3d11429,d3881a1328862a39dc4af32e15c4826237a09adca2da7038eafb5659ddb68bb4,3cbd5f76b124b82ce4f26fb66fcb37946580c4a15ad9e837f6f5beb2a7d3fb8d,EXTR,0.686214953271028,0.7841121495327102,0.5869240204520578,0.7152509652509652,0.521412810431502,0.5386847195357833,0.4980415898056084,0.45445736434108525,0.4876330876330876,0.3903903903903903,0.686214953271028,0.4279279279279279,"Extreme Networks, Inc.",Technology,Communication Equipment,4095969792,31.3799991607666,478.0,232.0,2026-06-18,none,NOT_SELECTED,,
2026-06-22T160715Z,2026-06-22T16:07:15.765832+00:00,2026-06-22T17:23:48.252300+00:00,2026-06-18,data/prospective/daily_qvp/snapshots/2026-06-22T160715Z/raw,1070,1034,bf973ff3ecce3842bc807909b6a11c9ba3d11429,d3881a1328862a39dc4af32e15c4826237a09adca2da7038eafb5659ddb68bb4,3cbd5f76b124b82ce4f26fb66fcb37946580c4a15ad9e837f6f5beb2a7d3fb8d,NEE,0.6336448598130842,0.6934579439252336,0.6010129617592598,0.7538610038610039,0.5212026148074914,0.5377176015473888,0.546074374898722,0.6812015503875969,0.5683810637054354,0.3615819209039548,0.6336448598130842,0.6206896551724138,"NextEra Energy, Inc.",Utilities,Utilities - Regulated Electric,181364244480,86.75,479.0,329.0,2026-06-18,none,NOT_SELECTED,,
2026-06-22T160715Z,2026-06-22T16:07:15.765832+00:00,2026-06-22T17:23:48.252300+00:00,2026-06-18,data/prospective/daily_qvp/snapshots/2026-06-22T160715Z/raw,1070,1034,bf973ff3ecce3842bc807909b6a11c9ba3d11429,d3881a1328862a39dc4af32e15c4826237a09adca2da7038eafb5659ddb68bb4,3cbd5f76b124b82ce4f26fb66fcb37946580c4a15ad9e837f6f5beb2a7d3fb8d,LAUR,0.6123831775700934,0.6514018691588785,0.6147853387850467,0.7760617760617761,0.5209680036344756,0.5367504835589942,0.5977572527258567,0.8633720930232558,0.6171875,0.3333333333333333,0.6123831775700934,0.828125,"Laureate Education, Inc.",Consumer Defensive,Education & Training Services,5242186752,36.43000030517578,480.0,374.0,2026-06-18,none,NOT_SELECTED,,
2026-06-22T160715Z,2026-06-22T16:07:15.765832+00:00,2026-06-22T17:23:48.252300+00:00,2026-06-18,data/prospective/daily_qvp/snapshots/2026-06-22T160715Z/raw,1070,1034,bf973ff3ecce3842bc807909b6a11c9ba3d11429,d3881a1328862a39dc4af32e15c4826237a09adca2da7038eafb5659ddb68bb4,3cbd5f76b124b82ce4f26fb66fcb37946580c4a15ad9e837f6f5beb2a7d3fb8d,JBTM,0.3467289719626168,0.23644859813084113,0.3905193927448988,0.20270270270270271,0.520916566648025,0.5357833655705996,0.5426318694304632,0.6569767441860465,0.4343098135271808,0.7817109144542774,0.3467289719626168,0.6077777777777778,JBT Marel Corporation,Industrials,Specialty Industrial Machinery,6818019840,132.5800018310547,481.0,818.0,2026-06-18,none,NOT_SELECTED,,
2026-06-22T160715Z,2026-06-22T16:07:15.765832+00:00,2026-06-22T17:23:48.252300+00:00,2026-06-18,data/prospective/daily_qvp/snapshots/2026-06-22T160715Z/raw,1070,1034,bf973ff3ecce3842bc807909b6a11c9ba3d11429,d3881a1328862a39dc4af32e15c4826237a09adca2da7038eafb5659ddb68bb4,3cbd5f76b124b82ce4f26fb66fcb37946580c4a15ad9e837f6f5beb2a7d3fb8d,CALX,0.21028037383177567,0.10186915887850467,0.41867417544987634,0.2557915057915058,0.520857858708326,0.534816247582205,0.5854632138510644,0.8362403100775194,0.627067977067977,0.7252252252252251,0.21028037383177567,0.7792792792792793,"Calix, Inc.",Technology,Software - Infrastructure,2398214400,37.95000076293945,482.0,962.0,2026-06-18,none,NOT_SELECTED,,
2026-06-22T160715Z,2026-06-22T16:07:15.765832+00:00,2026-06-22T17:23:48.252300+00:00,2026-06-18,data/prospective/daily_qvp/snapshots/2026-06-22T160715Z/raw,1070,1034,bf973ff3ecce3842bc807909b6a11c9ba3d11429,d3881a1328862a39dc4af32e15c4826237a09adca2da7038eafb5659ddb68bb4,3cbd5f76b124b82ce4f26fb66fcb37946580c4a15ad9e837f6f5beb2a7d3fb8d,HCA,0.4009345794392523,0.3130841121495327,0.4813188823489648,0.4247104247104247,0.520013454033509,0.5338491295938105,0.4936131501064522,0.4273255813953488,0.5617031852586772,0.5974025974025974,0.4009345794392523,0.41441223832528173,"HCA Healthcare, Inc.",Healthcare,Medical Care Facilities,83278659584,375.1700134277344,483.0,736.0,2026-06-18,none,NOT_SELECTED,,
2026-06-22T160715Z,2026-06-22T16:07:15.765832+00:00,2026-06-22T17:23:48.252300+00:00,2026-06-18,data/prospective/daily_qvp/snapshots/2026-06-22T160715Z/raw,1070,1034,bf973ff3ecce3842bc807909b6a11c9ba3d11429,d3881a1328862a39dc4af32e15c4826237a09adca2da7038eafb5659ddb68bb4,3cbd5f76b124b82ce4f26fb66fcb37946580c4a15ad9e837f6f5beb2a7d3fb8d,NFG,0.5130841121495326,0.47710280373831776,0.5618991989319091,0.6554054054054054,0.5199776172151103,0.5328820116054158,0.5756974986256185,0.8003875968992248,0.6107142857142857,0.43613445378151255,0.5130841121495326,0.7428571428571429,National Fuel Gas Company,Energy,Oil & Gas Integrated,7182772736,75.88999938964844,484.0,560.0,2026-06-18,none,NOT_SELECTED,,
2026-06-22T160715Z,2026-06-22T16:07:15.765832+00:00,2026-06-22T17:23:48.252300+00:00,2026-06-18,data/prospective/daily_qvp/snapshots/2026-06-22T160715Z/raw,1070,1034,bf973ff3ecce3842bc807909b6a11c9ba3d11429,d3881a1328862a39dc4af32e15c4826237a09adca2da7038eafb5659ddb68bb4,3cbd5f76b124b82ce4f26fb66fcb37946580c4a15ad9e837f6f5beb2a7d3fb8d,CNK,0.5032710280373832,0.4570093457943925,0.4823132468576985,0.4276061776061776,0.5196097974220405,0.5319148936170213,0.4619295702887526,0.3081395348837209,0.4613554656780137,0.5942028985507246,0.5032710280373832,0.28888888888888886,"Cinemark Holdings, Inc.",Communication Services,Entertainment,4004068352,33.7599983215332,485.0,582.0,2026-06-18,none,NOT_SELECTED,,
2026-06-22T160715Z,2026-06-22T16:07:15.765832+00:00,2026-06-22T17:23:48.252300+00:00,2026-06-18,data/prospective/daily_qvp/snapshots/2026-06-22T160715Z/raw,1070,1034,bf973ff3ecce3842bc807909b6a11c9ba3d11429,d3881a1328862a39dc4af32e15c4826237a09adca2da7038eafb5659ddb68bb4,3cbd5f76b124b82ce4f26fb66fcb37946580c4a15ad9e837f6f5beb2a7d3fb8d,FLEX,0.7682242990654206,0.9448598130841122,0.5316653845859454,0.5907335907335908,0.5196087548891287,0.5309477756286267,0.4826119715722519,0.3856589147286822,0.29510647010647006,0.4954954954954955,0.7682242990654206,0.3716216216216216,Flex Ltd.,Technology,Electronic Components,55449464832,147.61000061035156,486.0,60.0,2026-06-18,none,NOT_SELECTED,,
2026-06-22T160715Z,2026-06-22T16:07:15.765832+00:00,2026-06-22T17:23:48.252300+00:00,2026-06-18,data/prospective/daily_qvp/snapshots/2026-06-22T160715Z/raw,1070,1034,bf973ff3ecce3842bc807909b6a11c9ba3d11429,d3881a1328862a39dc4af32e15c4826237a09adca2da7038eafb5659ddb68bb4,3cbd5f76b124b82ce4f26fb66fcb37946580c4a15ad9e837f6f5beb2a7d3fb8d,ALB,0.6067757009345794,0.641588785046729,0.5346378504672897,0.6013513513513513,0.5193881966078228,0.5299806576402321,0.5312078141225337,0.6007751937984496,0.46249999999999997,0.48888888888888893,0.6067757009345794,0.5666666666666667,Albemarle Corporation,Basic Materials,Specialty Chemicals,18377756672,160.35000610351562,487.0,384.0,2026-06-18,none,NOT_SELECTED,,
2026-06-22T160715Z,2026-06-22T16:07:15.765832+00:00,2026-06-22T17:23:48.252300+00:00,2026-06-18,data/prospective/daily_qvp/snapshots/2026-06-22T160715Z/raw,1070,1034,bf973ff3ecce3842bc807909b6a11c9ba3d11429,d3881a1328862a39dc4af32e15c4826237a09adca2da7038eafb5659ddb68bb4,3cbd5f76b124b82ce4f26fb66fcb37946580c4a15ad9e837f6f5beb2a7d3fb8d,UNP,0.6728971962616823,0.7598130841121495,0.6138812387755945,0.7741312741312741,0.519381986125716,0.5290135396518375,0.48731426737206474,0.4021317829457364,0.5548652812895069,0.3303834808259587,0.6728971962616823,0.3911111111111111,Union Pacific Corporation,Industrials,Railroads,155683487744,256.8800048828125,488.0,258.0,2026-06-18,none,NOT_SELECTED,,
2026-06-22T160715Z,2026-06-22T16:07:15.765832+00:00,2026-06-22T17:23:48.252300+00:00,2026-06-18,data/prospective/daily_qvp/snapshots/2026-06-22T160715Z/raw,1070,1034,bf973ff3ecce3842bc807909b6a11c9ba3d11429,d3881a1328862a39dc4af32e15c4826237a09adca2da7038eafb5659ddb68bb4,3cbd5f76b124b82ce4f26fb66fcb37946580c4a15ad9e837f6f5beb2a7d3fb8d,ITW,0.5492990654205607,0.541588785046729,0.6304886603967532,0.8137065637065637,0.5191458325948856,0.528046421663443,0.4643593744461642,0.31589147286821706,0.7116782553729457,0.2964601769911504,0.5492990654205607,0.3,Illinois Tool Works Inc.,Industrials,Specialty Industrial Machinery,76464906240,264.0899963378906,489.0,491.0,2026-06-18,none,NOT_SELECTED,,
2026-06-22T160715Z,2026-06-22T16:07:15.765832+00:00,2026-06-22T17:23:48.252300+00:00,2026-06-18,data/prospective/daily_qvp/snapshots/2026-06-22T160715Z/raw,1070,1034,bf973ff3ecce3842bc807909b6a11c9ba3d11429,d3881a1328862a39dc4af32e15c4826237a09adca2da7038eafb5659ddb68bb4,3cbd5f76b124b82ce4f26fb66fcb37946580c4a15ad9e837f6f5beb2a7d3fb8d,DUOL,0.05280373831775695,0.007476635514018692,0.44903188553889484,0.32915057915057916,0.5190743100789829,0.5270793036750484,0.5965129397664444,0.8604651162790697,0.8452600327600327,0.6591591591591591,0.05280373831775695,0.8288288288288288,"Duolingo, Inc.",Technology,Software - Application,5904512512,125.55999755859376,490.0,1063.0,2026-06-18,none,NOT_SELECTED,,
2026-06-22T160715Z,2026-06-22T16:07:15.765832+00:00,2026-06-22T17:23:48.252300+00:00,2026-06-18,data/prospective/daily_qvp/snapshots/2026-06-22T160715Z/raw,1070,1034,bf973ff3ecce3842bc807909b6a11c9ba3d11429,d3881a1328862a39dc4af32e15c4826237a09adca2da7038eafb5659ddb68bb4,3cbd5f76b124b82ce4f26fb66fcb37946580c4a15ad9e837f6f5beb2a7d3fb8d,AWI,0.39999999999999997,0.30934579439252335,0.5830989254108723,0.7075289575289575,0.5190177693496277,0.5261121856866537,0.5675966603455541,0.7684108527131783,0.7661978508217446,0.3908554572271386,0.39999999999999997,0.7133333333333334,"Armstrong World Industries, Inc.",Industrials,Building Products & Equipment,6711673344,157.8800048828125,491.0,740.0,2026-06-18,none,NOT_SELECTED,,
2026-06-22T160715Z,2026-06-22T16:07:15.765832+00:00,2026-06-22T17:23:48.252300+00:00,2026-06-18,data/prospective/daily_qvp/snapshots/2026-06-22T160715Z/raw,1070,1034,bf973ff3ecce3842bc807909b6a11c9ba3d11429,d3881a1328862a39dc4af32e15c4826237a09adca2da7038eafb5659ddb68bb4,3cbd5f76b124b82ce4f26fb66fcb37946580c4a15ad9e837f6f5beb2a7d3fb8d,IDCC,0.30303738317757006,0.19205607476635514,0.5268360544061479,0.5752895752895753,0.518891703938433,0.5251450676982592,0.48601562480067156,0.39825581395348836,0.7506347256347257,0.5030030030030029,0.30303738317757006,0.3873873873873873,"InterDigital, Inc.",Technology,Software - Application,7662792192,296.0400085449219,492.0,865.0,2026-06-18,none,NOT_SELECTED,,
2026-06-22T160715Z,2026-06-22T16:07:15.765832+00:00,2026-06-22T17:23:48.252300+00:00,2026-06-18,data/prospective/daily_qvp/snapshots/2026-06-22T160715Z/raw,1070,1034,bf973ff3ecce3842bc807909b6a11c9ba3d11429,d3881a1328862a39dc4af32e15c4826237a09adca2da7038eafb5659ddb68bb4,3cbd5f76b124b82ce4f26fb66fcb37946580c4a15ad9e837f6f5beb2a7d3fb8d,EEFT,0.3,0.18878504672897195,0.3112203112203112,0.08976833976833977,0.5187915187915187,0.5241779497098646,0.4577873327873328,0.29457364341085274,0.3224406224406224,0.9339339339339339,0.3,0.27477477477477474,"Euronet Worldwide, Inc.",Technology,Software - Infrastructure,2456224512,65.83999633789062,493.0,869.0,2026-06-18,none,NOT_SELECTED,,
2026-06-22T160715Z,2026-06-22T16:07:15.765832+00:00,2026-06-22T17:23:48.252300+00:00,2026-06-18,data/prospective/daily_qvp/snapshots/2026-06-22T160715Z/raw,1070,1034,bf973ff3ecce3842bc807909b6a11c9ba3d11429,d3881a1328862a39dc4af32e15c4826237a09adca2da7038eafb5659ddb68bb4,3cbd5f76b124b82ce4f26fb66fcb37946580c4a15ad9e837f6f5beb2a7d3fb8d,JBL,0.7511682242990655,0.914018691588785,0.5236594602248807,0.5656370656370656,0.5187759764862568,0.52321083172147,0.4448252256079359,0.24031007751937986,0.2961506961506961,0.509009009009009,0.7511682242990655,0.22297297297297294,Jabil Inc.,Technology,Electronic Components,38931787776,371.8800048828125,494.0,93.0,2026-06-18,none,NOT_SELECTED,,
2026-06-22T160715Z,2026-06-22T16:07:15.765832+00:00,2026-06-22T17:23:48.252300+00:00,2026-06-18,data/prospective/daily_qvp/snapshots/2026-06-22T160715Z/raw,1070,1034,bf973ff3ecce3842bc807909b6a11c9ba3d11429,d3881a1328862a39dc4af32e15c4826237a09adca2da7038eafb5659ddb68bb4,3cbd5f76b124b82ce4f26fb66fcb37946580c4a15ad9e837f6f5beb2a7d3fb8d,DTM,0.7745327102803738,0.9570093457943926,0.6586949265687584,0.8667953667953668,0.5186817717741302,0.5222437137330754,0.5622256145448834,0.747093023255814,0.5428571428571429,0.2386554621848739,0.7745327102803738,0.6928571428571428,"DT Midstream, Inc.",Energy,Oil & Gas Midstream,14815510528,143.3000030517578,495.0,47.0,2026-06-18,none,NOT_SELECTED,,
2026-06-22T160715Z,2026-06-22T16:07:15.765832+00:00,2026-06-22T17:23:48.252300+00:00,2026-06-18,data/prospective/daily_qvp/snapshots/2026-06-22T160715Z/raw,1070,1034,bf973ff3ecce3842bc807909b6a11c9ba3d11429,d3881a1328862a39dc4af32e15c4826237a09adca2da7038eafb5659ddb68bb4,3cbd5f76b124b82ce4f26fb66fcb37946580c4a15ad9e837f6f5beb2a7d3fb8d,PBF,0.5803738317757009,0.5953271028037384,0.44197263017356475,0.3137065637065637,0.5176409504611813,0.5212765957446809,0.4587664271316003,0.29748062015503873,0.3035714285714286,0.6689775910364145,0.5803738317757009,0.2821428571428571,PBF Energy Inc.,Energy,Oil & Gas Refining & Marketing,4501636608,37.290000915527344,496.0,434.0,2026-06-18,none,NOT_SELECTED,,
2026-06-22T160715Z,2026-06-22T16:07:15.765832+00:00,2026-06-22T17:23:48.252300+00:00,2026-06-18,data/prospective/daily_qvp/snapshots/2026-06-22T160715Z/raw,1070,1034,bf973ff3ecce3842bc807909b6a11c9ba3d11429,d3881a1328862a39dc4af32e15c4826237a09adca2da7038eafb5659ddb68bb4,3cbd5f76b124b82ce4f26fb66fcb37946580c4a15ad9e837f6f5beb2a7d3fb8d,MTZ,0.7992990654205607,0.9785046728971962,0.5898458822678024,0.7277992277992278,0.517616035572832,0.5203094777562862,0.5804342489018461,0.8168604651162791,0.3803926991150442,0.3731563421828908,0.7992990654205607,0.768888888888889,"MasTec, Inc.",Industrials,Engineering & Construction,31252631552,379.6600036621094,497.0,24.0,2026-06-18,none,NOT_SELECTED,,
2026-06-22T160715Z,2026-06-22T16:07:15.765832+00:00,2026-06-22T17:23:48.252300+00:00,2026-06-18,data/prospective/daily_qvp/snapshots/2026-06-22T160715Z/raw,1070,1034,bf973ff3ecce3842bc807909b6a11c9ba3d11429,d3881a1328862a39dc4af32e15c4826237a09adca2da7038eafb5659ddb68bb4,3cbd5f76b124b82ce4f26fb66fcb37946580c4a15ad9e837f6f5beb2a7d3fb8d,ETSY,0.48434579439252334,0.43177570093457945,0.5771303333383477,0.6920849420849421,0.5175609191354927,0.5193423597678917,0.47948805462108063,0.37887596899224807,0.6699148722841721,0.3984220907297829,0.48434579439252334,0.3652694610778443,"Etsy, Inc.",Consumer Cyclical,Internet Retail,7018525184,73.94999694824219,498.0,609.0,2026-06-18,none,NOT_SELECTED,,
2026-06-22T160715Z,2026-06-22T16:07:15.765832+00:00,2026-06-22T17:23:48.252300+00:00,2026-06-18,data/prospective/daily_qvp/snapshots/2026-06-22T160715Z/raw,1070,1034,bf973ff3ecce3842bc807909b6a11c9ba3d11429,d3881a1328862a39dc4af32e15c4826237a09adca2da7038eafb5659ddb68bb4,3cbd5f76b124b82ce4f26fb66fcb37946580c4a15ad9e837f6f5beb2a7d3fb8d,EVRG,0.6838785046728972,0.7813084112149533,0.5577487204837309,0.6486486486486487,0.5168418965183442,0.5183752417794971,0.4867693534232409,0.4011627906976744,0.4316189362945646,0.43502824858757067,0.6838785046728972,0.396551724137931,"Evergy, Inc.",Utilities,Utilities - Regulated Electric,19297396736,82.5,499.0,235.0,2026-06-18,none,NOT_SELECTED,,
2026-06-22T160715Z,2026-06-22T16:07:15.765832+00:00,2026-06-22T17:23:48.252300+00:00,2026-06-18,data/prospective/daily_qvp/snapshots/2026-06-22T160715Z/raw,1070,1034,bf973ff3ecce3842bc807909b6a11c9ba3d11429,d3881a1328862a39dc4af32e15c4826237a09adca2da7038eafb5659ddb68bb4,3cbd5f76b124b82ce4f26fb66fcb37946580c4a15ad9e837f6f5beb2a7d3fb8d,DD,0.7109813084112149,0.8289719626168224,0.534657320872274,0.6023166023166023,0.5156974731741086,0.5174081237911026,0.5409397715472481,0.6492248062015504,0.3583333333333333,0.4777777777777778,0.7109813084112149,0.6166666666666667,"DuPont de Nemours, Inc.",Basic Materials,Specialty Chemicals,19527856128,47.709999084472656,500.0,184.0,2026-06-18,none,NOT_SELECTED,,
2026-06-22T160715Z,2026-06-22T16:07:15.765832+00:00,2026-06-22T17:23:48.252300+00:00,2026-06-18,data/prospective/daily_qvp/snapshots/2026-06-22T160715Z/raw,1070,1034,bf973ff3ecce3842bc807909b6a11c9ba3d11429,d3881a1328862a39dc4af32e15c4826237a09adca2da7038eafb5659ddb68bb4,3cbd5f76b124b82ce4f26fb66fcb37946580c4a15ad9e837f6f5beb2a7d3fb8d,TENB,0.39252336448598124,0.297196261682243,0.46247789845920684,0.37258687258687256,0.5150253056795112,0.5164410058027079,0.4690392495299037,0.33624031007751937,0.5324324324324324,0.6201201201201202,0.39252336448598124,0.33108108108108103,"Tenable Holdings, Inc.",Technology,Software - Infrastructure,2873511168,26.8700008392334,501.0,753.0,2026-06-18,none,NOT_SELECTED,,
2026-06-22T160715Z,2026-06-22T16:07:15.765832+00:00,2026-06-22T17:23:48.252300+00:00,2026-06-18,data/prospective/daily_qvp/snapshots/2026-06-22T160715Z/raw,1070,1034,bf973ff3ecce3842bc807909b6a11c9ba3d11429,d3881a1328862a39dc4af32e15c4826237a09adca2da7038eafb5659ddb68bb4,3cbd5f76b124b82ce4f26fb66fcb37946580c4a15ad9e837f6f5beb2a7d3fb8d,VNT,0.27499999999999997,0.16448598130841122,0.3617373054873055,0.1611969111969112,0.5149319774319774,0.5154738878143134,0.44813592001091995,0.2567829457364341,0.448474610974611,0.8213213213213213,0.27499999999999997,0.24774774774774774,Vontier Corporation,Technology,Scientific & Technical Instruments,4224352000,29.90999984741211,502.0,895.0,2026-06-18,none,NOT_SELECTED,,
2026-06-22T160715Z,2026-06-22T16:07:15.765832+00:00,2026-06-22T17:23:48.252300+00:00,2026-06-18,data/prospective/daily_qvp/snapshots/2026-06-22T160715Z/raw,1070,1034,bf973ff3ecce3842bc807909b6a11c9ba3d11429,d3881a1328862a39dc4af32e15c4826237a09adca2da7038eafb5659ddb68bb4,3cbd5f76b124b82ce4f26fb66fcb37946580c4a15ad9e837f6f5beb2a7d3fb8d,AVY,0.40934579439252333,0.3299065420560748,0.48985846962705526,0.4527027027027027,0.5146065011188915,0.5145067698259188,0.48924828901282136,0.4118217054263566,0.5703711448615871,0.5641025641025641,0.40934579439252333,0.41317365269461076,Avery Dennison Corporation,Consumer Cyclical,Packaging & Containers,12146290688,158.67999267578125,503.0,718.0,2026-06-18,none,NOT_SELECTED,,
2026-06-22T160715Z,2026-06-22T16:07:15.765832+00:00,2026-06-22T17:23:48.252300+00:00,2026-06-18,data/prospective/daily_qvp/snapshots/2026-06-22T160715Z/raw,1070,1034,bf973ff3ecce3842bc807909b6a11c9ba3d11429,d3881a1328862a39dc4af32e15c4826237a09adca2da7038eafb5659ddb68bb4,3cbd5f76b124b82ce4f26fb66fcb37946580c4a15ad9e837f6f5beb2a7d3fb8d,GFF,0.5600467289719626,0.5682242990654206,0.5012129188475489,0.4980694980694981,0.5145745909327809,0.5135396518375241,0.5064864987551412,0.48158914728682173,0.44237910872313524,0.5412979351032448,0.5600467289719626,0.48222222222222216,Griffon Corporation,Industrials,Building Products & Equipment,4181202432,91.12999725341795,504.0,463.0,2026-06-18,none,NOT_SELECTED,,
2026-06-22T160715Z,2026-06-22T16:07:15.765832+00:00,2026-06-22T17:23:48.252300+00:00,2026-06-18,data/prospective/daily_qvp/snapshots/2026-06-22T160715Z/raw,1070,1034,bf973ff3ecce3842bc807909b6a11c9ba3d11429,d3881a1328862a39dc4af32e15c4826237a09adca2da7038eafb5659ddb68bb4,3cbd5f76b124b82ce4f26fb66fcb37946580c4a15ad9e837f6f5beb2a7d3fb8d,HAS,0.6432242990654206,0.7074766355140187,0.5727286823166775,0.6833976833976834,0.5139690229251223,0.5125725338491296,0.6107761683914464,0.8992248062015504,0.5022330655679343,0.3964497041420118,0.6432242990654206,0.9011976047904191,"Hasbro, Inc.",Consumer Cyclical,Leisure,11985676288,84.73999786376953,505.0,314.0,2026-06-18,none,NOT_SELECTED,,
2026-06-22T160715Z,2026-06-22T16:07:15.765832+00:00,2026-06-22T17:23:48.252300+00:00,2026-06-18,data/prospective/daily_qvp/snapshots/2026-06-22T160715Z/raw,1070,1034,bf973ff3ecce3842bc807909b6a11c9ba3d11429,d3881a1328862a39dc4af32e15c4826237a09adca2da7038eafb5659ddb68bb4,3cbd5f76b124b82ce4f26fb66fcb37946580c4a15ad9e837f6f5beb2a7d3fb8d,OLED,0.19135514018691585,0.08317757009345794,0.45766569458158246,0.36003861003861004,0.513819171763097,0.511605415860735,0.4585625770205209,0.29651162790697677,0.723976248976249,0.6261261261261262,0.19135514018691585,0.29279279279279274,Universal Display Corporation,Technology,Electronic Components,4168309760,88.94000244140625,506.0,982.0,2026-06-18,none,NOT_SELECTED,,
2026-06-22T160715Z,2026-06-22T16:07:15.765832+00:00,2026-06-22T17:23:48.252300+00:00,2026-06-18,data/prospective/daily_qvp/snapshots/2026-06-22T160715Z/raw,1070,1034,bf973ff3ecce3842bc807909b6a11c9ba3d11429,d3881a1328862a39dc4af32e15c4826237a09adca2da7038eafb5659ddb68bb4,3cbd5f76b124b82ce4f26fb66fcb37946580c4a15ad9e837f6f5beb2a7d3fb8d,BYD,0.4785046728971962,0.4224299065420561,0.5294440367335733,0.583011583011583,0.5133834669611067,0.5106382978723404,0.4673729295621474,0.33042635658914726,0.5803834005699505,0.48126232741617353,0.4785046728971962,0.3293413173652694,Boyd Gaming Corporation,Consumer Cyclical,Resorts & Casinos,6440708608,84.68000030517578,507.0,619.0,2026-06-18,none,NOT_SELECTED,,
2026-06-22T160715Z,2026-06-22T16:07:15.765832+00:00,2026-06-22T17:23:48.252300+00:00,2026-06-18,data/prospective/daily_qvp/snapshots/2026-06-22T160715Z/raw,1070,1034,bf973ff3ecce3842bc807909b6a11c9ba3d11429,d3881a1328862a39dc4af32e15c4826237a09adca2da7038eafb5659ddb68bb4,3cbd5f76b124b82ce4f26fb66fcb37946580c4a15ad9e837f6f5beb2a7d3fb8d,CE,0.4303738317757009,0.3579439252336449,0.3464369158878504,0.12934362934362933,0.5133653513326409,0.5096711798839458,0.43085734683281407,0.1996124031007752,0.26249999999999996,0.8472222222222222,0.4303738317757009,0.1833333333333333,Celanese Corporation,Basic Materials,Chemicals,5522605568,51.15999984741211,508.0,688.0,2026-06-18,none,NOT_SELECTED,,
2026-06-22T160715Z,2026-06-22T16:07:15.765832+00:00,2026-06-22T17:23:48.252300+00:00,2026-06-18,data/prospective/daily_qvp/snapshots/2026-06-22T160715Z/raw,1070,1034,bf973ff3ecce3842bc807909b6a11c9ba3d11429,d3881a1328862a39dc4af32e15c4826237a09adca2da7038eafb5659ddb68bb4,3cbd5f76b124b82ce4f26fb66fcb37946580c4a15ad9e837f6f5beb2a7d3fb8d,PFGC,0.5565420560747663,0.5579439252336449,0.43647415303738313,0.30212355212355213,0.513204990913811,0.5087040618955513,0.5392006181853581,0.6414728682170543,0.31640625,0.6666666666666666,0.5565420560747663,0.6171875,Performance Food Group Company,Consumer Defensive,Food Distribution,16313781248,103.62000274658205,509.0,474.0,2026-06-18,none,NOT_SELECTED,,
2026-06-22T160715Z,2026-06-22T16:07:15.765832+00:00,2026-06-22T17:23:48.252300+00:00,2026-06-18,data/prospective/daily_qvp/snapshots/2026-06-22T160715Z/raw,1070,1034,bf973ff3ecce3842bc807909b6a11c9ba3d11429,d3881a1328862a39dc4af32e15c4826237a09adca2da7038eafb5659ddb68bb4,3cbd5f76b124b82ce4f26fb66fcb37946580c4a15ad9e837f6f5beb2a7d3fb8d,MTDR,0.5642523364485981,0.5757009345794393,0.5106975967957277,0.5299227799227799,0.5132008255015402,0.5077369439071566,0.4741863334118694,0.36046511627906974,0.4571428571428572,0.5182072829131652,0.5642523364485981,0.35714285714285715,Matador Resources Company,Energy,Oil & Gas E&P,6267275264,49.560001373291016,510.0,455.0,2026-06-18,none,NOT_SELECTED,,
2026-06-22T160715Z,2026-06-22T16:07:15.765832+00:00,2026-06-22T17:23:48.252300+00:00,2026-06-18,data/prospective/daily_qvp/snapshots/2026-06-22T160715Z/raw,1070,1034,bf973ff3ecce3842bc807909b6a11c9ba3d11429,d3881a1328862a39dc4af32e15c4826237a09adca2da7038eafb5659ddb68bb4,3cbd5f76b124b82ce4f26fb66fcb37946580c4a15ad9e837f6f5beb2a7d3fb8d,ACHC,0.5761682242990654,0.5897196261682243,0.4622028114327057,0.3716216216216216,0.5130414125280086,0.5067698259187621,0.4202279192993882,0.16569767441860464,0.3482373985663459,0.6147186147186147,0.5761682242990654,0.14178743961352655,"Acadia Healthcare Company, Inc.",Healthcare,Medical Care Facilities,2305613312,24.8700008392334,511.0,440.0,2026-06-18,none,NOT_SELECTED,,
2026-06-22T160715Z,2026-06-22T16:07:15.765832+00:00,2026-06-22T17:23:48.252300+00:00,2026-06-18,data/prospective/daily_qvp/snapshots/2026-06-22T160715Z/raw,1070,1034,bf973ff3ecce3842bc807909b6a11c9ba3d11429,d3881a1328862a39dc4af32e15c4826237a09adca2da7038eafb5659ddb68bb4,3cbd5f76b124b82ce4f26fb66fcb37946580c4a15ad9e837f6f5beb2a7d3fb8d,PCG,0.5771028037383177,0.591588785046729,0.4571297186429753,0.3590733590733591,0.5128510741988951,0.5058027079303675,0.4945520987526195,0.4331395348837209,0.3371566335476329,0.6242937853107345,0.5771028037383177,0.43965517241379304,PG&E Corporation,Utilities,Utilities - Regulated Electric,36545916928,16.479999542236328,512.0,438.0,2026-06-18,none,NOT_SELECTED,,
2026-06-22T160715Z,2026-06-22T16:07:15.765832+00:00,2026-06-22T17:23:48.252300+00:00,2026-06-18,data/prospective/daily_qvp/snapshots/2026-06-22T160715Z/raw,1070,1034,bf973ff3ecce3842bc807909b6a11c9ba3d11429,d3881a1328862a39dc4af32e15c4826237a09adca2da7038eafb5659ddb68bb4,3cbd5f76b124b82ce4f26fb66fcb37946580c4a15ad9e837f6f5beb2a7d3fb8d,AEO,0.28107476635514017,0.17196261682242991,0.39631616268533393,0.21235521235521235,0.5127314851827275,0.504835589941973,0.466883943228363,0.32848837209302323,0.5115575590155277,0.7455621301775149,0.28107476635514017,0.3293413173652694,"American Eagle Outfitters, Inc.",Consumer Cyclical,Apparel Retail,2976102400,17.809999465942383,513.0,887.0,2026-06-18,none,NOT_SELECTED,,
2026-06-22T160715Z,2026-06-22T16:07:15.765832+00:00,2026-06-22T17:23:48.252300+00:00,2026-06-18,data/prospective/daily_qvp/snapshots/2026-06-22T160715Z/raw,1070,1034,bf973ff3ecce3842bc807909b6a11c9ba3d11429,d3881a1328862a39dc4af32e15c4826237a09adca2da7038eafb5659ddb68bb4,3cbd5f76b124b82ce4f26fb66fcb37946580c4a15ad9e837f6f5beb2a7d3fb8d,BC,0.5570093457943925,0.5602803738317756,0.4524786554055523,0.33783783783783783,0.5126978018285536,0.5038684719535783,0.452637123826505,0.2761627906976744,0.3479479650167121,0.6331360946745562,0.5570093457943925,0.27245508982035926,Brunswick Corporation,Consumer Cyclical,Recreational Vehicles,5302239232,83.56999969482422,514.0,471.0,2026-06-18,none,NOT_SELECTED,,
2026-06-22T160715Z,2026-06-22T16:07:15.765832+00:00,2026-06-22T17:23:48.252300+00:00,2026-06-18,data/prospective/daily_qvp/snapshots/2026-06-22T160715Z/raw,1070,1034,bf973ff3ecce3842bc807909b6a11c9ba3d11429,d3881a1328862a39dc4af32e15c4826237a09adca2da7038eafb5659ddb68bb4,3cbd5f76b124b82ce4f26fb66fcb37946580c4a15ad9e837f6f5beb2a7d3fb8d,LDOS,0.2546728971962617,0.13925233644859814,0.3133008220625043,0.0916988416988417,0.51267101851214,0.5029013539651838,0.4661474080282491,0.3236434108527132,0.3719287469287469,0.9114114114114115,0.2546728971962617,0.32657657657657657,"Leidos Holdings, Inc.",Technology,Information Technology Services,12904330240,107.12000274658205,515.0,922.0,2026-06-18,none,NOT_SELECTED,,
2026-06-22T160715Z,2026-06-22T16:07:15.765832+00:00,2026-06-22T17:23:48.252300+00:00,2026-06-18,data/prospective/daily_qvp/snapshots/2026-06-22T160715Z/raw,1070,1034,bf973ff3ecce3842bc807909b6a11c9ba3d11429,d3881a1328862a39dc4af32e15c4826237a09adca2da7038eafb5659ddb68bb4,3cbd5f76b124b82ce4f26fb66fcb37946580c4a15ad9e837f6f5beb2a7d3fb8d,ADSK,0.26892523364485976,0.15794392523364487,0.5195619206717337,0.553088803088803,0.512540779947322,0.5019342359767892,0.5415001795550861,0.6521317829457365,0.7701986076986077,0.4984984984984984,0.26892523364485976,0.6283783783783784,"Autodesk, Inc.",Technology,Software - Application,39625629696,193.82000732421875,516.0,902.0,2026-06-18,none,NOT_SELECTED,,
2026-06-22T160715Z,2026-06-22T16:07:15.765832+00:00,2026-06-22T17:23:48.252300+00:00,2026-06-18,data/prospective/daily_qvp/snapshots/2026-06-22T160715Z/raw,1070,1034,bf973ff3ecce3842bc807909b6a11c9ba3d11429,d3881a1328862a39dc4af32e15c4826237a09adca2da7038eafb5659ddb68bb4,3cbd5f76b124b82ce4f26fb66fcb37946580c4a15ad9e837f6f5beb2a7d3fb8d,HXL,0.7441588785046729,0.8981308411214953,0.5765377989236385,0.6911196911196911,0.512185474601993,0.5009671179883946,0.4452502170626059,0.24127906976744187,0.40891671934260426,0.3834808259587021,0.7441588785046729,0.2444444444444444,Hexcel Corporation,Industrials,Aerospace & Defense,7495199232,97.62999725341795,517.0,109.0,2026-06-18,none,NOT_SELECTED,,
2026-06-22T160715Z,2026-06-22T16:07:15.765832+00:00,2026-06-22T17:23:48.252300+00:00,2026-06-18,data/prospective/daily_qvp/snapshots/2026-06-22T160715Z/raw,1070,1034,bf973ff3ecce3842bc807909b6a11c9ba3d11429,d3881a1328862a39dc4af32e15c4826237a09adca2da7038eafb5659ddb68bb4,3cbd5f76b124b82ce4f26fb66fcb37946580c4a15ad9e837f6f5beb2a7d3fb8d,PAY,0.15771028037383178,0.0616822429906542,0.4250723801541558,0.27606177606177607,0.5116098149976654,0.5,0.5531893432302312,0.7160852713178295,0.6924344799344799,0.6846846846846847,0.15771028037383178,0.677927927927928,"Paymentus Holdings, Inc.",Technology,Software - Infrastructure,2564215552,21.06999969482422,518.0,1005.0,2026-06-18,none,NOT_SELECTED,,
2026-06-22T160715Z,2026-06-22T16:07:15.765832+00:00,2026-06-22T17:23:48.252300+00:00,2026-06-18,data/prospective/daily_qvp/snapshots/2026-06-22T160715Z/raw,1070,1034,bf973ff3ecce3842bc807909b6a11c9ba3d11429,d3881a1328862a39dc4af32e15c4826237a09adca2da7038eafb5659ddb68bb4,3cbd5f76b124b82ce4f26fb66fcb37946580c4a15ad9e837f6f5beb2a7d3fb8d,AMKR,0.741822429906542,0.8934579439252337,0.5297615425535986,0.584942084942085,0.5113325198605572,0.4990328820116054,0.45388227277830073,0.2810077519379845,0.31770065520065516,0.47447447447447444,0.741822429906542,0.28153153153153154,"Amkor Technology, Inc.",Technology,Semiconductor Equipment & Materials,22589861888,90.45999908447266,519.0,115.0,2026-06-18,none,NOT_SELECTED,,
2026-06-22T160715Z,2026-06-22T16:07:15.765832+00:00,2026-06-22T17:23:48.252300+00:00,2026-06-18,data/prospective/daily_qvp/snapshots/2026-06-22T160715Z/raw,1070,1034,bf973ff3ecce3842bc807909b6a11c9ba3d11429,d3881a1328862a39dc4af32e15c4826237a09adca2da7038eafb5659ddb68bb4,3cbd5f76b124b82ce4f26fb66fcb37946580c4a15ad9e837f6f5beb2a7d3fb8d,AMD,0.7544392523364486,0.922429906542056,0.6714354328840311,0.8928571428571429,0.5111871854862509,0.49806576402321084,0.5720165152408143,0.7839147286821705,0.5884316134316134,0.19069069069069067,0.7544392523364486,0.7545045045045046,"Advanced Micro Devices, Inc.",Technology,Semiconductors,878282211328,537.3699951171875,520.0,84.0,2026-06-18,none,NOT_SELECTED,,
2026-06-22T160715Z,2026-06-22T16:07:15.765832+00:00,2026-06-22T17:23:48.252300+00:00,2026-06-18,data/prospective/daily_qvp/snapshots/2026-06-22T160715Z/raw,1070,1034,bf973ff3ecce3842bc807909b6a11c9ba3d11429,d3881a1328862a39dc4af32e15c4826237a09adca2da7038eafb5659ddb68bb4,3cbd5f76b124b82ce4f26fb66fcb37946580c4a15ad9e837f6f5beb2a7d3fb8d,KR,0.502803738317757,0.45514018691588787,0.4408549941588785,0.3127413127413127,0.5109172183281412,0.49709864603481624,0.4495941637461059,0.26647286821705424,0.37890625,0.6510416666666666,0.502803738317757,0.265625,The Kroger Co.,Consumer Defensive,Grocery Stores,34609979392,56.61000061035156,521.0,584.0,2026-06-18,none,NOT_SELECTED,,
2026-06-22T160715Z,2026-06-22T16:07:15.765832+00:00,2026-06-22T17:23:48.252300+00:00,2026-06-18,data/prospective/daily_qvp/snapshots/2026-06-22T160715Z/raw,1070,1034,bf973ff3ecce3842bc807909b6a11c9ba3d11429,d3881a1328862a39dc4af32e15c4826237a09adca2da7038eafb5659ddb68bb4,3cbd5f76b124b82ce4f26fb66fcb37946580c4a15ad9e837f6f5beb2a7d3fb8d,BOX,0.3011682242990654,0.19065420560747665,0.4791211719365925,0.41795366795366795,0.5106053058155862,0.4961315280464217,0.4572783036860139,0.2936046511627907,0.6570741195741195,0.5735735735735735,0.3011682242990654,0.29729729729729726,"Box, Inc.",Technology,Software - Infrastructure,3337251328,24.84000015258789,522.0,867.0,2026-06-18,none,NOT_SELECTED,,
2026-06-22T160715Z,2026-06-22T16:07:15.765832+00:00,2026-06-22T17:23:48.252300+00:00,2026-06-18,data/prospective/daily_qvp/snapshots/2026-06-22T160715Z/raw,1070,1034,bf973ff3ecce3842bc807909b6a11c9ba3d11429,d3881a1328862a39dc4af32e15c4826237a09adca2da7038eafb5659ddb68bb4,3cbd5f76b124b82ce4f26fb66fcb37946580c4a15ad9e837f6f5beb2a7d3fb8d,SPXC,0.5341121495327104,0.5163551401869159,0.6007367400634475,0.752895752895753,0.5101273448997221,0.4951644100580271,0.535928842008125,0.625968992248062,0.6673613305941846,0.32890855457227136,0.5341121495327104,0.6133333333333333,"SPX Technologies, Inc.",Industrials,Building Products & Equipment,12310443008,242.97000122070312,523.0,519.0,2026-06-18,none,NOT_SELECTED,,
2026-06-22T160715Z,2026-06-22T16:07:15.765832+00:00,2026-06-22T17:23:48.252300+00:00,2026-06-18,data/prospective/daily_qvp/snapshots/2026-06-22T160715Z/raw,1070,1034,bf973ff3ecce3842bc807909b6a11c9ba3d11429,d3881a1328862a39dc4af32e15c4826237a09adca2da7038eafb5659ddb68bb4,3cbd5f76b124b82ce4f26fb66fcb37946580c4a15ad9e837f6f5beb2a7d3fb8d,WEC,0.5953271028037382,0.6266355140186916,0.5642108921382805,0.666988416988417,0.5098505759264619,0.4941972920696325,0.5203189664276051,0.5436046511627907,0.5330946814728228,0.4011299435028248,0.5953271028037382,0.5517241379310345,"WEC Energy Group, Inc.",Utilities,Utilities - Regulated Electric,37005692928,112.16999816894533,524.0,401.0,2026-06-18,none,NOT_SELECTED,,
2026-06-22T160715Z,2026-06-22T16:07:15.765832+00:00,2026-06-22T17:23:48.252300+00:00,2026-06-18,data/prospective/daily_qvp/snapshots/2026-06-22T160715Z/raw,1070,1034,bf973ff3ecce3842bc807909b6a11c9ba3d11429,d3881a1328862a39dc4af32e15c4826237a09adca2da7038eafb5659ddb68bb4,3cbd5f76b124b82ce4f26fb66fcb37946580c4a15ad9e837f6f5beb2a7d3fb8d,CNM,0.2591121495327103,0.14672897196261683,0.40257875175750557,0.22683397683397682,0.509782098025161,0.4932301740812379,0.47955879574109295,0.3798449612403101,0.5460453539823008,0.724188790560472,0.2591121495327103,0.3888888888888889,"Core & Main, Inc.",Industrials,Industrial Distribution,9162184704,48.58000183105469,525.0,914.0,2026-06-18,none,NOT_SELECTED,,
2026-06-22T160715Z,2026-06-22T16:07:15.765832+00:00,2026-06-22T17:23:48.252300+00:00,2026-06-18,data/prospective/daily_qvp/snapshots/2026-06-22T160715Z/raw,1070,1034,bf973ff3ecce3842bc807909b6a11c9ba3d11429,d3881a1328862a39dc4af32e15c4826237a09adca2da7038eafb5659ddb68bb4,3cbd5f76b124b82ce4f26fb66fcb37946580c4a15ad9e837f6f5beb2a7d3fb8d,SDRL,0.6415887850467289,0.705607476635514,0.4707943925233644,0.39285714285714285,0.5097079330174438,0.4922630560928433,0.4626380926202256,0.31007751937984496,0.29999999999999993,0.5875350140056023,0.6415887850467289,0.3214285714285714,Seadrill Limited,Energy,Oil & Gas Drilling,2452446720,38.540000915527344,526.0,316.0,2026-06-18,none,NOT_SELECTED,,
2026-06-22T160715Z,2026-06-22T16:07:15.765832+00:00,2026-06-22T17:23:48.252300+00:00,2026-06-18,data/prospective/daily_qvp/snapshots/2026-06-22T160715Z/raw,1070,1034,bf973ff3ecce3842bc807909b6a11c9ba3d11429,d3881a1328862a39dc4af32e15c4826237a09adca2da7038eafb5659ddb68bb4,3cbd5f76b124b82ce4f26fb66fcb37946580c4a15ad9e837f6f5beb2a7d3fb8d,TXN,0.7684579439252336,0.9457943925233645,0.6569613634450082,0.861003861003861,0.5090453133677433,0.4912959381044487,0.4927074084492309,0.42344961240310075,0.545464782964783,0.21321321321321315,0.7684579439252336,0.44369369369369366,Texas Instruments Incorporated,Technology,Semiconductors,299511545856,322.8599853515625,527.0,59.0,2026-06-18,none,NOT_SELECTED,,
2026-06-22T160715Z,2026-06-22T16:07:15.765832+00:00,2026-06-22T17:23:48.252300+00:00,2026-06-18,data/prospective/daily_qvp/snapshots/2026-06-22T160715Z/raw,1070,1034,bf973ff3ecce3842bc807909b6a11c9ba3d11429,d3881a1328862a39dc4af32e15c4826237a09adca2da7038eafb5659ddb68bb4,3cbd5f76b124b82ce4f26fb66fcb37946580c4a15ad9e837f6f5beb2a7d3fb8d,DT,0.3037383177570093,0.19345794392523363,0.4855812800906259,0.4372586872586873,0.5089060385789357,0.49032882011605416,0.5410263757810486,0.6511627906976745,0.6674242424242425,0.5555555555555555,0.3037383177570093,0.6373873873873874,"Dynatrace, Inc.",Technology,Software - Application,11714409472,41.41999816894531,528.0,864.0,2026-06-18,none,NOT_SELECTED,,
2026-06-22T160715Z,2026-06-22T16:07:15.765832+00:00,2026-06-22T17:23:48.252300+00:00,2026-06-18,data/prospective/daily_qvp/snapshots/2026-06-22T160715Z/raw,1070,1034,bf973ff3ecce3842bc807909b6a11c9ba3d11429,d3881a1328862a39dc4af32e15c4826237a09adca2da7038eafb5659ddb68bb4,3cbd5f76b124b82ce4f26fb66fcb37946580c4a15ad9e837f6f5beb2a7d3fb8d,NGVT,0.622429906542056,0.6719626168224299,0.5351732866043613,0.6032818532818532,0.5086340429214261,0.48936170212765956,0.4710588655244029,0.3488372093023256,0.44791666666666663,0.45555555555555555,0.622429906542056,0.3583333333333333,Ingevity Corporation,Basic Materials,Specialty Chemicals,2593272576,73.41000366210938,529.0,352.0,2026-06-18,none,NOT_SELECTED,,
2026-06-22T160715Z,2026-06-22T16:07:15.765832+00:00,2026-06-22T17:23:48.252300+00:00,2026-06-18,data/prospective/daily_qvp/snapshots/2026-06-22T160715Z/raw,1070,1034,bf973ff3ecce3842bc807909b6a11c9ba3d11429,d3881a1328862a39dc4af32e15c4826237a09adca2da7038eafb5659ddb68bb4,3cbd5f76b124b82ce4f26fb66fcb37946580c4a15ad9e837f6f5beb2a7d3fb8d,MMSI,0.2714953271028037,0.16074766355140188,0.4014493222092962,0.22393822393822393,0.5086141224541051,0.488394584139265,0.5040048752544275,0.4728682170542636,0.5314033173157887,0.7229437229437229,0.2714953271028037,0.4901771336553945,"Merit Medical Systems, Inc.",Healthcare,Medical Instruments & Supplies,3989716480,67.22000122070312,530.0,899.0,2026-06-18,none,NOT_SELECTED,,
2026-06-22T160715Z,2026-06-22T16:07:15.765832+00:00,2026-06-22T17:23:48.252300+00:00,2026-06-18,data/prospective/daily_qvp/snapshots/2026-06-22T160715Z/raw,1070,1034,bf973ff3ecce3842bc807909b6a11c9ba3d11429,d3881a1328862a39dc4af32e15c4826237a09adca2da7038eafb5659ddb68bb4,3cbd5f76b124b82ce4f26fb66fcb37946580c4a15ad9e837f6f5beb2a7d3fb8d,DK,0.633177570093458,0.6901869158878504,0.4344459279038718,0.2972972972972973,0.5085381816277913,0.4874274661508704,0.497475064792272,0.4496124031007752,0.2357142857142857,0.6567226890756301,0.633177570093458,0.46428571428571425,"Delek US Holdings, Inc.",Energy,Oil & Gas Refining & Marketing,2550481152,41.470001220703125,531.0,333.0,2026-06-18,none,NOT_SELECTED,,
2026-06-22T160715Z,2026-06-22T16:07:15.765832+00:00,2026-06-22T17:23:48.252300+00:00,2026-06-18,data/prospective/daily_qvp/snapshots/2026-06-22T160715Z/raw,1070,1034,bf973ff3ecce3842bc807909b6a11c9ba3d11429,d3881a1328862a39dc4af32e15c4826237a09adca2da7038eafb5659ddb68bb4,3cbd5f76b124b82ce4f26fb66fcb37946580c4a15ad9e837f6f5beb2a7d3fb8d,SKYW,0.28598130841121494,0.17383177570093458,0.32295470287817385,0.09942084942084942,0.5083218176513293,0.4864603481624758,0.5767969187940525,0.8071705426356589,0.35992809734513276,0.8790560471976402,0.28598130841121494,0.7822222222222222,"SkyWest, Inc.",Industrials,Airlines,3697131264,92.62999725341795,532.0,885.0,2026-06-18,none,NOT_SELECTED,,
2026-06-22T160715Z,2026-06-22T16:07:15.765832+00:00,2026-06-22T17:23:48.252300+00:00,2026-06-18,data/prospective/daily_qvp/snapshots/2026-06-22T160715Z/raw,1070,1034,bf973ff3ecce3842bc807909b6a11c9ba3d11429,d3881a1328862a39dc4af32e15c4826237a09adca2da7038eafb5659ddb68bb4,3cbd5f76b124b82ce4f26fb66fcb37946580c4a15ad9e837f6f5beb2a7d3fb8d,VFC,0.41051401869158877,0.33271028037383177,0.42119171326846466,0.2635135135135135,0.5082763953019218,0.48549323017408125,0.5249198713267408,0.5678294573643411,0.43186940784534056,0.6824457593688362,0.41051401869158877,0.5748502994011977,V.F. Corporation,Consumer Cyclical,Apparel Manufacturing,6660091392,17.329999923706055,533.0,715.0,2026-06-18,none,NOT_SELECTED,,
2026-06-22T160715Z,2026-06-22T16:07:15.765832+00:00,2026-06-22T17:23:48.252300+00:00,2026-06-18,data/prospective/daily_qvp/snapshots/2026-06-22T160715Z/raw,1070,1034,bf973ff3ecce3842bc807909b6a11c9ba3d11429,d3881a1328862a39dc4af32e15c4826237a09adca2da7038eafb5659ddb68bb4,3cbd5f76b124b82ce4f26fb66fcb37946580c4a15ad9e837f6f5beb2a7d3fb8d,WMT,0.6633177570093458,0.7434579439252337,0.6265807535046729,0.8040540540540541,0.5079982801142263,0.48452611218568664,0.5157643350856698,0.5193798449612403,0.58984375,0.2708333333333333,0.6633177570093458,0.5390625,Walmart Inc.,Consumer Defensive,Discount Stores,935870070784,117.18000030517578,534.0,276.0,2026-06-18,none,NOT_SELECTED,,
2026-06-22T160715Z,2026-06-22T16:07:15.765832+00:00,2026-06-22T17:23:48.252300+00:00,2026-06-18,data/prospective/daily_qvp/snapshots/2026-06-22T160715Z/raw,1070,1034,bf973ff3ecce3842bc807909b6a11c9ba3d11429,d3881a1328862a39dc4af32e15c4826237a09adca2da7038eafb5659ddb68bb4,3cbd5f76b124b82ce4f26fb66fcb37946580c4a15ad9e837f6f5beb2a7d3fb8d,EXLS,0.18037383177570088,0.07663551401869159,0.3878322885332231,0.19787644787644787,0.507804108271398,0.4835589941972921,0.49628100913147644,0.44476744186046513,0.5952907452907453,0.7477477477477477,0.18037383177570088,0.4617117117117117,"ExlService Holdings, Inc.",Technology,Information Technology Services,3879158528,25.93000030517578,535.0,989.0,2026-06-18,none,NOT_SELECTED,,
2026-06-22T160715Z,2026-06-22T16:07:15.765832+00:00,2026-06-22T17:23:48.252300+00:00,2026-06-18,data/prospective/daily_qvp/snapshots/2026-06-22T160715Z/raw,1070,1034,bf973ff3ecce3842bc807909b6a11c9ba3d11429,d3881a1328862a39dc4af32e15c4826237a09adca2da7038eafb5659ddb68bb4,3cbd5f76b124b82ce4f26fb66fcb37946580c4a15ad9e837f6f5beb2a7d3fb8d,USFD,0.5857476635514018,0.6074766355140186,0.5116238317757009,0.5328185328185329,0.5077492211838006,0.4825918762088975,0.5272962908878505,0.5823643410852714,0.4375,0.5,0.5857476635514018,0.5859375,US Foods Holding Corp.,Consumer Defensive,Food Distribution,20562098176,91.91000366210938,536.0,421.0,2026-06-18,none,NOT_SELECTED,,
2026-06-22T160715Z,2026-06-22T16:07:15.765832+00:00,2026-06-22T17:23:48.252300+00:00,2026-06-18,data/prospective/daily_qvp/snapshots/2026-06-22T160715Z/raw,1070,1034,bf973ff3ecce3842bc807909b6a11c9ba3d11429,d3881a1328862a39dc4af32e15c4826237a09adca2da7038eafb5659ddb68bb4,3cbd5f76b124b82ce4f26fb66fcb37946580c4a15ad9e837f6f5beb2a7d3fb8d,URBN,0.3733644859813084,0.2738317757009346,0.484412859525969,0.43532818532818535,0.5076887834052154,0.4816247582205029,0.5806168869551092,0.8187984496124031,0.5954612330706297,0.5542406311637081,0.3733644859813084,0.7994011976047903,"Urban Outfitters, Inc.",Consumer Cyclical,Apparel Retail,6224814080,76.41999816894531,537.0,778.0,2026-06-18,none,NOT_SELECTED,,
2026-06-22T160715Z,2026-06-22T16:07:15.765832+00:00,2026-06-22T17:23:48.252300+00:00,2026-06-18,data/prospective/daily_qvp/snapshots/2026-06-22T160715Z/raw,1070,1034,bf973ff3ecce3842bc807909b6a11c9ba3d11429,d3881a1328862a39dc4af32e15c4826237a09adca2da7038eafb5659ddb68bb4,3cbd5f76b124b82ce4f26fb66fcb37946580c4a15ad9e837f6f5beb2a7d3fb8d,SOLV,0.47032710280373824,0.4121495327102804,0.467712638470407,0.388996138996139,0.5073351211736336,0.48065764023210833,0.39962372413304315,0.10949612403100775,0.46509817413707577,0.5865800865800866,0.47032710280373824,0.0764895330112721,Solventum Corporation,Healthcare,Medical Instruments & Supplies,12843069440,75.43000030517578,538.0,630.0,2026-06-18,none,NOT_SELECTED,,
2026-06-22T160715Z,2026-06-22T16:07:15.765832+00:00,2026-06-22T17:23:48.252300+00:00,2026-06-18,data/prospective/daily_qvp/snapshots/2026-06-22T160715Z/raw,1070,1034,bf973ff3ecce3842bc807909b6a11c9ba3d11429,d3881a1328862a39dc4af32e15c4826237a09adca2da7038eafb5659ddb68bb4,3cbd5f76b124b82ce4f26fb66fcb37946580c4a15ad9e837f6f5beb2a7d3fb8d,PPL,0.5581775700934579,0.564018691588785,0.5095461199386051,0.5241312741312741,0.5073056995447575,0.4796905222437137,0.5421172056930508,0.6550387596899225,0.4609146697837522,0.5028248587570622,0.5581775700934579,0.646551724137931,PPL Corporation,Utilities,Utilities - Regulated Electric,26889003008,35.380001068115234,539.0,467.0,2026-06-18,none,NOT_SELECTED,,
2026-06-22T160715Z,2026-06-22T16:07:15.765832+00:00,2026-06-22T17:23:48.252300+00:00,2026-06-18,data/prospective/daily_qvp/snapshots/2026-06-22T160715Z/raw,1070,1034,bf973ff3ecce3842bc807909b6a11c9ba3d11429,d3881a1328862a39dc4af32e15c4826237a09adca2da7038eafb5659ddb68bb4,3cbd5f76b124b82ce4f26fb66fcb37946580c4a15ad9e837f6f5beb2a7d3fb8d,RVTY,0.4404205607476635,0.37570093457943926,0.434406217445913,0.29633204633204635,0.5067758621356592,0.4787234042553192,0.44342730722976365,0.23837209302325582,0.42839187414416247,0.6515151515151515,0.4404205607476635,0.2533816425120773,"Revvity, Inc.",Healthcare,Diagnostics & Research,11177174016,100.0,540.0,669.0,2026-06-18,none,NOT_SELECTED,,
2026-06-22T160715Z,2026-06-22T16:07:15.765832+00:00,2026-06-22T17:23:48.252300+00:00,2026-06-18,data/prospective/daily_qvp/snapshots/2026-06-22T160715Z/raw,1070,1034,bf973ff3ecce3842bc807909b6a11c9ba3d11429,d3881a1328862a39dc4af32e15c4826237a09adca2da7038eafb5659ddb68bb4,3cbd5f76b124b82ce4f26fb66fcb37946580c4a15ad9e837f6f5beb2a7d3fb8d,MAT,0.18995327102803733,0.08224299065420561,0.3750962357050145,0.1833976833976834,0.5064744135469327,0.47775628626692457,0.42476598980091806,0.17829457364341086,0.5602392003819916,0.7692307692307692,0.18995327102803733,0.1796407185628742,"Mattel, Inc.",Consumer Cyclical,Leisure,4056343040,14.039999961853027,541.0,983.0,2026-06-18,none,NOT_SELECTED,,
2026-06-22T160715Z,2026-06-22T16:07:15.765832+00:00,2026-06-22T17:23:48.252300+00:00,2026-06-18,data/prospective/daily_qvp/snapshots/2026-06-22T160715Z/raw,1070,1034,bf973ff3ecce3842bc807909b6a11c9ba3d11429,d3881a1328862a39dc4af32e15c4826237a09adca2da7038eafb5659ddb68bb4,3cbd5f76b124b82ce4f26fb66fcb37946580c4a15ad9e837f6f5beb2a7d3fb8d,COST,0.6315420560747663,0.6869158878504673,0.6263179030373831,0.803088803088803,0.5060869353582554,0.47678916827852996,0.5475339515186916,0.6841085271317829,0.62109375,0.265625,0.6315420560747663,0.671875,Costco Wholesale Corporation,Consumer Defensive,Discount Stores,421264949248,951.4500122070312,542.0,336.0,2026-06-18,none,NOT_SELECTED,,
2026-06-22T160715Z,2026-06-22T16:07:15.765832+00:00,2026-06-22T17:23:48.252300+00:00,2026-06-18,data/prospective/daily_qvp/snapshots/2026-06-22T160715Z/raw,1070,1034,bf973ff3ecce3842bc807909b6a11c9ba3d11429,d3881a1328862a39dc4af32e15c4826237a09adca2da7038eafb5659ddb68bb4,3cbd5f76b124b82ce4f26fb66fcb37946580c4a15ad9e837f6f5beb2a7d3fb8d,CHD,0.5932242990654206,0.6224299065420561,0.6208308995327103,0.7915057915057915,0.5059011552440291,0.4758220502901354,0.44583211643302184,0.2441860465116279,0.6484375,0.2760416666666667,0.5932242990654206,0.265625,"Church & Dwight Co., Inc.",Consumer Defensive,Household & Personal Products,22490685440,95.62999725341795,543.0,405.0,2026-06-18,none,NOT_SELECTED,,
2026-06-22T160715Z,2026-06-22T16:07:15.765832+00:00,2026-06-22T17:23:48.252300+00:00,2026-06-18,data/prospective/daily_qvp/snapshots/2026-06-22T160715Z/raw,1070,1034,bf973ff3ecce3842bc807909b6a11c9ba3d11429,d3881a1328862a39dc4af32e15c4826237a09adca2da7038eafb5659ddb68bb4,3cbd5f76b124b82ce4f26fb66fcb37946580c4a15ad9e837f6f5beb2a7d3fb8d,CAT,0.8177570093457943,0.9878504672897196,0.6766566336235924,0.8996138996138996,0.505676693802159,0.4748549323017408,0.44814640924050814,0.25775193798449614,0.5355562579013906,0.16371681415929204,0.8177570093457943,0.27555555555555555,Caterpillar Inc.,Industrials,Farm & Heavy Construction Machinery,468392083456,985.8200073242188,544.0,14.0,2026-06-18,none,NOT_SELECTED,,
2026-06-22T160715Z,2026-06-22T16:07:15.765832+00:00,2026-06-22T17:23:48.252300+00:00,2026-06-18,data/prospective/daily_qvp/snapshots/2026-06-22T160715Z/raw,1070,1034,bf973ff3ecce3842bc807909b6a11c9ba3d11429,d3881a1328862a39dc4af32e15c4826237a09adca2da7038eafb5659ddb68bb4,3cbd5f76b124b82ce4f26fb66fcb37946580c4a15ad9e837f6f5beb2a7d3fb8d,CAKE,0.6238317757009346,0.6742990654205607,0.521800878013843,0.5588803088803089,0.5056581790309249,0.4738878143133462,0.5356807600216966,0.625,0.4197699803267514,0.4733727810650888,0.6238317757009346,0.625748502994012,The Cheesecake Factory Incorporated,Consumer Cyclical,Restaurants,3858565632,77.19000244140625,545.0,350.0,2026-06-18,none,NOT_SELECTED,,
2026-06-22T160715Z,2026-06-22T16:07:15.765832+00:00,2026-06-22T17:23:48.252300+00:00,2026-06-18,data/prospective/daily_qvp/snapshots/2026-06-22T160715Z/raw,1070,1034,bf973ff3ecce3842bc807909b6a11c9ba3d11429,d3881a1328862a39dc4af32e15c4826237a09adca2da7038eafb5659ddb68bb4,3cbd5f76b124b82ce4f26fb66fcb37946580c4a15ad9e837f6f5beb2a7d3fb8d,RTX,0.5544392523364485,0.5537383177570093,0.4919497936777059,0.4613899613899614,0.5049576795609485,0.47292069632495165,0.5748293707818225,0.7965116279069767,0.4294603350189633,0.5309734513274337,0.5544392523364485,0.7844444444444445,RTX Corporation,Industrials,Aerospace & Defense,244887650304,185.6000061035156,546.0,479.0,2026-06-18,none,NOT_SELECTED,,
2026-06-22T160715Z,2026-06-22T16:07:15.765832+00:00,2026-06-22T17:23:48.252300+00:00,2026-06-18,data/prospective/daily_qvp/snapshots/2026-06-22T160715Z/raw,1070,1034,bf973ff3ecce3842bc807909b6a11c9ba3d11429,d3881a1328862a39dc4af32e15c4826237a09adca2da7038eafb5659ddb68bb4,3cbd5f76b124b82ce4f26fb66fcb37946580c4a15ad9e837f6f5beb2a7d3fb8d,BCRX,0.4820093457943925,0.42850467289719624,0.48911852152949453,0.4498069498069498,0.5039289422029242,0.47195357833655704,0.6013162718695844,0.873062015503876,0.49622769726459653,0.5335497835497834,0.4820093457943925,0.8934782608695652,"BioCryst Pharmaceuticals, Inc.",Healthcare,Drug Manufacturers - Specialty & Generic,2347192064,8.989999771118164,547.0,613.0,2026-06-18,none,NOT_SELECTED,,
2026-06-22T160715Z,2026-06-22T16:07:15.765832+00:00,2026-06-22T17:23:48.252300+00:00,2026-06-18,data/prospective/daily_qvp/snapshots/2026-06-22T160715Z/raw,1070,1034,bf973ff3ecce3842bc807909b6a11c9ba3d11429,d3881a1328862a39dc4af32e15c4826237a09adca2da7038eafb5659ddb68bb4,3cbd5f76b124b82ce4f26fb66fcb37946580c4a15ad9e837f6f5beb2a7d3fb8d,CNR,0.3719626168224299,0.26822429906542056,0.37794559412550066,0.18629343629343628,0.5038778283899229,0.4709864603481625,0.5002297998638707,0.46027131782945735,0.3839285714285714,0.7557422969187675,0.3719626168224299,0.48928571428571427,"Core Natural Resources, Inc.",Energy,Thermal Coal,4112504576,83.56999969482422,548.0,784.0,2026-06-18,none,NOT_SELECTED,,
2026-06-22T160715Z,2026-06-22T16:07:15.765832+00:00,2026-06-22T17:23:48.252300+00:00,2026-06-18,data/prospective/daily_qvp/snapshots/2026-06-22T160715Z/raw,1070,1034,bf973ff3ecce3842bc807909b6a11c9ba3d11429,d3881a1328862a39dc4af32e15c4826237a09adca2da7038eafb5659ddb68bb4,3cbd5f76b124b82ce4f26fb66fcb37946580c4a15ad9e837f6f5beb2a7d3fb8d,SMG,0.4682242990654205,0.40841121495327104,0.49036214953271023,0.45366795366795365,0.5037599515403254,0.4700193423597679,0.5174032969885773,0.5300387596899225,0.5125,0.5305555555555556,0.4682242990654205,0.5583333333333333,The Scotts Miracle-Gro Company,Basic Materials,Agricultural Inputs,3720152832,64.69000244140625,549.0,634.0,2026-06-18,none,NOT_SELECTED,,
2026-06-22T160715Z,2026-06-22T16:07:15.765832+00:00,2026-06-22T17:23:48.252300+00:00,2026-06-18,data/prospective/daily_qvp/snapshots/2026-06-22T160715Z/raw,1070,1034,bf973ff3ecce3842bc807909b6a11c9ba3d11429,d3881a1328862a39dc4af32e15c4826237a09adca2da7038eafb5659ddb68bb4,3cbd5f76b124b82ce4f26fb66fcb37946580c4a15ad9e837f6f5beb2a7d3fb8d,OC,0.4007009345794392,0.3116822429906542,0.3535139865691128,0.1438223938223938,0.5036209271326042,0.4690522243713733,0.46604902868278647,0.3226744186046512,0.30632703855878635,0.803834808259587,0.4007009345794392,0.3533333333333333,Owens Corning,Industrials,Building Products & Equipment,10247228416,128.13999938964844,550.0,738.0,2026-06-18,none,NOT_SELECTED,,
2026-06-22T160715Z,2026-06-22T16:07:15.765832+00:00,2026-06-22T17:23:48.252300+00:00,2026-06-18,data/prospective/daily_qvp/snapshots/2026-06-22T160715Z/raw,1070,1034,bf973ff3ecce3842bc807909b6a11c9ba3d11429,d3881a1328862a39dc4af32e15c4826237a09adca2da7038eafb5659ddb68bb4,3cbd5f76b124b82ce4f26fb66fcb37946580c4a15ad9e837f6f5beb2a7d3fb8d,WDAY,0.11331775700934577,0.03551401869158879,0.370786642632437,0.17664092664092665,0.5029468508440471,0.46808510638297873,0.5359939219168192,0.6288759689922481,0.6282555282555282,0.7672672672672673,0.11331775700934577,0.6351351351351351,"Workday, Inc.",Technology,Software - Application,27890714624,116.93000030517578,551.0,1033.0,2026-06-18,none,NOT_SELECTED,,
2026-06-22T160715Z,2026-06-22T16:07:15.765832+00:00,2026-06-22T17:23:48.252300+00:00,2026-06-18,data/prospective/daily_qvp/snapshots/2026-06-22T160715Z/raw,1070,1034,bf973ff3ecce3842bc807909b6a11c9ba3d11429,d3881a1328862a39dc4af32e15c4826237a09adca2da7038eafb5659ddb68bb4,3cbd5f76b124b82ce4f26fb66fcb37946580c4a15ad9e837f6f5beb2a7d3fb8d,ENSG,0.46775700934579434,0.4074766355140187,0.42530274357282255,0.27702702702702703,0.5028713817181011,0.4671179883945841,0.5057968535188495,0.4796511627906977,0.38284847779985076,0.6580086580086579,0.46775700934579434,0.5145732689210949,"The Ensign Group, Inc.",Healthcare,Medical Care Facilities,9003805696,153.64999389648438,552.0,635.0,2026-06-18,none,NOT_SELECTED,,
2026-06-22T160715Z,2026-06-22T16:07:15.765832+00:00,2026-06-22T17:23:48.252300+00:00,2026-06-18,data/prospective/daily_qvp/snapshots/2026-06-22T160715Z/raw,1070,1034,bf973ff3ecce3842bc807909b6a11c9ba3d11429,d3881a1328862a39dc4af32e15c4826237a09adca2da7038eafb5659ddb68bb4,3cbd5f76b124b82ce4f26fb66fcb37946580c4a15ad9e837f6f5beb2a7d3fb8d,ZETA,0.4053738317757009,0.32242990654205606,0.4596125915635261,0.3638996138996139,0.5026045905718802,0.4661508704061896,0.5926065960820633,0.8498062015503876,0.5138513513513513,0.5885885885885885,0.4053738317757009,0.8626126126126126,Zeta Global Holdings Corp.,Technology,Software - Infrastructure,4496607744,18.899999618530273,553.0,726.0,2026-06-18,none,NOT_SELECTED,,
2026-06-22T160715Z,2026-06-22T16:07:15.765832+00:00,2026-06-22T17:23:48.252300+00:00,2026-06-18,data/prospective/daily_qvp/snapshots/2026-06-22T160715Z/raw,1070,1034,bf973ff3ecce3842bc807909b6a11c9ba3d11429,d3881a1328862a39dc4af32e15c4826237a09adca2da7038eafb5659ddb68bb4,3cbd5f76b124b82ce4f26fb66fcb37946580c4a15ad9e837f6f5beb2a7d3fb8d,COO,0.3350467289719626,0.22149532710280373,0.41056297885711734,0.24420849420849422,0.5024243812871403,0.46518375241779497,0.4316894614887047,0.20348837209302326,0.48607922874227216,0.6861471861471862,0.3350467289719626,0.21948470209339777,"The Cooper Companies, Inc.",Healthcare,Medical Instruments & Supplies,12791083008,65.91000366210938,554.0,834.0,2026-06-18,none,NOT_SELECTED,,
2026-06-22T160715Z,2026-06-22T16:07:15.765832+00:00,2026-06-22T17:23:48.252300+00:00,2026-06-18,data/prospective/daily_qvp/snapshots/2026-06-22T160715Z/raw,1070,1034,bf973ff3ecce3842bc807909b6a11c9ba3d11429,d3881a1328862a39dc4af32e15c4826237a09adca2da7038eafb5659ddb68bb4,3cbd5f76b124b82ce4f26fb66fcb37946580c4a15ad9e837f6f5beb2a7d3fb8d,DY,0.6738317757009346,0.7607476635514019,0.524973923564753,0.5704633204633205,0.5023916619241913,0.46421663442940037,0.5545715242209212,0.7209302325581395,0.3761160714285714,0.45722713864306774,0.6738317757009346,0.7111111111111111,"Dycom Industries, Inc.",Industrials,Engineering & Construction,13788894208,456.6499938964844,555.0,257.0,2026-06-18,none,NOT_SELECTED,,
2026-06-22T160715Z,2026-06-22T16:07:15.765832+00:00,2026-06-22T17:23:48.252300+00:00,2026-06-18,data/prospective/daily_qvp/snapshots/2026-06-22T160715Z/raw,1070,1034,bf973ff3ecce3842bc807909b6a11c9ba3d11429,d3881a1328862a39dc4af32e15c4826237a09adca2da7038eafb5659ddb68bb4,3cbd5f76b124b82ce4f26fb66fcb37946580c4a15ad9e837f6f5beb2a7d3fb8d,PPC,0.25747663551401867,0.14392523364485982,0.34944144275700934,0.138996138996139,0.5020581840602284,0.4632495164410058,0.5054498880451713,0.47674418604651164,0.44140625,0.8072916666666666,0.25747663551401867,0.515625,Pilgrim's Pride Corporation,Consumer Defensive,Packaged Foods,6395341312,27.31999969482422,556.0,917.0,2026-06-18,none,NOT_SELECTED,,
2026-06-22T160715Z,2026-06-22T16:07:15.765832+00:00,2026-06-22T17:23:48.252300+00:00,2026-06-18,data/prospective/daily_qvp/snapshots/2026-06-22T160715Z/raw,1070,1034,bf973ff3ecce3842bc807909b6a11c9ba3d11429,d3881a1328862a39dc4af32e15c4826237a09adca2da7038eafb5659ddb68bb4,3cbd5f76b124b82ce4f26fb66fcb37946580c4a15ad9e837f6f5beb2a7d3fb8d,CR,0.4934579439252337,0.44672897196261685,0.5782219397249431,0.6978764478764479,0.50200046719126,0.4622823984526112,0.5598336837267783,0.7412790697674418,0.6629859355246523,0.3495575221238938,0.4934579439252337,0.7333333333333334,Crane Company,Industrials,Specialty Industrial Machinery,12450547712,214.8999938964844,557.0,593.0,2026-06-18,none,NOT_SELECTED,,
2026-06-22T160715Z,2026-06-22T16:07:15.765832+00:00,2026-06-22T17:23:48.252300+00:00,2026-06-18,data/prospective/daily_qvp/snapshots/2026-06-22T160715Z/raw,1070,1034,bf973ff3ecce3842bc807909b6a11c9ba3d11429,d3881a1328862a39dc4af32e15c4826237a09adca2da7038eafb5659ddb68bb4,3cbd5f76b124b82ce4f26fb66fcb37946580c4a15ad9e837f6f5beb2a7d3fb8d,LMT,0.5439252336448599,0.5331775700934579,0.4790086819298888,0.416988416988417,0.5017383346592573,0.46131528046421666,0.5168593065499985,0.5261627906976745,0.41409213021491775,0.5471976401179942,0.5439252336448599,0.5622222222222222,Lockheed Martin Corporation,Industrials,Aerospace & Defense,114057519104,510.9500122070313,558.0,500.0,2026-06-18,none,NOT_SELECTED,,
2026-06-22T160715Z,2026-06-22T16:07:15.765832+00:00,2026-06-22T17:23:48.252300+00:00,2026-06-18,data/prospective/daily_qvp/snapshots/2026-06-22T160715Z/raw,1070,1034,bf973ff3ecce3842bc807909b6a11c9ba3d11429,d3881a1328862a39dc4af32e15c4826237a09adca2da7038eafb5659ddb68bb4,3cbd5f76b124b82ce4f26fb66fcb37946580c4a15ad9e837f6f5beb2a7d3fb8d,ZBRA,0.3060747663551402,0.19953271028037384,0.3695607247009116,0.17277992277992277,0.5016290717225297,0.46034816247582205,0.4471677497378432,0.250968992248062,0.433046683046683,0.7657657657657658,0.3060747663551402,0.2837837837837837,Zebra Technologies Corporation,Technology,Communication Equipment,11618141184,235.97999572753903,559.0,857.0,2026-06-18,none,NOT_SELECTED,,
2026-06-22T160715Z,2026-06-22T16:07:15.765832+00:00,2026-06-22T17:23:48.252300+00:00,2026-06-18,data/prospective/daily_qvp/snapshots/2026-06-22T160715Z/raw,1070,1034,bf973ff3ecce3842bc807909b6a11c9ba3d11429,d3881a1328862a39dc4af32e15c4826237a09adca2da7038eafb5659ddb68bb4,3cbd5f76b124b82ce4f26fb66fcb37946580c4a15ad9e837f6f5beb2a7d3fb8d,TOST,0.1245327102803738,0.04299065420560748,0.4349782716021034,0.29922779922779924,0.5011967256126134,0.45938104448742745,0.5577669135788296,0.7344961240310077,0.745423832923833,0.6336336336336337,0.1245327102803738,0.7274774774774775,"Toast, Inc.",Technology,Software - Infrastructure,13882299392,24.65999984741211,560.0,1025.0,2026-06-18,none,NOT_SELECTED,,
2026-06-22T160715Z,2026-06-22T16:07:15.765832+00:00,2026-06-22T17:23:48.252300+00:00,2026-06-18,data/prospective/daily_qvp/snapshots/2026-06-22T160715Z/raw,1070,1034,bf973ff3ecce3842bc807909b6a11c9ba3d11429,d3881a1328862a39dc4af32e15c4826237a09adca2da7038eafb5659ddb68bb4,3cbd5f76b124b82ce4f26fb66fcb37946580c4a15ad9e837f6f5beb2a7d3fb8d,KBR,0.24719626168224296,0.1308411214953271,0.3075721352659002,0.08301158301158301,0.5010166250838548,0.4584139264990329,0.4735402465906689,0.35852713178294576,0.3679480088495575,0.887905604719764,0.24719626168224296,0.3911111111111111,"KBR, Inc.",Industrials,Engineering & Construction,4061082368,32.81999969482422,561.0,931.0,2026-06-18,none,NOT_SELECTED,,
2026-06-22T160715Z,2026-06-22T16:07:15.765832+00:00,2026-06-22T17:23:48.252300+00:00,2026-06-18,data/prospective/daily_qvp/snapshots/2026-06-22T160715Z/raw,1070,1034,bf973ff3ecce3842bc807909b6a11c9ba3d11429,d3881a1328862a39dc4af32e15c4826237a09adca2da7038eafb5659ddb68bb4,3cbd5f76b124b82ce4f26fb66fcb37946580c4a15ad9e837f6f5beb2a7d3fb8d,CIEN,0.733177570093458,0.8714953271028038,0.637867450075394,0.8281853281853282,0.5008205422925048,0.4574468085106383,0.5242640553680273,0.563953488372093,0.54255733005733,0.22672672672672667,0.733177570093458,0.5945945945945946,Ciena Corporation,Technology,Communication Equipment,61860044800,428.2200012207031,562.0,139.0,2026-06-18,none,NOT_SELECTED,,
2026-06-22T160715Z,2026-06-22T16:07:15.765832+00:00,2026-06-22T17:23:48.252300+00:00,2026-06-18,data/prospective/daily_qvp/snapshots/2026-06-22T160715Z/raw,1070,1034,bf973ff3ecce3842bc807909b6a11c9ba3d11429,d3881a1328862a39dc4af32e15c4826237a09adca2da7038eafb5659ddb68bb4,3cbd5f76b124b82ce4f26fb66fcb37946580c4a15ad9e837f6f5beb2a7d3fb8d,AVPT,0.16144859813084106,0.06355140186915888,0.44717085926198075,0.32625482625482627,0.5008166088773566,0.4564796905222437,0.5794412854868461,0.813953488372093,0.7328931203931204,0.6081081081081081,0.16144859813084106,0.8153153153153153,"AvePoint, Inc.",Technology,Software - Infrastructure,2063987328,10.40999984741211,563.0,1003.0,2026-06-18,none,NOT_SELECTED,,
2026-06-22T160715Z,2026-06-22T16:07:15.765832+00:00,2026-06-22T17:23:48.252300+00:00,2026-06-18,data/prospective/daily_qvp/snapshots/2026-06-22T160715Z/raw,1070,1034,bf973ff3ecce3842bc807909b6a11c9ba3d11429,d3881a1328862a39dc4af32e15c4826237a09adca2da7038eafb5659ddb68bb4,3cbd5f76b124b82ce4f26fb66fcb37946580c4a15ad9e837f6f5beb2a7d3fb8d,CRM,0.1859813084112149,0.0794392523364486,0.3741894666544199,0.18243243243243243,0.5007108956875312,0.45551257253384914,0.48476740599988266,0.3905038759689923,0.5623976248976249,0.7537537537537538,0.1859813084112149,0.4369369369369369,"Salesforce, Inc.",Technology,Software - Application,121678839808,151.77999877929688,564.0,986.0,2026-06-18,none,NOT_SELECTED,,
2026-06-22T160715Z,2026-06-22T16:07:15.765832+00:00,2026-06-22T17:23:48.252300+00:00,2026-06-18,data/prospective/daily_qvp/snapshots/2026-06-22T160715Z/raw,1070,1034,bf973ff3ecce3842bc807909b6a11c9ba3d11429,d3881a1328862a39dc4af32e15c4826237a09adca2da7038eafb5659ddb68bb4,3cbd5f76b124b82ce4f26fb66fcb37946580c4a15ad9e837f6f5beb2a7d3fb8d,PANW,0.6628504672897196,0.7411214953271028,0.6194780591976854,0.7847490347490348,0.5005729603860445,0.45454545454545453,0.5437855761453892,0.6656976744186046,0.5761056511056512,0.2627627627627627,0.6628504672897196,0.6734234234234234,"Palo Alto Networks, Inc.",Technology,Software - Infrastructure,233342648320,287.7799987792969,565.0,278.0,2026-06-18,none,NOT_SELECTED,,
2026-06-22T160715Z,2026-06-22T16:07:15.765832+00:00,2026-06-22T17:23:48.252300+00:00,2026-06-18,data/prospective/daily_qvp/snapshots/2026-06-22T160715Z/raw,1070,1034,bf973ff3ecce3842bc807909b6a11c9ba3d11429,d3881a1328862a39dc4af32e15c4826237a09adca2da7038eafb5659ddb68bb4,3cbd5f76b124b82ce4f26fb66fcb37946580c4a15ad9e837f6f5beb2a7d3fb8d,ITRI,0.19976635514018687,0.09158878504672897,0.3061792463661622,0.08204633204633205,0.5004157938737378,0.45357833655706,0.453014548108006,0.27810077519379844,0.4125921375921376,0.8888888888888888,0.19976635514018687,0.3108108108108108,"Itron, Inc.",Technology,Scientific & Technical Instruments,3586609920,80.80999755859375,566.0,973.0,2026-06-18,none,NOT_SELECTED,,
2026-06-22T160715Z,2026-06-22T16:07:15.765832+00:00,2026-06-22T17:23:48.252300+00:00,2026-06-18,data/prospective/daily_qvp/snapshots/2026-06-22T160715Z/raw,1070,1034,bf973ff3ecce3842bc807909b6a11c9ba3d11429,d3881a1328862a39dc4af32e15c4826237a09adca2da7038eafb5659ddb68bb4,3cbd5f76b124b82ce4f26fb66fcb37946580c4a15ad9e837f6f5beb2a7d3fb8d,SSNC,0.3434579439252336,0.23271028037383176,0.3516071455907904,0.14189189189189189,0.5001705294929594,0.4526112185686654,0.4483260953179177,0.2596899224806202,0.3597563472563472,0.7972972972972974,0.3434579439252336,0.29279279279279274,"SS&C Technologies Holdings, Inc.",Technology,Software - Application,15569921024,65.41999816894531,567.0,822.0,2026-06-18,none,NOT_SELECTED,,
2026-06-22T160715Z,2026-06-22T16:07:15.765832+00:00,2026-06-22T17:23:48.252300+00:00,2026-06-18,data/prospective/daily_qvp/snapshots/2026-06-22T160715Z/raw,1070,1034,bf973ff3ecce3842bc807909b6a11c9ba3d11429,d3881a1328862a39dc4af32e15c4826237a09adca2da7038eafb5659ddb68bb4,3cbd5f76b124b82ce4f26fb66fcb37946580c4a15ad9e837f6f5beb2a7d3fb8d,GEHC,0.28411214953271025,0.17289719626168223,0.37250567855692,0.17857142857142858,0.5001408708416984,0.45164410058027077,0.4476096788961692,0.25290697674418605,0.4608992075811298,0.7554112554112553,0.28411214953271025,0.2900161030595813,GE HealthCare Technologies Inc.,Healthcare,Medical Devices,27671066624,61.59000015258789,568.0,886.0,2026-06-18,none,NOT_SELECTED,,
2026-06-22T160715Z,2026-06-22T16:07:15.765832+00:00,2026-06-22T17:23:48.252300+00:00,2026-06-18,data/prospective/daily_qvp/snapshots/2026-06-22T160715Z/raw,1070,1034,bf973ff3ecce3842bc807909b6a11c9ba3d11429,d3881a1328862a39dc4af32e15c4826237a09adca2da7038eafb5659ddb68bb4,3cbd5f76b124b82ce4f26fb66fcb37946580c4a15ad9e837f6f5beb2a7d3fb8d,MCK,0.43901869158878504,0.3719626168224299,0.4525555544484387,0.3388030888030888,0.5001164013783242,0.4506769825918762,0.49569921729783334,0.43992248062015504,0.46609241730809237,0.5952380952380952,0.43901869158878504,0.4824476650563607,McKesson Corporation,Healthcare,Medical Distribution,88030814208,750.6300048828125,569.0,673.0,2026-06-18,none,NOT_SELECTED,,
2026-06-22T160715Z,2026-06-22T16:07:15.765832+00:00,2026-06-22T17:23:48.252300+00:00,2026-06-18,data/prospective/daily_qvp/snapshots/2026-06-22T160715Z/raw,1070,1034,bf973ff3ecce3842bc807909b6a11c9ba3d11429,d3881a1328862a39dc4af32e15c4826237a09adca2da7038eafb5659ddb68bb4,3cbd5f76b124b82ce4f26fb66fcb37946580c4a15ad9e837f6f5beb2a7d3fb8d,GEN,0.3672897196261682,0.2602803738317757,0.41287295154117576,0.24806949806949807,0.4999733590855086,0.4497098646034816,0.5478403796744917,0.687984496124031,0.4584561834561834,0.6741741741741741,0.3672897196261682,0.6914414414414414,Gen Digital Inc.,Technology,Software - Infrastructure,13780674560,24.18000030517578,570.0,792.0,2026-06-18,none,NOT_SELECTED,,
2026-06-22T160715Z,2026-06-22T16:07:15.765832+00:00,2026-06-22T17:23:48.252300+00:00,2026-06-18,data/prospective/daily_qvp/snapshots/2026-06-22T160715Z/raw,1070,1034,bf973ff3ecce3842bc807909b6a11c9ba3d11429,d3881a1328862a39dc4af32e15c4826237a09adca2da7038eafb5659ddb68bb4,3cbd5f76b124b82ce4f26fb66fcb37946580c4a15ad9e837f6f5beb2a7d3fb8d,ATI,0.7411214953271028,0.891588785046729,0.6437414524675968,0.8407335907335908,0.49946578640416,0.44874274661508706,0.5334882286920088,0.6143410852713178,0.546361409608091,0.21091445427728608,0.7411214953271028,0.6355555555555557,ATI Inc.,Industrials,Metal Fabrication,27690532864,201.33999633789065,571.0,117.0,2026-06-18,none,NOT_SELECTED,,
2026-06-22T160715Z,2026-06-22T16:07:15.765832+00:00,2026-06-22T17:23:48.252300+00:00,2026-06-18,data/prospective/daily_qvp/snapshots/2026-06-22T160715Z/raw,1070,1034,bf973ff3ecce3842bc807909b6a11c9ba3d11429,d3881a1328862a39dc4af32e15c4826237a09adca2da7038eafb5659ddb68bb4,3cbd5f76b124b82ce4f26fb66fcb37946580c4a15ad9e837f6f5beb2a7d3fb8d,ALHC,0.39299065420560747,0.29813084112149535,0.4602185603912544,0.3658301158301158,0.4994530662348622,0.44777562862669246,0.5666590428323464,0.7625968992248062,0.5274464665769013,0.577922077922078,0.39299065420560747,0.7682769726247987,"Alignment Healthcare, Inc.",Healthcare,Healthcare Plans,4462349312,21.86000061035156,572.0,752.0,2026-06-18,none,NOT_SELECTED,,
2026-06-22T160715Z,2026-06-22T16:07:15.765832+00:00,2026-06-22T17:23:48.252300+00:00,2026-06-18,data/prospective/daily_qvp/snapshots/2026-06-22T160715Z/raw,1070,1034,bf973ff3ecce3842bc807909b6a11c9ba3d11429,d3881a1328862a39dc4af32e15c4826237a09adca2da7038eafb5659ddb68bb4,3cbd5f76b124b82ce4f26fb66fcb37946580c4a15ad9e837f6f5beb2a7d3fb8d,NI,0.6829439252336449,0.7794392523364486,0.5765318691042567,0.6901544401544402,0.49923216885669847,0.44680851063829785,0.5748551611252825,0.7974806201550387,0.4701198129748685,0.3446327683615819,0.6829439252336449,0.8017241379310345,NiSource Inc.,Utilities,Utilities - Regulated Gas,22859663360,47.2599983215332,573.0,237.0,2026-06-18,none,NOT_SELECTED,,
2026-06-22T160715Z,2026-06-22T16:07:15.765832+00:00,2026-06-22T17:23:48.252300+00:00,2026-06-18,data/prospective/daily_qvp/snapshots/2026-06-22T160715Z/raw,1070,1034,bf973ff3ecce3842bc807909b6a11c9ba3d11429,d3881a1328862a39dc4af32e15c4826237a09adca2da7038eafb5659ddb68bb4,3cbd5f76b124b82ce4f26fb66fcb37946580c4a15ad9e837f6f5beb2a7d3fb8d,INDV,0.672429906542056,0.7579439252336448,0.6251459355229485,0.7992277992277992,0.49901503926638124,0.4458413926499033,0.46900765626138013,0.33527131782945735,0.5778619645038409,0.24675324675324672,0.672429906542056,0.3789855072463768,"Indivior Pharmaceuticals, Inc.",Healthcare,Drug Manufacturers - Specialty & Generic,4592839168,38.29999923706055,574.0,260.0,2026-06-18,none,NOT_SELECTED,,
2026-06-22T160715Z,2026-06-22T16:07:15.765832+00:00,2026-06-22T17:23:48.252300+00:00,2026-06-18,data/prospective/daily_qvp/snapshots/2026-06-22T160715Z/raw,1070,1034,bf973ff3ecce3842bc807909b6a11c9ba3d11429,d3881a1328862a39dc4af32e15c4826237a09adca2da7038eafb5659ddb68bb4,3cbd5f76b124b82ce4f26fb66fcb37946580c4a15ad9e837f6f5beb2a7d3fb8d,AD,0.6766355140186916,0.7630841121495328,0.5781854685024365,0.696911196911197,0.4989835490499335,0.4448742746615087,0.6172932173430057,0.9089147286821705,0.4797354229861813,0.3405797101449275,0.6766355140186916,0.9722222222222222,"Array Digital Infrastructure, Inc.",Communication Services,Telecom Services,3392453632,38.86000061035156,575.0,254.0,2026-06-18,none,NOT_SELECTED,,
2026-06-22T160715Z,2026-06-22T16:07:15.765832+00:00,2026-06-22T17:23:48.252300+00:00,2026-06-18,data/prospective/daily_qvp/snapshots/2026-06-22T160715Z/raw,1070,1034,bf973ff3ecce3842bc807909b6a11c9ba3d11429,d3881a1328862a39dc4af32e15c4826237a09adca2da7038eafb5659ddb68bb4,3cbd5f76b124b82ce4f26fb66fcb37946580c4a15ad9e837f6f5beb2a7d3fb8d,SYK,0.40537383177570085,0.32149532710280376,0.5103080561891966,0.527027027027027,0.4989355295229565,0.44390715667311414,0.4718264458539726,0.35271317829457366,0.6152422806026925,0.4761904761904762,0.40537383177570085,0.3904991948470209,Stryker Corporation,Healthcare,Medical Devices,117450235904,307.79998779296875,576.0,727.0,2026-06-18,none,NOT_SELECTED,,
2026-06-22T160715Z,2026-06-22T16:07:15.765832+00:00,2026-06-22T17:23:48.252300+00:00,2026-06-18,data/prospective/daily_qvp/snapshots/2026-06-22T160715Z/raw,1070,1034,bf973ff3ecce3842bc807909b6a11c9ba3d11429,d3881a1328862a39dc4af32e15c4826237a09adca2da7038eafb5659ddb68bb4,3cbd5f76b124b82ce4f26fb66fcb37946580c4a15ad9e837f6f5beb2a7d3fb8d,CTAS,0.41752336448598126,0.3429906542056075,0.6243797685261765,0.7982625482625483,0.49884904922394063,0.44294003868471954,0.5469145646957332,0.6831395348837209,0.8312361725663717,0.24778761061946897,0.41752336448598126,0.6911111111111111,Cintas Corporation,Industrials,Specialty Business Services,68143312896,170.85000610351562,577.0,704.0,2026-06-18,none,NOT_SELECTED,,
2026-06-22T160715Z,2026-06-22T16:07:15.765832+00:00,2026-06-22T17:23:48.252300+00:00,2026-06-18,data/prospective/daily_qvp/snapshots/2026-06-22T160715Z/raw,1070,1034,bf973ff3ecce3842bc807909b6a11c9ba3d11429,d3881a1328862a39dc4af32e15c4826237a09adca2da7038eafb5659ddb68bb4,3cbd5f76b124b82ce4f26fb66fcb37946580c4a15ad9e837f6f5beb2a7d3fb8d,IPGP,0.6238317757009345,0.6728971962616822,0.4892346839192633,0.45077220077220076,0.4988291286188482,0.44197292069632493,0.4456308554731452,0.24321705426356588,0.3546375921375921,0.518018018018018,0.6238317757009345,0.286036036036036,IPG Photonics Corporation,Technology,Semiconductor Equipment & Materials,4978211840,118.01000213623048,578.0,351.0,2026-06-18,none,NOT_SELECTED,,
2026-06-22T160715Z,2026-06-22T16:07:15.765832+00:00,2026-06-22T17:23:48.252300+00:00,2026-06-18,data/prospective/daily_qvp/snapshots/2026-06-22T160715Z/raw,1070,1034,bf973ff3ecce3842bc807909b6a11c9ba3d11429,d3881a1328862a39dc4af32e15c4826237a09adca2da7038eafb5659ddb68bb4,3cbd5f76b124b82ce4f26fb66fcb37946580c4a15ad9e837f6f5beb2a7d3fb8d,MSFT,0.37126168224299066,0.2672897196261682,0.5416914471821014,0.6196911196911197,0.49876526909237184,0.4410058027079304,0.5018892671345943,0.46608527131782945,0.712121212121212,0.41291291291291293,0.37126168224299066,0.5112612612612613,Microsoft Corporation,Technology,Software - Infrastructure,2742689464320,379.3999938964844,579.0,785.0,2026-06-18,none,NOT_SELECTED,,
2026-06-22T160715Z,2026-06-22T16:07:15.765832+00:00,2026-06-22T17:23:48.252300+00:00,2026-06-18,data/prospective/daily_qvp/snapshots/2026-06-22T160715Z/raw,1070,1034,bf973ff3ecce3842bc807909b6a11c9ba3d11429,d3881a1328862a39dc4af32e15c4826237a09adca2da7038eafb5659ddb68bb4,3cbd5f76b124b82ce4f26fb66fcb37946580c4a15ad9e837f6f5beb2a7d3fb8d,META,0.32102803738317753,0.21214953271028036,0.5631640018395497,0.6631274131274131,0.49863107369013465,0.4400386847195358,0.5128621941564899,0.5125968992248062,0.8052999662959219,0.3695652173913044,0.32102803738317753,0.5555555555555556,"Meta Platforms, Inc.",Communication Services,Internet Content & Information,1426911133696,577.219970703125,580.0,844.0,2026-06-18,none,NOT_SELECTED,,
2026-06-22T160715Z,2026-06-22T16:07:15.765832+00:00,2026-06-22T17:23:48.252300+00:00,2026-06-18,data/prospective/daily_qvp/snapshots/2026-06-22T160715Z/raw,1070,1034,bf973ff3ecce3842bc807909b6a11c9ba3d11429,d3881a1328862a39dc4af32e15c4826237a09adca2da7038eafb5659ddb68bb4,3cbd5f76b124b82ce4f26fb66fcb37946580c4a15ad9e837f6f5beb2a7d3fb8d,PWR,0.7939252336448598,0.974766355140187,0.6103199177073857,0.7683397683397684,0.4983253728668706,0.43907156673114117,0.5442995852057085,0.6686046511627907,0.4267146017699115,0.2743362831858407,0.7939252336448598,0.6822222222222222,"Quanta Services, Inc.",Industrials,Engineering & Construction,109054328832,702.25,581.0,28.0,2026-06-18,none,NOT_SELECTED,,
2026-06-22T160715Z,2026-06-22T16:07:15.765832+00:00,2026-06-22T17:23:48.252300+00:00,2026-06-18,data/prospective/daily_qvp/snapshots/2026-06-22T160715Z/raw,1070,1034,bf973ff3ecce3842bc807909b6a11c9ba3d11429,d3881a1328862a39dc4af32e15c4826237a09adca2da7038eafb5659ddb68bb4,3cbd5f76b124b82ce4f26fb66fcb37946580c4a15ad9e837f6f5beb2a7d3fb8d,LSCC,0.7544392523364485,0.9214953271028037,0.6928727793213774,0.916988416988417,0.4979512222502876,0.4381044487427466,0.39936431758861657,0.10852713178294573,0.6313063063063062,0.10810810810810806,0.7544392523364485,0.10360360360360354,Lattice Semiconductor Corporation,Technology,Semiconductors,21179361280,153.72000122070312,582.0,85.0,2026-06-18,none,NOT_SELECTED,,
2026-06-22T160715Z,2026-06-22T16:07:15.765832+00:00,2026-06-22T17:23:48.252300+00:00,2026-06-18,data/prospective/daily_qvp/snapshots/2026-06-22T160715Z/raw,1070,1034,bf973ff3ecce3842bc807909b6a11c9ba3d11429,d3881a1328862a39dc4af32e15c4826237a09adca2da7038eafb5659ddb68bb4,3cbd5f76b124b82ce4f26fb66fcb37946580c4a15ad9e837f6f5beb2a7d3fb8d,AMRX,0.6630841121495327,0.7420560747663552,0.5290977826708247,0.581081081081081,0.49775350013552816,0.437137330754352,0.47681754056058334,0.36627906976744184,0.3951114531921168,0.4350649350649351,0.6630841121495327,0.41400966183574883,"Amneal Pharmaceuticals, Inc.",Healthcare,Drug Manufacturers - Specialty & Generic,5142647296,16.209999084472656,583.0,277.0,2026-06-18,none,NOT_SELECTED,,
2026-06-22T160715Z,2026-06-22T16:07:15.765832+00:00,2026-06-22T17:23:48.252300+00:00,2026-06-18,data/prospective/daily_qvp/snapshots/2026-06-22T160715Z/raw,1070,1034,bf973ff3ecce3842bc807909b6a11c9ba3d11429,d3881a1328862a39dc4af32e15c4826237a09adca2da7038eafb5659ddb68bb4,3cbd5f76b124b82ce4f26fb66fcb37946580c4a15ad9e837f6f5beb2a7d3fb8d,ALGT,0.438785046728972,0.3710280373831776,0.3229254326565214,0.09845559845559845,0.4969945362252915,0.43617021276595747,0.5266347910578575,0.5775193798449613,0.20706581858407075,0.8451327433628318,0.438785046728972,0.6155555555555556,Allegiant Travel Company,Industrials,Airlines,2762469376,100.76000213623048,584.0,674.0,2026-06-18,none,NOT_SELECTED,,
2026-06-22T160715Z,2026-06-22T16:07:15.765832+00:00,2026-06-22T17:23:48.252300+00:00,2026-06-18,data/prospective/daily_qvp/snapshots/2026-06-22T160715Z/raw,1070,1034,bf973ff3ecce3842bc807909b6a11c9ba3d11429,d3881a1328862a39dc4af32e15c4826237a09adca2da7038eafb5659ddb68bb4,3cbd5f76b124b82ce4f26fb66fcb37946580c4a15ad9e837f6f5beb2a7d3fb8d,GATX,0.5577102803738319,0.5626168224299065,0.43902126692522186,0.305984555984556,0.49671230971022656,0.43520309477756286,0.5458675656160032,0.6773255813953488,0.3203322534766119,0.612094395280236,0.5577102803738319,0.6933333333333334,GATX Corporation,Industrials,Rental & Leasing Services,6364934656,177.1699981689453,585.0,469.0,2026-06-18,none,NOT_SELECTED,,
2026-06-22T160715Z,2026-06-22T16:07:15.765832+00:00,2026-06-22T17:23:48.252300+00:00,2026-06-18,data/prospective/daily_qvp/snapshots/2026-06-22T160715Z/raw,1070,1034,bf973ff3ecce3842bc807909b6a11c9ba3d11429,d3881a1328862a39dc4af32e15c4826237a09adca2da7038eafb5659ddb68bb4,3cbd5f76b124b82ce4f26fb66fcb37946580c4a15ad9e837f6f5beb2a7d3fb8d,ROP,0.291822429906542,0.18037383177570093,0.3698004450925011,0.17471042471042472,0.49628337981141707,0.43423597678916825,0.4668071294531574,0.32751937984496127,0.44777846027846024,0.7492492492492492,0.291822429906542,0.37837837837837834,"Roper Technologies, Inc.",Technology,Software - Application,33030250496,330.260009765625,586.0,878.0,2026-06-18,none,NOT_SELECTED,,
2026-06-22T160715Z,2026-06-22T16:07:15.765832+00:00,2026-06-22T17:23:48.252300+00:00,2026-06-18,data/prospective/daily_qvp/snapshots/2026-06-22T160715Z/raw,1070,1034,bf973ff3ecce3842bc807909b6a11c9ba3d11429,d3881a1328862a39dc4af32e15c4826237a09adca2da7038eafb5659ddb68bb4,3cbd5f76b124b82ce4f26fb66fcb37946580c4a15ad9e837f6f5beb2a7d3fb8d,PCTY,0.2072429906542056,0.09719626168224299,0.385577883533491,0.19498069498069498,0.49579066109439945,0.4332688588007737,0.48501867149647526,0.39147286821705424,0.5639127764127764,0.7162162162162162,0.2072429906542056,0.45270270270270263,Paylocity Holding Corporation,Technology,Software - Application,5298987520,101.05999755859376,587.0,967.0,2026-06-18,none,NOT_SELECTED,,
2026-06-22T160715Z,2026-06-22T16:07:15.765832+00:00,2026-06-22T17:23:48.252300+00:00,2026-06-18,data/prospective/daily_qvp/snapshots/2026-06-22T160715Z/raw,1070,1034,bf973ff3ecce3842bc807909b6a11c9ba3d11429,d3881a1328862a39dc4af32e15c4826237a09adca2da7038eafb5659ddb68bb4,3cbd5f76b124b82ce4f26fb66fcb37946580c4a15ad9e837f6f5beb2a7d3fb8d,BG,0.680841121495327,0.77196261682243,0.4361236857476635,0.30115830115830117,0.4947421793873312,0.4323017408123791,0.5282831970404984,0.5862403100775194,0.19140625,0.6119791666666666,0.680841121495327,0.62890625,Bunge Global SA,Consumer Defensive,Farm Products,21733908480,112.58000183105467,588.0,245.0,2026-06-18,none,NOT_SELECTED,,
2026-06-22T160715Z,2026-06-22T16:07:15.765832+00:00,2026-06-22T17:23:48.252300+00:00,2026-06-18,data/prospective/daily_qvp/snapshots/2026-06-22T160715Z/raw,1070,1034,bf973ff3ecce3842bc807909b6a11c9ba3d11429,d3881a1328862a39dc4af32e15c4826237a09adca2da7038eafb5659ddb68bb4,3cbd5f76b124b82ce4f26fb66fcb37946580c4a15ad9e837f6f5beb2a7d3fb8d,SYNA,0.741588785046729,0.8925233644859814,0.4904862434652154,0.4555984555984556,0.494658496644478,0.43133462282398455,0.49993531392479984,0.4583333333333333,0.23938370188370184,0.5030030030030029,0.741588785046729,0.5157657657657657,Synaptics Incorporated,Technology,Semiconductors,5594736640,140.88999938964844,589.0,116.0,2026-06-18,none,NOT_SELECTED,,
2026-06-22T160715Z,2026-06-22T16:07:15.765832+00:00,2026-06-22T17:23:48.252300+00:00,2026-06-18,data/prospective/daily_qvp/snapshots/2026-06-22T160715Z/raw,1070,1034,bf973ff3ecce3842bc807909b6a11c9ba3d11429,d3881a1328862a39dc4af32e15c4826237a09adca2da7038eafb5659ddb68bb4,3cbd5f76b124b82ce4f26fb66fcb37946580c4a15ad9e837f6f5beb2a7d3fb8d,WERN,0.669392523364486,0.7542056074766356,0.43102902874924676,0.28957528957528955,0.49433400343361783,0.43036750483558994,0.43852828035299113,0.22189922480620156,0.19266553413400755,0.6209439528023598,0.669392523364486,0.2711111111111111,"Werner Enterprises, Inc.",Industrials,Trucking,2442967296,40.689998626708984,590.0,264.0,2026-06-18,none,NOT_SELECTED,,
2026-06-22T160715Z,2026-06-22T16:07:15.765832+00:00,2026-06-22T17:23:48.252300+00:00,2026-06-18,data/prospective/daily_qvp/snapshots/2026-06-22T160715Z/raw,1070,1034,bf973ff3ecce3842bc807909b6a11c9ba3d11429,d3881a1328862a39dc4af32e15c4826237a09adca2da7038eafb5659ddb68bb4,3cbd5f76b124b82ce4f26fb66fcb37946580c4a15ad9e837f6f5beb2a7d3fb8d,CXT,0.2530373831775701,0.1383177570093458,0.34390570170256507,0.1274131274131274,0.4942655513808645,0.42940038684719534,0.4784769413134261,0.37209302325581395,0.43477402022756007,0.7949852507374632,0.2530373831775701,0.4311111111111111,"Crane NXT, Co.",Industrials,Specialty Industrial Machinery,2684063744,46.93000030517578,591.0,923.0,2026-06-18,none,NOT_SELECTED,,
2026-06-22T160715Z,2026-06-22T16:07:15.765832+00:00,2026-06-22T17:23:48.252300+00:00,2026-06-18,data/prospective/daily_qvp/snapshots/2026-06-22T160715Z/raw,1070,1034,bf973ff3ecce3842bc807909b6a11c9ba3d11429,d3881a1328862a39dc4af32e15c4826237a09adca2da7038eafb5659ddb68bb4,3cbd5f76b124b82ce4f26fb66fcb37946580c4a15ad9e837f6f5beb2a7d3fb8d,MOH,0.38224299065420564,0.2803738317757009,0.3823132983753132,0.1920849420849421,0.4940530214276979,0.4284332688588008,0.45421528942020983,0.2819767441860465,0.38238360609642075,0.7175324675324676,0.38224299065420564,0.33470209339774554,"Molina Healthcare, Inc.",Healthcare,Healthcare Plans,10355395584,195.3699951171875,592.0,771.0,2026-06-18,none,NOT_SELECTED,,
2026-06-22T160715Z,2026-06-22T16:07:15.765832+00:00,2026-06-22T17:23:48.252300+00:00,2026-06-18,data/prospective/daily_qvp/snapshots/2026-06-22T160715Z/raw,1070,1034,bf973ff3ecce3842bc807909b6a11c9ba3d11429,d3881a1328862a39dc4af32e15c4826237a09adca2da7038eafb5659ddb68bb4,3cbd5f76b124b82ce4f26fb66fcb37946580c4a15ad9e837f6f5beb2a7d3fb8d,TXRH,0.5025700934579439,0.4542056074766355,0.5510386144034286,0.6341698841698842,0.4935918178863094,0.4274661508704062,0.495942366408744,0.4418604651162791,0.5995071353489133,0.37869822485207094,0.5025700934579439,0.5029940119760479,"Texas Roadhouse, Inc.",Consumer Cyclical,Restaurants,11998283776,177.75,593.0,585.0,2026-06-18,none,NOT_SELECTED,,
2026-06-22T160715Z,2026-06-22T16:07:15.765832+00:00,2026-06-22T17:23:48.252300+00:00,2026-06-18,data/prospective/daily_qvp/snapshots/2026-06-22T160715Z/raw,1070,1034,bf973ff3ecce3842bc807909b6a11c9ba3d11429,d3881a1328862a39dc4af32e15c4826237a09adca2da7038eafb5659ddb68bb4,3cbd5f76b124b82ce4f26fb66fcb37946580c4a15ad9e837f6f5beb2a7d3fb8d,HOG,0.5070093457943925,0.4635514018691589,0.411349749860767,0.24613899613899615,0.4925106156205245,0.42649903288201163,0.4621973329728784,0.30910852713178294,0.3156901539271415,0.6548323471400395,0.5070093457943925,0.37125748502994016,"Harley-Davidson, Inc.",Consumer Cyclical,Recreational Vehicles,2652761344,25.670000076293945,594.0,575.0,2026-06-18,none,NOT_SELECTED,,
2026-06-22T160715Z,2026-06-22T16:07:15.765832+00:00,2026-06-22T17:23:48.252300+00:00,2026-06-18,data/prospective/daily_qvp/snapshots/2026-06-22T160715Z/raw,1070,1034,bf973ff3ecce3842bc807909b6a11c9ba3d11429,d3881a1328862a39dc4af32e15c4826237a09adca2da7038eafb5659ddb68bb4,3cbd5f76b124b82ce4f26fb66fcb37946580c4a15ad9e837f6f5beb2a7d3fb8d,LII,0.4310747663551402,0.3598130841121495,0.5624874463886953,0.6602316602316602,0.49249408913621967,0.425531914893617,0.4649261224077203,0.31976744186046513,0.6939001264222504,0.3525073746312684,0.4310747663551402,0.38222222222222224,Lennox International Inc.,Industrials,Building Products & Equipment,18658349056,532.4299926757812,595.0,686.0,2026-06-18,none,NOT_SELECTED,,
2026-06-22T160715Z,2026-06-22T16:07:15.765832+00:00,2026-06-22T17:23:48.252300+00:00,2026-06-18,data/prospective/daily_qvp/snapshots/2026-06-22T160715Z/raw,1070,1034,bf973ff3ecce3842bc807909b6a11c9ba3d11429,d3881a1328862a39dc4af32e15c4826237a09adca2da7038eafb5659ddb68bb4,3cbd5f76b124b82ce4f26fb66fcb37946580c4a15ad9e837f6f5beb2a7d3fb8d,HAE,0.29415887850467287,0.18504672897196262,0.4017062078879723,0.2249034749034749,0.49219086297870596,0.4245647969052224,0.45970272855448036,0.3003875968992248,0.5092535372712718,0.6731601731601732,0.29415887850467287,0.3622383252818035,Haemonetics Corporation,Healthcare,Medical Devices,3335053568,74.16999816894531,596.0,873.0,2026-06-18,none,NOT_SELECTED,,
2026-06-22T160715Z,2026-06-22T16:07:15.765832+00:00,2026-06-22T17:23:48.252300+00:00,2026-06-18,data/prospective/daily_qvp/snapshots/2026-06-22T160715Z/raw,1070,1034,bf973ff3ecce3842bc807909b6a11c9ba3d11429,d3881a1328862a39dc4af32e15c4826237a09adca2da7038eafb5659ddb68bb4,3cbd5f76b124b82ce4f26fb66fcb37946580c4a15ad9e837f6f5beb2a7d3fb8d,AMGN,0.5523364485981308,0.5476635514018692,0.5440199711410869,0.6245173745173745,0.4918286099093537,0.42359767891682787,0.5055059179795194,0.47771317829457366,0.5357034936840429,0.3874458874458874,0.5523364485981308,0.5465378421900161,Amgen Inc.,Healthcare,Drug Manufacturers - General,185667747840,337.6000061035156,597.0,485.0,2026-06-18,none,NOT_SELECTED,,
2026-06-22T160715Z,2026-06-22T16:07:15.765832+00:00,2026-06-22T17:23:48.252300+00:00,2026-06-18,data/prospective/daily_qvp/snapshots/2026-06-22T160715Z/raw,1070,1034,bf973ff3ecce3842bc807909b6a11c9ba3d11429,d3881a1328862a39dc4af32e15c4826237a09adca2da7038eafb5659ddb68bb4,3cbd5f76b124b82ce4f26fb66fcb37946580c4a15ad9e837f6f5beb2a7d3fb8d,KO,0.6885514018691589,0.791588785046729,0.6645882009345794,0.8793436293436293,0.4916699117341641,0.42263056092843326,0.5210961838006231,0.5465116279069767,0.640625,0.14583333333333334,0.6885514018691589,0.609375,The Coca-Cola Company,Consumer Defensive,Beverages - Non-Alcoholic,342370025472,79.38999938964844,598.0,224.0,2026-06-18,none,NOT_SELECTED,,
2026-06-22T160715Z,2026-06-22T16:07:15.765832+00:00,2026-06-22T17:23:48.252300+00:00,2026-06-18,data/prospective/daily_qvp/snapshots/2026-06-22T160715Z/raw,1070,1034,bf973ff3ecce3842bc807909b6a11c9ba3d11429,d3881a1328862a39dc4af32e15c4826237a09adca2da7038eafb5659ddb68bb4,3cbd5f76b124b82ce4f26fb66fcb37946580c4a15ad9e837f6f5beb2a7d3fb8d,NXST,0.4051401869158878,0.3205607476635514,0.37850678596440385,0.18725868725868725,0.49146829209221127,0.42166344294003866,0.38526788573582516,0.08042635658914729,0.35187338501291987,0.7173913043478262,0.4051401869158878,0.0666666666666666,"Nexstar Media Group, Inc.",Communication Services,Broadcasting,4870048768,164.16000366210938,599.0,728.0,2026-06-18,none,NOT_SELECTED,,
2026-06-22T160715Z,2026-06-22T16:07:15.765832+00:00,2026-06-22T17:23:48.252300+00:00,2026-06-18,data/prospective/daily_qvp/snapshots/2026-06-22T160715Z/raw,1070,1034,bf973ff3ecce3842bc807909b6a11c9ba3d11429,d3881a1328862a39dc4af32e15c4826237a09adca2da7038eafb5659ddb68bb4,3cbd5f76b124b82ce4f26fb66fcb37946580c4a15ad9e837f6f5beb2a7d3fb8d,SO,0.6067757009345794,0.641588785046729,0.5450959159260858,0.6274131274131274,0.4914575409375412,0.4206963249516441,0.4698862591514318,0.34205426356589147,0.48341613091759206,0.384180790960452,0.6067757009345794,0.4051724137931034,The Southern Company,Utilities,Utilities - Regulated Electric,105695756288,93.08999633789062,600.0,385.0,2026-06-18,none,NOT_SELECTED,,
2026-06-22T160715Z,2026-06-22T16:07:15.765832+00:00,2026-06-22T17:23:48.252300+00:00,2026-06-18,data/prospective/daily_qvp/snapshots/2026-06-22T160715Z/raw,1070,1034,bf973ff3ecce3842bc807909b6a11c9ba3d11429,d3881a1328862a39dc4af32e15c4826237a09adca2da7038eafb5659ddb68bb4,3cbd5f76b124b82ce4f26fb66fcb37946580c4a15ad9e837f6f5beb2a7d3fb8d,ESI,0.7700934579439253,0.9467289719626168,0.6037967289719626,0.7577220077220077,0.4914200415368639,0.4197292069632495,0.5081483644859813,0.4893410852713178,0.4375,0.26666666666666666,0.7700934579439253,0.5583333333333333,Element Solutions Inc,Basic Materials,Specialty Chemicals,11542109184,45.970001220703125,601.0,58.0,2026-06-18,none,NOT_SELECTED,,
2026-06-22T160715Z,2026-06-22T16:07:15.765832+00:00,2026-06-22T17:23:48.252300+00:00,2026-06-18,data/prospective/daily_qvp/snapshots/2026-06-22T160715Z/raw,1070,1034,bf973ff3ecce3842bc807909b6a11c9ba3d11429,d3881a1328862a39dc4af32e15c4826237a09adca2da7038eafb5659ddb68bb4,3cbd5f76b124b82ce4f26fb66fcb37946580c4a15ad9e837f6f5beb2a7d3fb8d,TYL,0.17453271028037382,0.07336448598130842,0.40814063851447024,0.23648648648648649,0.49131297822886605,0.41876208897485495,0.47771896790588375,0.36724806201550386,0.6417485667485667,0.6576576576576576,0.17453271028037382,0.4369369369369369,"Tyler Technologies, Inc.",Technology,Software - Application,11300077568,278.9100036621094,602.0,992.0,2026-06-18,none,NOT_SELECTED,,
2026-06-22T160715Z,2026-06-22T16:07:15.765832+00:00,2026-06-22T17:23:48.252300+00:00,2026-06-18,data/prospective/daily_qvp/snapshots/2026-06-22T160715Z/raw,1070,1034,bf973ff3ecce3842bc807909b6a11c9ba3d11429,d3881a1328862a39dc4af32e15c4826237a09adca2da7038eafb5659ddb68bb4,3cbd5f76b124b82ce4f26fb66fcb37946580c4a15ad9e837f6f5beb2a7d3fb8d,FSLY,0.641588785046729,0.7065420560747664,0.45411236959134155,0.34555984555984554,0.4909297679157492,0.41779497098646035,0.5506297583692443,0.7005813953488372,0.2666359541359541,0.5645645645645646,0.641588785046729,0.7297297297297297,"Fastly, Inc.",Technology,Software - Application,2629199872,17.899999618530273,603.0,315.0,2026-06-18,none,NOT_SELECTED,,
2026-06-22T160715Z,2026-06-22T16:07:15.765832+00:00,2026-06-22T17:23:48.252300+00:00,2026-06-18,data/prospective/daily_qvp/snapshots/2026-06-22T160715Z/raw,1070,1034,bf973ff3ecce3842bc807909b6a11c9ba3d11429,d3881a1328862a39dc4af32e15c4826237a09adca2da7038eafb5659ddb68bb4,3cbd5f76b124b82ce4f26fb66fcb37946580c4a15ad9e837f6f5beb2a7d3fb8d,CSX,0.7710280373831775,0.9476635514018692,0.5952811252023347,0.7403474903474904,0.4907577216196488,0.41682785299806574,0.3919571801036255,0.09108527131782945,0.41953421302149174,0.28171091445427726,0.7710280373831775,0.09555555555555556,CSX Corporation,Industrials,Railroads,85911052288,45.630001068115234,604.0,57.0,2026-06-18,none,NOT_SELECTED,,
2026-06-22T160715Z,2026-06-22T16:07:15.765832+00:00,2026-06-22T17:23:48.252300+00:00,2026-06-18,data/prospective/daily_qvp/snapshots/2026-06-22T160715Z/raw,1070,1034,bf973ff3ecce3842bc807909b6a11c9ba3d11429,d3881a1328862a39dc4af32e15c4826237a09adca2da7038eafb5659ddb68bb4,3cbd5f76b124b82ce4f26fb66fcb37946580c4a15ad9e837f6f5beb2a7d3fb8d,AMSC,0.5275700934579439,0.505607476635514,0.5800777142384537,0.7027027027027027,0.49045495600164357,0.4158607350096712,0.5956189947790105,0.8565891472868217,0.6325853350189633,0.31120943952802355,0.5275700934579439,0.9111111111111111,American Superconductor Corporation,Industrials,Specialty Industrial Machinery,2127495424,43.400001525878906,605.0,530.0,2026-06-18,none,NOT_SELECTED,,
2026-06-22T160715Z,2026-06-22T16:07:15.765832+00:00,2026-06-22T17:23:48.252300+00:00,2026-06-18,data/prospective/daily_qvp/snapshots/2026-06-22T160715Z/raw,1070,1034,bf973ff3ecce3842bc807909b6a11c9ba3d11429,d3881a1328862a39dc4af32e15c4826237a09adca2da7038eafb5659ddb68bb4,3cbd5f76b124b82ce4f26fb66fcb37946580c4a15ad9e837f6f5beb2a7d3fb8d,POST,0.41542056074766354,0.338785046728972,0.32880403037383177,0.10424710424710425,0.49003602024922116,0.4148936170212766,0.5022926401869159,0.46705426356589147,0.2421875,0.8125,0.41542056074766354,0.5390625,"Post Holdings, Inc.",Consumer Defensive,Packaged Foods,3984761600,88.41000366210938,606.0,708.0,2026-06-18,none,NOT_SELECTED,,
2026-06-22T160715Z,2026-06-22T16:07:15.765832+00:00,2026-06-22T17:23:48.252300+00:00,2026-06-18,data/prospective/daily_qvp/snapshots/2026-06-22T160715Z/raw,1070,1034,bf973ff3ecce3842bc807909b6a11c9ba3d11429,d3881a1328862a39dc4af32e15c4826237a09adca2da7038eafb5659ddb68bb4,3cbd5f76b124b82ce4f26fb66fcb37946580c4a15ad9e837f6f5beb2a7d3fb8d,WTRG,0.5074766355140187,0.4649532710280374,0.4751366228417551,0.4063706563706564,0.49001575232764844,0.41392649903288203,0.570098021142288,0.7781007751937985,0.44279661016949157,0.519774011299435,0.5074766355140187,0.810344827586207,"Essential Utilities, Inc.",Utilities,Utilities - Regulated Water,10485911552,36.70000076293945,607.0,573.0,2026-06-18,none,NOT_SELECTED,,
2026-06-22T160715Z,2026-06-22T16:07:15.765832+00:00,2026-06-22T17:23:48.252300+00:00,2026-06-18,data/prospective/daily_qvp/snapshots/2026-06-22T160715Z/raw,1070,1034,bf973ff3ecce3842bc807909b6a11c9ba3d11429,d3881a1328862a39dc4af32e15c4826237a09adca2da7038eafb5659ddb68bb4,3cbd5f76b124b82ce4f26fb66fcb37946580c4a15ad9e837f6f5beb2a7d3fb8d,KGS,0.8485981308411215,0.9990654205607477,0.6341204939919893,0.8223938223938224,0.489880516069356,0.41295938104448743,0.5513389584805884,0.7044573643410853,0.4196428571428571,0.20140056022408956,0.8485981308411215,0.7357142857142858,"Kodiak Gas Services, Inc.",Energy,Oil & Gas Equipment & Services,7048176640,69.18000030517578,608.0,2.0,2026-06-18,none,NOT_SELECTED,,
2026-06-22T160715Z,2026-06-22T16:07:15.765832+00:00,2026-06-22T17:23:48.252300+00:00,2026-06-18,data/prospective/daily_qvp/snapshots/2026-06-22T160715Z/raw,1070,1034,bf973ff3ecce3842bc807909b6a11c9ba3d11429,d3881a1328862a39dc4af32e15c4826237a09adca2da7038eafb5659ddb68bb4,3cbd5f76b124b82ce4f26fb66fcb37946580c4a15ad9e837f6f5beb2a7d3fb8d,MANH,0.21542056074766353,0.10560747663551402,0.5536050387685901,0.6418918918918919,0.48969064646634747,0.4119922630560928,0.4483490659308417,0.2606589147286822,0.8917895167895168,0.36186186186186187,0.21542056074766353,0.3243243243243243,"Manhattan Associates, Inc.",Technology,Software - Application,7560052736,132.27999877929688,609.0,958.0,2026-06-18,none,NOT_SELECTED,,
2026-06-22T160715Z,2026-06-22T16:07:15.765832+00:00,2026-06-22T17:23:48.252300+00:00,2026-06-18,data/prospective/daily_qvp/snapshots/2026-06-22T160715Z/raw,1070,1034,bf973ff3ecce3842bc807909b6a11c9ba3d11429,d3881a1328862a39dc4af32e15c4826237a09adca2da7038eafb5659ddb68bb4,3cbd5f76b124b82ce4f26fb66fcb37946580c4a15ad9e837f6f5beb2a7d3fb8d,PAYC,0.2308411214953271,0.11682242990654206,0.4089043854814883,0.23938223938223938,0.4893196403710422,0.41102514506769827,0.423859099647651,0.17151162790697674,0.5869676494676495,0.6501501501501501,0.2308411214953271,0.22747747747747743,"Paycom Software, Inc.",Technology,Software - Application,5699230208,124.8499984741211,610.0,946.0,2026-06-18,none,NOT_SELECTED,,
2026-06-22T160715Z,2026-06-22T16:07:15.765832+00:00,2026-06-22T17:23:48.252300+00:00,2026-06-18,data/prospective/daily_qvp/snapshots/2026-06-22T160715Z/raw,1070,1034,bf973ff3ecce3842bc807909b6a11c9ba3d11429,d3881a1328862a39dc4af32e15c4826237a09adca2da7038eafb5659ddb68bb4,3cbd5f76b124b82ce4f26fb66fcb37946580c4a15ad9e837f6f5beb2a7d3fb8d,BF-B,0.36401869158878497,0.25560747663551403,0.5042749707943925,0.5115830115830116,0.48896109164070606,0.41005802707930367,0.42726769373052953,0.18604651162790697,0.64453125,0.4583333333333333,0.36401869158878497,0.2421875,Brown-Forman Corporation,Consumer Defensive,Beverages - Wineries & Distilleries,12605000704,26.63999938964844,611.0,797.0,2026-06-18,none,NOT_SELECTED,,
2026-06-22T160715Z,2026-06-22T16:07:15.765832+00:00,2026-06-22T17:23:48.252300+00:00,2026-06-18,data/prospective/daily_qvp/snapshots/2026-06-22T160715Z/raw,1070,1034,bf973ff3ecce3842bc807909b6a11c9ba3d11429,d3881a1328862a39dc4af32e15c4826237a09adca2da7038eafb5659ddb68bb4,3cbd5f76b124b82ce4f26fb66fcb37946580c4a15ad9e837f6f5beb2a7d3fb8d,ITT,0.5988317757009346,0.6289719626168224,0.5210153268517315,0.556949806949807,0.4884448295039075,0.4090909090909091,0.5091113999057084,0.4951550387596899,0.44319887800252844,0.42330383480825956,0.5988317757009346,0.5711111111111111,ITT Inc.,Industrials,Specialty Industrial Machinery,17890703360,196.80999755859375,612.0,398.0,2026-06-18,none,NOT_SELECTED,,
2026-06-22T160715Z,2026-06-22T16:07:15.765832+00:00,2026-06-22T17:23:48.252300+00:00,2026-06-18,data/prospective/daily_qvp/snapshots/2026-06-22T160715Z/raw,1070,1034,bf973ff3ecce3842bc807909b6a11c9ba3d11429,d3881a1328862a39dc4af32e15c4826237a09adca2da7038eafb5659ddb68bb4,3cbd5f76b124b82ce4f26fb66fcb37946580c4a15ad9e837f6f5beb2a7d3fb8d,AVGO,0.6264018691588785,0.6780373831775701,0.637243727372232,0.8272200772200772,0.4883927151450516,0.4081237911025145,0.5768801219443743,0.8081395348837209,0.6480855855855856,0.19069069069069064,0.6264018691588785,0.8423423423423423,Broadcom Inc.,Technology,Semiconductors,1881242468352,411.3500061035156,613.0,346.0,2026-06-18,none,NOT_SELECTED,,
2026-06-22T160715Z,2026-06-22T16:07:15.765832+00:00,2026-06-22T17:23:48.252300+00:00,2026-06-18,data/prospective/daily_qvp/snapshots/2026-06-22T160715Z/raw,1070,1034,bf973ff3ecce3842bc807909b6a11c9ba3d11429,d3881a1328862a39dc4af32e15c4826237a09adca2da7038eafb5659ddb68bb4,3cbd5f76b124b82ce4f26fb66fcb37946580c4a15ad9e837f6f5beb2a7d3fb8d,ELAN,0.47126168224299064,0.4144859813084112,0.4182279255778475,0.2548262548262548,0.48733232556560685,0.4071566731141199,0.4432971507764596,0.2374031007751938,0.3651941689127044,0.6255411255411255,0.47126168224299064,0.31119162640901765,Elanco Animal Health Incorporated,Healthcare,Drug Manufacturers - Specialty & Generic,12104160256,24.219999313354492,614.0,628.0,2026-06-18,none,NOT_SELECTED,,
2026-06-22T160715Z,2026-06-22T16:07:15.765832+00:00,2026-06-22T17:23:48.252300+00:00,2026-06-18,data/prospective/daily_qvp/snapshots/2026-06-22T160715Z/raw,1070,1034,bf973ff3ecce3842bc807909b6a11c9ba3d11429,d3881a1328862a39dc4af32e15c4826237a09adca2da7038eafb5659ddb68bb4,3cbd5f76b124b82ce4f26fb66fcb37946580c4a15ad9e837f6f5beb2a7d3fb8d,A,0.37032710280373826,0.2644859813084112,0.5004448304774846,0.4922779922779923,0.4873095406646433,0.40618955512572535,0.43210856451619584,0.20445736434108527,0.6305625581512309,0.46103896103896097,0.37032710280373826,0.26650563607085337,"Agilent Technologies, Inc.",Healthcare,Diagnostics & Research,35806720000,127.05999755859376,615.0,788.0,2026-06-18,none,NOT_SELECTED,,
2026-06-22T160715Z,2026-06-22T16:07:15.765832+00:00,2026-06-22T17:23:48.252300+00:00,2026-06-18,data/prospective/daily_qvp/snapshots/2026-06-22T160715Z/raw,1070,1034,bf973ff3ecce3842bc807909b6a11c9ba3d11429,d3881a1328862a39dc4af32e15c4826237a09adca2da7038eafb5659ddb68bb4,3cbd5f76b124b82ce4f26fb66fcb37946580c4a15ad9e837f6f5beb2a7d3fb8d,CHWY,0.09509345794392522,0.025233644859813085,0.40428443698788347,0.22972972972972974,0.48714294484267845,0.40522243713733075,0.5352673882727274,0.622093023255814,0.7134754160318417,0.6528599605522681,0.09509345794392522,0.6796407185628742,"Chewy, Inc.",Consumer Cyclical,Internet Retail,7191536128,18.209999084472656,616.0,1044.0,2026-06-18,none,NOT_SELECTED,,
2026-06-22T160715Z,2026-06-22T16:07:15.765832+00:00,2026-06-22T17:23:48.252300+00:00,2026-06-18,data/prospective/daily_qvp/snapshots/2026-06-22T160715Z/raw,1070,1034,bf973ff3ecce3842bc807909b6a11c9ba3d11429,d3881a1328862a39dc4af32e15c4826237a09adca2da7038eafb5659ddb68bb4,3cbd5f76b124b82ce4f26fb66fcb37946580c4a15ad9e837f6f5beb2a7d3fb8d,MGRC,0.5285046728971963,0.5093457943925234,0.4997977299378522,0.48841698841698844,0.4870824590932781,0.40425531914893614,0.44753406654218075,0.25193798449612403,0.47109078697850815,0.46165191740412975,0.5285046728971963,0.32888888888888884,McGrath RentCorp,Industrials,Rental & Leasing Services,2921254144,118.19000244140624,617.0,526.0,2026-06-18,none,NOT_SELECTED,,
2026-06-22T160715Z,2026-06-22T16:07:15.765832+00:00,2026-06-22T17:23:48.252300+00:00,2026-06-18,data/prospective/daily_qvp/snapshots/2026-06-22T160715Z/raw,1070,1034,bf973ff3ecce3842bc807909b6a11c9ba3d11429,d3881a1328862a39dc4af32e15c4826237a09adca2da7038eafb5659ddb68bb4,3cbd5f76b124b82ce4f26fb66fcb37946580c4a15ad9e837f6f5beb2a7d3fb8d,OTIS,0.35163551401869164,0.2411214953271028,0.48406582116863783,0.4333976833976834,0.4866731826473318,0.4032882011605416,0.4916715536521655,0.42054263565891475,0.616496128318584,0.4918879056047197,0.35163551401869164,0.5066666666666666,Otis Worldwide Corporation,Industrials,Specialty Industrial Machinery,27813658624,73.2699966430664,618.0,813.0,2026-06-18,none,NOT_SELECTED,,
2026-06-22T160715Z,2026-06-22T16:07:15.765832+00:00,2026-06-22T17:23:48.252300+00:00,2026-06-18,data/prospective/daily_qvp/snapshots/2026-06-22T160715Z/raw,1070,1034,bf973ff3ecce3842bc807909b6a11c9ba3d11429,d3881a1328862a39dc4af32e15c4826237a09adca2da7038eafb5659ddb68bb4,3cbd5f76b124b82ce4f26fb66fcb37946580c4a15ad9e837f6f5beb2a7d3fb8d,THO,0.22056074766355135,0.10747663551401869,0.3133454767198288,0.09266409266409266,0.4863460311597018,0.402321083172147,0.41416072097456674,0.14244186046511628,0.40613020577610626,0.8323471400394477,0.22056074766355135,0.19760479041916165,"THOR Industries, Inc.",Consumer Cyclical,Recreational Vehicles,3715334656,72.37999725341797,619.0,956.0,2026-06-18,none,NOT_SELECTED,,
2026-06-22T160715Z,2026-06-22T16:07:15.765832+00:00,2026-06-22T17:23:48.252300+00:00,2026-06-18,data/prospective/daily_qvp/snapshots/2026-06-22T160715Z/raw,1070,1034,bf973ff3ecce3842bc807909b6a11c9ba3d11429,d3881a1328862a39dc4af32e15c4826237a09adca2da7038eafb5659ddb68bb4,3cbd5f76b124b82ce4f26fb66fcb37946580c4a15ad9e837f6f5beb2a7d3fb8d,ABT,0.2876168224299065,0.1766355140186916,0.419347691252231,0.2577220077220077,0.4859143338506937,0.40135396518375244,0.47011207889043577,0.3449612403100775,0.5510785600745555,0.6190476190476191,0.2876168224299065,0.4227053140096618,Abbott Laboratories,Healthcare,Medical Devices,153697583104,88.41000366210938,620.0,882.0,2026-06-18,none,NOT_SELECTED,,
2026-06-22T160715Z,2026-06-22T16:07:15.765832+00:00,2026-06-22T17:23:48.252300+00:00,2026-06-18,data/prospective/daily_qvp/snapshots/2026-06-22T160715Z/raw,1070,1034,bf973ff3ecce3842bc807909b6a11c9ba3d11429,d3881a1328862a39dc4af32e15c4826237a09adca2da7038eafb5659ddb68bb4,3cbd5f76b124b82ce4f26fb66fcb37946580c4a15ad9e837f6f5beb2a7d3fb8d,OTTR,0.5941588785046729,0.625233644859813,0.4815127120083415,0.42567567567567566,0.4857085730006445,0.40038684719535783,0.4020592075282612,0.1124031007751938,0.36886654551201015,0.4941002949852507,0.5941588785046729,0.15111111111111108,Otter Tail Corporation,Industrials,Conglomerates,3713498112,87.5,621.0,402.0,2026-06-18,none,NOT_SELECTED,,
2026-06-22T160715Z,2026-06-22T16:07:15.765832+00:00,2026-06-22T17:23:48.252300+00:00,2026-06-18,data/prospective/daily_qvp/snapshots/2026-06-22T160715Z/raw,1070,1034,bf973ff3ecce3842bc807909b6a11c9ba3d11429,d3881a1328862a39dc4af32e15c4826237a09adca2da7038eafb5659ddb68bb4,3cbd5f76b124b82ce4f26fb66fcb37946580c4a15ad9e837f6f5beb2a7d3fb8d,TRGP,0.8282710280373832,0.997196261682243,0.6489569425901202,0.8494208494208494,0.4856725088789409,0.3994197292069632,0.5267543816592057,0.5784883720930233,0.4696428571428571,0.1591036414565826,0.8282710280373832,0.65,Targa Resources Corp.,Energy,Oil & Gas Midstream,55787024384,258.5799865722656,622.0,4.0,2026-06-18,none,NOT_SELECTED,,
2026-06-22T160715Z,2026-06-22T16:07:15.765832+00:00,2026-06-22T17:23:48.252300+00:00,2026-06-18,data/prospective/daily_qvp/snapshots/2026-06-22T160715Z/raw,1070,1034,bf973ff3ecce3842bc807909b6a11c9ba3d11429,d3881a1328862a39dc4af32e15c4826237a09adca2da7038eafb5659ddb68bb4,3cbd5f76b124b82ce4f26fb66fcb37946580c4a15ad9e837f6f5beb2a7d3fb8d,FBIN,0.18224299065420557,0.07757009345794393,0.3110023818631331,0.0888030888030888,0.485604341104429,0.3984526112185687,0.39642547805054396,0.09883720930232558,0.43976177307206066,0.8348082595870207,0.18224299065420557,0.12888888888888886,"Fortune Brands Innovations, Inc.",Industrials,Building Products & Equipment,5007341056,42.400001525878906,623.0,988.0,2026-06-18,none,NOT_SELECTED,,
2026-06-22T160715Z,2026-06-22T16:07:15.765832+00:00,2026-06-22T17:23:48.252300+00:00,2026-06-18,data/prospective/daily_qvp/snapshots/2026-06-22T160715Z/raw,1070,1034,bf973ff3ecce3842bc807909b6a11c9ba3d11429,d3881a1328862a39dc4af32e15c4826237a09adca2da7038eafb5659ddb68bb4,3cbd5f76b124b82ce4f26fb66fcb37946580c4a15ad9e837f6f5beb2a7d3fb8d,ISRG,0.3142523364485981,0.205607476635514,0.5799417489060125,0.7007722007722008,0.48547343144960714,0.39748549323017407,0.5176276178706192,0.5310077519379846,0.8456311613634269,0.2965367965367965,0.3142523364485981,0.6140901771336554,"Intuitive Surgical, Inc.",Healthcare,Medical Instruments & Supplies,143490842624,406.7799987792969,624.0,851.0,2026-06-18,none,NOT_SELECTED,,
2026-06-22T160715Z,2026-06-22T16:07:15.765832+00:00,2026-06-22T17:23:48.252300+00:00,2026-06-18,data/prospective/daily_qvp/snapshots/2026-06-22T160715Z/raw,1070,1034,bf973ff3ecce3842bc807909b6a11c9ba3d11429,d3881a1328862a39dc4af32e15c4826237a09adca2da7038eafb5659ddb68bb4,3cbd5f76b124b82ce4f26fb66fcb37946580c4a15ad9e837f6f5beb2a7d3fb8d,GSAT,0.6579439252336449,0.7317757009345794,0.5810588067916342,0.7046332046332047,0.4851986248176113,0.3965183752417795,0.5333434130576529,0.6133720930232558,0.5041736883496236,0.29347826086956524,0.6579439252336449,0.6777777777777778,"Globalstar, Inc.",Communication Services,Telecom Services,10274780160,80.41000366210938,625.0,288.0,2026-06-18,none,NOT_SELECTED,,
2026-06-22T160715Z,2026-06-22T16:07:15.765832+00:00,2026-06-22T17:23:48.252300+00:00,2026-06-18,data/prospective/daily_qvp/snapshots/2026-06-22T160715Z/raw,1070,1034,bf973ff3ecce3842bc807909b6a11c9ba3d11429,d3881a1328862a39dc4af32e15c4826237a09adca2da7038eafb5659ddb68bb4,3cbd5f76b124b82ce4f26fb66fcb37946580c4a15ad9e837f6f5beb2a7d3fb8d,RSG,0.4810747663551401,0.42710280373831777,0.5026709561864195,0.502895752895753,0.48506480658249024,0.3955512572533849,0.4676874938257566,0.3323643410852713,0.5242671460176991,0.4498525073746313,0.4810747663551401,0.41555555555555557,"Republic Services, Inc.",Industrials,Waste Management,63206510592,204.94000244140625,626.0,614.0,2026-06-18,none,NOT_SELECTED,,
2026-06-22T160715Z,2026-06-22T16:07:15.765832+00:00,2026-06-22T17:23:48.252300+00:00,2026-06-18,data/prospective/daily_qvp/snapshots/2026-06-22T160715Z/raw,1070,1034,bf973ff3ecce3842bc807909b6a11c9ba3d11429,d3881a1328862a39dc4af32e15c4826237a09adca2da7038eafb5659ddb68bb4,3cbd5f76b124b82ce4f26fb66fcb37946580c4a15ad9e837f6f5beb2a7d3fb8d,FA,0.3981308411214953,0.305607476635514,0.35885129287427486,0.1583011583011583,0.4850552375307358,0.3945841392649903,0.6110136503702741,0.9021317829457365,0.3195717446270544,0.7374631268436578,0.3981308411214953,0.9888888888888888,First Advantage Corporation,Industrials,Specialty Business Services,2770323200,16.06999969482422,627.0,744.0,2026-06-18,none,NOT_SELECTED,,
2026-06-22T160715Z,2026-06-22T16:07:15.765832+00:00,2026-06-22T17:23:48.252300+00:00,2026-06-18,data/prospective/daily_qvp/snapshots/2026-06-22T160715Z/raw,1070,1034,bf973ff3ecce3842bc807909b6a11c9ba3d11429,d3881a1328862a39dc4af32e15c4826237a09adca2da7038eafb5659ddb68bb4,3cbd5f76b124b82ce4f26fb66fcb37946580c4a15ad9e837f6f5beb2a7d3fb8d,CXW,0.5922897196261682,0.6177570093457944,0.4247992529862825,0.2750965250965251,0.4847727566614548,0.39361702127659576,0.5319129008294244,0.6056201550387597,0.25730878634639687,0.6047197640117994,0.5922897196261682,0.6733333333333333,"CoreCivic, Inc.",Industrials,Security & Protection Services,2945392896,28.899999618530273,628.0,410.0,2026-06-18,none,NOT_SELECTED,,
2026-06-22T160715Z,2026-06-22T16:07:15.765832+00:00,2026-06-22T17:23:48.252300+00:00,2026-06-18,data/prospective/daily_qvp/snapshots/2026-06-22T160715Z/raw,1070,1034,bf973ff3ecce3842bc807909b6a11c9ba3d11429,d3881a1328862a39dc4af32e15c4826237a09adca2da7038eafb5659ddb68bb4,3cbd5f76b124b82ce4f26fb66fcb37946580c4a15ad9e837f6f5beb2a7d3fb8d,BR,0.2572429906542056,0.14299065420560747,0.37098943144503893,0.1776061776061776,0.4845635248672631,0.39264990328820115,0.4597064274342311,0.3013565891472868,0.4847358722358722,0.7117117117117117,0.2572429906542056,0.3851351351351351,"Broadridge Financial Solutions, Inc.",Technology,Information Technology Services,15554884608,137.60000610351562,629.0,918.0,2026-06-18,none,NOT_SELECTED,,
2026-06-22T160715Z,2026-06-22T16:07:15.765832+00:00,2026-06-22T17:23:48.252300+00:00,2026-06-18,data/prospective/daily_qvp/snapshots/2026-06-22T160715Z/raw,1070,1034,bf973ff3ecce3842bc807909b6a11c9ba3d11429,d3881a1328862a39dc4af32e15c4826237a09adca2da7038eafb5659ddb68bb4,3cbd5f76b124b82ce4f26fb66fcb37946580c4a15ad9e837f6f5beb2a7d3fb8d,DDOG,0.6817757009345794,0.7766355140186916,0.6320477603771997,0.8185328185328186,0.4844282366478628,0.3916827852998066,0.4781860423507619,0.3701550387596899,0.5823198198198198,0.18918918918918914,0.6817757009345794,0.45945945945945943,"Datadog, Inc.",Technology,Software - Application,78161739776,223.0,630.0,240.0,2026-06-18,none,NOT_SELECTED,,
2026-06-22T160715Z,2026-06-22T16:07:15.765832+00:00,2026-06-22T17:23:48.252300+00:00,2026-06-18,data/prospective/daily_qvp/snapshots/2026-06-22T160715Z/raw,1070,1034,bf973ff3ecce3842bc807909b6a11c9ba3d11429,d3881a1328862a39dc4af32e15c4826237a09adca2da7038eafb5659ddb68bb4,3cbd5f76b124b82ce4f26fb66fcb37946580c4a15ad9e837f6f5beb2a7d3fb8d,DHR,0.32803738317757003,0.2177570093457944,0.4389298645119717,0.305019305019305,0.483817600872339,0.390715667311412,0.41143405411641204,0.13662790697674418,0.5498223458463734,0.5735930735930737,0.32803738317757003,0.19428341384863118,Danaher Corporation,Healthcare,Diagnostics & Research,126368907264,177.1699981689453,631.0,838.0,2026-06-18,none,NOT_SELECTED,,
2026-06-22T160715Z,2026-06-22T16:07:15.765832+00:00,2026-06-22T17:23:48.252300+00:00,2026-06-18,data/prospective/daily_qvp/snapshots/2026-06-22T160715Z/raw,1070,1034,bf973ff3ecce3842bc807909b6a11c9ba3d11429,d3881a1328862a39dc4af32e15c4826237a09adca2da7038eafb5659ddb68bb4,3cbd5f76b124b82ce4f26fb66fcb37946580c4a15ad9e837f6f5beb2a7d3fb8d,BSX,0.16191588785046726,0.06448598130841121,0.3994635492085849,0.2171814671814672,0.48348074997744034,0.3897485493230174,0.5180654739162526,0.5358527131782945,0.6370112105667025,0.6515151515151515,0.16191588785046726,0.6218196457326892,Boston Scientific Corporation,Healthcare,Medical Devices,66246852608,45.290000915527344,632.0,1002.0,2026-06-18,none,NOT_SELECTED,,
2026-06-22T160715Z,2026-06-22T16:07:15.765832+00:00,2026-06-22T17:23:48.252300+00:00,2026-06-18,data/prospective/daily_qvp/snapshots/2026-06-22T160715Z/raw,1070,1034,bf973ff3ecce3842bc807909b6a11c9ba3d11429,d3881a1328862a39dc4af32e15c4826237a09adca2da7038eafb5659ddb68bb4,3cbd5f76b124b82ce4f26fb66fcb37946580c4a15ad9e837f6f5beb2a7d3fb8d,GTLB,0.09018691588785041,0.022429906542056073,0.38883066105612835,0.1998069498069498,0.48344466492830973,0.38878143133462284,0.5759843995971333,0.8032945736434108,0.6874744062244063,0.6726726726726726,0.09018691588785041,0.8536036036036037,GitLab Inc.,Technology,Software - Infrastructure,4291748864,26.559999465942383,633.0,1047.0,2026-06-18,none,NOT_SELECTED,,
2026-06-22T160715Z,2026-06-22T16:07:15.765832+00:00,2026-06-22T17:23:48.252300+00:00,2026-06-18,data/prospective/daily_qvp/snapshots/2026-06-22T160715Z/raw,1070,1034,bf973ff3ecce3842bc807909b6a11c9ba3d11429,d3881a1328862a39dc4af32e15c4826237a09adca2da7038eafb5659ddb68bb4,3cbd5f76b124b82ce4f26fb66fcb37946580c4a15ad9e837f6f5beb2a7d3fb8d,ROL,0.40186915887850466,0.3149532710280374,0.6222981340291427,0.7963320463320464,0.48324149106216346,0.38781431334622823,0.5271017769792573,0.5813953488372093,0.8427271091797808,0.20512820512820515,0.40186915887850466,0.6586826347305389,"Rollins, Inc.",Consumer Cyclical,Personal Services,21376987136,44.959999084472656,634.0,734.0,2026-06-18,none,NOT_SELECTED,,
2026-06-22T160715Z,2026-06-22T16:07:15.765832+00:00,2026-06-22T17:23:48.252300+00:00,2026-06-18,data/prospective/daily_qvp/snapshots/2026-06-22T160715Z/raw,1070,1034,bf973ff3ecce3842bc807909b6a11c9ba3d11429,d3881a1328862a39dc4af32e15c4826237a09adca2da7038eafb5659ddb68bb4,3cbd5f76b124b82ce4f26fb66fcb37946580c4a15ad9e837f6f5beb2a7d3fb8d,VSH,0.772429906542056,0.9514018691588785,0.48802187382794854,0.4469111969111969,0.48300557354295676,0.38684719535783363,0.4067361621391995,0.125,0.20361384111384107,0.47297297297297297,0.772429906542056,0.1779279279279279,"Vishay Intertechnology, Inc.",Technology,Semiconductors,8731189248,64.9000015258789,635.0,53.0,2026-06-18,none,NOT_SELECTED,,
2026-06-22T160715Z,2026-06-22T16:07:15.765832+00:00,2026-06-22T17:23:48.252300+00:00,2026-06-18,data/prospective/daily_qvp/snapshots/2026-06-22T160715Z/raw,1070,1034,bf973ff3ecce3842bc807909b6a11c9ba3d11429,d3881a1328862a39dc4af32e15c4826237a09adca2da7038eafb5659ddb68bb4,3cbd5f76b124b82ce4f26fb66fcb37946580c4a15ad9e837f6f5beb2a7d3fb8d,PG,0.5154205607476635,0.4822429906542056,0.6073196553738318,0.7635135135135135,0.4830047702492212,0.3858800773694391,0.4892067026869159,0.4108527131782946,0.69921875,0.234375,0.5154205607476635,0.5078125,The Procter & Gamble Company,Consumer Defensive,Household & Personal Products,348265250816,150.3800048828125,636.0,555.0,2026-06-18,none,NOT_SELECTED,,
2026-06-22T160715Z,2026-06-22T16:07:15.765832+00:00,2026-06-22T17:23:48.252300+00:00,2026-06-18,data/prospective/daily_qvp/snapshots/2026-06-22T160715Z/raw,1070,1034,bf973ff3ecce3842bc807909b6a11c9ba3d11429,d3881a1328862a39dc4af32e15c4826237a09adca2da7038eafb5659ddb68bb4,3cbd5f76b124b82ce4f26fb66fcb37946580c4a15ad9e837f6f5beb2a7d3fb8d,AMR,0.40654205607476634,0.3252336448598131,0.39389602803738316,0.2084942084942085,0.48296772239529245,0.3849129593810445,0.3716007917964694,0.06589147286821706,0.38125,0.6611111111111111,0.40654205607476634,0.037500000000000006,"Alpha Metallurgical Resources, Inc.",Basic Materials,Coking Coal,2258880256,185.77000427246097,637.0,723.0,2026-06-18,none,NOT_SELECTED,,
2026-06-22T160715Z,2026-06-22T16:07:15.765832+00:00,2026-06-22T17:23:48.252300+00:00,2026-06-18,data/prospective/daily_qvp/snapshots/2026-06-22T160715Z/raw,1070,1034,bf973ff3ecce3842bc807909b6a11c9ba3d11429,d3881a1328862a39dc4af32e15c4826237a09adca2da7038eafb5659ddb68bb4,3cbd5f76b124b82ce4f26fb66fcb37946580c4a15ad9e837f6f5beb2a7d3fb8d,LLY,0.5492990654205607,0.541588785046729,0.6183877953058083,0.7818532818532818,0.4829656009109429,0.3839458413926499,0.560795054145365,0.7451550387596899,0.6874765251910561,0.21212121212121207,0.5492990654205607,0.7942834138486312,Eli Lilly and Company,Healthcare,Drug Manufacturers - General,990644469760,1098.5699462890625,638.0,492.0,2026-06-18,none,NOT_SELECTED,,
2026-06-22T160715Z,2026-06-22T16:07:15.765832+00:00,2026-06-22T17:23:48.252300+00:00,2026-06-18,data/prospective/daily_qvp/snapshots/2026-06-22T160715Z/raw,1070,1034,bf973ff3ecce3842bc807909b6a11c9ba3d11429,d3881a1328862a39dc4af32e15c4826237a09adca2da7038eafb5659ddb68bb4,3cbd5f76b124b82ce4f26fb66fcb37946580c4a15ad9e837f6f5beb2a7d3fb8d,HRL,0.40817757009345795,0.32710280373831774,0.401354410046729,0.22297297297297297,0.48284738447559716,0.3829787234042553,0.4422136633566979,0.23255813953488372,0.39453125,0.6458333333333334,0.40817757009345795,0.3203125,Hormel Foods Corporation,Consumer Defensive,Packaged Foods,13404923904,24.15999984741211,639.0,721.0,2026-06-18,none,NOT_SELECTED,,
2026-06-22T160715Z,2026-06-22T16:07:15.765832+00:00,2026-06-22T17:23:48.252300+00:00,2026-06-18,data/prospective/daily_qvp/snapshots/2026-06-22T160715Z/raw,1070,1034,bf973ff3ecce3842bc807909b6a11c9ba3d11429,d3881a1328862a39dc4af32e15c4826237a09adca2da7038eafb5659ddb68bb4,3cbd5f76b124b82ce4f26fb66fcb37946580c4a15ad9e837f6f5beb2a7d3fb8d,DCO,0.7869158878504672,0.9691588785046729,0.5338607173133498,0.5984555984555985,0.48275080269267573,0.3820116054158607,0.5359519909083956,0.626937984496124,0.2808055467762326,0.3805309734513274,0.7869158878504672,0.6955555555555556,Ducommun Incorporated,Industrials,Aerospace & Defense,2487834880,164.1199951171875,640.0,34.0,2026-06-18,none,NOT_SELECTED,,
2026-06-22T160715Z,2026-06-22T16:07:15.765832+00:00,2026-06-22T17:23:48.252300+00:00,2026-06-18,data/prospective/daily_qvp/snapshots/2026-06-22T160715Z/raw,1070,1034,bf973ff3ecce3842bc807909b6a11c9ba3d11429,d3881a1328862a39dc4af32e15c4826237a09adca2da7038eafb5659ddb68bb4,3cbd5f76b124b82ce4f26fb66fcb37946580c4a15ad9e837f6f5beb2a7d3fb8d,CC,0.6883177570093458,0.7906542056074767,0.4545755451713396,0.34942084942084944,0.4826799930771893,0.38104448742746616,0.424509994807892,0.17635658914728683,0.22083333333333327,0.5388888888888889,0.6883177570093458,0.25,The Chemours Company,Basic Materials,Specialty Chemicals,3203060480,21.770000457763672,641.0,225.0,2026-06-18,none,NOT_SELECTED,,
2026-06-22T160715Z,2026-06-22T16:07:15.765832+00:00,2026-06-22T17:23:48.252300+00:00,2026-06-18,data/prospective/daily_qvp/snapshots/2026-06-22T160715Z/raw,1070,1034,bf973ff3ecce3842bc807909b6a11c9ba3d11429,d3881a1328862a39dc4af32e15c4826237a09adca2da7038eafb5659ddb68bb4,3cbd5f76b124b82ce4f26fb66fcb37946580c4a15ad9e837f6f5beb2a7d3fb8d,BALL,0.5542056074766355,0.5523364485981308,0.45426628109467854,0.3474903474903475,0.4823313668836318,0.38007736943907156,0.5503712796537419,0.6996124031007752,0.3543269547127216,0.5384615384615384,0.5542056074766355,0.7544910179640718,Ball Corporation,Consumer Cyclical,Packaging & Containers,15516846080,57.720001220703125,642.0,480.0,2026-06-18,none,NOT_SELECTED,,
2026-06-22T160715Z,2026-06-22T16:07:15.765832+00:00,2026-06-22T17:23:48.252300+00:00,2026-06-18,data/prospective/daily_qvp/snapshots/2026-06-22T160715Z/raw,1070,1034,bf973ff3ecce3842bc807909b6a11c9ba3d11429,d3881a1328862a39dc4af32e15c4826237a09adca2da7038eafb5659ddb68bb4,3cbd5f76b124b82ce4f26fb66fcb37946580c4a15ad9e837f6f5beb2a7d3fb8d,EAT,0.3436915887850467,0.2336448598130841,0.4675902891308573,0.38706563706563707,0.48135210596889505,0.379110251450677,0.5937985106143958,0.8507751937984496,0.591488989476668,0.5088757396449705,0.3436915887850467,0.9311377245508983,"Brinker International, Inc.",Consumer Cyclical,Restaurants,7099216384,164.88999938964844,643.0,821.0,2026-06-18,none,NOT_SELECTED,,
2026-06-22T160715Z,2026-06-22T16:07:15.765832+00:00,2026-06-22T17:23:48.252300+00:00,2026-06-18,data/prospective/daily_qvp/snapshots/2026-06-22T160715Z/raw,1070,1034,bf973ff3ecce3842bc807909b6a11c9ba3d11429,d3881a1328862a39dc4af32e15c4826237a09adca2da7038eafb5659ddb68bb4,3cbd5f76b124b82ce4f26fb66fcb37946580c4a15ad9e837f6f5beb2a7d3fb8d,MTRN,0.7894859813084112,0.9710280373831776,0.6051596573208723,0.7615830115830116,0.4812175493250259,0.3781431334622824,0.4859131619937695,0.3963178294573643,0.42083333333333334,0.2333333333333333,0.7894859813084112,0.5,Materion Corporation,Basic Materials,Other Industrial Metals & Mining,5764091392,274.9800109863281,644.0,32.0,2026-06-18,none,NOT_SELECTED,,
2026-06-22T160715Z,2026-06-22T16:07:15.765832+00:00,2026-06-22T17:23:48.252300+00:00,2026-06-18,data/prospective/daily_qvp/snapshots/2026-06-22T160715Z/raw,1070,1034,bf973ff3ecce3842bc807909b6a11c9ba3d11429,d3881a1328862a39dc4af32e15c4826237a09adca2da7038eafb5659ddb68bb4,3cbd5f76b124b82ce4f26fb66fcb37946580c4a15ad9e837f6f5beb2a7d3fb8d,FORM,0.7481308411214954,0.9093457943925234,0.618854527849855,0.7828185328185329,0.4811382538018052,0.3771760154738878,0.4503807173783809,0.2693798449612403,0.4895782145782145,0.20570570570570568,0.7481308411214954,0.35810810810810806,"FormFactor, Inc.",Technology,Semiconductor Equipment & Materials,11935654912,149.5500030517578,645.0,98.0,2026-06-18,none,NOT_SELECTED,,
2026-06-22T160715Z,2026-06-22T16:07:15.765832+00:00,2026-06-22T17:23:48.252300+00:00,2026-06-18,data/prospective/daily_qvp/snapshots/2026-06-22T160715Z/raw,1070,1034,bf973ff3ecce3842bc807909b6a11c9ba3d11429,d3881a1328862a39dc4af32e15c4826237a09adca2da7038eafb5659ddb68bb4,3cbd5f76b124b82ce4f26fb66fcb37946580c4a15ad9e837f6f5beb2a7d3fb8d,GOLF,0.6549065420560747,0.7289719626168224,0.5816596195313688,0.7055984555984556,0.48113271150874953,0.37620889748549324,0.46863396476928665,0.33430232558139533,0.5084126970066629,0.28007889546351084,0.6549065420560747,0.43113772455089816,Acushnet Holdings Corp.,Consumer Cyclical,Leisure,6240691200,107.7300033569336,646.0,291.0,2026-06-18,none,NOT_SELECTED,,
2026-06-22T160715Z,2026-06-22T16:07:15.765832+00:00,2026-06-22T17:23:48.252300+00:00,2026-06-18,data/prospective/daily_qvp/snapshots/2026-06-22T160715Z/raw,1070,1034,bf973ff3ecce3842bc807909b6a11c9ba3d11429,d3881a1328862a39dc4af32e15c4826237a09adca2da7038eafb5659ddb68bb4,3cbd5f76b124b82ce4f26fb66fcb37946580c4a15ad9e837f6f5beb2a7d3fb8d,DKS,0.5439252336448599,0.5331775700934579,0.4859274913843796,0.44015444015444016,0.4810851257486923,0.37524177949709864,0.49329887425163893,0.4253875968992248,0.42792974912389925,0.4714003944773175,0.5439252336448599,0.529940119760479,"DICK'S Sporting Goods, Inc.",Consumer Cyclical,Specialty Retail,21700786176,232.9600067138672,647.0,501.0,2026-06-18,none,NOT_SELECTED,,
2026-06-22T160715Z,2026-06-22T16:07:15.765832+00:00,2026-06-22T17:23:48.252300+00:00,2026-06-18,data/prospective/daily_qvp/snapshots/2026-06-22T160715Z/raw,1070,1034,bf973ff3ecce3842bc807909b6a11c9ba3d11429,d3881a1328862a39dc4af32e15c4826237a09adca2da7038eafb5659ddb68bb4,3cbd5f76b124b82ce4f26fb66fcb37946580c4a15ad9e837f6f5beb2a7d3fb8d,MTSI,0.7843457943925233,0.9654205607476636,0.6568586056319701,0.86003861003861,0.48094878013102305,0.3742746615087041,0.5549683418550241,0.7228682170542635,0.5293714168714169,0.12912912912912908,0.7843457943925233,0.777027027027027,"MACOM Technology Solutions Holdings, Inc.",Technology,Semiconductors,30032689152,391.4100036621094,648.0,38.0,2026-06-18,none,NOT_SELECTED,,
2026-06-22T160715Z,2026-06-22T16:07:15.765832+00:00,2026-06-22T17:23:48.252300+00:00,2026-06-18,data/prospective/daily_qvp/snapshots/2026-06-22T160715Z/raw,1070,1034,bf973ff3ecce3842bc807909b6a11c9ba3d11429,d3881a1328862a39dc4af32e15c4826237a09adca2da7038eafb5659ddb68bb4,3cbd5f76b124b82ce4f26fb66fcb37946580c4a15ad9e837f6f5beb2a7d3fb8d,FROG,0.5929906542056075,0.6210280373831776,0.5914635908210675,0.7316602316602316,0.4808956471339649,0.3733075435203095,0.5453564200351583,0.6753875968992248,0.5899365274365274,0.25975975975975973,0.5929906542056075,0.7387387387387387,JFrog Ltd.,Technology,Software - Application,9619329024,82.72000122070312,649.0,407.0,2026-06-18,none,NOT_SELECTED,,
2026-06-22T160715Z,2026-06-22T16:07:15.765832+00:00,2026-06-22T17:23:48.252300+00:00,2026-06-18,data/prospective/daily_qvp/snapshots/2026-06-22T160715Z/raw,1070,1034,bf973ff3ecce3842bc807909b6a11c9ba3d11429,d3881a1328862a39dc4af32e15c4826237a09adca2da7038eafb5659ddb68bb4,3cbd5f76b124b82ce4f26fb66fcb37946580c4a15ad9e837f6f5beb2a7d3fb8d,RBA,0.5203271028037383,0.4911214953271028,0.4889927628430828,0.44884169884169883,0.48086243186589,0.3723404255319149,0.4534246016771952,0.2800387596899225,0.4576584228824273,0.46460176991150437,0.5203271028037383,0.37111111111111106,"RB Global, Inc.",Industrials,Specialty Business Services,20578232320,110.56999969482422,650.0,546.0,2026-06-18,none,NOT_SELECTED,,
2026-06-22T160715Z,2026-06-22T16:07:15.765832+00:00,2026-06-22T17:23:48.252300+00:00,2026-06-18,data/prospective/daily_qvp/snapshots/2026-06-22T160715Z/raw,1070,1034,bf973ff3ecce3842bc807909b6a11c9ba3d11429,d3881a1328862a39dc4af32e15c4826237a09adca2da7038eafb5659ddb68bb4,3cbd5f76b124b82ce4f26fb66fcb37946580c4a15ad9e837f6f5beb2a7d3fb8d,AIN,0.5308411214953271,0.5121495327102804,0.45683562263572175,0.35714285714285715,0.48075695026470866,0.3713733075435203,0.37404076659074703,0.06976744186046512,0.38283012377611636,0.5285996055226824,0.5308411214953271,0.05389221556886225,Albany International Corp.,Consumer Cyclical,Textile Manufacturing,2022984960,71.08000183105469,651.0,523.0,2026-06-18,none,NOT_SELECTED,,
2026-06-22T160715Z,2026-06-22T16:07:15.765832+00:00,2026-06-22T17:23:48.252300+00:00,2026-06-18,data/prospective/daily_qvp/snapshots/2026-06-22T160715Z/raw,1070,1034,bf973ff3ecce3842bc807909b6a11c9ba3d11429,d3881a1328862a39dc4af32e15c4826237a09adca2da7038eafb5659ddb68bb4,3cbd5f76b124b82ce4f26fb66fcb37946580c4a15ad9e837f6f5beb2a7d3fb8d,SLAB,0.6824766355140186,0.7775700934579439,0.5685980638667554,0.6785714285714286,0.4806669775127719,0.3704061895551257,0.5896668998012455,0.8420542635658915,0.45471949221949226,0.3048048048048048,0.6824766355140186,0.9166666666666667,Silicon Laboratories Inc.,Technology,Semiconductors,7252702720,219.75,652.0,239.0,2026-06-18,none,NOT_SELECTED,,
2026-06-22T160715Z,2026-06-22T16:07:15.765832+00:00,2026-06-22T17:23:48.252300+00:00,2026-06-18,data/prospective/daily_qvp/snapshots/2026-06-22T160715Z/raw,1070,1034,bf973ff3ecce3842bc807909b6a11c9ba3d11429,d3881a1328862a39dc4af32e15c4826237a09adca2da7038eafb5659ddb68bb4,3cbd5f76b124b82ce4f26fb66fcb37946580c4a15ad9e837f6f5beb2a7d3fb8d,LBRT,0.6950934579439252,0.8009345794392523,0.49040387182910544,0.4546332046332046,0.4803439444313551,0.3694390715667311,0.4120436726092306,0.14050387596899225,0.2857142857142857,0.4602240896358543,0.6950934579439252,0.2071428571428571,Liberty Energy Inc.,Energy,Oil & Gas Equipment & Services,4477972992,27.18000030517578,653.0,214.0,2026-06-18,none,NOT_SELECTED,,
2026-06-22T160715Z,2026-06-22T16:07:15.765832+00:00,2026-06-22T17:23:48.252300+00:00,2026-06-18,data/prospective/daily_qvp/snapshots/2026-06-22T160715Z/raw,1070,1034,bf973ff3ecce3842bc807909b6a11c9ba3d11429,d3881a1328862a39dc4af32e15c4826237a09adca2da7038eafb5659ddb68bb4,3cbd5f76b124b82ce4f26fb66fcb37946580c4a15ad9e837f6f5beb2a7d3fb8d,VECO,0.7607476635514019,0.9345794392523364,0.5358201872220564,0.6042471042471043,0.4803365812711607,0.36847195357833656,0.36672766117859573,0.060077519379844964,0.31089271089271087,0.36936936936936937,0.7607476635514019,0.02590090090090085,Veeco Instruments Inc.,Technology,Semiconductor Equipment & Materials,4662958080,79.6500015258789,654.0,71.0,2026-06-18,none,NOT_SELECTED,,
2026-06-22T160715Z,2026-06-22T16:07:15.765832+00:00,2026-06-22T17:23:48.252300+00:00,2026-06-18,data/prospective/daily_qvp/snapshots/2026-06-22T160715Z/raw,1070,1034,bf973ff3ecce3842bc807909b6a11c9ba3d11429,d3881a1328862a39dc4af32e15c4826237a09adca2da7038eafb5659ddb68bb4,3cbd5f76b124b82ce4f26fb66fcb37946580c4a15ad9e837f6f5beb2a7d3fb8d,OPCH,0.14883177570093453,0.056074766355140186,0.3107979149576088,0.08783783783783784,0.479925882699012,0.36750483558994196,0.4693848307038081,0.3381782945736434,0.472764054214283,0.8181818181818182,0.14883177570093453,0.4377616747181965,"Option Care Health, Inc.",Healthcare,Medical Care Facilities,3371380480,21.989999771118164,655.0,1011.0,2026-06-18,none,NOT_SELECTED,,
2026-06-22T160715Z,2026-06-22T16:07:15.765832+00:00,2026-06-22T17:23:48.252300+00:00,2026-06-18,data/prospective/daily_qvp/snapshots/2026-06-22T160715Z/raw,1070,1034,bf973ff3ecce3842bc807909b6a11c9ba3d11429,d3881a1328862a39dc4af32e15c4826237a09adca2da7038eafb5659ddb68bb4,3cbd5f76b124b82ce4f26fb66fcb37946580c4a15ad9e837f6f5beb2a7d3fb8d,PACS,0.5815420560747664,0.597196261682243,0.435356195920606,0.3001930501930502,0.47927065298025967,0.3665377176015474,0.5322790766917165,0.6075581395348837,0.2891703357664456,0.567099567099567,0.5815420560747664,0.691304347826087,"PACS Group, Inc.",Healthcare,Medical Care Facilities,5890898432,36.59000015258789,656.0,432.0,2026-06-18,none,NOT_SELECTED,,
2026-06-22T160715Z,2026-06-22T16:07:15.765832+00:00,2026-06-22T17:23:48.252300+00:00,2026-06-18,data/prospective/daily_qvp/snapshots/2026-06-22T160715Z/raw,1070,1034,bf973ff3ecce3842bc807909b6a11c9ba3d11429,d3881a1328862a39dc4af32e15c4826237a09adca2da7038eafb5659ddb68bb4,3cbd5f76b124b82ce4f26fb66fcb37946580c4a15ad9e837f6f5beb2a7d3fb8d,WBD,0.5285046728971962,0.508411214953271,0.4167689076203765,0.2528957528957529,0.4783290302010239,0.3655705996131528,0.46430232820632344,0.31492248062015504,0.30503314234355683,0.6014492753623188,0.5285046728971962,0.42222222222222217,"Warner Bros. Discovery, Inc.",Communication Services,Entertainment,66777587712,26.200000762939453,657.0,527.0,2026-06-18,none,NOT_SELECTED,,
2026-06-22T160715Z,2026-06-22T16:07:15.765832+00:00,2026-06-22T17:23:48.252300+00:00,2026-06-18,data/prospective/daily_qvp/snapshots/2026-06-22T160715Z/raw,1070,1034,bf973ff3ecce3842bc807909b6a11c9ba3d11429,d3881a1328862a39dc4af32e15c4826237a09adca2da7038eafb5659ddb68bb4,3cbd5f76b124b82ce4f26fb66fcb37946580c4a15ad9e837f6f5beb2a7d3fb8d,GIS,0.30607476635514014,0.19813084112149532,0.3503030081775701,0.14092664092664092,0.4783270054517134,0.3646034816247582,0.40757337908878505,0.12693798449612403,0.39453125,0.734375,0.30607476635514014,0.1953125,"General Mills, Inc.",Consumer Defensive,Packaged Foods,17977053184,33.41999816894531,658.0,859.0,2026-06-18,none,NOT_SELECTED,,
2026-06-22T160715Z,2026-06-22T16:07:15.765832+00:00,2026-06-22T17:23:48.252300+00:00,2026-06-18,data/prospective/daily_qvp/snapshots/2026-06-22T160715Z/raw,1070,1034,bf973ff3ecce3842bc807909b6a11c9ba3d11429,d3881a1328862a39dc4af32e15c4826237a09adca2da7038eafb5659ddb68bb4,3cbd5f76b124b82ce4f26fb66fcb37946580c4a15ad9e837f6f5beb2a7d3fb8d,ABBV,0.5376168224299065,0.5214953271028038,0.5393252656419908,0.6138996138996139,0.47787629542077886,0.36363636363636365,0.5099973986992395,0.502906976744186,0.5410337088540751,0.35497835497835495,0.5376168224299065,0.6063607085346217,AbbVie Inc.,Healthcare,Drug Manufacturers - General,408606179328,216.4900054931641,659.0,513.0,2026-06-18,none,NOT_SELECTED,,
2026-06-22T160715Z,2026-06-22T16:07:15.765832+00:00,2026-06-22T17:23:48.252300+00:00,2026-06-18,data/prospective/daily_qvp/snapshots/2026-06-22T160715Z/raw,1070,1034,bf973ff3ecce3842bc807909b6a11c9ba3d11429,d3881a1328862a39dc4af32e15c4826237a09adca2da7038eafb5659ddb68bb4,3cbd5f76b124b82ce4f26fb66fcb37946580c4a15ad9e837f6f5beb2a7d3fb8d,SXT,0.6147196261682243,0.6570093457943925,0.5636098130841121,0.665057915057915,0.47759172724126,0.36266924564796904,0.5040271287642784,0.4738372093023256,0.5125,0.3055555555555555,0.6147196261682243,0.5833333333333334,Sensient Technologies Corporation,Basic Materials,Specialty Chemicals,5019731456,113.4800033569336,660.0,368.0,2026-06-18,none,NOT_SELECTED,,
2026-06-22T160715Z,2026-06-22T16:07:15.765832+00:00,2026-06-22T17:23:48.252300+00:00,2026-06-18,data/prospective/daily_qvp/snapshots/2026-06-22T160715Z/raw,1070,1034,bf973ff3ecce3842bc807909b6a11c9ba3d11429,d3881a1328862a39dc4af32e15c4826237a09adca2da7038eafb5659ddb68bb4,3cbd5f76b124b82ce4f26fb66fcb37946580c4a15ad9e837f6f5beb2a7d3fb8d,LYV,0.6189252336448597,0.6607476635514019,0.49168652424856174,0.46042471042471045,0.4775494702719881,0.3617021276595745,0.48593988048176884,0.39728682170542634,0.3644478148522638,0.4492753623188406,0.6189252336448597,0.5111111111111111,"Live Nation Entertainment, Inc.",Communication Services,Entertainment,39724072960,171.24000549316406,661.0,364.0,2026-06-18,none,NOT_SELECTED,,
2026-06-22T160715Z,2026-06-22T16:07:15.765832+00:00,2026-06-22T17:23:48.252300+00:00,2026-06-18,data/prospective/daily_qvp/snapshots/2026-06-22T160715Z/raw,1070,1034,bf973ff3ecce3842bc807909b6a11c9ba3d11429,d3881a1328862a39dc4af32e15c4826237a09adca2da7038eafb5659ddb68bb4,3cbd5f76b124b82ce4f26fb66fcb37946580c4a15ad9e837f6f5beb2a7d3fb8d,AEIS,0.7168224299065421,0.8378504672897197,0.6318980986448008,0.8175675675675675,0.47731259673665183,0.3607350096711799,0.5890955586636,0.8410852713178295,0.5469737673830595,0.16814159292035394,0.7168224299065421,0.9244444444444445,"Advanced Energy Industries, Inc.",Industrials,Electrical Equipment & Parts,15080616960,372.5899963378906,662.0,175.0,2026-06-18,none,NOT_SELECTED,,
2026-06-22T160715Z,2026-06-22T16:07:15.765832+00:00,2026-06-22T17:23:48.252300+00:00,2026-06-18,data/prospective/daily_qvp/snapshots/2026-06-22T160715Z/raw,1070,1034,bf973ff3ecce3842bc807909b6a11c9ba3d11429,d3881a1328862a39dc4af32e15c4826237a09adca2da7038eafb5659ddb68bb4,3cbd5f76b124b82ce4f26fb66fcb37946580c4a15ad9e837f6f5beb2a7d3fb8d,CDNS,0.5530373831775701,0.55,0.6075025163226098,0.7644787644787645,0.4770737496204786,0.3597678916827853,0.48843594284598957,0.40794573643410853,0.6619676494676494,0.2162162162162162,0.5530373831775701,0.5225225225225225,"Cadence Design Systems, Inc.",Technology,Software - Application,105244491776,387.3900146484375,663.0,482.0,2026-06-18,none,NOT_SELECTED,,
2026-06-22T160715Z,2026-06-22T16:07:15.765832+00:00,2026-06-22T17:23:48.252300+00:00,2026-06-18,data/prospective/daily_qvp/snapshots/2026-06-22T160715Z/raw,1070,1034,bf973ff3ecce3842bc807909b6a11c9ba3d11429,d3881a1328862a39dc4af32e15c4826237a09adca2da7038eafb5659ddb68bb4,3cbd5f76b124b82ce4f26fb66fcb37946580c4a15ad9e837f6f5beb2a7d3fb8d,HPQ,0.35467289719626166,0.24392523364485982,0.37995213246381465,0.18822393822393824,0.47702514536626683,0.35880077369439073,0.39999858875442984,0.11046511627906977,0.4052313677313677,0.6711711711711712,0.35467289719626166,0.1689189189189189,HP Inc.,Technology,Computer Hardware,21834229760,23.5,664.0,810.0,2026-06-18,none,NOT_SELECTED,,
2026-06-22T160715Z,2026-06-22T16:07:15.765832+00:00,2026-06-22T17:23:48.252300+00:00,2026-06-18,data/prospective/daily_qvp/snapshots/2026-06-22T160715Z/raw,1070,1034,bf973ff3ecce3842bc807909b6a11c9ba3d11429,d3881a1328862a39dc4af32e15c4826237a09adca2da7038eafb5659ddb68bb4,3cbd5f76b124b82ce4f26fb66fcb37946580c4a15ad9e837f6f5beb2a7d3fb8d,BBWI,0.18808411214953263,0.08130841121495327,0.4221440937576423,0.26640926640926643,0.47669566802777724,0.3578336557059961,0.41590498455376707,0.14534883720930233,0.6562040753657519,0.5857988165680473,0.18808411214953263,0.23353293413173648,"Bath & Body Works, Inc.",Consumer Cyclical,Specialty Retail,3946580224,20.559999465942383,665.0,984.0,2026-06-18,none,NOT_SELECTED,,
2026-06-22T160715Z,2026-06-22T16:07:15.765832+00:00,2026-06-22T17:23:48.252300+00:00,2026-06-18,data/prospective/daily_qvp/snapshots/2026-06-22T160715Z/raw,1070,1034,bf973ff3ecce3842bc807909b6a11c9ba3d11429,d3881a1328862a39dc4af32e15c4826237a09adca2da7038eafb5659ddb68bb4,3cbd5f76b124b82ce4f26fb66fcb37946580c4a15ad9e837f6f5beb2a7d3fb8d,ITGR,0.40864485981308407,0.3280373831775701,0.36957682177706663,0.17374517374517376,0.4765432780101078,0.3568665377176016,0.4516707435317354,0.27228682170542634,0.33050878374104914,0.6904761904761904,0.40864485981308407,0.3770531400966183,Integer Holdings Corporation,Healthcare,Medical Devices,3060094976,90.95999908447266,666.0,720.0,2026-06-18,none,NOT_SELECTED,,
2026-06-22T160715Z,2026-06-22T16:07:15.765832+00:00,2026-06-22T17:23:48.252300+00:00,2026-06-18,data/prospective/daily_qvp/snapshots/2026-06-22T160715Z/raw,1070,1034,bf973ff3ecce3842bc807909b6a11c9ba3d11429,d3881a1328862a39dc4af32e15c4826237a09adca2da7038eafb5659ddb68bb4,3cbd5f76b124b82ce4f26fb66fcb37946580c4a15ad9e837f6f5beb2a7d3fb8d,NFLX,0.3060747663551402,0.19953271028037384,0.544369817735485,0.6264478764478765,0.47643978187196584,0.35589941972920697,0.5351076141817521,0.6211240310077519,0.7826648691158298,0.3405797101449275,0.3060747663551402,0.7111111111111111,"Netflix, Inc.",Communication Services,Entertainment,305367089152,77.37999725341797,667.0,858.0,2026-06-18,none,NOT_SELECTED,,
2026-06-22T160715Z,2026-06-22T16:07:15.765832+00:00,2026-06-22T17:23:48.252300+00:00,2026-06-18,data/prospective/daily_qvp/snapshots/2026-06-22T160715Z/raw,1070,1034,bf973ff3ecce3842bc807909b6a11c9ba3d11429,d3881a1328862a39dc4af32e15c4826237a09adca2da7038eafb5659ddb68bb4,3cbd5f76b124b82ce4f26fb66fcb37946580c4a15ad9e837f6f5beb2a7d3fb8d,TRMB,0.2507009345794392,0.13317757009345793,0.36479047547972776,0.16505791505791506,0.4764268835530518,0.35493230174081236,0.4507886311332573,0.2703488372093023,0.4788800163800163,0.6996996996996998,0.2507009345794392,0.3738738738738739,Trimble Inc.,Technology,Scientific & Technical Instruments,11399153664,49.15999984741211,668.0,928.0,2026-06-18,none,NOT_SELECTED,,
2026-06-22T160715Z,2026-06-22T16:07:15.765832+00:00,2026-06-22T17:23:48.252300+00:00,2026-06-18,data/prospective/daily_qvp/snapshots/2026-06-22T160715Z/raw,1070,1034,bf973ff3ecce3842bc807909b6a11c9ba3d11429,d3881a1328862a39dc4af32e15c4826237a09adca2da7038eafb5659ddb68bb4,3cbd5f76b124b82ce4f26fb66fcb37946580c4a15ad9e837f6f5beb2a7d3fb8d,SHW,0.4369158878504673,0.3663551401869159,0.5590829439252336,0.6525096525096525,0.4764256663205262,0.3539651837524178,0.4864859164070613,0.3992248062015504,0.68125,0.3111111111111111,0.4369158878504673,0.5166666666666666,The Sherwin-Williams Company,Basic Materials,Specialty Chemicals,78860500992,320.7900085449219,669.0,679.0,2026-06-18,none,NOT_SELECTED,,
2026-06-22T160715Z,2026-06-22T16:07:15.765832+00:00,2026-06-22T17:23:48.252300+00:00,2026-06-18,data/prospective/daily_qvp/snapshots/2026-06-22T160715Z/raw,1070,1034,bf973ff3ecce3842bc807909b6a11c9ba3d11429,d3881a1328862a39dc4af32e15c4826237a09adca2da7038eafb5659ddb68bb4,3cbd5f76b124b82ce4f26fb66fcb37946580c4a15ad9e837f6f5beb2a7d3fb8d,TNL,0.5394859813084112,0.5266355140186916,0.5103589955421474,0.527992277992278,0.47633400491764455,0.3529980657640232,0.4201247551852394,0.1618217054263566,0.48123200977588354,0.408284023668639,0.5394859813084112,0.25149700598802394,Travel + Leisure Co.,Consumer Cyclical,Travel Services,4742391296,76.70999908447266,670.0,508.0,2026-06-18,none,NOT_SELECTED,,
2026-06-22T160715Z,2026-06-22T16:07:15.765832+00:00,2026-06-22T17:23:48.252300+00:00,2026-06-18,data/prospective/daily_qvp/snapshots/2026-06-22T160715Z/raw,1070,1034,bf973ff3ecce3842bc807909b6a11c9ba3d11429,d3881a1328862a39dc4af32e15c4826237a09adca2da7038eafb5659ddb68bb4,3cbd5f76b124b82ce4f26fb66fcb37946580c4a15ad9e837f6f5beb2a7d3fb8d,CPAY,0.5268691588785046,0.5014018691588785,0.4545586580633309,0.3484555984555985,0.4762122785487271,0.3520309477756286,0.4466862359385724,0.24709302325581395,0.3822481572481572,0.5195195195195196,0.5268691588785046,0.35810810810810806,"Corpay, Inc.",Technology,Software - Infrastructure,22779611136,345.2799987792969,671.0,535.0,2026-06-18,none,NOT_SELECTED,,
2026-06-22T160715Z,2026-06-22T16:07:15.765832+00:00,2026-06-22T17:23:48.252300+00:00,2026-06-18,data/prospective/daily_qvp/snapshots/2026-06-22T160715Z/raw,1070,1034,bf973ff3ecce3842bc807909b6a11c9ba3d11429,d3881a1328862a39dc4af32e15c4826237a09adca2da7038eafb5659ddb68bb4,3cbd5f76b124b82ce4f26fb66fcb37946580c4a15ad9e837f6f5beb2a7d3fb8d,COHU,0.7740654205607477,0.955607476635514,0.5017593687570323,0.49903474903474904,0.4761478874796632,0.35106382978723405,0.5119532579520897,0.5077519379844961,0.2294533169533169,0.4249249249249249,0.7740654205607477,0.6193693693693694,"Cohu, Inc.",Technology,Semiconductor Equipment & Materials,3279158528,69.4000015258789,672.0,49.0,2026-06-18,none,NOT_SELECTED,,
2026-06-22T160715Z,2026-06-22T16:07:15.765832+00:00,2026-06-22T17:23:48.252300+00:00,2026-06-18,data/prospective/daily_qvp/snapshots/2026-06-22T160715Z/raw,1070,1034,bf973ff3ecce3842bc807909b6a11c9ba3d11429,d3881a1328862a39dc4af32e15c4826237a09adca2da7038eafb5659ddb68bb4,3cbd5f76b124b82ce4f26fb66fcb37946580c4a15ad9e837f6f5beb2a7d3fb8d,LOW,0.4378504672897196,0.36822429906542054,0.5119770473884631,0.5347490347490348,0.47544031956075056,0.35009671179883944,0.4523886229040958,0.27325581395348836,0.5861036274872065,0.40236686390532544,0.4378504672897196,0.3832335329341317,"Lowe's Companies, Inc.",Consumer Cyclical,Home Improvement Retail,121172967424,222.1999969482422,673.0,677.0,2026-06-18,none,NOT_SELECTED,,
2026-06-22T160715Z,2026-06-22T16:07:15.765832+00:00,2026-06-22T17:23:48.252300+00:00,2026-06-18,data/prospective/daily_qvp/snapshots/2026-06-22T160715Z/raw,1070,1034,bf973ff3ecce3842bc807909b6a11c9ba3d11429,d3881a1328862a39dc4af32e15c4826237a09adca2da7038eafb5659ddb68bb4,3cbd5f76b124b82ce4f26fb66fcb37946580c4a15ad9e837f6f5beb2a7d3fb8d,BLDR,0.1214953271028037,0.04158878504672897,0.26138372549830446,0.04343629343629344,0.4751407727510821,0.3491295938104449,0.3691333573410893,0.06395348837209303,0.4012721238938053,0.9026548672566372,0.1214953271028037,0.05111111111111105,"Builders FirstSource, Inc.",Industrials,Building Products & Equipment,8588763136,80.58999633789062,674.0,1026.0,2026-06-18,none,NOT_SELECTED,,
2026-06-22T160715Z,2026-06-22T16:07:15.765832+00:00,2026-06-22T17:23:48.252300+00:00,2026-06-18,data/prospective/daily_qvp/snapshots/2026-06-22T160715Z/raw,1070,1034,bf973ff3ecce3842bc807909b6a11c9ba3d11429,d3881a1328862a39dc4af32e15c4826237a09adca2da7038eafb5659ddb68bb4,3cbd5f76b124b82ce4f26fb66fcb37946580c4a15ad9e837f6f5beb2a7d3fb8d,TFX,0.48785046728971965,0.43644859813084114,0.39115037930392993,0.20366795366795368,0.47505263382166757,0.3481624758220503,0.46089897617140363,0.30329457364341084,0.29445029131814027,0.6428571428571428,0.48785046728971965,0.41843800322061186,Teleflex Incorporated,Healthcare,Medical Instruments & Supplies,5443908096,127.0,675.0,604.0,2026-06-18,none,NOT_SELECTED,,
2026-06-22T160715Z,2026-06-22T16:07:15.765832+00:00,2026-06-22T17:23:48.252300+00:00,2026-06-18,data/prospective/daily_qvp/snapshots/2026-06-22T160715Z/raw,1070,1034,bf973ff3ecce3842bc807909b6a11c9ba3d11429,d3881a1328862a39dc4af32e15c4826237a09adca2da7038eafb5659ddb68bb4,3cbd5f76b124b82ce4f26fb66fcb37946580c4a15ad9e837f6f5beb2a7d3fb8d,CAG,0.30514018691588785,0.19579439252336447,0.2853825934579439,0.0637065637065637,0.47497728452751814,0.3471953578336557,0.3796704633956386,0.07751937984496124,0.265625,0.8541666666666666,0.30514018691588785,0.09375,"Conagra Brands, Inc.",Consumer Defensive,Packaged Foods,6245997056,13.199999809265137,676.0,861.0,2026-06-18,none,NOT_SELECTED,,
2026-06-22T160715Z,2026-06-22T16:07:15.765832+00:00,2026-06-22T17:23:48.252300+00:00,2026-06-18,data/prospective/daily_qvp/snapshots/2026-06-22T160715Z/raw,1070,1034,bf973ff3ecce3842bc807909b6a11c9ba3d11429,d3881a1328862a39dc4af32e15c4826237a09adca2da7038eafb5659ddb68bb4,3cbd5f76b124b82ce4f26fb66fcb37946580c4a15ad9e837f6f5beb2a7d3fb8d,PAYX,0.3455607476635514,0.23551401869158878,0.46763602493742673,0.38803088803088803,0.4749205131214476,0.34622823984526113,0.40630299745369836,0.12209302325581395,0.5897113022113021,0.48948948948948945,0.3455607476635514,0.20045045045045046,"Paychex, Inc.",Technology,Software - Application,34843787264,98.23999786376952,677.0,819.0,2026-06-18,none,NOT_SELECTED,,
2026-06-22T160715Z,2026-06-22T16:07:15.765832+00:00,2026-06-22T17:23:48.252300+00:00,2026-06-18,data/prospective/daily_qvp/snapshots/2026-06-22T160715Z/raw,1070,1034,bf973ff3ecce3842bc807909b6a11c9ba3d11429,d3881a1328862a39dc4af32e15c4826237a09adca2da7038eafb5659ddb68bb4,3cbd5f76b124b82ce4f26fb66fcb37946580c4a15ad9e837f6f5beb2a7d3fb8d,RDDT,0.22686915887850465,0.11121495327102804,0.5925542008301072,0.7345559845559846,0.4747462788142744,0.3452611218568665,0.6032819313329281,0.8817829457364341,0.9582392427817099,0.23913043478260865,0.22686915887850465,0.9888888888888888,"Reddit, Inc.",Communication Services,Internet Content & Information,33384916992,174.9600067138672,678.0,952.0,2026-06-18,none,NOT_SELECTED,,
2026-06-22T160715Z,2026-06-22T16:07:15.765832+00:00,2026-06-22T17:23:48.252300+00:00,2026-06-18,data/prospective/daily_qvp/snapshots/2026-06-22T160715Z/raw,1070,1034,bf973ff3ecce3842bc807909b6a11c9ba3d11429,d3881a1328862a39dc4af32e15c4826237a09adca2da7038eafb5659ddb68bb4,3cbd5f76b124b82ce4f26fb66fcb37946580c4a15ad9e837f6f5beb2a7d3fb8d,POOL,0.24415887850467288,0.12710280373831775,0.40957647623084464,0.24227799227799227,0.47462423882449617,0.344294003868472,0.419857068007261,0.15988372093023256,0.5749940739570164,0.6047197640117994,0.24415887850467288,0.2555555555555555,Pool Corporation,Industrials,Industrial Distribution,7098732544,198.9900054931641,679.0,935.0,2026-06-18,none,NOT_SELECTED,,
2026-06-22T160715Z,2026-06-22T16:07:15.765832+00:00,2026-06-22T17:23:48.252300+00:00,2026-06-18,data/prospective/daily_qvp/snapshots/2026-06-22T160715Z/raw,1070,1034,bf973ff3ecce3842bc807909b6a11c9ba3d11429,d3881a1328862a39dc4af32e15c4826237a09adca2da7038eafb5659ddb68bb4,3cbd5f76b124b82ce4f26fb66fcb37946580c4a15ad9e837f6f5beb2a7d3fb8d,EE,0.6301401869158878,0.685981308411215,0.5311415220293725,0.5878378378378378,0.4744958419504874,0.34332688588007737,0.5380147386057226,0.6366279069767442,0.4321428571428571,0.3612044817927171,0.6301401869158878,0.7285714285714286,"Excelerate Energy, Inc.",Energy,Oil & Gas Midstream,4024923136,34.560001373291016,680.0,337.0,2026-06-18,none,NOT_SELECTED,,
2026-06-22T160715Z,2026-06-22T16:07:15.765832+00:00,2026-06-22T17:23:48.252300+00:00,2026-06-18,data/prospective/daily_qvp/snapshots/2026-06-22T160715Z/raw,1070,1034,bf973ff3ecce3842bc807909b6a11c9ba3d11429,d3881a1328862a39dc4af32e15c4826237a09adca2da7038eafb5659ddb68bb4,3cbd5f76b124b82ce4f26fb66fcb37946580c4a15ad9e837f6f5beb2a7d3fb8d,DG,0.32289719626168223,0.21401869158878506,0.3469954731308411,0.13127413127413126,0.47438587097611623,0.34235976789168276,0.5315706532320872,0.6036821705426356,0.37109375,0.7291666666666666,0.32289719626168223,0.703125,Dollar General Corporation,Consumer Defensive,Discount Stores,25548345344,113.4499969482422,681.0,842.0,2026-06-18,none,NOT_SELECTED,,
2026-06-22T160715Z,2026-06-22T16:07:15.765832+00:00,2026-06-22T17:23:48.252300+00:00,2026-06-18,data/prospective/daily_qvp/snapshots/2026-06-22T160715Z/raw,1070,1034,bf973ff3ecce3842bc807909b6a11c9ba3d11429,d3881a1328862a39dc4af32e15c4826237a09adca2da7038eafb5659ddb68bb4,3cbd5f76b124b82ce4f26fb66fcb37946580c4a15ad9e837f6f5beb2a7d3fb8d,BDC,0.3656542056074766,0.2588785046728972,0.3694415581681937,0.1718146718146718,0.4740220998398568,0.3413926499032882,0.45968324154655926,0.29941860465116277,0.37322891072891073,0.6831831831831833,0.3656542056074766,0.41666666666666663,Belden Inc.,Technology,Communication Equipment,4768892416,123.26000213623048,682.0,794.0,2026-06-18,none,NOT_SELECTED,,
2026-06-22T160715Z,2026-06-22T16:07:15.765832+00:00,2026-06-22T17:23:48.252300+00:00,2026-06-18,data/prospective/daily_qvp/snapshots/2026-06-22T160715Z/raw,1070,1034,bf973ff3ecce3842bc807909b6a11c9ba3d11429,d3881a1328862a39dc4af32e15c4826237a09adca2da7038eafb5659ddb68bb4,3cbd5f76b124b82ce4f26fb66fcb37946580c4a15ad9e837f6f5beb2a7d3fb8d,TKO,0.4700934579439252,0.411214953271028,0.5152020485989708,0.5453667953667953,0.4739028150080095,0.3404255319148936,0.49709377792267384,0.44670542635658916,0.5603106392540164,0.3913043478260869,0.4700934579439252,0.5666666666666667,"TKO Group Holdings, Inc.",Communication Services,Entertainment,38080004096,198.77999877929688,683.0,631.0,2026-06-18,none,NOT_SELECTED,,
2026-06-22T160715Z,2026-06-22T16:07:15.765832+00:00,2026-06-22T17:23:48.252300+00:00,2026-06-18,data/prospective/daily_qvp/snapshots/2026-06-22T160715Z/raw,1070,1034,bf973ff3ecce3842bc807909b6a11c9ba3d11429,d3881a1328862a39dc4af32e15c4826237a09adca2da7038eafb5659ddb68bb4,3cbd5f76b124b82ce4f26fb66fcb37946580c4a15ad9e837f6f5beb2a7d3fb8d,PKG,0.5628504672897197,0.5733644859813084,0.5106463138850557,0.528957528957529,0.4738957016958885,0.33945841392649906,0.5058708780683236,0.4806201550387597,0.45844216048039166,0.40039447731755423,0.5628504672897197,0.6017964071856288,Packaging Corporation of America,Consumer Cyclical,Packaging & Containers,20927490048,229.02000427246097,684.0,458.0,2026-06-18,none,NOT_SELECTED,,
2026-06-22T160715Z,2026-06-22T16:07:15.765832+00:00,2026-06-22T17:23:48.252300+00:00,2026-06-18,data/prospective/daily_qvp/snapshots/2026-06-22T160715Z/raw,1070,1034,bf973ff3ecce3842bc807909b6a11c9ba3d11429,d3881a1328862a39dc4af32e15c4826237a09adca2da7038eafb5659ddb68bb4,3cbd5f76b124b82ce4f26fb66fcb37946580c4a15ad9e837f6f5beb2a7d3fb8d,CCL,0.3754672897196261,0.2752336448598131,0.4306172510624543,0.2876447876447876,0.47313996882138637,0.33849129593810445,0.5442262341010697,0.6676356589147286,0.4857672124052824,0.5581854043392506,0.3754672897196261,0.7574850299401197,Carnival Corporation Ltd.,Consumer Cyclical,Travel Services,42468380672,30.8700008392334,685.0,777.0,2026-06-18,none,NOT_SELECTED,,
2026-06-22T160715Z,2026-06-22T16:07:15.765832+00:00,2026-06-22T17:23:48.252300+00:00,2026-06-18,data/prospective/daily_qvp/snapshots/2026-06-22T160715Z/raw,1070,1034,bf973ff3ecce3842bc807909b6a11c9ba3d11429,d3881a1328862a39dc4af32e15c4826237a09adca2da7038eafb5659ddb68bb4,3cbd5f76b124b82ce4f26fb66fcb37946580c4a15ad9e837f6f5beb2a7d3fb8d,PSN,0.1962616822429906,0.08971962616822429,0.2606769099175641,0.04247104247104247,0.4725834054105082,0.33752417794970985,0.3899105270308541,0.0872093023255814,0.32509213759213756,0.8963963963963965,0.1962616822429906,0.14189189189189186,Parsons Corporation,Technology,Information Technology Services,5286878208,52.209999084472656,686.0,975.0,2026-06-18,none,NOT_SELECTED,,
2026-06-22T160715Z,2026-06-22T16:07:15.765832+00:00,2026-06-22T17:23:48.252300+00:00,2026-06-18,data/prospective/daily_qvp/snapshots/2026-06-22T160715Z/raw,1070,1034,bf973ff3ecce3842bc807909b6a11c9ba3d11429,d3881a1328862a39dc4af32e15c4826237a09adca2da7038eafb5659ddb68bb4,3cbd5f76b124b82ce4f26fb66fcb37946580c4a15ad9e837f6f5beb2a7d3fb8d,MRVL,0.7429906542056074,0.8953271028037383,0.6288407406982173,0.8098455598455598,0.47177971301803073,0.3365570599613153,0.5903212712500095,0.8430232558139535,0.5146908271908273,0.15765765765765757,0.7429906542056074,0.9459459459459458,"Marvell Technology, Inc.",Technology,Semiconductors,263668449280,310.5799865722656,687.0,113.0,2026-06-18,none,NOT_SELECTED,,
2026-06-22T160715Z,2026-06-22T16:07:15.765832+00:00,2026-06-22T17:23:48.252300+00:00,2026-06-18,data/prospective/daily_qvp/snapshots/2026-06-22T160715Z/raw,1070,1034,bf973ff3ecce3842bc807909b6a11c9ba3d11429,d3881a1328862a39dc4af32e15c4826237a09adca2da7038eafb5659ddb68bb4,3cbd5f76b124b82ce4f26fb66fcb37946580c4a15ad9e837f6f5beb2a7d3fb8d,KVUE,0.45957943925233635,0.39532710280373834,0.4993209696261682,0.4874517374517375,0.4717695353063343,0.3355899419729207,0.47101465147975075,0.34689922480620156,0.5390625,0.4166666666666667,0.45957943925233635,0.46875,Kenvue Inc.,Consumer Defensive,Household & Personal Products,34848157696,18.1200008392334,688.0,648.0,2026-06-18,none,NOT_SELECTED,,
2026-06-22T160715Z,2026-06-22T16:07:15.765832+00:00,2026-06-22T17:23:48.252300+00:00,2026-06-18,data/prospective/daily_qvp/snapshots/2026-06-22T160715Z/raw,1070,1034,bf973ff3ecce3842bc807909b6a11c9ba3d11429,d3881a1328862a39dc4af32e15c4826237a09adca2da7038eafb5659ddb68bb4,3cbd5f76b124b82ce4f26fb66fcb37946580c4a15ad9e837f6f5beb2a7d3fb8d,WEX,0.32266355140186914,0.2130841121495327,0.291716706085865,0.07142857142857142,0.4717550813345206,0.3346228239845261,0.38872622091080034,0.08624031007751938,0.26076986076986075,0.8318318318318317,0.32266355140186914,0.1396396396396396,WEX Inc.,Technology,Software - Infrastructure,4433535488,127.52999877929688,689.0,843.0,2026-06-18,none,NOT_SELECTED,,
2026-06-22T160715Z,2026-06-22T16:07:15.765832+00:00,2026-06-22T17:23:48.252300+00:00,2026-06-18,data/prospective/daily_qvp/snapshots/2026-06-22T160715Z/raw,1070,1034,bf973ff3ecce3842bc807909b6a11c9ba3d11429,d3881a1328862a39dc4af32e15c4826237a09adca2da7038eafb5659ddb68bb4,3cbd5f76b124b82ce4f26fb66fcb37946580c4a15ad9e837f6f5beb2a7d3fb8d,BILL,0.13271028037383176,0.05093457943925234,0.24771263404440974,0.033783783783783786,0.47169831258616307,0.33365570599613154,0.5221295902954781,0.5494186046511628,0.3627149877149877,0.9196696696696697,0.13271028037383176,0.6734234234234234,"BILL Holdings, Inc.",Technology,Software - Application,3168669952,32.470001220703125,690.0,1016.0,2026-06-18,none,NOT_SELECTED,,
2026-06-22T160715Z,2026-06-22T16:07:15.765832+00:00,2026-06-22T17:23:48.252300+00:00,2026-06-18,data/prospective/daily_qvp/snapshots/2026-06-22T160715Z/raw,1070,1034,bf973ff3ecce3842bc807909b6a11c9ba3d11429,d3881a1328862a39dc4af32e15c4826237a09adca2da7038eafb5659ddb68bb4,3cbd5f76b124b82ce4f26fb66fcb37946580c4a15ad9e837f6f5beb2a7d3fb8d,NOVT,0.5686915887850467,0.5813084112149532,0.4758998484465774,0.40733590733590735,0.47142071978520567,0.33268858800773693,0.39748445875782323,0.10368217054263566,0.3831081081081081,0.4624624624624625,0.5686915887850467,0.17567567567567566,Novanta Inc.,Technology,Scientific & Technical Instruments,5556565504,155.3000030517578,691.0,449.0,2026-06-18,none,NOT_SELECTED,,
2026-06-22T160715Z,2026-06-22T16:07:15.765832+00:00,2026-06-22T17:23:48.252300+00:00,2026-06-18,data/prospective/daily_qvp/snapshots/2026-06-22T160715Z/raw,1070,1034,bf973ff3ecce3842bc807909b6a11c9ba3d11429,d3881a1328862a39dc4af32e15c4826237a09adca2da7038eafb5659ddb68bb4,3cbd5f76b124b82ce4f26fb66fcb37946580c4a15ad9e837f6f5beb2a7d3fb8d,AMZN,0.6021028037383178,0.6345794392523364,0.5883079064002489,0.722972972972973,0.4711007344443474,0.3317214700193424,0.5419483053242784,0.6531007751937985,0.57451300906218,0.23668639053254434,0.6021028037383178,0.7544910179640718,"Amazon.com, Inc.",Consumer Cyclical,Internet Retail,2510279147520,244.38999938964844,692.0,392.0,2026-06-18,none,NOT_SELECTED,,
2026-06-22T160715Z,2026-06-22T16:07:15.765832+00:00,2026-06-22T17:23:48.252300+00:00,2026-06-18,data/prospective/daily_qvp/snapshots/2026-06-22T160715Z/raw,1070,1034,bf973ff3ecce3842bc807909b6a11c9ba3d11429,d3881a1328862a39dc4af32e15c4826237a09adca2da7038eafb5659ddb68bb4,3cbd5f76b124b82ce4f26fb66fcb37946580c4a15ad9e837f6f5beb2a7d3fb8d,HUBS,0.04042056074766352,0.004672897196261682,0.3402962754598268,0.12258687258687259,0.4706079273836283,0.3307543520309478,0.5196226122043879,0.5426356589147286,0.6401719901719901,0.7312312312312311,0.04042056074766352,0.6666666666666667,"HubSpot, Inc.",Technology,Software - Application,8776134656,176.02999877929688,693.0,1066.0,2026-06-18,none,NOT_SELECTED,,
2026-06-22T160715Z,2026-06-22T16:07:15.765832+00:00,2026-06-22T17:23:48.252300+00:00,2026-06-18,data/prospective/daily_qvp/snapshots/2026-06-22T160715Z/raw,1070,1034,bf973ff3ecce3842bc807909b6a11c9ba3d11429,d3881a1328862a39dc4af32e15c4826237a09adca2da7038eafb5659ddb68bb4,3cbd5f76b124b82ce4f26fb66fcb37946580c4a15ad9e837f6f5beb2a7d3fb8d,MLM,0.4387850467289719,0.37009345794392523,0.5360591900311527,0.6061776061776062,0.47033575631706465,0.32978723404255317,0.5444184839044652,0.6705426356589147,0.6333333333333333,0.33888888888888885,0.4387850467289719,0.7666666666666667,"Martin Marietta Materials, Inc.",Basic Materials,Building Materials,36964855808,609.1199951171875,694.0,675.0,2026-06-18,none,NOT_SELECTED,,
2026-06-22T160715Z,2026-06-22T16:07:15.765832+00:00,2026-06-22T17:23:48.252300+00:00,2026-06-18,data/prospective/daily_qvp/snapshots/2026-06-22T160715Z/raw,1070,1034,bf973ff3ecce3842bc807909b6a11c9ba3d11429,d3881a1328862a39dc4af32e15c4826237a09adca2da7038eafb5659ddb68bb4,3cbd5f76b124b82ce4f26fb66fcb37946580c4a15ad9e837f6f5beb2a7d3fb8d,MGM,0.5271028037383177,0.5032710280373832,0.4026594916912054,0.2277992277992278,0.46896563088420934,0.3288201160541586,0.4205864986122587,0.16763565891472867,0.278216179644093,0.601577909270217,0.5271028037383177,0.27544910179640714,MGM Resorts International,Consumer Cyclical,Resorts & Casinos,11883010048,46.84000015258789,695.0,533.0,2026-06-18,none,NOT_SELECTED,,
2026-06-22T160715Z,2026-06-22T16:07:15.765832+00:00,2026-06-22T17:23:48.252300+00:00,2026-06-18,data/prospective/daily_qvp/snapshots/2026-06-22T160715Z/raw,1070,1034,bf973ff3ecce3842bc807909b6a11c9ba3d11429,d3881a1328862a39dc4af32e15c4826237a09adca2da7038eafb5659ddb68bb4,3cbd5f76b124b82ce4f26fb66fcb37946580c4a15ad9e837f6f5beb2a7d3fb8d,ECL,0.49112149532710275,0.4392523364485981,0.580977414330218,0.7036679536679536,0.4687997577016268,0.327852998065764,0.5099331516095534,0.501937984496124,0.6708333333333333,0.24444444444444438,0.49112149532710275,0.6333333333333333,Ecolab Inc.,Basic Materials,Specialty Chemicals,76317409280,269.1199951171875,696.0,601.0,2026-06-18,none,NOT_SELECTED,,
2026-06-22T160715Z,2026-06-22T16:07:15.765832+00:00,2026-06-22T17:23:48.252300+00:00,2026-06-18,data/prospective/daily_qvp/snapshots/2026-06-22T160715Z/raw,1070,1034,bf973ff3ecce3842bc807909b6a11c9ba3d11429,d3881a1328862a39dc4af32e15c4826237a09adca2da7038eafb5659ddb68bb4,3cbd5f76b124b82ce4f26fb66fcb37946580c4a15ad9e837f6f5beb2a7d3fb8d,FCX,0.625233644859813,0.6757009345794392,0.5772001557632398,0.693050193050193,0.4681334371754932,0.32688588007736946,0.4406834112149532,0.2248062015503876,0.5291666666666666,0.24999999999999992,0.625233644859813,0.35833333333333334,Freeport-McMoRan Inc.,Basic Materials,Copper,99392880640,68.68000030517578,697.0,348.0,2026-06-18,none,NOT_SELECTED,,
2026-06-22T160715Z,2026-06-22T16:07:15.765832+00:00,2026-06-22T17:23:48.252300+00:00,2026-06-18,data/prospective/daily_qvp/snapshots/2026-06-22T160715Z/raw,1070,1034,bf973ff3ecce3842bc807909b6a11c9ba3d11429,d3881a1328862a39dc4af32e15c4826237a09adca2da7038eafb5659ddb68bb4,3cbd5f76b124b82ce4f26fb66fcb37946580c4a15ad9e837f6f5beb2a7d3fb8d,PNW,0.6871495327102805,0.7878504672897196,0.4675154443212419,0.38513513513513514,0.4679858141049334,0.32591876208897486,0.44797211919938973,0.2558139534883721,0.24788135593220337,0.4689265536723164,0.6871495327102805,0.38793103448275856,Pinnacle West Capital Corporation,Utilities,Utilities - Regulated Electric,12533176320,102.31999969482422,698.0,228.0,2026-06-18,none,NOT_SELECTED,,
2026-06-22T160715Z,2026-06-22T16:07:15.765832+00:00,2026-06-22T17:23:48.252300+00:00,2026-06-18,data/prospective/daily_qvp/snapshots/2026-06-22T160715Z/raw,1070,1034,bf973ff3ecce3842bc807909b6a11c9ba3d11429,d3881a1328862a39dc4af32e15c4826237a09adca2da7038eafb5659ddb68bb4,3cbd5f76b124b82ce4f26fb66fcb37946580c4a15ad9e837f6f5beb2a7d3fb8d,GEO,0.569392523364486,0.5822429906542056,0.44381545416011914,0.3156370656370656,0.46795169903693284,0.32495164410058025,0.46096377427769974,0.30426356589147285,0.31823838495575224,0.5162241887905604,0.569392523364486,0.44000000000000006,"The GEO Group, Inc.",Industrials,Security & Protection Services,3977148160,29.280000686645508,699.0,448.0,2026-06-18,none,NOT_SELECTED,,
2026-06-22T160715Z,2026-06-22T16:07:15.765832+00:00,2026-06-22T17:23:48.252300+00:00,2026-06-18,data/prospective/daily_qvp/snapshots/2026-06-22T160715Z/raw,1070,1034,bf973ff3ecce3842bc807909b6a11c9ba3d11429,d3881a1328862a39dc4af32e15c4826237a09adca2da7038eafb5659ddb68bb4,3cbd5f76b124b82ce4f26fb66fcb37946580c4a15ad9e837f6f5beb2a7d3fb8d,TPL,0.469392523364486,0.4098130841121495,0.6516605473965287,0.8542471042471043,0.46791375428676146,0.3239845261121857,0.48664960142935676,0.4001937984496124,0.8339285714285714,0.10042016806722687,0.469392523364486,0.5428571428571428,Texas Pacific Land Corporation,Energy,Oil & Gas E&P,24252788736,355.1099853515625,700.0,633.0,2026-06-18,none,NOT_SELECTED,,
2026-06-22T160715Z,2026-06-22T16:07:15.765832+00:00,2026-06-22T17:23:48.252300+00:00,2026-06-18,data/prospective/daily_qvp/snapshots/2026-06-22T160715Z/raw,1070,1034,bf973ff3ecce3842bc807909b6a11c9ba3d11429,d3881a1328862a39dc4af32e15c4826237a09adca2da7038eafb5659ddb68bb4,3cbd5f76b124b82ce4f26fb66fcb37946580c4a15ad9e837f6f5beb2a7d3fb8d,WM,0.5144859813084112,0.4794392523364486,0.5006749596807543,0.4942084942084942,0.46750995345481944,0.3230174081237911,0.4939657984244479,0.43023255813953487,0.48686393805309724,0.4011799410029498,0.5144859813084112,0.5733333333333334,"Waste Management, Inc.",Industrials,Waste Management,86258475008,214.6000061035156,701.0,558.0,2026-06-18,none,NOT_SELECTED,,
2026-06-22T160715Z,2026-06-22T16:07:15.765832+00:00,2026-06-22T17:23:48.252300+00:00,2026-06-18,data/prospective/daily_qvp/snapshots/2026-06-22T160715Z/raw,1070,1034,bf973ff3ecce3842bc807909b6a11c9ba3d11429,d3881a1328862a39dc4af32e15c4826237a09adca2da7038eafb5659ddb68bb4,3cbd5f76b124b82ce4f26fb66fcb37946580c4a15ad9e837f6f5beb2a7d3fb8d,TDS,0.5703271028037383,0.5831775700934579,0.4657008505817366,0.37934362934362936,0.46747206463903207,0.32205029013539654,0.4478262707014963,0.2548449612403101,0.3610745983597348,0.4710144927536232,0.5703271028037383,0.38888888888888884,"Telephone and Data Systems, Inc.",Communication Services,Telecom Services,4511875584,39.59000015258789,702.0,447.0,2026-06-18,none,NOT_SELECTED,,
2026-06-22T160715Z,2026-06-22T16:07:15.765832+00:00,2026-06-22T17:23:48.252300+00:00,2026-06-18,data/prospective/daily_qvp/snapshots/2026-06-22T160715Z/raw,1070,1034,bf973ff3ecce3842bc807909b6a11c9ba3d11429,d3881a1328862a39dc4af32e15c4826237a09adca2da7038eafb5659ddb68bb4,3cbd5f76b124b82ce4f26fb66fcb37946580c4a15ad9e837f6f5beb2a7d3fb8d,ACI,0.3672897196261682,0.2602803738317757,0.3428245473130841,0.12548262548262548,0.4672649759865006,0.32108317214700194,0.4500581069898754,0.26841085271317827,0.318359375,0.7161458333333334,0.3672897196261682,0.3984375,"Albertsons Companies, Inc.",Consumer Defensive,Grocery Stores,6849307648,13.449999809265137,703.0,793.0,2026-06-18,none,NOT_SELECTED,,
2026-06-22T160715Z,2026-06-22T16:07:15.765832+00:00,2026-06-22T17:23:48.252300+00:00,2026-06-18,data/prospective/daily_qvp/snapshots/2026-06-22T160715Z/raw,1070,1034,bf973ff3ecce3842bc807909b6a11c9ba3d11429,d3881a1328862a39dc4af32e15c4826237a09adca2da7038eafb5659ddb68bb4,3cbd5f76b124b82ce4f26fb66fcb37946580c4a15ad9e837f6f5beb2a7d3fb8d,DORM,0.3761682242990654,0.2775700934579439,0.4738871099156235,0.40444015444015446,0.4671410450062079,0.32011605415860733,0.5314935083055541,0.6027131782945736,0.5716059955321816,0.45364891518737666,0.3761682242990654,0.7245508982035929,"Dorman Products, Inc.",Consumer Cyclical,Auto Parts,3752082688,125.66000366210938,704.0,774.0,2026-06-18,none,NOT_SELECTED,,
2026-06-22T160715Z,2026-06-22T16:07:15.765832+00:00,2026-06-22T17:23:48.252300+00:00,2026-06-18,data/prospective/daily_qvp/snapshots/2026-06-22T160715Z/raw,1070,1034,bf973ff3ecce3842bc807909b6a11c9ba3d11429,d3881a1328862a39dc4af32e15c4826237a09adca2da7038eafb5659ddb68bb4,3cbd5f76b124b82ce4f26fb66fcb37946580c4a15ad9e837f6f5beb2a7d3fb8d,DOW,0.6014018691588785,0.6327102803738318,0.4007009345794392,0.22104247104247104,0.46713395638629285,0.3191489361702128,0.3857671339563863,0.08236434108527131,0.19999999999999996,0.6,0.6014018691588785,0.14166666666666666,Dow Inc.,Basic Materials,Chemicals,22386229248,31.729999542236328,705.0,394.0,2026-06-18,none,NOT_SELECTED,,
2026-06-22T160715Z,2026-06-22T16:07:15.765832+00:00,2026-06-22T17:23:48.252300+00:00,2026-06-18,data/prospective/daily_qvp/snapshots/2026-06-22T160715Z/raw,1070,1034,bf973ff3ecce3842bc807909b6a11c9ba3d11429,d3881a1328862a39dc4af32e15c4826237a09adca2da7038eafb5659ddb68bb4,3cbd5f76b124b82ce4f26fb66fcb37946580c4a15ad9e837f6f5beb2a7d3fb8d,LUV,0.491588785046729,0.44299065420560746,0.4309634822831622,0.2886100386100386,0.4662667069695024,0.3181818181818182,0.4613666968937935,0.3062015503875969,0.37033817951959547,0.5368731563421828,0.491588785046729,0.44666666666666666,Southwest Airlines Co.,Industrials,Airlines,24003678208,47.970001220703125,706.0,597.0,2026-06-18,none,NOT_SELECTED,,
2026-06-22T160715Z,2026-06-22T16:07:15.765832+00:00,2026-06-22T17:23:48.252300+00:00,2026-06-18,data/prospective/daily_qvp/snapshots/2026-06-22T160715Z/raw,1070,1034,bf973ff3ecce3842bc807909b6a11c9ba3d11429,d3881a1328862a39dc4af32e15c4826237a09adca2da7038eafb5659ddb68bb4,3cbd5f76b124b82ce4f26fb66fcb37946580c4a15ad9e837f6f5beb2a7d3fb8d,GDDY,0.16775700934579432,0.07102803738317758,0.3914389059832985,0.2055984555984556,0.4654137251099868,0.31721470019342357,0.4723711046433009,0.35658914728682173,0.6151208026208027,0.6133633633633634,0.16775700934579432,0.4932432432432432,GoDaddy Inc.,Technology,Software - Infrastructure,9769198592,77.04000091552734,707.0,995.0,2026-06-18,none,NOT_SELECTED,,
2026-06-22T160715Z,2026-06-22T16:07:15.765832+00:00,2026-06-22T17:23:48.252300+00:00,2026-06-18,data/prospective/daily_qvp/snapshots/2026-06-22T160715Z/raw,1070,1034,bf973ff3ecce3842bc807909b6a11c9ba3d11429,d3881a1328862a39dc4af32e15c4826237a09adca2da7038eafb5659ddb68bb4,3cbd5f76b124b82ce4f26fb66fcb37946580c4a15ad9e837f6f5beb2a7d3fb8d,MAR,0.7528037383177569,0.9177570093457944,0.615489917702535,0.777027027027027,0.46489597406335986,0.316247582205029,0.4983725793499152,0.4563953488372093,0.47817609708731307,0.16370808678500978,0.7528037383177569,0.5988023952095809,"Marriott International, Inc.",Consumer Cyclical,Lodging,102415998976,396.2000122070313,708.0,89.0,2026-06-18,none,NOT_SELECTED,,
2026-06-22T160715Z,2026-06-22T16:07:15.765832+00:00,2026-06-22T17:23:48.252300+00:00,2026-06-18,data/prospective/daily_qvp/snapshots/2026-06-22T160715Z/raw,1070,1034,bf973ff3ecce3842bc807909b6a11c9ba3d11429,d3881a1328862a39dc4af32e15c4826237a09adca2da7038eafb5659ddb68bb4,3cbd5f76b124b82ce4f26fb66fcb37946580c4a15ad9e837f6f5beb2a7d3fb8d,DRI,0.5530373831775701,0.55,0.5207408084286471,0.555984555984556,0.4648462720227799,0.3152804642166344,0.4953412908434322,0.437984496124031,0.4884442336797242,0.35305719921104534,0.5530373831775701,0.5868263473053892,"Darden Restaurants, Inc.",Consumer Cyclical,Restaurants,24706916352,213.4499969482422,709.0,483.0,2026-06-18,none,NOT_SELECTED,,
2026-06-22T160715Z,2026-06-22T16:07:15.765832+00:00,2026-06-22T17:23:48.252300+00:00,2026-06-18,data/prospective/daily_qvp/snapshots/2026-06-22T160715Z/raw,1070,1034,bf973ff3ecce3842bc807909b6a11c9ba3d11429,d3881a1328862a39dc4af32e15c4826237a09adca2da7038eafb5659ddb68bb4,3cbd5f76b124b82ce4f26fb66fcb37946580c4a15ad9e837f6f5beb2a7d3fb8d,IQV,0.30303738317757006,0.19205607476635514,0.3462538953628904,0.12837837837837837,0.46460216400816073,0.31431334622823986,0.417030527998069,0.14825581395348839,0.3894704075482108,0.7012987012987013,0.30303738317757006,0.27431561996779386,IQVIA Holdings Inc.,Healthcare,Diagnostics & Research,27574382592,167.77000427246094,710.0,866.0,2026-06-18,none,NOT_SELECTED,,
2026-06-22T160715Z,2026-06-22T16:07:15.765832+00:00,2026-06-22T17:23:48.252300+00:00,2026-06-18,data/prospective/daily_qvp/snapshots/2026-06-22T160715Z/raw,1070,1034,bf973ff3ecce3842bc807909b6a11c9ba3d11429,d3881a1328862a39dc4af32e15c4826237a09adca2da7038eafb5659ddb68bb4,3cbd5f76b124b82ce4f26fb66fcb37946580c4a15ad9e837f6f5beb2a7d3fb8d,BAX,0.2789719626168224,0.16869158878504673,0.27559160432764973,0.055984555984555984,0.46439151688221386,0.31334622823984526,0.39932020770996957,0.10755813953488372,0.27221124603847713,0.8419913419913421,0.2789719626168224,0.2041062801932367,Baxter International Inc.,Healthcare,Medical Instruments & Supplies,10254491648,19.88999938964844,711.0,891.0,2026-06-18,none,NOT_SELECTED,,
2026-06-22T160715Z,2026-06-22T16:07:15.765832+00:00,2026-06-22T17:23:48.252300+00:00,2026-06-18,data/prospective/daily_qvp/snapshots/2026-06-22T160715Z/raw,1070,1034,bf973ff3ecce3842bc807909b6a11c9ba3d11429,d3881a1328862a39dc4af32e15c4826237a09adca2da7038eafb5659ddb68bb4,3cbd5f76b124b82ce4f26fb66fcb37946580c4a15ad9e837f6f5beb2a7d3fb8d,STZ,0.45817757009345794,0.3925233644859813,0.46737003504672897,0.3841698841698842,0.46435780114226377,0.31237911025145065,0.37463553835669783,0.07170542635658915,0.4765625,0.4583333333333333,0.45817757009345794,0.10546875,"Constellation Brands, Inc.",Consumer Defensive,Beverages - Brewers,24923492352,141.17999267578125,712.0,651.0,2026-06-18,none,NOT_SELECTED,,
2026-06-22T160715Z,2026-06-22T16:07:15.765832+00:00,2026-06-22T17:23:48.252300+00:00,2026-06-18,data/prospective/daily_qvp/snapshots/2026-06-22T160715Z/raw,1070,1034,bf973ff3ecce3842bc807909b6a11c9ba3d11429,d3881a1328862a39dc4af32e15c4826237a09adca2da7038eafb5659ddb68bb4,3cbd5f76b124b82ce4f26fb66fcb37946580c4a15ad9e837f6f5beb2a7d3fb8d,NSC,0.6369158878504673,0.7,0.523741011245082,0.5675675675675675,0.46420492195099855,0.3114119922630561,0.39426480257436003,0.09496124031007752,0.4105661346396966,0.3451327433628319,0.6369158878504673,0.1844444444444444,Norfolk Southern Corporation,Industrials,Railroads,68674105344,300.0799865722656,713.0,322.0,2026-06-18,none,NOT_SELECTED,,
2026-06-22T160715Z,2026-06-22T16:07:15.765832+00:00,2026-06-22T17:23:48.252300+00:00,2026-06-18,data/prospective/daily_qvp/snapshots/2026-06-22T160715Z/raw,1070,1034,bf973ff3ecce3842bc807909b6a11c9ba3d11429,d3881a1328862a39dc4af32e15c4826237a09adca2da7038eafb5659ddb68bb4,3cbd5f76b124b82ce4f26fb66fcb37946580c4a15ad9e837f6f5beb2a7d3fb8d,CACI,0.3724299065420561,0.27102803738317754,0.2893783439344187,0.07046332046332046,0.46419016722755035,0.3104448742746615,0.4489309137089511,0.26453488372093026,0.20632678132678128,0.8138138138138139,0.3724299065420561,0.40315315315315314,CACI International Inc,Technology,Information Technology Services,9835048960,466.4200134277344,714.0,781.0,2026-06-18,none,NOT_SELECTED,,
2026-06-22T160715Z,2026-06-22T16:07:15.765832+00:00,2026-06-22T17:23:48.252300+00:00,2026-06-18,data/prospective/daily_qvp/snapshots/2026-06-22T160715Z/raw,1070,1034,bf973ff3ecce3842bc807909b6a11c9ba3d11429,d3881a1328862a39dc4af32e15c4826237a09adca2da7038eafb5659ddb68bb4,3cbd5f76b124b82ce4f26fb66fcb37946580c4a15ad9e837f6f5beb2a7d3fb8d,ICUI,0.3691588785046729,0.2626168224299065,0.3538935823937107,0.14478764478764478,0.46392328292336843,0.30947775628626695,0.40483658457577915,0.11531007751937984,0.3386282862827485,0.683982683982684,0.3691588785046729,0.22757648953301124,"ICU Medical, Inc.",Healthcare,Medical Instruments & Supplies,3429994496,140.3699951171875,715.0,790.0,2026-06-18,none,NOT_SELECTED,,
2026-06-22T160715Z,2026-06-22T16:07:15.765832+00:00,2026-06-22T17:23:48.252300+00:00,2026-06-18,data/prospective/daily_qvp/snapshots/2026-06-22T160715Z/raw,1070,1034,bf973ff3ecce3842bc807909b6a11c9ba3d11429,d3881a1328862a39dc4af32e15c4826237a09adca2da7038eafb5659ddb68bb4,3cbd5f76b124b82ce4f26fb66fcb37946580c4a15ad9e837f6f5beb2a7d3fb8d,WAY,0.09485981308411212,0.024299065420560748,0.29262963911307005,0.07432432432432433,0.4638454448343989,0.30851063829787234,0.5247761931266043,0.5658914728682171,0.49039946514202803,0.8062770562770564,0.09485981308411212,0.7075684380032206,Waystar Holding Corp.,Healthcare,Health Information Services,3451673344,18.469999313354492,716.0,1045.0,2026-06-18,none,NOT_SELECTED,,
2026-06-22T160715Z,2026-06-22T16:07:15.765832+00:00,2026-06-22T17:23:48.252300+00:00,2026-06-18,data/prospective/daily_qvp/snapshots/2026-06-22T160715Z/raw,1070,1034,bf973ff3ecce3842bc807909b6a11c9ba3d11429,d3881a1328862a39dc4af32e15c4826237a09adca2da7038eafb5659ddb68bb4,3cbd5f76b124b82ce4f26fb66fcb37946580c4a15ad9e837f6f5beb2a7d3fb8d,PATK,0.30724299065420557,0.20093457943925233,0.3476017459416809,0.13416988416988418,0.46381865245553217,0.30754352030947774,0.4975645881440443,0.45058139534883723,0.38796050122915626,0.6962524654832348,0.30724299065420557,0.5988023952095808,"Patrick Industries, Inc.",Consumer Cyclical,Recreational Vehicles,2842632448,87.37000274658203,717.0,856.0,2026-06-18,none,NOT_SELECTED,,
2026-06-22T160715Z,2026-06-22T16:07:15.765832+00:00,2026-06-22T17:23:48.252300+00:00,2026-06-18,data/prospective/daily_qvp/snapshots/2026-06-22T160715Z/raw,1070,1034,bf973ff3ecce3842bc807909b6a11c9ba3d11429,d3881a1328862a39dc4af32e15c4826237a09adca2da7038eafb5659ddb68bb4,3cbd5f76b124b82ce4f26fb66fcb37946580c4a15ad9e837f6f5beb2a7d3fb8d,TMO,0.3922897196261682,0.29626168224299065,0.4226776733953828,0.26833976833976836,0.46360329741510364,0.3065764023210832,0.4202870141241297,0.16666666666666666,0.4530656271645974,0.5454545454545454,0.3922897196261682,0.29033816425120773,Thermo Fisher Scientific Inc.,Healthcare,Diagnostics & Research,172352471040,464.6099853515625,718.0,754.0,2026-06-18,none,NOT_SELECTED,,
2026-06-22T160715Z,2026-06-22T16:07:15.765832+00:00,2026-06-22T17:23:48.252300+00:00,2026-06-18,data/prospective/daily_qvp/snapshots/2026-06-22T160715Z/raw,1070,1034,bf973ff3ecce3842bc807909b6a11c9ba3d11429,d3881a1328862a39dc4af32e15c4826237a09adca2da7038eafb5659ddb68bb4,3cbd5f76b124b82ce4f26fb66fcb37946580c4a15ad9e837f6f5beb2a7d3fb8d,TECH,0.28948598130841113,0.17850467289719626,0.47661862360249296,0.4083011583011583,0.46348889481147443,0.3056092843326886,0.406131163862229,0.12112403100775193,0.6637512658965748,0.43722943722943725,0.28948598130841113,0.23405797101449274,Bio-Techne Corporation,Healthcare,Biotechnology,8806991872,57.939998626708984,719.0,880.0,2026-06-18,none,NOT_SELECTED,,
2026-06-22T160715Z,2026-06-22T16:07:15.765832+00:00,2026-06-22T17:23:48.252300+00:00,2026-06-18,data/prospective/daily_qvp/snapshots/2026-06-22T160715Z/raw,1070,1034,bf973ff3ecce3842bc807909b6a11c9ba3d11429,d3881a1328862a39dc4af32e15c4826237a09adca2da7038eafb5659ddb68bb4,3cbd5f76b124b82ce4f26fb66fcb37946580c4a15ad9e837f6f5beb2a7d3fb8d,IR,0.3408878504672897,0.22897196261682243,0.4269576341464135,0.2808880308880309,0.4631044994604409,0.30464216634429403,0.4628839301508862,0.311046511627907,0.5130274178255373,0.5353982300884956,0.3408878504672897,0.4622222222222222,Ingersoll Rand Inc.,Industrials,Specialty Industrial Machinery,30549710848,77.91000366210938,720.0,826.0,2026-06-18,none,NOT_SELECTED,,
2026-06-22T160715Z,2026-06-22T16:07:15.765832+00:00,2026-06-22T17:23:48.252300+00:00,2026-06-18,data/prospective/daily_qvp/snapshots/2026-06-22T160715Z/raw,1070,1034,bf973ff3ecce3842bc807909b6a11c9ba3d11429,d3881a1328862a39dc4af32e15c4826237a09adca2da7038eafb5659ddb68bb4,3cbd5f76b124b82ce4f26fb66fcb37946580c4a15ad9e837f6f5beb2a7d3fb8d,EFX,0.20210280373831774,0.09439252336448598,0.3950374559146709,0.20945945945945946,0.4624733481909015,0.3036750483558994,0.4696327889209539,0.34011627906976744,0.5879721080910241,0.5973451327433628,0.20210280373831774,0.49111111111111105,Equifax Inc.,Industrials,Consulting Services,18505347072,153.92999267578125,721.0,970.0,2026-06-18,none,NOT_SELECTED,,
2026-06-22T160715Z,2026-06-22T16:07:15.765832+00:00,2026-06-22T17:23:48.252300+00:00,2026-06-18,data/prospective/daily_qvp/snapshots/2026-06-22T160715Z/raw,1070,1034,bf973ff3ecce3842bc807909b6a11c9ba3d11429,d3881a1328862a39dc4af32e15c4826237a09adca2da7038eafb5659ddb68bb4,3cbd5f76b124b82ce4f26fb66fcb37946580c4a15ad9e837f6f5beb2a7d3fb8d,CHEF,0.6651869158878504,0.7490654205607477,0.5161872079439251,0.5482625482625483,0.46218036085150577,0.3027079303675048,0.5302290206386293,0.5949612403100775,0.3671875,0.3541666666666667,0.6651869158878504,0.734375,"The Chefs' Warehouse, Inc.",Consumer Defensive,Food Distribution,3912613376,95.4000015258789,722.0,270.0,2026-06-18,none,NOT_SELECTED,,
2026-06-22T160715Z,2026-06-22T16:07:15.765832+00:00,2026-06-22T17:23:48.252300+00:00,2026-06-18,data/prospective/daily_qvp/snapshots/2026-06-22T160715Z/raw,1070,1034,bf973ff3ecce3842bc807909b6a11c9ba3d11429,d3881a1328862a39dc4af32e15c4826237a09adca2da7038eafb5659ddb68bb4,3cbd5f76b124b82ce4f26fb66fcb37946580c4a15ad9e837f6f5beb2a7d3fb8d,MOD,0.7235981308411216,0.8504672897196262,0.6133746072785186,0.7712355212355212,0.4621708427221682,0.30174081237911027,0.5225263356344405,0.5532945736434108,0.5031510837159155,0.1597633136094674,0.7235981308411216,0.7035928143712574,Modine Manufacturing Company,Consumer Cyclical,Auto Parts,15213059072,297.3699951171875,723.0,161.0,2026-06-18,none,NOT_SELECTED,,
2026-06-22T160715Z,2026-06-22T16:07:15.765832+00:00,2026-06-22T17:23:48.252300+00:00,2026-06-18,data/prospective/daily_qvp/snapshots/2026-06-22T160715Z/raw,1070,1034,bf973ff3ecce3842bc807909b6a11c9ba3d11429,d3881a1328862a39dc4af32e15c4826237a09adca2da7038eafb5659ddb68bb4,3cbd5f76b124b82ce4f26fb66fcb37946580c4a15ad9e837f6f5beb2a7d3fb8d,HGV,0.5429906542056074,0.5317757009345795,0.42180103964222193,0.26544401544401547,0.4620027969738416,0.30077369439071566,0.4048853312633153,0.11627906976744186,0.30061142507883637,0.5424063116370809,0.5429906542056074,0.23353293413173648,Hilton Grand Vacations Inc.,Consumer Cyclical,Resorts & Casinos,4093795840,52.72999954223633,724.0,502.0,2026-06-18,none,NOT_SELECTED,,
2026-06-22T160715Z,2026-06-22T16:07:15.765832+00:00,2026-06-22T17:23:48.252300+00:00,2026-06-18,data/prospective/daily_qvp/snapshots/2026-06-22T160715Z/raw,1070,1034,bf973ff3ecce3842bc807909b6a11c9ba3d11429,d3881a1328862a39dc4af32e15c4826237a09adca2da7038eafb5659ddb68bb4,3cbd5f76b124b82ce4f26fb66fcb37946580c4a15ad9e837f6f5beb2a7d3fb8d,MSI,0.5189252336448598,0.4897196261682243,0.5123700697298827,0.5357142857142857,0.4611996661062081,0.29980657640232106,0.4337375874174939,0.20930232558139536,0.5058149058149058,0.3588588588588588,0.5189252336448598,0.3513513513513513,"Motorola Solutions, Inc.",Technology,Communication Equipment,66098614272,395.1700134277344,725.0,547.0,2026-06-18,none,NOT_SELECTED,,
2026-06-22T160715Z,2026-06-22T16:07:15.765832+00:00,2026-06-22T17:23:48.252300+00:00,2026-06-18,data/prospective/daily_qvp/snapshots/2026-06-22T160715Z/raw,1070,1034,bf973ff3ecce3842bc807909b6a11c9ba3d11429,d3881a1328862a39dc4af32e15c4826237a09adca2da7038eafb5659ddb68bb4,3cbd5f76b124b82ce4f26fb66fcb37946580c4a15ad9e837f6f5beb2a7d3fb8d,BCO,0.39369158878504673,0.3,0.3638169938236232,0.16216216216216217,0.4610795691370861,0.2988394584139265,0.515254121297259,0.5184108527131783,0.33394239886219973,0.6556047197640118,0.39369158878504673,0.6777777777777778,The Brink's Company,Industrials,Security & Protection Services,4017724160,97.66999816894533,726.0,750.0,2026-06-18,none,NOT_SELECTED,,
2026-06-22T160715Z,2026-06-22T16:07:15.765832+00:00,2026-06-22T17:23:48.252300+00:00,2026-06-18,data/prospective/daily_qvp/snapshots/2026-06-22T160715Z/raw,1070,1034,bf973ff3ecce3842bc807909b6a11c9ba3d11429,d3881a1328862a39dc4af32e15c4826237a09adca2da7038eafb5659ddb68bb4,3cbd5f76b124b82ce4f26fb66fcb37946580c4a15ad9e837f6f5beb2a7d3fb8d,FIS,0.21331775700934574,0.10373831775700934,0.2700648981606925,0.05115830115830116,0.46007329547049175,0.2978723404255319,0.39854596259385977,0.10562015503875968,0.3268120393120393,0.8400900900900901,0.21331775700934574,0.2139639639639639,"Fidelity National Information Services, Inc.",Technology,Information Technology Services,19501848576,38.209999084472656,727.0,960.0,2026-06-18,none,NOT_SELECTED,,
2026-06-22T160715Z,2026-06-22T16:07:15.765832+00:00,2026-06-22T17:23:48.252300+00:00,2026-06-18,data/prospective/daily_qvp/snapshots/2026-06-22T160715Z/raw,1070,1034,bf973ff3ecce3842bc807909b6a11c9ba3d11429,d3881a1328862a39dc4af32e15c4826237a09adca2da7038eafb5659ddb68bb4,3cbd5f76b124b82ce4f26fb66fcb37946580c4a15ad9e837f6f5beb2a7d3fb8d,PRIM,0.24649532710280367,0.12897196261682242,0.3476718497081654,0.13513513513513514,0.4599031603757484,0.29690522243713735,0.5277051480595891,0.5843023255813954,0.44884837231352714,0.6843657817109144,0.24649532710280367,0.731111111111111,Primoris Services Corporation,Industrials,Engineering & Construction,5606162432,101.3000030517578,728.0,933.0,2026-06-18,none,NOT_SELECTED,,
2026-06-22T160715Z,2026-06-22T16:07:15.765832+00:00,2026-06-22T17:23:48.252300+00:00,2026-06-18,data/prospective/daily_qvp/snapshots/2026-06-22T160715Z/raw,1070,1034,bf973ff3ecce3842bc807909b6a11c9ba3d11429,d3881a1328862a39dc4af32e15c4826237a09adca2da7038eafb5659ddb68bb4,3cbd5f76b124b82ce4f26fb66fcb37946580c4a15ad9e837f6f5beb2a7d3fb8d,XRAY,0.22406542056074763,0.1102803738317757,0.27961917844607537,0.05888030888030888,0.45914005835798966,0.29593810444874274,0.4192141419971557,0.1569767441860465,0.3351729363314031,0.8181818181818182,0.22406542056074763,0.2994363929146538,DENTSPLY SIRONA Inc.,Healthcare,Medical Instruments & Supplies,2051345280,10.329999923706056,729.0,953.0,2026-06-18,none,NOT_SELECTED,,
2026-06-22T160715Z,2026-06-22T16:07:15.765832+00:00,2026-06-22T17:23:48.252300+00:00,2026-06-18,data/prospective/daily_qvp/snapshots/2026-06-22T160715Z/raw,1070,1034,bf973ff3ecce3842bc807909b6a11c9ba3d11429,d3881a1328862a39dc4af32e15c4826237a09adca2da7038eafb5659ddb68bb4,3cbd5f76b124b82ce4f26fb66fcb37946580c4a15ad9e837f6f5beb2a7d3fb8d,CPB,0.2717289719626168,0.1616822429906542,0.2979738609813084,0.07722007722007722,0.45906590732087227,0.29497098646034814,0.5161744304906541,0.5222868217054264,0.32421875,0.78125,0.2717289719626168,0.6875,The Campbell's Company,Consumer Defensive,Packaged Foods,6204180992,21.149999618530273,730.0,898.0,2026-06-18,none,NOT_SELECTED,,
2026-06-22T160715Z,2026-06-22T16:07:15.765832+00:00,2026-06-22T17:23:48.252300+00:00,2026-06-18,data/prospective/daily_qvp/snapshots/2026-06-22T160715Z/raw,1070,1034,bf973ff3ecce3842bc807909b6a11c9ba3d11429,d3881a1328862a39dc4af32e15c4826237a09adca2da7038eafb5659ddb68bb4,3cbd5f76b124b82ce4f26fb66fcb37946580c4a15ad9e837f6f5beb2a7d3fb8d,ADP,0.3710280373831776,0.26635514018691586,0.4385852717628419,0.30405405405405406,0.4590568478418946,0.2940038684719536,0.42987822146700655,0.19573643410852712,0.5061425061425062,0.5,0.3710280373831776,0.3423423423423423,"Automatic Data Processing, Inc.",Technology,Software - Application,86252658688,218.41000366210935,731.0,786.0,2026-06-18,none,NOT_SELECTED,,
2026-06-22T160715Z,2026-06-22T16:07:15.765832+00:00,2026-06-22T17:23:48.252300+00:00,2026-06-18,data/prospective/daily_qvp/snapshots/2026-06-22T160715Z/raw,1070,1034,bf973ff3ecce3842bc807909b6a11c9ba3d11429,d3881a1328862a39dc4af32e15c4826237a09adca2da7038eafb5659ddb68bb4,3cbd5f76b124b82ce4f26fb66fcb37946580c4a15ad9e837f6f5beb2a7d3fb8d,DNOW,0.32079439252336445,0.21121495327102804,0.31494839727306023,0.09362934362934362,0.4589823140129153,0.293036750483559,0.4550700688430198,0.2858527131782946,0.30910240202275596,0.7470501474926254,0.32079439252336445,0.4433333333333333,DNOW Inc.,Industrials,Industrial Distribution,2514570752,13.5,732.0,845.0,2026-06-18,none,NOT_SELECTED,,
2026-06-22T160715Z,2026-06-22T16:07:15.765832+00:00,2026-06-22T17:23:48.252300+00:00,2026-06-18,data/prospective/daily_qvp/snapshots/2026-06-22T160715Z/raw,1070,1034,bf973ff3ecce3842bc807909b6a11c9ba3d11429,d3881a1328862a39dc4af32e15c4826237a09adca2da7038eafb5659ddb68bb4,3cbd5f76b124b82ce4f26fb66fcb37946580c4a15ad9e837f6f5beb2a7d3fb8d,P,0.42383177570093455,0.35,0.5224554046399841,0.5627413127413128,0.45891421370393326,0.29206963249516443,0.4545460206383103,0.28391472868217055,0.6210790335790336,0.3318318318318318,0.42383177570093455,0.4414414414414414,"Everpure, Inc.",Technology,Computer Hardware,25399062528,74.61000061035156,733.0,697.0,2026-06-18,none,NOT_SELECTED,,
2026-06-22T160715Z,2026-06-22T16:07:15.765832+00:00,2026-06-22T17:23:48.252300+00:00,2026-06-18,data/prospective/daily_qvp/snapshots/2026-06-22T160715Z/raw,1070,1034,bf973ff3ecce3842bc807909b6a11c9ba3d11429,d3881a1328862a39dc4af32e15c4826237a09adca2da7038eafb5659ddb68bb4,3cbd5f76b124b82ce4f26fb66fcb37946580c4a15ad9e837f6f5beb2a7d3fb8d,CARR,0.5572429906542056,0.5616822429906542,0.4536619899541572,0.3436293436293436,0.4587835095269603,0.2911025145067698,0.39686540992299796,0.10174418604651163,0.35008098925410874,0.4690265486725664,0.5572429906542056,0.2111111111111111,Carrier Global Corporation,Industrials,Building Products & Equipment,59901460480,71.80999755859375,734.0,470.0,2026-06-18,none,NOT_SELECTED,,
2026-06-22T160715Z,2026-06-22T16:07:15.765832+00:00,2026-06-22T17:23:48.252300+00:00,2026-06-18,data/prospective/daily_qvp/snapshots/2026-06-22T160715Z/raw,1070,1034,bf973ff3ecce3842bc807909b6a11c9ba3d11429,d3881a1328862a39dc4af32e15c4826237a09adca2da7038eafb5659ddb68bb4,3cbd5f76b124b82ce4f26fb66fcb37946580c4a15ad9e837f6f5beb2a7d3fb8d,NATL,0.6207943925233645,0.6654205607476635,0.40506857218305814,0.2306949806949807,0.45873440347739414,0.2901353965183752,0.40992918098642395,0.13372093023255813,0.1893427518427518,0.5660660660660661,0.6207943925233645,0.2635135135135135,NCR Atleos Corporation,Technology,Software - Application,3219433472,43.630001068115234,735.0,359.0,2026-06-18,none,NOT_SELECTED,,
2026-06-22T160715Z,2026-06-22T16:07:15.765832+00:00,2026-06-22T17:23:48.252300+00:00,2026-06-18,data/prospective/daily_qvp/snapshots/2026-06-22T160715Z/raw,1070,1034,bf973ff3ecce3842bc807909b6a11c9ba3d11429,d3881a1328862a39dc4af32e15c4826237a09adca2da7038eafb5659ddb68bb4,3cbd5f76b124b82ce4f26fb66fcb37946580c4a15ad9e837f6f5beb2a7d3fb8d,ZG,0.10887850467289718,0.03457943925233645,0.3546232204299212,0.14671814671814673,0.4586377025088364,0.28916827852998067,0.5439782768816273,0.6666666666666666,0.6003679361869453,0.6666666666666666,0.10887850467289718,0.8,"Zillow Group, Inc.",Communication Services,Internet Content & Information,7044807680,32.4900016784668,736.0,1034.0,2026-06-18,none,NOT_SELECTED,,
2026-06-22T160715Z,2026-06-22T16:07:15.765832+00:00,2026-06-22T17:23:48.252300+00:00,2026-06-18,data/prospective/daily_qvp/snapshots/2026-06-22T160715Z/raw,1070,1034,bf973ff3ecce3842bc807909b6a11c9ba3d11429,d3881a1328862a39dc4af32e15c4826237a09adca2da7038eafb5659ddb68bb4,3cbd5f76b124b82ce4f26fb66fcb37946580c4a15ad9e837f6f5beb2a7d3fb8d,FANG,0.7044392523364486,0.8205607476635514,0.51293391188251,0.5424710424710425,0.4584358665584613,0.28820116054158607,0.4759697570617031,0.3633720930232558,0.3214285714285714,0.34943977591036407,0.7044392523364486,0.5285714285714286,"Diamondback Energy, Inc.",Energy,Oil & Gas E&P,52774379520,183.5,737.0,193.0,2026-06-18,none,NOT_SELECTED,,
2026-06-22T160715Z,2026-06-22T16:07:15.765832+00:00,2026-06-22T17:23:48.252300+00:00,2026-06-18,data/prospective/daily_qvp/snapshots/2026-06-22T160715Z/raw,1070,1034,bf973ff3ecce3842bc807909b6a11c9ba3d11429,d3881a1328862a39dc4af32e15c4826237a09adca2da7038eafb5659ddb68bb4,3cbd5f76b124b82ce4f26fb66fcb37946580c4a15ad9e837f6f5beb2a7d3fb8d,QTWO,0.12663551401869155,0.04392523364485981,0.3356713606129494,0.11486486486486487,0.45801514130953375,0.2872340425531915,0.5253807253515197,0.5687984496124031,0.5447072072072072,0.7027027027027026,0.12663551401869155,0.7274774774774775,"Q2 Holdings, Inc.",Technology,Software - Application,2569121536,42.849998474121094,738.0,1024.0,2026-06-18,none,NOT_SELECTED,,
2026-06-22T160715Z,2026-06-22T16:07:15.765832+00:00,2026-06-22T17:23:48.252300+00:00,2026-06-18,data/prospective/daily_qvp/snapshots/2026-06-22T160715Z/raw,1070,1034,bf973ff3ecce3842bc807909b6a11c9ba3d11429,d3881a1328862a39dc4af32e15c4826237a09adca2da7038eafb5659ddb68bb4,3cbd5f76b124b82ce4f26fb66fcb37946580c4a15ad9e837f6f5beb2a7d3fb8d,AAP,0.4757009345794392,0.4177570093457944,0.38435313503115975,0.19305019305019305,0.45741885530676923,0.2862669245647969,0.4710581534561248,0.3478682170542636,0.2930053354828803,0.6035502958579881,0.4757009345794392,0.5119760479041915,"Advance Auto Parts, Inc.",Consumer Cyclical,Auto Parts,3408600320,60.099998474121094,739.0,624.0,2026-06-18,none,NOT_SELECTED,,
2026-06-22T160715Z,2026-06-22T16:07:15.765832+00:00,2026-06-22T17:23:48.252300+00:00,2026-06-18,data/prospective/daily_qvp/snapshots/2026-06-22T160715Z/raw,1070,1034,bf973ff3ecce3842bc807909b6a11c9ba3d11429,d3881a1328862a39dc4af32e15c4826237a09adca2da7038eafb5659ddb68bb4,3cbd5f76b124b82ce4f26fb66fcb37946580c4a15ad9e837f6f5beb2a7d3fb8d,VMC,0.48014018691588783,0.4261682242990654,0.5379867601246106,0.611003861003861,0.45680598823122187,0.2852998065764023,0.5071878245067497,0.4844961240310077,0.5958333333333333,0.29444444444444445,0.48014018691588783,0.6583333333333333,Vulcan Materials Company,Basic Materials,Building Materials,39552536576,302.8399963378906,740.0,615.0,2026-06-18,none,NOT_SELECTED,,
2026-06-22T160715Z,2026-06-22T16:07:15.765832+00:00,2026-06-22T17:23:48.252300+00:00,2026-06-18,data/prospective/daily_qvp/snapshots/2026-06-22T160715Z/raw,1070,1034,bf973ff3ecce3842bc807909b6a11c9ba3d11429,d3881a1328862a39dc4af32e15c4826237a09adca2da7038eafb5659ddb68bb4,3cbd5f76b124b82ce4f26fb66fcb37946580c4a15ad9e837f6f5beb2a7d3fb8d,MKSI,0.7850467289719626,0.9663551401869159,0.5266398673524841,0.5743243243243243,0.4561983500067612,0.28433268858800775,0.42942353727984567,0.1928294573643411,0.26823300573300574,0.31531531531531526,0.7850467289719626,0.3490990990990991,MKS Inc.,Technology,Scientific & Technical Instruments,28009197568,406.3699951171875,741.0,37.0,2026-06-18,none,NOT_SELECTED,,
2026-06-22T160715Z,2026-06-22T16:07:15.765832+00:00,2026-06-22T17:23:48.252300+00:00,2026-06-18,data/prospective/daily_qvp/snapshots/2026-06-22T160715Z/raw,1070,1034,bf973ff3ecce3842bc807909b6a11c9ba3d11429,d3881a1328862a39dc4af32e15c4826237a09adca2da7038eafb5659ddb68bb4,3cbd5f76b124b82ce4f26fb66fcb37946580c4a15ad9e837f6f5beb2a7d3fb8d,HAYW,0.3857476635514019,0.28785046728971964,0.40288785674409533,0.22876447876447875,0.45541589662979026,0.28336557059961315,0.4943397002501205,0.4312015503875969,0.4200280499367888,0.56047197640118,0.3857476635514019,0.6111111111111112,"Hayward Holdings, Inc.",Industrials,Electrical Equipment & Parts,3233833216,15.0,742.0,763.0,2026-06-18,none,NOT_SELECTED,,
2026-06-22T160715Z,2026-06-22T16:07:15.765832+00:00,2026-06-22T17:23:48.252300+00:00,2026-06-18,data/prospective/daily_qvp/snapshots/2026-06-22T160715Z/raw,1070,1034,bf973ff3ecce3842bc807909b6a11c9ba3d11429,d3881a1328862a39dc4af32e15c4826237a09adca2da7038eafb5659ddb68bb4,3cbd5f76b124b82ce4f26fb66fcb37946580c4a15ad9e837f6f5beb2a7d3fb8d,ATRO,0.7301401869158879,0.8640186915887851,0.580061994532533,0.7017374517374517,0.455046246109201,0.28239845261121854,0.544618017915234,0.6724806201550387,0.42998380214917814,0.20501474926253685,0.7301401869158879,0.8133333333333334,Astronics Corporation,Industrials,Aerospace & Defense,3480456960,80.55999755859375,743.0,147.0,2026-06-18,none,NOT_SELECTED,,
2026-06-22T160715Z,2026-06-22T16:07:15.765832+00:00,2026-06-22T17:23:48.252300+00:00,2026-06-18,data/prospective/daily_qvp/snapshots/2026-06-22T160715Z/raw,1070,1034,bf973ff3ecce3842bc807909b6a11c9ba3d11429,d3881a1328862a39dc4af32e15c4826237a09adca2da7038eafb5659ddb68bb4,3cbd5f76b124b82ce4f26fb66fcb37946580c4a15ad9e837f6f5beb2a7d3fb8d,ATMU,0.45957943925233646,0.39626168224299063,0.5135582719129725,0.5444015444015444,0.4534832923864261,0.281431334622824,0.5085256429425142,0.49127906976744184,0.5675371045736085,0.3333333333333333,0.45957943925233646,0.6736526946107784,Atmus Filtration Technologies Inc.,Consumer Cyclical,Auto Parts,4289436160,51.790000915527344,744.0,647.0,2026-06-18,none,NOT_SELECTED,,
2026-06-22T160715Z,2026-06-22T16:07:15.765832+00:00,2026-06-22T17:23:48.252300+00:00,2026-06-18,data/prospective/daily_qvp/snapshots/2026-06-22T160715Z/raw,1070,1034,bf973ff3ecce3842bc807909b6a11c9ba3d11429,d3881a1328862a39dc4af32e15c4826237a09adca2da7038eafb5659ddb68bb4,3cbd5f76b124b82ce4f26fb66fcb37946580c4a15ad9e837f6f5beb2a7d3fb8d,ICHR,0.7399532710280374,0.888785046728972,0.4714354807228639,0.3947876447876448,0.4534294596210484,0.2804642166344294,0.40989191453560614,0.13275193798449614,0.20291769041769037,0.41741741741741745,0.7399532710280374,0.27927927927927926,"Ichor Holdings, Ltd.",Technology,Semiconductor Equipment & Materials,3374781952,98.61000061035156,745.0,120.0,2026-06-18,none,NOT_SELECTED,,
2026-06-22T160715Z,2026-06-22T16:07:15.765832+00:00,2026-06-22T17:23:48.252300+00:00,2026-06-18,data/prospective/daily_qvp/snapshots/2026-06-22T160715Z/raw,1070,1034,bf973ff3ecce3842bc807909b6a11c9ba3d11429,d3881a1328862a39dc4af32e15c4826237a09adca2da7038eafb5659ddb68bb4,3cbd5f76b124b82ce4f26fb66fcb37946580c4a15ad9e837f6f5beb2a7d3fb8d,YUM,0.5488317757009346,0.5392523364485982,0.5978580778576044,0.7480694980694981,0.4531414141667394,0.27949709864603484,0.47308959355918634,0.35755813953488375,0.6468843800142741,0.16370808678500978,0.5488317757009346,0.532934131736527,"Yum! Brands, Inc.",Consumer Cyclical,Restaurants,41748344832,151.99000549316406,746.0,494.0,2026-06-18,none,NOT_SELECTED,,
2026-06-22T160715Z,2026-06-22T16:07:15.765832+00:00,2026-06-22T17:23:48.252300+00:00,2026-06-18,data/prospective/daily_qvp/snapshots/2026-06-22T160715Z/raw,1070,1034,bf973ff3ecce3842bc807909b6a11c9ba3d11429,d3881a1328862a39dc4af32e15c4826237a09adca2da7038eafb5659ddb68bb4,3cbd5f76b124b82ce4f26fb66fcb37946580c4a15ad9e837f6f5beb2a7d3fb8d,HD,0.41285046728971964,0.33457943925233646,0.5134373189417217,0.5434362934362934,0.45274519487633524,0.27852998065764023,0.43536727939078435,0.21705426356589147,0.6140241705937238,0.3313609467455621,0.41285046728971964,0.3832335329341317,"The Home Depot, Inc.",Consumer Cyclical,Home Improvement Retail,328614772736,334.2799987792969,747.0,713.0,2026-06-18,none,NOT_SELECTED,,
2026-06-22T160715Z,2026-06-22T16:07:15.765832+00:00,2026-06-22T17:23:48.252300+00:00,2026-06-18,data/prospective/daily_qvp/snapshots/2026-06-22T160715Z/raw,1070,1034,bf973ff3ecce3842bc807909b6a11c9ba3d11429,d3881a1328862a39dc4af32e15c4826237a09adca2da7038eafb5659ddb68bb4,3cbd5f76b124b82ce4f26fb66fcb37946580c4a15ad9e837f6f5beb2a7d3fb8d,BRKR,0.47663551401869153,0.41869158878504675,0.4203346483940861,0.25868725868725867,0.4526617713680632,0.2775628626692456,0.3640937520365144,0.055232558139534885,0.3640337827694807,0.5173160173160173,0.47663551401869153,0.0983896940418679,Bruker Corporation,Healthcare,Medical Devices,8690561024,57.22999954223633,748.0,623.0,2026-06-18,none,NOT_SELECTED,,
2026-06-22T160715Z,2026-06-22T16:07:15.765832+00:00,2026-06-22T17:23:48.252300+00:00,2026-06-18,data/prospective/daily_qvp/snapshots/2026-06-22T160715Z/raw,1070,1034,bf973ff3ecce3842bc807909b6a11c9ba3d11429,d3881a1328862a39dc4af32e15c4826237a09adca2da7038eafb5659ddb68bb4,3cbd5f76b124b82ce4f26fb66fcb37946580c4a15ad9e837f6f5beb2a7d3fb8d,ORLY,0.4869158878504673,0.4350467289719626,0.5950784033445184,0.7393822393822393,0.4526032222165297,0.2765957446808511,0.48840451247078054,0.4069767441860465,0.7032409188385697,0.16765285996055224,0.4869158878504673,0.5958083832335329,"O'Reilly Automotive, Inc.",Consumer Cyclical,Auto Parts,70967017472,86.83999633789062,749.0,605.0,2026-06-18,none,NOT_SELECTED,,
2026-06-22T160715Z,2026-06-22T16:07:15.765832+00:00,2026-06-22T17:23:48.252300+00:00,2026-06-18,data/prospective/daily_qvp/snapshots/2026-06-22T160715Z/raw,1070,1034,bf973ff3ecce3842bc807909b6a11c9ba3d11429,d3881a1328862a39dc4af32e15c4826237a09adca2da7038eafb5659ddb68bb4,3cbd5f76b124b82ce4f26fb66fcb37946580c4a15ad9e837f6f5beb2a7d3fb8d,ZTS,0.15046728971962614,0.05700934579439252,0.40813502313447514,0.23552123552123552,0.4524651957981638,0.27562862669245647,0.42407111907084505,0.1753875968992248,0.6658027565493241,0.5411255411255411,0.15046728971962614,0.33888888888888885,Zoetis Inc.,Healthcare,Drug Manufacturers - Specialty & Generic,32108681216,78.70999908447266,750.0,1010.0,2026-06-18,none,NOT_SELECTED,,
2026-06-22T160715Z,2026-06-22T16:07:15.765832+00:00,2026-06-22T17:23:48.252300+00:00,2026-06-18,data/prospective/daily_qvp/snapshots/2026-06-22T160715Z/raw,1070,1034,bf973ff3ecce3842bc807909b6a11c9ba3d11429,d3881a1328862a39dc4af32e15c4826237a09adca2da7038eafb5659ddb68bb4,3cbd5f76b124b82ce4f26fb66fcb37946580c4a15ad9e837f6f5beb2a7d3fb8d,IDXX,0.3058411214953271,0.197196261682243,0.5470031514978745,0.6312741312741312,0.45197035496683696,0.2746615087040619,0.4755518402992018,0.3624031007751938,0.7881651815004218,0.26190476190476186,0.3058411214953271,0.5462962962962963,"IDEXX Laboratories, Inc.",Healthcare,Diagnostics & Research,43366322176,562.0900268554688,751.0,860.0,2026-06-18,none,NOT_SELECTED,,
2026-06-22T160715Z,2026-06-22T16:07:15.765832+00:00,2026-06-22T17:23:48.252300+00:00,2026-06-18,data/prospective/daily_qvp/snapshots/2026-06-22T160715Z/raw,1070,1034,bf973ff3ecce3842bc807909b6a11c9ba3d11429,d3881a1328862a39dc4af32e15c4826237a09adca2da7038eafb5659ddb68bb4,3cbd5f76b124b82ce4f26fb66fcb37946580c4a15ad9e837f6f5beb2a7d3fb8d,GRND,0.2864485981308411,0.17476635514018693,0.47967239488851643,0.4189189189189189,0.4519137287244764,0.2736943907156673,0.5101064677145284,0.5048449612403101,0.6728961916461917,0.39639639639639634,0.2864485981308411,0.6846846846846847,Grindr Inc.,Technology,Software - Application,2326433280,13.350000381469728,752.0,884.0,2026-06-18,none,NOT_SELECTED,,
2026-06-22T160715Z,2026-06-22T16:07:15.765832+00:00,2026-06-22T17:23:48.252300+00:00,2026-06-18,data/prospective/daily_qvp/snapshots/2026-06-22T160715Z/raw,1070,1034,bf973ff3ecce3842bc807909b6a11c9ba3d11429,d3881a1328862a39dc4af32e15c4826237a09adca2da7038eafb5659ddb68bb4,3cbd5f76b124b82ce4f26fb66fcb37946580c4a15ad9e837f6f5beb2a7d3fb8d,KMX,0.3184579439252336,0.20841121495327103,0.2408898260785607,0.032818532818532815,0.45184897017992137,0.2727272727272727,0.40325798511997096,0.11337209302325581,0.16332170823188782,0.8737672583826429,0.3184579439252336,0.25748502994011974,"CarMax, Inc.",Consumer Cyclical,Auto & Truck Dealerships,7487123968,53.65999984741211,753.0,848.0,2026-06-18,none,NOT_SELECTED,,
2026-06-22T160715Z,2026-06-22T16:07:15.765832+00:00,2026-06-22T17:23:48.252300+00:00,2026-06-18,data/prospective/daily_qvp/snapshots/2026-06-22T160715Z/raw,1070,1034,bf973ff3ecce3842bc807909b6a11c9ba3d11429,d3881a1328862a39dc4af32e15c4826237a09adca2da7038eafb5659ddb68bb4,3cbd5f76b124b82ce4f26fb66fcb37946580c4a15ad9e837f6f5beb2a7d3fb8d,BTU,0.33738317757009345,0.2252336448598131,0.3544058744993324,0.14575289575289574,0.4518168014869499,0.27176015473887816,0.3763626011152124,0.07461240310077519,0.3714285714285714,0.6466386554621849,0.33738317757009345,0.14999999999999997,Peabody Energy Corporation,Energy,Thermal Coal,2939246080,24.799999237060547,754.0,830.0,2026-06-18,none,NOT_SELECTED,,
2026-06-22T160715Z,2026-06-22T16:07:15.765832+00:00,2026-06-22T17:23:48.252300+00:00,2026-06-18,data/prospective/daily_qvp/snapshots/2026-06-22T160715Z/raw,1070,1034,bf973ff3ecce3842bc807909b6a11c9ba3d11429,d3881a1328862a39dc4af32e15c4826237a09adca2da7038eafb5659ddb68bb4,3cbd5f76b124b82ce4f26fb66fcb37946580c4a15ad9e837f6f5beb2a7d3fb8d,PII,0.4780373831775701,0.4205607476635514,0.38697354793695093,0.1969111969111969,0.45127625089287854,0.27079303675048355,0.3766308408642697,0.0755813953488372,0.29590971269633176,0.5798816568047337,0.4780373831775701,0.15269461077844304,Polaris Inc.,Consumer Cyclical,Recreational Vehicles,3968805888,71.36000061035156,755.0,621.0,2026-06-18,none,NOT_SELECTED,,
2026-06-22T160715Z,2026-06-22T16:07:15.765832+00:00,2026-06-22T17:23:48.252300+00:00,2026-06-18,data/prospective/daily_qvp/snapshots/2026-06-22T160715Z/raw,1070,1034,bf973ff3ecce3842bc807909b6a11c9ba3d11429,d3881a1328862a39dc4af32e15c4826237a09adca2da7038eafb5659ddb68bb4,3cbd5f76b124b82ce4f26fb66fcb37946580c4a15ad9e837f6f5beb2a7d3fb8d,WMG,0.5841121495327102,0.602803738317757,0.49868454347773583,0.4855212355212355,0.45081385024119586,0.269825918762089,0.41866594323645245,0.15406976744186046,0.4132569374227615,0.3550724637681159,0.5841121495327102,0.3222222222222222,Warner Music Group Corp.,Communication Services,Entertainment,14146212864,28.170000076293945,756.0,426.0,2026-06-18,none,NOT_SELECTED,,
2026-06-22T160715Z,2026-06-22T16:07:15.765832+00:00,2026-06-22T17:23:48.252300+00:00,2026-06-18,data/prospective/daily_qvp/snapshots/2026-06-22T160715Z/raw,1070,1034,bf973ff3ecce3842bc807909b6a11c9ba3d11429,d3881a1328862a39dc4af32e15c4826237a09adca2da7038eafb5659ddb68bb4,3cbd5f76b124b82ce4f26fb66fcb37946580c4a15ad9e837f6f5beb2a7d3fb8d,SYY,0.5109813084112149,0.4719626168224299,0.45666252920560746,0.3552123552123552,0.450275019470405,0.2688588007736944,0.45294063960280373,0.2771317829457364,0.40234375,0.4375,0.5109813084112149,0.4609375,Sysco Corporation,Consumer Defensive,Food Distribution,37561245696,78.69999694824219,757.0,566.0,2026-06-18,none,NOT_SELECTED,,
2026-06-22T160715Z,2026-06-22T16:07:15.765832+00:00,2026-06-22T17:23:48.252300+00:00,2026-06-18,data/prospective/daily_qvp/snapshots/2026-06-22T160715Z/raw,1070,1034,bf973ff3ecce3842bc807909b6a11c9ba3d11429,d3881a1328862a39dc4af32e15c4826237a09adca2da7038eafb5659ddb68bb4,3cbd5f76b124b82ce4f26fb66fcb37946580c4a15ad9e837f6f5beb2a7d3fb8d,PEP,0.5570093457943925,0.5602803738317756,0.5343640478971963,0.6003861003861004,0.44999269859813085,0.2678916827852998,0.47226014894859814,0.3546511627906977,0.51171875,0.28125,0.5570093457943925,0.5390625,"PepsiCo, Inc.",Consumer Defensive,Beverages - Non-Alcoholic,193859567616,142.02000427246094,758.0,472.0,2026-06-18,none,NOT_SELECTED,,
2026-06-22T160715Z,2026-06-22T16:07:15.765832+00:00,2026-06-22T17:23:48.252300+00:00,2026-06-18,data/prospective/daily_qvp/snapshots/2026-06-22T160715Z/raw,1070,1034,bf973ff3ecce3842bc807909b6a11c9ba3d11429,d3881a1328862a39dc4af32e15c4826237a09adca2da7038eafb5659ddb68bb4,3cbd5f76b124b82ce4f26fb66fcb37946580c4a15ad9e837f6f5beb2a7d3fb8d,SCI,0.489018691588785,0.4373831775700935,0.48037275739047336,0.4218146718146718,0.4497685575239579,0.26692456479690524,0.44960186724476486,0.26744186046511625,0.47172682319216175,0.388560157790927,0.489018691588785,0.4491017964071856,Service Corporation International,Consumer Cyclical,Personal Services,10133279744,72.62000274658203,759.0,603.0,2026-06-18,none,NOT_SELECTED,,
2026-06-22T160715Z,2026-06-22T16:07:15.765832+00:00,2026-06-22T17:23:48.252300+00:00,2026-06-18,data/prospective/daily_qvp/snapshots/2026-06-22T160715Z/raw,1070,1034,bf973ff3ecce3842bc807909b6a11c9ba3d11429,d3881a1328862a39dc4af32e15c4826237a09adca2da7038eafb5659ddb68bb4,3cbd5f76b124b82ce4f26fb66fcb37946580c4a15ad9e837f6f5beb2a7d3fb8d,PDFS,0.7273364485981308,0.8556074766355141,0.5659102390410802,0.6708494208494209,0.4493455647661255,0.26595744680851063,0.5008605249259455,0.4631782945736434,0.4044840294840295,0.21621621621621614,0.7273364485981308,0.6554054054054054,"PDF Solutions, Inc.",Technology,Software - Application,2700886784,65.36000061035156,760.0,156.0,2026-06-18,none,NOT_SELECTED,,
2026-06-22T160715Z,2026-06-22T16:07:15.765832+00:00,2026-06-22T17:23:48.252300+00:00,2026-06-18,data/prospective/daily_qvp/snapshots/2026-06-22T160715Z/raw,1070,1034,bf973ff3ecce3842bc807909b6a11c9ba3d11429,d3881a1328862a39dc4af32e15c4826237a09adca2da7038eafb5659ddb68bb4,3cbd5f76b124b82ce4f26fb66fcb37946580c4a15ad9e837f6f5beb2a7d3fb8d,BJ,0.42827102803738315,0.35514018691588783,0.4524167640186916,0.33687258687258687,0.4491806204569055,0.26499032882011603,0.4794635903426791,0.37790697674418605,0.4765625,0.4427083333333333,0.42827102803738315,0.5703125,"BJ's Wholesale Club Holdings, Inc.",Consumer Defensive,Discount Stores,10817464320,85.22000122070312,761.0,691.0,2026-06-18,none,NOT_SELECTED,,
2026-06-22T160715Z,2026-06-22T16:07:15.765832+00:00,2026-06-22T17:23:48.252300+00:00,2026-06-18,data/prospective/daily_qvp/snapshots/2026-06-22T160715Z/raw,1070,1034,bf973ff3ecce3842bc807909b6a11c9ba3d11429,d3881a1328862a39dc4af32e15c4826237a09adca2da7038eafb5659ddb68bb4,3cbd5f76b124b82ce4f26fb66fcb37946580c4a15ad9e837f6f5beb2a7d3fb8d,SLGN,0.3635514018691588,0.25327102803738316,0.31749678307292317,0.09555984555984556,0.4490083747770835,0.2640232108317215,0.5141514906636511,0.5164728682170543,0.27144216427668755,0.7120315581854043,0.3635514018691588,0.7095808383233533,Silgan Holdings Inc.,Consumer Cyclical,Packaging & Containers,4406845952,41.650001525878906,762.0,800.0,2026-06-18,none,NOT_SELECTED,,
2026-06-22T160715Z,2026-06-22T16:07:15.765832+00:00,2026-06-22T17:23:48.252300+00:00,2026-06-18,data/prospective/daily_qvp/snapshots/2026-06-22T160715Z/raw,1070,1034,bf973ff3ecce3842bc807909b6a11c9ba3d11429,d3881a1328862a39dc4af32e15c4826237a09adca2da7038eafb5659ddb68bb4,3cbd5f76b124b82ce4f26fb66fcb37946580c4a15ad9e837f6f5beb2a7d3fb8d,FLR,0.3901869158878505,0.29345794392523367,0.36463507851914645,0.16312741312741313,0.44884226473547817,0.26305609284332687,0.35440947632938635,0.044573643410852716,0.3390832411504424,0.6172566371681416,0.3901869158878505,0.07111111111111104,Fluor Corporation,Industrials,Engineering & Construction,7536587264,53.65999984741211,763.0,757.0,2026-06-18,none,NOT_SELECTED,,
2026-06-22T160715Z,2026-06-22T16:07:15.765832+00:00,2026-06-22T17:23:48.252300+00:00,2026-06-18,data/prospective/daily_qvp/snapshots/2026-06-22T160715Z/raw,1070,1034,bf973ff3ecce3842bc807909b6a11c9ba3d11429,d3881a1328862a39dc4af32e15c4826237a09adca2da7038eafb5659ddb68bb4,3cbd5f76b124b82ce4f26fb66fcb37946580c4a15ad9e837f6f5beb2a7d3fb8d,HSY,0.5049065420560748,0.46074766355140184,0.5219845210280374,0.5598455598455598,0.44868412512980266,0.2620889748549323,0.411708406347352,0.1385658914728682,0.5390625,0.3020833333333333,0.5049065420560748,0.30078125,The Hershey Company,Consumer Defensive,Confectioners,35139571712,172.6300048828125,764.0,578.0,2026-06-18,none,NOT_SELECTED,,
2026-06-22T160715Z,2026-06-22T16:07:15.765832+00:00,2026-06-22T17:23:48.252300+00:00,2026-06-18,data/prospective/daily_qvp/snapshots/2026-06-22T160715Z/raw,1070,1034,bf973ff3ecce3842bc807909b6a11c9ba3d11429,d3881a1328862a39dc4af32e15c4826237a09adca2da7038eafb5659ddb68bb4,3cbd5f76b124b82ce4f26fb66fcb37946580c4a15ad9e837f6f5beb2a7d3fb8d,AVTR,0.14228971962616815,0.05514018691588785,0.23674623498253702,0.027992277992277992,0.44859561408648213,0.2611218568665377,0.3687534738498857,0.06298449612403101,0.3312027503389059,0.8722943722943723,0.14228971962616815,0.1292270531400966,"Avantor, Inc.",Healthcare,Medical Instruments & Supplies,6503244800,9.579999923706056,765.0,1012.0,2026-06-18,none,NOT_SELECTED,,
2026-06-22T160715Z,2026-06-22T16:07:15.765832+00:00,2026-06-22T17:23:48.252300+00:00,2026-06-18,data/prospective/daily_qvp/snapshots/2026-06-22T160715Z/raw,1070,1034,bf973ff3ecce3842bc807909b6a11c9ba3d11429,d3881a1328862a39dc4af32e15c4826237a09adca2da7038eafb5659ddb68bb4,3cbd5f76b124b82ce4f26fb66fcb37946580c4a15ad9e837f6f5beb2a7d3fb8d,IDA,0.6815420560747664,0.775233644859813,0.540033155448254,0.6158301158301158,0.44853434468678327,0.2601547388781431,0.4463145516185357,0.24612403100775193,0.3985242548217417,0.26553672316384175,0.6815420560747664,0.4396551724137931,"IDACORP, Inc.",Utilities,Utilities - Regulated Electric,7925317120,142.3699951171875,766.0,242.0,2026-06-18,none,NOT_SELECTED,,
2026-06-22T160715Z,2026-06-22T16:07:15.765832+00:00,2026-06-22T17:23:48.252300+00:00,2026-06-18,data/prospective/daily_qvp/snapshots/2026-06-22T160715Z/raw,1070,1034,bf973ff3ecce3842bc807909b6a11c9ba3d11429,d3881a1328862a39dc4af32e15c4826237a09adca2da7038eafb5659ddb68bb4,3cbd5f76b124b82ce4f26fb66fcb37946580c4a15ad9e837f6f5beb2a7d3fb8d,HEI,0.4560747663551402,0.39158878504672895,0.5676539681965334,0.6766409266409267,0.4472658706364303,0.25918762088974856,0.5371160696439894,0.6346899224806202,0.6792331700379266,0.20648967551622413,0.4560747663551402,0.8066666666666666,HEICO Corporation,Industrials,Aerospace & Defense,46393417728,337.1000061035156,767.0,652.0,2026-06-18,none,NOT_SELECTED,,
2026-06-22T160715Z,2026-06-22T16:07:15.765832+00:00,2026-06-22T17:23:48.252300+00:00,2026-06-18,data/prospective/daily_qvp/snapshots/2026-06-22T160715Z/raw,1070,1034,bf973ff3ecce3842bc807909b6a11c9ba3d11429,d3881a1328862a39dc4af32e15c4826237a09adca2da7038eafb5659ddb68bb4,3cbd5f76b124b82ce4f26fb66fcb37946580c4a15ad9e837f6f5beb2a7d3fb8d,FWONK,0.4549065420560747,0.3897196261682243,0.4532972773194653,0.3416988416988417,0.4471257211115276,0.25822050290135395,0.5214554019447568,0.5474806201550387,0.45168801258285585,0.43478260869565216,0.4549065420560747,0.7444444444444445,Formula One Group,Communication Services,Entertainment,22499381248,90.76000213623048,768.0,654.0,2026-06-18,none,NOT_SELECTED,,
2026-06-22T160715Z,2026-06-22T16:07:15.765832+00:00,2026-06-22T17:23:48.252300+00:00,2026-06-18,data/prospective/daily_qvp/snapshots/2026-06-22T160715Z/raw,1070,1034,bf973ff3ecce3842bc807909b6a11c9ba3d11429,d3881a1328862a39dc4af32e15c4826237a09adca2da7038eafb5659ddb68bb4,3cbd5f76b124b82ce4f26fb66fcb37946580c4a15ad9e837f6f5beb2a7d3fb8d,GE,0.5794392523364487,0.594392523364486,0.5835723442466061,0.7104247104247104,0.4470619954761051,0.2572533849129594,0.5419631632737456,0.6540697674418605,0.5877054361567635,0.17404129793510323,0.5794392523364487,0.8266666666666667,GE Aerospace,Industrials,Aerospace & Defense,374132572160,357.6400146484375,769.0,435.0,2026-06-18,none,NOT_SELECTED,,
2026-06-22T160715Z,2026-06-22T16:07:15.765832+00:00,2026-06-22T17:23:48.252300+00:00,2026-06-18,data/prospective/daily_qvp/snapshots/2026-06-22T160715Z/raw,1070,1034,bf973ff3ecce3842bc807909b6a11c9ba3d11429,d3881a1328862a39dc4af32e15c4826237a09adca2da7038eafb5659ddb68bb4,3cbd5f76b124b82ce4f26fb66fcb37946580c4a15ad9e837f6f5beb2a7d3fb8d,CWAN,0.5929906542056074,0.6196261682242991,0.44608582669330327,0.32142857142857145,0.4470402007785184,0.2562862669245648,0.466192312746051,0.3246124031007752,0.29918099918099916,0.4489489489489489,0.5929906542056074,0.5236486486486487,"Clearwater Analytics Holdings, Inc.",Technology,Software - Application,7317440000,24.290000915527344,770.0,408.0,2026-06-18,none,NOT_SELECTED,,
2026-06-22T160715Z,2026-06-22T16:07:15.765832+00:00,2026-06-22T17:23:48.252300+00:00,2026-06-18,data/prospective/daily_qvp/snapshots/2026-06-22T160715Z/raw,1070,1034,bf973ff3ecce3842bc807909b6a11c9ba3d11429,d3881a1328862a39dc4af32e15c4826237a09adca2da7038eafb5659ddb68bb4,3cbd5f76b124b82ce4f26fb66fcb37946580c4a15ad9e837f6f5beb2a7d3fb8d,SFM,0.30514018691588785,0.19579439252336447,0.4347966559579439,0.2982625482625483,0.44611443730529593,0.2553191489361702,0.545523327978972,0.6763565891472868,0.564453125,0.46875,0.30514018691588785,0.84375,"Sprouts Farmers Market, Inc.",Consumer Defensive,Grocery Stores,7677776896,80.48999786376953,771.0,862.0,2026-06-18,none,NOT_SELECTED,,
2026-06-22T160715Z,2026-06-22T16:07:15.765832+00:00,2026-06-22T17:23:48.252300+00:00,2026-06-18,data/prospective/daily_qvp/snapshots/2026-06-22T160715Z/raw,1070,1034,bf973ff3ecce3842bc807909b6a11c9ba3d11429,d3881a1328862a39dc4af32e15c4826237a09adca2da7038eafb5659ddb68bb4,3cbd5f76b124b82ce4f26fb66fcb37946580c4a15ad9e837f6f5beb2a7d3fb8d,BURL,0.5864485981308412,0.6093457943925233,0.5179026104477278,0.5501930501930502,0.4458601229414832,0.25435203094777564,0.5132873077749747,0.5135658914728682,0.4493566227646145,0.301775147928994,0.5864485981308412,0.715568862275449,"Burlington Stores, Inc.",Consumer Cyclical,Apparel Retail,21645658112,336.95001220703125,772.0,419.0,2026-06-18,none,NOT_SELECTED,,
2026-06-22T160715Z,2026-06-22T16:07:15.765832+00:00,2026-06-22T17:23:48.252300+00:00,2026-06-18,data/prospective/daily_qvp/snapshots/2026-06-22T160715Z/raw,1070,1034,bf973ff3ecce3842bc807909b6a11c9ba3d11429,d3881a1328862a39dc4af32e15c4826237a09adca2da7038eafb5659ddb68bb4,3cbd5f76b124b82ce4f26fb66fcb37946580c4a15ad9e837f6f5beb2a7d3fb8d,TGLS,0.20841121495327097,0.09906542056074766,0.45212227414330214,0.33494208494208494,0.4458592938733125,0.25338491295938104,0.46564447040498447,0.32170542635658916,0.6958333333333333,0.4333333333333333,0.20841121495327097,0.525,Tecnoglass Inc.,Basic Materials,Building Materials,2067400320,45.970001220703125,773.0,965.0,2026-06-18,none,NOT_SELECTED,,
2026-06-22T160715Z,2026-06-22T16:07:15.765832+00:00,2026-06-22T17:23:48.252300+00:00,2026-06-18,data/prospective/daily_qvp/snapshots/2026-06-22T160715Z/raw,1070,1034,bf973ff3ecce3842bc807909b6a11c9ba3d11429,d3881a1328862a39dc4af32e15c4826237a09adca2da7038eafb5659ddb68bb4,3cbd5f76b124b82ce4f26fb66fcb37946580c4a15ad9e837f6f5beb2a7d3fb8d,HLT,0.7081775700934579,0.8271028037383178,0.6044834679969738,0.7586872586872587,0.44572402139969197,0.2524177949709865,0.518424752576715,0.5368217054263565,0.5007893659004897,0.12820512820512817,0.7081775700934579,0.7365269461077845,Hilton Worldwide Holdings Inc.,Consumer Cyclical,Lodging,78340636672,348.8399963378906,774.0,186.0,2026-06-18,none,NOT_SELECTED,,
2026-06-22T160715Z,2026-06-22T16:07:15.765832+00:00,2026-06-22T17:23:48.252300+00:00,2026-06-18,data/prospective/daily_qvp/snapshots/2026-06-22T160715Z/raw,1070,1034,bf973ff3ecce3842bc807909b6a11c9ba3d11429,d3881a1328862a39dc4af32e15c4826237a09adca2da7038eafb5659ddb68bb4,3cbd5f76b124b82ce4f26fb66fcb37946580c4a15ad9e837f6f5beb2a7d3fb8d,ETR,0.7371495327102804,0.8808411214953271,0.5413538429185534,0.6187258687258688,0.44564832465756665,0.2514506769825919,0.4915638297000715,0.4186046511627907,0.3455581531268264,0.2542372881355932,0.7371495327102804,0.6293103448275862,Entergy Corporation,Utilities,Utilities - Regulated Electric,51493953536,111.11000061035156,775.0,129.0,2026-06-18,none,NOT_SELECTED,,
2026-06-22T160715Z,2026-06-22T16:07:15.765832+00:00,2026-06-22T17:23:48.252300+00:00,2026-06-18,data/prospective/daily_qvp/snapshots/2026-06-22T160715Z/raw,1070,1034,bf973ff3ecce3842bc807909b6a11c9ba3d11429,d3881a1328862a39dc4af32e15c4826237a09adca2da7038eafb5659ddb68bb4,3cbd5f76b124b82ce4f26fb66fcb37946580c4a15ad9e837f6f5beb2a7d3fb8d,GLW,0.7644859813084113,0.9401869158878504,0.5520628104740255,0.638996138996139,0.44561945122692787,0.2504835589941973,0.5234037776093852,0.5581395348837209,0.33963963963963967,0.23273273273273265,0.7644859813084113,0.7567567567567568,Corning Incorporated,Technology,Electronic Components,170442440704,194.9199981689453,776.0,65.0,2026-06-18,none,NOT_SELECTED,,
2026-06-22T160715Z,2026-06-22T16:07:15.765832+00:00,2026-06-22T17:23:48.252300+00:00,2026-06-18,data/prospective/daily_qvp/snapshots/2026-06-22T160715Z/raw,1070,1034,bf973ff3ecce3842bc807909b6a11c9ba3d11429,d3881a1328862a39dc4af32e15c4826237a09adca2da7038eafb5659ddb68bb4,3cbd5f76b124b82ce4f26fb66fcb37946580c4a15ad9e837f6f5beb2a7d3fb8d,IBP,0.26658878504672895,0.1560747663551402,0.45287970414863465,0.3407335907335907,0.44524656147713054,0.2495164410058027,0.42899480134736884,0.19186046511627908,0.6391706232505403,0.42998027613412226,0.26658878504672895,0.3802395209580838,"Installed Building Products, Inc.",Consumer Cyclical,Residential Construction,5800604160,218.25,777.0,904.0,2026-06-18,none,NOT_SELECTED,,
2026-06-22T160715Z,2026-06-22T16:07:15.765832+00:00,2026-06-22T17:23:48.252300+00:00,2026-06-18,data/prospective/daily_qvp/snapshots/2026-06-22T160715Z/raw,1070,1034,bf973ff3ecce3842bc807909b6a11c9ba3d11429,d3881a1328862a39dc4af32e15c4826237a09adca2da7038eafb5659ddb68bb4,3cbd5f76b124b82ce4f26fb66fcb37946580c4a15ad9e837f6f5beb2a7d3fb8d,PRKS,0.39813084112149527,0.30467289719626167,0.47308935599503543,0.39864864864864863,0.4442554943977422,0.24854932301740812,0.35265269864261806,0.04263565891472868,0.5480478708685756,0.3865877712031558,0.39813084112149527,0.07784431137724546,United Parks & Resorts Inc.,Consumer Cyclical,Leisure,2187088640,46.63999938964844,778.0,745.0,2026-06-18,none,NOT_SELECTED,,
2026-06-22T160715Z,2026-06-22T16:07:15.765832+00:00,2026-06-22T17:23:48.252300+00:00,2026-06-18,data/prospective/daily_qvp/snapshots/2026-06-22T160715Z/raw,1070,1034,bf973ff3ecce3842bc807909b6a11c9ba3d11429,d3881a1328862a39dc4af32e15c4826237a09adca2da7038eafb5659ddb68bb4,3cbd5f76b124b82ce4f26fb66fcb37946580c4a15ad9e837f6f5beb2a7d3fb8d,S,0.40607476635514017,0.32429906542056075,0.42033877547896237,0.25965250965250963,0.4438895139829719,0.24758220502901354,0.5350567751268686,0.6201550387596899,0.43460278460278456,0.4909909909909909,0.40607476635514017,0.8085585585585586,"SentinelOne, Inc.",Technology,Software - Infrastructure,4939538944,15.020000457763672,779.0,724.0,2026-06-18,none,NOT_SELECTED,,
2026-06-22T160715Z,2026-06-22T16:07:15.765832+00:00,2026-06-22T17:23:48.252300+00:00,2026-06-18,data/prospective/daily_qvp/snapshots/2026-06-22T160715Z/raw,1070,1034,bf973ff3ecce3842bc807909b6a11c9ba3d11429,d3881a1328862a39dc4af32e15c4826237a09adca2da7038eafb5659ddb68bb4,3cbd5f76b124b82ce4f26fb66fcb37946580c4a15ad9e837f6f5beb2a7d3fb8d,NTNX,0.26565420560747655,0.15514018691588785,0.4528107227873583,0.33976833976833976,0.443765707083464,0.24661508704061896,0.519198154186472,0.5397286821705426,0.63996723996724,0.42567567567567566,0.26565420560747655,0.7454954954954955,"Nutanix, Inc.",Technology,Software - Infrastructure,12329318400,46.900001525878906,780.0,905.0,2026-06-18,none,NOT_SELECTED,,
2026-06-22T160715Z,2026-06-22T16:07:15.765832+00:00,2026-06-22T17:23:48.252300+00:00,2026-06-18,data/prospective/daily_qvp/snapshots/2026-06-22T160715Z/raw,1070,1034,bf973ff3ecce3842bc807909b6a11c9ba3d11429,d3881a1328862a39dc4af32e15c4826237a09adca2da7038eafb5659ddb68bb4,3cbd5f76b124b82ce4f26fb66fcb37946580c4a15ad9e837f6f5beb2a7d3fb8d,BSY,0.22710280373831773,0.11214953271028037,0.4207483715661286,0.26158301158301156,0.44366207754058223,0.24564796905222436,0.45549430590318446,0.2877906976744186,0.6143939393939395,0.48948948948948945,0.22710280373831773,0.49099099099099097,"Bentley Systems, Incorporated",Technology,Software - Application,8670357504,29.3799991607666,781.0,951.0,2026-06-18,none,NOT_SELECTED,,
2026-06-22T160715Z,2026-06-22T16:07:15.765832+00:00,2026-06-22T17:23:48.252300+00:00,2026-06-18,data/prospective/daily_qvp/snapshots/2026-06-22T160715Z/raw,1070,1034,bf973ff3ecce3842bc807909b6a11c9ba3d11429,d3881a1328862a39dc4af32e15c4826237a09adca2da7038eafb5659ddb68bb4,3cbd5f76b124b82ce4f26fb66fcb37946580c4a15ad9e837f6f5beb2a7d3fb8d,GPC,0.311214953271028,0.20186915887850468,0.36157793217414086,0.16023166023166024,0.4435503111272707,0.24468085106382978,0.42398009861491415,0.17344961240310078,0.4119409110772537,0.6074950690335306,0.311214953271028,0.3652694610778443,Genuine Parts Company,Consumer Cyclical,Auto Parts,14709381120,108.6999969482422,782.0,855.0,2026-06-18,none,NOT_SELECTED,,
2026-06-22T160715Z,2026-06-22T16:07:15.765832+00:00,2026-06-22T17:23:48.252300+00:00,2026-06-18,data/prospective/daily_qvp/snapshots/2026-06-22T160715Z/raw,1070,1034,bf973ff3ecce3842bc807909b6a11c9ba3d11429,d3881a1328862a39dc4af32e15c4826237a09adca2da7038eafb5659ddb68bb4,3cbd5f76b124b82ce4f26fb66fcb37946580c4a15ad9e837f6f5beb2a7d3fb8d,MMM,0.4981308411214953,0.4514018691588785,0.525841258108156,0.5714285714285714,0.44348119272107156,0.2437137330754352,0.4176108945408037,0.1511627906976744,0.5535516750948167,0.2787610619469026,0.4981308411214953,0.33999999999999997,3M Company,Industrials,Conglomerates,84916363264,160.60000610351562,783.0,588.0,2026-06-18,none,NOT_SELECTED,,
2026-06-22T160715Z,2026-06-22T16:07:15.765832+00:00,2026-06-22T17:23:48.252300+00:00,2026-06-18,data/prospective/daily_qvp/snapshots/2026-06-22T160715Z/raw,1070,1034,bf973ff3ecce3842bc807909b6a11c9ba3d11429,d3881a1328862a39dc4af32e15c4826237a09adca2da7038eafb5659ddb68bb4,3cbd5f76b124b82ce4f26fb66fcb37946580c4a15ad9e837f6f5beb2a7d3fb8d,CHTR,0.08177570093457939,0.016822429906542057,0.22499356892588984,0.026061776061776062,0.44347397348682516,0.24274661508704062,0.4076054801151188,0.12790697674418605,0.36821143691720026,0.8804347826086957,0.08177570093457939,0.29999999999999993,"Charter Communications, Inc.",Communication Services,Telecom Services,19868383232,126.2300033569336,784.0,1053.0,2026-06-18,none,NOT_SELECTED,,
2026-06-22T160715Z,2026-06-22T16:07:15.765832+00:00,2026-06-22T17:23:48.252300+00:00,2026-06-18,data/prospective/daily_qvp/snapshots/2026-06-22T160715Z/raw,1070,1034,bf973ff3ecce3842bc807909b6a11c9ba3d11429,d3881a1328862a39dc4af32e15c4826237a09adca2da7038eafb5659ddb68bb4,3cbd5f76b124b82ce4f26fb66fcb37946580c4a15ad9e837f6f5beb2a7d3fb8d,AESI,0.6495327102803737,0.7186915887850467,0.43905206942590114,0.30694980694980695,0.4434483450701152,0.24177949709864605,0.4058005445168722,0.11918604651162791,0.22857142857142854,0.4522408963585434,0.6495327102803737,0.29285714285714287,Atlas Energy Solutions Inc.,Energy,Oil & Gas Equipment & Services,2037209984,16.200000762939453,785.0,302.0,2026-06-18,none,NOT_SELECTED,,
2026-06-22T160715Z,2026-06-22T16:07:15.765832+00:00,2026-06-22T17:23:48.252300+00:00,2026-06-18,data/prospective/daily_qvp/snapshots/2026-06-22T160715Z/raw,1070,1034,bf973ff3ecce3842bc807909b6a11c9ba3d11429,d3881a1328862a39dc4af32e15c4826237a09adca2da7038eafb5659ddb68bb4,3cbd5f76b124b82ce4f26fb66fcb37946580c4a15ad9e837f6f5beb2a7d3fb8d,CDW,0.21728971962616822,0.10654205607476636,0.30150419642242077,0.08011583011583012,0.44324503985718944,0.24081237911025144,0.3949337798928921,0.09593023255813954,0.38571867321867326,0.7267267267267267,0.21728971962616822,0.25,CDW Corporation,Technology,Information Technology Services,15962155008,128.3699951171875,786.0,957.0,2026-06-18,none,NOT_SELECTED,,
2026-06-22T160715Z,2026-06-22T16:07:15.765832+00:00,2026-06-22T17:23:48.252300+00:00,2026-06-18,data/prospective/daily_qvp/snapshots/2026-06-22T160715Z/raw,1070,1034,bf973ff3ecce3842bc807909b6a11c9ba3d11429,d3881a1328862a39dc4af32e15c4826237a09adca2da7038eafb5659ddb68bb4,3cbd5f76b124b82ce4f26fb66fcb37946580c4a15ad9e837f6f5beb2a7d3fb8d,J,0.3355140186915887,0.22242990654205608,0.3549063851359334,0.1476833976833977,0.44309393227351307,0.23984526112185686,0.4850982269829126,0.39341085271317827,0.3742987515802781,0.6194690265486726,0.3355140186915887,0.611111111111111,Jacobs Solutions Inc.,Industrials,Engineering & Construction,14306679808,120.97000122070312,787.0,833.0,2026-06-18,none,NOT_SELECTED,,
2026-06-22T160715Z,2026-06-22T16:07:15.765832+00:00,2026-06-22T17:23:48.252300+00:00,2026-06-18,data/prospective/daily_qvp/snapshots/2026-06-22T160715Z/raw,1070,1034,bf973ff3ecce3842bc807909b6a11c9ba3d11429,d3881a1328862a39dc4af32e15c4826237a09adca2da7038eafb5659ddb68bb4,3cbd5f76b124b82ce4f26fb66fcb37946580c4a15ad9e837f6f5beb2a7d3fb8d,HON,0.6058411214953271,0.6392523364485981,0.5057986422900149,0.5144787644787645,0.44241050095637185,0.23887814313346228,0.4356967646061677,0.2180232558139535,0.40575616308470286,0.3156342182890855,0.6058411214953271,0.4155555555555555,Honeywell International Inc.,Industrials,Conglomerates,146050711552,229.0099945068359,788.0,387.0,2026-06-18,none,NOT_SELECTED,,
2026-06-22T160715Z,2026-06-22T16:07:15.765832+00:00,2026-06-22T17:23:48.252300+00:00,2026-06-18,data/prospective/daily_qvp/snapshots/2026-06-22T160715Z/raw,1070,1034,bf973ff3ecce3842bc807909b6a11c9ba3d11429,d3881a1328862a39dc4af32e15c4826237a09adca2da7038eafb5659ddb68bb4,3cbd5f76b124b82ce4f26fb66fcb37946580c4a15ad9e837f6f5beb2a7d3fb8d,PM,0.6198598130841121,0.6626168224299065,0.613640844042056,0.7722007722007722,0.44208000713914847,0.2379110251450677,0.5268725053543614,0.5794573643410853,0.607421875,0.09895833333333333,0.6198598130841121,0.78125,Philip Morris International Inc.,Consumer Defensive,Tobacco,274166087680,178.39999389648438,789.0,362.0,2026-06-18,none,NOT_SELECTED,,
2026-06-22T160715Z,2026-06-22T16:07:15.765832+00:00,2026-06-22T17:23:48.252300+00:00,2026-06-18,data/prospective/daily_qvp/snapshots/2026-06-22T160715Z/raw,1070,1034,bf973ff3ecce3842bc807909b6a11c9ba3d11429,d3881a1328862a39dc4af32e15c4826237a09adca2da7038eafb5659ddb68bb4,3cbd5f76b124b82ce4f26fb66fcb37946580c4a15ad9e837f6f5beb2a7d3fb8d,TNET,0.16728971962616818,0.07009345794392523,0.31996063889020165,0.09652509652509653,0.44192066191500173,0.2369439071566731,0.4058849408806957,0.12015503875968993,0.47263155815423513,0.6858407079646018,0.16728971962616818,0.29777777777777775,"TriNet Group, Inc.",Industrials,Staffing & Employment Services,2001348736,45.290000915527344,790.0,996.0,2026-06-18,none,NOT_SELECTED,,
2026-06-22T160715Z,2026-06-22T16:07:15.765832+00:00,2026-06-22T17:23:48.252300+00:00,2026-06-18,data/prospective/daily_qvp/snapshots/2026-06-22T160715Z/raw,1070,1034,bf973ff3ecce3842bc807909b6a11c9ba3d11429,d3881a1328862a39dc4af32e15c4826237a09adca2da7038eafb5659ddb68bb4,3cbd5f76b124b82ce4f26fb66fcb37946580c4a15ad9e837f6f5beb2a7d3fb8d,ENTG,0.6766355140186916,0.7630841121495328,0.48095186839345716,0.42374517374517373,0.4417557000500925,0.23597678916827852,0.45519064891144334,0.2868217054263566,0.2852682227682227,0.36336336336336333,0.6766355140186916,0.49549549549549543,"Entegris, Inc.",Technology,Semiconductor Equipment & Materials,27887652864,178.77000427246094,791.0,255.0,2026-06-18,none,NOT_SELECTED,,
2026-06-22T160715Z,2026-06-22T16:07:15.765832+00:00,2026-06-22T17:23:48.252300+00:00,2026-06-18,data/prospective/daily_qvp/snapshots/2026-06-22T160715Z/raw,1070,1034,bf973ff3ecce3842bc807909b6a11c9ba3d11429,d3881a1328862a39dc4af32e15c4826237a09adca2da7038eafb5659ddb68bb4,3cbd5f76b124b82ce4f26fb66fcb37946580c4a15ad9e837f6f5beb2a7d3fb8d,CRWD,0.6373831775700936,0.7009345794392523,0.6049682063116643,0.7596525096525096,0.4413501755791476,0.23500967117988394,0.4334901091618381,0.20736434108527133,0.572553235053235,0.11411411411411405,0.6373831775700936,0.40990990990990983,"CrowdStrike Holdings, Inc.",Technology,Software - Infrastructure,174371799040,684.8599853515625,792.0,321.0,2026-06-18,none,NOT_SELECTED,,
2026-06-22T160715Z,2026-06-22T16:07:15.765832+00:00,2026-06-22T17:23:48.252300+00:00,2026-06-18,data/prospective/daily_qvp/snapshots/2026-06-22T160715Z/raw,1070,1034,bf973ff3ecce3842bc807909b6a11c9ba3d11429,d3881a1328862a39dc4af32e15c4826237a09adca2da7038eafb5659ddb68bb4,3cbd5f76b124b82ce4f26fb66fcb37946580c4a15ad9e837f6f5beb2a7d3fb8d,MDLZ,0.5766355140186915,0.5906542056074766,0.47777088200934575,0.4111969111969112,0.44004169911734153,0.23404255319148937,0.41499221183800616,0.14437984496124032,0.37890625,0.3645833333333333,0.5766355140186915,0.33984375,"Mondelez International, Inc.",Consumer Defensive,Confectioners,77301391360,60.119998931884766,793.0,439.0,2026-06-18,none,NOT_SELECTED,,
2026-06-22T160715Z,2026-06-22T16:07:15.765832+00:00,2026-06-22T17:23:48.252300+00:00,2026-06-18,data/prospective/daily_qvp/snapshots/2026-06-22T160715Z/raw,1070,1034,bf973ff3ecce3842bc807909b6a11c9ba3d11429,d3881a1328862a39dc4af32e15c4826237a09adca2da7038eafb5659ddb68bb4,3cbd5f76b124b82ce4f26fb66fcb37946580c4a15ad9e837f6f5beb2a7d3fb8d,CMS,0.5815420560747664,0.597196261682243,0.4871108877685346,0.444980694980695,0.4396181812995503,0.2330754352030948,0.49997225666431794,0.45930232558139533,0.3926797194623028,0.3446327683615819,0.5815420560747664,0.6810344827586207,CMS Energy Corporation,Utilities,Utilities - Regulated Electric,22937280512,73.37999725341797,794.0,433.0,2026-06-18,none,NOT_SELECTED,,
2026-06-22T160715Z,2026-06-22T16:07:15.765832+00:00,2026-06-22T17:23:48.252300+00:00,2026-06-18,data/prospective/daily_qvp/snapshots/2026-06-22T160715Z/raw,1070,1034,bf973ff3ecce3842bc807909b6a11c9ba3d11429,d3881a1328862a39dc4af32e15c4826237a09adca2da7038eafb5659ddb68bb4,3cbd5f76b124b82ce4f26fb66fcb37946580c4a15ad9e837f6f5beb2a7d3fb8d,MKC,0.26238317757009344,0.15233644859813084,0.3987697137850467,0.21621621621621623,0.439457586967809,0.23210831721470018,0.44678069022585676,0.24806201550387597,0.53515625,0.5208333333333334,0.26238317757009344,0.46875,"McCormick & Company, Incorporated",Consumer Defensive,Packaged Foods,12499864576,46.63999938964844,795.0,908.0,2026-06-18,none,NOT_SELECTED,,
2026-06-22T160715Z,2026-06-22T16:07:15.765832+00:00,2026-06-22T17:23:48.252300+00:00,2026-06-18,data/prospective/daily_qvp/snapshots/2026-06-22T160715Z/raw,1070,1034,bf973ff3ecce3842bc807909b6a11c9ba3d11429,d3881a1328862a39dc4af32e15c4826237a09adca2da7038eafb5659ddb68bb4,3cbd5f76b124b82ce4f26fb66fcb37946580c4a15ad9e837f6f5beb2a7d3fb8d,TWST,0.677803738317757,0.7672897196261682,0.5408631992094534,0.6177606177606177,0.4392190447832142,0.2311411992263056,0.5236976974360419,0.560077519379845,0.4039226601011498,0.2359307359307359,0.677803738317757,0.777133655394525,Twist Bioscience Corporation,Healthcare,Diagnostics & Research,5301779456,87.55999755859375,796.0,250.0,2026-06-18,none,NOT_SELECTED,,
2026-06-22T160715Z,2026-06-22T16:07:15.765832+00:00,2026-06-22T17:23:48.252300+00:00,2026-06-18,data/prospective/daily_qvp/snapshots/2026-06-22T160715Z/raw,1070,1034,bf973ff3ecce3842bc807909b6a11c9ba3d11429,d3881a1328862a39dc4af32e15c4826237a09adca2da7038eafb5659ddb68bb4,3cbd5f76b124b82ce4f26fb66fcb37946580c4a15ad9e837f6f5beb2a7d3fb8d,SMTC,0.75,0.9121495327102803,0.5678798116298116,0.6776061776061776,0.4386466011466011,0.23017408123791103,0.49902999590499586,0.4573643410852713,0.38575962325962326,0.18018018018018014,0.75,0.6801801801801801,Semtech Corporation,Technology,Semiconductors,15808685056,158.22999572753906,797.0,95.0,2026-06-18,none,NOT_SELECTED,,
2026-06-22T160715Z,2026-06-22T16:07:15.765832+00:00,2026-06-22T17:23:48.252300+00:00,2026-06-18,data/prospective/daily_qvp/snapshots/2026-06-22T160715Z/raw,1070,1034,bf973ff3ecce3842bc807909b6a11c9ba3d11429,d3881a1328862a39dc4af32e15c4826237a09adca2da7038eafb5659ddb68bb4,3cbd5f76b124b82ce4f26fb66fcb37946580c4a15ad9e837f6f5beb2a7d3fb8d,KVYO,0.027803738317757,0.003738317757009346,0.29396943672644604,0.07625482625482626,0.4382218667265396,0.22920696324951645,0.5223600937385985,0.5513565891472868,0.5601351351351351,0.7267267267267267,0.027803738317757,0.7747747747747749,"Klaviyo, Inc.",Technology,Software - Application,3775414784,13.25,798.0,1067.0,2026-06-18,none,NOT_SELECTED,,
2026-06-22T160715Z,2026-06-22T16:07:15.765832+00:00,2026-06-22T17:23:48.252300+00:00,2026-06-18,data/prospective/daily_qvp/snapshots/2026-06-22T160715Z/raw,1070,1034,bf973ff3ecce3842bc807909b6a11c9ba3d11429,d3881a1328862a39dc4af32e15c4826237a09adca2da7038eafb5659ddb68bb4,3cbd5f76b124b82ce4f26fb66fcb37946580c4a15ad9e837f6f5beb2a7d3fb8d,CZR,0.5014018691588785,0.4532710280373832,0.3407059151086598,0.12451737451737452,0.4381826416306252,0.22823984526112184,0.3989962626600947,0.1065891472868217,0.18000996105844097,0.6331360946745561,0.5014018691588785,0.281437125748503,"Caesars Entertainment, Inc.",Consumer Cyclical,Resorts & Casinos,5969240064,29.219999313354492,799.0,586.0,2026-06-18,none,NOT_SELECTED,,
2026-06-22T160715Z,2026-06-22T16:07:15.765832+00:00,2026-06-22T17:23:48.252300+00:00,2026-06-18,data/prospective/daily_qvp/snapshots/2026-06-22T160715Z/raw,1070,1034,bf973ff3ecce3842bc807909b6a11c9ba3d11429,d3881a1328862a39dc4af32e15c4826237a09adca2da7038eafb5659ddb68bb4,3cbd5f76b124b82ce4f26fb66fcb37946580c4a15ad9e837f6f5beb2a7d3fb8d,GM,0.5378504672897196,0.5224299065420561,0.3570311962758109,0.15733590733590733,0.4378893050780226,0.22727272727272727,0.35461458359893605,0.045542635658914726,0.1762119252619022,0.5996055226824458,0.5378504672897196,0.1047904191616766,General Motors Company,Consumer Cyclical,Auto Manufacturers,74216062976,79.29000091552734,800.0,512.0,2026-06-18,none,NOT_SELECTED,,
2026-06-22T160715Z,2026-06-22T16:07:15.765832+00:00,2026-06-22T17:23:48.252300+00:00,2026-06-18,data/prospective/daily_qvp/snapshots/2026-06-22T160715Z/raw,1070,1034,bf973ff3ecce3842bc807909b6a11c9ba3d11429,d3881a1328862a39dc4af32e15c4826237a09adca2da7038eafb5659ddb68bb4,3cbd5f76b124b82ce4f26fb66fcb37946580c4a15ad9e837f6f5beb2a7d3fb8d,TXNM,0.5581775700934579,0.564018691588785,0.4505893695002649,0.3310810810810811,0.4378693725105344,0.2263056092843327,0.41891927076221114,0.15503875968992248,0.3430011689070719,0.4124293785310735,0.5581775700934579,0.3620689655172413,"TXNM Energy, Inc.",Utilities,Utilities - Regulated Electric,6359024640,57.060001373291016,801.0,468.0,2026-06-18,none,NOT_SELECTED,,
2026-06-22T160715Z,2026-06-22T16:07:15.765832+00:00,2026-06-22T17:23:48.252300+00:00,2026-06-18,data/prospective/daily_qvp/snapshots/2026-06-22T160715Z/raw,1070,1034,bf973ff3ecce3842bc807909b6a11c9ba3d11429,d3881a1328862a39dc4af32e15c4826237a09adca2da7038eafb5659ddb68bb4,3cbd5f76b124b82ce4f26fb66fcb37946580c4a15ad9e837f6f5beb2a7d3fb8d,EXP,0.4348130841121495,0.3644859813084112,0.4840732087227414,0.4343629343629344,0.4375302872966424,0.2253384912959381,0.41981438213914846,0.15891472868217055,0.5333333333333333,0.3444444444444444,0.4348130841121495,0.36666666666666664,Eagle Materials Inc.,Basic Materials,Building Materials,6944840704,224.5800018310547,802.0,681.0,2026-06-18,none,NOT_SELECTED,,
2026-06-22T160715Z,2026-06-22T16:07:15.765832+00:00,2026-06-22T17:23:48.252300+00:00,2026-06-18,data/prospective/daily_qvp/snapshots/2026-06-22T160715Z/raw,1070,1034,bf973ff3ecce3842bc807909b6a11c9ba3d11429,d3881a1328862a39dc4af32e15c4826237a09adca2da7038eafb5659ddb68bb4,3cbd5f76b124b82ce4f26fb66fcb37946580c4a15ad9e837f6f5beb2a7d3fb8d,AAON,0.6969626168224299,0.8074766355140187,0.5831131036071694,0.7084942084942085,0.4374146354431277,0.22437137330754353,0.4425054210267902,0.23449612403100775,0.46926359039190896,0.14601769911504422,0.6969626168224299,0.4577777777777778,"AAON, Inc.",Industrials,Building Products & Equipment,11170299904,136.72000122070312,803.0,207.0,2026-06-18,none,NOT_SELECTED,,
2026-06-22T160715Z,2026-06-22T16:07:15.765832+00:00,2026-06-22T17:23:48.252300+00:00,2026-06-18,data/prospective/daily_qvp/snapshots/2026-06-22T160715Z/raw,1070,1034,bf973ff3ecce3842bc807909b6a11c9ba3d11429,d3881a1328862a39dc4af32e15c4826237a09adca2da7038eafb5659ddb68bb4,3cbd5f76b124b82ce4f26fb66fcb37946580c4a15ad9e837f6f5beb2a7d3fb8d,CRL,0.3385514018691589,0.2261682242990654,0.33306236716689785,0.111003861003861,0.43704879311848027,0.22340425531914893,0.36735986375995516,0.06201550387596899,0.3275733324646368,0.6450216450216449,0.3385514018691589,0.15829307568438,"Charles River Laboratories International, Inc.",Healthcare,Diagnostics & Research,8721489920,185.0,804.0,829.0,2026-06-18,none,NOT_SELECTED,,
2026-06-22T160715Z,2026-06-22T16:07:15.765832+00:00,2026-06-22T17:23:48.252300+00:00,2026-06-18,data/prospective/daily_qvp/snapshots/2026-06-22T160715Z/raw,1070,1034,bf973ff3ecce3842bc807909b6a11c9ba3d11429,d3881a1328862a39dc4af32e15c4826237a09adca2da7038eafb5659ddb68bb4,3cbd5f76b124b82ce4f26fb66fcb37946580c4a15ad9e837f6f5beb2a7d3fb8d,DPZ,0.29182242990654206,0.18130841121495328,0.4985764729832803,0.48455598455598453,0.43626334227813696,0.22243713733075435,0.4813891234750698,0.38275193798449614,0.7053305160600185,0.3116370808678501,0.29182242990654206,0.6167664670658684,"Domino's Pizza, Inc.",Consumer Cyclical,Restaurants,9818737664,312.4700012207031,805.0,877.0,2026-06-18,none,NOT_SELECTED,,
2026-06-22T160715Z,2026-06-22T16:07:15.765832+00:00,2026-06-22T17:23:48.252300+00:00,2026-06-18,data/prospective/daily_qvp/snapshots/2026-06-22T160715Z/raw,1070,1034,bf973ff3ecce3842bc807909b6a11c9ba3d11429,d3881a1328862a39dc4af32e15c4826237a09adca2da7038eafb5659ddb68bb4,3cbd5f76b124b82ce4f26fb66fcb37946580c4a15ad9e837f6f5beb2a7d3fb8d,BIPC,0.43060747663551396,0.35887850467289717,0.43376151154978504,0.2953667953667954,0.4360669964004216,0.22147001934235977,0.4348088679899714,0.21414728682170542,0.4369155464640561,0.4406779661016949,0.43060747663551396,0.43103448275862066,Brookfield Infrastructure Corporation,Utilities,Utilities - Regulated Gas,4748669952,39.61000061035156,806.0,687.0,2026-06-18,none,NOT_SELECTED,,
2026-06-22T160715Z,2026-06-22T16:07:15.765832+00:00,2026-06-22T17:23:48.252300+00:00,2026-06-18,data/prospective/daily_qvp/snapshots/2026-06-22T160715Z/raw,1070,1034,bf973ff3ecce3842bc807909b6a11c9ba3d11429,d3881a1328862a39dc4af32e15c4826237a09adca2da7038eafb5659ddb68bb4,3cbd5f76b124b82ce4f26fb66fcb37946580c4a15ad9e837f6f5beb2a7d3fb8d,TARS,0.39392523364485976,0.30093457943925234,0.4677787405347206,0.38996138996138996,0.4359506177879378,0.2205029013539652,0.5558075688159936,0.7306201550387597,0.5416322474245815,0.3722943722943723,0.39392523364485976,0.915378421900161,"Tarsus Pharmaceuticals, Inc.",Healthcare,Biotechnology,2731591168,63.15999984741211,807.0,749.0,2026-06-18,none,NOT_SELECTED,,
2026-06-22T160715Z,2026-06-22T16:07:15.765832+00:00,2026-06-22T17:23:48.252300+00:00,2026-06-18,data/prospective/daily_qvp/snapshots/2026-06-22T160715Z/raw,1070,1034,bf973ff3ecce3842bc807909b6a11c9ba3d11429,d3881a1328862a39dc4af32e15c4826237a09adca2da7038eafb5659ddb68bb4,3cbd5f76b124b82ce4f26fb66fcb37946580c4a15ad9e837f6f5beb2a7d3fb8d,APH,0.5275700934579439,0.505607476635514,0.49368881413273935,0.46621621621621623,0.4357324826950995,0.21953578336557059,0.5340065692285318,0.6182170542635659,0.45980753480753483,0.3198198198198198,0.5275700934579439,0.8288288288288288,Amphenol Corporation,Technology,Electronic Components,202496606208,163.9600067138672,808.0,531.0,2026-06-18,none,NOT_SELECTED,,
2026-06-22T160715Z,2026-06-22T16:07:15.765832+00:00,2026-06-22T17:23:48.252300+00:00,2026-06-18,data/prospective/daily_qvp/snapshots/2026-06-22T160715Z/raw,1070,1034,bf973ff3ecce3842bc807909b6a11c9ba3d11429,d3881a1328862a39dc4af32e15c4826237a09adca2da7038eafb5659ddb68bb4,3cbd5f76b124b82ce4f26fb66fcb37946580c4a15ad9e837f6f5beb2a7d3fb8d,GPN,0.2873831775700934,0.17570093457943925,0.29203032140198726,0.07335907335907337,0.43534568132797186,0.218568665377176,0.3648425943293122,0.05717054263565891,0.29667746523388117,0.721976401179941,0.2873831775700934,0.1533333333333333,Global Payments Inc.,Industrials,Specialty Business Services,18053871616,66.87999725341797,809.0,883.0,2026-06-18,none,NOT_SELECTED,,
2026-06-22T160715Z,2026-06-22T16:07:15.765832+00:00,2026-06-22T17:23:48.252300+00:00,2026-06-18,data/prospective/daily_qvp/snapshots/2026-06-22T160715Z/raw,1070,1034,bf973ff3ecce3842bc807909b6a11c9ba3d11429,d3881a1328862a39dc4af32e15c4826237a09adca2da7038eafb5659ddb68bb4,3cbd5f76b124b82ce4f26fb66fcb37946580c4a15ad9e837f6f5beb2a7d3fb8d,ALGM,0.6792056074766355,0.7700934579439253,0.5293396997252138,0.582046332046332,0.43447471473172405,0.21760154738878143,0.5178605405532976,0.5329457364341085,0.37947379197379194,0.24474474474474472,0.6792056074766355,0.7680180180180181,"Allegro MicroSystems, Inc.",Technology,Semiconductors,11142617088,59.0,810.0,247.0,2026-06-18,none,NOT_SELECTED,,
2026-06-22T160715Z,2026-06-22T16:07:15.765832+00:00,2026-06-22T17:23:48.252300+00:00,2026-06-18,data/prospective/daily_qvp/snapshots/2026-06-22T160715Z/raw,1070,1034,bf973ff3ecce3842bc807909b6a11c9ba3d11429,d3881a1328862a39dc4af32e15c4826237a09adca2da7038eafb5659ddb68bb4,3cbd5f76b124b82ce4f26fb66fcb37946580c4a15ad9e837f6f5beb2a7d3fb8d,LASR,0.7021028037383177,0.8154205607476636,0.5247205255382825,0.5694980694980695,0.4343982682767729,0.21663442940038685,0.5555284309373094,0.7286821705426356,0.3473382473382473,0.25375375375375375,0.7021028037383177,0.9189189189189189,"nLIGHT, Inc.",Technology,Semiconductors,3579132672,64.7300033569336,811.0,199.0,2026-06-18,none,NOT_SELECTED,,
2026-06-22T160715Z,2026-06-22T16:07:15.765832+00:00,2026-06-22T17:23:48.252300+00:00,2026-06-18,data/prospective/daily_qvp/snapshots/2026-06-22T160715Z/raw,1070,1034,bf973ff3ecce3842bc807909b6a11c9ba3d11429,d3881a1328862a39dc4af32e15c4826237a09adca2da7038eafb5659ddb68bb4,3cbd5f76b124b82ce4f26fb66fcb37946580c4a15ad9e837f6f5beb2a7d3fb8d,KMB,0.425,0.3532710280373832,0.49375,0.46814671814671815,0.43333333333333335,0.21566731141199227,0.362109375,0.050387596899224806,0.5625,0.3125,0.425,0.1484375,Kimberly-Clark Corporation,Consumer Defensive,Household & Personal Products,34086955008,102.55999755859376,812.0,693.0,2026-06-18,none,NOT_SELECTED,,
2026-06-22T160715Z,2026-06-22T16:07:15.765832+00:00,2026-06-22T17:23:48.252300+00:00,2026-06-18,data/prospective/daily_qvp/snapshots/2026-06-22T160715Z/raw,1070,1034,bf973ff3ecce3842bc807909b6a11c9ba3d11429,d3881a1328862a39dc4af32e15c4826237a09adca2da7038eafb5659ddb68bb4,3cbd5f76b124b82ce4f26fb66fcb37946580c4a15ad9e837f6f5beb2a7d3fb8d,QSR,0.6133177570093458,0.6523364485981309,0.4908488249009758,0.45656370656370654,0.4324265012817814,0.21470019342359767,0.4635414328475636,0.312015503875969,0.36837989279260586,0.3155818540433925,0.6133177570093458,0.5568862275449102,Restaurant Brands International Inc.,Consumer Cyclical,Restaurants,32794650624,73.44000244140625,813.0,373.0,2026-06-18,none,NOT_SELECTED,,
2026-06-22T160715Z,2026-06-22T16:07:15.765832+00:00,2026-06-22T17:23:48.252300+00:00,2026-06-18,data/prospective/daily_qvp/snapshots/2026-06-22T160715Z/raw,1070,1034,bf973ff3ecce3842bc807909b6a11c9ba3d11429,d3881a1328862a39dc4af32e15c4826237a09adca2da7038eafb5659ddb68bb4,3cbd5f76b124b82ce4f26fb66fcb37946580c4a15ad9e837f6f5beb2a7d3fb8d,AGYS,0.15771028037383172,0.06074766355140187,0.4407101770419527,0.3108108108108108,0.43194492283277325,0.2137330754352031,0.4979451786110664,0.45251937984496127,0.7237100737100737,0.4144144144144144,0.15771028037383172,0.6959459459459459,"Agilysys, Inc.",Technology,Software - Application,2369376768,87.51000213623047,814.0,1006.0,2026-06-18,none,NOT_SELECTED,,
2026-06-22T160715Z,2026-06-22T16:07:15.765832+00:00,2026-06-22T17:23:48.252300+00:00,2026-06-18,data/prospective/daily_qvp/snapshots/2026-06-22T160715Z/raw,1070,1034,bf973ff3ecce3842bc807909b6a11c9ba3d11429,d3881a1328862a39dc4af32e15c4826237a09adca2da7038eafb5659ddb68bb4,3cbd5f76b124b82ce4f26fb66fcb37946580c4a15ad9e837f6f5beb2a7d3fb8d,DLTR,0.300233644859813,0.1897196261682243,0.40792932242990654,0.23455598455598456,0.43167510384215996,0.2127659574468085,0.5053969528816199,0.4757751937984496,0.515625,0.4791666666666667,0.300233644859813,0.7265625,"Dollar Tree, Inc.",Consumer Defensive,Discount Stores,22475780096,111.6500015258789,815.0,868.0,2026-06-18,none,NOT_SELECTED,,
2026-06-22T160715Z,2026-06-22T16:07:15.765832+00:00,2026-06-22T17:23:48.252300+00:00,2026-06-18,data/prospective/daily_qvp/snapshots/2026-06-22T160715Z/raw,1070,1034,bf973ff3ecce3842bc807909b6a11c9ba3d11429,d3881a1328862a39dc4af32e15c4826237a09adca2da7038eafb5659ddb68bb4,3cbd5f76b124b82ce4f26fb66fcb37946580c4a15ad9e837f6f5beb2a7d3fb8d,IT,0.06238317757009343,0.010280373831775701,0.32755215389561176,0.10328185328185328,0.4315813158102877,0.21179883945841393,0.3760508517225806,0.07364341085271318,0.5927211302211302,0.6396396396396397,0.06238317757009343,0.20945945945945943,"Gartner, Inc.",Technology,Information Technology Services,8517284352,127.48999786376952,816.0,1060.0,2026-06-18,none,NOT_SELECTED,,
2026-06-22T160715Z,2026-06-22T16:07:15.765832+00:00,2026-06-22T17:23:48.252300+00:00,2026-06-18,data/prospective/daily_qvp/snapshots/2026-06-22T160715Z/raw,1070,1034,bf973ff3ecce3842bc807909b6a11c9ba3d11429,d3881a1328862a39dc4af32e15c4826237a09adca2da7038eafb5659ddb68bb4,3cbd5f76b124b82ce4f26fb66fcb37946580c4a15ad9e837f6f5beb2a7d3fb8d,CECO,0.6876168224299065,0.7897196261682243,0.5437284096346751,0.6235521235521235,0.4313154982618581,0.21083172147001933,0.4884866236963936,0.40891472868217055,0.3998399968394437,0.20648967551622413,0.6876168224299065,0.6599999999999999,CECO Environmental Corp.,Industrials,Pollution & Treatment Controls,3509817344,98.4000015258789,817.0,226.0,2026-06-18,none,NOT_SELECTED,,
2026-06-22T160715Z,2026-06-22T16:07:15.765832+00:00,2026-06-22T17:23:48.252300+00:00,2026-06-18,data/prospective/daily_qvp/snapshots/2026-06-22T160715Z/raw,1070,1034,bf973ff3ecce3842bc807909b6a11c9ba3d11429,d3881a1328862a39dc4af32e15c4826237a09adca2da7038eafb5659ddb68bb4,3cbd5f76b124b82ce4f26fb66fcb37946580c4a15ad9e837f6f5beb2a7d3fb8d,MCHP,0.6852803738317756,0.7831775700934579,0.5005537823294832,0.49324324324324326,0.43130011915058636,0.20986460348162475,0.44115526954311995,0.22771317829457363,0.31582719082719085,0.29279279279279274,0.6852803738317756,0.4707207207207207,Microchip Technology Incorporated,Technology,Semiconductors,55227035648,99.7699966430664,818.0,233.0,2026-06-18,none,NOT_SELECTED,,
2026-06-22T160715Z,2026-06-22T16:07:15.765832+00:00,2026-06-22T17:23:48.252300+00:00,2026-06-18,data/prospective/daily_qvp/snapshots/2026-06-22T160715Z/raw,1070,1034,bf973ff3ecce3842bc807909b6a11c9ba3d11429,d3881a1328862a39dc4af32e15c4826237a09adca2da7038eafb5659ddb68bb4,3cbd5f76b124b82ce4f26fb66fcb37946580c4a15ad9e837f6f5beb2a7d3fb8d,WRBY,0.3731308411214953,0.27289719626168224,0.43987583297442095,0.3088803088803089,0.4303356924014177,0.20889748549323017,0.48032020730428393,0.3817829457364341,0.5066208248273466,0.41125541125541126,0.3731308411214953,0.6302737520128825,Warby Parker Inc.,Healthcare,Medical Instruments & Supplies,3251340288,25.959999084472656,819.0,779.0,2026-06-18,none,NOT_SELECTED,,
2026-06-22T160715Z,2026-06-22T16:07:15.765832+00:00,2026-06-22T17:23:48.252300+00:00,2026-06-18,data/prospective/daily_qvp/snapshots/2026-06-22T160715Z/raw,1070,1034,bf973ff3ecce3842bc807909b6a11c9ba3d11429,d3881a1328862a39dc4af32e15c4826237a09adca2da7038eafb5659ddb68bb4,3cbd5f76b124b82ce4f26fb66fcb37946580c4a15ad9e837f6f5beb2a7d3fb8d,WMB,0.7521028037383177,0.9154205607476635,0.5760514018691588,0.6872586872586872,0.4302994406485335,0.2079303675048356,0.5066531519149715,0.48255813953488375,0.39999999999999997,0.13879551820728286,0.7521028037383177,0.7357142857142858,"The Williams Companies, Inc.",Energy,Oil & Gas Midstream,91388542976,73.12000274658203,820.0,92.0,2026-06-18,none,NOT_SELECTED,,
2026-06-22T160715Z,2026-06-22T16:07:15.765832+00:00,2026-06-22T17:23:48.252300+00:00,2026-06-18,data/prospective/daily_qvp/snapshots/2026-06-22T160715Z/raw,1070,1034,bf973ff3ecce3842bc807909b6a11c9ba3d11429,d3881a1328862a39dc4af32e15c4826237a09adca2da7038eafb5659ddb68bb4,3cbd5f76b124b82ce4f26fb66fcb37946580c4a15ad9e837f6f5beb2a7d3fb8d,D,0.7233644859813084,0.8495327102803738,0.5125443119561715,0.5386100386100386,0.43020844902539496,0.20696324951644102,0.5489494402173221,0.6928294573643411,0.3017241379310345,0.26553672316384186,0.7233644859813084,0.9051724137931034,"Dominion Energy, Inc.",Utilities,Utilities - Regulated Electric,60589617152,68.41000366210938,821.0,162.0,2026-06-18,none,NOT_SELECTED,,
2026-06-22T160715Z,2026-06-22T16:07:15.765832+00:00,2026-06-22T17:23:48.252300+00:00,2026-06-18,data/prospective/daily_qvp/snapshots/2026-06-22T160715Z/raw,1070,1034,bf973ff3ecce3842bc807909b6a11c9ba3d11429,d3881a1328862a39dc4af32e15c4826237a09adca2da7038eafb5659ddb68bb4,3cbd5f76b124b82ce4f26fb66fcb37946580c4a15ad9e837f6f5beb2a7d3fb8d,PTON,0.20467289719626164,0.09532710280373832,0.3498346369213997,0.13996138996138996,0.42848936347028227,0.2059961315280464,0.4471155255967237,0.25,0.49499637664653784,0.5857988165680473,0.20467289719626164,0.5029940119760479,"Peloton Interactive, Inc.",Consumer Cyclical,Leisure,2366300928,5.769999980926514,822.0,969.0,2026-06-18,none,NOT_SELECTED,,
2026-06-22T160715Z,2026-06-22T16:07:15.765832+00:00,2026-06-22T17:23:48.252300+00:00,2026-06-18,data/prospective/daily_qvp/snapshots/2026-06-22T160715Z/raw,1070,1034,bf973ff3ecce3842bc807909b6a11c9ba3d11429,d3881a1328862a39dc4af32e15c4826237a09adca2da7038eafb5659ddb68bb4,3cbd5f76b124b82ce4f26fb66fcb37946580c4a15ad9e837f6f5beb2a7d3fb8d,CTOS,0.7504672897196262,0.9130841121495327,0.4246321514969812,0.27413127413127414,0.4281225159439068,0.20502901353965183,0.4783141091801524,0.37112403100775193,0.09879701327433624,0.43510324483775814,0.7504672897196262,0.6288888888888888,"Custom Truck One Source, Inc.",Industrials,Rental & Leasing Services,2569990912,11.270000457763672,823.0,94.0,2026-06-18,none,NOT_SELECTED,,
2026-06-22T160715Z,2026-06-22T16:07:15.765832+00:00,2026-06-22T17:23:48.252300+00:00,2026-06-18,data/prospective/daily_qvp/snapshots/2026-06-22T160715Z/raw,1070,1034,bf973ff3ecce3842bc807909b6a11c9ba3d11429,d3881a1328862a39dc4af32e15c4826237a09adca2da7038eafb5659ddb68bb4,3cbd5f76b124b82ce4f26fb66fcb37946580c4a15ad9e837f6f5beb2a7d3fb8d,KDP,0.5352803738317757,0.5177570093457944,0.44928081191588787,0.3301158301158301,0.42799276349948084,0.20406189555125726,0.5006820726246106,0.46124031007751937,0.36328125,0.3854166666666667,0.5352803738317757,0.71875,Keurig Dr Pepper Inc.,Consumer Defensive,Beverages - Non-Alcoholic,42177343488,30.760000228881836,824.0,517.0,2026-06-18,none,NOT_SELECTED,,
2026-06-22T160715Z,2026-06-22T16:07:15.765832+00:00,2026-06-22T17:23:48.252300+00:00,2026-06-18,data/prospective/daily_qvp/snapshots/2026-06-22T160715Z/raw,1070,1034,bf973ff3ecce3842bc807909b6a11c9ba3d11429,d3881a1328862a39dc4af32e15c4826237a09adca2da7038eafb5659ddb68bb4,3cbd5f76b124b82ce4f26fb66fcb37946580c4a15ad9e837f6f5beb2a7d3fb8d,NRG,0.21448598130841118,0.10467289719626169,0.3395997995378993,0.11969111969111969,0.4279064576956994,0.20309477756286268,0.4071367398234987,0.12596899224806202,0.4647136177673875,0.6045197740112994,0.21448598130841118,0.3448275862068966,"NRG Energy, Inc.",Utilities,Utilities - Independent Power Producers,28869277696,135.05999755859375,825.0,959.0,2026-06-18,none,NOT_SELECTED,,
2026-06-22T160715Z,2026-06-22T16:07:15.765832+00:00,2026-06-22T17:23:48.252300+00:00,2026-06-18,data/prospective/daily_qvp/snapshots/2026-06-22T160715Z/raw,1070,1034,bf973ff3ecce3842bc807909b6a11c9ba3d11429,d3881a1328862a39dc4af32e15c4826237a09adca2da7038eafb5659ddb68bb4,3cbd5f76b124b82ce4f26fb66fcb37946580c4a15ad9e837f6f5beb2a7d3fb8d,HCC,0.5205607476635514,0.49252336448598133,0.4602803738317757,0.3667953667953668,0.4272239529248875,0.20212765957446807,0.32666796469366566,0.03488372093023256,0.4,0.3611111111111111,0.5205607476635514,0.025,"Warrior Met Coal, Inc.",Basic Materials,Coking Coal,4676933632,90.58000183105467,826.0,544.0,2026-06-18,none,NOT_SELECTED,,
2026-06-22T160715Z,2026-06-22T16:07:15.765832+00:00,2026-06-22T17:23:48.252300+00:00,2026-06-18,data/prospective/daily_qvp/snapshots/2026-06-22T160715Z/raw,1070,1034,bf973ff3ecce3842bc807909b6a11c9ba3d11429,d3881a1328862a39dc4af32e15c4826237a09adca2da7038eafb5659ddb68bb4,3cbd5f76b124b82ce4f26fb66fcb37946580c4a15ad9e837f6f5beb2a7d3fb8d,PODD,0.13271028037383176,0.05093457943925234,0.40044962836464204,0.22007722007722008,0.42713957908292155,0.2011605415860735,0.4922347165183103,0.42151162790697677,0.6681889763554523,0.4805194805194805,0.13271028037383176,0.6875201288244766,Insulet Corporation,Healthcare,Medical Devices,9772899328,145.75999450683594,827.0,1017.0,2026-06-18,none,NOT_SELECTED,,
2026-06-22T160715Z,2026-06-22T16:07:15.765832+00:00,2026-06-22T17:23:48.252300+00:00,2026-06-18,data/prospective/daily_qvp/snapshots/2026-06-22T160715Z/raw,1070,1034,bf973ff3ecce3842bc807909b6a11c9ba3d11429,d3881a1328862a39dc4af32e15c4826237a09adca2da7038eafb5659ddb68bb4,3cbd5f76b124b82ce4f26fb66fcb37946580c4a15ad9e837f6f5beb2a7d3fb8d,MRNA,0.6904205607476636,0.794392523364486,0.47256742932709056,0.3967181467181467,0.42687756471733884,0.20019342359767892,0.3247374811064422,0.03294573643410853,0.25471429790651756,0.3354978354978355,0.6904205607476636,0.018317230273752,"Moderna, Inc.",Healthcare,Biotechnology,23838920704,63.959999084472656,828.0,221.0,2026-06-18,none,NOT_SELECTED,,
2026-06-22T160715Z,2026-06-22T16:07:15.765832+00:00,2026-06-22T17:23:48.252300+00:00,2026-06-18,data/prospective/daily_qvp/snapshots/2026-06-22T160715Z/raw,1070,1034,bf973ff3ecce3842bc807909b6a11c9ba3d11429,d3881a1328862a39dc4af32e15c4826237a09adca2da7038eafb5659ddb68bb4,3cbd5f76b124b82ce4f26fb66fcb37946580c4a15ad9e837f6f5beb2a7d3fb8d,ACM,0.22056074766355138,0.10841121495327102,0.26526121295946214,0.04633204633204633,0.42659498759736025,0.19922630560928434,0.4321684629202424,0.2054263565891473,0.3099616782553729,0.7492625368731565,0.22056074766355138,0.4488888888888889,AECOM,Industrials,Engineering & Construction,8781971456,68.80999755859375,829.0,955.0,2026-06-18,none,NOT_SELECTED,,
2026-06-22T160715Z,2026-06-22T16:07:15.765832+00:00,2026-06-22T17:23:48.252300+00:00,2026-06-18,data/prospective/daily_qvp/snapshots/2026-06-22T160715Z/raw,1070,1034,bf973ff3ecce3842bc807909b6a11c9ba3d11429,d3881a1328862a39dc4af32e15c4826237a09adca2da7038eafb5659ddb68bb4,3cbd5f76b124b82ce4f26fb66fcb37946580c4a15ad9e837f6f5beb2a7d3fb8d,CWEN,0.6039719626168224,0.6373831775700934,0.45472926009274783,0.3503861003861004,0.42650500578687894,0.19825918762088976,0.3759132370987799,0.07267441860465117,0.30548655756867327,0.3700564971751412,0.6039719626168224,0.22413793103448276,"Clearway Energy, Inc.",Utilities,Utilities - Renewable,8906389504,37.41999816894531,830.0,389.0,2026-06-18,none,NOT_SELECTED,,
2026-06-22T160715Z,2026-06-22T16:07:15.765832+00:00,2026-06-22T17:23:48.252300+00:00,2026-06-18,data/prospective/daily_qvp/snapshots/2026-06-22T160715Z/raw,1070,1034,bf973ff3ecce3842bc807909b6a11c9ba3d11429,d3881a1328862a39dc4af32e15c4826237a09adca2da7038eafb5659ddb68bb4,3cbd5f76b124b82ce4f26fb66fcb37946580c4a15ad9e837f6f5beb2a7d3fb8d,NOW,0.08855140186915884,0.02149532710280374,0.40821407112294966,0.23745173745173745,0.4257963677356201,0.19729206963249515,0.46743286138730067,0.3313953488372093,0.7278767403767404,0.4609609609609609,0.08855140186915884,0.5923423423423424,"ServiceNow, Inc.",Technology,Software - Application,94993784832,95.04000091552734,831.0,1048.0,2026-06-18,none,NOT_SELECTED,,
2026-06-22T160715Z,2026-06-22T16:07:15.765832+00:00,2026-06-22T17:23:48.252300+00:00,2026-06-18,data/prospective/daily_qvp/snapshots/2026-06-22T160715Z/raw,1070,1034,bf973ff3ecce3842bc807909b6a11c9ba3d11429,d3881a1328862a39dc4af32e15c4826237a09adca2da7038eafb5659ddb68bb4,3cbd5f76b124b82ce4f26fb66fcb37946580c4a15ad9e837f6f5beb2a7d3fb8d,UAA,0.40303738317757,0.3186915887850467,0.35937737194573804,0.15926640926640925,0.42564671607690885,0.19632495164410058,0.4352530011295379,0.21608527131782945,0.3157173607139061,0.5581854043392505,0.40303738317757,0.46407185628742514,"Under Armour, Inc.",Consumer Cyclical,Apparel Manufacturing,2506790400,6.059999942779541,832.0,730.0,2026-06-18,none,NOT_SELECTED,,
2026-06-22T160715Z,2026-06-22T16:07:15.765832+00:00,2026-06-22T17:23:48.252300+00:00,2026-06-18,data/prospective/daily_qvp/snapshots/2026-06-22T160715Z/raw,1070,1034,bf973ff3ecce3842bc807909b6a11c9ba3d11429,d3881a1328862a39dc4af32e15c4826237a09adca2da7038eafb5659ddb68bb4,3cbd5f76b124b82ce4f26fb66fcb37946580c4a15ad9e837f6f5beb2a7d3fb8d,DE,0.616588785046729,0.6588785046728972,0.46068258784574123,0.37065637065637064,0.4256074676100418,0.195357833655706,0.33059448959642024,0.035852713178294575,0.3047763906447534,0.355457227138643,0.616588785046729,0.0455555555555555,Deere & Company,Industrials,Farm & Heavy Construction Machinery,162503294976,589.239990234375,833.0,366.0,2026-06-18,none,NOT_SELECTED,,
2026-06-22T160715Z,2026-06-22T16:07:15.765832+00:00,2026-06-22T17:23:48.252300+00:00,2026-06-18,data/prospective/daily_qvp/snapshots/2026-06-22T160715Z/raw,1070,1034,bf973ff3ecce3842bc807909b6a11c9ba3d11429,d3881a1328862a39dc4af32e15c4826237a09adca2da7038eafb5659ddb68bb4,3cbd5f76b124b82ce4f26fb66fcb37946580c4a15ad9e837f6f5beb2a7d3fb8d,TTMI,0.7581775700934579,0.930841121495327,0.519158400116344,0.5521235521235521,0.42518467915664165,0.19439071566731142,0.48217679765576954,0.3846899224806202,0.2801392301392301,0.2372372372372372,0.7581775700934579,0.6531531531531531,"TTM Technologies, Inc.",Technology,Electronic Components,22908282880,216.44000244140625,834.0,75.0,2026-06-18,none,NOT_SELECTED,,
2026-06-22T160715Z,2026-06-22T16:07:15.765832+00:00,2026-06-22T17:23:48.252300+00:00,2026-06-18,data/prospective/daily_qvp/snapshots/2026-06-22T160715Z/raw,1070,1034,bf973ff3ecce3842bc807909b6a11c9ba3d11429,d3881a1328862a39dc4af32e15c4826237a09adca2da7038eafb5659ddb68bb4,3cbd5f76b124b82ce4f26fb66fcb37946580c4a15ad9e837f6f5beb2a7d3fb8d,SNPS,0.3476635514018691,0.2383177570093458,0.38212415899331786,0.19111969111969113,0.42491960949904867,0.19342359767891681,0.3961108782954577,0.09786821705426356,0.41658476658476656,0.5105105105105104,0.3476635514018691,0.3096846846846847,"Synopsys, Inc.",Technology,Software - Infrastructure,87103946752,455.510009765625,835.0,816.0,2026-06-18,none,NOT_SELECTED,,
2026-06-22T160715Z,2026-06-22T16:07:15.765832+00:00,2026-06-22T17:23:48.252300+00:00,2026-06-18,data/prospective/daily_qvp/snapshots/2026-06-22T160715Z/raw,1070,1034,bf973ff3ecce3842bc807909b6a11c9ba3d11429,d3881a1328862a39dc4af32e15c4826237a09adca2da7038eafb5659ddb68bb4,3cbd5f76b124b82ce4f26fb66fcb37946580c4a15ad9e837f6f5beb2a7d3fb8d,GKOS,0.602570093457944,0.6355140186915887,0.5123961133892377,0.5366795366795367,0.42312699045574,0.19245647969052224,0.41929773881604016,0.15794573643410853,0.4222221333205315,0.24458874458874455,0.602570093457944,0.4078099838969404,Glaukos Corporation,Healthcare,Medical Devices,7719397376,130.67999267578125,836.0,391.0,2026-06-18,none,NOT_SELECTED,,
2026-06-22T160715Z,2026-06-22T16:07:15.765832+00:00,2026-06-22T17:23:48.252300+00:00,2026-06-18,data/prospective/daily_qvp/snapshots/2026-06-22T160715Z/raw,1070,1034,bf973ff3ecce3842bc807909b6a11c9ba3d11429,d3881a1328862a39dc4af32e15c4826237a09adca2da7038eafb5659ddb68bb4,3cbd5f76b124b82ce4f26fb66fcb37946580c4a15ad9e837f6f5beb2a7d3fb8d,VRSK,0.26191588785046727,0.15093457943925234,0.4859131035333247,0.4391891891891892,0.4227621280192666,0.19148936170212766,0.45596048490333885,0.29069767441860467,0.7099103192161821,0.2964601769911504,0.26191588785046727,0.5555555555555556,"Verisk Analytics, Inc.",Industrials,Consulting Services,22120417280,173.8000030517578,837.0,910.0,2026-06-18,none,NOT_SELECTED,,
2026-06-22T160715Z,2026-06-22T16:07:15.765832+00:00,2026-06-22T17:23:48.252300+00:00,2026-06-18,data/prospective/daily_qvp/snapshots/2026-06-22T160715Z/raw,1070,1034,bf973ff3ecce3842bc807909b6a11c9ba3d11429,d3881a1328862a39dc4af32e15c4826237a09adca2da7038eafb5659ddb68bb4,3cbd5f76b124b82ce4f26fb66fcb37946580c4a15ad9e837f6f5beb2a7d3fb8d,URI,0.6214953271028038,0.6691588785046729,0.506544123728393,0.5164092664092664,0.42275016311489716,0.19052224371373308,0.4042848445583951,0.11434108527131782,0.3915929203539823,0.2551622418879056,0.6214953271028038,0.3488888888888888,"United Rentals, Inc.",Industrials,Rental & Leasing Services,68504010752,1076.81005859375,838.0,355.0,2026-06-18,none,NOT_SELECTED,,
2026-06-22T160715Z,2026-06-22T16:07:15.765832+00:00,2026-06-22T17:23:48.252300+00:00,2026-06-18,data/prospective/daily_qvp/snapshots/2026-06-22T160715Z/raw,1070,1034,bf973ff3ecce3842bc807909b6a11c9ba3d11429,d3881a1328862a39dc4af32e15c4826237a09adca2da7038eafb5659ddb68bb4,3cbd5f76b124b82ce4f26fb66fcb37946580c4a15ad9e837f6f5beb2a7d3fb8d,PRM,0.7023364485981308,0.8172897196261683,0.5324182242990654,0.5936293436293436,0.4216121495327103,0.1895551257253385,0.42766744548286606,0.187984496124031,0.3625,0.19999999999999996,0.7023364485981308,0.44583333333333336,"Perimeter Solutions, Inc.",Basic Materials,Specialty Chemicals,6029991424,37.779998779296875,839.0,197.0,2026-06-18,none,NOT_SELECTED,,
2026-06-22T160715Z,2026-06-22T16:07:15.765832+00:00,2026-06-22T17:23:48.252300+00:00,2026-06-18,data/prospective/daily_qvp/snapshots/2026-06-22T160715Z/raw,1070,1034,bf973ff3ecce3842bc807909b6a11c9ba3d11429,d3881a1328862a39dc4af32e15c4826237a09adca2da7038eafb5659ddb68bb4,3cbd5f76b124b82ce4f26fb66fcb37946580c4a15ad9e837f6f5beb2a7d3fb8d,UCTT,0.7565420560747663,0.9289719626168225,0.442654729921085,0.31467181467181465,0.42072877890634897,0.1885880077369439,0.3369429805761581,0.0377906976744186,0.12876740376740373,0.3768768768768768,0.7565420560747663,0.0855855855855855,"Ultra Clean Holdings, Inc.",Technology,Semiconductor Equipment & Materials,5462110720,121.27999877929688,840.0,77.0,2026-06-18,none,NOT_SELECTED,,
2026-06-22T160715Z,2026-06-22T16:07:15.765832+00:00,2026-06-22T17:23:48.252300+00:00,2026-06-18,data/prospective/daily_qvp/snapshots/2026-06-22T160715Z/raw,1070,1034,bf973ff3ecce3842bc807909b6a11c9ba3d11429,d3881a1328862a39dc4af32e15c4826237a09adca2da7038eafb5659ddb68bb4,3cbd5f76b124b82ce4f26fb66fcb37946580c4a15ad9e837f6f5beb2a7d3fb8d,ALNY,0.26378504672897196,0.1542056074766355,0.5034356731971095,0.5067567567567568,0.42003936654699076,0.18762088974854932,0.5310721980181335,0.5988372093023255,0.7430862996652471,0.2532467532467532,0.26378504672897196,0.864170692431562,"Alnylam Pharmaceuticals, Inc.",Healthcare,Biotechnology,37959626752,278.0899963378906,841.0,906.0,2026-06-18,none,NOT_SELECTED,,
2026-06-22T160715Z,2026-06-22T16:07:15.765832+00:00,2026-06-22T17:23:48.252300+00:00,2026-06-18,data/prospective/daily_qvp/snapshots/2026-06-22T160715Z/raw,1070,1034,bf973ff3ecce3842bc807909b6a11c9ba3d11429,d3881a1328862a39dc4af32e15c4826237a09adca2da7038eafb5659ddb68bb4,3cbd5f76b124b82ce4f26fb66fcb37946580c4a15ad9e837f6f5beb2a7d3fb8d,COR,0.32056074766355136,0.2102803738317757,0.35349519438498295,0.14285714285714285,0.42000689726675633,0.18665377176015474,0.4174608895362186,0.1501937984496124,0.38642964110641453,0.5530303030303031,0.32056074766355136,0.4098228663446054,"Cencora, Inc.",Healthcare,Medical Distribution,53014966272,271.8299865722656,842.0,846.0,2026-06-18,none,NOT_SELECTED,,
2026-06-22T160715Z,2026-06-22T16:07:15.765832+00:00,2026-06-22T17:23:48.252300+00:00,2026-06-18,data/prospective/daily_qvp/snapshots/2026-06-22T160715Z/raw,1070,1034,bf973ff3ecce3842bc807909b6a11c9ba3d11429,d3881a1328862a39dc4af32e15c4826237a09adca2da7038eafb5659ddb68bb4,3cbd5f76b124b82ce4f26fb66fcb37946580c4a15ad9e837f6f5beb2a7d3fb8d,APP,0.23808411214953268,0.1233644859813084,0.52788446142248,0.5781853281853282,0.41955582452319923,0.18568665377176016,0.5549446461701771,0.7218992248062015,0.8176848106954274,0.2028985507246376,0.23808411214953268,0.961111111111111,AppLovin Corporation,Communication Services,Advertising Agencies,155096547328,469.7099914550781,843.0,939.0,2026-06-18,none,NOT_SELECTED,,
2026-06-22T160715Z,2026-06-22T16:07:15.765832+00:00,2026-06-22T17:23:48.252300+00:00,2026-06-18,data/prospective/daily_qvp/snapshots/2026-06-22T160715Z/raw,1070,1034,bf973ff3ecce3842bc807909b6a11c9ba3d11429,d3881a1328862a39dc4af32e15c4826237a09adca2da7038eafb5659ddb68bb4,3cbd5f76b124b82ce4f26fb66fcb37946580c4a15ad9e837f6f5beb2a7d3fb8d,LVS,0.3553738317757009,0.2457943925233645,0.44682971123544774,0.3252895752895753,0.4188595182069323,0.18471953578336556,0.5312105069186723,0.6017441860465116,0.5382855906951945,0.3629191321499014,0.3553738317757009,0.8682634730538923,Las Vegas Sands Corp.,Consumer Cyclical,Resorts & Casinos,31515031552,48.720001220703125,844.0,808.0,2026-06-18,none,NOT_SELECTED,,
2026-06-22T160715Z,2026-06-22T16:07:15.765832+00:00,2026-06-22T17:23:48.252300+00:00,2026-06-18,data/prospective/daily_qvp/snapshots/2026-06-22T160715Z/raw,1070,1034,bf973ff3ecce3842bc807909b6a11c9ba3d11429,d3881a1328862a39dc4af32e15c4826237a09adca2da7038eafb5659ddb68bb4,3cbd5f76b124b82ce4f26fb66fcb37946580c4a15ad9e837f6f5beb2a7d3fb8d,LUMN,0.5011682242990654,0.4523364485981308,0.3678518348773161,0.16988416988416988,0.4179398705945392,0.18375241779497098,0.3384549029459044,0.03875968992248062,0.23453544545556676,0.5181159420289855,0.5011682242990654,0.09999999999999995,"Lumen Technologies, Inc.",Communication Services,Telecom Services,8443398656,8.199999809265137,845.0,587.0,2026-06-18,none,NOT_SELECTED,,
2026-06-22T160715Z,2026-06-22T16:07:15.765832+00:00,2026-06-22T17:23:48.252300+00:00,2026-06-18,data/prospective/daily_qvp/snapshots/2026-06-22T160715Z/raw,1070,1034,bf973ff3ecce3842bc807909b6a11c9ba3d11429,d3881a1328862a39dc4af32e15c4826237a09adca2da7038eafb5659ddb68bb4,3cbd5f76b124b82ce4f26fb66fcb37946580c4a15ad9e837f6f5beb2a7d3fb8d,CNP,0.6605140186915888,0.7364485981308411,0.47363076738203047,0.4034749034749035,0.41744876017559096,0.1827852998065764,0.40575898392479665,0.1182170542635659,0.2867475160724722,0.3050847457627119,0.6605140186915888,0.37068965517241376,"CenterPoint Energy, Inc.",Utilities,Utilities - Regulated Electric,28312389632,42.81999969482422,846.0,283.0,2026-06-18,none,NOT_SELECTED,,
2026-06-22T160715Z,2026-06-22T16:07:15.765832+00:00,2026-06-22T17:23:48.252300+00:00,2026-06-18,data/prospective/daily_qvp/snapshots/2026-06-22T160715Z/raw,1070,1034,bf973ff3ecce3842bc807909b6a11c9ba3d11429,d3881a1328862a39dc4af32e15c4826237a09adca2da7038eafb5659ddb68bb4,3cbd5f76b124b82ce4f26fb66fcb37946580c4a15ad9e837f6f5beb2a7d3fb8d,PCOR,0.11822429906542051,0.037383177570093455,0.33987586779642853,0.12065637065637065,0.41727460255497634,0.18181818181818182,0.45822622218650255,0.29554263565891475,0.5615274365274365,0.5720720720720721,0.11822429906542051,0.5810810810810811,"Procore Technologies, Inc.",Technology,Software - Application,5815308800,39.9900016784668,847.0,1031.0,2026-06-18,none,NOT_SELECTED,,
2026-06-22T160715Z,2026-06-22T16:07:15.765832+00:00,2026-06-22T17:23:48.252300+00:00,2026-06-18,data/prospective/daily_qvp/snapshots/2026-06-22T160715Z/raw,1070,1034,bf973ff3ecce3842bc807909b6a11c9ba3d11429,d3881a1328862a39dc4af32e15c4826237a09adca2da7038eafb5659ddb68bb4,3cbd5f76b124b82ce4f26fb66fcb37946580c4a15ad9e837f6f5beb2a7d3fb8d,MRCY,0.6574766355140187,0.7308411214953271,0.48761553014638986,0.44594594594594594,0.4170140899107692,0.18085106382978725,0.5227605674330769,0.5552325581395349,0.31775442477876104,0.27581120943952797,0.6574766355140187,0.84,"Mercury Systems, Inc.",Industrials,Aerospace & Defense,6645590528,113.91000366210938,848.0,289.0,2026-06-18,none,NOT_SELECTED,,
2026-06-22T160715Z,2026-06-22T16:07:15.765832+00:00,2026-06-22T17:23:48.252300+00:00,2026-06-18,data/prospective/daily_qvp/snapshots/2026-06-22T160715Z/raw,1070,1034,bf973ff3ecce3842bc807909b6a11c9ba3d11429,d3881a1328862a39dc4af32e15c4826237a09adca2da7038eafb5659ddb68bb4,3cbd5f76b124b82ce4f26fb66fcb37946580c4a15ad9e837f6f5beb2a7d3fb8d,CGON,0.6936915887850467,0.8,0.49427515517285664,0.47104247104247104,0.4160968566953243,0.17988394584139264,0.5552489710239087,0.7267441860465116,0.2948587215606666,0.25974025974025966,0.6936915887850467,0.9727053140096618,"CG Oncology, Inc.",Healthcare,Biotechnology,5696997376,61.08000183105469,849.0,215.0,2026-06-18,none,NOT_SELECTED,,
2026-06-22T160715Z,2026-06-22T16:07:15.765832+00:00,2026-06-22T17:23:48.252300+00:00,2026-06-18,data/prospective/daily_qvp/snapshots/2026-06-22T160715Z/raw,1070,1034,bf973ff3ecce3842bc807909b6a11c9ba3d11429,d3881a1328862a39dc4af32e15c4826237a09adca2da7038eafb5659ddb68bb4,3cbd5f76b124b82ce4f26fb66fcb37946580c4a15ad9e837f6f5beb2a7d3fb8d,DOCN,0.7546728971962616,0.9233644859813084,0.5463372675989497,0.6303088803088803,0.4152758961170176,0.17891682785299806,0.488821786952628,0.40988372093023256,0.33800163800163796,0.15315315315315314,0.7546728971962616,0.7094594594594594,"DigitalOcean Holdings, Inc.",Technology,Software - Infrastructure,16492149760,173.27000427246094,850.0,83.0,2026-06-18,none,NOT_SELECTED,,
2026-06-22T160715Z,2026-06-22T16:07:15.765832+00:00,2026-06-22T17:23:48.252300+00:00,2026-06-18,data/prospective/daily_qvp/snapshots/2026-06-22T160715Z/raw,1070,1034,bf973ff3ecce3842bc807909b6a11c9ba3d11429,d3881a1328862a39dc4af32e15c4826237a09adca2da7038eafb5659ddb68bb4,3cbd5f76b124b82ce4f26fb66fcb37946580c4a15ad9e837f6f5beb2a7d3fb8d,GTLS,0.6273364485981308,0.6794392523364486,0.4090478861195458,0.24034749034749034,0.41527479526947103,0.17794970986460348,0.3881227631187699,0.08527131782945736,0.19075932364096082,0.4277286135693215,0.6273364485981308,0.30666666666666664,"Chart Industries, Inc.",Industrials,Specialty Industrial Machinery,9996498944,207.9900054931641,851.0,344.0,2026-06-18,none,NOT_SELECTED,,
2026-06-22T160715Z,2026-06-22T16:07:15.765832+00:00,2026-06-22T17:23:48.252300+00:00,2026-06-18,data/prospective/daily_qvp/snapshots/2026-06-22T160715Z/raw,1070,1034,bf973ff3ecce3842bc807909b6a11c9ba3d11429,d3881a1328862a39dc4af32e15c4826237a09adca2da7038eafb5659ddb68bb4,3cbd5f76b124b82ce4f26fb66fcb37946580c4a15ad9e837f6f5beb2a7d3fb8d,COHR,0.7434579439252337,0.8962616822429906,0.5029380219216668,0.5038610038610039,0.41487159419402414,0.1769825918762089,0.5110410830329054,0.5058139534883721,0.2624180999180999,0.23873873873873866,0.7434579439252337,0.7995495495495495,Coherent Corp.,Technology,Scientific & Technical Instruments,78745804800,389.5700073242187,852.0,112.0,2026-06-18,none,NOT_SELECTED,,
2026-06-22T160715Z,2026-06-22T16:07:15.765832+00:00,2026-06-22T17:23:48.252300+00:00,2026-06-18,data/prospective/daily_qvp/snapshots/2026-06-22T160715Z/raw,1070,1034,bf973ff3ecce3842bc807909b6a11c9ba3d11429,d3881a1328862a39dc4af32e15c4826237a09adca2da7038eafb5659ddb68bb4,3cbd5f76b124b82ce4f26fb66fcb37946580c4a15ad9e837f6f5beb2a7d3fb8d,AWK,0.4600467289719626,0.3981308411214953,0.4581063568880853,0.361003861003861,0.4127488706937518,0.1760154738878143,0.4345616530203138,0.2131782945736434,0.45616598480420806,0.3220338983050847,0.4600467289719626,0.5,"American Water Works Company, Inc.",Utilities,Utilities - Regulated Water,24654166016,125.06999969482422,853.0,645.0,2026-06-18,none,NOT_SELECTED,,
2026-06-22T160715Z,2026-06-22T16:07:15.765832+00:00,2026-06-22T17:23:48.252300+00:00,2026-06-18,data/prospective/daily_qvp/snapshots/2026-06-22T160715Z/raw,1070,1034,bf973ff3ecce3842bc807909b6a11c9ba3d11429,d3881a1328862a39dc4af32e15c4826237a09adca2da7038eafb5659ddb68bb4,3cbd5f76b124b82ce4f26fb66fcb37946580c4a15ad9e837f6f5beb2a7d3fb8d,NTRA,0.4411214953271028,0.3766355140186916,0.5012066487685486,0.4971042471042471,0.412059843767777,0.17504835589941972,0.44841686350216126,0.2616279069767442,0.5612918022099944,0.23376623376623373,0.4411214953271028,0.557487922705314,"Natera, Inc.",Healthcare,Diagnostics & Research,32229187584,231.41000366210935,854.0,668.0,2026-06-18,none,NOT_SELECTED,,
2026-06-22T160715Z,2026-06-22T16:07:15.765832+00:00,2026-06-22T17:23:48.252300+00:00,2026-06-18,data/prospective/daily_qvp/snapshots/2026-06-22T160715Z/raw,1070,1034,bf973ff3ecce3842bc807909b6a11c9ba3d11429,d3881a1328862a39dc4af32e15c4826237a09adca2da7038eafb5659ddb68bb4,3cbd5f76b124b82ce4f26fb66fcb37946580c4a15ad9e837f6f5beb2a7d3fb8d,MXL,0.7476635514018691,0.9074766355140187,0.5379851336042925,0.61003861003861,0.41170980878924796,0.17408123791102514,0.5396382124477919,0.6443798449612403,0.3283067158067158,0.15915915915915912,0.7476635514018691,0.9234234234234234,"MaxLinear, Inc.",Technology,Semiconductors,8466570752,88.76000213623047,855.0,101.0,2026-06-18,none,NOT_SELECTED,,
2026-06-22T160715Z,2026-06-22T16:07:15.765832+00:00,2026-06-22T17:23:48.252300+00:00,2026-06-18,data/prospective/daily_qvp/snapshots/2026-06-22T160715Z/raw,1070,1034,bf973ff3ecce3842bc807909b6a11c9ba3d11429,d3881a1328862a39dc4af32e15c4826237a09adca2da7038eafb5659ddb68bb4,3cbd5f76b124b82ce4f26fb66fcb37946580c4a15ad9e837f6f5beb2a7d3fb8d,KD,0.016822429906542025,0.001869158878504673,0.13476256630462236,0.0028957528957528956,0.41141328244131975,0.17311411992263057,0.36711852038954834,0.061046511627906974,0.2527027027027027,0.9647147147147147,0.016822429906542025,0.23423423423423417,"Kyndryl Holdings, Inc.",Technology,Information Technology Services,2319841280,11.0,856.0,1069.0,2026-06-18,none,NOT_SELECTED,,
2026-06-22T160715Z,2026-06-22T16:07:15.765832+00:00,2026-06-22T17:23:48.252300+00:00,2026-06-18,data/prospective/daily_qvp/snapshots/2026-06-22T160715Z/raw,1070,1034,bf973ff3ecce3842bc807909b6a11c9ba3d11429,d3881a1328862a39dc4af32e15c4826237a09adca2da7038eafb5659ddb68bb4,3cbd5f76b124b82ce4f26fb66fcb37946580c4a15ad9e837f6f5beb2a7d3fb8d,WAT,0.3703271028037383,0.26542056074766357,0.3903705107278216,0.20173745173745175,0.41104065794553185,0.172147001934236,0.3656073855686497,0.05813953488372093,0.4104139186519049,0.4523809523809524,0.3703271028037383,0.2293075684380032,Waters Corporation,Healthcare,Diagnostics & Research,35096535040,355.44000244140625,857.0,787.0,2026-06-18,none,NOT_SELECTED,,
2026-06-22T160715Z,2026-06-22T16:07:15.765832+00:00,2026-06-22T17:23:48.252300+00:00,2026-06-18,data/prospective/daily_qvp/snapshots/2026-06-22T160715Z/raw,1070,1034,bf973ff3ecce3842bc807909b6a11c9ba3d11429,d3881a1328862a39dc4af32e15c4826237a09adca2da7038eafb5659ddb68bb4,3cbd5f76b124b82ce4f26fb66fcb37946580c4a15ad9e837f6f5beb2a7d3fb8d,UHAL,0.4598130841121495,0.397196261682243,0.36772654837718727,0.16891891891891891,0.4103427726644375,0.17117988394584138,0.36331263505388367,0.05329457364341085,0.27564001264222504,0.4955752212389381,0.4598130841121495,0.2222222222222222,U-Haul Holding Company,Industrials,Rental & Leasing Services,11841321984,62.22999954223633,858.0,646.0,2026-06-18,none,NOT_SELECTED,,
2026-06-22T160715Z,2026-06-22T16:07:15.765832+00:00,2026-06-22T17:23:48.252300+00:00,2026-06-18,data/prospective/daily_qvp/snapshots/2026-06-22T160715Z/raw,1070,1034,bf973ff3ecce3842bc807909b6a11c9ba3d11429,d3881a1328862a39dc4af32e15c4826237a09adca2da7038eafb5659ddb68bb4,3cbd5f76b124b82ce4f26fb66fcb37946580c4a15ad9e837f6f5beb2a7d3fb8d,GXO,0.327803738317757,0.21682242990654205,0.24819983060009215,0.03571428571428571,0.4093210276763643,0.1702127659574468,0.46143521520171765,0.3071705426356589,0.16859592288242728,0.7315634218289085,0.327803738317757,0.6177777777777778,"GXO Logistics, Inc.",Industrials,Integrated Freight & Logistics,5745526272,48.63999938964844,859.0,839.0,2026-06-18,none,NOT_SELECTED,,
2026-06-22T160715Z,2026-06-22T16:07:15.765832+00:00,2026-06-22T17:23:48.252300+00:00,2026-06-18,data/prospective/daily_qvp/snapshots/2026-06-22T160715Z/raw,1070,1034,bf973ff3ecce3842bc807909b6a11c9ba3d11429,d3881a1328862a39dc4af32e15c4826237a09adca2da7038eafb5659ddb68bb4,3cbd5f76b124b82ce4f26fb66fcb37946580c4a15ad9e837f6f5beb2a7d3fb8d,XPO,0.6710280373831776,0.7551401869158878,0.4568201185651666,0.3561776061776062,0.408774867637348,0.16924564796905223,0.41102559517245546,0.13468992248062014,0.2426121997471555,0.31268436578171094,0.6710280373831776,0.4177777777777778,"XPO, Inc.",Industrials,Trucking,23773173760,199.5,860.0,263.0,2026-06-18,none,NOT_SELECTED,,
2026-06-22T160715Z,2026-06-22T16:07:15.765832+00:00,2026-06-22T17:23:48.252300+00:00,2026-06-18,data/prospective/daily_qvp/snapshots/2026-06-22T160715Z/raw,1070,1034,bf973ff3ecce3842bc807909b6a11c9ba3d11429,d3881a1328862a39dc4af32e15c4826237a09adca2da7038eafb5659ddb68bb4,3cbd5f76b124b82ce4f26fb66fcb37946580c4a15ad9e837f6f5beb2a7d3fb8d,TLN,0.3873831775700934,0.2897196261682243,0.4294455338464143,0.2857142857142857,0.4087075687036359,0.16827852998065765,0.43368584894152,0.20833333333333334,0.47150789012273525,0.3672316384180791,0.3873831775700934,0.5086206896551724,Talen Energy Corporation,Utilities,Utilities - Independent Power Producers,20763822080,436.2900085449219,861.0,761.0,2026-06-18,none,NOT_SELECTED,,
2026-06-22T160715Z,2026-06-22T16:07:15.765832+00:00,2026-06-22T17:23:48.252300+00:00,2026-06-18,data/prospective/daily_qvp/snapshots/2026-06-22T160715Z/raw,1070,1034,bf973ff3ecce3842bc807909b6a11c9ba3d11429,d3881a1328862a39dc4af32e15c4826237a09adca2da7038eafb5659ddb68bb4,3cbd5f76b124b82ce4f26fb66fcb37946580c4a15ad9e837f6f5beb2a7d3fb8d,LNG,0.5827102803738318,0.6009345794392523,0.47349799732977305,0.4025096525096525,0.40856915975112784,0.16731141199226304,0.5117840126704887,0.5067829457364341,0.36428571428571427,0.2787114845938375,0.5827102803738318,0.8214285714285714,"Cheniere Energy, Inc.",Energy,Oil & Gas Midstream,48352002048,227.02999877929688,862.0,428.0,2026-06-18,none,NOT_SELECTED,,
2026-06-22T160715Z,2026-06-22T16:07:15.765832+00:00,2026-06-22T17:23:48.252300+00:00,2026-06-18,data/prospective/daily_qvp/snapshots/2026-06-22T160715Z/raw,1070,1034,bf973ff3ecce3842bc807909b6a11c9ba3d11429,d3881a1328862a39dc4af32e15c4826237a09adca2da7038eafb5659ddb68bb4,3cbd5f76b124b82ce4f26fb66fcb37946580c4a15ad9e837f6f5beb2a7d3fb8d,AN,0.3906542056074766,0.29439252336448596,0.34042564198910386,0.12355212355212356,0.4084099940676866,0.16634429400386846,0.4275649805807051,0.187015503875969,0.29019707837073105,0.5443786982248521,0.3906542056074766,0.4850299401197604,"AutoNation, Inc.",Consumer Cyclical,Auto & Truck Dealerships,6261984256,188.7400054931641,863.0,756.0,2026-06-18,none,NOT_SELECTED,,
2026-06-22T160715Z,2026-06-22T16:07:15.765832+00:00,2026-06-22T17:23:48.252300+00:00,2026-06-18,data/prospective/daily_qvp/snapshots/2026-06-22T160715Z/raw,1070,1034,bf973ff3ecce3842bc807909b6a11c9ba3d11429,d3881a1328862a39dc4af32e15c4826237a09adca2da7038eafb5659ddb68bb4,3cbd5f76b124b82ce4f26fb66fcb37946580c4a15ad9e837f6f5beb2a7d3fb8d,WH,0.5032710280373831,0.45607476635514016,0.4783125487910741,0.4140926640926641,0.40828989117301057,0.1653771760154739,0.35487011299053633,0.046511627906976744,0.45335406954476504,0.26824457593688356,0.5032710280373831,0.19461077844311375,"Wyndham Hotels & Resorts, Inc.",Consumer Cyclical,Lodging,6216788480,84.19999694824219,864.0,583.0,2026-06-18,none,NOT_SELECTED,,
2026-06-22T160715Z,2026-06-22T16:07:15.765832+00:00,2026-06-22T17:23:48.252300+00:00,2026-06-18,data/prospective/daily_qvp/snapshots/2026-06-22T160715Z/raw,1070,1034,bf973ff3ecce3842bc807909b6a11c9ba3d11429,d3881a1328862a39dc4af32e15c4826237a09adca2da7038eafb5659ddb68bb4,3cbd5f76b124b82ce4f26fb66fcb37946580c4a15ad9e837f6f5beb2a7d3fb8d,BKD,0.6978971962616823,0.811214953271028,0.4315071746610996,0.2905405405405405,0.4074405695431862,0.1644100580270793,0.3829354996211577,0.07945736434108527,0.16511715306051689,0.3593073593073593,0.6978971962616823,0.3094202898550724,Brookdale Senior Living Inc.,Healthcare,Medical Care Facilities,3263457792,13.649999618530272,865.0,203.0,2026-06-18,none,NOT_SELECTED,,
2026-06-22T160715Z,2026-06-22T16:07:15.765832+00:00,2026-06-22T17:23:48.252300+00:00,2026-06-18,data/prospective/daily_qvp/snapshots/2026-06-22T160715Z/raw,1070,1034,bf973ff3ecce3842bc807909b6a11c9ba3d11429,d3881a1328862a39dc4af32e15c4826237a09adca2da7038eafb5659ddb68bb4,3cbd5f76b124b82ce4f26fb66fcb37946580c4a15ad9e837f6f5beb2a7d3fb8d,ESAB,0.23271028037383173,0.11962616822429907,0.3099145191376112,0.08494208494208494,0.40719964992654906,0.16344294003868473,0.387621959667134,0.08430232558139535,0.38711875790139066,0.6017699115044248,0.23271028037383173,0.3288888888888889,ESAB Corporation,Industrials,Metal Fabrication,6294256128,106.1999969482422,866.0,943.0,2026-06-18,none,NOT_SELECTED,,
2026-06-22T160715Z,2026-06-22T16:07:15.765832+00:00,2026-06-22T17:23:48.252300+00:00,2026-06-18,data/prospective/daily_qvp/snapshots/2026-06-22T160715Z/raw,1070,1034,bf973ff3ecce3842bc807909b6a11c9ba3d11429,d3881a1328862a39dc4af32e15c4826237a09adca2da7038eafb5659ddb68bb4,3cbd5f76b124b82ce4f26fb66fcb37946580c4a15ad9e837f6f5beb2a7d3fb8d,BOOT,0.25490654205607477,0.14018691588785046,0.42593584413204066,0.277992277992278,0.4069026600590988,0.16247582205029013,0.5125123243856415,0.5087209302325582,0.5969651462080066,0.36883629191321504,0.25490654205607477,0.8293413173652695,"Boot Barn Holdings, Inc.",Consumer Cyclical,Apparel Retail,5521267200,174.22000122070312,867.0,921.0,2026-06-18,none,NOT_SELECTED,,
2026-06-22T160715Z,2026-06-22T16:07:15.765832+00:00,2026-06-22T17:23:48.252300+00:00,2026-06-18,data/prospective/daily_qvp/snapshots/2026-06-22T160715Z/raw,1070,1034,bf973ff3ecce3842bc807909b6a11c9ba3d11429,d3881a1328862a39dc4af32e15c4826237a09adca2da7038eafb5659ddb68bb4,3cbd5f76b124b82ce4f26fb66fcb37946580c4a15ad9e837f6f5beb2a7d3fb8d,PLTR,0.19369158878504666,0.08504672897196262,0.5513963676930966,0.6361003861003861,0.4066366175011035,0.16150870406189555,0.5437162018645664,0.6637596899224806,0.9091011466011467,0.11711711711711709,0.19369158878504666,0.954954954954955,Palantir Technologies Inc.,Technology,Software - Infrastructure,288876101632,128.47000122070312,868.0,980.0,2026-06-18,none,NOT_SELECTED,,
2026-06-22T160715Z,2026-06-22T16:07:15.765832+00:00,2026-06-22T17:23:48.252300+00:00,2026-06-18,data/prospective/daily_qvp/snapshots/2026-06-22T160715Z/raw,1070,1034,bf973ff3ecce3842bc807909b6a11c9ba3d11429,d3881a1328862a39dc4af32e15c4826237a09adca2da7038eafb5659ddb68bb4,3cbd5f76b124b82ce4f26fb66fcb37946580c4a15ad9e837f6f5beb2a7d3fb8d,AZO,0.40887850467289716,0.32897196261682243,0.4958391237685631,0.4768339768339768,0.4061675683769382,0.16054158607350097,0.38546399963599703,0.08139534883720931,0.5827997428642291,0.2268244575936883,0.40887850467289716,0.32335329341317365,"AutoZone, Inc.",Consumer Cyclical,Auto Parts,48469979136,3064.47998046875,869.0,719.0,2026-06-18,none,NOT_SELECTED,,
2026-06-22T160715Z,2026-06-22T16:07:15.765832+00:00,2026-06-22T17:23:48.252300+00:00,2026-06-18,data/prospective/daily_qvp/snapshots/2026-06-22T160715Z/raw,1070,1034,bf973ff3ecce3842bc807909b6a11c9ba3d11429,d3881a1328862a39dc4af32e15c4826237a09adca2da7038eafb5659ddb68bb4,3cbd5f76b124b82ce4f26fb66fcb37946580c4a15ad9e837f6f5beb2a7d3fb8d,ARQT,0.38457943925233645,0.28598130841121494,0.4706499582624366,0.3918918918918919,0.4061187311937167,0.1595744680851064,0.5307565202149332,0.5978682170542635,0.5567204772725367,0.277056277056277,0.38457943925233645,0.904669887278583,"Arcutis Biotherapeutics, Inc.",Healthcare,Biotechnology,3358488576,26.209999084472656,870.0,765.0,2026-06-18,none,NOT_SELECTED,,
2026-06-22T160715Z,2026-06-22T16:07:15.765832+00:00,2026-06-22T17:23:48.252300+00:00,2026-06-18,data/prospective/daily_qvp/snapshots/2026-06-22T160715Z/raw,1070,1034,bf973ff3ecce3842bc807909b6a11c9ba3d11429,d3881a1328862a39dc4af32e15c4826237a09adca2da7038eafb5659ddb68bb4,3cbd5f76b124b82ce4f26fb66fcb37946580c4a15ad9e837f6f5beb2a7d3fb8d,VIAV,0.7679906542056074,0.9439252336448598,0.4984558103132869,0.48359073359073357,0.40587744711576484,0.15860735009671179,0.42152520245394076,0.1695736434108527,0.22892096642096638,0.2207207207207207,0.7679906542056074,0.46846846846846846,Viavi Solutions Inc.,Technology,Communication Equipment,12461325312,47.16999816894531,871.0,61.0,2026-06-18,none,NOT_SELECTED,,
2026-06-22T160715Z,2026-06-22T16:07:15.765832+00:00,2026-06-22T17:23:48.252300+00:00,2026-06-18,data/prospective/daily_qvp/snapshots/2026-06-22T160715Z/raw,1070,1034,bf973ff3ecce3842bc807909b6a11c9ba3d11429,d3881a1328862a39dc4af32e15c4826237a09adca2da7038eafb5659ddb68bb4,3cbd5f76b124b82ce4f26fb66fcb37946580c4a15ad9e837f6f5beb2a7d3fb8d,XEL,0.6205607476635514,0.6644859813084112,0.4605031967423543,0.3696911196911197,0.4058721876587447,0.1576402321083172,0.4681972441923343,0.3333333333333333,0.3004456458211572,0.2966101694915254,0.6205607476635514,0.6551724137931034,Xcel Energy Inc.,Utilities,Utilities - Regulated Electric,49089437696,77.41000366210938,872.0,360.0,2026-06-18,none,NOT_SELECTED,,
2026-06-22T160715Z,2026-06-22T16:07:15.765832+00:00,2026-06-22T17:23:48.252300+00:00,2026-06-18,data/prospective/daily_qvp/snapshots/2026-06-22T160715Z/raw,1070,1034,bf973ff3ecce3842bc807909b6a11c9ba3d11429,d3881a1328862a39dc4af32e15c4826237a09adca2da7038eafb5659ddb68bb4,3cbd5f76b124b82ce4f26fb66fcb37946580c4a15ad9e837f6f5beb2a7d3fb8d,IBM,0.2462616822429906,0.1280373831775701,0.33275921949987364,0.11003861003861004,0.4055231633502661,0.15667311411992263,0.42013336350369057,0.16279069767441862,0.4192567567567567,0.551051051051051,0.2462616822429906,0.46396396396396394,International Business Machines Corporation,Technology,Information Technology Services,230591463424,249.1000061035156,873.0,934.0,2026-06-18,none,NOT_SELECTED,,
2026-06-22T160715Z,2026-06-22T16:07:15.765832+00:00,2026-06-22T17:23:48.252300+00:00,2026-06-18,data/prospective/daily_qvp/snapshots/2026-06-22T160715Z/raw,1070,1034,bf973ff3ecce3842bc807909b6a11c9ba3d11429,d3881a1328862a39dc4af32e15c4826237a09adca2da7038eafb5659ddb68bb4,3cbd5f76b124b82ce4f26fb66fcb37946580c4a15ad9e837f6f5beb2a7d3fb8d,MCD,0.46144859813084105,0.39953271028037385,0.522720241668802,0.5637065637065637,0.40502190996197585,0.15570599613152805,0.4414909833696855,0.22965116279069767,0.583991885206763,0.16962524654832345,0.46144859813084105,0.5508982035928144,McDonald's Corporation,Consumer Cyclical,Restaurants,194156396544,278.6099853515625,874.0,644.0,2026-06-18,none,NOT_SELECTED,,
2026-06-22T160715Z,2026-06-22T16:07:15.765832+00:00,2026-06-22T17:23:48.252300+00:00,2026-06-18,data/prospective/daily_qvp/snapshots/2026-06-22T160715Z/raw,1070,1034,bf973ff3ecce3842bc807909b6a11c9ba3d11429,d3881a1328862a39dc4af32e15c4826237a09adca2da7038eafb5659ddb68bb4,3cbd5f76b124b82ce4f26fb66fcb37946580c4a15ad9e837f6f5beb2a7d3fb8d,VAC,0.5668224299065421,0.5799065420560747,0.36591455674812595,0.16602316602316602,0.40502127583339886,0.15473887814313347,0.36289769340199524,0.05135658914728682,0.16500668358970982,0.48323471400394474,0.5668224299065421,0.2365269461077844,Marriott Vacations Worldwide Corporation,Consumer Cyclical,Resorts & Casinos,3321317632,97.97000122070312,875.0,451.0,2026-06-18,none,NOT_SELECTED,,
2026-06-22T160715Z,2026-06-22T16:07:15.765832+00:00,2026-06-22T17:23:48.252300+00:00,2026-06-18,data/prospective/daily_qvp/snapshots/2026-06-22T160715Z/raw,1070,1034,bf973ff3ecce3842bc807909b6a11c9ba3d11429,d3881a1328862a39dc4af32e15c4826237a09adca2da7038eafb5659ddb68bb4,3cbd5f76b124b82ce4f26fb66fcb37946580c4a15ad9e837f6f5beb2a7d3fb8d,WLK,0.4591121495327103,0.39345794392523364,0.30976440809968847,0.08397683397683398,0.4046577535479405,0.15377176015473887,0.3222433151609554,0.031007751937984496,0.16041666666666665,0.5944444444444446,0.4591121495327103,0.07499999999999996,Westlake Corporation,Basic Materials,Specialty Chemicals,10007683072,80.27999877929688,876.0,650.0,2026-06-18,none,NOT_SELECTED,,
2026-06-22T160715Z,2026-06-22T16:07:15.765832+00:00,2026-06-22T17:23:48.252300+00:00,2026-06-18,data/prospective/daily_qvp/snapshots/2026-06-22T160715Z/raw,1070,1034,bf973ff3ecce3842bc807909b6a11c9ba3d11429,d3881a1328862a39dc4af32e15c4826237a09adca2da7038eafb5659ddb68bb4,3cbd5f76b124b82ce4f26fb66fcb37946580c4a15ad9e837f6f5beb2a7d3fb8d,MGNI,0.2911214953271028,0.17943925233644858,0.39256529771410753,0.20752895752895753,0.40422227577075764,0.1528046421663443,0.4698333734947349,0.34108527131782945,0.4940091001011122,0.4275362318840579,0.2911214953271028,0.6666666666666667,"Magnite, Inc.",Communication Services,Advertising Agencies,2507694848,17.889999389648438,877.0,879.0,2026-06-18,none,NOT_SELECTED,,
2026-06-22T160715Z,2026-06-22T16:07:15.765832+00:00,2026-06-22T17:23:48.252300+00:00,2026-06-18,data/prospective/daily_qvp/snapshots/2026-06-22T160715Z/raw,1070,1034,bf973ff3ecce3842bc807909b6a11c9ba3d11429,d3881a1328862a39dc4af32e15c4826237a09adca2da7038eafb5659ddb68bb4,3cbd5f76b124b82ce4f26fb66fcb37946580c4a15ad9e837f6f5beb2a7d3fb8d,PSKY,0.12032710280373825,0.04018691588785047,0.21662069104909976,0.02027027027027027,0.4040756297815254,0.1518375241779497,0.43639005566947736,0.21996124031007752,0.31291427929446125,0.7789855072463768,0.12032710280373825,0.5333333333333333,Paramount Skydance Corporation,Communication Services,Entertainment,11001472000,9.9399995803833,878.0,1028.0,2026-06-18,none,NOT_SELECTED,,
2026-06-22T160715Z,2026-06-22T16:07:15.765832+00:00,2026-06-22T17:23:48.252300+00:00,2026-06-18,data/prospective/daily_qvp/snapshots/2026-06-22T160715Z/raw,1070,1034,bf973ff3ecce3842bc807909b6a11c9ba3d11429,d3881a1328862a39dc4af32e15c4826237a09adca2da7038eafb5659ddb68bb4,3cbd5f76b124b82ce4f26fb66fcb37946580c4a15ad9e837f6f5beb2a7d3fb8d,SRE,0.6070093457943926,0.6429906542056075,0.45853097330631376,0.36196911196911197,0.40361575244903025,0.15087040618955513,0.393229055716083,0.09205426356589147,0.31005260081823494,0.29378531073446323,0.6070093457943926,0.3620689655172413,Sempra,Utilities,Utilities - Diversified,60010340352,90.69000244140624,879.0,383.0,2026-06-18,none,NOT_SELECTED,,
2026-06-22T160715Z,2026-06-22T16:07:15.765832+00:00,2026-06-22T17:23:48.252300+00:00,2026-06-18,data/prospective/daily_qvp/snapshots/2026-06-22T160715Z/raw,1070,1034,bf973ff3ecce3842bc807909b6a11c9ba3d11429,d3881a1328862a39dc4af32e15c4826237a09adca2da7038eafb5659ddb68bb4,3cbd5f76b124b82ce4f26fb66fcb37946580c4a15ad9e837f6f5beb2a7d3fb8d,BRZE,0.10280373831775697,0.03177570093457944,0.2802409354979448,0.06177606177606178,0.4035440070486798,0.14990328820116053,0.455811158439663,0.28972868217054265,0.4576781326781326,0.6501501501501501,0.10280373831775697,0.6126126126126126,"Braze, Inc.",Technology,Software - Application,2136059648,20.059999465942383,880.0,1037.0,2026-06-18,none,NOT_SELECTED,,
2026-06-22T160715Z,2026-06-22T16:07:15.765832+00:00,2026-06-22T17:23:48.252300+00:00,2026-06-18,data/prospective/daily_qvp/snapshots/2026-06-22T160715Z/raw,1070,1034,bf973ff3ecce3842bc807909b6a11c9ba3d11429,d3881a1328862a39dc4af32e15c4826237a09adca2da7038eafb5659ddb68bb4,3cbd5f76b124b82ce4f26fb66fcb37946580c4a15ad9e837f6f5beb2a7d3fb8d,LTH,0.6607476635514019,0.7373831775700934,0.45567049647672997,0.35231660231660233,0.4030571225689705,0.14893617021276595,0.5223527221662488,0.5503875968992248,0.25059332940205803,0.29783037475345164,0.6607476635514019,0.8802395209580838,"Life Time Group Holdings, Inc.",Consumer Cyclical,Leisure,8295290880,36.91999816894531,881.0,282.0,2026-06-18,none,NOT_SELECTED,,
2026-06-22T160715Z,2026-06-22T16:07:15.765832+00:00,2026-06-22T17:23:48.252300+00:00,2026-06-18,data/prospective/daily_qvp/snapshots/2026-06-22T160715Z/raw,1070,1034,bf973ff3ecce3842bc807909b6a11c9ba3d11429,d3881a1328862a39dc4af32e15c4826237a09adca2da7038eafb5659ddb68bb4,3cbd5f76b124b82ce4f26fb66fcb37946580c4a15ad9e837f6f5beb2a7d3fb8d,ORA,0.7042056074766355,0.819626168224299,0.44609023798729497,0.3223938223938224,0.4028548855885168,0.14796905222437137,0.42067564695000825,0.1686046511627907,0.1879748684979544,0.3163841807909604,0.7042056074766355,0.47413793103448276,"Ormat Technologies, Inc.",Utilities,Utilities - Renewable,7920748544,127.68000030517578,882.0,194.0,2026-06-18,none,NOT_SELECTED,,
2026-06-22T160715Z,2026-06-22T16:07:15.765832+00:00,2026-06-22T17:23:48.252300+00:00,2026-06-18,data/prospective/daily_qvp/snapshots/2026-06-22T160715Z/raw,1070,1034,bf973ff3ecce3842bc807909b6a11c9ba3d11429,d3881a1328862a39dc4af32e15c4826237a09adca2da7038eafb5659ddb68bb4,3cbd5f76b124b82ce4f26fb66fcb37946580c4a15ad9e837f6f5beb2a7d3fb8d,INTC,0.7570093457943925,0.9299065420560748,0.47138960328212665,0.3938223938223938,0.4028483241100063,0.1470019342359768,0.42263173857800024,0.17054263565891473,0.18576986076986074,0.2657657657657657,0.7570093457943925,0.48198198198198194,Intel Corporation,Technology,Semiconductors,696503042048,133.99000549316406,883.0,76.0,2026-06-18,none,NOT_SELECTED,,
2026-06-22T160715Z,2026-06-22T16:07:15.765832+00:00,2026-06-22T17:23:48.252300+00:00,2026-06-18,data/prospective/daily_qvp/snapshots/2026-06-22T160715Z/raw,1070,1034,bf973ff3ecce3842bc807909b6a11c9ba3d11429,d3881a1328862a39dc4af32e15c4826237a09adca2da7038eafb5659ddb68bb4,3cbd5f76b124b82ce4f26fb66fcb37946580c4a15ad9e837f6f5beb2a7d3fb8d,CLMT,0.7530373831775701,0.9186915887850468,0.43172702492211834,0.2924710424710425,0.39985505365178264,0.14603481624758222,0.43114129023883696,0.20251937984496124,0.11041666666666664,0.3361111111111111,0.7530373831775701,0.5249999999999999,"Calumet, Inc.",Basic Materials,Specialty Chemicals,2868012544,32.63999938964844,884.0,88.0,2026-06-18,none,NOT_SELECTED,,
2026-06-22T160715Z,2026-06-22T16:07:15.765832+00:00,2026-06-22T17:23:48.252300+00:00,2026-06-18,data/prospective/daily_qvp/snapshots/2026-06-22T160715Z/raw,1070,1034,bf973ff3ecce3842bc807909b6a11c9ba3d11429,d3881a1328862a39dc4af32e15c4826237a09adca2da7038eafb5659ddb68bb4,3cbd5f76b124b82ce4f26fb66fcb37946580c4a15ad9e837f6f5beb2a7d3fb8d,AES,0.5404205607476635,0.5280373831775701,0.40693587943870607,0.2335907335907336,0.3984092303602673,0.1450676982591876,0.3591517503564074,0.04748062015503876,0.2734511981297486,0.38135593220338987,0.5404205607476635,0.24137931034482757,The AES Corporation,Utilities,Utilities - Diversified,10454891520,14.619999885559082,885.0,506.0,2026-06-18,none,NOT_SELECTED,,
2026-06-22T160715Z,2026-06-22T16:07:15.765832+00:00,2026-06-22T17:23:48.252300+00:00,2026-06-18,data/prospective/daily_qvp/snapshots/2026-06-22T160715Z/raw,1070,1034,bf973ff3ecce3842bc807909b6a11c9ba3d11429,d3881a1328862a39dc4af32e15c4826237a09adca2da7038eafb5659ddb68bb4,3cbd5f76b124b82ce4f26fb66fcb37946580c4a15ad9e837f6f5beb2a7d3fb8d,BWXT,0.5387850467289719,0.525233644859813,0.4915944434024126,0.4584942084942085,0.39803444702737045,0.14410058027079303,0.42685916860386114,0.18507751937984496,0.4444038400758533,0.21091445427728614,0.5387850467289719,0.5133333333333333,"BWX Technologies, Inc.",Industrials,Aerospace & Defense,19446124544,205.3999938964844,886.0,509.0,2026-06-18,none,NOT_SELECTED,,
2026-06-22T160715Z,2026-06-22T16:07:15.765832+00:00,2026-06-22T17:23:48.252300+00:00,2026-06-18,data/prospective/daily_qvp/snapshots/2026-06-22T160715Z/raw,1070,1034,bf973ff3ecce3842bc807909b6a11c9ba3d11429,d3881a1328862a39dc4af32e15c4826237a09adca2da7038eafb5659ddb68bb4,3cbd5f76b124b82ce4f26fb66fcb37946580c4a15ad9e837f6f5beb2a7d3fb8d,AMBA,0.4128504672897196,0.3336448598130841,0.4152243736939998,0.24903474903474904,0.3979373702504543,0.14313346228239845,0.533250324985138,0.6124031007751938,0.41759828009828004,0.36336336336336333,0.4128504672897196,0.9391891891891893,"Ambarella, Inc.",Technology,Semiconductor Equipment & Materials,3052786688,69.97000122070312,887.0,714.0,2026-06-18,none,NOT_SELECTED,,
2026-06-22T160715Z,2026-06-22T16:07:15.765832+00:00,2026-06-22T17:23:48.252300+00:00,2026-06-18,data/prospective/daily_qvp/snapshots/2026-06-22T160715Z/raw,1070,1034,bf973ff3ecce3842bc807909b6a11c9ba3d11429,d3881a1328862a39dc4af32e15c4826237a09adca2da7038eafb5659ddb68bb4,3cbd5f76b124b82ce4f26fb66fcb37946580c4a15ad9e837f6f5beb2a7d3fb8d,TSCO,0.2002336448598131,0.09252336448598131,0.35510265064667673,0.15057915057915058,0.3978133384324328,0.14216634429400388,0.41737197987222874,0.14922480620155038,0.5099716564335404,0.48323471400394474,0.2002336448598131,0.4760479041916167,Tractor Supply Company,Consumer Cyclical,Specialty Retail,15492241408,30.239999771118164,888.0,972.0,2026-06-18,none,NOT_SELECTED,,
2026-06-22T160715Z,2026-06-22T16:07:15.765832+00:00,2026-06-22T17:23:48.252300+00:00,2026-06-18,data/prospective/daily_qvp/snapshots/2026-06-22T160715Z/raw,1070,1034,bf973ff3ecce3842bc807909b6a11c9ba3d11429,d3881a1328862a39dc4af32e15c4826237a09adca2da7038eafb5659ddb68bb4,3cbd5f76b124b82ce4f26fb66fcb37946580c4a15ad9e837f6f5beb2a7d3fb8d,SBUX,0.6637850467289719,0.7457943925233644,0.5089001416865906,0.5222007722007722,0.39712343436568237,0.14119922630560927,0.35323179733114796,0.0436046511627907,0.3540152366442094,0.1735700197238658,0.6637850467289719,0.22155688622754485,Starbucks Corporation,Consumer Cyclical,Restaurants,115217973248,100.6500015258789,889.0,273.0,2026-06-18,none,NOT_SELECTED,,
2026-06-22T160715Z,2026-06-22T16:07:15.765832+00:00,2026-06-22T17:23:48.252300+00:00,2026-06-18,data/prospective/daily_qvp/snapshots/2026-06-22T160715Z/raw,1070,1034,bf973ff3ecce3842bc807909b6a11c9ba3d11429,d3881a1328862a39dc4af32e15c4826237a09adca2da7038eafb5659ddb68bb4,3cbd5f76b124b82ce4f26fb66fcb37946580c4a15ad9e837f6f5beb2a7d3fb8d,SHC,0.4593457943925233,0.394392523364486,0.40085989098050945,0.222007722007722,0.3971100571904695,0.1402321083172147,0.420135280412981,0.16375968992248063,0.3423739875684956,0.3896103896103896,0.4593457943925233,0.4892109500805153,Sotera Health Company,Healthcare,Diagnostics & Research,4522748416,15.81999969482422,890.0,649.0,2026-06-18,none,NOT_SELECTED,,
2026-06-22T160715Z,2026-06-22T16:07:15.765832+00:00,2026-06-22T17:23:48.252300+00:00,2026-06-18,data/prospective/daily_qvp/snapshots/2026-06-22T160715Z/raw,1070,1034,bf973ff3ecce3842bc807909b6a11c9ba3d11429,d3881a1328862a39dc4af32e15c4826237a09adca2da7038eafb5659ddb68bb4,3cbd5f76b124b82ce4f26fb66fcb37946580c4a15ad9e837f6f5beb2a7d3fb8d,BFAM,0.1214953271028037,0.04158878504672897,0.2730715892418637,0.05308880308880309,0.3970378642283036,0.13926499032882012,0.4908921706263175,0.4176356589147287,0.42464785138092365,0.6449704142011834,0.1214953271028037,0.7724550898203593,Bright Horizons Family Solutions Inc.,Consumer Cyclical,Personal Services,3413121024,64.31999969482422,891.0,1027.0,2026-06-18,none,NOT_SELECTED,,
2026-06-22T160715Z,2026-06-22T16:07:15.765832+00:00,2026-06-22T17:23:48.252300+00:00,2026-06-18,data/prospective/daily_qvp/snapshots/2026-06-22T160715Z/raw,1070,1034,bf973ff3ecce3842bc807909b6a11c9ba3d11429,d3881a1328862a39dc4af32e15c4826237a09adca2da7038eafb5659ddb68bb4,3cbd5f76b124b82ce4f26fb66fcb37946580c4a15ad9e837f6f5beb2a7d3fb8d,IP,0.2287383177570093,0.11401869158878504,0.2753983526043243,0.05501930501930502,0.3953017288236587,0.13829787234042554,0.4304583325458877,0.19767441860465115,0.3220583874516394,0.6351084812623274,0.2287383177570093,0.5359281437125748,International Paper Company,Consumer Cyclical,Packaging & Containers,19899248640,36.81999969482422,892.0,949.0,2026-06-18,none,NOT_SELECTED,,
2026-06-22T160715Z,2026-06-22T16:07:15.765832+00:00,2026-06-22T17:23:48.252300+00:00,2026-06-18,data/prospective/daily_qvp/snapshots/2026-06-22T160715Z/raw,1070,1034,bf973ff3ecce3842bc807909b6a11c9ba3d11429,d3881a1328862a39dc4af32e15c4826237a09adca2da7038eafb5659ddb68bb4,3cbd5f76b124b82ce4f26fb66fcb37946580c4a15ad9e837f6f5beb2a7d3fb8d,LEGN,0.38154205607476627,0.2794392523364486,0.3891721049353135,0.20077220077220076,0.3929257034345091,0.13733075435203096,0.5126089313601009,0.5106589147286822,0.3968021537958608,0.40043290043290036,0.38154205607476627,0.871658615136876,Legend Biotech Corporation,Healthcare,Biotechnology,5447748096,27.93000030517578,893.0,772.0,2026-06-18,none,NOT_SELECTED,,
2026-06-22T160715Z,2026-06-22T16:07:15.765832+00:00,2026-06-22T17:23:48.252300+00:00,2026-06-18,data/prospective/daily_qvp/snapshots/2026-06-22T160715Z/raw,1070,1034,bf973ff3ecce3842bc807909b6a11c9ba3d11429,d3881a1328862a39dc4af32e15c4826237a09adca2da7038eafb5659ddb68bb4,3cbd5f76b124b82ce4f26fb66fcb37946580c4a15ad9e837f6f5beb2a7d3fb8d,LPX,0.26004672897196257,0.14766355140186915,0.3401460335757411,0.12162162162162163,0.39244740488136926,0.13636363636363635,0.30127999810547135,0.01937984496124031,0.4202453381795196,0.49705014749262544,0.26004672897196257,0.02777777777777775,Louisiana-Pacific Corporation,Industrials,Building Products & Equipment,5347458048,77.55999755859375,894.0,913.0,2026-06-18,none,NOT_SELECTED,,
2026-06-22T160715Z,2026-06-22T16:07:15.765832+00:00,2026-06-22T17:23:48.252300+00:00,2026-06-18,data/prospective/daily_qvp/snapshots/2026-06-22T160715Z/raw,1070,1034,bf973ff3ecce3842bc807909b6a11c9ba3d11429,d3881a1328862a39dc4af32e15c4826237a09adca2da7038eafb5659ddb68bb4,3cbd5f76b124b82ce4f26fb66fcb37946580c4a15ad9e837f6f5beb2a7d3fb8d,BATRK,0.7287383177570093,0.8579439252336448,0.4461394655856162,0.32432432432432434,0.39162920894113534,0.13539651837524178,0.48538857337251823,0.3943798449612403,0.1635406134142231,0.28260869565217384,0.7287383177570093,0.7666666666666666,"Atlanta Braves Holdings, Inc.",Communication Services,Entertainment,3267486208,50.380001068115234,895.0,153.0,2026-06-18,none,NOT_SELECTED,,
2026-06-22T160715Z,2026-06-22T16:07:15.765832+00:00,2026-06-22T17:23:48.252300+00:00,2026-06-18,data/prospective/daily_qvp/snapshots/2026-06-22T160715Z/raw,1070,1034,bf973ff3ecce3842bc807909b6a11c9ba3d11429,d3881a1328862a39dc4af32e15c4826237a09adca2da7038eafb5659ddb68bb4,3cbd5f76b124b82ce4f26fb66fcb37946580c4a15ad9e837f6f5beb2a7d3fb8d,TDG,0.4450934579439252,0.3794392523364486,0.5038856196167161,0.5096525096525096,0.38877527050160615,0.1344294003868472,0.49158145287620464,0.41957364341085274,0.562677781289507,0.15855457227138642,0.4450934579439252,0.8,TransDigm Group Incorporated,Industrials,Aerospace & Defense,72318763008,1328.31005859375,896.0,665.0,2026-06-18,none,NOT_SELECTED,,
2026-06-22T160715Z,2026-06-22T16:07:15.765832+00:00,2026-06-22T17:23:48.252300+00:00,2026-06-18,data/prospective/daily_qvp/snapshots/2026-06-22T160715Z/raw,1070,1034,bf973ff3ecce3842bc807909b6a11c9ba3d11429,d3881a1328862a39dc4af32e15c4826237a09adca2da7038eafb5659ddb68bb4,3cbd5f76b124b82ce4f26fb66fcb37946580c4a15ad9e837f6f5beb2a7d3fb8d,VSEC,0.45023364485981304,0.3850467289719626,0.37560868399754244,0.18436293436293436,0.38855721509374014,0.13346228239845262,0.5125290224314162,0.5096899224806202,0.3009837231352718,0.41445427728613565,0.45023364485981304,0.8844444444444444,VSE Corporation,Industrials,Aerospace & Defense,5964389376,219.22000122070312,897.0,659.0,2026-06-18,none,NOT_SELECTED,,
2026-06-22T160715Z,2026-06-22T16:07:15.765832+00:00,2026-06-22T17:23:48.252300+00:00,2026-06-18,data/prospective/daily_qvp/snapshots/2026-06-22T160715Z/raw,1070,1034,bf973ff3ecce3842bc807909b6a11c9ba3d11429,d3881a1328862a39dc4af32e15c4826237a09adca2da7038eafb5659ddb68bb4,3cbd5f76b124b82ce4f26fb66fcb37946580c4a15ad9e837f6f5beb2a7d3fb8d,NKE,0.18551401869158873,0.07850467289719626,0.3646842822302875,0.1640926640926641,0.38842200011933686,0.13249516441005801,0.3025440449996823,0.02131782945736434,0.5438545457689862,0.43589743589743585,0.18551401869158873,0.04491017964071855,"NIKE, Inc.",Consumer Cyclical,Footwear & Accessories,64425992192,45.20000076293945,898.0,987.0,2026-06-18,none,NOT_SELECTED,,
2026-06-22T160715Z,2026-06-22T16:07:15.765832+00:00,2026-06-22T17:23:48.252300+00:00,2026-06-18,data/prospective/daily_qvp/snapshots/2026-06-22T160715Z/raw,1070,1034,bf973ff3ecce3842bc807909b6a11c9ba3d11429,d3881a1328862a39dc4af32e15c4826237a09adca2da7038eafb5659ddb68bb4,3cbd5f76b124b82ce4f26fb66fcb37946580c4a15ad9e837f6f5beb2a7d3fb8d,CMG,0.2735981308411215,0.16355140186915887,0.4510560649464456,0.333011583011583,0.38814651535548705,0.13152804642166344,0.4093733595705075,0.13178294573643412,0.6285139990517697,0.26232741617356997,0.2735981308411215,0.4730538922155688,"Chipotle Mexican Grill, Inc.",Consumer Cyclical,Restaurants,39937921024,32.4900016784668,899.0,896.0,2026-06-18,none,NOT_SELECTED,,
2026-06-22T160715Z,2026-06-22T16:07:15.765832+00:00,2026-06-22T17:23:48.252300+00:00,2026-06-18,data/prospective/daily_qvp/snapshots/2026-06-22T160715Z/raw,1070,1034,bf973ff3ecce3842bc807909b6a11c9ba3d11429,d3881a1328862a39dc4af32e15c4826237a09adca2da7038eafb5659ddb68bb4,3cbd5f76b124b82ce4f26fb66fcb37946580c4a15ad9e837f6f5beb2a7d3fb8d,LAD,0.3158878504672897,0.20654205607476636,0.2649929295074303,0.045366795366795366,0.3863923935046248,0.13056092843326886,0.40656076219433684,0.12306201550387597,0.21409800854757094,0.6291913214990138,0.3158878504672897,0.467065868263473,"Lithia Motors, Inc.",Consumer Cyclical,Auto & Truck Dealerships,6749382656,294.8500061035156,900.0,850.0,2026-06-18,none,NOT_SELECTED,,
2026-06-22T160715Z,2026-06-22T16:07:15.765832+00:00,2026-06-22T17:23:48.252300+00:00,2026-06-18,data/prospective/daily_qvp/snapshots/2026-06-22T160715Z/raw,1070,1034,bf973ff3ecce3842bc807909b6a11c9ba3d11429,d3881a1328862a39dc4af32e15c4826237a09adca2da7038eafb5659ddb68bb4,3cbd5f76b124b82ce4f26fb66fcb37946580c4a15ad9e837f6f5beb2a7d3fb8d,UTI,0.5518691588785046,0.5467289719626168,0.4868720794392523,0.44305019305019305,0.38534527518172373,0.12959381044487428,0.5097120813862928,0.5,0.421875,0.18229166666666666,0.5518691588785046,0.8828125,"Universal Technical Institute, Inc.",Consumer Defensive,Education & Training Services,2217872384,40.349998474121094,901.0,486.0,2026-06-18,none,NOT_SELECTED,,
2026-06-22T160715Z,2026-06-22T16:07:15.765832+00:00,2026-06-22T17:23:48.252300+00:00,2026-06-18,data/prospective/daily_qvp/snapshots/2026-06-22T160715Z/raw,1070,1034,bf973ff3ecce3842bc807909b6a11c9ba3d11429,d3881a1328862a39dc4af32e15c4826237a09adca2da7038eafb5659ddb68bb4,3cbd5f76b124b82ce4f26fb66fcb37946580c4a15ad9e837f6f5beb2a7d3fb8d,SGI,0.27943925233644856,0.17009345794392525,0.3672349568762081,0.16795366795366795,0.38420529011997046,0.1286266924564797,0.4341120514223132,0.21124031007751937,0.4550306614159677,0.41814595660749504,0.27943925233644856,0.5838323353293413,Somnigroup International Inc.,Consumer Cyclical,"Furnishings, Fixtures & Appliances",15534707712,75.0999984741211,902.0,889.0,2026-06-18,none,NOT_SELECTED,,
2026-06-22T160715Z,2026-06-22T16:07:15.765832+00:00,2026-06-22T17:23:48.252300+00:00,2026-06-18,data/prospective/daily_qvp/snapshots/2026-06-22T160715Z/raw,1070,1034,bf973ff3ecce3842bc807909b6a11c9ba3d11429,d3881a1328862a39dc4af32e15c4826237a09adca2da7038eafb5659ddb68bb4,3cbd5f76b124b82ce4f26fb66fcb37946580c4a15ad9e837f6f5beb2a7d3fb8d,REZI,0.27336448598130836,0.16261682242990655,0.2696428940652433,0.05019305019305019,0.3830559313433972,0.1276595744680851,0.44118083739643676,0.22868217054263565,0.2659213021491782,0.6098820058997051,0.27336448598130836,0.6155555555555555,"Resideo Technologies, Inc.",Industrials,Industrial Distribution,4743427584,31.90999984741211,903.0,897.0,2026-06-18,none,NOT_SELECTED,,
2026-06-22T160715Z,2026-06-22T16:07:15.765832+00:00,2026-06-22T17:23:48.252300+00:00,2026-06-18,data/prospective/daily_qvp/snapshots/2026-06-22T160715Z/raw,1070,1034,bf973ff3ecce3842bc807909b6a11c9ba3d11429,d3881a1328862a39dc4af32e15c4826237a09adca2da7038eafb5659ddb68bb4,3cbd5f76b124b82ce4f26fb66fcb37946580c4a15ad9e837f6f5beb2a7d3fb8d,KNTK,0.6810747663551402,0.7728971962616823,0.5083945260347129,0.5202702702702703,0.3829539604003595,0.12669245647969052,0.4282868988716982,0.18992248062015504,0.3357142857142857,0.13207282913165264,0.6810747663551402,0.5642857142857143,Kinetik Holdings Inc.,Energy,Oil & Gas Midstream,7866546688,46.529998779296875,904.0,244.0,2026-06-18,none,NOT_SELECTED,,
2026-06-22T160715Z,2026-06-22T16:07:15.765832+00:00,2026-06-22T17:23:48.252300+00:00,2026-06-18,data/prospective/daily_qvp/snapshots/2026-06-22T160715Z/raw,1070,1034,bf973ff3ecce3842bc807909b6a11c9ba3d11429,d3881a1328862a39dc4af32e15c4826237a09adca2da7038eafb5659ddb68bb4,3cbd5f76b124b82ce4f26fb66fcb37946580c4a15ad9e837f6f5beb2a7d3fb8d,TRN,0.6658878504672897,0.7504672897196262,0.3849893977368054,0.19401544401544402,0.38276579318146914,0.12572533849129594,0.396796567108324,0.10077519379844961,0.10409094500632106,0.3783185840707965,0.6658878504672897,0.4388888888888889,"Trinity Industries, Inc.",Industrials,Railroads,2793823488,34.470001220703125,905.0,268.0,2026-06-18,none,NOT_SELECTED,,
2026-06-22T160715Z,2026-06-22T16:07:15.765832+00:00,2026-06-22T17:23:48.252300+00:00,2026-06-18,data/prospective/daily_qvp/snapshots/2026-06-22T160715Z/raw,1070,1034,bf973ff3ecce3842bc807909b6a11c9ba3d11429,d3881a1328862a39dc4af32e15c4826237a09adca2da7038eafb5659ddb68bb4,3cbd5f76b124b82ce4f26fb66fcb37946580c4a15ad9e837f6f5beb2a7d3fb8d,LW,0.20771028037383174,0.09813084112149532,0.2601051401869159,0.041505791505791506,0.3817367601246106,0.12475822050290135,0.32341194509345794,0.03197674418604651,0.3125,0.625,0.20771028037383174,0.1484375,"Lamb Weston Holdings, Inc.",Consumer Defensive,Packaged Foods,6065538048,45.060001373291016,906.0,966.0,2026-06-18,none,NOT_SELECTED,,
2026-06-22T160715Z,2026-06-22T16:07:15.765832+00:00,2026-06-22T17:23:48.252300+00:00,2026-06-18,data/prospective/daily_qvp/snapshots/2026-06-22T160715Z/raw,1070,1034,bf973ff3ecce3842bc807909b6a11c9ba3d11429,d3881a1328862a39dc4af32e15c4826237a09adca2da7038eafb5659ddb68bb4,3cbd5f76b124b82ce4f26fb66fcb37946580c4a15ad9e837f6f5beb2a7d3fb8d,MSGS,0.8313084112149532,0.9981308411214953,0.5108555874746825,0.5308880308880309,0.3816331935821555,0.12379110251450677,0.3348360062977277,0.03682170542635659,0.1904027637344118,0.1231884057971014,0.8313084112149532,0.19444444444444442,Madison Square Garden Sports Corp.,Communication Services,Entertainment,8870480896,370.1000061035156,907.0,3.0,2026-06-18,none,NOT_SELECTED,,
2026-06-22T160715Z,2026-06-22T16:07:15.765832+00:00,2026-06-22T17:23:48.252300+00:00,2026-06-18,data/prospective/daily_qvp/snapshots/2026-06-22T160715Z/raw,1070,1034,bf973ff3ecce3842bc807909b6a11c9ba3d11429,d3881a1328862a39dc4af32e15c4826237a09adca2da7038eafb5659ddb68bb4,3cbd5f76b124b82ce4f26fb66fcb37946580c4a15ad9e837f6f5beb2a7d3fb8d,FOUR,0.0698598130841121,0.012149532710280374,0.13184841596056546,0.0019305019305019305,0.3806917367665031,0.12282398452611218,0.4307890728451476,0.19864341085271317,0.19383701883701884,0.8783783783783784,0.0698598130841121,0.5810810810810811,"Shift4 Payments, Inc.",Technology,Software - Infrastructure,3843268352,39.400001525878906,908.0,1058.0,2026-06-18,none,NOT_SELECTED,,
2026-06-22T160715Z,2026-06-22T16:07:15.765832+00:00,2026-06-22T17:23:48.252300+00:00,2026-06-18,data/prospective/daily_qvp/snapshots/2026-06-22T160715Z/raw,1070,1034,bf973ff3ecce3842bc807909b6a11c9ba3d11429,d3881a1328862a39dc4af32e15c4826237a09adca2da7038eafb5659ddb68bb4,3cbd5f76b124b82ce4f26fb66fcb37946580c4a15ad9e837f6f5beb2a7d3fb8d,DRVN,0.20887850467289718,0.1,0.29175771557902513,0.07239382239382239,0.38056694516576695,0.1218568665377176,0.4066826939042653,0.12403100775193798,0.3746369264851531,0.5581854043392505,0.20887850467289718,0.48502994011976047,Driven Brands Holdings Inc.,Consumer Cyclical,Auto & Truck Dealerships,2061949568,12.68000030517578,909.0,964.0,2026-06-18,none,NOT_SELECTED,,
2026-06-22T160715Z,2026-06-22T16:07:15.765832+00:00,2026-06-22T17:23:48.252300+00:00,2026-06-18,data/prospective/daily_qvp/snapshots/2026-06-22T160715Z/raw,1070,1034,bf973ff3ecce3842bc807909b6a11c9ba3d11429,d3881a1328862a39dc4af32e15c4826237a09adca2da7038eafb5659ddb68bb4,3cbd5f76b124b82ce4f26fb66fcb37946580c4a15ad9e837f6f5beb2a7d3fb8d,VNOM,0.6441588785046729,0.7088785046728971,0.4863651535380507,0.4411196911196911,0.3801257886332103,0.12088974854932302,0.40830862718919336,0.1298449612403101,0.3285714285714285,0.1676470588235294,0.6441588785046729,0.4928571428571428,"Viper Energy, Inc.",Energy,Oil & Gas Midstream,15578575872,43.209999084472656,910.0,313.0,2026-06-18,none,NOT_SELECTED,,
2026-06-22T160715Z,2026-06-22T16:07:15.765832+00:00,2026-06-22T17:23:48.252300+00:00,2026-06-18,data/prospective/daily_qvp/snapshots/2026-06-22T160715Z/raw,1070,1034,bf973ff3ecce3842bc807909b6a11c9ba3d11429,d3881a1328862a39dc4af32e15c4826237a09adca2da7038eafb5659ddb68bb4,3cbd5f76b124b82ce4f26fb66fcb37946580c4a15ad9e837f6f5beb2a7d3fb8d,CHH,0.5074766355140187,0.4649532710280374,0.4854930827409889,0.4362934362934363,0.37888887961825296,0.11992263056092843,0.3462924082166837,0.03972868217054264,0.4635095299679592,0.165680473372781,0.5074766355140187,0.248502994011976,"Choice Hotels International, Inc.",Consumer Cyclical,Lodging,5035896320,115.0,911.0,574.0,2026-06-18,none,NOT_SELECTED,,
2026-06-22T160715Z,2026-06-22T16:07:15.765832+00:00,2026-06-22T17:23:48.252300+00:00,2026-06-18,data/prospective/daily_qvp/snapshots/2026-06-22T160715Z/raw,1070,1034,bf973ff3ecce3842bc807909b6a11c9ba3d11429,d3881a1328862a39dc4af32e15c4826237a09adca2da7038eafb5659ddb68bb4,3cbd5f76b124b82ce4f26fb66fcb37946580c4a15ad9e837f6f5beb2a7d3fb8d,MOS,0.23107476635514013,0.11775700934579439,0.2572040498442367,0.03861003861003861,0.3788767739702319,0.11895551257253385,0.4779075804776739,0.3682170542635659,0.2833333333333333,0.6222222222222222,0.23107476635514013,0.7749999999999999,The Mosaic Company,Basic Materials,Agricultural Inputs,7060963328,22.899999618530273,912.0,945.0,2026-06-18,none,NOT_SELECTED,,
2026-06-22T160715Z,2026-06-22T16:07:15.765832+00:00,2026-06-22T17:23:48.252300+00:00,2026-06-18,data/prospective/daily_qvp/snapshots/2026-06-22T160715Z/raw,1070,1034,bf973ff3ecce3842bc807909b6a11c9ba3d11429,d3881a1328862a39dc4af32e15c4826237a09adca2da7038eafb5659ddb68bb4,3cbd5f76b124b82ce4f26fb66fcb37946580c4a15ad9e837f6f5beb2a7d3fb8d,XMTR,0.6894859813084111,0.7925233644859813,0.4945039735872018,0.47297297297297297,0.3768669558427953,0.11798839458413926,0.5087613279932075,0.4932170542635659,0.2995219658659924,0.1415929203539823,0.6894859813084111,0.9044444444444445,"Xometry, Inc.",Industrials,Industrial Distribution,4971022336,93.27999877929688,913.0,223.0,2026-06-18,none,NOT_SELECTED,,
2026-06-22T160715Z,2026-06-22T16:07:15.765832+00:00,2026-06-22T17:23:48.252300+00:00,2026-06-18,data/prospective/daily_qvp/snapshots/2026-06-22T160715Z/raw,1070,1034,bf973ff3ecce3842bc807909b6a11c9ba3d11429,d3881a1328862a39dc4af32e15c4826237a09adca2da7038eafb5659ddb68bb4,3cbd5f76b124b82ce4f26fb66fcb37946580c4a15ad9e837f6f5beb2a7d3fb8d,RGLD,0.4320093457943925,0.36261682242990656,0.44412967289719624,0.3166023166023166,0.37664200415368637,0.11702127659574468,0.5095648364485981,0.499031007751938,0.45625,0.24166666666666667,0.4320093457943925,0.9083333333333332,"Royal Gold, Inc.",Basic Materials,Gold,18213646336,214.82000732421875,914.0,683.0,2026-06-18,none,NOT_SELECTED,,
2026-06-22T160715Z,2026-06-22T16:07:15.765832+00:00,2026-06-22T17:23:48.252300+00:00,2026-06-18,data/prospective/daily_qvp/snapshots/2026-06-22T160715Z/raw,1070,1034,bf973ff3ecce3842bc807909b6a11c9ba3d11429,d3881a1328862a39dc4af32e15c4826237a09adca2da7038eafb5659ddb68bb4,3cbd5f76b124b82ce4f26fb66fcb37946580c4a15ad9e837f6f5beb2a7d3fb8d,LITE,0.7406542056074766,0.8906542056074767,0.5061583886350242,0.5154440154440154,0.37647796479572176,0.11605415860735009,0.48956568080399854,0.41375968992248063,0.27166257166257163,0.11711711711711707,0.7406542056074766,0.8288288288288288,Lumentum Holdings Inc.,Technology,Communication Equipment,65294041088,850.0,915.0,118.0,2026-06-18,none,NOT_SELECTED,,
2026-06-22T160715Z,2026-06-22T16:07:15.765832+00:00,2026-06-22T17:23:48.252300+00:00,2026-06-18,data/prospective/daily_qvp/snapshots/2026-06-22T160715Z/raw,1070,1034,bf973ff3ecce3842bc807909b6a11c9ba3d11429,d3881a1328862a39dc4af32e15c4826237a09adca2da7038eafb5659ddb68bb4,3cbd5f76b124b82ce4f26fb66fcb37946580c4a15ad9e837f6f5beb2a7d3fb8d,TTWO,0.47827102803738314,0.42149532710280374,0.4523798124121305,0.3359073359073359,0.3764657686612271,0.11508704061895551,0.5017937709403647,0.46511627906976744,0.42648859678687784,0.22463768115942026,0.47827102803738314,0.8777777777777778,"Take-Two Interactive Software, Inc.",Communication Services,Electronic Gaming & Multimedia,44214657024,239.27999877929688,916.0,620.0,2026-06-18,none,NOT_SELECTED,,
2026-06-22T160715Z,2026-06-22T16:07:15.765832+00:00,2026-06-22T17:23:48.252300+00:00,2026-06-18,data/prospective/daily_qvp/snapshots/2026-06-22T160715Z/raw,1070,1034,bf973ff3ecce3842bc807909b6a11c9ba3d11429,d3881a1328862a39dc4af32e15c4826237a09adca2da7038eafb5659ddb68bb4,3cbd5f76b124b82ce4f26fb66fcb37946580c4a15ad9e837f6f5beb2a7d3fb8d,OSIS,0.24415887850467285,0.1261682242990654,0.2732158028887,0.05405405405405406,0.3753370617856599,0.11411992263056092,0.3789127062491548,0.07655038759689922,0.3022727272727272,0.5795795795795796,0.24415887850467285,0.38963963963963966,"OSI Systems, Inc.",Technology,Electronic Components,3631510528,222.77999877929688,917.0,936.0,2026-06-18,none,NOT_SELECTED,,
2026-06-22T160715Z,2026-06-22T16:07:15.765832+00:00,2026-06-22T17:23:48.252300+00:00,2026-06-18,data/prospective/daily_qvp/snapshots/2026-06-22T160715Z/raw,1070,1034,bf973ff3ecce3842bc807909b6a11c9ba3d11429,d3881a1328862a39dc4af32e15c4826237a09adca2da7038eafb5659ddb68bb4,3cbd5f76b124b82ce4f26fb66fcb37946580c4a15ad9e837f6f5beb2a7d3fb8d,GWRE,0.1079439252336448,0.03364485981308411,0.32632044746530725,0.10135135135135136,0.37520462263452914,0.11315280464216634,0.4835431066155365,0.3875968992248062,0.5446969696969697,0.47297297297297297,0.1079439252336448,0.8085585585585586,"Guidewire Software, Inc.",Technology,Software - Application,8564998656,107.86000061035156,918.0,1035.0,2026-06-18,none,NOT_SELECTED,,
2026-06-22T160715Z,2026-06-22T16:07:15.765832+00:00,2026-06-22T17:23:48.252300+00:00,2026-06-18,data/prospective/daily_qvp/snapshots/2026-06-22T160715Z/raw,1070,1034,bf973ff3ecce3842bc807909b6a11c9ba3d11429,d3881a1328862a39dc4af32e15c4826237a09adca2da7038eafb5659ddb68bb4,3cbd5f76b124b82ce4f26fb66fcb37946580c4a15ad9e837f6f5beb2a7d3fb8d,CHDN,0.3189252336448598,0.20934579439252338,0.3562178278711693,0.15444015444015444,0.37423068866624964,0.11218568665377177,0.41615205841585484,0.14631782945736435,0.3935104220974787,0.4102564102564103,0.3189252336448598,0.5419161676646707,Churchill Downs Incorporated,Consumer Cyclical,Gambling,6068162048,88.2699966430664,919.0,847.0,2026-06-18,none,NOT_SELECTED,,
2026-06-22T160715Z,2026-06-22T16:07:15.765832+00:00,2026-06-22T17:23:48.252300+00:00,2026-06-18,data/prospective/daily_qvp/snapshots/2026-06-22T160715Z/raw,1070,1034,bf973ff3ecce3842bc807909b6a11c9ba3d11429,d3881a1328862a39dc4af32e15c4826237a09adca2da7038eafb5659ddb68bb4,3cbd5f76b124b82ce4f26fb66fcb37946580c4a15ad9e837f6f5beb2a7d3fb8d,HNI,0.23294392523364482,0.12149532710280374,0.27995082167807434,0.059845559845559844,0.37335314476105674,0.11121856866537717,0.454416056175583,0.28294573643410853,0.32695771812250385,0.5601577909270217,0.23294392523364482,0.6976047904191617,HNI Corporation,Consumer Cyclical,"Furnishings, Fixtures & Appliances",2478536192,34.86000061035156,920.0,941.0,2026-06-18,none,NOT_SELECTED,,
2026-06-22T160715Z,2026-06-22T16:07:15.765832+00:00,2026-06-22T17:23:48.252300+00:00,2026-06-18,data/prospective/daily_qvp/snapshots/2026-06-22T160715Z/raw,1070,1034,bf973ff3ecce3842bc807909b6a11c9ba3d11429,d3881a1328862a39dc4af32e15c4826237a09adca2da7038eafb5659ddb68bb4,3cbd5f76b124b82ce4f26fb66fcb37946580c4a15ad9e837f6f5beb2a7d3fb8d,H,0.6186915887850468,0.6598130841121496,0.43154613167231715,0.2915057915057915,0.37316750658496356,0.1102514506769826,0.4452947916153694,0.24224806201550386,0.24440067455958747,0.2564102564102564,0.6186915887850468,0.6616766467065869,Hyatt Hotels Corporation,Consumer Cyclical,Lodging,18633639936,202.08999633789065,921.0,365.0,2026-06-18,none,NOT_SELECTED,,
2026-06-22T160715Z,2026-06-22T16:07:15.765832+00:00,2026-06-22T17:23:48.252300+00:00,2026-06-18,data/prospective/daily_qvp/snapshots/2026-06-22T160715Z/raw,1070,1034,bf973ff3ecce3842bc807909b6a11c9ba3d11429,d3881a1328862a39dc4af32e15c4826237a09adca2da7038eafb5659ddb68bb4,3cbd5f76b124b82ce4f26fb66fcb37946580c4a15ad9e837f6f5beb2a7d3fb8d,RRR,0.4292056074766355,0.3560747663551402,0.43039398658817174,0.28667953667953666,0.37239940986219994,0.109284332688588,0.42974865919305716,0.1937984496124031,0.4315823656997079,0.2564102564102564,0.4292056074766355,0.6017964071856288,"Red Rock Resorts, Inc.",Consumer Cyclical,Resorts & Casinos,6180701696,61.33000183105469,922.0,690.0,2026-06-18,none,NOT_SELECTED,,
2026-06-22T160715Z,2026-06-22T16:07:15.765832+00:00,2026-06-22T17:23:48.252300+00:00,2026-06-18,data/prospective/daily_qvp/snapshots/2026-06-22T160715Z/raw,1070,1034,bf973ff3ecce3842bc807909b6a11c9ba3d11429,d3881a1328862a39dc4af32e15c4826237a09adca2da7038eafb5659ddb68bb4,3cbd5f76b124b82ce4f26fb66fcb37946580c4a15ad9e837f6f5beb2a7d3fb8d,MDGL,0.4845794392523365,0.4327102803738318,0.45416025993635384,0.3465250965250965,0.37131607516680437,0.10831721470019343,0.5165305346359729,0.5251937984496124,0.4237410806203712,0.20562770562770558,0.4845794392523365,0.9521739130434782,"Madrigal Pharmaceuticals, Inc.",Healthcare,Biotechnology,11841616896,505.75,923.0,608.0,2026-06-18,none,NOT_SELECTED,,
2026-06-22T160715Z,2026-06-22T16:07:15.765832+00:00,2026-06-22T17:23:48.252300+00:00,2026-06-18,data/prospective/daily_qvp/snapshots/2026-06-22T160715Z/raw,1070,1034,bf973ff3ecce3842bc807909b6a11c9ba3d11429,d3881a1328862a39dc4af32e15c4826237a09adca2da7038eafb5659ddb68bb4,3cbd5f76b124b82ce4f26fb66fcb37946580c4a15ad9e837f6f5beb2a7d3fb8d,OUST,0.6299065420560749,0.6850467289719626,0.46758431115907756,0.3861003861003861,0.37078193316511077,0.10735009671179883,0.5227373507747339,0.5542635658914729,0.30526208026208024,0.17717717717717715,0.6299065420560749,0.9786036036036037,"Ouster, Inc.",Technology,Electronic Components,3106100224,46.56999969482422,924.0,338.0,2026-06-18,none,NOT_SELECTED,,
2026-06-22T160715Z,2026-06-22T16:07:15.765832+00:00,2026-06-22T17:23:48.252300+00:00,2026-06-18,data/prospective/daily_qvp/snapshots/2026-06-22T160715Z/raw,1070,1034,bf973ff3ecce3842bc807909b6a11c9ba3d11429,d3881a1328862a39dc4af32e15c4826237a09adca2da7038eafb5659ddb68bb4,3cbd5f76b124b82ce4f26fb66fcb37946580c4a15ad9e837f6f5beb2a7d3fb8d,CVLT,0.23271028037383176,0.1205607476635514,0.3557695546013303,0.15347490347490347,0.36931183519968563,0.10638297872340426,0.3974793718952597,0.10271317829457365,0.4788288288288288,0.39639639639639634,0.23271028037383176,0.481981981981982,"Commvault Systems, Inc.",Technology,Software - Application,5168291328,130.02999877929688,925.0,942.0,2026-06-18,none,NOT_SELECTED,,
2026-06-22T160715Z,2026-06-22T16:07:15.765832+00:00,2026-06-22T17:23:48.252300+00:00,2026-06-18,data/prospective/daily_qvp/snapshots/2026-06-22T160715Z/raw,1070,1034,bf973ff3ecce3842bc807909b6a11c9ba3d11429,d3881a1328862a39dc4af32e15c4826237a09adca2da7038eafb5659ddb68bb4,3cbd5f76b124b82ce4f26fb66fcb37946580c4a15ad9e837f6f5beb2a7d3fb8d,BW,0.7383177570093459,0.8859813084112149,0.478183254294812,0.41312741312741313,0.3686905077796288,0.10541586073500966,0.43096232527916606,0.2005813953488372,0.21804875158027812,0.14970501474926248,0.7383177570093459,0.6177777777777778,"Babcock & Wilcox Enterprises, Inc.",Industrials,Specialty Industrial Machinery,2601714944,17.3799991607666,926.0,123.0,2026-06-18,none,NOT_SELECTED,,
2026-06-22T160715Z,2026-06-22T16:07:15.765832+00:00,2026-06-22T17:23:48.252300+00:00,2026-06-18,data/prospective/daily_qvp/snapshots/2026-06-22T160715Z/raw,1070,1034,bf973ff3ecce3842bc807909b6a11c9ba3d11429,d3881a1328862a39dc4af32e15c4826237a09adca2da7038eafb5659ddb68bb4,3cbd5f76b124b82ce4f26fb66fcb37946580c4a15ad9e837f6f5beb2a7d3fb8d,ADPT,0.3855140186915888,0.2869158878504673,0.42230288776181013,0.2673745173745174,0.36811534508795996,0.10444874274661509,0.497745123952846,0.45155038759689925,0.4590917568320314,0.25974025974025966,0.3855140186915888,0.8866344605475039,Adaptive Biotechnologies Corporation,Healthcare,Diagnostics & Research,2802377216,17.530000686645508,927.0,764.0,2026-06-18,none,NOT_SELECTED,,
2026-06-22T160715Z,2026-06-22T16:07:15.765832+00:00,2026-06-22T17:23:48.252300+00:00,2026-06-18,data/prospective/daily_qvp/snapshots/2026-06-22T160715Z/raw,1070,1034,bf973ff3ecce3842bc807909b6a11c9ba3d11429,d3881a1328862a39dc4af32e15c4826237a09adca2da7038eafb5659ddb68bb4,3cbd5f76b124b82ce4f26fb66fcb37946580c4a15ad9e837f6f5beb2a7d3fb8d,QXO,0.1574766355140187,0.059813084112149535,0.21773365593652894,0.021235521235521235,0.36565724555060636,0.10348162475822051,0.5214651563851769,0.5484496124031008,0.2779906763590392,0.661504424778761,0.1574766355140187,0.9888888888888888,"QXO, Inc.",Industrials,Industrial Distribution,12449866752,17.760000228881836,928.0,1007.0,2026-06-18,none,NOT_SELECTED,,
2026-06-22T160715Z,2026-06-22T16:07:15.765832+00:00,2026-06-22T17:23:48.252300+00:00,2026-06-18,data/prospective/daily_qvp/snapshots/2026-06-22T160715Z/raw,1070,1034,bf973ff3ecce3842bc807909b6a11c9ba3d11429,d3881a1328862a39dc4af32e15c4826237a09adca2da7038eafb5659ddb68bb4,3cbd5f76b124b82ce4f26fb66fcb37946580c4a15ad9e837f6f5beb2a7d3fb8d,CVI,0.4105140186915887,0.3317757009345794,0.3106141522029372,0.08687258687258688,0.3656195188355716,0.10251450676982592,0.3938574962695358,0.09302325581395349,0.2107142857142857,0.47563025210084037,0.4105140186915887,0.47857142857142854,"CVR Energy, Inc.",Energy,Oil & Gas Refining & Marketing,2748506624,27.399999618530273,929.0,716.0,2026-06-18,none,NOT_SELECTED,,
2026-06-22T160715Z,2026-06-22T16:07:15.765832+00:00,2026-06-22T17:23:48.252300+00:00,2026-06-18,data/prospective/daily_qvp/snapshots/2026-06-22T160715Z/raw,1070,1034,bf973ff3ecce3842bc807909b6a11c9ba3d11429,d3881a1328862a39dc4af32e15c4826237a09adca2da7038eafb5659ddb68bb4,3cbd5f76b124b82ce4f26fb66fcb37946580c4a15ad9e837f6f5beb2a7d3fb8d,FICO,0.11869158878504668,0.03925233644859813,0.42619929562102465,0.27895752895752896,0.36546419507868105,0.10154738878143134,0.4407648129756775,0.22577519379844962,0.7337070024570026,0.243993993993994,0.11869158878504668,0.6666666666666666,Fair Isaac Corporation,Technology,Software - Application,24771598336,1096.47998046875,930.0,1029.0,2026-06-18,none,NOT_SELECTED,,
2026-06-22T160715Z,2026-06-22T16:07:15.765832+00:00,2026-06-22T17:23:48.252300+00:00,2026-06-18,data/prospective/daily_qvp/snapshots/2026-06-22T160715Z/raw,1070,1034,bf973ff3ecce3842bc807909b6a11c9ba3d11429,d3881a1328862a39dc4af32e15c4826237a09adca2da7038eafb5659ddb68bb4,3cbd5f76b124b82ce4f26fb66fcb37946580c4a15ad9e837f6f5beb2a7d3fb8d,KNF,0.37593457943925235,0.2766355140186916,0.3483839563862928,0.13706563706563707,0.3637374524056767,0.10058027079303675,0.40196975597092416,0.11143410852713179,0.32083333333333325,0.39444444444444443,0.37593457943925235,0.5166666666666666,Knife River Corporation,Basic Materials,Building Materials,4973907968,86.23999786376953,931.0,775.0,2026-06-18,none,NOT_SELECTED,,
2026-06-22T160715Z,2026-06-22T16:07:15.765832+00:00,2026-06-22T17:23:48.252300+00:00,2026-06-18,data/prospective/daily_qvp/snapshots/2026-06-22T160715Z/raw,1070,1034,bf973ff3ecce3842bc807909b6a11c9ba3d11429,d3881a1328862a39dc4af32e15c4826237a09adca2da7038eafb5659ddb68bb4,3cbd5f76b124b82ce4f26fb66fcb37946580c4a15ad9e837f6f5beb2a7d3fb8d,CAVA,0.5565420560747664,0.5588785046728972,0.47791659109554413,0.41216216216216217,0.3633184900531767,0.09961315280464217,0.47233916694108014,0.3556201550387597,0.3992911261163219,0.13412228796844175,0.5565420560747664,0.7994011976047904,"CAVA Group, Inc.",Consumer Cyclical,Restaurants,9715084288,89.18000030517578,932.0,473.0,2026-06-18,none,NOT_SELECTED,,
2026-06-22T160715Z,2026-06-22T16:07:15.765832+00:00,2026-06-22T17:23:48.252300+00:00,2026-06-18,data/prospective/daily_qvp/snapshots/2026-06-22T160715Z/raw,1070,1034,bf973ff3ecce3842bc807909b6a11c9ba3d11429,d3881a1328862a39dc4af32e15c4826237a09adca2da7038eafb5659ddb68bb4,3cbd5f76b124b82ce4f26fb66fcb37946580c4a15ad9e837f6f5beb2a7d3fb8d,CLF,0.34088785046728964,0.22803738317757008,0.22565225856697815,0.02702702702702703,0.3624718760816891,0.09864603481624758,0.3218539070612668,0.030038759689922482,0.11041666666666666,0.6361111111111111,0.34088785046728964,0.2,Cleveland-Cliffs Inc.,Basic Materials,Steel,6899165184,12.279999732971191,933.0,827.0,2026-06-18,none,NOT_SELECTED,,
2026-06-22T160715Z,2026-06-22T16:07:15.765832+00:00,2026-06-22T17:23:48.252300+00:00,2026-06-18,data/prospective/daily_qvp/snapshots/2026-06-22T160715Z/raw,1070,1034,bf973ff3ecce3842bc807909b6a11c9ba3d11429,d3881a1328862a39dc4af32e15c4826237a09adca2da7038eafb5659ddb68bb4,3cbd5f76b124b82ce4f26fb66fcb37946580c4a15ad9e837f6f5beb2a7d3fb8d,FND,0.1551401869158878,0.05794392523364486,0.2930673006496467,0.07528957528957529,0.3623735981977263,0.097678916827853,0.4124987615225462,0.14147286821705427,0.4309944143834056,0.5009861932938856,0.1551401869158878,0.562874251497006,"Floor & Decor Holdings, Inc.",Consumer Cyclical,Home Improvement Retail,5631705088,53.029998779296875,934.0,1009.0,2026-06-18,none,NOT_SELECTED,,
2026-06-22T160715Z,2026-06-22T16:07:15.765832+00:00,2026-06-22T17:23:48.252300+00:00,2026-06-18,data/prospective/daily_qvp/snapshots/2026-06-22T160715Z/raw,1070,1034,bf973ff3ecce3842bc807909b6a11c9ba3d11429,d3881a1328862a39dc4af32e15c4826237a09adca2da7038eafb5659ddb68bb4,3cbd5f76b124b82ce4f26fb66fcb37946580c4a15ad9e837f6f5beb2a7d3fb8d,PL,0.6773364485981309,0.7663551401869159,0.4941083317579782,0.4700772200772201,0.3623455741710022,0.09671179883945841,0.5073147361838072,0.48546511627906974,0.31088021491782547,0.09882005899705014,0.6773364485981309,0.9422222222222223,Planet Labs PBC,Industrials,Aerospace & Defense,9968578560,28.229999542236328,935.0,251.0,2026-06-18,none,NOT_SELECTED,,
2026-06-22T160715Z,2026-06-22T16:07:15.765832+00:00,2026-06-22T17:23:48.252300+00:00,2026-06-18,data/prospective/daily_qvp/snapshots/2026-06-22T160715Z/raw,1070,1034,bf973ff3ecce3842bc807909b6a11c9ba3d11429,d3881a1328862a39dc4af32e15c4826237a09adca2da7038eafb5659ddb68bb4,3cbd5f76b124b82ce4f26fb66fcb37946580c4a15ad9e837f6f5beb2a7d3fb8d,PRMB,0.4927570093457944,0.4457943925233645,0.33817537967289724,0.11776061776061776,0.36086691978193147,0.09574468085106383,0.4190876898364486,0.1560077519379845,0.18359375,0.40625,0.4927570093457944,0.59375,Primo Brands Corporation,Consumer Defensive,Beverages - Non-Alcoholic,8599985152,24.270000457763672,936.0,594.0,2026-06-18,none,NOT_SELECTED,,
2026-06-22T160715Z,2026-06-22T16:07:15.765832+00:00,2026-06-22T17:23:48.252300+00:00,2026-06-18,data/prospective/daily_qvp/snapshots/2026-06-22T160715Z/raw,1070,1034,bf973ff3ecce3842bc807909b6a11c9ba3d11429,d3881a1328862a39dc4af32e15c4826237a09adca2da7038eafb5659ddb68bb4,3cbd5f76b124b82ce4f26fb66fcb37946580c4a15ad9e837f6f5beb2a7d3fb8d,ALK,0.23738317757009342,0.12242990654205607,0.21279221299490764,0.019305019305019305,0.3606422029602236,0.09477756286266925,0.3910372077757232,0.08914728682170543,0.18820124841972186,0.6563421828908554,0.23738317757009342,0.4822222222222222,"Alaska Air Group, Inc.",Industrials,Airlines,5521305600,49.2599983215332,937.0,940.0,2026-06-18,none,NOT_SELECTED,,
2026-06-22T160715Z,2026-06-22T16:07:15.765832+00:00,2026-06-22T17:23:48.252300+00:00,2026-06-18,data/prospective/daily_qvp/snapshots/2026-06-22T160715Z/raw,1070,1034,bf973ff3ecce3842bc807909b6a11c9ba3d11429,d3881a1328862a39dc4af32e15c4826237a09adca2da7038eafb5659ddb68bb4,3cbd5f76b124b82ce4f26fb66fcb37946580c4a15ad9e837f6f5beb2a7d3fb8d,RDW,0.5151869158878505,0.48130841121495327,0.3779094148023323,0.18532818532818532,0.3605925105565205,0.09381044487427466,0.36405549402850146,0.05426356589147287,0.24063191371681414,0.3259587020648968,0.5151869158878505,0.3744444444444444,Redwire Corporation,Industrials,Aerospace & Defense,2596883968,14.350000381469728,938.0,556.0,2026-06-18,none,NOT_SELECTED,,
2026-06-22T160715Z,2026-06-22T16:07:15.765832+00:00,2026-06-22T17:23:48.252300+00:00,2026-06-18,data/prospective/daily_qvp/snapshots/2026-06-22T160715Z/raw,1070,1034,bf973ff3ecce3842bc807909b6a11c9ba3d11429,d3881a1328862a39dc4af32e15c4826237a09adca2da7038eafb5659ddb68bb4,3cbd5f76b124b82ce4f26fb66fcb37946580c4a15ad9e837f6f5beb2a7d3fb8d,PENN,0.5130841121495326,0.47710280373831776,0.3041625273047493,0.08108108108108109,0.3605659452248624,0.09284332688588008,0.4425801475414013,0.23546511627906977,0.09524094245996591,0.4733727810650887,0.5130841121495326,0.688622754491018,"PENN Entertainment, Inc.",Consumer Cyclical,Resorts & Casinos,2836810240,21.299999237060547,939.0,561.0,2026-06-18,none,NOT_SELECTED,,
2026-06-22T160715Z,2026-06-22T16:07:15.765832+00:00,2026-06-22T17:23:48.252300+00:00,2026-06-18,data/prospective/daily_qvp/snapshots/2026-06-22T160715Z/raw,1070,1034,bf973ff3ecce3842bc807909b6a11c9ba3d11429,d3881a1328862a39dc4af32e15c4826237a09adca2da7038eafb5659ddb68bb4,3cbd5f76b124b82ce4f26fb66fcb37946580c4a15ad9e837f6f5beb2a7d3fb8d,GPK,0.1338785046728972,0.052336448598130844,0.1692222708303146,0.009652509652509652,0.36002063288753394,0.09187620889748549,0.30369810939618935,0.022286821705426358,0.20456603698773204,0.7416173570019725,0.1338785046728972,0.1347305389221557,Graphic Packaging Holding Company,Consumer Cyclical,Packaging & Containers,3052078336,10.710000038146973,940.0,1015.0,2026-06-18,none,NOT_SELECTED,,
2026-06-22T160715Z,2026-06-22T16:07:15.765832+00:00,2026-06-22T17:23:48.252300+00:00,2026-06-18,data/prospective/daily_qvp/snapshots/2026-06-22T160715Z/raw,1070,1034,bf973ff3ecce3842bc807909b6a11c9ba3d11429,d3881a1328862a39dc4af32e15c4826237a09adca2da7038eafb5659ddb68bb4,3cbd5f76b124b82ce4f26fb66fcb37946580c4a15ad9e837f6f5beb2a7d3fb8d,RGEN,0.24065420560747663,0.12429906542056075,0.3318818785962143,0.10907335907335908,0.35978272425894814,0.09090909090909091,0.4476752074454188,0.25387596899224807,0.423109551584952,0.41558441558441556,0.24065420560747663,0.711352657004831,Repligen Corporation,Healthcare,Medical Instruments & Supplies,7204960768,132.02000427246094,941.0,938.0,2026-06-18,none,NOT_SELECTED,,
2026-06-22T160715Z,2026-06-22T16:07:15.765832+00:00,2026-06-22T17:23:48.252300+00:00,2026-06-18,data/prospective/daily_qvp/snapshots/2026-06-22T160715Z/raw,1070,1034,bf973ff3ecce3842bc807909b6a11c9ba3d11429,d3881a1328862a39dc4af32e15c4826237a09adca2da7038eafb5659ddb68bb4,3cbd5f76b124b82ce4f26fb66fcb37946580c4a15ad9e837f6f5beb2a7d3fb8d,DASH,0.1630841121495327,0.06542056074766354,0.4188210852944335,0.25675675675675674,0.35876698256972755,0.08994197292069632,0.5093446980051399,0.49709302325581395,0.6745580584393344,0.23865877712031555,0.1630841121495327,0.9610778443113772,"DoorDash, Inc.",Consumer Cyclical,Internet Retail,76115705856,173.4600067138672,942.0,1001.0,2026-06-18,none,NOT_SELECTED,,
2026-06-22T160715Z,2026-06-22T16:07:15.765832+00:00,2026-06-22T17:23:48.252300+00:00,2026-06-18,data/prospective/daily_qvp/snapshots/2026-06-22T160715Z/raw,1070,1034,bf973ff3ecce3842bc807909b6a11c9ba3d11429,d3881a1328862a39dc4af32e15c4826237a09adca2da7038eafb5659ddb68bb4,3cbd5f76b124b82ce4f26fb66fcb37946580c4a15ad9e837f6f5beb2a7d3fb8d,BE,0.7441588785046729,0.8981308411214953,0.5007091405797701,0.4951737451737452,0.35814237690568745,0.08897485493230174,0.4897178937903767,0.41569767441860467,0.25725940265486724,0.07300884955752211,0.7441588785046729,0.8844444444444446,Bloom Energy Corporation,Industrials,Electrical Equipment & Parts,96255803392,328.9100036621094,943.0,110.0,2026-06-18,none,NOT_SELECTED,,
2026-06-22T160715Z,2026-06-22T16:07:15.765832+00:00,2026-06-22T17:23:48.252300+00:00,2026-06-18,data/prospective/daily_qvp/snapshots/2026-06-22T160715Z/raw,1070,1034,bf973ff3ecce3842bc807909b6a11c9ba3d11429,d3881a1328862a39dc4af32e15c4826237a09adca2da7038eafb5659ddb68bb4,3cbd5f76b124b82ce4f26fb66fcb37946580c4a15ad9e837f6f5beb2a7d3fb8d,JBLU,0.37266355140186913,0.2719626168224299,0.21902871786275502,0.0222007722007722,0.35742524160368533,0.08800773694390715,0.29862448675831954,0.01744186046511628,0.0653938843236409,0.6342182890855458,0.37266355140186913,0.12222222222222219,JetBlue Airways Corporation,Industrials,Airlines,2098186496,5.679999828338623,944.0,780.0,2026-06-18,none,NOT_SELECTED,,
2026-06-22T160715Z,2026-06-22T16:07:15.765832+00:00,2026-06-22T17:23:48.252300+00:00,2026-06-18,data/prospective/daily_qvp/snapshots/2026-06-22T160715Z/raw,1070,1034,bf973ff3ecce3842bc807909b6a11c9ba3d11429,d3881a1328862a39dc4af32e15c4826237a09adca2da7038eafb5659ddb68bb4,3cbd5f76b124b82ce4f26fb66fcb37946580c4a15ad9e837f6f5beb2a7d3fb8d,CLX,0.38294392523364484,0.28177570093457943,0.4238938376168224,0.2693050193050193,0.3572486695223261,0.08704061895551257,0.4251630646417446,0.1812015503875969,0.46484375,0.22395833333333334,0.38294392523364484,0.62890625,The Clorox Company,Consumer Defensive,Household & Personal Products,11283171328,95.8000030517578,945.0,769.0,2026-06-18,none,NOT_SELECTED,,
2026-06-22T160715Z,2026-06-22T16:07:15.765832+00:00,2026-06-22T17:23:48.252300+00:00,2026-06-18,data/prospective/daily_qvp/snapshots/2026-06-22T160715Z/raw,1070,1034,bf973ff3ecce3842bc807909b6a11c9ba3d11429,d3881a1328862a39dc4af32e15c4826237a09adca2da7038eafb5659ddb68bb4,3cbd5f76b124b82ce4f26fb66fcb37946580c4a15ad9e837f6f5beb2a7d3fb8d,ROAD,0.3880841121495327,0.2911214953271028,0.3226371888181292,0.09749034749034749,0.35717602165063084,0.086073500967118,0.4962153495713065,0.4437984496124031,0.25719026548672563,0.4262536873156342,0.3880841121495327,0.9133333333333333,"Construction Partners, Inc.",Industrials,Engineering & Construction,7096240640,122.77999877929688,946.0,760.0,2026-06-18,none,NOT_SELECTED,,
2026-06-22T160715Z,2026-06-22T16:07:15.765832+00:00,2026-06-22T17:23:48.252300+00:00,2026-06-18,data/prospective/daily_qvp/snapshots/2026-06-22T160715Z/raw,1070,1034,bf973ff3ecce3842bc807909b6a11c9ba3d11429,d3881a1328862a39dc4af32e15c4826237a09adca2da7038eafb5659ddb68bb4,3cbd5f76b124b82ce4f26fb66fcb37946580c4a15ad9e837f6f5beb2a7d3fb8d,IOT,0.19579439252336445,0.0883177570093458,0.398424428038914,0.21525096525096524,0.3562068759498666,0.0851063829787234,0.48787587768312063,0.4060077519379845,0.6010544635544636,0.27177177177177175,0.19579439252336445,0.8828828828828829,Samsara Inc.,Technology,Software - Infrastructure,18087321600,31.690000534057617,947.0,977.0,2026-06-18,none,NOT_SELECTED,,
2026-06-22T160715Z,2026-06-22T16:07:15.765832+00:00,2026-06-22T17:23:48.252300+00:00,2026-06-18,data/prospective/daily_qvp/snapshots/2026-06-22T160715Z/raw,1070,1034,bf973ff3ecce3842bc807909b6a11c9ba3d11429,d3881a1328862a39dc4af32e15c4826237a09adca2da7038eafb5659ddb68bb4,3cbd5f76b124b82ce4f26fb66fcb37946580c4a15ad9e837f6f5beb2a7d3fb8d,RKLB,0.7240654205607475,0.8514018691588785,0.49762057374434343,0.4797297297297297,0.3536251219259241,0.08413926499032882,0.5029966192222208,0.4699612403100775,0.2711757269279393,0.0656342182890855,0.7240654205607475,0.9511111111111112,Rocket Lab Corporation,Industrials,Aerospace & Defense,61507096576,107.23999786376952,948.0,160.0,2026-06-18,none,NOT_SELECTED,,
2026-06-22T160715Z,2026-06-22T16:07:15.765832+00:00,2026-06-22T17:23:48.252300+00:00,2026-06-18,data/prospective/daily_qvp/snapshots/2026-06-22T160715Z/raw,1070,1034,bf973ff3ecce3842bc807909b6a11c9ba3d11429,d3881a1328862a39dc4af32e15c4826237a09adca2da7038eafb5659ddb68bb4,3cbd5f76b124b82ce4f26fb66fcb37946580c4a15ad9e837f6f5beb2a7d3fb8d,LIF,0.064018691588785,0.011214953271028037,0.3268547593898061,0.10231660231660232,0.35353880856217307,0.08317214700193423,0.47911807038559373,0.374031007751938,0.5896908271908272,0.40690690690690684,0.064018691588785,0.8558558558558558,"Life360, Inc.",Technology,Software - Application,3957587712,49.02000045776367,949.0,1059.0,2026-06-18,none,NOT_SELECTED,,
2026-06-22T160715Z,2026-06-22T16:07:15.765832+00:00,2026-06-22T17:23:48.252300+00:00,2026-06-18,data/prospective/daily_qvp/snapshots/2026-06-22T160715Z/raw,1070,1034,bf973ff3ecce3842bc807909b6a11c9ba3d11429,d3881a1328862a39dc4af32e15c4826237a09adca2da7038eafb5659ddb68bb4,3cbd5f76b124b82ce4f26fb66fcb37946580c4a15ad9e837f6f5beb2a7d3fb8d,CWST,0.32546728971962613,0.21588785046728973,0.310331622103808,0.0859073359073359,0.3533970892688119,0.08220502901353965,0.3939367058404979,0.0939922480620155,0.29519595448798985,0.43952802359882,0.32546728971962613,0.5155555555555555,"Casella Waste Systems, Inc.",Industrials,Waste Management,5406844928,86.9800033569336,950.0,840.0,2026-06-18,none,NOT_SELECTED,,
2026-06-22T160715Z,2026-06-22T16:07:15.765832+00:00,2026-06-22T17:23:48.252300+00:00,2026-06-18,data/prospective/daily_qvp/snapshots/2026-06-22T160715Z/raw,1070,1034,bf973ff3ecce3842bc807909b6a11c9ba3d11429,d3881a1328862a39dc4af32e15c4826237a09adca2da7038eafb5659ddb68bb4,3cbd5f76b124b82ce4f26fb66fcb37946580c4a15ad9e837f6f5beb2a7d3fb8d,DKNG,0.17453271028037382,0.07336448598130842,0.3552851305648237,0.1525096525096525,0.3525701001924597,0.08123791102514506,0.506942545204225,0.48352713178294576,0.5360375508492735,0.34714003944773175,0.17453271028037382,0.970059880239521,DraftKings Inc.,Consumer Cyclical,Gambling,12812527616,26.38999938964844,951.0,993.0,2026-06-18,none,NOT_SELECTED,,
2026-06-22T160715Z,2026-06-22T16:07:15.765832+00:00,2026-06-22T17:23:48.252300+00:00,2026-06-18,data/prospective/daily_qvp/snapshots/2026-06-22T160715Z/raw,1070,1034,bf973ff3ecce3842bc807909b6a11c9ba3d11429,d3881a1328862a39dc4af32e15c4826237a09adca2da7038eafb5659ddb68bb4,3cbd5f76b124b82ce4f26fb66fcb37946580c4a15ad9e837f6f5beb2a7d3fb8d,RCL,0.36401869158878497,0.25560747663551403,0.4292034086408044,0.28474903474903474,0.3525392875488335,0.08027079303675048,0.4665002740448586,0.32655038759689925,0.4943881256928239,0.19921104536489145,0.36401869158878497,0.8083832335329342,Royal Caribbean Cruises Ltd.,Consumer Cyclical,Travel Services,83859202048,312.510009765625,952.0,798.0,2026-06-18,none,NOT_SELECTED,,
2026-06-22T160715Z,2026-06-22T16:07:15.765832+00:00,2026-06-22T17:23:48.252300+00:00,2026-06-18,data/prospective/daily_qvp/snapshots/2026-06-22T160715Z/raw,1070,1034,bf973ff3ecce3842bc807909b6a11c9ba3d11429,d3881a1328862a39dc4af32e15c4826237a09adca2da7038eafb5659ddb68bb4,3cbd5f76b124b82ce4f26fb66fcb37946580c4a15ad9e837f6f5beb2a7d3fb8d,FTAI,0.6378504672897196,0.7018691588785047,0.5017831666410671,0.5,0.3522212261382925,0.07930367504835589,0.5088881418259416,0.4941860465116279,0.3657158659924146,0.0530973451327433,0.6378504672897196,0.9788888888888888,FTAI Aviation Ltd.,Industrials,Aerospace & Defense,28101066752,276.1099853515625,953.0,320.0,2026-06-18,none,NOT_SELECTED,,
2026-06-22T160715Z,2026-06-22T16:07:15.765832+00:00,2026-06-22T17:23:48.252300+00:00,2026-06-18,data/prospective/daily_qvp/snapshots/2026-06-22T160715Z/raw,1070,1034,bf973ff3ecce3842bc807909b6a11c9ba3d11429,d3881a1328862a39dc4af32e15c4826237a09adca2da7038eafb5659ddb68bb4,3cbd5f76b124b82ce4f26fb66fcb37946580c4a15ad9e837f6f5beb2a7d3fb8d,AXTI,0.7441588785046729,0.8981308411214953,0.47411670378960097,0.40540540540540543,0.34961133605993416,0.07833655705996131,0.26614994348639204,0.00872093023255814,0.20407452907452905,0.10060060060060054,0.7441588785046729,0.0157657657657657,"AXT, Inc.",Technology,Semiconductor Equipment & Materials,5725836800,84.56999969482422,954.0,111.0,2026-06-18,none,NOT_SELECTED,,
2026-06-22T160715Z,2026-06-22T16:07:15.765832+00:00,2026-06-22T17:23:48.252300+00:00,2026-06-18,data/prospective/daily_qvp/snapshots/2026-06-22T160715Z/raw,1070,1034,bf973ff3ecce3842bc807909b6a11c9ba3d11429,d3881a1328862a39dc4af32e15c4826237a09adca2da7038eafb5659ddb68bb4,3cbd5f76b124b82ce4f26fb66fcb37946580c4a15ad9e837f6f5beb2a7d3fb8d,VVV,0.5179906542056074,0.4869158878504673,0.4113648273246761,0.2471042471042471,0.3485364463558327,0.07736943907156674,0.4088574245872338,0.1308139534883721,0.3047390004437448,0.2228796844181459,0.5179906542056074,0.5898203592814371,Valvoline Inc.,Consumer Cyclical,Auto & Truck Dealerships,4825965056,38.06999969482422,955.0,551.0,2026-06-18,none,NOT_SELECTED,,
2026-06-22T160715Z,2026-06-22T16:07:15.765832+00:00,2026-06-22T17:23:48.252300+00:00,2026-06-18,data/prospective/daily_qvp/snapshots/2026-06-22T160715Z/raw,1070,1034,bf973ff3ecce3842bc807909b6a11c9ba3d11429,d3881a1328862a39dc4af32e15c4826237a09adca2da7038eafb5659ddb68bb4,3cbd5f76b124b82ce4f26fb66fcb37946580c4a15ad9e837f6f5beb2a7d3fb8d,ZS,0.083411214953271,0.017757009345794394,0.28764131591234393,0.06756756756756757,0.34841753393155267,0.07640232108317214,0.4077095468450609,0.12887596899224807,0.49187141687141683,0.46996996996997,0.083411214953271,0.5855855855855856,"Zscaler, Inc.",Technology,Software - Infrastructure,19704289280,124.8499984741211,956.0,1052.0,2026-06-18,none,NOT_SELECTED,,
2026-06-22T160715Z,2026-06-22T16:07:15.765832+00:00,2026-06-22T17:23:48.252300+00:00,2026-06-18,data/prospective/daily_qvp/snapshots/2026-06-22T160715Z/raw,1070,1034,bf973ff3ecce3842bc807909b6a11c9ba3d11429,d3881a1328862a39dc4af32e15c4826237a09adca2da7038eafb5659ddb68bb4,3cbd5f76b124b82ce4f26fb66fcb37946580c4a15ad9e837f6f5beb2a7d3fb8d,WK,0.11542056074766355,0.03644859813084112,0.26835217226572367,0.04826254826254826,0.3480706173463182,0.07543520309477757,0.4485529630097387,0.2625968992248062,0.4212837837837838,0.5075075075075075,0.11542056074766355,0.75,Workiva Inc.,Technology,Software - Application,2508534272,47.369998931884766,957.0,1032.0,2026-06-18,none,NOT_SELECTED,,
2026-06-22T160715Z,2026-06-22T16:07:15.765832+00:00,2026-06-22T17:23:48.252300+00:00,2026-06-18,data/prospective/daily_qvp/snapshots/2026-06-22T160715Z/raw,1070,1034,bf973ff3ecce3842bc807909b6a11c9ba3d11429,d3881a1328862a39dc4af32e15c4826237a09adca2da7038eafb5659ddb68bb4,3cbd5f76b124b82ce4f26fb66fcb37946580c4a15ad9e837f6f5beb2a7d3fb8d,WYNN,0.35677570093457944,0.2485981308411215,0.34731623946275614,0.13223938223938225,0.3479149683203384,0.07446808510638298,0.31782245378516394,0.02616279069767442,0.3378567779909328,0.3491124260355029,0.35677570093457944,0.2275449101796407,"Wynn Resorts, Limited",Consumer Cyclical,Resorts & Casinos,10788111360,105.52999877929688,958.0,805.0,2026-06-18,none,NOT_SELECTED,,
2026-06-22T160715Z,2026-06-22T16:07:15.765832+00:00,2026-06-22T17:23:48.252300+00:00,2026-06-18,data/prospective/daily_qvp/snapshots/2026-06-22T160715Z/raw,1070,1034,bf973ff3ecce3842bc807909b6a11c9ba3d11429,d3881a1328862a39dc4af32e15c4826237a09adca2da7038eafb5659ddb68bb4,3cbd5f76b124b82ce4f26fb66fcb37946580c4a15ad9e837f6f5beb2a7d3fb8d,AUR,0.6193925233644859,0.6616822429906543,0.43991355849183594,0.30984555984555984,0.3471876057269701,0.0735009671179884,,,0.260434593619186,0.1617357001972386,0.6193925233644859,,"Aurora Innovation, Inc.",Consumer Cyclical,Auto Parts,12826267648,6.28000020980835,959.0,363.0,2026-06-18,none,NOT_SELECTED,,
2026-06-22T160715Z,2026-06-22T16:07:15.765832+00:00,2026-06-22T17:23:48.252300+00:00,2026-06-18,data/prospective/daily_qvp/snapshots/2026-06-22T160715Z/raw,1070,1034,bf973ff3ecce3842bc807909b6a11c9ba3d11429,d3881a1328862a39dc4af32e15c4826237a09adca2da7038eafb5659ddb68bb4,3cbd5f76b124b82ce4f26fb66fcb37946580c4a15ad9e837f6f5beb2a7d3fb8d,PTCT,0.5158878504672897,0.48317757009345796,0.44609533808471447,0.3233590733590734,0.3464589411185253,0.0725338491295938,0.48967512371329014,0.41472868217054265,0.3763028257021392,0.14718614718614717,0.5158878504672897,0.9193236714975845,"PTC Therapeutics, Inc.",Healthcare,Biotechnology,6773643264,78.9800033569336,960.0,554.0,2026-06-18,none,NOT_SELECTED,,
2026-06-22T160715Z,2026-06-22T16:07:15.765832+00:00,2026-06-22T17:23:48.252300+00:00,2026-06-18,data/prospective/daily_qvp/snapshots/2026-06-22T160715Z/raw,1070,1034,bf973ff3ecce3842bc807909b6a11c9ba3d11429,d3881a1328862a39dc4af32e15c4826237a09adca2da7038eafb5659ddb68bb4,3cbd5f76b124b82ce4f26fb66fcb37946580c4a15ad9e837f6f5beb2a7d3fb8d,APD,0.6074766355140186,0.6439252336448598,0.42457165109034267,0.2731660231660232,0.34601073035652474,0.07156673114119923,0.37200804776739355,0.06686046511627906,0.24166666666666667,0.18888888888888888,0.6074766355140186,0.45,"Air Products and Chemicals, Inc.",Basic Materials,Specialty Chemicals,63243542528,280.2099914550781,961.0,382.0,2026-06-18,none,NOT_SELECTED,,
2026-06-22T160715Z,2026-06-22T16:07:15.765832+00:00,2026-06-22T17:23:48.252300+00:00,2026-06-18,data/prospective/daily_qvp/snapshots/2026-06-22T160715Z/raw,1070,1034,bf973ff3ecce3842bc807909b6a11c9ba3d11429,d3881a1328862a39dc4af32e15c4826237a09adca2da7038eafb5659ddb68bb4,3cbd5f76b124b82ce4f26fb66fcb37946580c4a15ad9e837f6f5beb2a7d3fb8d,IONQ,0.4245327102803738,0.3514018691588785,0.39609364834248006,0.21138996138996138,0.34239076055664835,0.07059961315280464,0.503977755102171,0.47189922480620156,0.36765458640458637,0.23498498498498496,0.4245327102803738,0.9887387387387389,"IonQ, Inc.",Technology,Computer Hardware,21853087744,56.54999923706055,962.0,695.0,2026-06-18,none,NOT_SELECTED,,
2026-06-22T160715Z,2026-06-22T16:07:15.765832+00:00,2026-06-22T17:23:48.252300+00:00,2026-06-18,data/prospective/daily_qvp/snapshots/2026-06-22T160715Z/raw,1070,1034,bf973ff3ecce3842bc807909b6a11c9ba3d11429,d3881a1328862a39dc4af32e15c4826237a09adca2da7038eafb5659ddb68bb4,3cbd5f76b124b82ce4f26fb66fcb37946580c4a15ad9e837f6f5beb2a7d3fb8d,NOG,0.3366822429906542,0.22429906542056074,0.26744826435246993,0.0472972972972973,0.34048371685122647,0.06963249516441006,0.3214342162098484,0.029069767441860465,0.1982142857142857,0.48655462184873954,0.3366822429906542,0.26428571428571423,"Northern Oil and Gas, Inc.",Energy,Oil & Gas E&P,2118571392,19.440000534057617,963.0,831.0,2026-06-18,none,NOT_SELECTED,,
2026-06-22T160715Z,2026-06-22T16:07:15.765832+00:00,2026-06-22T17:23:48.252300+00:00,2026-06-18,data/prospective/daily_qvp/snapshots/2026-06-22T160715Z/raw,1070,1034,bf973ff3ecce3842bc807909b6a11c9ba3d11429,d3881a1328862a39dc4af32e15c4826237a09adca2da7038eafb5659ddb68bb4,3cbd5f76b124b82ce4f26fb66fcb37946580c4a15ad9e837f6f5beb2a7d3fb8d,U,0.161214953271028,0.06261682242990654,0.23744101471905205,0.02895752895752896,0.3389746904933821,0.06866537717601548,0.3899292160682348,0.08817829457364341,0.3136670761670761,0.5420420420420421,0.161214953271028,0.5427927927927928,Unity Software Inc.,Technology,Software - Application,11565995008,27.479999542236328,964.0,1004.0,2026-06-18,none,NOT_SELECTED,,
2026-06-22T160715Z,2026-06-22T16:07:15.765832+00:00,2026-06-22T17:23:48.252300+00:00,2026-06-18,data/prospective/daily_qvp/snapshots/2026-06-22T160715Z/raw,1070,1034,bf973ff3ecce3842bc807909b6a11c9ba3d11429,d3881a1328862a39dc4af32e15c4826237a09adca2da7038eafb5659ddb68bb4,3cbd5f76b124b82ce4f26fb66fcb37946580c4a15ad9e837f6f5beb2a7d3fb8d,TE,0.6712616822429907,0.7565420560747663,0.3813008790481704,0.19015444015444016,0.33827138249229055,0.06769825918762089,0.5009257590914402,0.4641472868217054,0.09134007585335017,0.2522123893805309,0.6712616822429907,0.9888888888888888,T1 Energy Inc.,Industrials,Electrical Equipment & Parts,2914196992,9.350000381469728,965.0,261.0,2026-06-18,none,NOT_SELECTED,,
2026-06-22T160715Z,2026-06-22T16:07:15.765832+00:00,2026-06-22T17:23:48.252300+00:00,2026-06-18,data/prospective/daily_qvp/snapshots/2026-06-22T160715Z/raw,1070,1034,bf973ff3ecce3842bc807909b6a11c9ba3d11429,d3881a1328862a39dc4af32e15c4826237a09adca2da7038eafb5659ddb68bb4,3cbd5f76b124b82ce4f26fb66fcb37946580c4a15ad9e837f6f5beb2a7d3fb8d,CPNG,0.1285046728971962,0.044859813084112146,0.285985961337451,0.06467181467181467,0.3379288394452172,0.06673114119922631,0.42859633018271526,0.19089147286821706,0.4434672497777058,0.44181459566074954,0.1285046728971962,0.7005988023952097,"Coupang, Inc.",Consumer Cyclical,Internet Retail,31557228544,18.0,966.0,1023.0,2026-06-18,none,NOT_SELECTED,,
2026-06-22T160715Z,2026-06-22T16:07:15.765832+00:00,2026-06-22T17:23:48.252300+00:00,2026-06-18,data/prospective/daily_qvp/snapshots/2026-06-22T160715Z/raw,1070,1034,bf973ff3ecce3842bc807909b6a11c9ba3d11429,d3881a1328862a39dc4af32e15c4826237a09adca2da7038eafb5659ddb68bb4,3cbd5f76b124b82ce4f26fb66fcb37946580c4a15ad9e837f6f5beb2a7d3fb8d,MTN,0.3647196261682243,0.2570093457943925,0.3466032039439816,0.1303088803088803,0.33692021617304224,0.06576402321083172,0.3514925573393626,0.041666666666666664,0.32848678171973883,0.31755424063116366,0.3647196261682243,0.3952095808383233,"Vail Resorts, Inc.",Consumer Cyclical,Resorts & Casinos,5173810176,144.77999877929688,967.0,796.0,2026-06-18,none,NOT_SELECTED,,
2026-06-22T160715Z,2026-06-22T16:07:15.765832+00:00,2026-06-22T17:23:48.252300+00:00,2026-06-18,data/prospective/daily_qvp/snapshots/2026-06-22T160715Z/raw,1070,1034,bf973ff3ecce3842bc807909b6a11c9ba3d11429,d3881a1328862a39dc4af32e15c4826237a09adca2da7038eafb5659ddb68bb4,3cbd5f76b124b82ce4f26fb66fcb37946580c4a15ad9e837f6f5beb2a7d3fb8d,GH,0.5906542056074766,0.6158878504672897,0.41636586095634087,0.25096525096525096,0.3345757976361175,0.06479690522243714,0.4524012524138836,0.2751937984496124,0.24207751630520508,0.170995670995671,0.5906542056074766,0.805877616747182,"Guardant Health, Inc.",Healthcare,Diagnostics & Research,16921076736,131.77999877929688,968.0,412.0,2026-06-18,none,NOT_SELECTED,,
2026-06-22T160715Z,2026-06-22T16:07:15.765832+00:00,2026-06-22T17:23:48.252300+00:00,2026-06-18,data/prospective/daily_qvp/snapshots/2026-06-22T160715Z/raw,1070,1034,bf973ff3ecce3842bc807909b6a11c9ba3d11429,d3881a1328862a39dc4af32e15c4826237a09adca2da7038eafb5659ddb68bb4,3cbd5f76b124b82ce4f26fb66fcb37946580c4a15ad9e837f6f5beb2a7d3fb8d,RBLX,0.045093457943925226,0.005607476635514018,0.3353851740904886,0.1138996138996139,0.3322857682342388,0.06382978723404255,0.4547698817312346,0.28488372093023256,0.625676890237052,0.3260869565217391,0.045093457943925226,0.8222222222222222,Roblox Corporation,Communication Services,Electronic Gaming & Multimedia,33378928640,51.529998779296875,969.0,1065.0,2026-06-18,none,NOT_SELECTED,,
2026-06-22T160715Z,2026-06-22T16:07:15.765832+00:00,2026-06-22T17:23:48.252300+00:00,2026-06-18,data/prospective/daily_qvp/snapshots/2026-06-22T160715Z/raw,1070,1034,bf973ff3ecce3842bc807909b6a11c9ba3d11429,d3881a1328862a39dc4af32e15c4826237a09adca2da7038eafb5659ddb68bb4,3cbd5f76b124b82ce4f26fb66fcb37946580c4a15ad9e837f6f5beb2a7d3fb8d,AMPX,0.6464953271028038,0.7168224299065421,0.46001579724293157,0.36486486486486486,0.3312593023900763,0.06286266924564797,0.49566669901477944,0.438953488372093,0.27353626738305936,0.07374631268436573,0.6464953271028038,0.9888888888888888,"Amprius Technologies, Inc.",Industrials,Electrical Equipment & Parts,2207981824,16.170000076293945,970.0,304.0,2026-06-18,none,NOT_SELECTED,,
2026-06-22T160715Z,2026-06-22T16:07:15.765832+00:00,2026-06-22T17:23:48.252300+00:00,2026-06-18,data/prospective/daily_qvp/snapshots/2026-06-22T160715Z/raw,1070,1034,bf973ff3ecce3842bc807909b6a11c9ba3d11429,d3881a1328862a39dc4af32e15c4826237a09adca2da7038eafb5659ddb68bb4,3cbd5f76b124b82ce4f26fb66fcb37946580c4a15ad9e837f6f5beb2a7d3fb8d,SATS,0.5752336448598131,0.5887850467289719,0.32960578434429816,0.10521235521235521,0.32964057120537754,0.061895551257253385,0.3166748728484776,0.025193798449612403,0.08397792382878325,0.3297101449275362,0.5752336448598131,0.2777777777777778,EchoStar Corporation,Communication Services,Telecom Services,30675310592,109.16999816894533,971.0,441.0,2026-06-18,none,NOT_SELECTED,,
2026-06-22T160715Z,2026-06-22T16:07:15.765832+00:00,2026-06-22T17:23:48.252300+00:00,2026-06-18,data/prospective/daily_qvp/snapshots/2026-06-22T160715Z/raw,1070,1034,bf973ff3ecce3842bc807909b6a11c9ba3d11429,d3881a1328862a39dc4af32e15c4826237a09adca2da7038eafb5659ddb68bb4,3cbd5f76b124b82ce4f26fb66fcb37946580c4a15ad9e837f6f5beb2a7d3fb8d,SEI,0.7079439252336448,0.8252336448598131,0.45575767690253666,0.3532818532818533,0.3295153887100011,0.0609284332688588,0.47927939867535796,0.375968992248062,0.20357142857142851,0.07703081232492993,0.7079439252336448,0.9285714285714286,"Solaris Energy Infrastructure, Inc.",Energy,Oil & Gas Equipment & Services,7705502208,82.87999725341797,972.0,188.0,2026-06-18,none,NOT_SELECTED,,
2026-06-22T160715Z,2026-06-22T16:07:15.765832+00:00,2026-06-22T17:23:48.252300+00:00,2026-06-18,data/prospective/daily_qvp/snapshots/2026-06-22T160715Z/raw,1070,1034,bf973ff3ecce3842bc807909b6a11c9ba3d11429,d3881a1328862a39dc4af32e15c4826237a09adca2da7038eafb5659ddb68bb4,3cbd5f76b124b82ce4f26fb66fcb37946580c4a15ad9e837f6f5beb2a7d3fb8d,CVNA,0.2128504672897196,0.102803738317757,0.3692505445614881,0.17084942084942084,0.32900726639404926,0.059961315280464215,0.4780428749452375,0.3691860465116279,0.5256506218332566,0.24852071005917156,0.2128504672897196,0.9251497005988024,Carvana Co.,Consumer Cyclical,Auto & Truck Dealerships,73010872320,66.55999755859375,973.0,961.0,2026-06-18,none,NOT_SELECTED,,
2026-06-22T160715Z,2026-06-22T16:07:15.765832+00:00,2026-06-22T17:23:48.252300+00:00,2026-06-18,data/prospective/daily_qvp/snapshots/2026-06-22T160715Z/raw,1070,1034,bf973ff3ecce3842bc807909b6a11c9ba3d11429,d3881a1328862a39dc4af32e15c4826237a09adca2da7038eafb5659ddb68bb4,3cbd5f76b124b82ce4f26fb66fcb37946580c4a15ad9e837f6f5beb2a7d3fb8d,BA,0.49556074766355135,0.4504672897196262,0.35511582737159864,0.15154440154440155,0.32818931264301265,0.05899419729206963,0.48503087337114836,0.39244186046511625,0.21467090707964598,0.2743362831858407,0.49556074766355135,0.9555555555555556,The Boeing Company,Industrials,Aerospace & Defense,174880931840,222.72000122070312,974.0,589.0,2026-06-18,none,NOT_SELECTED,,
2026-06-22T160715Z,2026-06-22T16:07:15.765832+00:00,2026-06-22T17:23:48.252300+00:00,2026-06-18,data/prospective/daily_qvp/snapshots/2026-06-22T160715Z/raw,1070,1034,bf973ff3ecce3842bc807909b6a11c9ba3d11429,d3881a1328862a39dc4af32e15c4826237a09adca2da7038eafb5659ddb68bb4,3cbd5f76b124b82ce4f26fb66fcb37946580c4a15ad9e837f6f5beb2a7d3fb8d,AAL,0.4182242990654205,0.34392523364485983,0.2990842971306875,0.07818532818532818,0.3272164734066924,0.058027079303675046,0.28874568838835263,0.014534883720930232,0.17994429519595445,0.3834808259587021,0.4182242990654205,0.17333333333333328,American Airlines Group Inc.,Industrials,Airlines,10830181376,15.989999771118164,975.0,703.0,2026-06-18,none,NOT_SELECTED,,
2026-06-22T160715Z,2026-06-22T16:07:15.765832+00:00,2026-06-22T17:23:48.252300+00:00,2026-06-18,data/prospective/daily_qvp/snapshots/2026-06-22T160715Z/raw,1070,1034,bf973ff3ecce3842bc807909b6a11c9ba3d11429,d3881a1328862a39dc4af32e15c4826237a09adca2da7038eafb5659ddb68bb4,3cbd5f76b124b82ce4f26fb66fcb37946580c4a15ad9e837f6f5beb2a7d3fb8d,GRAL,0.2507009345794392,0.13317757009345793,0.2777189916905667,0.05791505791505792,0.32692088623526955,0.05705996131528046,0.44611659060237807,0.2451550387596899,0.3047370488016941,0.4253246753246753,0.2507009345794392,0.8037037037037037,"GRAIL, Inc.",Healthcare,Diagnostics & Research,2677137152,63.7400016784668,976.0,929.0,2026-06-18,none,NOT_SELECTED,,
2026-06-22T160715Z,2026-06-22T16:07:15.765832+00:00,2026-06-22T17:23:48.252300+00:00,2026-06-18,data/prospective/daily_qvp/snapshots/2026-06-22T160715Z/raw,1070,1034,bf973ff3ecce3842bc807909b6a11c9ba3d11429,d3881a1328862a39dc4af32e15c4826237a09adca2da7038eafb5659ddb68bb4,3cbd5f76b124b82ce4f26fb66fcb37946580c4a15ad9e837f6f5beb2a7d3fb8d,ELF,0.05140186915887845,0.0065420560747663555,0.2639821845794392,0.0444015444015444,0.3235575674974039,0.05609284332688588,0.37352755062305293,0.06782945736434108,0.4765625,0.4427083333333333,0.05140186915887845,0.5234375,"e.l.f. Beauty, Inc.",Consumer Defensive,Household & Personal Products,3715627264,64.19999694824219,977.0,1064.0,2026-06-18,none,NOT_SELECTED,,
2026-06-22T160715Z,2026-06-22T16:07:15.765832+00:00,2026-06-22T17:23:48.252300+00:00,2026-06-18,data/prospective/daily_qvp/snapshots/2026-06-22T160715Z/raw,1070,1034,bf973ff3ecce3842bc807909b6a11c9ba3d11429,d3881a1328862a39dc4af32e15c4826237a09adca2da7038eafb5659ddb68bb4,3cbd5f76b124b82ce4f26fb66fcb37946580c4a15ad9e837f6f5beb2a7d3fb8d,VRNS,0.16635514018691586,0.0691588785046729,0.25975926542515326,0.04054054054054054,0.32332299376691903,0.0551257253384913,0.32132107415401806,0.02810077519379845,0.35316339066339064,0.45045045045045046,0.16635514018691586,0.3153153153153153,"Varonis Systems, Inc.",Technology,Software - Infrastructure,3778293248,33.380001068115234,978.0,997.0,2026-06-18,none,NOT_SELECTED,,
2026-06-22T160715Z,2026-06-22T16:07:15.765832+00:00,2026-06-22T17:23:48.252300+00:00,2026-06-18,data/prospective/daily_qvp/snapshots/2026-06-22T160715Z/raw,1070,1034,bf973ff3ecce3842bc807909b6a11c9ba3d11429,d3881a1328862a39dc4af32e15c4826237a09adca2da7038eafb5659ddb68bb4,3cbd5f76b124b82ce4f26fb66fcb37946580c4a15ad9e837f6f5beb2a7d3fb8d,SMCI,0.1747663551401869,0.07476635514018691,0.1895637672506831,0.015444015444015444,0.3213207897787337,0.05415860735009671,0.3693689707124287,0.06492248062015504,0.2043611793611793,0.5848348348348348,0.1747663551401869,0.5135135135135136,"Super Micro Computer, Inc.",Technology,Computer Hardware,22602520576,30.65999984741211,979.0,991.0,2026-06-18,none,NOT_SELECTED,,
2026-06-22T160715Z,2026-06-22T16:07:15.765832+00:00,2026-06-22T17:23:48.252300+00:00,2026-06-18,data/prospective/daily_qvp/snapshots/2026-06-22T160715Z/raw,1070,1034,bf973ff3ecce3842bc807909b6a11c9ba3d11429,d3881a1328862a39dc4af32e15c4826237a09adca2da7038eafb5659ddb68bb4,3cbd5f76b124b82ce4f26fb66fcb37946580c4a15ad9e837f6f5beb2a7d3fb8d,AGIO,0.31355140186915886,0.20373831775700935,0.2879724456467704,0.0694980694980695,0.3211302595798094,0.05319148936170213,0.46715606827583933,0.32945736434108525,0.26239348942438184,0.3874458874458875,0.31355140186915886,0.9052334943639292,"Agios Pharmaceuticals, Inc.",Healthcare,Biotechnology,2086858752,34.15999984741211,980.0,853.0,2026-06-18,none,NOT_SELECTED,,
2026-06-22T160715Z,2026-06-22T16:07:15.765832+00:00,2026-06-22T17:23:48.252300+00:00,2026-06-18,data/prospective/daily_qvp/snapshots/2026-06-22T160715Z/raw,1070,1034,bf973ff3ecce3842bc807909b6a11c9ba3d11429,d3881a1328862a39dc4af32e15c4826237a09adca2da7038eafb5659ddb68bb4,3cbd5f76b124b82ce4f26fb66fcb37946580c4a15ad9e837f6f5beb2a7d3fb8d,WHR,0.08691588785046728,0.019626168224299065,0.1472073080456825,0.004826254826254826,0.31510073001862066,0.05222437137330754,0.29620578703492356,0.016472868217054265,0.2074987282408977,0.6508875739644971,0.08691588785046728,0.2395209580838323,Whirlpool Corporation,Consumer Cyclical,"Furnishings, Fixtures & Appliances",2496662528,38.86000061035156,981.0,1050.0,2026-06-18,none,NOT_SELECTED,,
2026-06-22T160715Z,2026-06-22T16:07:15.765832+00:00,2026-06-22T17:23:48.252300+00:00,2026-06-18,data/prospective/daily_qvp/snapshots/2026-06-22T160715Z/raw,1070,1034,bf973ff3ecce3842bc807909b6a11c9ba3d11429,d3881a1328862a39dc4af32e15c4826237a09adca2da7038eafb5659ddb68bb4,3cbd5f76b124b82ce4f26fb66fcb37946580c4a15ad9e837f6f5beb2a7d3fb8d,MIR,0.19275700934579437,0.08411214953271028,0.25643598728983774,0.037644787644787646,0.31500845563668634,0.05125725338491296,0.42458967506084805,0.17732558139534885,0.32011496523388117,0.43215339233038347,0.19275700934579437,0.7533333333333333,"Mirion Technologies, Inc.",Industrials,Specialty Industrial Machinery,4516344320,18.61000061035156,982.0,981.0,2026-06-18,none,NOT_SELECTED,,
2026-06-22T160715Z,2026-06-22T16:07:15.765832+00:00,2026-06-22T17:23:48.252300+00:00,2026-06-18,data/prospective/daily_qvp/snapshots/2026-06-22T160715Z/raw,1070,1034,bf973ff3ecce3842bc807909b6a11c9ba3d11429,d3881a1328862a39dc4af32e15c4826237a09adca2da7038eafb5659ddb68bb4,3cbd5f76b124b82ce4f26fb66fcb37946580c4a15ad9e837f6f5beb2a7d3fb8d,HIMS,0.13668224299065418,0.05420560747663551,0.28429895275636197,0.06274131274131274,0.31435225999053285,0.05029013539651837,0.39536564426826193,0.09689922480620156,0.4319156625220698,0.37445887445887444,0.13668224299065418,0.6384057971014493,"Hims & Hers Health, Inc.",Healthcare,Drug Manufacturers - Specialty & Generic,7853359616,35.470001220703125,983.0,1013.0,2026-06-18,none,NOT_SELECTED,,
2026-06-22T160715Z,2026-06-22T16:07:15.765832+00:00,2026-06-22T17:23:48.252300+00:00,2026-06-18,data/prospective/daily_qvp/snapshots/2026-06-22T160715Z/raw,1070,1034,bf973ff3ecce3842bc807909b6a11c9ba3d11429,d3881a1328862a39dc4af32e15c4826237a09adca2da7038eafb5659ddb68bb4,3cbd5f76b124b82ce4f26fb66fcb37946580c4a15ad9e837f6f5beb2a7d3fb8d,FUN,0.45210280373831774,0.3878504672897196,0.3305357710428993,0.10617760617760617,0.31305935032051274,0.04932301740812379,0.34632145884816895,0.040697674418604654,0.2089687383474808,0.27810650887573957,0.45210280373831774,0.44610778443113774,Six Flags Entertainment Corporation,Consumer Cyclical,Leisure,2391572224,24.940000534057617,984.0,656.0,2026-06-18,none,NOT_SELECTED,,
2026-06-22T160715Z,2026-06-22T16:07:15.765832+00:00,2026-06-22T17:23:48.252300+00:00,2026-06-18,data/prospective/daily_qvp/snapshots/2026-06-22T160715Z/raw,1070,1034,bf973ff3ecce3842bc807909b6a11c9ba3d11429,d3881a1328862a39dc4af32e15c4826237a09adca2da7038eafb5659ddb68bb4,3cbd5f76b124b82ce4f26fb66fcb37946580c4a15ad9e837f6f5beb2a7d3fb8d,LOAR,0.31378504672897195,0.2046728971962617,0.35622979422415724,0.1554054054054054,0.3117244842516997,0.048355899419729204,0.43601558541099705,0.2189922480620155,0.3986745417193425,0.2227138643067846,0.31378504672897195,0.808888888888889,Loar Holdings Inc.,Industrials,Aerospace & Defense,6665126400,71.66999816894531,985.0,852.0,2026-06-18,none,NOT_SELECTED,,
2026-06-22T160715Z,2026-06-22T16:07:15.765832+00:00,2026-06-22T17:23:48.252300+00:00,2026-06-18,data/prospective/daily_qvp/snapshots/2026-06-22T160715Z/raw,1070,1034,bf973ff3ecce3842bc807909b6a11c9ba3d11429,d3881a1328862a39dc4af32e15c4826237a09adca2da7038eafb5659ddb68bb4,3cbd5f76b124b82ce4f26fb66fcb37946580c4a15ad9e837f6f5beb2a7d3fb8d,W,0.2616822429906542,0.14953271028037382,0.2877822318781118,0.06853281853281853,0.31151294091019416,0.047388781431334626,0.4177664422095917,0.15213178294573643,0.3138822207655694,0.35897435897435886,0.2616822429906542,0.7365269461077844,Wayfair Inc.,Consumer Cyclical,Internet Retail,11550353408,88.5199966430664,986.0,911.0,2026-06-18,none,NOT_SELECTED,,
2026-06-22T160715Z,2026-06-22T16:07:15.765832+00:00,2026-06-22T17:23:48.252300+00:00,2026-06-18,data/prospective/daily_qvp/snapshots/2026-06-22T160715Z/raw,1070,1034,bf973ff3ecce3842bc807909b6a11c9ba3d11429,d3881a1328862a39dc4af32e15c4826237a09adca2da7038eafb5659ddb68bb4,3cbd5f76b124b82ce4f26fb66fcb37946580c4a15ad9e837f6f5beb2a7d3fb8d,TSLA,0.3689252336448598,0.2616822429906542,0.4113098785542495,0.24517374517374518,0.31102446867456207,0.04642166344294004,0.2676994892304725,0.009689922480620155,0.45369452346363914,0.11045364891518734,0.3689252336448598,0.13772455089820357,"Tesla, Inc.",Consumer Cyclical,Auto Manufacturers,1528279203840,400.489990234375,987.0,791.0,2026-06-18,none,NOT_SELECTED,,
2026-06-22T160715Z,2026-06-22T16:07:15.765832+00:00,2026-06-22T17:23:48.252300+00:00,2026-06-18,data/prospective/daily_qvp/snapshots/2026-06-22T160715Z/raw,1070,1034,bf973ff3ecce3842bc807909b6a11c9ba3d11429,d3881a1328862a39dc4af32e15c4826237a09adca2da7038eafb5659ddb68bb4,3cbd5f76b124b82ce4f26fb66fcb37946580c4a15ad9e837f6f5beb2a7d3fb8d,FLUT,0.10257009345794392,0.0308411214953271,0.19919545478015616,0.017374517374517374,0.30965430055692195,0.045454545454545456,0.3647257553578112,0.0562015503875969,0.2958208161023684,0.5305719921104536,0.10257009345794392,0.5299401197604791,Flutter Entertainment plc,Consumer Cyclical,Gambling,17093212160,101.83000183105467,988.0,1038.0,2026-06-18,none,NOT_SELECTED,,
2026-06-22T160715Z,2026-06-22T16:07:15.765832+00:00,2026-06-22T17:23:48.252300+00:00,2026-06-18,data/prospective/daily_qvp/snapshots/2026-06-22T160715Z/raw,1070,1034,bf973ff3ecce3842bc807909b6a11c9ba3d11429,d3881a1328862a39dc4af32e15c4826237a09adca2da7038eafb5659ddb68bb4,3cbd5f76b124b82ce4f26fb66fcb37946580c4a15ad9e837f6f5beb2a7d3fb8d,EL,0.2525700934579439,0.13738317757009347,0.33136317172897195,0.10810810810810811,0.30945044781931463,0.04448742746615087,0.254548773364486,0.0048449612403100775,0.41015625,0.265625,0.2525700934579439,0.08984375,The Estée Lauder Companies Inc.,Consumer Defensive,Household & Personal Products,30973261824,84.80999755859375,989.0,924.0,2026-06-18,none,NOT_SELECTED,,
2026-06-22T160715Z,2026-06-22T16:07:15.765832+00:00,2026-06-22T17:23:48.252300+00:00,2026-06-18,data/prospective/daily_qvp/snapshots/2026-06-22T160715Z/raw,1070,1034,bf973ff3ecce3842bc807909b6a11c9ba3d11429,d3881a1328862a39dc4af32e15c4826237a09adca2da7038eafb5659ddb68bb4,3cbd5f76b124b82ce4f26fb66fcb37946580c4a15ad9e837f6f5beb2a7d3fb8d,RH,0.12967289719626163,0.04766355140186916,0.22345929166938475,0.025096525096525095,0.30347647715500076,0.043520309477756286,0.41173909439319667,0.13953488372093023,0.31724568614250787,0.4635108481262327,0.12967289719626163,0.7365269461077845,RH,Consumer Cyclical,Specialty Retail,2851021824,148.08999633789062,990.0,1020.0,2026-06-18,none,NOT_SELECTED,,
2026-06-22T160715Z,2026-06-22T16:07:15.765832+00:00,2026-06-22T17:23:48.252300+00:00,2026-06-18,data/prospective/daily_qvp/snapshots/2026-06-22T160715Z/raw,1070,1034,bf973ff3ecce3842bc807909b6a11c9ba3d11429,d3881a1328862a39dc4af32e15c4826237a09adca2da7038eafb5659ddb68bb4,3cbd5f76b124b82ce4f26fb66fcb37946580c4a15ad9e837f6f5beb2a7d3fb8d,IBRX,0.7077102803738318,0.8242990654205608,0.4056827569351562,0.23166023166023167,0.3032834541183869,0.0425531914893617,0.47147426530698666,0.3498062015503876,0.10365523349648062,0.09848484848484844,0.7077102803738318,0.9760466988727857,"ImmunityBio, Inc.",Healthcare,Biotechnology,7577606144,7.360000133514404,991.0,189.0,2026-06-18,none,NOT_SELECTED,,
2026-06-22T160715Z,2026-06-22T16:07:15.765832+00:00,2026-06-22T17:23:48.252300+00:00,2026-06-18,data/prospective/daily_qvp/snapshots/2026-06-22T160715Z/raw,1070,1034,bf973ff3ecce3842bc807909b6a11c9ba3d11429,d3881a1328862a39dc4af32e15c4826237a09adca2da7038eafb5659ddb68bb4,3cbd5f76b124b82ce4f26fb66fcb37946580c4a15ad9e837f6f5beb2a7d3fb8d,APLD,0.6873831775700935,0.788785046728972,0.3801576002510582,0.1891891891891892,0.3032381999671719,0.041586073500967116,0.26318315447988344,0.007751937984496124,0.0729320229320229,0.14939939939939936,0.6873831775700935,0.143018018018018,Applied Digital Corporation,Technology,Information Technology Services,13162545152,46.59000015258789,992.0,227.0,2026-06-18,none,NOT_SELECTED,,
2026-06-22T160715Z,2026-06-22T16:07:15.765832+00:00,2026-06-22T17:23:48.252300+00:00,2026-06-18,data/prospective/daily_qvp/snapshots/2026-06-22T160715Z/raw,1070,1034,bf973ff3ecce3842bc807909b6a11c9ba3d11429,d3881a1328862a39dc4af32e15c4826237a09adca2da7038eafb5659ddb68bb4,3cbd5f76b124b82ce4f26fb66fcb37946580c4a15ad9e837f6f5beb2a7d3fb8d,HRI,0.38294392523364484,0.28177570093457943,0.23750250149166435,0.029922779922779922,0.3009112055175501,0.04061895551257253,0.360127848582607,0.04844961240310078,0.09206107774968388,0.4277286135693215,0.38294392523364484,0.5377777777777777,Herc Holdings Inc.,Industrials,Rental & Leasing Services,5131009536,155.1199951171875,993.0,770.0,2026-06-18,none,NOT_SELECTED,,
2026-06-22T160715Z,2026-06-22T16:07:15.765832+00:00,2026-06-22T17:23:48.252300+00:00,2026-06-18,data/prospective/daily_qvp/snapshots/2026-06-22T160715Z/raw,1070,1034,bf973ff3ecce3842bc807909b6a11c9ba3d11429,d3881a1328862a39dc4af32e15c4826237a09adca2da7038eafb5659ddb68bb4,3cbd5f76b124b82ce4f26fb66fcb37946580c4a15ad9e837f6f5beb2a7d3fb8d,SNOW,0.2780373831775701,0.16635514018691588,0.3550045638246573,0.14961389961389962,0.29823127077799977,0.039651837524177946,0.4410157954258421,0.22674418604651161,0.43197174447174447,0.18468468468468466,0.2780373831775701,0.8693693693693694,Snowflake Inc.,Technology,Software - Application,79475384320,232.2899932861328,994.0,893.0,2026-06-18,none,NOT_SELECTED,,
2026-06-22T160715Z,2026-06-22T16:07:15.765832+00:00,2026-06-22T17:23:48.252300+00:00,2026-06-18,data/prospective/daily_qvp/snapshots/2026-06-22T160715Z/raw,1070,1034,bf973ff3ecce3842bc807909b6a11c9ba3d11429,d3881a1328862a39dc4af32e15c4826237a09adca2da7038eafb5659ddb68bb4,3cbd5f76b124b82ce4f26fb66fcb37946580c4a15ad9e837f6f5beb2a7d3fb8d,IONS,0.4939252336448598,0.4481308411214953,0.36646327015460495,0.166988416988417,0.2933708958317857,0.03868471953578337,0.42795892871763963,0.18895348837209303,0.23900130666435013,0.14718614718614714,0.4939252336448598,0.8317230273752013,"Ionis Pharmaceuticals, Inc.",Healthcare,Biotechnology,12546733056,74.12000274658203,995.0,592.0,2026-06-18,none,NOT_SELECTED,,
2026-06-22T160715Z,2026-06-22T16:07:15.765832+00:00,2026-06-22T17:23:48.252300+00:00,2026-06-18,data/prospective/daily_qvp/snapshots/2026-06-22T160715Z/raw,1070,1034,bf973ff3ecce3842bc807909b6a11c9ba3d11429,d3881a1328862a39dc4af32e15c4826237a09adca2da7038eafb5659ddb68bb4,3cbd5f76b124b82ce4f26fb66fcb37946580c4a15ad9e837f6f5beb2a7d3fb8d,BEPC,0.4399532710280374,0.3747663551401869,0.39147721996755463,0.20656370656370657,0.2920582596393867,0.037717601547388784,0.25999197059160895,0.006782945736434108,0.3430011689070719,0.09322033898305083,0.4399532710280374,0.1637931034482758,Brookfield Renewable Corporation,Utilities,Utilities - Renewable,6912262144,37.41999816894531,996.0,670.0,2026-06-18,none,NOT_SELECTED,,
2026-06-22T160715Z,2026-06-22T16:07:15.765832+00:00,2026-06-22T17:23:48.252300+00:00,2026-06-18,data/prospective/daily_qvp/snapshots/2026-06-22T160715Z/raw,1070,1034,bf973ff3ecce3842bc807909b6a11c9ba3d11429,d3881a1328862a39dc4af32e15c4826237a09adca2da7038eafb5659ddb68bb4,3cbd5f76b124b82ce4f26fb66fcb37946580c4a15ad9e837f6f5beb2a7d3fb8d,RUN,0.2934579439252336,0.18411214953271027,0.19800866074230555,0.016409266409266408,0.29116493298736285,0.0367504835589942,0.4565493754161978,0.2916666666666667,0.10255937755937752,0.4774774774774775,0.2934579439252336,0.9527027027027026,Sunrun Inc.,Technology,Solar,3276474368,13.520000457763672,997.0,874.0,2026-06-18,none,NOT_SELECTED,,
2026-06-22T160715Z,2026-06-22T16:07:15.765832+00:00,2026-06-22T17:23:48.252300+00:00,2026-06-18,data/prospective/daily_qvp/snapshots/2026-06-22T160715Z/raw,1070,1034,bf973ff3ecce3842bc807909b6a11c9ba3d11429,d3881a1328862a39dc4af32e15c4826237a09adca2da7038eafb5659ddb68bb4,3cbd5f76b124b82ce4f26fb66fcb37946580c4a15ad9e837f6f5beb2a7d3fb8d,IRTC,0.16378504672897193,0.06635514018691589,0.27071260631357347,0.052123552123552123,0.2894216798223246,0.035783365570599614,0.4112490295929914,0.13565891472868216,0.377640165898175,0.3268398268398268,0.16378504672897193,0.7767310789049919,"iRhythm Holdings, Inc.",Healthcare,Medical Devices,3432150016,104.6500015258789,998.0,1000.0,2026-06-18,none,NOT_SELECTED,,
2026-06-22T160715Z,2026-06-22T16:07:15.765832+00:00,2026-06-22T17:23:48.252300+00:00,2026-06-18,data/prospective/daily_qvp/snapshots/2026-06-22T160715Z/raw,1070,1034,bf973ff3ecce3842bc807909b6a11c9ba3d11429,d3881a1328862a39dc4af32e15c4826237a09adca2da7038eafb5659ddb68bb4,3cbd5f76b124b82ce4f26fb66fcb37946580c4a15ad9e837f6f5beb2a7d3fb8d,CAR,0.4742990654205608,0.4163551401869159,0.33857375837399717,0.11872586872586872,0.28864602573999026,0.03481624758220503,0.2725956304161038,0.011627906976744186,0.2028484513274336,0.1887905604719764,0.4742990654205608,0.2244444444444444,"Avis Budget Group, Inc.",Industrials,Rental & Leasing Services,6565501440,188.42999267578125,999.0,626.0,2026-06-18,none,NOT_SELECTED,,
2026-06-22T160715Z,2026-06-22T16:07:15.765832+00:00,2026-06-22T17:23:48.252300+00:00,2026-06-18,data/prospective/daily_qvp/snapshots/2026-06-22T160715Z/raw,1070,1034,bf973ff3ecce3842bc807909b6a11c9ba3d11429,d3881a1328862a39dc4af32e15c4826237a09adca2da7038eafb5659ddb68bb4,3cbd5f76b124b82ce4f26fb66fcb37946580c4a15ad9e837f6f5beb2a7d3fb8d,KTOS,0.19766355140186911,0.09065420560747664,0.25877567582735683,0.03957528957528957,0.28559479666759874,0.033849129593810444,0.36308498638958797,0.05232558139534884,0.3198878002528445,0.3392330383480826,0.19766355140186911,0.5955555555555556,"Kratos Defense & Security Solutions, Inc.",Industrials,Aerospace & Defense,9585084416,54.209999084472656,1000.0,974.0,2026-06-18,none,NOT_SELECTED,,
2026-06-22T160715Z,2026-06-22T16:07:15.765832+00:00,2026-06-22T17:23:48.252300+00:00,2026-06-18,data/prospective/daily_qvp/snapshots/2026-06-22T160715Z/raw,1070,1034,bf973ff3ecce3842bc807909b6a11c9ba3d11429,d3881a1328862a39dc4af32e15c4826237a09adca2da7038eafb5659ddb68bb4,3cbd5f76b124b82ce4f26fb66fcb37946580c4a15ad9e837f6f5beb2a7d3fb8d,RBRK,0.2289719626168224,0.11495327102803739,0.31232586664829654,0.09073359073359073,0.2812903175052708,0.03288201160541586,0.45336638677760177,0.27906976744186046,0.3956797706797707,0.21921921921921925,0.2289719626168224,0.9695945945945946,,Technology,Software - Infrastructure,14274210816,70.22000122070312,1001.0,948.0,2026-06-18,none,NOT_SELECTED,,
2026-06-22T160715Z,2026-06-22T16:07:15.765832+00:00,2026-06-22T17:23:48.252300+00:00,2026-06-18,data/prospective/daily_qvp/snapshots/2026-06-22T160715Z/raw,1070,1034,bf973ff3ecce3842bc807909b6a11c9ba3d11429,d3881a1328862a39dc4af32e15c4826237a09adca2da7038eafb5659ddb68bb4,3cbd5f76b124b82ce4f26fb66fcb37946580c4a15ad9e837f6f5beb2a7d3fb8d,WING,0.053971962616822404,0.008411214953271028,0.3549723901475376,0.14864864864864866,0.2800407650293249,0.031914893617021274,0.3919168013169039,0.09011627906976744,0.6559728176782529,0.13017751479289938,0.053971962616822404,0.7275449101796407,Wingstop Inc.,Consumer Cyclical,Restaurants,4274013184,161.77999877929688,1002.0,1062.0,2026-06-18,none,NOT_SELECTED,,
2026-06-22T160715Z,2026-06-22T16:07:15.765832+00:00,2026-06-22T17:23:48.252300+00:00,2026-06-18,data/prospective/daily_qvp/snapshots/2026-06-22T160715Z/raw,1070,1034,bf973ff3ecce3842bc807909b6a11c9ba3d11429,d3881a1328862a39dc4af32e15c4826237a09adca2da7038eafb5659ddb68bb4,3cbd5f76b124b82ce4f26fb66fcb37946580c4a15ad9e837f6f5beb2a7d3fb8d,BROS,0.3532710280373831,0.24205607476635513,0.34797895351332864,0.1361003861003861,0.2773508605276234,0.030947775628626693,0.43031853461727443,0.19670542635658914,0.3426868789892742,0.13609467455621296,0.3532710280373831,0.8892215568862275,Dutch Bros Inc.,Consumer Cyclical,Restaurants,11997256704,70.72000122070312,1003.0,812.0,2026-06-18,none,NOT_SELECTED,,
2026-06-22T160715Z,2026-06-22T16:07:15.765832+00:00,2026-06-22T17:23:48.252300+00:00,2026-06-18,data/prospective/daily_qvp/snapshots/2026-06-22T160715Z/raw,1070,1034,bf973ff3ecce3842bc807909b6a11c9ba3d11429,d3881a1328862a39dc4af32e15c4826237a09adca2da7038eafb5659ddb68bb4,3cbd5f76b124b82ce4f26fb66fcb37946580c4a15ad9e837f6f5beb2a7d3fb8d,PLNT,0.07850467289719625,0.013084112149532711,0.2801023407932478,0.060810810810810814,0.2768072147037168,0.029980657640232108,0.42018026132718883,0.16472868217054262,0.48170000868929935,0.2702169625246548,0.07850467289719625,0.8502994011976048,"Planet Fitness, Inc.",Consumer Cyclical,Leisure,4132613120,52.97999954223633,1004.0,1057.0,2026-06-18,none,NOT_SELECTED,,
2026-06-22T160715Z,2026-06-22T16:07:15.765832+00:00,2026-06-22T17:23:48.252300+00:00,2026-06-18,data/prospective/daily_qvp/snapshots/2026-06-22T160715Z/raw,1070,1034,bf973ff3ecce3842bc807909b6a11c9ba3d11429,d3881a1328862a39dc4af32e15c4826237a09adca2da7038eafb5659ddb68bb4,3cbd5f76b124b82ce4f26fb66fcb37946580c4a15ad9e837f6f5beb2a7d3fb8d,PI,0.2523364485981308,0.13644859813084112,0.28614467802551913,0.06563706563706563,0.2718441997647605,0.029013539651837523,0.2703245912650118,0.01065891472868217,0.31995290745290744,0.2432432432432432,0.2523364485981308,0.2657657657657657,"Impinj, Inc.",Technology,Semiconductors,3951012864,128.7100067138672,1005.0,925.0,2026-06-18,none,NOT_SELECTED,,
2026-06-22T160715Z,2026-06-22T16:07:15.765832+00:00,2026-06-22T17:23:48.252300+00:00,2026-06-18,data/prospective/daily_qvp/snapshots/2026-06-22T160715Z/raw,1070,1034,bf973ff3ecce3842bc807909b6a11c9ba3d11429,d3881a1328862a39dc4af32e15c4826237a09adca2da7038eafb5659ddb68bb4,3cbd5f76b124b82ce4f26fb66fcb37946580c4a15ad9e837f6f5beb2a7d3fb8d,SHAK,0.10724299065420553,0.03271028037383177,0.21953177641328203,0.02413127413127413,0.26798502385474554,0.02804642166344294,0.41805463615453226,0.15310077519379844,0.33182056217235856,0.3648915187376726,0.10724299065420553,0.8682634730538923,Shake Shack Inc.,Consumer Cyclical,Restaurants,2441969152,59.08000183105469,1006.0,1036.0,2026-06-18,none,NOT_SELECTED,,
2026-06-22T160715Z,2026-06-22T16:07:15.765832+00:00,2026-06-22T17:23:48.252300+00:00,2026-06-18,data/prospective/daily_qvp/snapshots/2026-06-22T160715Z/raw,1070,1034,bf973ff3ecce3842bc807909b6a11c9ba3d11429,d3881a1328862a39dc4af32e15c4826237a09adca2da7038eafb5659ddb68bb4,3cbd5f76b124b82ce4f26fb66fcb37946580c4a15ad9e837f6f5beb2a7d3fb8d,CIFR,0.6712616822429907,0.7565420560747663,0.34353163964729383,0.12644787644787644,0.2580501221272249,0.027079303675048357,0.3137515555593826,0.02422480620155039,0.015801597051596998,0.08708708708708703,0.6712616822429907,0.4808558558558559,Cipher Digital Inc.,Technology,Information Technology Services,11739711488,29.18000030517578,1007.0,262.0,2026-06-18,none,NOT_SELECTED,,
2026-06-22T160715Z,2026-06-22T16:07:15.765832+00:00,2026-06-22T17:23:48.252300+00:00,2026-06-18,data/prospective/daily_qvp/snapshots/2026-06-22T160715Z/raw,1070,1034,bf973ff3ecce3842bc807909b6a11c9ba3d11429,d3881a1328862a39dc4af32e15c4826237a09adca2da7038eafb5659ddb68bb4,3cbd5f76b124b82ce4f26fb66fcb37946580c4a15ad9e837f6f5beb2a7d3fb8d,BBIO,0.42967289719626167,0.35700934579439253,0.33076472917529587,0.10714285714285714,0.25694560588598364,0.02611218568665377,0.42620356834363426,0.18313953488372092,0.23185656115433,0.10930735930735926,0.42967289719626167,0.9339774557165863,"BridgeBio Pharma, Inc.",Healthcare,Biotechnology,13451750400,66.2699966430664,1008.0,689.0,2026-06-18,none,NOT_SELECTED,,
2026-06-22T160715Z,2026-06-22T16:07:15.765832+00:00,2026-06-22T17:23:48.252300+00:00,2026-06-18,data/prospective/daily_qvp/snapshots/2026-06-22T160715Z/raw,1070,1034,bf973ff3ecce3842bc807909b6a11c9ba3d11429,d3881a1328862a39dc4af32e15c4826237a09adca2da7038eafb5659ddb68bb4,3cbd5f76b124b82ce4f26fb66fcb37946580c4a15ad9e837f6f5beb2a7d3fb8d,UEC,0.3635514018691589,0.2542056074766355,0.316597129506008,0.0945945945945946,0.256372876253305,0.025145067698259187,0.44049394290426447,0.2238372093023256,0.2696428571428571,0.13592436974789912,0.3635514018691589,0.9928571428571428,Uranium Energy Corp.,Energy,Uranium,5684109824,12.010000228881836,1009.0,799.0,2026-06-18,none,NOT_SELECTED,,
2026-06-22T160715Z,2026-06-22T16:07:15.765832+00:00,2026-06-22T17:23:48.252300+00:00,2026-06-18,data/prospective/daily_qvp/snapshots/2026-06-22T160715Z/raw,1070,1034,bf973ff3ecce3842bc807909b6a11c9ba3d11429,d3881a1328862a39dc4af32e15c4826237a09adca2da7038eafb5659ddb68bb4,3cbd5f76b124b82ce4f26fb66fcb37946580c4a15ad9e837f6f5beb2a7d3fb8d,CYTK,0.6502336448598129,0.7214953271028037,0.33752290057182555,0.1167953667953668,0.2560397980724147,0.024177949709864602,0.43379715934336094,0.21027131782945738,0.024812156283838177,0.09307359307359302,0.6502336448598129,0.9670692431561996,"Cytokinetics, Incorporated",Healthcare,Biotechnology,10872509440,78.77999877929688,1010.0,299.0,2026-06-18,none,NOT_SELECTED,,
2026-06-22T160715Z,2026-06-22T16:07:15.765832+00:00,2026-06-22T17:23:48.252300+00:00,2026-06-18,data/prospective/daily_qvp/snapshots/2026-06-22T160715Z/raw,1070,1034,bf973ff3ecce3842bc807909b6a11c9ba3d11429,d3881a1328862a39dc4af32e15c4826237a09adca2da7038eafb5659ddb68bb4,3cbd5f76b124b82ce4f26fb66fcb37946580c4a15ad9e837f6f5beb2a7d3fb8d,CRNX,0.2303738317757009,0.11588785046728972,0.23811610578643394,0.03185328185328185,0.25470366648388526,0.02321083172147002,0.4382801653218511,0.22093023255813954,0.245858379797167,0.28787878787878785,0.2303738317757009,0.9890096618357487,"Crinetics Pharmaceuticals, Inc.",Healthcare,Biotechnology,3780031232,35.869998931884766,1011.0,947.0,2026-06-18,none,NOT_SELECTED,,
2026-06-22T160715Z,2026-06-22T16:07:15.765832+00:00,2026-06-22T17:23:48.252300+00:00,2026-06-18,data/prospective/daily_qvp/snapshots/2026-06-22T160715Z/raw,1070,1034,bf973ff3ecce3842bc807909b6a11c9ba3d11429,d3881a1328862a39dc4af32e15c4826237a09adca2da7038eafb5659ddb68bb4,3cbd5f76b124b82ce4f26fb66fcb37946580c4a15ad9e837f6f5beb2a7d3fb8d,CRK,0.07990654205607475,0.014018691588785047,0.20602469959946595,0.01833976833976834,0.2534562423100081,0.022243713733075435,0.4240207531610775,0.1744186046511628,0.33214285714285713,0.34831932773109237,0.07990654205607475,0.9357142857142857,"Comstock Resources, Inc.",Energy,Oil & Gas E&P,3865037312,13.100000381469728,1012.0,1056.0,2026-06-18,none,NOT_SELECTED,,
2026-06-22T160715Z,2026-06-22T16:07:15.765832+00:00,2026-06-22T17:23:48.252300+00:00,2026-06-18,data/prospective/daily_qvp/snapshots/2026-06-22T160715Z/raw,1070,1034,bf973ff3ecce3842bc807909b6a11c9ba3d11429,d3881a1328862a39dc4af32e15c4826237a09adca2da7038eafb5659ddb68bb4,3cbd5f76b124b82ce4f26fb66fcb37946580c4a15ad9e837f6f5beb2a7d3fb8d,CORZ,0.6899532710280374,0.7934579439252336,0.35683679112417427,0.15637065637065636,0.2506539568455456,0.02127659574468085,0.19193190907560062,0.003875968992248062,0.023720311220311173,0.03828828828828824,0.6899532710280374,0.0157657657657657,"Core Scientific, Inc.",Technology,Software - Infrastructure,9218672640,29.15999984741211,1013.0,222.0,2026-06-18,none,NOT_SELECTED,,
2026-06-22T160715Z,2026-06-22T16:07:15.765832+00:00,2026-06-22T17:23:48.252300+00:00,2026-06-18,data/prospective/daily_qvp/snapshots/2026-06-22T160715Z/raw,1070,1034,bf973ff3ecce3842bc807909b6a11c9ba3d11429,d3881a1328862a39dc4af32e15c4826237a09adca2da7038eafb5659ddb68bb4,3cbd5f76b124b82ce4f26fb66fcb37946580c4a15ad9e837f6f5beb2a7d3fb8d,NET,0.41542056074766354,0.338785046728972,0.33388759405114543,0.11196911196911197,0.2506197573954583,0.020309477756286266,0.3253522054339811,0.03391472868217054,0.25235462735462727,0.08408408408408403,0.41542056074766354,0.5495495495495495,"Cloudflare, Inc.",Technology,Software - Infrastructure,75694407680,224.05999755859375,1014.0,709.0,2026-06-18,none,NOT_SELECTED,,
2026-06-22T160715Z,2026-06-22T16:07:15.765832+00:00,2026-06-22T17:23:48.252300+00:00,2026-06-18,data/prospective/daily_qvp/snapshots/2026-06-22T160715Z/raw,1070,1034,bf973ff3ecce3842bc807909b6a11c9ba3d11429,d3881a1328862a39dc4af32e15c4826237a09adca2da7038eafb5659ddb68bb4,3cbd5f76b124b82ce4f26fb66fcb37946580c4a15ad9e837f6f5beb2a7d3fb8d,AVAV,0.08831775700934574,0.020560747663551402,0.16866504158937579,0.008687258687258687,0.24666165014512956,0.019342359767891684,0.3005517931644027,0.018410852713178296,0.2490123261694058,0.4026548672566372,0.08831775700934574,0.4622222222222222,"AeroVironment, Inc.",Industrials,Aerospace & Defense,7749914112,169.61000061035156,1015.0,1049.0,2026-06-18,none,NOT_SELECTED,,
2026-06-22T160715Z,2026-06-22T16:07:15.765832+00:00,2026-06-22T17:23:48.252300+00:00,2026-06-18,data/prospective/daily_qvp/snapshots/2026-06-22T160715Z/raw,1070,1034,bf973ff3ecce3842bc807909b6a11c9ba3d11429,d3881a1328862a39dc4af32e15c4826237a09adca2da7038eafb5659ddb68bb4,3cbd5f76b124b82ce4f26fb66fcb37946580c4a15ad9e837f6f5beb2a7d3fb8d,LLYVK,0.6116822429906542,0.6495327102803738,0.3351236459307838,0.11293436293436293,0.24394716492003943,0.0183752417794971,0.31907148480114067,0.027131782945736434,0.05856504887091335,0.0615942028985507,0.6116822429906542,0.5444444444444445,"Liberty Live Holdings, Inc.",Communication Services,Entertainment,9050476544,98.45999908447266,1016.0,376.0,2026-06-18,none,NOT_SELECTED,,
2026-06-22T160715Z,2026-06-22T16:07:15.765832+00:00,2026-06-22T17:23:48.252300+00:00,2026-06-18,data/prospective/daily_qvp/snapshots/2026-06-22T160715Z/raw,1070,1034,bf973ff3ecce3842bc807909b6a11c9ba3d11429,d3881a1328862a39dc4af32e15c4826237a09adca2da7038eafb5659ddb68bb4,3cbd5f76b124b82ce4f26fb66fcb37946580c4a15ad9e837f6f5beb2a7d3fb8d,RARE,0.13434579439252334,0.05327102803738318,0.28644162903650383,0.06660231660231661,0.2429091379723878,0.017408123791102514,0.3737076183746209,0.0687984496124031,0.4385374636804843,0.1558441558441558,0.13434579439252334,0.7661030595813204,Ultragenyx Pharmaceutical Inc.,Healthcare,Biotechnology,2814329600,27.440000534057617,1017.0,1014.0,2026-06-18,none,NOT_SELECTED,,
2026-06-22T160715Z,2026-06-22T16:07:15.765832+00:00,2026-06-22T17:23:48.252300+00:00,2026-06-18,data/prospective/daily_qvp/snapshots/2026-06-22T160715Z/raw,1070,1034,bf973ff3ecce3842bc807909b6a11c9ba3d11429,d3881a1328862a39dc4af32e15c4826237a09adca2da7038eafb5659ddb68bb4,3cbd5f76b124b82ce4f26fb66fcb37946580c4a15ad9e837f6f5beb2a7d3fb8d,GPGI,0.10233644859813082,0.029906542056074768,0.18309922540526008,0.012548262548262547,0.2420268189034084,0.01644100580270793,0.1854090030664452,0.0029069767441860465,0.26386200221238937,0.35988200589970504,0.10233644859813082,0.0155555555555555,"GPGI, Inc.",Industrials,Metal Fabrication,4153714432,14.420000076293944,1018.0,1039.0,2026-06-18,none,NOT_SELECTED,,
2026-06-22T160715Z,2026-06-22T16:07:15.765832+00:00,2026-06-22T17:23:48.252300+00:00,2026-06-18,data/prospective/daily_qvp/snapshots/2026-06-22T160715Z/raw,1070,1034,bf973ff3ecce3842bc807909b6a11c9ba3d11429,d3881a1328862a39dc4af32e15c4826237a09adca2da7038eafb5659ddb68bb4,3cbd5f76b124b82ce4f26fb66fcb37946580c4a15ad9e837f6f5beb2a7d3fb8d,ORCL,0.2432242990654205,0.1252336448598131,0.24778434445490521,0.03474903474903475,0.23125562903600286,0.015473887814313346,0.2764822623175427,0.012596899224806201,0.2523443898443899,0.19819819819819817,0.2432242990654205,0.41216216216216217,Oracle Corporation,Technology,Software - Infrastructure,506773700608,184.2899932861328,1019.0,937.0,2026-06-18,none,NOT_SELECTED,,
2026-06-22T160715Z,2026-06-22T16:07:15.765832+00:00,2026-06-22T17:23:48.252300+00:00,2026-06-18,data/prospective/daily_qvp/snapshots/2026-06-22T160715Z/raw,1070,1034,bf973ff3ecce3842bc807909b6a11c9ba3d11429,d3881a1328862a39dc4af32e15c4826237a09adca2da7038eafb5659ddb68bb4,3cbd5f76b124b82ce4f26fb66fcb37946580c4a15ad9e837f6f5beb2a7d3fb8d,MP,0.40116822429906546,0.31401869158878504,0.30058411214953273,0.07915057915057915,0.22909311180339217,0.014506769825918761,0.38640316718587747,0.08333333333333333,0.2,0.0861111111111111,0.40116822429906546,0.8583333333333334,MP Materials Corp.,Basic Materials,Other Industrial Metals & Mining,10998923264,60.880001068115234,1020.0,735.0,2026-06-18,none,NOT_SELECTED,,
2026-06-22T160715Z,2026-06-22T16:07:15.765832+00:00,2026-06-22T17:23:48.252300+00:00,2026-06-18,data/prospective/daily_qvp/snapshots/2026-06-22T160715Z/raw,1070,1034,bf973ff3ecce3842bc807909b6a11c9ba3d11429,d3881a1328862a39dc4af32e15c4826237a09adca2da7038eafb5659ddb68bb4,3cbd5f76b124b82ce4f26fb66fcb37946580c4a15ad9e837f6f5beb2a7d3fb8d,NCLH,0.19462616822429904,0.08691588785046729,0.17752683771230338,0.011583011583011582,0.22420263868525683,0.013539651837524178,0.3073735359001702,0.023255813953488372,0.16042750720030774,0.3175542406311637,0.19462616822429904,0.5568862275449102,Norwegian Cruise Line Holdings Ltd.,Consumer Cyclical,Travel Services,9443895296,20.440000534057617,1021.0,978.0,2026-06-18,none,NOT_SELECTED,,
2026-06-22T160715Z,2026-06-22T16:07:15.765832+00:00,2026-06-22T17:23:48.252300+00:00,2026-06-18,data/prospective/daily_qvp/snapshots/2026-06-22T160715Z/raw,1070,1034,bf973ff3ecce3842bc807909b6a11c9ba3d11429,d3881a1328862a39dc4af32e15c4826237a09adca2da7038eafb5659ddb68bb4,3cbd5f76b124b82ce4f26fb66fcb37946580c4a15ad9e837f6f5beb2a7d3fb8d,AXON,0.09626168224299061,0.026168224299065422,0.25458924029975066,0.03667953667953668,0.2213485790788898,0.012572533849129593,0.2893447676425007,0.015503875968992248,0.41291679835651074,0.15486725663716808,0.09626168224299061,0.4933333333333333,"Axon Enterprise, Inc.",Industrials,Aerospace & Defense,32934815744,423.3999938964844,1022.0,1043.0,2026-06-18,none,NOT_SELECTED,,
2026-06-22T160715Z,2026-06-22T16:07:15.765832+00:00,2026-06-22T17:23:48.252300+00:00,2026-06-18,data/prospective/daily_qvp/snapshots/2026-06-22T160715Z/raw,1070,1034,bf973ff3ecce3842bc807909b6a11c9ba3d11429,d3881a1328862a39dc4af32e15c4826237a09adca2da7038eafb5659ddb68bb4,3cbd5f76b124b82ce4f26fb66fcb37946580c4a15ad9e837f6f5beb2a7d3fb8d,ASTS,0.508411214953271,0.46822429906542057,0.2768305051015331,0.05694980694980695,0.2193384548524735,0.01160541586073501,0.4116885258240398,0.1375968992248062,0.0452497952497952,0.1043543543543543,0.508411214953271,0.9887387387387389,"AST SpaceMobile, Inc.",Technology,Communication Equipment,28806606848,80.66000366210938,1023.0,570.0,2026-06-18,none,NOT_SELECTED,,
2026-06-22T160715Z,2026-06-22T16:07:15.765832+00:00,2026-06-22T17:23:48.252300+00:00,2026-06-18,data/prospective/daily_qvp/snapshots/2026-06-22T160715Z/raw,1070,1034,bf973ff3ecce3842bc807909b6a11c9ba3d11429,d3881a1328862a39dc4af32e15c4826237a09adca2da7038eafb5659ddb68bb4,3cbd5f76b124b82ce4f26fb66fcb37946580c4a15ad9e837f6f5beb2a7d3fb8d,UUUU,0.45467289719626164,0.38878504672897196,0.2693007343124165,0.04922779922779923,0.21373083501313292,0.010638297872340425,0.16565526911699255,0.001937984496124031,0.08392857142857141,0.10259103641456575,0.45467289719626164,0.0214285714285714,Energy Fuels Inc.,Energy,Uranium,4043023104,16.559999465942383,1024.0,655.0,2026-06-18,none,NOT_SELECTED,,
2026-06-22T160715Z,2026-06-22T16:07:15.765832+00:00,2026-06-22T17:23:48.252300+00:00,2026-06-18,data/prospective/daily_qvp/snapshots/2026-06-22T160715Z/raw,1070,1034,bf973ff3ecce3842bc807909b6a11c9ba3d11429,d3881a1328862a39dc4af32e15c4826237a09adca2da7038eafb5659ddb68bb4,3cbd5f76b124b82ce4f26fb66fcb37946580c4a15ad9e837f6f5beb2a7d3fb8d,MSTR,0.1303738317757009,0.048598130841121495,0.1495081689591035,0.005791505791505791,0.21303547600276565,0.009671179883945842,0.2780198502453175,0.013565891472868217,0.1686425061425061,0.34009009009009006,0.1303738317757009,0.472972972972973,Strategy Inc,Technology,Software - Application,39410958336,112.52999877929688,1025.0,1019.0,2026-06-18,none,NOT_SELECTED,,
2026-06-22T160715Z,2026-06-22T16:07:15.765832+00:00,2026-06-22T17:23:48.252300+00:00,2026-06-18,data/prospective/daily_qvp/snapshots/2026-06-22T160715Z/raw,1070,1034,bf973ff3ecce3842bc807909b6a11c9ba3d11429,d3881a1328862a39dc4af32e15c4826237a09adca2da7038eafb5659ddb68bb4,3cbd5f76b124b82ce4f26fb66fcb37946580c4a15ad9e837f6f5beb2a7d3fb8d,QBTS,0.25607476635514015,0.1411214953271028,0.23792681806700494,0.03088803088803089,0.21041968051313842,0.008704061895551257,0.40499944506953856,0.11724806201550388,0.21977886977886973,0.15540540540540537,0.25607476635514015,0.9887387387387389,D-Wave Quantum Inc.,Technology,Computer Hardware,9190745088,24.690000534057617,1026.0,920.0,2026-06-18,none,NOT_SELECTED,,
2026-06-22T160715Z,2026-06-22T16:07:15.765832+00:00,2026-06-22T17:23:48.252300+00:00,2026-06-18,data/prospective/daily_qvp/snapshots/2026-06-22T160715Z/raw,1070,1034,bf973ff3ecce3842bc807909b6a11c9ba3d11429,d3881a1328862a39dc4af32e15c4826237a09adca2da7038eafb5659ddb68bb4,3cbd5f76b124b82ce4f26fb66fcb37946580c4a15ad9e837f6f5beb2a7d3fb8d,ACHR,0.08107476635514013,0.014953271028037384,0.16140643738110988,0.007722007722007722,0.20789927683814402,0.007736943907156673,,,0.2417381084070796,0.30088495575221236,0.08107476635514013,,Archer Aviation Inc.,Industrials,Aerospace & Defense,4209106944,5.570000171661377,1027.0,1055.0,2026-06-18,none,NOT_SELECTED,,
2026-06-22T160715Z,2026-06-22T16:07:15.765832+00:00,2026-06-22T17:23:48.252300+00:00,2026-06-18,data/prospective/daily_qvp/snapshots/2026-06-22T160715Z/raw,1070,1034,bf973ff3ecce3842bc807909b6a11c9ba3d11429,d3881a1328862a39dc4af32e15c4826237a09adca2da7038eafb5659ddb68bb4,3cbd5f76b124b82ce4f26fb66fcb37946580c4a15ad9e837f6f5beb2a7d3fb8d,TEM,0.08598130841121493,0.018691588785046728,0.1882955662081739,0.01447876447876448,0.205616957558696,0.006769825918762089,0.3822521706649962,0.07848837209302326,0.29060982400513286,0.2402597402597402,0.08598130841121493,0.912157809983897,"Tempus AI, Inc.",Healthcare,Health Information Services,8730421248,50.84000015258789,1028.0,1051.0,2026-06-18,none,NOT_SELECTED,,
2026-06-22T160715Z,2026-06-22T16:07:15.765832+00:00,2026-06-22T17:23:48.252300+00:00,2026-06-18,data/prospective/daily_qvp/snapshots/2026-06-22T160715Z/raw,1070,1034,bf973ff3ecce3842bc807909b6a11c9ba3d11429,d3881a1328862a39dc4af32e15c4826237a09adca2da7038eafb5659ddb68bb4,3cbd5f76b124b82ce4f26fb66fcb37946580c4a15ad9e837f6f5beb2a7d3fb8d,RIVN,0.25186915887850464,0.13551401869158877,0.18662524902991037,0.013513513513513514,0.19936752302191263,0.005802707930367505,0.36135198957182374,0.04941860465116279,0.12138133918131612,0.22485207100591711,0.25186915887850464,0.847305389221557,"Rivian Automotive, Inc.",Consumer Cyclical,Auto Manufacturers,20680142848,16.520000457763672,1029.0,926.0,2026-06-18,none,NOT_SELECTED,,
2026-06-22T160715Z,2026-06-22T16:07:15.765832+00:00,2026-06-22T17:23:48.252300+00:00,2026-06-18,data/prospective/daily_qvp/snapshots/2026-06-22T160715Z/raw,1070,1034,bf973ff3ecce3842bc807909b6a11c9ba3d11429,d3881a1328862a39dc4af32e15c4826237a09adca2da7038eafb5659ddb68bb4,3cbd5f76b124b82ce4f26fb66fcb37946580c4a15ad9e837f6f5beb2a7d3fb8d,INSM,0.1642523364485981,0.06728971962616823,0.21942255318944828,0.023166023166023165,0.19101474685934358,0.004835589941972921,0.36669101183532893,0.05910852713178295,0.27459276993029846,0.13419913419913412,0.1642523364485981,0.893719806763285,Insmed Incorporated,Healthcare,Biotechnology,21181048832,95.8000030517578,1030.0,999.0,2026-06-18,none,NOT_SELECTED,,
2026-06-22T160715Z,2026-06-22T16:07:15.765832+00:00,2026-06-22T17:23:48.252300+00:00,2026-06-18,data/prospective/daily_qvp/snapshots/2026-06-22T160715Z/raw,1070,1034,bf973ff3ecce3842bc807909b6a11c9ba3d11429,d3881a1328862a39dc4af32e15c4826237a09adca2da7038eafb5659ddb68bb4,3cbd5f76b124b82ce4f26fb66fcb37946580c4a15ad9e837f6f5beb2a7d3fb8d,JOBY,0.18014018691588782,0.07570093457943926,0.17111613881192622,0.010617760617760617,0.16987880247245424,0.0038684719535783366,0.37463132407656285,0.07073643410852713,0.1620920907079646,0.1674041297935103,0.18014018691588782,0.9888888888888888,"Joby Aviation, Inc.",Industrials,Airports & Air Services,9821673472,10.0,1031.0,990.0,2026-06-18,none,NOT_SELECTED,,
2026-06-22T160715Z,2026-06-22T16:07:15.765832+00:00,2026-06-22T17:23:48.252300+00:00,2026-06-18,data/prospective/daily_qvp/snapshots/2026-06-22T160715Z/raw,1070,1034,bf973ff3ecce3842bc807909b6a11c9ba3d11429,d3881a1328862a39dc4af32e15c4826237a09adca2da7038eafb5659ddb68bb4,3cbd5f76b124b82ce4f26fb66fcb37946580c4a15ad9e837f6f5beb2a7d3fb8d,SMR,0.0130841121495327,0.0009345794392523365,0.1359841191278637,0.003861003861003861,0.1634191079338167,0.0029013539651837525,0.1264532198392514,0.0009689922480620155,0.2588841261061947,0.21828908554572268,0.0130841121495327,0.0155555555555555,NuScale Power Corporation,Industrials,Specialty Industrial Machinery,4011366144,11.739999771118164,1032.0,1070.0,2026-06-18,none,NOT_SELECTED,,
2026-06-22T160715Z,2026-06-22T16:07:15.765832+00:00,2026-06-22T17:23:48.252300+00:00,2026-06-18,data/prospective/daily_qvp/snapshots/2026-06-22T160715Z/raw,1070,1034,bf973ff3ecce3842bc807909b6a11c9ba3d11429,d3881a1328862a39dc4af32e15c4826237a09adca2da7038eafb5659ddb68bb4,3cbd5f76b124b82ce4f26fb66fcb37946580c4a15ad9e837f6f5beb2a7d3fb8d,LEU,0.12920560747663548,0.04672897196261682,0.153888518024032,0.006756756756756757,0.1569807673848355,0.0019342359767891683,0.2570212898243409,0.005813953488372093,0.17857142857142852,0.16316526610644255,0.12920560747663548,0.5571428571428572,Centrus Energy Corp.,Energy,Uranium,3546611200,191.38999938964844,1033.0,1021.0,2026-06-18,none,NOT_SELECTED,,
2026-06-22T160715Z,2026-06-22T16:07:15.765832+00:00,2026-06-22T17:23:48.252300+00:00,2026-06-18,data/prospective/daily_qvp/snapshots/2026-06-22T160715Z/raw,1070,1034,bf973ff3ecce3842bc807909b6a11c9ba3d11429,d3881a1328862a39dc4af32e15c4826237a09adca2da7038eafb5659ddb68bb4,3cbd5f76b124b82ce4f26fb66fcb37946580c4a15ad9e837f6f5beb2a7d3fb8d,LCID,0.0245327102803738,0.002803738317757009,0.08331205431664376,0.0009652509652509653,0.07263538663844625,0.0009671179883945841,0.3014825280027868,0.020348837209302327,0.14209139835291373,0.05128205128205123,0.0245327102803738,0.9880239520958084,"Lucid Group, Inc.",Consumer Cyclical,Auto Manufacturers,2000066048,5.360000133514404,1034.0,1068.0,2026-06-18,none,NOT_SELECTED,,
2026-06-22T160715Z,2026-06-22T16:07:15.765832+00:00,2026-06-22T17:23:48.252300+00:00,2026-06-18,data/prospective/daily_qvp/snapshots/2026-06-22T160715Z/raw,1070,1034,bf973ff3ecce3842bc807909b6a11c9ba3d11429,d3881a1328862a39dc4af32e15c4826237a09adca2da7038eafb5659ddb68bb4,3cbd5f76b124b82ce4f26fb66fcb37946580c4a15ad9e837f6f5beb2a7d3fb8d,ABM,0.43177570093457945,0.3616822429906542,,,,,,,,0.9823008849557523,0.43177570093457945,0.6155555555555555,ABM Industries Incorporated,Industrials,Specialty Business Services,2545341184,44.150001525878906,,684.0,2026-06-18,missing_quality,UNSCORED,,
2026-06-22T160715Z,2026-06-22T16:07:15.765832+00:00,2026-06-22T17:23:48.252300+00:00,2026-06-18,data/prospective/daily_qvp/snapshots/2026-06-22T160715Z/raw,1070,1034,bf973ff3ecce3842bc807909b6a11c9ba3d11429,d3881a1328862a39dc4af32e15c4826237a09adca2da7038eafb5659ddb68bb4,3cbd5f76b124b82ce4f26fb66fcb37946580c4a15ad9e837f6f5beb2a7d3fb8d,AM,0.7350467289719625,0.8757009345794392,0.6594876502002669,0.8687258687258688,,,,,0.5839285714285714,,0.7350467289719625,0.6571428571428571,Antero Midstream Corporation,Energy,Oil & Gas Midstream,10364063744,21.709999084472656,,134.0,2026-06-18,missing_value,UNSCORED,,
2026-06-22T160715Z,2026-06-22T16:07:15.765832+00:00,2026-06-22T17:23:48.252300+00:00,2026-06-18,data/prospective/daily_qvp/snapshots/2026-06-22T160715Z/raw,1070,1034,bf973ff3ecce3842bc807909b6a11c9ba3d11429,d3881a1328862a39dc4af32e15c4826237a09adca2da7038eafb5659ddb68bb4,3cbd5f76b124b82ce4f26fb66fcb37946580c4a15ad9e837f6f5beb2a7d3fb8d,AR,0.41939252336448596,0.34579439252336447,0.5114819759679572,0.5318532818532818,,,,,0.6035714285714285,,0.41939252336448596,0.8285714285714286,Antero Resources Corporation,Energy,Oil & Gas E&P,10354718720,33.220001220703125,,701.0,2026-06-18,missing_value,UNSCORED,,
2026-06-22T160715Z,2026-06-22T16:07:15.765832+00:00,2026-06-22T17:23:48.252300+00:00,2026-06-18,data/prospective/daily_qvp/snapshots/2026-06-22T160715Z/raw,1070,1034,bf973ff3ecce3842bc807909b6a11c9ba3d11429,d3881a1328862a39dc4af32e15c4826237a09adca2da7038eafb5659ddb68bb4,3cbd5f76b124b82ce4f26fb66fcb37946580c4a15ad9e837f6f5beb2a7d3fb8d,ARWR,0.6511682242990654,0.7224299065420561,,,,,,,,0.21212121212121207,0.6511682242990654,0.9890096618357487,"Arrowhead Pharmaceuticals, Inc.",Healthcare,Biotechnology,11648172032,81.81999969482422,,298.0,2026-06-18,missing_quality,UNSCORED,,
2026-06-22T160715Z,2026-06-22T16:07:15.765832+00:00,2026-06-22T17:23:48.252300+00:00,2026-06-18,data/prospective/daily_qvp/snapshots/2026-06-22T160715Z/raw,1070,1034,bf973ff3ecce3842bc807909b6a11c9ba3d11429,d3881a1328862a39dc4af32e15c4826237a09adca2da7038eafb5659ddb68bb4,3cbd5f76b124b82ce4f26fb66fcb37946580c4a15ad9e837f6f5beb2a7d3fb8d,BEAM,0.5142523364485981,0.4785046728971963,,,,,,,,0.3051948051948052,0.5142523364485981,0.9451690821256039,Beam Therapeutics Inc.,Healthcare,Biotechnology,3648097024,34.13999938964844,,559.0,2026-06-18,missing_quality,UNSCORED,,
2026-06-22T160715Z,2026-06-22T16:07:15.765832+00:00,2026-06-22T17:23:48.252300+00:00,2026-06-18,data/prospective/daily_qvp/snapshots/2026-06-22T160715Z/raw,1070,1034,bf973ff3ecce3842bc807909b6a11c9ba3d11429,d3881a1328862a39dc4af32e15c4826237a09adca2da7038eafb5659ddb68bb4,3cbd5f76b124b82ce4f26fb66fcb37946580c4a15ad9e837f6f5beb2a7d3fb8d,BHVN,0.2320093457943925,0.11869158878504672,,,,,,,,0.09307359307359303,0.2320093457943925,,Biohaven Ltd.,Healthcare,Biotechnology,2326167296,13.56999969482422,,944.0,2026-06-18,missing_quality,UNSCORED,,
2026-06-22T160715Z,2026-06-22T16:07:15.765832+00:00,2026-06-22T17:23:48.252300+00:00,2026-06-18,data/prospective/daily_qvp/snapshots/2026-06-22T160715Z/raw,1070,1034,bf973ff3ecce3842bc807909b6a11c9ba3d11429,d3881a1328862a39dc4af32e15c4826237a09adca2da7038eafb5659ddb68bb4,3cbd5f76b124b82ce4f26fb66fcb37946580c4a15ad9e837f6f5beb2a7d3fb8d,BKNG,0.2766355140186915,0.16542056074766356,,,,,,,,0.29191321499013806,0.2766355140186915,0.8772455089820359,Booking Holdings Inc.,Consumer Cyclical,Travel Services,130350055424,171.77999877929688,,894.0,2026-06-18,missing_quality,UNSCORED,,
2026-06-22T160715Z,2026-06-22T16:07:15.765832+00:00,2026-06-22T17:23:48.252300+00:00,2026-06-18,data/prospective/daily_qvp/snapshots/2026-06-22T160715Z/raw,1070,1034,bf973ff3ecce3842bc807909b6a11c9ba3d11429,d3881a1328862a39dc4af32e15c4826237a09adca2da7038eafb5659ddb68bb4,3cbd5f76b124b82ce4f26fb66fcb37946580c4a15ad9e837f6f5beb2a7d3fb8d,BMI,0.13130841121495324,0.04953271028037383,,,,,,,,0.5555555555555555,0.13130841121495324,0.43468468468468463,"Badger Meter, Inc.",Technology,Scientific & Technical Instruments,3914952448,135.5,,1018.0,2026-06-18,missing_quality,UNSCORED,,
2026-06-22T160715Z,2026-06-22T16:07:15.765832+00:00,2026-06-22T17:23:48.252300+00:00,2026-06-18,data/prospective/daily_qvp/snapshots/2026-06-22T160715Z/raw,1070,1034,bf973ff3ecce3842bc807909b6a11c9ba3d11429,d3881a1328862a39dc4af32e15c4826237a09adca2da7038eafb5659ddb68bb4,3cbd5f76b124b82ce4f26fb66fcb37946580c4a15ad9e837f6f5beb2a7d3fb8d,COGT,0.4481308411214953,0.3813084112149533,,,,,,,,0.15259740259740254,0.4481308411214953,,"Cogent Biosciences, Inc.",Healthcare,Biotechnology,6125617664,34.540000915527344,,663.0,2026-06-18,missing_quality,UNSCORED,,
2026-06-22T160715Z,2026-06-22T16:07:15.765832+00:00,2026-06-22T17:23:48.252300+00:00,2026-06-18,data/prospective/daily_qvp/snapshots/2026-06-22T160715Z/raw,1070,1034,bf973ff3ecce3842bc807909b6a11c9ba3d11429,d3881a1328862a39dc4af32e15c4826237a09adca2da7038eafb5659ddb68bb4,3cbd5f76b124b82ce4f26fb66fcb37946580c4a15ad9e837f6f5beb2a7d3fb8d,DFTX,0.7334112149532711,0.8728971962616823,,,,,,,,0.15043290043290036,0.7334112149532711,,"Definium Therapeutics, Inc.",Healthcare,Biotechnology,4170714112,24.479999542236328,,137.0,2026-06-18,missing_quality,UNSCORED,,
2026-06-22T160715Z,2026-06-22T16:07:15.765832+00:00,2026-06-22T17:23:48.252300+00:00,2026-06-18,data/prospective/daily_qvp/snapshots/2026-06-22T160715Z/raw,1070,1034,bf973ff3ecce3842bc807909b6a11c9ba3d11429,d3881a1328862a39dc4af32e15c4826237a09adca2da7038eafb5659ddb68bb4,3cbd5f76b124b82ce4f26fb66fcb37946580c4a15ad9e837f6f5beb2a7d3fb8d,DNLI,0.5355140186915888,0.5191588785046729,,,,,,,,0.21969696969696964,0.5355140186915888,,Denali Therapeutics Inc.,Healthcare,Biotechnology,3820143616,23.309999465942383,,516.0,2026-06-18,missing_quality,UNSCORED,,
2026-06-22T160715Z,2026-06-22T16:07:15.765832+00:00,2026-06-22T17:23:48.252300+00:00,2026-06-18,data/prospective/daily_qvp/snapshots/2026-06-22T160715Z/raw,1070,1034,bf973ff3ecce3842bc807909b6a11c9ba3d11429,d3881a1328862a39dc4af32e15c4826237a09adca2da7038eafb5659ddb68bb4,3cbd5f76b124b82ce4f26fb66fcb37946580c4a15ad9e837f6f5beb2a7d3fb8d,DYN,0.3990654205607476,0.30700934579439254,,,,,,,,0.2153679653679653,0.3990654205607476,,"Dyne Therapeutics, Inc.",Healthcare,Biotechnology,3418689280,19.799999237060547,,743.0,2026-06-18,missing_quality,UNSCORED,,
2026-06-22T160715Z,2026-06-22T16:07:15.765832+00:00,2026-06-22T17:23:48.252300+00:00,2026-06-18,data/prospective/daily_qvp/snapshots/2026-06-22T160715Z/raw,1070,1034,bf973ff3ecce3842bc807909b6a11c9ba3d11429,d3881a1328862a39dc4af32e15c4826237a09adca2da7038eafb5659ddb68bb4,3cbd5f76b124b82ce4f26fb66fcb37946580c4a15ad9e837f6f5beb2a7d3fb8d,ELV,0.5516355140186916,0.5453271028037383,,,,,,,,0.8766233766233767,0.5516355140186916,,"Elevance Health, Inc.",Healthcare,Healthcare Plans,86061449216,388.5,,488.0,2026-06-18,missing_quality,UNSCORED,,
2026-06-22T160715Z,2026-06-22T16:07:15.765832+00:00,2026-06-22T17:23:48.252300+00:00,2026-06-18,data/prospective/daily_qvp/snapshots/2026-06-22T160715Z/raw,1070,1034,bf973ff3ecce3842bc807909b6a11c9ba3d11429,d3881a1328862a39dc4af32e15c4826237a09adca2da7038eafb5659ddb68bb4,3cbd5f76b124b82ce4f26fb66fcb37946580c4a15ad9e837f6f5beb2a7d3fb8d,ELVN,0.7065420560747663,0.822429906542056,,,,,,,,0.2218614718614718,0.7065420560747663,,"Enliven Therapeutics, Inc.",Healthcare,Biotechnology,3273320192,45.099998474121094,,191.0,2026-06-18,missing_quality,UNSCORED,,
2026-06-22T160715Z,2026-06-22T16:07:15.765832+00:00,2026-06-22T17:23:48.252300+00:00,2026-06-18,data/prospective/daily_qvp/snapshots/2026-06-22T160715Z/raw,1070,1034,bf973ff3ecce3842bc807909b6a11c9ba3d11429,d3881a1328862a39dc4af32e15c4826237a09adca2da7038eafb5659ddb68bb4,3cbd5f76b124b82ce4f26fb66fcb37946580c4a15ad9e837f6f5beb2a7d3fb8d,ERAS,0.7306074766355141,0.8663551401869158,,,,,,,,0.1374458874458874,0.7306074766355141,,"Erasca, Inc.",Healthcare,Biotechnology,4589354496,13.670000076293944,,144.0,2026-06-18,missing_quality,UNSCORED,,
2026-06-22T160715Z,2026-06-22T16:07:15.765832+00:00,2026-06-22T17:23:48.252300+00:00,2026-06-18,data/prospective/daily_qvp/snapshots/2026-06-22T160715Z/raw,1070,1034,bf973ff3ecce3842bc807909b6a11c9ba3d11429,d3881a1328862a39dc4af32e15c4826237a09adca2da7038eafb5659ddb68bb4,3cbd5f76b124b82ce4f26fb66fcb37946580c4a15ad9e837f6f5beb2a7d3fb8d,EWTX,0.664018691588785,0.7467289719626168,,,,,,,,0.18073593073593067,0.664018691588785,,"Edgewise Therapeutics, Inc.",Healthcare,Biotechnology,3989549056,36.810001373291016,,272.0,2026-06-18,missing_quality,UNSCORED,,
2026-06-22T160715Z,2026-06-22T16:07:15.765832+00:00,2026-06-22T17:23:48.252300+00:00,2026-06-18,data/prospective/daily_qvp/snapshots/2026-06-22T160715Z/raw,1070,1034,bf973ff3ecce3842bc807909b6a11c9ba3d11429,d3881a1328862a39dc4af32e15c4826237a09adca2da7038eafb5659ddb68bb4,3cbd5f76b124b82ce4f26fb66fcb37946580c4a15ad9e837f6f5beb2a7d3fb8d,EXPO,0.2920560747663551,0.1822429906542056,,,,,,,,0.4188790560471976,0.2920560747663551,0.36444444444444446,"Exponent, Inc.",Industrials,Engineering & Construction,2672990720,56.88999938964844,,876.0,2026-06-18,missing_quality,UNSCORED,,
2026-06-22T160715Z,2026-06-22T16:07:15.765832+00:00,2026-06-22T17:23:48.252300+00:00,2026-06-18,data/prospective/daily_qvp/snapshots/2026-06-22T160715Z/raw,1070,1034,bf973ff3ecce3842bc807909b6a11c9ba3d11429,d3881a1328862a39dc4af32e15c4826237a09adca2da7038eafb5659ddb68bb4,3cbd5f76b124b82ce4f26fb66fcb37946580c4a15ad9e837f6f5beb2a7d3fb8d,FOXA,0.4023364485981308,0.3168224299065421,,,,,,,,0.8115942028985508,0.4023364485981308,0.6777777777777778,Fox Corporation,Communication Services,Entertainment,20772485120,52.22999954223633,,733.0,2026-06-18,missing_quality,UNSCORED,,
2026-06-22T160715Z,2026-06-22T16:07:15.765832+00:00,2026-06-22T17:23:48.252300+00:00,2026-06-18,data/prospective/daily_qvp/snapshots/2026-06-22T160715Z/raw,1070,1034,bf973ff3ecce3842bc807909b6a11c9ba3d11429,d3881a1328862a39dc4af32e15c4826237a09adca2da7038eafb5659ddb68bb4,3cbd5f76b124b82ce4f26fb66fcb37946580c4a15ad9e837f6f5beb2a7d3fb8d,HUM,0.622196261682243,0.6710280373831776,,,,,,,,0.735930735930736,0.622196261682243,,Humana Inc.,Healthcare,Healthcare Plans,42923188224,360.6499938964844,,353.0,2026-06-18,missing_quality,UNSCORED,,
2026-06-22T160715Z,2026-06-22T16:07:15.765832+00:00,2026-06-22T17:23:48.252300+00:00,2026-06-18,data/prospective/daily_qvp/snapshots/2026-06-22T160715Z/raw,1070,1034,bf973ff3ecce3842bc807909b6a11c9ba3d11429,d3881a1328862a39dc4af32e15c4826237a09adca2da7038eafb5659ddb68bb4,3cbd5f76b124b82ce4f26fb66fcb37946580c4a15ad9e837f6f5beb2a7d3fb8d,IDYA,0.37219626168224296,0.2691588785046729,,,,,,,,0.367965367965368,0.37219626168224296,0.9890096618357487,"IDEAYA Biosciences, Inc.",Healthcare,Biotechnology,3239382784,31.229999542236328,,783.0,2026-06-18,missing_quality,UNSCORED,,
2026-06-22T160715Z,2026-06-22T16:07:15.765832+00:00,2026-06-22T17:23:48.252300+00:00,2026-06-18,data/prospective/daily_qvp/snapshots/2026-06-22T160715Z/raw,1070,1034,bf973ff3ecce3842bc807909b6a11c9ba3d11429,d3881a1328862a39dc4af32e15c4826237a09adca2da7038eafb5659ddb68bb4,3cbd5f76b124b82ce4f26fb66fcb37946580c4a15ad9e837f6f5beb2a7d3fb8d,IMVT,0.5735981308411215,0.585981308411215,,,,,,,,0.15043290043290036,0.5735981308411215,,"Immunovant, Inc.",Healthcare,Biotechnology,7820216320,35.34000015258789,,444.0,2026-06-18,missing_quality,UNSCORED,,
2026-06-22T160715Z,2026-06-22T16:07:15.765832+00:00,2026-06-22T17:23:48.252300+00:00,2026-06-18,data/prospective/daily_qvp/snapshots/2026-06-22T160715Z/raw,1070,1034,bf973ff3ecce3842bc807909b6a11c9ba3d11429,d3881a1328862a39dc4af32e15c4826237a09adca2da7038eafb5659ddb68bb4,3cbd5f76b124b82ce4f26fb66fcb37946580c4a15ad9e837f6f5beb2a7d3fb8d,LBRDK,0.08154205607476632,0.01588785046728972,,,,,,,,0.35144927536231885,0.08154205607476632,,Liberty Broadband Corporation,Communication Services,Telecom Services,4269057536,29.6200008392334,,1054.0,2026-06-18,missing_quality,UNSCORED,,
2026-06-22T160715Z,2026-06-22T16:07:15.765832+00:00,2026-06-22T17:23:48.252300+00:00,2026-06-18,data/prospective/daily_qvp/snapshots/2026-06-22T160715Z/raw,1070,1034,bf973ff3ecce3842bc807909b6a11c9ba3d11429,d3881a1328862a39dc4af32e15c4826237a09adca2da7038eafb5659ddb68bb4,3cbd5f76b124b82ce4f26fb66fcb37946580c4a15ad9e837f6f5beb2a7d3fb8d,MLYS,0.26682242990654204,0.15700934579439252,,,,,,,,0.2608225108225108,0.26682242990654204,,"Mineralys Therapeutics, Inc.",Healthcare,Biotechnology,2192501504,24.6299991607666,,903.0,2026-06-18,missing_quality,UNSCORED,,
2026-06-22T160715Z,2026-06-22T16:07:15.765832+00:00,2026-06-22T17:23:48.252300+00:00,2026-06-18,data/prospective/daily_qvp/snapshots/2026-06-22T160715Z/raw,1070,1034,bf973ff3ecce3842bc807909b6a11c9ba3d11429,d3881a1328862a39dc4af32e15c4826237a09adca2da7038eafb5659ddb68bb4,3cbd5f76b124b82ce4f26fb66fcb37946580c4a15ad9e837f6f5beb2a7d3fb8d,NUVL,0.5172897196261682,0.4850467289719626,,,,,,,,0.18506493506493502,0.5172897196261682,,"Nuvalent, Inc.",Healthcare,Biotechnology,9750317056,123.43000030517578,,552.0,2026-06-18,missing_quality,UNSCORED,,
2026-06-22T160715Z,2026-06-22T16:07:15.765832+00:00,2026-06-22T17:23:48.252300+00:00,2026-06-18,data/prospective/daily_qvp/snapshots/2026-06-22T160715Z/raw,1070,1034,bf973ff3ecce3842bc807909b6a11c9ba3d11429,d3881a1328862a39dc4af32e15c4826237a09adca2da7038eafb5659ddb68bb4,3cbd5f76b124b82ce4f26fb66fcb37946580c4a15ad9e837f6f5beb2a7d3fb8d,NWS,0.4869158878504673,0.4350467289719626,,,,,,,,0.6376811594202899,0.4869158878504673,0.43333333333333335,News Corporation,Communication Services,Entertainment,15330665472,28.75,,606.0,2026-06-18,missing_quality,UNSCORED,,
2026-06-22T160715Z,2026-06-22T16:07:15.765832+00:00,2026-06-22T17:23:48.252300+00:00,2026-06-18,data/prospective/daily_qvp/snapshots/2026-06-22T160715Z/raw,1070,1034,bf973ff3ecce3842bc807909b6a11c9ba3d11429,d3881a1328862a39dc4af32e15c4826237a09adca2da7038eafb5659ddb68bb4,3cbd5f76b124b82ce4f26fb66fcb37946580c4a15ad9e837f6f5beb2a7d3fb8d,OKLO,0.09018691588785045,0.02336448598130841,,,,,,,,0.3022598870056497,0.09018691588785045,,Oklo Inc.,Utilities,Utilities - Independent Power Producers,10143674368,61.16999816894531,,1046.0,2026-06-18,missing_quality,UNSCORED,,
2026-06-22T160715Z,2026-06-22T16:07:15.765832+00:00,2026-06-22T17:23:48.252300+00:00,2026-06-18,data/prospective/daily_qvp/snapshots/2026-06-22T160715Z/raw,1070,1034,bf973ff3ecce3842bc807909b6a11c9ba3d11429,d3881a1328862a39dc4af32e15c4826237a09adca2da7038eafb5659ddb68bb4,3cbd5f76b124b82ce4f26fb66fcb37946580c4a15ad9e837f6f5beb2a7d3fb8d,OSCR,0.6593457943925234,0.7336448598130841,,,,,,,,0.8160173160173162,0.6593457943925234,,"Oscar Health, Inc.",Healthcare,Healthcare Plans,8870737920,28.399999618530273,,286.0,2026-06-18,missing_quality,UNSCORED,,
2026-06-22T160715Z,2026-06-22T16:07:15.765832+00:00,2026-06-22T17:23:48.252300+00:00,2026-06-18,data/prospective/daily_qvp/snapshots/2026-06-22T160715Z/raw,1070,1034,bf973ff3ecce3842bc807909b6a11c9ba3d11429,d3881a1328862a39dc4af32e15c4826237a09adca2da7038eafb5659ddb68bb4,3cbd5f76b124b82ce4f26fb66fcb37946580c4a15ad9e837f6f5beb2a7d3fb8d,PCVX,0.5320093457943925,0.514018691588785,,,,,,,,0.29112554112554107,0.5320093457943925,,"Vaxcyte, Inc.",Healthcare,Biotechnology,7393883648,51.439998626708984,,522.0,2026-06-18,missing_quality,UNSCORED,,
2026-06-22T160715Z,2026-06-22T16:07:15.765832+00:00,2026-06-22T17:23:48.252300+00:00,2026-06-18,data/prospective/daily_qvp/snapshots/2026-06-22T160715Z/raw,1070,1034,bf973ff3ecce3842bc807909b6a11c9ba3d11429,d3881a1328862a39dc4af32e15c4826237a09adca2da7038eafb5659ddb68bb4,3cbd5f76b124b82ce4f26fb66fcb37946580c4a15ad9e837f6f5beb2a7d3fb8d,POWI,0.6771028037383178,0.7654205607476635,,,,,,,,0.33033033033033027,0.6771028037383178,0.2004504504504504,"Power Integrations, Inc.",Technology,Semiconductors,5003375616,87.11000061035156,,252.0,2026-06-18,missing_quality,UNSCORED,,
2026-06-22T160715Z,2026-06-22T16:07:15.765832+00:00,2026-06-22T17:23:48.252300+00:00,2026-06-18,data/prospective/daily_qvp/snapshots/2026-06-22T160715Z/raw,1070,1034,bf973ff3ecce3842bc807909b6a11c9ba3d11429,d3881a1328862a39dc4af32e15c4826237a09adca2da7038eafb5659ddb68bb4,3cbd5f76b124b82ce4f26fb66fcb37946580c4a15ad9e837f6f5beb2a7d3fb8d,PRAX,0.5855140186915888,0.6060747663551402,,,,,,,,0.21969696969696964,0.5855140186915888,,"Praxis Precision Medicines, Inc.",Healthcare,Biotechnology,8352201728,282.30999755859375,,423.0,2026-06-18,missing_quality,UNSCORED,,
2026-06-22T160715Z,2026-06-22T16:07:15.765832+00:00,2026-06-22T17:23:48.252300+00:00,2026-06-18,data/prospective/daily_qvp/snapshots/2026-06-22T160715Z/raw,1070,1034,bf973ff3ecce3842bc807909b6a11c9ba3d11429,d3881a1328862a39dc4af32e15c4826237a09adca2da7038eafb5659ddb68bb4,3cbd5f76b124b82ce4f26fb66fcb37946580c4a15ad9e837f6f5beb2a7d3fb8d,QS,0.24649532710280375,0.12990654205607477,,,,,,,,0.20118343195266267,0.24649532710280375,,QuantumScape Corporation,Consumer Cyclical,Auto Parts,4853494784,8.039999961853027,,932.0,2026-06-18,missing_quality,UNSCORED,,
2026-06-22T160715Z,2026-06-22T16:07:15.765832+00:00,2026-06-22T17:23:48.252300+00:00,2026-06-18,data/prospective/daily_qvp/snapshots/2026-06-22T160715Z/raw,1070,1034,bf973ff3ecce3842bc807909b6a11c9ba3d11429,d3881a1328862a39dc4af32e15c4826237a09adca2da7038eafb5659ddb68bb4,3cbd5f76b124b82ce4f26fb66fcb37946580c4a15ad9e837f6f5beb2a7d3fb8d,RCUS,0.5623831775700936,0.5719626168224299,,,,,,,,0.22619047619047616,0.5623831775700936,0.018317230273752,"Arcus Biosciences, Inc.",Healthcare,Biotechnology,3267586560,24.309999465942383,,459.0,2026-06-18,missing_quality,UNSCORED,,
2026-06-22T160715Z,2026-06-22T16:07:15.765832+00:00,2026-06-22T17:23:48.252300+00:00,2026-06-18,data/prospective/daily_qvp/snapshots/2026-06-22T160715Z/raw,1070,1034,bf973ff3ecce3842bc807909b6a11c9ba3d11429,d3881a1328862a39dc4af32e15c4826237a09adca2da7038eafb5659ddb68bb4,3cbd5f76b124b82ce4f26fb66fcb37946580c4a15ad9e837f6f5beb2a7d3fb8d,RPRX,0.8191588785046728,0.9887850467289719,,,,,,,,0.5324675324675324,0.8191588785046728,0.5045893719806763,Royalty Pharma plc,Healthcare,Biotechnology,30845947904,52.959999084472656,,13.0,2026-06-18,missing_quality,UNSCORED,,
2026-06-22T160715Z,2026-06-22T16:07:15.765832+00:00,2026-06-22T17:23:48.252300+00:00,2026-06-18,data/prospective/daily_qvp/snapshots/2026-06-22T160715Z/raw,1070,1034,bf973ff3ecce3842bc807909b6a11c9ba3d11429,d3881a1328862a39dc4af32e15c4826237a09adca2da7038eafb5659ddb68bb4,3cbd5f76b124b82ce4f26fb66fcb37946580c4a15ad9e837f6f5beb2a7d3fb8d,RVMD,0.755373831775701,0.9252336448598131,,,,,,,,0.12878787878787873,0.755373831775701,,"Revolution Medicines, Inc.",Healthcare,Biotechnology,35220856832,162.99000549316406,,81.0,2026-06-18,missing_quality,UNSCORED,,
2026-06-22T160715Z,2026-06-22T16:07:15.765832+00:00,2026-06-22T17:23:48.252300+00:00,2026-06-18,data/prospective/daily_qvp/snapshots/2026-06-22T160715Z/raw,1070,1034,bf973ff3ecce3842bc807909b6a11c9ba3d11429,d3881a1328862a39dc4af32e15c4826237a09adca2da7038eafb5659ddb68bb4,3cbd5f76b124b82ce4f26fb66fcb37946580c4a15ad9e837f6f5beb2a7d3fb8d,SRRK,0.5149532710280373,0.4803738317757009,,,,,,,,0.11580086580086572,0.5149532710280373,,Scholar Rock Holding Corporation,Healthcare,Biotechnology,5870390272,47.33000183105469,,557.0,2026-06-18,missing_quality,UNSCORED,,
2026-06-22T160715Z,2026-06-22T16:07:15.765832+00:00,2026-06-22T17:23:48.252300+00:00,2026-06-18,data/prospective/daily_qvp/snapshots/2026-06-22T160715Z/raw,1070,1034,bf973ff3ecce3842bc807909b6a11c9ba3d11429,d3881a1328862a39dc4af32e15c4826237a09adca2da7038eafb5659ddb68bb4,3cbd5f76b124b82ce4f26fb66fcb37946580c4a15ad9e837f6f5beb2a7d3fb8d,SYRE,0.7628504672897195,0.9373831775700935,,,,,,,,0.17424242424242417,0.7628504672897195,,"Spyre Therapeutics, Inc.",Healthcare,Biotechnology,8491337728,88.33999633789062,,68.0,2026-06-18,missing_quality,UNSCORED,,
