ticker,DEBT_ASSETS,FCF_MARGIN,GPA,M12_1,M6_1,ROA,TREND200,sector,B2_score,Q_score
A,0.5,0.6785714285714286,0.4924242424242424,0.3261682242990654,0.1962616822429906,0.8589743589743589,0.3186915887850467,Healthcare,0.2803738317757009,0.6324925074925074
AA,0.7796610169491526,0.3389830508474576,0.288135593220339,0.9149532710280374,0.7962616822429907,0.5932203389830508,0.3869158878504672,Basic Materials,0.6993769470404984,0.5
AAL,0.0888888888888888,0.1422222222222222,0.3318385650224215,0.591588785046729,0.22803738317757,0.1466666666666666,0.7682242990654206,Industrials,0.5292834890965731,0.17740408570004979
AAON,0.6177777777777778,0.0622222222222222,0.6053811659192825,0.8345794392523365,0.9271028037383178,0.5866666666666667,0.8429906542056075,Industrials,0.8682242990654205,0.4680119581464873
AAP,0.4730538922155688,0.0421686746987951,0.5151515151515151,0.5177570093457944,0.8252336448598131,0.1377245508982036,0.4588785046728972,Consumer Cyclical,0.6006230529595015,0.29202465824102064
AAPL,0.4705882352941176,0.8071748878923767,0.9103139013452914,0.7327102803738318,0.597196261682243,0.9887892376681614,0.5813084112149532,Technology,0.6370716510903427,0.7942165655499869
ABBV,0.1428571428571428,0.9357142857142856,0.5909090909090909,0.5074766355140187,0.3747663551401869,0.5064102564102564,0.525233644859813,Healthcare,0.4691588785046729,0.5439726939726939
ABG,0.4131736526946107,0.2228915662650602,0.406060606060606,0.1485981308411215,0.1467289719626168,0.4251497005988024,0.2205607476635514,Consumer Cyclical,0.1719626168224299,0.3668188814047698
ABM,0.3688888888888889,0.24,,0.2719626168224299,0.3130841121495327,0.2533333333333333,0.4186915887850467,Industrials,0.3345794392523364,0.2874074074074074
ABNB,0.9640718562874252,0.9879518072289156,0.6363636363636364,0.3420560747663551,0.4186915887850467,0.7365269461077845,0.5233644859813084,Consumer Cyclical,0.42803738317757006,0.8312285614969404
ABT,0.3961038961038961,0.7071428571428572,0.4015151515151515,0.0915887850467289,0.0757009345794392,0.7115384615384616,0.1065420560747663,Healthcare,0.09127725856697814,0.5540750915750916
ACA,0.48,0.5022222222222222,0.2062780269058296,0.6813084112149532,0.5476635514018692,0.3911111111111111,0.8373831775700935,Industrials,0.688785046728972,0.3949028400597907
ACAD,0.8636363636363636,0.7642857142857142,0.8712121212121212,0.2616822429906542,0.1635514018691588,0.9903846153846154,0.311214953271028,Healthcare,0.24548286604361366,0.8723797036297036
ACHC,0.1753246753246753,0.1785714285714285,0.8560606060606061,0.397196261682243,0.8878504672897196,0.2051282051282051,0.7205607476635514,Healthcare,0.6685358255451713,0.35377122877122874
ACHR,0.9244444444444444,0.0155555555555555,0.0156950672645739,0.0542056074766355,0.1439252336448598,0.0155555555555555,0.0392523364485981,Industrials,0.07912772585669779,0.24281265570503233
ACI,0.0923076923076923,0.0769230769230769,0.9923076923076924,0.1420560747663551,0.3327102803738317,0.1384615384615384,0.119626168224299,Consumer Defensive,0.19813084112149526,0.32499999999999996
ACIW,0.3574660633484163,0.4304932735426009,0.4708520179372197,0.2822429906542056,0.2364485981308411,0.5650224215246636,0.3598130841121495,Technology,0.29283489096573206,0.45595844408822517
ACLS,0.8461538461538461,0.3183856502242152,0.42152466367713,0.905607476635514,0.9401869158878504,0.6233183856502242,0.9514018691588784,Technology,0.9323987538940809,0.5523456364263539
ACM,0.5733333333333334,0.2044444444444444,0.1031390134529148,0.0785046728971962,0.0934579439252336,0.3555555555555555,0.0429906542056074,Industrials,0.07165109034267907,0.30911808669656204
AD,0.5869565217391305,0.6666666666666666,0.0348837209302325,0.7158878504672898,0.685981308411215,0.6304347826086957,0.4813084112149532,Communication Services,0.6277258566978193,0.4797354229861813
ADBE,0.4479638009049774,0.9596412556053812,0.9730941704035876,0.0775700934579439,0.0560747663551401,0.9506726457399104,0.0355140186915887,Technology,0.056386292834890904,0.8328429681634641
ADEA,0.1945701357466063,0.874439461883408,0.9641255605381166,0.8514018691588785,0.9579439252336448,0.7847533632286996,0.905607476635514,Technology,0.9049844236760124,0.7044721303492076
ADI,0.5610859728506787,0.9237668161434978,0.1928251121076233,0.7990654205607477,0.8121495327102803,0.5829596412556054,0.8355140186915888,Technology,0.815576323987539,0.5651593855893513
ADM,0.8461538461538461,0.3692307692307692,0.023076923076923,0.7177570093457943,0.7775700934579439,0.2153846153846154,0.6766355140186916,Consumer Defensive,0.7239875389408099,0.3634615384615384
ADP,0.7239819004524887,0.6681614349775785,0.116591928251121,0.1214953271028037,0.2046728971962617,0.5112107623318386,0.2532710280373831,Technology,0.1931464174454828,0.5049865065032567
ADPT,0.6623376623376623,0.1714285714285714,0.75,0.6299065420560748,0.1953271028037383,0.2692307692307692,0.6121495327102804,Healthcare,0.4791277258566978,0.4632492507492507
ADSK,0.4660633484162896,0.9282511210762332,0.8968609865470852,0.1616822429906542,0.1654205607476635,0.7892376681614349,0.0467289719626168,Technology,0.1246105919003115,0.7701032810502608
ADT,0.1333333333333333,0.9888888888888888,0.6771300448430493,0.214018691588785,0.2252336448598131,0.3288888888888889,0.1785046728971962,Industrials,0.20591900311526476,0.5320602889885401
AEE,0.5932203389830508,0.4310344827586206,0.4482758620689655,0.497196261682243,0.5887850467289719,0.711864406779661,0.5121495327102804,Utilities,0.5327102803738318,0.5460987726475746
AEIS,0.5911111111111111,0.2311111111111111,0.7309417040358744,0.9261682242990654,0.8775700934579439,0.6311111111111111,0.8672897196261682,Industrials,0.8903426791277257,0.5460687593423019
AEO,0.437125748502994,0.2469879518072289,0.7818181818181819,0.8149532710280374,0.0130841121495327,0.5748502994011976,0.2242990654205607,Consumer Cyclical,0.35077881619937695,0.5101955453824005
AEP,0.4745762711864407,0.4482758620689655,0.8103448275862069,0.6186915887850467,0.6196261682242991,0.7457627118644068,0.5869158878504673,Utilities,0.608411214953271,0.619739918176505
AES,0.0508474576271186,0.4827586206896552,0.0517241379310344,0.7168224299065421,0.5654205607476636,0.5084745762711864,0.4579439252336448,Utilities,0.5800623052959502,0.2734511981297486
AESI,0.4571428571428571,0.2571428571428571,0.1,0.6588785046728972,0.9635514018691588,0.1,0.8392523364485981,Energy,0.8205607476635514,0.22857142857142854
AGCO,0.7066666666666667,0.3022222222222222,0.5336322869955157,0.4355140186915888,0.4934579439252336,0.5644444444444444,0.3345794392523364,Industrials,0.421183800623053,0.5267414050822122
AGIO,0.8701298701298701,0.0178571428571428,0.0454545454545454,0.1841121495327102,0.6420560747663552,0.1153846153846153,0.6317757009345795,Healthcare,0.48598130841121495,0.2622065434565434
AGX,0.9733333333333334,0.9888888888888888,0.3542600896860987,0.9532710280373832,0.9607476635514018,0.88,0.9598130841121496,Industrials,0.9579439252336449,0.7991205779770802
AGYS,0.8235294117647058,0.6412556053811659,0.7488789237668162,0.1205607476635514,0.0345794392523364,0.672645739910314,0.2158878504672897,Technology,0.12367601246105915,0.7215774202057506
AIR,0.4977777777777777,0.1733333333333333,0.3811659192825112,0.7654205607476635,0.7626168224299066,0.4533333333333333,0.8457943925233645,Industrials,0.7912772585669782,0.3764025909317389
AIT,0.8488888888888889,0.5511111111111111,0.9417040358744396,0.6457943925233645,0.6654205607476635,0.8844444444444445,0.7551401869158878,Industrials,0.688785046728972,0.806537120079721
AKAM,0.0769230769230769,0.5336322869955157,0.3049327354260089,0.8373831775700935,0.9046728971962616,0.3677130044843049,0.7532710280373832,Technology,0.8317757009345795,0.3208002759572266
ALAB,0.98868778280543,0.9013452914798208,0.8385650224215246,0.9542056074766356,0.9588785046728971,0.8654708520179372,0.9878504672897196,Technology,0.9669781931464175,0.8985172371811782
ALB,0.8135593220338984,0.6779661016949152,0.1186440677966101,0.9523364485981308,0.6934579439252336,0.2203389830508474,0.4037383177570093,Basic Materials,0.6831775700934579,0.4576271186440678
ALGM,0.4841628959276018,0.3901345291479821,0.4753363228699551,0.7,0.914018691588785,0.1614349775784753,0.933644859813084,Technology,0.8492211838006231,0.37776718138100357
ALGN,0.9090909090909092,0.6214285714285714,0.7651515151515151,0.22803738317757,0.4336448598130841,0.7307692307692307,0.4747663551401869,Healthcare,0.378816199376947,0.7566100566100566
ALGT,0.2133333333333333,0.4133333333333333,0.0941704035874439,0.7738317757009345,0.3336448598130841,0.1022222222222222,0.819626168224299,Industrials,0.6423676012461059,0.20576482311908315
ALHC,0.4935064935064935,0.4,0.7803030303030303,0.4850467289719626,0.1644859813084112,0.4487179487179487,0.6878504672897197,Healthcare,0.4457943925233645,0.5306318681318681
ALK,0.4311111111111111,0.0933333333333333,0.0672645739910313,0.2102803738317757,0.1514018691588785,0.1555555555555555,0.4878504672897196,Industrials,0.28317757009345795,0.1868161434977578
ALNY,0.5454545454545454,0.6714285714285714,0.9166666666666666,0.3018691588785047,0.1186915887850467,0.8397435897435898,0.0878504672897196,Healthcare,0.16947040498442367,0.7433233433233433
ALRM,0.2624434389140271,0.452914798206278,0.6412556053811659,0.1439252336448598,0.1803738317757009,0.57847533632287,0.1990654205607476,Technology,0.17445482866043607,0.48377229470608524
ALSN,0.3952095808383233,0.8734939759036144,0.2787878787878788,0.5271028037383177,0.5700934579439252,0.592814371257485,0.6205607476635514,Consumer Cyclical,0.5725856697819314,0.5350764516968254
AM,0.0428571428571428,0.9928571428571428,0.6571428571428571,0.5588785046728972,0.7317757009345794,0.6428571428571429,0.6532710280373831,Energy,0.64797507788162,0.5839285714285714
AMAT,0.5656108597285068,0.547085201793722,0.6681614349775785,0.92803738317757,0.9121495327102804,0.9417040358744396,0.9738317757009346,Technology,0.9380062305295951,0.6806403830935617
AMBA,0.9095022624434388,0.179372197309417,0.5112107623318386,0.7710280373831776,0.6728971962616822,0.0627802690582959,0.2308411214953271,Technology,0.5582554517133956,0.4157163727857476
AMD,0.7601809954751131,0.6860986547085202,0.3452914798206278,0.9644859813084112,0.974766355140187,0.5560538116591929,0.9878504672897196,Technology,0.9757009345794393,0.5869062354158635
AME,0.84,0.96,0.3139013452914798,0.5822429906542056,0.5766355140186916,0.7511111111111111,0.5962616822429907,Industrials,0.5850467289719626,0.7162531141006476
AMGN,0.0909090909090909,0.8214285714285714,0.4545454545454545,0.514018691588785,0.497196261682243,0.7884615384615384,0.4869158878504673,Healthcare,0.49937694704049845,0.5388361638361638
AMKR,0.5565610859728507,0.1345291479820627,0.0941704035874439,0.9560747663551402,0.908411214953271,0.4798206278026906,0.97196261682243,Technology,0.9454828660436138,0.316270316336262
AMR,0.9915254237288136,0.2711864406779661,0.0508474576271186,0.7663551401869159,0.1906542056074766,0.2033898305084746,0.2121495327102803,Basic Materials,0.38971962616822425,0.3792372881355932
AMRX,0.0584415584415584,0.4214285714285714,0.5757575757575758,0.7570093457943925,0.3822429906542056,0.5448717948717948,0.8542056074766355,Healthcare,0.6644859813084112,0.4001248751248751
AMSC,0.9888888888888888,0.3866666666666666,0.1748878923766816,0.7757009345794392,0.8953271028037383,0.9733333333333334,0.3616822429906542,Industrials,0.677570093457944,0.6309441953163927
AMZN,0.8203592814371258,0.0783132530120482,0.6484848484848484,0.5925233644859813,0.6691588785046729,0.7485029940119761,0.3663551401869159,Consumer Cyclical,0.5426791277258567,0.5739150942364997
AN,0.1437125748502994,0.072289156626506,0.5515151515151515,0.2738317757009346,0.2915887850467289,0.3892215568862275,0.2672897196261682,Consumer Cyclical,0.27757009345794387,0.2891846099695461
ANDE,0.5692307692307692,0.023076923076923,0.2461538461538461,0.8523364485981308,0.7439252336448599,0.2923076923076923,0.7392523364485981,Consumer Defensive,0.7785046728971962,0.2826923076923077
ANET,0.98868778280543,0.9887892376681614,0.515695067264574,0.8065420560747664,0.6785046728971963,0.8968609865470852,0.6626168224299065,Technology,0.7158878504672898,0.8475082685713127
ANF,0.6047904191616766,0.5602409638554217,0.987878787878788,0.3093457943925233,0.0317757009345794,0.874251497005988,0.2635514018691589,Consumer Cyclical,0.20155763239875388,0.7567904169754687
AOS,0.7777777777777778,0.8577777777777778,0.9192825112107624,0.2551401869158878,0.2009345794392523,0.9333333333333332,0.1700934579439252,Industrials,0.20872274143302175,0.8720428500249128
APA,0.5714285714285714,0.7857142857142857,0.8857142857142857,0.8700934579439252,0.9009345794392524,0.8142857142857143,0.6897196261682244,Energy,0.8202492211838006,0.7642857142857142
APD,0.1525423728813559,0.0508474576271186,0.2372881355932203,0.4299065420560747,0.688785046728972,0.5254237288135594,0.4476635514018691,Basic Materials,0.5221183800623052,0.24152542372881353
APG,0.3822222222222222,0.5288888888888889,0.7354260089686099,0.5289719626168224,0.5308411214953271,0.3022222222222222,0.4130841121495327,Industrials,0.49096573208722744,0.48718983557548584
APH,0.1538461538461538,0.5291479820627802,0.3721973094170404,0.6345794392523364,0.3598130841121495,0.7802690582959642,0.7,Technology,0.564797507788162,0.4588651259054846
APLD,0.1312217194570135,0.0156950672645739,0.0313901345291479,0.9878504672897196,0.9542056074766356,0.1121076233183856,0.8925233644859814,Technology,0.9448598130841122,0.07260363614228021
APP,0.3043478260869565,0.9888888888888888,0.9883720930232558,0.7233644859813084,0.0682242990654205,0.9891304347826086,0.1728971962616822,Communication Services,0.3214953271028037,0.8176848106954274
AR,0.4428571428571428,0.9428571428571428,0.3714285714285714,0.1897196261682243,0.5719626168224299,0.6571428571428571,0.3177570093457944,Energy,0.3598130841121496,0.6035714285714285
ARCB,0.7688888888888888,0.2222222222222222,0.1210762331838565,0.8280373831775701,0.874766355140187,0.2266666666666666,0.9205607476635514,Industrials,0.8744548286604362,0.33471350274040856
ARMK,0.1555555555555555,0.1866666666666666,0.1434977578475336,0.6130841121495327,0.7906542056074767,0.24,0.8252336448598131,Industrials,0.7429906542056074,0.1814299950174389
AROC,0.0857142857142857,0.7428571428571429,0.7428571428571429,0.7345794392523365,0.8476635514018691,0.7571428571428571,0.8289719626168224,Energy,0.8037383177570093,0.5821428571428572
ARQT,0.525974025974026,0.3714285714285714,0.9621212121212122,0.7308411214953271,0.116822429906542,0.3782051282051282,0.5654205607476636,Healthcare,0.4710280373831776,0.5594322344322344
ARW,0.7194570135746606,0.1076233183856502,0.085201793721973,0.805607476635514,0.9467289719626168,0.2914798206278027,0.9261682242990654,Technology,0.892834890965732,0.30094048657752165
ARWR,0.1948051948051948,0.1857142857142857,,0.9878504672897196,0.6158878504672897,0.2179487179487179,0.8654205607476636,Healthcare,0.8230529595015575,0.19948939948939945
ASH,0.4067796610169492,0.711864406779661,0.3220338983050847,0.4943925233644859,0.3439252336448598,0.0254237288135593,0.6906542056074766,Basic Materials,0.509657320872274,0.3665254237288135
ASO,0.6407185628742516,0.3012048192771084,0.6181818181818182,0.4831775700934579,0.3037383177570093,0.5808383233532934,0.2738317757009346,Consumer Cyclical,0.3535825545171339,0.5352358809216179
ASTS,0.090497737556561,0.0156950672645739,0.0156950672645739,0.8850467289719626,0.8383177570093457,0.0582959641255605,0.222429906542056,Technology,0.6485981308411214,0.04504595905281732
ATEN,0.253393665158371,0.5022421524663677,0.6816143497757847,0.7672897196261682,0.8803738317757009,0.600896860986547,0.9364485981308412,Technology,0.8613707165109035,0.5095367570967676
ATI,0.36,0.6755555555555556,0.452914798206278,0.8532710280373832,0.8392523364485981,0.6933333333333334,0.92803738317757,Industrials,0.8735202492211838,0.5454509217737917
ATKR,0.4488888888888889,0.2888888888888888,0.4798206278026906,0.4841121495327102,0.6841121495327103,0.0622222222222222,0.6990654205607477,Industrials,0.622429906542056,0.3199551569506726
ATMU,0.2874251497005988,0.5963855421686747,0.5272727272727272,0.6635514018691588,0.2831775700934579,0.8562874251497006,0.2719626168224299,Consumer Cyclical,0.40623052959501554,0.5668427110729253
ATO,0.9152542372881356,0.0862068965517241,0.6724137931034483,0.4897196261682243,0.4925233644859813,0.9322033898305084,0.3429906542056075,Utilities,0.4417445482866043,0.651519579193454
ATR,0.4675324675324675,0.4928571428571429,0.4393939393939394,0.1476635514018691,0.3345794392523364,0.7564102564102564,0.3,Healthcare,0.26074766355140183,0.5390484515484516
ATRO,0.1022222222222222,0.2088888888888889,0.852017937219731,0.9186915887850468,0.8710280373831776,0.5511111111111111,0.9383177570093458,Industrials,0.9093457943925234,0.4285600398604883
AU,0.7966101694915254,0.9915254237288136,0.9491525423728814,0.8682242990654205,0.5504672897196262,0.9915254237288136,0.2934579439252336,Basic Materials,0.5707165109034268,0.9322033898305085
AUR,0.9880239520958084,0.0180722891566265,0.0181818181818181,0.6542056074766355,0.9233644859813084,0.0179640718562874,0.8037383177570093,Consumer Cyclical,0.7937694704049844,0.2605605328226351
AVA,0.711864406779661,0.6724137931034483,0.896551724137931,0.4719626168224299,0.5439252336448598,0.423728813559322,0.4570093457943925,Utilities,0.4909657320872274,0.6761396843950905
AVAV,0.8133333333333334,0.0533333333333333,0.0538116591928251,0.1990654205607476,0.0719626168224299,0.0711111111111111,0.0130841121495327,Industrials,0.09470404984423673,0.24789735924265072
AVGO,0.248868778280543,0.968609865470852,0.5022421524663677,0.7897196261682243,0.7327102803738318,0.8699551569506726,0.4906542056074766,Technology,0.6710280373831776,0.6474189882921089
AVNT,0.4576271186440678,0.559322033898305,0.5423728813559322,0.3728971962616822,0.5747663551401869,0.2711864406779661,0.4672897196261682,Basic Materials,0.47165109034267916,0.4576271186440678
AVPT,0.9004524886877828,0.7085201793721974,0.7668161434977578,0.0467289719626168,0.0925233644859813,0.547085201793722,0.1495327102803738,Technology,0.09626168224299063,0.730718503337865
AVT,0.4524886877828054,0.0986547085201793,0.2690582959641255,0.7869158878504673,0.9252336448598132,0.2286995515695067,0.902803738317757,Technology,0.8716510903426791,0.26222531095915425
AVTR,0.3506493506493506,0.4428571428571428,0.2272727272727272,0.0504672897196261,0.0775700934579439,0.3205128205128205,0.2177570093457944,Healthcare,0.11526479750778813,0.33532301032301026
AVY,0.5269461077844312,0.6566265060240963,0.4545454545454545,0.2485981308411215,0.2289719626168224,0.6347305389221557,0.2542056074766355,Consumer Cyclical,0.24392523364485977,0.5682121518190344
AWI,0.52,0.7822222222222223,0.820627802690583,0.3654205607476635,0.2018691588785046,0.9422222222222222,0.1691588785046729,Industrials,0.2454828660436137,0.7662680617837568
AWK,0.4406779661016949,0.1379310344827586,0.5172413793103449,0.2336448598130841,0.3242990654205607,0.7288135593220338,0.3074766355140187,Utilities,0.2884735202492212,0.45616598480420806
AWR,0.8135593220338984,0.8793103448275862,0.9913793103448276,0.3355140186915888,0.4850467289719626,0.9661016949152542,0.5205607476635514,Utilities,0.44704049844236765,0.9125876680303916
AXON,0.5955555555555555,0.1555555555555555,0.6367713004484304,0.0261682242990654,0.0616822429906542,0.2577777777777778,0.1046728971962616,Industrials,0.0641744548286604,0.41141504733432976
AXTA,0.1694915254237288,0.6610169491525424,0.6949152542372882,0.3280373831775701,0.2775700934579439,0.4915254237288136,0.6140186915887851,Basic Materials,0.40654205607476634,0.5042372881355932
AXTI,0.6063348416289592,0.0493273542600896,0.0403587443946188,0.9878504672897196,0.9878504672897196,0.116591928251121,0.9878504672897196,Technology,0.9878504672897196,0.20315321713369716
AYI,0.7822222222222223,0.6844444444444444,0.9461883408071748,0.3551401869158878,0.1420560747663551,0.7466666666666667,0.2579439252336448,Industrials,0.2517133956386292,0.789880418535127
AZO,0.2455089820359281,0.5662650602409639,0.703030303030303,0.2626168224299065,0.4224299065420561,0.8143712574850299,0.1373831775700934,Consumer Cyclical,0.27414330218068533,0.5822939006980562
AZZ,0.64,0.9733333333333334,0.3632286995515695,0.7532710280373832,0.7373831775700934,0.9155555555555556,0.794392523364486,Industrials,0.7616822429906541,0.7230293971101146
BA,0.5244444444444445,0.1155555555555555,0.0313901345291479,0.4327102803738318,0.4962616822429906,0.1822222222222222,0.3504672897196261,Industrials,0.4264797507788162,0.2134030891878425
BAH,0.0711111111111111,0.5377777777777778,0.9887892376681614,0.1448598130841121,0.2579439252336448,0.8444444444444444,0.0757009345794392,Industrials,0.1595015576323987,0.6105306427503737
BALL,0.5748502994011976,0.3253012048192771,0.103030303030303,0.3373831775700934,0.5280373831775701,0.4131736526946107,0.5841121495327103,Consumer Cyclical,0.4831775700934579,0.35408886498634706
BATRK,0.2391304347826087,0.0333333333333333,0.1860465116279069,0.4121495327102804,0.7205607476635514,0.1956521739130435,0.7467289719626168,Communication Services,0.6264797507788162,0.1635406134142231
BAX,0.1688311688311688,0.4285714285714285,0.1893939393939394,0.0700934579439252,0.4065420560747663,0.3141025641025641,0.4009345794392523,Healthcare,0.29252336448598126,0.27522477522477523
BBIO,0.0162337662337662,0.0857142857142857,0.7954545454545454,0.7934579439252336,0.3299065420560748,0.0384615384615384,0.3775700934579439,Healthcare,0.5003115264797507,0.23396603396603394
BBWI,0.0359281437125748,0.8072289156626506,0.8909090909090909,0.0654205607476635,0.2485981308411215,0.8862275449101796,0.3439252336448598,Consumer Cyclical,0.21931464174454826,0.6550734237986241
BBY,0.7724550898203593,0.2951807228915662,0.9090909090909092,0.2682242990654205,0.2205607476635514,0.6287425149700598,0.602803738317757,Consumer Cyclical,0.36386292834890965,0.6513673091932236
BC,0.467065868263473,0.463855421686747,0.3757575757575757,0.7065420560747664,0.4906542056074766,0.0838323353293413,0.5794392523364486,Consumer Cyclical,0.5922118380062305,0.34762780025928425
BCC,0.6949152542372882,0.2203389830508474,0.864406779661017,0.1514018691588785,0.222429906542056,0.3728813559322034,0.2757009345794392,Basic Materials,0.21651090342679125,0.538135593220339
BCO,0.0622222222222222,0.5955555555555555,0.4394618834080717,0.5383177570093458,0.2373831775700934,0.2311111111111111,0.1616822429906542,Industrials,0.31246105919003114,0.33208769307424013
BCPC,0.8305084745762712,0.864406779661017,0.6779661016949152,0.3691588785046729,0.4523364485981308,0.8305084745762712,0.4102803738317757,Basic Materials,0.4105919003115264,0.8008474576271186
BCRX,0.0162337662337662,0.9642857142857144,0.9886363636363636,0.1757009345794392,0.6289719626168224,0.016025641025641,0.7168224299065421,Healthcare,0.5071651090342679,0.4962953712953713
BDC,0.2126696832579185,0.1973094170403587,0.5067264573991032,0.2859813084112149,0.2588785046728972,0.5739910313901345,0.3411214953271028,Technology,0.29532710280373825,0.3726741472718787
BDX,0.3246753246753247,0.5928571428571429,0.25,0.4514018691588785,0.3560747663551402,0.4807692307692308,0.2747663551401869,Healthcare,0.3607476635514018,0.4120754245754246
BE,0.0533333333333333,0.56,0.2780269058295964,0.9878504672897196,0.9878504672897196,0.1288888888888889,0.9878504672897196,Industrials,0.9878504672897196,0.25506228201295467
BEAM,0.6298701298701299,0.0357142857142857,,0.7822429906542057,0.502803738317757,0.3269230769230769,0.7663551401869159,Healthcare,0.6838006230529595,0.33083583083583085
BELFB,0.4389140271493212,0.3228699551569506,0.484304932735426,0.9485981308411215,0.8822429906542056,0.515695067264574,0.8878504672897196,Technology,0.9062305295950156,0.440445995576568
BEPC,0.8983050847457628,0.3793103448275862,0.0689655172413793,0.5448598130841121,0.4308411214953271,0.0254237288135593,0.3261682242990654,Utilities,0.43395638629283484,0.3430011689070719
BF-B,0.6307692307692307,0.9076923076923076,0.4,0.3635514018691588,0.2785046728971962,0.6615384615384615,0.3794392523364486,Consumer Defensive,0.34049844236760124,0.6499999999999999
BFAM,0.3832335329341317,0.6506024096385542,0.2,0.0373831775700934,0.0355140186915887,0.4491017964071856,0.0700934579439252,Consumer Cyclical,0.0476635514018691,0.42073443474496786
BFLY,0.8051948051948052,0.1428571428571428,0.1969696969696969,0.8897196261682243,0.7485981308411215,0.1538461538461538,0.9878504672897196,Healthcare,0.8753894080996885,0.3247169497169497
BG,0.5538461538461539,0.023076923076923,0.023076923076923,0.6981308411214954,0.7616822429906542,0.1846153846153846,0.4504672897196262,Consumer Defensive,0.636760124610592,0.19615384615384612
BHE,0.6334841628959276,0.147982062780269,0.1076233183856502,0.8990654205607477,0.9420560747663552,0.2331838565022421,0.9439252336448598,Technology,0.9283489096573209,0.2805683501410222
BHVN,0.1038961038961039,,,0.0813084112149532,0.205607476635514,0.016025641025641,0.811214953271028,Healthcare,0.36604361370716504,0.05996087246087245
BIIB,0.577922077922078,0.8285714285714286,0.3787878787878788,0.7214953271028037,0.5897196261682243,0.6410256410256411,0.6383177570093458,Healthcare,0.6498442367601246,0.6065767565767566
BILL,0.5429864253393665,0.6143497757847534,0.0986547085201793,0.1803738317757009,0.0429906542056074,0.1883408071748878,0.0504672897196261,Technology,0.09127725856697814,0.36108292920479673
BIO,0.6818181818181818,0.6,0.0681818181818181,0.5224299065420561,0.3457943925233644,0.4423076923076923,0.2504672897196262,Healthcare,0.3728971962616822,0.44807692307692304
BIPC,0.0847457627118644,0.9913793103448276,0.6206896551724138,0.3906542056074766,0.311214953271028,0.0508474576271186,0.2261682242990654,Utilities,0.30934579439252335,0.4369155464640561
BJ,0.5230769230769231,0.0923076923076923,0.8,0.1962616822429906,0.4121495327102804,0.5230769230769231,0.2467289719626168,Consumer Defensive,0.2850467289719626,0.48461538461538467
BKD,0.0324675324675324,0.2142857142857142,0.0984848484848484,0.8616822429906542,0.7252336448598131,0.3333333333333333,0.6915887850467289,Healthcare,0.7595015576323987,0.16964285714285707
BKE,0.5868263473053892,0.8795180722891566,0.9030303030303032,0.491588785046729,0.305607476635514,0.9700598802395208,0.1682242990654205,Consumer Cyclical,0.3218068535825545,0.8348586507160924
BKH,0.576271186440678,0.4655172413793103,0.293103448275862,0.6616822429906543,0.5588785046728972,0.559322033898305,0.5214953271028038,Utilities,0.5806853582554518,0.4735534774985388
BKNG,0.1616766467065868,0.9879518072289156,,0.1317757009345794,0.1102803738317757,0.9640718562874252,0.2046728971962617,Consumer Cyclical,0.14890965732087227,0.7045667700743091
BKR,0.4142857142857143,0.5142857142857142,0.6857142857142857,0.8037383177570093,0.8514018691588785,0.6714285714285714,0.505607476635514,Energy,0.7202492211838006,0.5714285714285714
BLD,0.1511111111111111,0.72,0.600896860986547,0.611214953271028,0.3448598130841122,0.64,0.2803738317757009,Industrials,0.4121495327102804,0.5280019930244145
BLDR,0.1422222222222222,0.3466666666666667,0.874439461883408,0.0747663551401869,0.0663551401869158,0.2355555555555555,0.0728971962616822,Industrials,0.07133956386292829,0.3997209765819631
BMI,,0.5739910313901345,0.6905829596412556,0.0130841121495327,0.0401869158878504,0.820627802690583,0.111214953271028,Technology,0.05482866043613704,0.695067264573991
BMRN,0.6363636363636364,0.8357142857142857,0.5075757575757576,0.311214953271028,0.4747663551401869,0.532051282051282,0.3803738317757009,Healthcare,0.3887850467289719,0.6279262404262405
BMY,0.1363636363636363,0.8571428571428571,0.6818181818181818,0.6280373831775701,0.6214953271028038,0.7756410256410257,0.4691588785046729,Healthcare,0.5728971962616823,0.6127414252414252
BOOT,0.7065868263473054,0.4156626506024096,0.5696969696969697,0.2635514018691589,0.1700934579439252,0.7005988023952096,0.3364485981308411,Consumer Cyclical,0.2566978193146417,0.5981363122604736
BOX,0.2398190045248869,0.7713004484304933,0.937219730941704,0.1252336448598131,0.1943925233644859,0.6816143497757847,0.219626168224299,Technology,0.17975077881619936,0.6574883834182172
BR,0.2217194570135746,0.4977578475336323,0.4080717488789238,0.0738317757009345,0.0448598130841121,0.8071748878923767,0.0457943925233644,Technology,0.054828660436136996,0.48368098532962683
BRC,0.9377777777777778,0.6355555555555555,0.937219730941704,0.597196261682243,0.4644859813084112,0.8266666666666667,0.4934579439252336,Industrials,0.518380062305296,0.8343049327354259
BRKR,0.4805194805194805,0.2357142857142857,0.3712121212121212,0.5009345794392523,0.4299065420560747,0.391025641025641,0.8364485981308412,Healthcare,0.5890965732087228,0.36961788211788216
BROS,0.6107784431137725,0.3975903614457831,0.1272727272727272,0.1532710280373831,0.1794392523364485,0.2275449101796407,0.7457943925233644,Consumer Cyclical,0.3595015576323987,0.3407966105029809
BRZE,0.7058823529411765,0.2511210762331838,0.8295964125560538,0.2392523364485981,0.0364485981308411,0.0403587443946188,0.0803738317757009,Technology,0.11869158878504671,0.4567396465312582
BSX,0.538961038961039,0.6928571428571428,0.5606060606060606,0.0411214953271028,0.0130841121495327,0.7628205128205128,0.0130841121495327,Healthcare,0.022429906542056066,0.6388111888111888
BSY,0.2895927601809955,0.8654708520179372,0.6367713004484304,0.0831775700934579,0.1915887850467289,0.6636771300448431,0.0514018691588785,Technology,0.10872274143302178,0.6138780106730515
BTSG,0.2012987012987013,0.3357142857142857,0.4090909090909091,0.9345794392523364,0.8859813084112149,0.6474358974358975,0.9476635514018692,Healthcare,0.9227414330218068,0.39838494838494837
BTU,0.9428571428571428,0.1571428571428571,0.2428571428571428,0.8336448598130841,0.1710280373831775,0.1428571428571428,0.122429906542056,Energy,0.37570093457943915,0.3714285714285714
BURL,0.2514970059880239,0.2349397590361445,0.7636363636363637,0.6794392523364486,0.6476635514018692,0.5449101796407185,0.6308411214953271,Consumer Cyclical,0.6526479750778816,0.44874582707531263
BW,0.2044444444444444,0.0666666666666666,0.5560538116591929,0.9878504672897196,0.9878504672897196,0.0355555555555555,0.9411214953271028,Industrials,0.9722741433021808,0.21568011958146482
BWA,0.7425149700598802,0.608433734939759,0.2666666666666666,0.8598130841121495,0.8168224299065421,0.2335329341317365,0.8663551401869158,Consumer Cyclical,0.8476635514018692,0.46278707644951056
BWXT,0.1466666666666666,0.5777777777777777,0.3677130044843049,0.688785046728972,0.6757009345794392,0.68,0.5065420560747663,Industrials,0.6236760124610591,0.4430393622321873
BYD,0.4850299401197604,0.3614457831325301,0.4909090909090909,0.3757009345794392,0.3046728971962616,0.9880239520958084,0.4336448598130841,Consumer Cyclical,0.3713395638629284,0.5813521915642974
CACI,0.1085972850678733,0.1928251121076233,0.0448430493273542,0.4065420560747663,0.2551401869158878,0.4753363228699551,0.1429906542056074,Technology,0.2682242990654205,0.20540044234320148
CAG,0.4615384615384615,0.4461538461538462,0.0769230769230769,0.0925233644859813,0.1476635514018691,0.1076923076923077,0.1327102803738317,Consumer Defensive,0.1242990654205607,0.27307692307692305
CAH,0.6428571428571429,0.2571428571428571,0.1590909090909091,0.5560747663551402,0.4373831775700935,0.5128205128205128,0.6934579439252336,Healthcare,0.5623052959501558,0.39297785547785546
CAKE,0.1736526946107784,0.3313253012048193,0.7151515151515152,0.3532710280373832,0.6682242990654206,0.4550898203592814,0.8644859813084113,Consumer Cyclical,0.6286604361370717,0.41880483283159853
CALM,0.9923076923076924,0.8923076923076924,0.5076923076923077,0.1579439252336448,0.2700934579439252,0.953846153846154,0.2831775700934579,Consumer Defensive,0.23707165109034264,0.8365384615384616
CALX,0.9140271493212668,0.3139013452914798,0.9237668161434978,0.1654205607476635,0.0785046728971962,0.3497757847533632,0.0448598130841121,Technology,0.0962616822429906,0.625367773877402
CALY,0.8383233532934131,0.7108433734939759,0.1696969696969697,0.8457943925233645,0.77196261682243,0.0658682634730539,0.874766355140187,Consumer Cyclical,0.8308411214953271,0.44618298998935313
CAR,0.0155555555555555,0.0155555555555555,0.6860986547085202,0.4869158878504673,0.708411214953271,0.0888888888888888,0.7560747663551401,Industrials,0.6504672897196261,0.20152466367713
CARG,0.6287425149700598,0.9879518072289156,0.987878787878788,0.1981308411214953,0.0803738317757009,0.9880239520958084,0.2074766355140186,Consumer Cyclical,0.16199376947040492,0.8981492655433929
CARR,0.3955555555555555,0.4666666666666667,0.2331838565022421,0.2252336448598131,0.6598130841121496,0.2977777777777777,0.7364485981308411,Industrials,0.5404984423676013,0.3482959641255605
CART,0.9880239520958084,0.963855421686747,0.9515151515151516,0.2467289719626168,0.2523364485981308,0.8622754491017964,0.6691588785046729,Consumer Cyclical,0.3894080996884735,0.9414174935998759
CASY,0.6826347305389222,0.3072289156626506,0.6909090909090909,0.7831775700934579,0.8588785046728972,0.6467065868263473,0.8074766355140187,Consumer Cyclical,0.8165109034267912,0.5818698309842527
CAT,0.1822222222222222,0.6311111111111111,0.5695067264573991,0.9205607476635514,0.8700934579439252,0.7555555555555555,0.9018691588785048,Industrials,0.8975077881619938,0.534598903836572
CAVA,0.6526946107784432,0.2289156626506024,0.3454545454545454,0.4149532710280373,0.8345794392523365,0.3652694610778443,0.6130841121495327,Consumer Cyclical,0.6208722741433021,0.39808356999035877
CBT,0.3898305084745763,0.7966101694915254,0.711864406779661,0.416822429906542,0.6495327102803738,0.711864406779661,0.7495327102803738,Basic Materials,0.6052959501557632,0.6525423728813559
CC,0.0677966101694915,0.3728813559322034,0.3050847457627119,0.8775700934579439,0.9345794392523364,0.1186440677966101,0.680373831775701,Basic Materials,0.8308411214953271,0.21610169491525422
CCK,0.4491017964071856,0.5542168674698795,0.2424242424242424,0.2654205607476635,0.3289719626168224,0.4610778443113772,0.4785046728971963,Consumer Cyclical,0.3576323987538941,0.4267051876531712
CCL,0.3473053892215569,0.7650602409638554,0.303030303030303,0.4420560747663551,0.3074766355140187,0.5209580838323353,0.3906542056074766,Consumer Cyclical,0.38006230529595014,0.48408850426201266
CDE,0.9491525423728814,0.9661016949152542,0.3389830508474576,0.8728971962616823,0.4757009345794392,0.7627118644067796,0.1738317757009345,Basic Materials,0.5074766355140187,0.7542372881355932
CDNS,0.4117647058823529,0.7399103139013453,0.7623318385650224,0.5242990654205607,0.616822429906542,0.7309417040358744,0.697196261682243,Technology,0.612772585669782,0.6612371405961488
CDW,0.2579185520361991,0.1883408071748878,0.5291479820627802,0.0682242990654205,0.111214953271028,0.5605381165919282,0.3018691588785047,Technology,0.16043613707165105,0.3839863644664488
CE,0.0847457627118644,0.6440677966101694,0.1864406779661017,0.3177570093457944,0.7140186915887851,0.135593220338983,0.305607476635514,Basic Materials,0.44579439252336445,0.2627118644067796
CECO,0.5555555555555556,0.1244444444444444,0.726457399103139,0.9457943925233644,0.7925233644859813,0.1866666666666666,0.9233644859813084,Industrials,0.887227414330218,0.3982810164424514
CEG,0.9661016949152542,0.8620689655172413,0.4827586206896552,0.2663551401869158,0.1551401869158878,0.9915254237288136,0.1542056074766355,Utilities,0.19190031152647968,0.8256136762127411
CENTA,0.4769230769230769,0.5230769230769231,0.3692307692307692,0.4635514018691589,0.6504672897196262,0.3846153846153846,0.7439252336448599,Consumer Defensive,0.6193146417445483,0.43846153846153846
CENX,0.6271186440677966,0.288135593220339,0.3728813559322034,0.966355140186916,0.9289719626168224,0.9491525423728814,0.4728971962616822,Basic Materials,0.7894080996884735,0.5593220338983051
CF,0.5932203389830508,0.9152542372881356,0.6101694915254238,0.5514018691588785,0.883177570093458,0.9152542372881356,0.4411214953271028,Basic Materials,0.6252336448598131,0.7584745762711864
CGNX,0.8371040723981901,0.695067264573991,0.6322869955156951,0.8953271028037383,0.92803738317757,0.6053811659192825,0.8448598130841122,Technology,0.8894080996884735,0.6924598746017897
CGON,0.9415584415584416,0.0178571428571428,0.0189393939393939,0.9271028037383178,0.9158878504672896,0.2115384615384615,0.7981308411214953,Healthcare,0.8803738317757009,0.29747335997335994
CHD,0.7692307692307693,0.8153846153846154,0.4307692307692308,0.3308411214953271,0.608411214953271,0.6,0.4831775700934579,Consumer Defensive,0.47414330218068534,0.6538461538461539
CHDN,0.1676646706586826,0.8192771084337349,0.0969696969696969,0.2130841121495327,0.0990654205607476,0.4850299401197604,0.2102803738317757,Consumer Cyclical,0.17414330218068533,0.3922353540454687
CHE,0.6558441558441559,0.65,0.8409090909090909,0.1607476635514018,0.4560747663551401,0.9294871794871796,0.4317757009345794,Healthcare,0.34953271028037375,0.7690601065601066
CHEF,0.2307692307692307,0.1846153846153846,0.7538461538461538,0.5841121495327103,0.7093457943925233,0.3384615384615385,0.888785046728972,Consumer Defensive,0.7274143302180685,0.3769230769230769
CHH,0.1497005988023952,0.4879518072289157,0.4242424242424242,0.2476635514018691,0.6644859813084112,0.7964071856287425,0.5345794392523364,Consumer Cyclical,0.4822429906542056,0.4645755039756194
CHRD,0.9142857142857144,0.5571428571428572,0.1571428571428571,0.6953271028037383,0.8943925233644859,0.2142857142857142,0.6588785046728972,Energy,0.7495327102803738,0.46071428571428574
CHRW,0.4622222222222222,0.2844444444444444,0.672645739910314,0.8579439252336448,0.5383177570093458,0.8311111111111111,0.5785046728971963,Industrials,0.6582554517133956,0.5626058794220229
CHTR,0.1739130434782608,0.3555555555555555,0.4651162790697674,0.0130841121495327,0.0841121495327102,0.4782608695652174,0.0261682242990654,Communication Services,0.04112149532710277,0.36821143691720026
CHWY,0.9161676646706588,0.3373493975903614,0.987878787878788,0.0130841121495327,0.0261682242990654,0.6107784431137725,0.0130841121495327,Consumer Cyclical,0.0174454828660436,0.7130435733133952
CI,0.6103896103896104,0.3,0.1439393939393939,0.2439252336448598,0.4626168224299065,0.5833333333333334,0.3822429906542056,Healthcare,0.3629283489096573,0.40941558441558445
CIEN,0.3936651583710407,0.42152466367713,0.7309417040358744,0.9878504672897196,0.9878504672897196,0.6188340807174888,0.9046728971962616,Technology,0.9601246105919002,0.5412414017003835
CIFR,0.0158371040723981,0.0156950672645739,0.0156950672645739,0.9878504672897196,0.819626168224299,0.0156950672645739,0.9345794392523364,Technology,0.914018691588785,0.01573057646652995
CL,0.2615384615384615,0.8615384615384616,0.9692307692307692,0.3803738317757009,0.6588785046728972,0.8,0.5682242990654206,Consumer Defensive,0.5358255451713396,0.7230769230769231
CLF,0.2372881355932203,0.0847457627118644,0.0254237288135593,0.7373831775700934,0.1822429906542056,0.1016949152542373,0.2794392523364486,Basic Materials,0.3996884735202492,0.11228813559322032
CLH,0.24,0.4533333333333333,0.6412556053811659,0.5672897196261683,0.6672897196261682,0.4577777777777778,0.6037383177570094,Industrials,0.612772585669782,0.44809167912306924
CLMT,0.0254237288135593,0.1864406779661017,0.1694915254237288,0.8738317757009346,0.9102803738317756,0.0677966101694915,0.8308411214953271,Basic Materials,0.8716510903426791,0.11228813559322033
CLOV,0.9675324675324676,0.2785714285714286,0.9015151515151516,0.505607476635514,0.8065420560747664,0.282051282051282,0.9878504672897196,Healthcare,0.7666666666666666,0.6074175824175825
CLX,0.0461538461538461,0.3384615384615385,0.7076923076923077,0.1710280373831775,0.3766355140186916,0.7846153846153846,0.1859813084112149,Consumer Defensive,0.24454828660436134,0.46923076923076923
CMC,0.3466666666666667,0.2666666666666666,0.273542600896861,0.7140186915887851,0.4467289719626168,0.4755555555555555,0.491588785046729,Industrials,0.5507788161993769,0.3406078724464374
CMCSA,0.4130434782608695,0.5111111111111111,0.6511627906976745,0.1663551401869158,0.2682242990654205,0.782608695652174,0.1336448598130841,Communication Services,0.1894080996884735,0.5894815189304573
CMG,0.2634730538922156,0.7951807228915663,0.5393939393939394,0.0598130841121495,0.2299065420560747,0.9161676646706588,0.1794392523364485,Consumer Cyclical,0.15638629283489092,0.628553845212095
CMI,0.6577777777777778,0.4844444444444444,0.6322869955156951,0.8803738317757009,0.7411214953271028,0.6666666666666666,0.8205607476635514,Industrials,0.8140186915887851,0.610293971101146
CMS,0.2711864406779661,0.1724137931034483,0.5,0.4271028037383177,0.5037383177570094,0.6271186440677966,0.4308411214953271,Utilities,0.4538940809968848,0.3926797194623028
CNC,0.6038961038961039,0.3571428571428571,0.2348484848484848,0.3878504672897196,0.8429906542056075,0.3012820512820512,0.911214953271028,Healthcare,0.7140186915887851,0.3742923742923743
CNK,0.108695652173913,0.3777777777777777,0.8372093023255814,0.1859813084112149,0.6981308411214954,0.5217391304347826,0.7962616822429907,Communication Services,0.5601246105919003,0.4613554656780137
CNM,0.2711111111111111,0.4888888888888889,0.8116591928251121,0.1747663551401869,0.2308411214953271,0.6088888888888889,0.216822429906542,Industrials,0.20747663551401865,0.5451370204285002
CNP,0.1186440677966101,0.1206896551724138,0.5517241379310345,0.5280373831775701,0.6,0.3559322033898305,0.5336448598130841,Utilities,0.5538940809968848,0.2867475160724722
CNR,0.9571428571428572,0.3714285714285714,0.0214285714285714,0.5214953271028038,0.3233644859813084,0.1857142857142857,0.2588785046728972,Energy,0.36791277258566984,0.3839285714285714
CNX,0.5,0.8714285714285714,0.5857142857142857,0.3579439252336449,0.3523364485981308,0.9571428571428572,0.2448598130841121,Energy,0.3183800623052959,0.7285714285714286
COCO,0.9692307692307692,0.6153846153846154,0.7692307692307693,0.8981308411214953,0.8560747663551402,0.9230769230769232,0.922429906542056,Consumer Defensive,0.8922118380062306,0.8192307692307693
COGT,0.487012987012987,,,0.9878504672897196,0.214018691588785,0.1025641025641025,0.694392523364486,Healthcare,0.6320872274143302,0.29478854478854477
COHR,0.5113122171945701,0.0582959641255605,0.147982062780269,0.9878504672897196,0.9691588785046727,0.3273542600896861,0.9570093457943926,Technology,0.9713395638629283,0.26123612604752144
COHU,0.3755656108597285,0.273542600896861,0.1748878923766816,0.9252336448598132,0.9495327102803738,0.0896860986547085,0.9878504672897196,Technology,0.9542056074766355,0.2284205506969949
COKE,0.0615384615384615,0.5076923076923077,0.953846153846154,0.7850467289719626,0.514018691588785,0.8769230769230769,0.6224299065420561,Consumer Defensive,0.6404984423676012,0.6
COLM,0.8622754491017964,0.3915662650602409,0.896969696969697,0.3626168224299065,0.5728971962616822,0.5329341317365269,0.6523364485981309,Consumer Cyclical,0.5292834890965732,0.6709363857170654
COO,0.6168831168831169,0.5785714285714286,0.303030303030303,0.2383177570093458,0.1233644859813084,0.4615384615384615,0.2336448598130841,Healthcare,0.19844236760124612,0.49000582750582755
COP,0.7428571428571429,0.6,0.4571428571428571,0.6196261682242991,0.7663551401869159,0.6,0.4897196261682243,Energy,0.6252336448598131,0.6
COR,0.6688311688311688,0.2214285714285714,0.1363636363636363,0.2420560747663551,0.1429906542056074,0.5256410256410257,0.1831775700934579,Healthcare,0.18940809968847347,0.3880661005661006
CORZ,0.0316742081447963,0.0313901345291479,0.0156950672645739,0.8841121495327103,0.9186915887850468,0.0156950672645739,0.9252336448598132,Technology,0.9093457943925234,0.023613619300773
COST,0.9076923076923076,0.2769230769230769,0.6307692307692307,0.4018691588785046,0.705607476635514,0.6923076923076923,0.3635514018691588,Consumer Defensive,0.49034267912772583,0.6269230769230769
CPAY,0.2171945701357466,0.7757847533632287,0.1300448430493273,0.4261682242990654,0.6140186915887851,0.4035874439461883,0.5570093457943925,Technology,0.532398753894081,0.3816529026236227
CPB,0.3076923076923077,0.4307692307692308,0.2307692307692307,0.0878504672897196,0.0850467289719626,0.3538461538461538,0.1233644859813084,Consumer Defensive,0.09875389408099687,0.33076923076923076
CPNG,0.718562874251497,0.0963855421686747,0.8424242424242424,0.0364485981308411,0.0626168224299065,0.1137724550898203,0.0747663551401869,Consumer Cyclical,0.05794392523364483,0.44278627848355856
CPRT,0.9688888888888888,0.9888888888888888,0.4932735426008968,0.1121495327102803,0.2327102803738317,0.9288888888888888,0.0915887850467289,Industrials,0.14548286604361363,0.8449850523168908
CR,0.4888888888888889,0.7955555555555556,0.6681614349775785,0.314018691588785,0.3271028037383177,0.6977777777777778,0.6654205607476635,Industrials,0.43551401869158873,0.6625959142999502
CRC,0.7285714285714285,0.8571428571428571,0.8428571428571429,0.6504672897196262,0.8186915887850468,0.0571428571428571,0.3130841121495327,Energy,0.5940809968847353,0.6214285714285714
CRGY,0.2,0.5857142857142857,0.9142857142857144,0.7009345794392523,0.9065420560747663,0.1142857142857142,0.4289719626168224,Energy,0.6788161993769469,0.45357142857142857
CRK,0.2428571428571428,0.0714285714285714,0.1714285714285714,0.0130841121495327,0.0467289719626168,0.8428571428571429,0.0411214953271028,Energy,0.0336448598130841,0.33214285714285713
CRL,0.2467532467532467,0.5142857142857142,0.2196969696969697,0.4009345794392523,0.1766355140186916,0.3461538461538461,0.4663551401869159,Healthcare,0.34797507788161997,0.3317224442224442
CRM,0.2036199095022624,0.905829596412556,0.5246636771300448,0.0943925233644859,0.0551401869158878,0.6143497757847534,0.0523364485981308,Technology,0.06728971962616817,0.5621157397074041
CRNX,0.8506493506493507,0.0178571428571428,0.0189393939393939,0.5401869158878505,0.1785046728971962,0.0961538461538461,0.1719626168224299,Healthcare,0.2968847352024922,0.24589993339993338
CROX,0.5568862275449101,0.8433734939759037,0.8242424242424242,0.4336448598130841,0.6990654205607477,0.0898203592814371,0.8476635514018691,Consumer Cyclical,0.6601246105919003,0.5785806262611688
CRS,0.76,0.7511111111111111,0.6233183856502242,0.8084112149532711,0.7878504672897196,0.8888888888888888,0.9420560747663552,Industrials,0.8461059190031154,0.7558295964125561
CRUS,0.7420814479638009,0.8699551569506726,0.757847533632287,0.7588785046728972,0.802803738317757,0.8609865470852018,0.6682242990654206,Technology,0.7433021806853581,0.8077176714079906
CRWD,0.7104072398190046,0.7937219730941704,0.600896860986547,0.6485981308411215,0.7850467289719626,0.179372197309417,0.8738317757009346,Technology,0.7691588785046729,0.5710995678022848
CSCO,0.4298642533936652,0.5874439461883408,0.5426008968609866,0.8299065420560747,0.8785046728971962,0.7085201793721974,0.9037383177570092,Technology,0.8707165109034268,0.5671073189537974
CSL,0.1377777777777777,0.9022222222222224,0.7399103139013453,0.2747663551401869,0.4364485981308411,0.8355555555555556,0.405607476635514,Industrials,0.3722741433021806,0.6538664673642253
CSX,0.1955555555555555,0.7555555555555555,0.1300448430493273,0.702803738317757,0.7271028037383177,0.5955555555555555,0.7289719626168224,Industrials,0.7196261682242989,0.4191778774289985
CTAS,0.5288888888888889,0.84,0.968609865470852,0.1588785046728972,0.2803738317757009,0.9888888888888888,0.2317757009345794,Industrials,0.22367601246105914,0.8315969108121575
CTOS,0.0444444444444444,0.0755555555555555,0.1524663677130044,0.8542056074766355,0.8728971962616823,0.1111111111111111,0.9327102803738316,Industrials,0.8866043613707165,0.09589436970602885
CTRI,0.6949152542372882,0.7413793103448276,0.7586206896551724,0.7149532710280374,0.6457943925233645,0.1525423728813559,0.6074766355140186,Utilities,0.6560747663551402,0.586864406779661
CTSH,0.746606334841629,0.336322869955157,0.6143497757847534,0.105607476635514,0.0299065420560747,0.7488789237668162,0.0130841121495327,Technology,0.049532710280373794,0.6115394760870889
CTVA,0.9152542372881356,0.7627118644067796,0.6271186440677966,0.4046728971962617,0.6663551401869159,0.3050847457627119,0.5663551401869159,Basic Materials,0.5457943925233645,0.652542372881356
CVI,0.1571428571428571,0.2142857142857142,0.3,0.4785046728971963,0.6065420560747663,0.1714285714285714,0.1925233644859813,Energy,0.4258566978193146,0.2107142857142857
CVLT,0.0995475113122171,0.6053811659192825,0.8475336322869955,0.0607476635514018,0.2,0.358744394618834,0.4392523364485981,Technology,0.2333333333333333,0.47780167603433227
CVNA,0.5449101796407185,0.253012048192771,0.5454545454545454,0.3327102803738317,0.0607476635514018,0.7604790419161677,0.1934579439252336,Consumer Cyclical,0.19563862928348905,0.5259639538010507
CVS,0.3896103896103896,0.2642857142857143,0.3106060606060606,0.705607476635514,0.7009345794392523,0.4166666666666667,0.8102803738317756,Healthcare,0.7389408099688474,0.34529220779220776
CVSA,0.7230769230769231,0.8461538461538461,0.5538461538461539,0.3205607476635514,0.7214953271028037,0.6461538461538462,0.4448598130841121,Consumer Defensive,0.4956386292834891,0.6923076923076924
CVX,0.8714285714285714,0.4857142857142857,0.7571428571428571,0.625233644859813,0.7598130841121495,0.4142857142857143,0.4457943925233645,Energy,0.6102803738317757,0.6321428571428571
CW,0.72,0.8488888888888889,0.6591928251121076,0.7439252336448599,0.7766355140186916,0.76,0.7542056074766356,Industrials,0.7582554517133957,0.7470204285002491
CWAN,0.334841628959276,0.5112107623318386,0.2152466367713004,0.4700934579439252,0.5785046728971963,0.1345291479820627,0.594392523364486,Technology,0.5476635514018692,0.29895704401111944
CWEN,0.0254237288135593,0.9913793103448276,0.1034482758620689,0.5738317757009346,0.6766355140186916,0.1016949152542373,0.4635514018691589,Utilities,0.5713395638629283,0.30548655756867327
CWST,0.3022222222222222,0.3111111111111111,0.4260089686098655,0.1280373831775701,0.2242990654205607,0.1333333333333333,0.2710280373831775,Industrials,0.20778816199376945,0.29316890881913305
CWT,0.9491525423728814,0.2241379310344827,0.7758620689655172,0.2906542056074766,0.4102803738317757,0.3050847457627119,0.4373831775700935,Utilities,0.37943925233644854,0.5635593220338982
CXT,0.2177777777777777,0.68,0.515695067264574,0.1261682242990654,0.2177570093457944,0.32,0.2093457943925233,Industrials,0.18442367601246104,0.4333682112605879
CXW,0.2266666666666666,0.1688888888888889,0.3004484304932735,0.3542056074766355,0.525233644859813,0.3244444444444444,0.9158878504672896,Industrials,0.598442367601246,0.2551121076233184
CYTK,0.0162337662337662,0.0178571428571428,0.0189393939393939,0.9177570093457944,0.7261682242990655,0.0448717948717948,0.7934579439252336,Healthcare,0.8124610591900311,0.024475524475524427
CZR,0.1077844311377245,0.3192771084337349,0.1818181818181818,0.3186915887850467,0.6411214953271028,0.1077844311377245,0.7336448598130841,Consumer Cyclical,0.5644859813084112,0.17916603813184143
D,0.5254237288135594,0.0689655172413793,0.1379310344827586,0.6121495327102804,0.6308411214953271,0.4745762711864407,0.6411214953271028,Utilities,0.6280373831775701,0.3017241379310345
DAL,0.6488888888888888,0.3733333333333333,0.3946188340807174,0.7747663551401869,0.5420560747663551,0.48,0.8317757009345794,Industrials,0.7161993769470406,0.4742102640757349
DAN,0.8023952095808383,0.144578313253012,0.0424242424242424,0.8691588785046729,0.8327102803738318,0.9221556886227544,0.4149532710280373,Consumer Cyclical,0.7056074766355139,0.4778883634702118
DAR,0.4307692307692308,0.4923076923076923,0.123076923076923,0.7252336448598131,0.9074766355140188,0.2461538461538461,0.6813084112149532,Consumer Defensive,0.7713395638629285,0.32307692307692304
DASH,0.8982035928143712,0.7891566265060241,0.6060606060606061,0.1158878504672897,0.0588785046728971,0.3952095808383233,0.1560747663551402,Consumer Cyclical,0.11028037383177565,0.6721576015548312
DBD,0.4343891402714932,0.2152466367713004,0.3901345291479821,0.6757009345794392,0.5242990654205607,0.3183856502242152,0.7177570093457943,Technology,0.6392523364485981,0.33953898910374775
DBX,0.0158371040723981,0.9461883408071748,0.9461883408071748,0.2766355140186916,0.3504672897196261,0.8565022421524664,0.3271028037383177,Technology,0.3180685358255451,0.6911790069598035
DCI,0.7422222222222222,0.6,0.9103139013452914,0.5345794392523364,0.2635514018691589,0.9111111111111112,0.2897196261682243,Industrials,0.3626168224299065,0.7909118086696563
DCO,0.5155555555555555,0.0844444444444444,0.42152466367713,0.8214953271028037,0.8794392523364486,0.0933333333333333,0.8766355140186916,Industrials,0.8591900311526479,0.2787144992526158
DD,0.7457627118644068,0.1694915254237288,0.2542372881355932,0.8121495327102803,0.6551401869158878,0.2372881355932203,0.6009345794392523,Basic Materials,0.6894080996884734,0.35169491525423724
DDOG,0.5475113122171946,0.7443946188340808,0.7713004484304933,0.8009345794392523,0.8841121495327103,0.2600896860986547,0.8962616822429906,Technology,0.860436137071651,0.5808240163951057
DE,0.0666666666666666,0.4933333333333333,0.2556053811659193,0.3560747663551402,0.6037383177570094,0.3955555555555555,0.6336448598130842,Industrials,0.5311526479750779,0.3027902341803687
DECK,0.9580838323353292,0.9457831325301204,0.9575757575757576,0.3364485981308411,0.4448598130841121,0.9880239520958084,0.3672897196261682,Consumer Cyclical,0.3828660436137071,0.9623666686342539
DELL,0.3529411764705882,0.2376681614349775,0.336322869955157,0.888785046728972,0.9626168224299064,0.6547085201793722,0.9878504672897196,Technology,0.946417445482866,0.39541018201002376
DFTX,0.7402597402597403,,,0.955140186915888,0.930841121495327,0.0576923076923076,0.9878504672897196,Healthcare,0.9579439252336449,0.39897602397602394
DG,0.2,0.3230769230769231,0.5846153846153846,0.2934579439252336,0.1345794392523364,0.4153846153846154,0.2822429906542056,Consumer Defensive,0.23676012461059184,0.38076923076923075
DGII,0.6153846153846154,0.757847533632287,0.5605381165919282,0.8551401869158879,0.8420560747663551,0.4125560538116592,0.8934579439252337,Technology,0.8635514018691589,0.5865815798551224
DGX,0.2727272727272727,0.5571428571428572,0.3333333333333333,0.4289719626168224,0.5841121495327103,0.7051282051282052,0.4626168224299065,Healthcare,0.4919003115264797,0.4670829170829171
DHI,0.8562874251497006,0.7168674698795181,0.3272727272727272,0.4878504672897196,0.3467289719626168,0.6766467065868264,0.4121495327102804,Consumer Cyclical,0.41557632398753896,0.6442685822221931
DHR,0.5844155844155844,0.7857142857142857,0.2121212121212121,0.2205607476635514,0.1327102803738317,0.6217948717948718,0.1915887850467289,Healthcare,0.181619937694704,0.5510114885114885
DINO,0.7714285714285715,0.3428571428571428,0.5285714285714286,0.7953271028037383,0.8485981308411215,0.7285714285714285,0.7224299065420561,Energy,0.788785046728972,0.5928571428571429
DIOD,0.8099547511312217,0.2690582959641255,0.273542600896861,0.8420560747663551,0.9439252336448598,0.3542600896860987,0.9448598130841122,Technology,0.9102803738317756,0.4267039344195767
DIS,0.6739130434782609,0.3333333333333333,0.3720930232558139,0.222429906542056,0.3,0.717391304347826,0.308411214953271,Communication Services,0.2769470404984424,0.5241826761038085
DK,0.2285714285714285,0.3142857142857143,0.2,0.8672897196261682,0.8009345794392523,0.2,0.7009345794392523,Energy,0.7897196261682242,0.2357142857142857
DKNG,0.4610778443113772,0.6445783132530121,0.8545454545454545,0.0635514018691588,0.105607476635514,0.1736526946107784,0.1485981308411215,Consumer Cyclical,0.10591900311526477,0.5334635766801555
DKS,0.5089820359281437,0.1566265060240964,0.5636363636363636,0.6102803738317757,0.5112149532710281,0.4790419161676646,0.6214953271028038,Consumer Cyclical,0.5809968847352026,0.42707170543906703
DLB,0.9644444444444444,0.9288888888888888,0.8430493273542601,0.1345794392523364,0.1747663551401869,0.6444444444444445,0.1308411214953271,Industrials,0.1467289719626168,0.8452067762830096
DLTR,0.123076923076923,0.4615384615384615,0.8153846153846154,0.3009345794392523,0.1149532710280373,0.676923076923077,0.4327102803738318,Consumer Defensive,0.28286604361370715,0.5192307692307692
DNLI,0.8961038961038961,,,0.6682242990654206,0.6327102803738318,0.0833333333333333,0.8551401869158879,Healthcare,0.7186915887850468,0.48971861471861466
DNOW,0.7644444444444445,0.1777777777777777,0.210762331838565,0.1906542056074766,0.3532710280373832,0.0755555555555555,0.3308411214953271,Industrials,0.29158878504672897,0.30713502740408566
DOCN,0.0723981900452488,0.1569506726457399,0.3856502242152466,0.9878504672897196,0.9878504672897196,0.7354260089686099,0.9878504672897196,Technology,0.9878504672897196,0.3376062739687113
DOCS,0.9285714285714286,0.9892857142857144,0.8106060606060606,0.0130841121495327,0.0130841121495327,0.935897435897436,0.0130841121495327,Healthcare,0.0130841121495327,0.9160901598401598
DOCU,0.7782805429864253,0.8968609865470852,0.9327354260089686,0.0803738317757009,0.0710280373831775,0.6502242152466368,0.0598130841121495,Technology,0.07040498442367597,0.8145252926972789
DORM,0.8263473053892215,0.2590361445783132,0.5757575757575758,0.2943925233644859,0.3149532710280374,0.6227544910179641,0.3719626168224299,Consumer Cyclical,0.32710280373831774,0.5709738791857686
DOV,0.6355555555555555,0.7644444444444445,0.5964125560538116,0.5112149532710281,0.5102803738317757,0.6888888888888889,0.6233644859813084,Industrials,0.5482866043613708,0.6713253612356751
DOW,0.423728813559322,0.135593220338983,0.0847457627118644,0.6401869158878505,0.8850467289719626,0.1525423728813559,0.4495327102803738,Basic Materials,0.6582554517133956,0.19915254237288132
DOX,0.583710407239819,0.4035874439461883,0.4260089686098655,0.102803738317757,0.1523364485981308,0.6905829596412556,0.0542056074766355,Technology,0.10311526479750777,0.5259724448592821
DPZ,0.0179640718562874,0.8253012048192772,0.987878787878788,0.111214953271028,0.102803738317757,0.9880239520958084,0.0672897196261682,Consumer Cyclical,0.0937694704049844,0.7047920041625402
DRI,0.4191616766467065,0.5481927710843374,0.3151515151515151,0.2317757009345794,0.4672897196261682,0.6586826347305389,0.5551401869158878,Consumer Cyclical,0.41806853582554515,0.4852971494032745
DRS,0.9155555555555556,0.4977777777777777,0.4887892376681614,0.3448598130841122,0.7794392523364486,0.5733333333333334,0.616822429906542,Industrials,0.5803738317757009,0.618863976083707
DRVN,0.1796407185628742,0.4939759036144578,0.3818181818181818,0.1560747663551402,0.2355140186915887,0.4431137724550898,0.1813084112149532,Consumer Cyclical,0.19096573208722736,0.37463714411265087
DT,0.832579185520362,0.7533632286995515,0.7040358744394619,0.114018691588785,0.2420560747663551,0.3721973094170404,0.297196261682243,Technology,0.21775700934579437,0.665543899519104
DTE,0.1864406779661017,0.603448275862069,0.3620689655172414,0.4429906542056074,0.5906542056074766,0.3728813559322034,0.5429906542056074,Utilities,0.5255451713395639,0.38120981881940386
DTM,0.3285714285714285,0.9571428571428572,0.3857142857142857,0.6906542056074766,0.7383177570093458,0.5,0.7252336448598131,Energy,0.7180685358255451,0.5428571428571429
DUK,0.3559322033898305,0.5689655172413793,0.396551724137931,0.4476635514018691,0.5289719626168224,0.5254237288135594,0.3953271028037383,Utilities,0.4573208722741433,0.46171829339567505
DUOL,0.7918552036199095,0.937219730941704,0.7174887892376681,0.0130841121495327,0.0130841121495327,0.9282511210762332,0.0906542056074766,Technology,0.038940809968847336,0.8437037112188787
DVA,0.0649350649350649,0.5428571428571428,0.3863636363636363,0.7046728971962617,0.9205607476635514,0.6282051282051282,0.9065420560747663,Healthcare,0.8439252336448598,0.405590243090243
DVN,0.5428571428571428,0.6857142857142857,0.4428571428571428,0.677570093457944,0.7654205607476635,0.7142857142857143,0.5327102803738317,Energy,0.6585669781931464,0.5964285714285714
DXCM,0.5974025974025974,0.9142857142857144,0.7878787878787878,0.2308411214953271,0.5514018691588785,0.8974358974358975,0.3962616822429906,Healthcare,0.39283489096573204,0.7992507492507492
DY,0.1288888888888889,0.4266666666666667,0.5022421524663677,0.8205607476635514,0.694392523364486,0.44,0.814018691588785,Industrials,0.7763239875389408,0.37444942700548084
DYN,0.6493506493506493,,,0.7925233644859813,0.314018691588785,0.0897435897435897,0.6710280373831776,Healthcare,0.5925233644859813,0.3695471195471195
EA,0.9130434782608696,0.8888888888888888,0.7906976744186046,0.6383177570093458,0.3953271028037383,0.7608695652173914,0.3915887850467289,Communication Services,0.4750778816199377,0.8383749016964386
EAT,0.1976047904191616,0.6204819277108434,0.6121212121212121,0.1355140186915887,0.2738317757009346,0.934131736526946,0.6794392523364486,Consumer Cyclical,0.3629283489096573,0.5910849166945409
EBAY,0.5508982035928144,0.8373493975903614,0.6787878787878788,0.7336448598130841,0.8130841121495327,0.7784431137724551,0.7149532710280374,Consumer Cyclical,0.7538940809968847,0.7113696484358775
ECL,0.288135593220339,0.7457627118644068,0.8305084745762712,0.2962616822429906,0.3411214953271028,0.8135593220338984,0.3607476635514018,Basic Materials,0.3327102803738317,0.6694915254237288
ED,0.7796610169491526,0.7068965517241379,0.8448275862068966,0.4280373831775701,0.5523364485981308,0.6779661016949152,0.4841121495327102,Utilities,0.4881619937694704,0.7523378141437757
EE,0.3142857142857143,0.7571428571428571,0.3571428571428571,0.5299065420560748,0.7813084112149533,0.3,0.6785046728971963,Energy,0.6632398753894081,0.4321428571428571
EEFT,0.1628959276018099,0.2331838565022421,0.4484304932735426,0.0859813084112149,0.219626168224299,0.4394618834080717,0.1747663551401869,Technology,0.16012461059190028,0.32099304019641656
EFX,0.1866666666666666,0.88,0.7623318385650224,0.0728971962616822,0.1065420560747663,0.52,0.0766355140186915,Industrials,0.08535825545171333,0.5872496263079222
EHC,0.2857142857142857,0.4642857142857143,0.9393939393939394,0.216822429906542,0.3691588785046729,0.782051282051282,0.2411214953271028,Healthcare,0.2757009345794392,0.6178613053613053
EIX,0.4067796610169492,0.7241379310344828,0.7068965517241379,0.7261682242990655,0.6822429906542056,0.864406779661017,0.688785046728972,Utilities,0.6990654205607477,0.6755552308591466
EL,0.2923076923076923,0.4769230769230769,0.8461538461538461,0.3869158878504672,0.0981308411214953,0.0615384615384615,0.2271028037383177,Consumer Defensive,0.23738317757009342,0.41923076923076924
ELAN,0.4155844155844156,0.4357142857142857,0.2651515151515151,0.7560747663551401,0.3579439252336449,0.358974358974359,0.394392523364486,Healthcare,0.502803738317757,0.36885614385614385
ELF,0.4461538461538462,0.6615384615384615,0.676923076923077,0.0130841121495327,0.0579439252336448,0.1538461538461538,0.0682242990654205,Consumer Defensive,0.046417445482866006,0.4846153846153846
ELV,0.5194805194805194,0.3428571428571428,,0.3831775700934579,0.6177570093457944,0.6025641025641025,0.708411214953271,Healthcare,0.5697819314641744,0.48830058830058826
ELVN,0.9902597402597404,,,0.8644859813084113,0.9878504672897196,0.1987179487179487,0.9616822429906542,Healthcare,0.9380062305295951,0.5944888444888445
EME,0.92,0.3822222222222222,0.8385650224215246,0.8158878504672897,0.8,0.9066666666666666,0.6850467289719626,Industrials,0.7669781931464175,0.7618634778276033
EMN,0.3389830508474576,0.5423728813559322,0.2711864406779661,0.3457943925233644,0.6355140186915887,0.288135593220339,0.4383177570093458,Basic Materials,0.473208722741433,0.36016949152542377
EMR,0.4133333333333333,0.8666666666666667,0.5739910313901345,0.3981308411214953,0.4598130841121495,0.5111111111111111,0.4560747663551401,Industrials,0.4380062305295949,0.5912755356253113
ENS,0.4933333333333333,0.7155555555555555,0.7085201793721974,0.9495327102803738,0.905607476635514,0.6222222222222222,0.8607476635514019,Industrials,0.9052959501557631,0.6349078226208271
ENSG,0.2272727272727272,0.4714285714285714,0.1212121212121212,0.4485981308411215,0.3663551401869159,0.717948717948718,0.1822429906542056,Healthcare,0.33239875389408097,0.3844655344655345
ENTG,0.1583710407239819,0.4394618834080717,0.1973094170403587,0.8130841121495327,0.8813084112149533,0.3408071748878923,0.914018691588785,Technology,0.8694704049844236,0.28398737901507615
EOG,0.8285714285714286,0.7714285714285715,0.9285714285714286,0.4766355140186916,0.8018691588785046,0.8571428571428571,0.6467289719626168,Energy,0.6417445482866043,0.8464285714285714
EPAM,0.7375565610859729,0.2959641255605381,0.5874439461883408,0.0672897196261682,0.0130841121495327,0.6681614349775785,0.0130841121495327,Technology,0.031152647975077868,0.5722815169531076
EQT,0.8428571428571429,0.9714285714285714,0.5,0.297196261682243,0.5327102803738317,0.7857142857142857,0.2420560747663551,Energy,0.3573208722741433,0.775
ERAS,0.7467532467532467,,,0.9878504672897196,0.9878504672897196,0.032051282051282,0.9654205607476636,Healthcare,0.9803738317757009,0.3894022644022644
ES,0.3220338983050847,0.8103448275862069,0.9655172413793104,0.4822429906542056,0.4869158878504673,0.6101694915254238,0.4551401869158878,Utilities,0.4747663551401869,0.6770163646990064
ESAB,0.2933333333333333,0.44,0.4753363228699551,0.1551401869158878,0.1663551401869158,0.3333333333333333,0.1943925233644859,Industrials,0.17196261682242983,0.3855007473841554
ESE,0.6832579185520362,0.4753363228699551,0.3139013452914798,0.77196261682243,0.8467289719626169,0.8116591928251121,0.8682242990654205,Technology,0.8289719626168225,0.5710386948846458
ESI,0.2711864406779661,0.4745762711864407,0.6610169491525424,0.8429906542056075,0.891588785046729,0.3220338983050847,0.8943925233644859,Basic Materials,0.8763239875389407,0.4322033898305085
ETR,0.423728813559322,0.2068965517241379,0.3448275862068966,0.6841121495327103,0.7102803738317757,0.4067796610169492,0.6579439252336449,Utilities,0.6841121495327102,0.3455581531268264
ETSY,0.0179640718562874,0.9698795180722892,0.9454545454545454,0.4074766355140187,0.6093457943925233,0.7425149700598802,0.7953271028037383,Consumer Cyclical,0.6040498442367601,0.6689532763607505
EVRG,0.3728813559322034,0.293103448275862,0.5689655172413793,0.5906542056074766,0.6336448598130842,0.4915254237288136,0.5850467289719626,Utilities,0.6031152647975078,0.4316189362945646
EW,0.8311688311688312,0.7285714285714285,0.6363636363636364,0.4570093457943925,0.3794392523364486,0.7692307692307693,0.4925233644859813,Healthcare,0.44299065420560746,0.7413336663336663
EWTX,0.935064935064935,,,0.902803738317757,0.8738317757009346,0.1217948717948717,0.9093457943925234,Healthcare,0.8953271028037383,0.5284299034299034
EXC,0.5423728813559322,0.6379310344827587,0.5344827586206896,0.4177570093457944,0.4588785046728972,0.3898305084745763,0.4224299065420561,Utilities,0.43302180685358255,0.5261542957334892
EXE,0.7857142857142857,0.8285714285714286,0.9428571428571428,0.1738317757009345,0.2869158878504673,0.8857142857142857,0.1710280373831775,Energy,0.21059190031152641,0.8607142857142857
EXEL,0.8181818181818182,0.9714285714285714,0.9545454545454546,0.5411214953271029,0.6467289719626168,0.9903846153846154,0.7242990654205608,Healthcare,0.6373831775700934,0.933635114885115
EXLS,0.3076923076923077,0.3856502242152466,0.852017937219731,0.0869158878504672,0.0542056074766355,0.8340807174887892,0.0588785046728971,Technology,0.0666666666666666,0.5948602966540186
EXP,0.1186440677966101,0.6271186440677966,0.5084745762711864,0.3383177570093458,0.2504672897196262,0.864406779661017,0.411214953271028,Basic Materials,0.3333333333333333,0.5296610169491526
EXPD,0.8622222222222222,0.5155555555555555,0.7757847533632287,0.6710280373831776,0.4794392523364486,0.96,0.6299065420560748,Industrials,0.5934579439252337,0.7783906327852517
EXPE,0.8802395209580839,0.9879518072289156,0.793939393939394,0.6242990654205608,0.1242990654205607,0.5089820359281437,0.3897196261682243,Consumer Cyclical,0.37943925233644854,0.7927781895136342
EXPO,0.8666666666666667,0.92,,0.1570093457943925,0.1401869158878504,0.9244444444444444,0.1579439252336448,Industrials,0.15171339563862923,0.9037037037037038
EXTR,0.5067873303167421,0.2780269058295964,0.9417040358744396,0.694392523364486,0.8205607476635514,0.2197309417040358,0.950467289719626,Technology,0.8218068535825545,0.48656230343120344
F,0.3053892215568862,0.3855421686746988,0.0181818181818181,0.6448598130841121,0.4897196261682243,0.0958083832335329,0.5766355140186916,Consumer Cyclical,0.5704049844236759,0.201230397911734
FA,0.0844444444444444,0.6044444444444445,0.4439461883408072,0.2411214953271028,0.3887850467289719,0.1377777777777777,0.7579439252336448,Industrials,0.46261682242990654,0.3176532137518684
FANG,0.7142857142857143,0.1428571428571428,0.1857142857142857,0.6626168224299065,0.7981308411214953,0.2428571428571428,0.6560747663551402,Energy,0.7056074766355139,0.3214285714285714
FAST,0.8888888888888888,0.7688888888888888,0.9887892376681614,0.4102803738317757,0.4700934579439252,0.9888888888888888,0.4345794392523364,Industrials,0.4383177570093457,0.908863976083707
FBIN,0.1733333333333333,0.4622222222222222,0.7713004484304933,0.122429906542056,0.0747663551401869,0.3466666666666667,0.1598130841121495,Industrials,0.11900311526479747,0.43838066766317885
FCN,0.5422222222222223,0.4,0.8295964125560538,0.2953271028037383,0.2336448598130841,0.6533333333333333,0.1766355140186916,Industrials,0.235202492211838,0.6062879920279023
FCX,0.6779661016949152,0.576271186440678,0.3559322033898305,0.7476635514018691,0.7551401869158878,0.4745762711864407,0.7308411214953271,Basic Materials,0.7445482866043612,0.521186440677966
FDX,0.1911111111111111,0.2711111111111111,0.5381165919282511,0.8177570093457944,0.7859813084112149,0.4266666666666667,0.780373831775701,Industrials,0.7947040498442369,0.356751370204285
FE,0.1694915254237288,0.5172413793103449,0.9310344827586208,0.502803738317757,0.4728971962616822,0.2033898305084746,0.4046728971962617,Utilities,0.4601246105919003,0.45528930450029226
FELE,0.8266666666666667,0.4711111111111111,0.8654708520179372,0.4728971962616822,0.4018691588785046,0.6577777777777778,0.5074766355140187,Industrials,0.46074766355140184,0.7052566018933731
FERG,0.3911111111111111,0.3511111111111111,0.9730941704035876,0.3813084112149533,0.4158878504672897,0.8133333333333334,0.3401869158878505,Industrials,0.37912772585669785,0.6321624314897857
FFIV,0.8190045248868778,0.820627802690583,0.7399103139013453,0.6317757009345795,0.8457943925233645,0.7668161434977578,0.8261682242990654,Technology,0.7679127725856699,0.786589696244141
FICO,0.0158371040723981,0.9417040358744396,0.9887892376681614,0.0953271028037383,0.0644859813084112,0.9887892376681614,0.0869158878504672,Technology,0.08224299065420557,0.7337799038207902
FIS,0.1040723981900452,0.5381165919282511,0.0762331838565022,0.0383177570093457,0.0457943925233644,0.5874439461883408,0.0439252336448598,Technology,0.042679127725856636,0.3264665300407848
FIVE,0.562874251497006,0.6927710843373494,0.593939393939394,0.822429906542056,0.6906542056074766,0.6646706586826348,0.3102803738317757,Consumer Cyclical,0.6077881619937694,0.628563847114096
FIX,0.9333333333333332,0.76,0.8565022421524664,0.9672897196261684,0.9532710280373832,0.9688888888888888,0.916822429906542,Industrials,0.9457943925233646,0.879681116093672
FIZZ,0.9384615384615383,0.7538461538461538,0.8769230769230769,0.1831775700934579,0.5448598130841121,0.9923076923076924,0.3457943925233644,Consumer Defensive,0.35794392523364477,0.8903846153846153
FLEX,0.5248868778280543,0.1659192825112107,0.0896860986547085,0.9467289719626168,0.9644859813084112,0.3946188340807174,0.9878504672897196,Technology,0.9663551401869159,0.2937777732686727
FLNC,0.9915254237288136,0.5517241379310345,0.8793103448275862,0.9616822429906542,0.4841121495327102,0.0677966101694915,0.702803738317757,Utilities,0.7161993769470404,0.6225891291642314
FLR,0.8355555555555556,0.1333333333333333,0.0156950672645739,0.2299065420560747,0.5317757009345795,0.3688888888888889,0.6962616822429907,Industrials,0.485981308411215,0.3383682112605879
FLS,0.4266666666666667,0.5644444444444444,0.7174887892376681,0.7299065420560747,0.4009345794392523,0.5466666666666666,0.6327102803738318,Industrials,0.5878504672897197,0.5638166417538615
FLUT,0.4910179640718562,0.1987951807228915,0.3878787878787879,0.0130841121495327,0.0130841121495327,0.1017964071856287,0.0130841121495327,Consumer Cyclical,0.0130841121495327,0.29487208496479106
FND,0.6347305389221557,0.180722891566265,0.5878787878787879,0.0710280373831775,0.1504672897196261,0.3173652694610778,0.1280373831775701,Consumer Cyclical,0.11651090342679123,0.43017437195707164
FORM,0.8687782805429864,0.1748878923766816,0.4170403587443946,0.97196261682243,0.9878504672897196,0.4887892376681614,0.9644859813084112,Technology,0.974766355140187,0.48737394233305603
FOUR,0.0633484162895927,0.2869955156950672,0.210762331838565,0.0130841121495327,0.0495327102803738,0.2152466367713004,0.0327102803738317,Technology,0.031775700934579404,0.19408822514863133
FOXA,0.4782608695652174,0.4666666666666667,,0.4887850467289719,0.2719626168224299,0.8260869565217391,0.0831775700934579,Communication Services,0.28130841121495326,0.5903381642512078
FROG,0.9276018099547512,0.7623318385650224,0.57847533632287,0.8168224299065421,0.5457943925233645,0.085201793721973,0.883177570093458,Technology,0.7485981308411215,0.5884026946411541
FRSH,0.8778280542986425,0.7354260089686099,0.8161434977578476,0.0579439252336448,0.0831775700934579,0.7713004484304933,0.214018691588785,Technology,0.1183800623052959,0.8001745023638983
FSLR,0.8009049773755657,0.8565022421524664,0.1838565022421524,0.8046728971962617,0.3364485981308411,0.8026905829596412,0.5018691588785047,Technology,0.5476635514018692,0.6609885761824564
FSLY,0.3846153846153846,0.2062780269058296,0.3991031390134529,0.9196261682242992,0.888785046728972,0.0717488789237668,0.577570093457944,Technology,0.7953271028037383,0.26543635736460847
FSS,0.6622222222222223,0.7111111111111111,0.7219730941704036,0.4392523364485981,0.4280373831775701,0.8088888888888889,0.4261682242990654,Industrials,0.43115264797507785,0.7260488290981565
FTAI,0.0155555555555555,0.0355555555555555,0.5515695067264574,0.8495327102803738,0.8551401869158879,0.8533333333333334,0.7299065420560747,Industrials,0.8115264797507789,0.3640034877927255
FTDR,0.3233532934131736,0.8975903614457831,0.8121212121212121,0.3766355140186916,0.5401869158878505,0.8203592814371258,0.7485981308411215,Consumer Cyclical,0.5551401869158878,0.7133560371043237
FTNT,0.751131221719457,0.9103139013452914,0.9013452914798208,0.6046728971962617,0.8981308411214953,0.9192825112107624,0.9485981308411215,Technology,0.8171339563862929,0.8705182314388329
FTV,0.3167420814479638,0.7309417040358744,0.3273542600896861,0.4588785046728972,0.5355140186915888,0.4260089686098655,0.5803738317757009,Technology,0.5249221183800623,0.45026175354584747
FUL,0.1864406779661017,0.4576271186440678,0.6440677966101694,0.3747663551401869,0.308411214953271,0.3389830508474576,0.4757009345794392,Basic Materials,0.3862928348909657,0.4067796610169491
FUN,0.1377245508982036,0.1024096385542168,0.5818181818181818,0.0794392523364486,0.797196261682243,0.0179640718562874,0.7813084112149533,Consumer Cyclical,0.5526479750778815,0.2099791107817224
FWONK,0.5217391304347826,0.6222222222222222,0.1627906976744186,0.2009345794392523,0.3018691588785047,0.5,0.2962616822429906,Communication Services,0.2663551401869159,0.45168801258285585
GAP,0.4251497005988024,0.5240963855421686,0.7212121212121212,0.4467289719626168,0.2158878504672897,0.6407185628742516,0.1401869158878504,Consumer Cyclical,0.26760124610591896,0.577794192556836
GATX,0.04,0.9888888888888888,0.0403587443946188,0.4672897196261682,0.4214953271028037,0.2088888888888889,0.3990654205607477,Industrials,0.42928348909657316,0.31953413054309915
GD,0.7955555555555556,0.6622222222222223,0.2286995515695067,0.5504672897196262,0.4383177570093458,0.6355555555555555,0.3981308411214953,Industrials,0.46230529595015585,0.58050822122571
GDDY,0.1131221719457013,0.8789237668161435,0.726457399103139,0.0327102803738317,0.0878504672897196,0.7399103139013453,0.0485981308411214,Technology,0.056386292834890904,0.6146034129415823
GE,0.8044444444444444,0.8266666666666667,0.1390134529147982,0.5785046728971963,0.4205607476635514,0.5777777777777777,0.7074766355140187,Industrials,0.5688473520249221,0.5869755854509218
GEF,0.8323353293413174,0.4698795180722891,0.2727272727272727,0.3738317757009345,0.2906542056074766,0.2994011976047904,0.5308411214953271,Consumer Cyclical,0.3984423676012461,0.46858582943641736
GEHC,0.4415584415584415,0.4571428571428571,0.2954545454545454,0.2364485981308411,0.1392523364485981,0.6666666666666666,0.1635514018691588,Healthcare,0.17975077881619936,0.4652056277056277
GEN,0.0542986425339366,0.8430493273542601,0.3811659192825112,0.2065420560747663,0.2747663551401869,0.5515695067264574,0.2859813084112149,Technology,0.25576323987538935,0.45752084897429135
GEO,0.2,0.12,0.3408071748878923,0.3214953271028037,0.8084112149532711,0.6044444444444445,0.9467289719626168,Industrials,0.6922118380062305,0.3163129048330842
GEV,0.9466666666666668,0.9333333333333332,0.1345291479820627,0.8878504672897196,0.9,0.8933333333333333,0.8485981308411215,Industrials,0.878816199376947,0.726965620328849
GFF,0.0311111111111111,0.6266666666666667,0.9551569506726456,0.5579439252336449,0.5570093457943925,0.1511111111111111,0.6542056074766355,Industrials,0.5897196261682244,0.44101145989038365
GFS,0.669683257918552,0.4484304932735426,0.0672645739910313,0.891588785046729,0.9878504672897196,0.4170403587443946,0.9700934579439252,Technology,0.9498442367601246,0.40060467098188013
GGG,0.96,0.9888888888888888,0.8340807174887892,0.2401869158878504,0.2813084112149532,0.9377777777777778,0.2037383177570093,Industrials,0.2417445482866043,0.9301868460388639
GH,0.0389610389610389,0.1357142857142857,0.6287878787878788,0.9158878504672896,0.6962616822429907,0.1858974358974359,0.8728971962616823,Healthcare,0.8283489096573208,0.2473401598401598
GILD,0.2532467532467532,0.9571428571428572,0.7272727272727273,0.5355140186915888,0.5336448598130841,0.9102564102564102,0.3252336448598131,Healthcare,0.4647975077881619,0.711979686979687
GIS,0.3538461538461538,0.5384615384615384,0.2,0.0887850467289719,0.0738317757009345,0.5076923076923077,0.1252336448598131,Consumer Defensive,0.09595015576323983,0.4
GKOS,0.7012987012987013,0.1928571428571428,0.6212121212121212,0.6654205607476635,0.7046728971962617,0.1923076923076923,0.7897196261682243,Healthcare,0.7199376947040498,0.4269189144189144
GLW,0.2986425339366516,0.2914798206278027,0.2600896860986547,0.9691588785046727,0.97196261682243,0.5067264573991032,0.9392523364485982,Technology,0.9601246105919002,0.33923462451555303
GM,0.4431137724550898,0.0843373493975903,0.0181818181818181,0.7682242990654206,0.3401869158878505,0.155688622754491,0.4962616822429906,Consumer Cyclical,0.5348909657320872,0.17533039069724732
GME,0.5688622754491018,0.9397590361445785,0.0666666666666666,0.2915887850467289,0.402803738317757,0.5868263473053892,0.2345794392523364,Consumer Cyclical,0.3096573208722741,0.540528581391434
GMED,0.9025974025974026,0.7571428571428571,0.6893939393939394,0.711214953271028,0.3672897196261682,0.8525641025641025,0.3467289719626168,Healthcare,0.4750778816199377,0.8004245754245755
GNRC,0.5777777777777777,0.4577777777777778,0.757847533632287,0.8560747663551402,0.9317757009345794,0.2888888888888888,0.8757009345794392,Industrials,0.8878504672897196,0.5205729945191828
GNTX,0.9880239520958084,0.891566265060241,0.4848484848484848,0.4523364485981308,0.408411214953271,0.844311377245509,0.4355140186915888,Consumer Cyclical,0.43208722741433014,0.8021875198125108
GOLF,0.4790419161676646,0.2771084337349397,0.7090909090909091,0.5710280373831775,0.5364485981308411,0.5688622754491018,0.77196261682243,Consumer Cyclical,0.6264797507788162,0.5085258836106538
GOOGL,0.8913043478260869,0.5777777777777777,0.6976744186046512,0.908411214953271,0.7420560747663552,0.9891304347826086,0.608411214953271,Communication Services,0.7529595015576325,0.7889717447477811
GPC,0.6946107784431138,0.1686746987951807,0.6545454545454545,0.1822429906542056,0.1411214953271028,0.1317365269461078,0.2130841121495327,Consumer Cyclical,0.17881619937694704,0.41239186468246425
GPGI,0.9888888888888888,0.0155555555555555,0.0156950672645739,0.197196261682243,0.0130841121495327,0.0311111111111111,0.0850467289719626,Industrials,0.0984423676012461,0.2628126557050323
GPK,0.3892215568862275,0.1325301204819277,0.0787878787878787,0.0130841121495327,0.0392523364485981,0.2095808383233532,0.0775700934579439,Consumer Cyclical,0.04330218068535824,0.20253009861984678
GPN,0.3155555555555555,0.6711111111111111,0.0986547085201793,0.288785046728972,0.2448598130841121,0.0977777777777777,0.1663551401869158,Industrials,0.23333333333333328,0.2957747882411559
GPOR,0.5142857142857142,0.8857142857142857,0.9928571428571428,0.2037383177570093,0.2598130841121495,0.9714285714285714,0.1411214953271028,Energy,0.20155763239875388,0.8410714285714285
GRAL,0.9155844155844156,0.0571428571428571,0.0189393939393939,0.7186915887850467,0.1280373831775701,0.2371794871794871,0.1588785046728972,Healthcare,0.33520249221183795,0.3072115384615384
GRBK,0.9461077844311376,0.6626506024096386,0.3696969696969697,0.4233644859813084,0.4429906542056074,0.8023952095808383,0.5626168224299065,Consumer Cyclical,0.47632398753894084,0.695212641529646
GRND,0.0158371040723981,0.8161434977578476,0.9506726457399104,0.0457943925233644,0.3158878504672897,0.9103139013452914,0.3728971962616822,Technology,0.24485981308411212,0.6732417872288619
GSAT,0.717391304347826,0.9888888888888888,0.0930232558139534,0.9654205607476636,0.8158878504672897,0.217391304347826,0.8177570093457944,Communication Services,0.8663551401869158,0.5041736883496236
GTES,0.4177777777777778,0.64,0.4170403587443946,0.4205607476635514,0.5990654205607476,0.2933333333333333,0.6261682242990654,Industrials,0.5485981308411215,0.4420378674638764
GTLB,0.98868778280543,0.7488789237668162,0.8654708520179372,0.0644859813084112,0.0476635514018691,0.147982062780269,0.0971962616822429,Technology,0.0697819314641744,0.6877549053426131
GTLS,0.2622222222222222,0.1511111111111111,0.2197309417040358,0.7102803738317757,0.4392523364485981,0.12,0.3831775700934579,Industrials,0.5109034267912772,0.18826606875934226
GTX,0.2275449101796407,0.7048192771084337,0.503030303030303,0.9598130841121496,0.9476635514018692,0.8802395209580839,0.9635514018691588,Consumer Cyclical,0.9570093457943925,0.5789085028191153
GVA,0.3111111111111111,0.3955555555555555,0.4080717488789238,0.6962616822429907,0.6018691588785047,0.4177777777777778,0.7925233644859813,Industrials,0.6968847352024922,0.38312904833084205
GWRE,0.3438914027149321,0.6771300448430493,0.6098654708520179,0.0476635514018691,0.0570093457943925,0.5426008968609866,0.0130841121495327,Technology,0.0392523364485981,0.5433719538177465
GWW,0.5022222222222222,0.4355555555555555,0.9887892376681614,0.516822429906542,0.7018691588785047,0.9888888888888888,0.7700934579439253,Industrials,0.6629283489096572,0.7288639760837069
GXO,0.1244444444444444,0.1644444444444444,0.2017937219730941,0.3037383177570093,0.2345794392523364,0.1733333333333333,0.2299065420560747,Industrials,0.25607476635514015,0.16600398604882904
H,0.688622754491018,0.1204819277108433,0.0484848484848484,0.6327102803738318,0.5345794392523364,0.1197604790419161,0.7878504672897196,Consumer Cyclical,0.6517133956386293,0.24433750243215643
HAE,0.1493506493506493,0.7714285714285715,0.553030303030303,0.205607476635514,0.1317757009345794,0.5769230769230769,0.6616822429906543,Healthcare,0.33302180685358257,0.5126831501831501
HAL,0.3714285714285714,0.5,0.6714285714285714,0.8476635514018691,0.8691588785046729,0.6285714285714286,0.5747663551401869,Energy,0.7638629283489097,0.5428571428571428
HALO,0.0519480519480519,0.8642857142857143,0.803030303030303,0.6065420560747663,0.491588785046729,0.8846153846153846,0.3682242990654205,Healthcare,0.488785046728972,0.6509698634698634
HAS,0.2335329341317365,0.9036144578313252,0.8,0.6392523364485981,0.5738317757009346,0.0718562874251497,0.319626168224299,Consumer Cyclical,0.5109034267912772,0.502250919847053
HAYW,0.4711111111111111,0.4177777777777778,0.3497757847533632,0.3429906542056075,0.2093457943925233,0.4355555555555555,0.3037383177570093,Industrials,0.2853582554517134,0.41855505729945186
HCA,0.0454545454545454,0.5285714285714286,0.8181818181818182,0.3719626168224299,0.197196261682243,0.8653846153846154,0.1439252336448598,Healthcare,0.23769470404984425,0.5643981018981019
HCC,0.864406779661017,0.0677966101694915,0.1525423728813559,0.8654205607476636,0.4149532710280373,0.5084745762711864,0.4420560747663551,Basic Materials,0.5741433021806853,0.39830508474576265
HD,0.2754491017964072,0.5783132530120482,0.7454545454545455,0.2457943925233645,0.2476635514018691,0.8502994011976048,0.2457943925233645,Consumer Cyclical,0.24641744548286604,0.6123790753651515
HE,0.864406779661017,0.7931034482758621,0.0258620689655172,0.6214953271028038,0.6009345794392523,0.1694915254237288,0.3214953271028037,Utilities,0.5146417445482866,0.4632159555815313
HEI,0.5644444444444444,0.9244444444444444,0.5112107623318386,0.2869158878504673,0.3700934579439252,0.7155555555555555,0.5,Industrials,0.3856697819314641,0.6789138016940707
HGV,0.2215568862275449,0.3795180722891566,0.4181818181818181,0.5457943925233645,0.5616822429906542,0.18562874251497,0.7065420560747664,Consumer Cyclical,0.6046728971962617,0.30122137980337244
HII,0.6755555555555556,0.3911111111111111,0.179372197309417,0.6532710280373831,0.3906542056074766,0.4222222222222222,0.1261682242990654,Industrials,0.390031152647975,0.41706527154957646
HIMS,0.1558441558441558,0.2857142857142857,0.9318181818181818,0.0130841121495327,0.0598130841121495,0.3717948717948718,0.3514018691588785,Healthcare,0.14143302180685358,0.43629287379287374
HL,0.8983050847457628,0.9322033898305084,0.7288135593220338,0.9514018691588784,0.2766355140186916,0.7457627118644068,0.1504672897196261,Basic Materials,0.4595015576323987,0.826271186440678
HLIO,0.68,0.6666666666666666,0.4125560538116592,0.9242990654205608,0.8261682242990654,0.3377777777777778,0.8775700934579439,Industrials,0.8760124610591901,0.524250124564026
HLT,0.0958083832335329,0.8855421686746988,0.3212121212121212,0.6093457943925233,0.5962616822429907,0.6946107784431138,0.6925233644859813,Consumer Cyclical,0.6327102803738317,0.4992933628908667
HNI,0.6227544910179641,0.0903614457831325,0.4666666666666667,0.0971962616822429,0.0887850467289719,0.1257485029940119,0.1654205607476635,Consumer Cyclical,0.11713395638629276,0.3263827766154438
HOG,0.7245508982035929,0.108433734939759,0.1454545454545454,0.3392523364485981,0.569158878504673,0.2754491017964072,0.6186915887850467,Consumer Cyclical,0.5090342679127726,0.31347207009857614
HON,0.1155555555555555,0.6177777777777778,0.3991031390134529,0.419626168224299,0.6224299065420561,0.4844444444444444,0.4775700934579439,Industrials,0.5065420560747663,0.40422022919780765
HP,0.4285714285714285,0.4428571428571428,0.2714285714285714,0.916822429906542,0.8355140186915888,0.0714285714285714,0.6644859813084112,Energy,0.805607476635514,0.3035714285714285
HPE,0.3665158371040724,0.3094170403587444,0.179372197309417,0.8504672897196262,0.8289719626168224,0.2645739910313901,0.9878504672897196,Technology,0.8890965732087227,0.279969766450906
HPQ,0.420814479638009,0.2197309417040358,0.4439461883408072,0.2672897196261682,0.3317757009345794,0.5291479820627802,0.4943925233644859,Technology,0.36448598130841114,0.403409897936408
HQY,0.4285714285714285,0.95,0.4772727272727273,0.1943925233644859,0.2691588785046729,0.7371794871794872,0.2981308411214953,Healthcare,0.25389408099688465,0.6482559107559107
HRB,0.2574850299401197,0.933734939759036,0.8181818181818182,0.108411214953271,0.2457943925233645,0.9880239520958084,0.2429906542056074,Consumer Cyclical,0.1990654205607476,0.7493564349941956
HRI,0.0355555555555555,0.0888888888888888,0.1121076233183856,0.4691588785046729,0.1981308411214953,0.1244444444444444,0.5158878504672897,Industrials,0.394392523364486,0.09024912805181858
HRL,0.8307692307692308,0.3538461538461538,0.1076923076923077,0.1186915887850467,0.2654205607476635,0.3076923076923077,0.5485981308411215,Consumer Defensive,0.31090342679127725,0.4
HSIC,0.3311688311688311,0.3285714285714285,0.6515151515151515,0.3439252336448598,0.3420560747663551,0.5512820512820513,0.5560747663551402,Healthcare,0.41401869158878507,0.46563436563436567
HSY,0.4153846153846154,0.7846153846153846,0.4153846153846154,0.4682242990654205,0.4551401869158878,0.5692307692307692,0.2626168224299065,Consumer Defensive,0.39532710280373834,0.5461538461538461
HTO,0.7966101694915254,0.1034482758620689,0.4655172413793103,0.4654205607476635,0.6523364485981309,0.288135593220339,0.5934579439252337,Utilities,0.570404984423676,0.4134278199883109
HUBB,0.4444444444444444,0.8088888888888889,0.6547085201793722,0.4906542056074766,0.5130841121495328,0.7955555555555556,0.5523364485981308,Industrials,0.5186915887850467,0.6758993522670653
HUBG,0.7911111111111111,0.2177777777777777,0.2600896860986547,0.5728971962616822,0.297196261682243,0.3111111111111111,0.5383177570093458,Industrials,0.46947040498442366,0.39502242152466366
HUBS,0.7330316742081447,0.5515695067264574,0.9596412556053812,0.0130841121495327,0.0130841121495327,0.3094170403587444,0.0130841121495327,Technology,0.0130841121495327,0.6384148692246819
HUM,0.512987012987013,0.2428571428571428,,0.6018691588785047,0.6579439252336449,0.4871794871794871,0.8953271028037383,Healthcare,0.7183800623052959,0.41434121434121424
HWM,0.3288888888888889,0.9377777777777778,0.6188340807174888,0.72803738317757,0.7579439252336448,0.92,0.7710280373831776,Industrials,0.7523364485981309,0.7013751868460388
HXL,0.32,0.6088888888888889,0.3273542600896861,0.7495327102803738,0.6383177570093458,0.3733333333333333,0.7598130841121495,Industrials,0.7158878504672898,0.40739412057797714
IBM,0.1493212669683258,0.5246636771300448,0.4035874439461883,0.2495327102803738,0.2065420560747663,0.5964125560538116,0.3317757009345794,Technology,0.2626168224299065,0.4184962360245926
IBP,0.3353293413173652,0.7469879518072289,0.6666666666666666,0.6009345794392523,0.1831775700934579,0.8083832335329342,0.1,Consumer Cyclical,0.29470404984423676,0.6393417983310488
IBRX,0.0162337662337662,0.0428571428571428,0.3484848484848485,0.9383177570093458,0.9878504672897196,0.016025641025641,0.8813084112149533,Healthcare,0.9358255451713395,0.10590034965034964
ICHR,0.5927601809954751,0.085201793721973,0.0538116591928251,0.9682242990654204,0.9878504672897196,0.0762331838565022,0.9878504672897196,Technology,0.9813084112149532,0.20200170444169385
ICUI,0.3376623376623376,0.35,0.2727272727272727,0.3495327102803738,0.2607476635514019,0.4102564102564102,0.3654205607476635,Healthcare,0.32523364485981304,0.34266150516150506
IDA,0.7457627118644068,0.0258620689655172,0.0258620689655172,0.5962616822429907,0.602803738317757,0.7966101694915254,0.5364485981308411,Utilities,0.5785046728971962,0.3985242548217417
IDCC,0.5294117647058824,0.9887892376681614,0.5919282511210763,0.4990654205607476,0.1887850467289719,0.8878923766816144,0.1457943925233644,Technology,0.2778816199376946,0.7495054075441836
IDXX,0.3636363636363636,0.85,0.946969696969697,0.3794392523364486,0.1542056074766355,0.9903846153846154,0.1672897196261682,Healthcare,0.2336448598130841,0.787747668997669
IDYA,0.8896103896103896,0.1142857142857142,,0.6495327102803738,0.2467289719626168,0.25,0.6177570093457944,Healthcare,0.5046728971962616,0.41796536796536793
IEX,0.5466666666666666,0.8711111111111111,0.5650224215246636,0.5149532710280373,0.6401869158878505,0.6266666666666667,0.7214953271028037,Industrials,0.6255451713395639,0.6523667164922771
IFF,0.559322033898305,0.423728813559322,0.4576271186440678,0.3644859813084112,0.6429906542056075,0.3559322033898305,0.5355140186915888,Basic Materials,0.5143302180685358,0.4491525423728814
ILMN,0.2597402597402597,0.8,0.7575757575757576,0.7626168224299066,0.5803738317757009,0.8717948717948718,0.8242990654205608,Healthcare,0.7224299065420561,0.6722777222777223
IMVT,0.9902597402597404,,,0.8906542056074767,0.7542056074766356,0.0705128205128205,0.9177570093457944,Healthcare,0.8542056074766355,0.5303862803862804
INCY,0.961038961038961,0.8857142857142857,0.9242424242424242,0.685981308411215,0.414018691588785,0.9615384615384616,0.5289719626168224,Healthcare,0.5429906542056075,0.9331335331335332
INDV,0.2077922077922078,0.1571428571428571,0.9886363636363636,0.9364485981308412,0.4953271028037383,0.967948717948718,0.7869158878504673,Healthcare,0.7395638629283489,0.5803800366300367
INGR,0.7846153846153846,0.4,0.3384615384615385,0.1364485981308411,0.302803738317757,0.6153846153846154,0.1906542056074766,Consumer Defensive,0.2099688473520249,0.5346153846153846
INSM,0.4545454545454545,0.0642857142857142,0.5151515151515151,0.3953271028037383,0.0373831775700934,0.0641025641025641,0.0345794392523364,Healthcare,0.15576323987538937,0.27452131202131197
INSW,0.6571428571428571,0.6571428571428571,0.8,0.9,0.9355140186915888,0.9928571428571428,0.9271028037383178,Energy,0.9208722741433023,0.7767857142857142
INTC,0.4796380090497738,0.0672645739910313,0.0493273542600896,0.9878504672897196,0.9878504672897196,0.1434977578475336,0.9878504672897196,Technology,0.9878504672897196,0.18493192378710707
INTU,0.5746606334841629,0.9327354260089686,0.8026905829596412,0.0130841121495327,0.0130841121495327,0.7982062780269058,0.0130841121495327,Technology,0.0130841121495327,0.7770732301199197
IONQ,0.98868778280543,0.0156950672645739,0.0156950672645739,0.7093457943925233,0.7355140186915888,0.4484304932735426,0.7158878504672898,Technology,0.7202492211838006,0.36712710265203014
IONS,0.1233766233766233,0.0785714285714285,0.5,0.874766355140187,0.3710280373831776,0.2756410256410256,0.3757009345794392,Healthcare,0.5404984423676013,0.24439726939726936
IOSP,0.9661016949152542,0.3898305084745763,0.7966101694915254,0.305607476635514,0.4242990654205607,0.576271186440678,0.5093457943925234,Basic Materials,0.4130841121495326,0.6822033898305084
IOT,0.8642533936651584,0.3766816143497757,0.8699551569506726,0.1383177570093458,0.1495327102803738,0.2869955156950672,0.2476635514018691,Technology,0.1785046728971962,0.5994714201651685
IP,0.7904191616766467,0.1867469879518072,0.2606060606060606,0.1065420560747663,0.1813084112149532,0.0479041916167664,0.2682242990654205,Consumer Cyclical,0.18535825545171333,0.32141910046282024
IPAR,0.8769230769230769,0.7230769230769231,0.8923076923076924,0.1046728971962616,0.5644859813084112,0.7076923076923077,0.5588785046728972,Consumer Defensive,0.4093457943925234,0.8
IPGP,0.9547511312217196,0.0896860986547085,0.1569506726457399,0.8317757009345794,0.8897196261682243,0.210762331838565,0.5495327102803739,Technology,0.7570093457943926,0.35303755859018326
IQV,0.1298701298701298,0.5642857142857143,0.2424242424242424,0.411214953271028,0.1158878504672897,0.6346153846153846,0.1897196261682243,Healthcare,0.23894080996884734,0.39279886779886775
IR,0.5822222222222222,0.8,0.3856502242152466,0.2121495327102803,0.2514018691588785,0.28,0.2663551401869158,Industrials,0.24330218068535822,0.5119681116093673
IRDM,0.0869565217391304,0.9333333333333332,0.5581395348837209,0.780373831775701,0.9878504672897196,0.5434782608695652,0.9588785046728971,Communication Services,0.9090342679127725,0.5304769127064374
IRTC,0.0714285714285714,0.2714285714285714,0.8484848484848485,0.1644859813084112,0.0672897196261682,0.3397435897435897,0.0635514018691588,Healthcare,0.09844236760124607,0.38277139527139525
ISRG,0.974025974025974,0.9,0.6136363636363636,0.2018691588785046,0.1457943925233644,0.903846153846154,0.1242990654205607,Healthcare,0.15732087227414324,0.8478771228771229
IT,0.167420814479638,0.5919282511210763,0.905829596412556,0.0130841121495327,0.0289719626168224,0.7040358744394619,0.0317757009345794,Technology,0.024610591900311497,0.592303634113183
ITGR,0.2207792207792207,0.4071428571428571,0.1136363636363636,0.1336448598130841,0.6261682242990654,0.5897435897435898,0.4532710280373832,Healthcare,0.40436137071651085,0.3328255078255078
ITRI,0.1900452488687782,0.4798206278026906,0.3408071748878923,0.0719626168224299,0.2214953271028037,0.6367713004484304,0.116822429906542,Technology,0.13676012461059187,0.41186108800194793
ITT,0.3333333333333333,0.6488888888888888,0.3228699551569506,0.6,0.585981308411215,0.4622222222222222,0.4205607476635514,Industrials,0.5355140186915888,0.44182859990034873
ITW,0.0755555555555555,0.8533333333333334,0.9282511210762332,0.3925233644859813,0.4289719626168224,0.9888888888888888,0.3785046728971962,Industrials,0.39999999999999997,0.7115072247135027
J,0.2888888888888888,0.2355555555555555,0.6816143497757847,0.2345794392523364,0.216822429906542,0.2844444444444444,0.2018691588785046,Industrials,0.21775700934579434,0.3726258096661683
JBHT,0.8,0.5422222222222223,0.4708520179372197,0.8392523364485981,0.7635514018691589,0.6711111111111111,0.8401869158878504,Industrials,0.8143302180685358,0.6210463378176383
JBL,0.4886877828054298,0.1704035874439461,0.1345291479820627,0.8074766355140187,0.902803738317757,0.3856502242152466,0.8869158878504673,Technology,0.8657320872274145,0.2948176856116713
JBLU,0.08,0.0577777777777777,0.0582959641255605,0.5663551401869159,0.5009345794392523,0.0577777777777777,0.6504672897196262,Industrials,0.5725856697819315,0.06346287992027898
JBTM,0.7022222222222222,0.5066666666666667,0.3049327354260089,0.4214953271028037,0.2102803738317757,0.2177777777777777,0.2523364485981308,Industrials,0.29470404984423676,0.4328998505231689
JKHY,0.8506787330316742,0.6457399103139013,0.6636771300448431,0.1542056074766355,0.119626168224299,0.874439461883408,0.0962616822429906,Technology,0.12336448598130838,0.7586338088184567
JNJ,0.474025974025974,0.7357142857142858,0.5833333333333334,0.7523364485981309,0.5953271028037384,0.8333333333333334,0.6196261682242991,Healthcare,0.6557632398753895,0.6566017316017316
JOBY,0.6044444444444445,0.0155555555555555,0.0156950672645739,0.5317757009345795,0.1121495327102803,0.0155555555555555,0.0813084112149532,Industrials,0.24174454828660433,0.16281265570503234
KALU,0.2542372881355932,0.2372881355932203,0.5932203389830508,0.9074766355140188,0.8635514018691589,0.559322033898305,0.8990654205607477,Basic Materials,0.8900311526479752,0.4110169491525424
KBH,0.7604790419161677,0.572289156626506,0.1393939393939394,0.2700934579439252,0.1308411214953271,0.4910179640718562,0.2392523364485981,Consumer Cyclical,0.21339563862928346,0.4907950255021173
KBR,0.2088888888888889,0.4088888888888889,0.3094170403587444,0.0850467289719626,0.114018691588785,0.5377777777777778,0.1289719626168224,Industrials,0.10934579439252334,0.366243148978575
KD,0.1990950226244343,0.1300448430493273,0.4349775784753363,0.0130841121495327,0.0130841121495327,0.242152466367713,0.0130841121495327,Technology,0.0130841121495327,0.25156747762920273
KDP,0.5384615384615384,0.5692307692307692,0.0923076923076923,0.219626168224299,0.4775700934579439,0.2769230769230769,0.6158878504672897,Consumer Defensive,0.43769470404984423,0.36923076923076925
KEX,0.7511111111111111,0.7911111111111111,0.242152466367713,0.608411214953271,0.7523364485981309,0.5288888888888889,0.6869158878504673,Industrials,0.6825545171339563,0.578315894369706
KEYS,0.4570135746606334,0.6636771300448431,0.5829596412556054,0.8869158878504673,0.9130841121495328,0.6995515695067265,0.8859813084112149,Technology,0.8953271028037383,0.6008004788669521
KFY,0.8311111111111111,0.5866666666666667,0.9887892376681614,0.3046728971962616,0.3728971962616822,0.6,0.5401869158878505,Industrials,0.4059190031152648,0.7516417538614848
KGS,0.0214285714285714,0.7142857142857143,0.6142857142857143,0.8962616822429906,0.9598130841121496,0.3285714285714285,0.9121495327102804,Energy,0.9227414330218068,0.4196428571428571
KHC,0.7384615384615385,0.8,0.0615384615384615,0.2897196261682243,0.3607476635514018,0.023076923076923,0.3009345794392523,Consumer Defensive,0.31713395638629277,0.40576923076923077
KLAC,0.2443438914027149,0.8475336322869955,0.8430493273542601,0.8925233644859814,0.8607476635514019,0.9641255605381166,0.9560747663551402,Technology,0.9031152647975079,0.7247631028955218
KMB,0.4,0.6461538461538462,0.4769230769230769,0.1598130841121495,0.3869158878504672,0.7538461538461538,0.3738317757009345,Consumer Defensive,0.30685358255451706,0.5692307692307692
KMI,0.2142857142857142,0.8,0.5714285714285714,0.5607476635514018,0.7476635514018691,0.4857142857142857,0.5981308411214953,Energy,0.6355140186915887,0.5178571428571428
KMT,0.6444444444444445,0.2266666666666666,0.6636771300448431,0.7841121495327102,0.7224299065420561,0.4444444444444444,0.6280373831775701,Industrials,0.7115264797507788,0.4948081714000996
KMX,0.155688622754491,0.2891566265060241,0.0606060606060606,0.0448598130841121,0.3934579439252336,0.1497005988023952,0.7429906542056075,Consumer Cyclical,0.3937694704049844,0.16378797716724272
KN,0.6380090497737556,0.3408071748878923,0.3946188340807174,0.8794392523364486,0.8934579439252337,0.484304932735426,0.9130841121495328,Technology,0.8953271028037384,0.4644349978694478
KNF,0.2203389830508474,0.1525423728813559,0.4745762711864407,0.2785046728971962,0.4037383177570093,0.423728813559322,0.6289719626168224,Basic Materials,0.4370716510903427,0.3177966101694915
KNTK,0.0714285714285714,0.2857142857142857,0.2857142857142857,0.577570093457944,0.8757009345794392,0.7,0.72803738317757,Energy,0.7271028037383177,0.3357142857142857
KNX,0.7111111111111111,0.4044444444444444,0.0627802690582959,0.788785046728972,0.7757009345794392,0.1422222222222222,0.8504672897196262,Industrials,0.8049844236760125,0.3301395117090184
KO,0.3846153846153846,0.953846153846154,0.3846153846153846,0.5158878504672897,0.6392523364485981,0.8615384615384616,0.5906542056074766,Consumer Defensive,0.5819314641744548,0.6461538461538462
KR,0.2153846153846154,0.1692307692307692,0.9384615384615383,0.2803738317757009,0.5299065420560748,0.2307692307692307,0.1803738317757009,Consumer Defensive,0.3302180685358255,0.3884615384615384
KRYS,0.948051948051948,0.9892857142857144,0.4848484848484848,0.9046728971962616,0.7532710280373832,0.9166666666666666,0.8719626168224299,Healthcare,0.8433021806853582,0.8347132034632034
KTB,0.4071856287425149,0.7831325301204819,0.8606060606060606,0.4448598130841121,0.5560747663551402,0.7544910179640718,0.5644859813084112,Consumer Cyclical,0.5218068535825545,0.7013538093582823
KTOS,0.9422222222222222,0.0711111111111111,0.0896860986547085,0.5803738317757009,0.1252336448598131,0.1688888888888889,0.0289719626168224,Industrials,0.24485981308411217,0.31797708021923266
KVUE,0.6,0.676923076923077,0.4461538461538462,0.1953271028037383,0.4822429906542056,0.4615384615384615,0.5616822429906542,Consumer Defensive,0.4130841121495327,0.5461538461538462
KVYO,0.6968325791855203,0.4349775784753363,0.9282511210762332,0.0130841121495327,0.0130841121495327,0.1748878923766816,0.0130841121495327,Technology,0.0130841121495327,0.5587372927784429
LAD,0.2035928143712574,0.0481927710843373,0.3393939393939394,0.1794392523364485,0.1682242990654205,0.2574850299401197,0.3420560747663551,Consumer Cyclical,0.22990654205607472,0.21216613869741344
LASR,0.7149321266968326,0.2466367713004484,0.3183856502242152,0.9878504672897196,0.9672897196261684,0.1031390134529148,0.8467289719626169,Technology,0.933956386292835,0.3457733904186028
LAUR,0.6461538461538462,0.7692307692307693,0.2923076923076923,0.7121495327102804,0.3878504672897196,0.7692307692307693,0.6345794392523364,Consumer Defensive,0.5781931464174455,0.6192307692307693
LBRDK,0.6086956521739131,,,0.0130841121495327,0.0906542056074766,0.0326086956521739,0.0271028037383177,Communication Services,0.043613707165109004,0.3206521739130435
LBRT,0.2857142857142857,0.1714285714285714,0.2285714285714285,0.9299065420560748,0.9457943925233644,0.4571428571428571,0.7420560747663552,Energy,0.8725856697819315,0.2857142857142857
LCID,0.5149700598802395,0.0180722891566265,0.0181818181818181,0.0130841121495327,0.0130841121495327,0.0179640718562874,0.0130841121495327,Consumer Cyclical,0.0130841121495327,0.14229705976874288
LCII,0.5988023952095808,0.3734939759036144,0.4969696969696969,0.5850467289719626,0.2663551401869158,0.5389221556886228,0.108411214953271,Consumer Cyclical,0.3199376947040498,0.5020470559428787
LDOS,0.1357466063348416,0.3273542600896861,0.3004484304932735,0.1813084112149532,0.0523364485981308,0.7219730941704036,0.0130841121495327,Technology,0.08224299065420557,0.3713805977720512
LEA,0.8862275449101796,0.2409638554216867,0.0545454545454545,0.7429906542056075,0.6747663551401869,0.311377245508982,0.6841121495327103,Consumer Cyclical,0.7006230529595016,0.37327852509657566
LECO,0.4088888888888889,0.5911111111111111,0.8878923766816144,0.6149532710280374,0.5224299065420561,0.9022222222222224,0.5037383177570094,Industrials,0.5470404984423677,0.6975286497259592
LEGN,0.551948051948052,0.1642857142857142,0.6666666666666666,0.1700934579439252,0.7588785046728972,0.2243589743589743,0.6700934579439253,Healthcare,0.5330218068535825,0.40181485181485177
LEN,0.9101796407185628,0.6867469879518072,0.7393939393939394,0.1925233644859813,0.1841121495327102,0.4191616766467065,0.1093457943925233,Consumer Cyclical,0.16199376947040495,0.688870561177754
LEU,0.1428571428571428,0.0857142857142857,0.1285714285714285,0.2560747663551402,0.1299065420560747,0.3571428571428571,0.0532710280373831,Energy,0.146417445482866,0.17857142857142852
LEVI,0.6467065868263473,0.5301204819277109,0.8666666666666667,0.5813084112149532,0.4252336448598131,0.688622754491018,0.5738317757009346,Consumer Cyclical,0.5267912772585669,0.6830291224779357
LFST,0.5909090909090909,0.5071428571428571,0.3257575757575757,0.7411214953271028,0.5233644859813084,0.4038461538461538,0.8822429906542056,Healthcare,0.7155763239875389,0.45691391941391934
LFUS,0.5520361990950227,0.4439461883408072,0.358744394618834,0.8785046728971962,0.9261682242990654,0.1659192825112107,0.8897196261682243,Technology,0.8981308411214953,0.38016151614146865
LH,0.2987012987012987,0.5214285714285715,0.2878787878787879,0.3130841121495327,0.4420560747663551,0.6538461538461539,0.3121495327102804,Healthcare,0.3557632398753894,0.44046370296370296
LHX,0.5511111111111111,0.6577777777777778,0.2152466367713004,0.5570093457943925,0.5467289719626168,0.3511111111111111,0.2616822429906542,Industrials,0.4551401869158879,0.4438116591928251
LIF,0.3212669683257919,0.4573991031390134,0.7354260089686099,0.0766355140186915,0.0308411214953271,0.8385650224215246,0.0626168224299065,Technology,0.056697819314641705,0.588164275713735
LII,0.1688888888888889,0.7244444444444444,0.8923766816143498,0.2177570093457944,0.3738317757009345,0.9888888888888888,0.4177570093457944,Industrials,0.33644859813084116,0.6936497259591431
LITE,0.1176470588235294,0.1838565022421524,0.1524663677130044,0.9878504672897196,0.9878504672897196,0.6322869955156951,0.9373831775700936,Technology,0.9710280373831776,0.27156423107359534
LKQ,0.6586826347305389,0.4518072289156626,0.5575757575757576,0.1289719626168224,0.2981308411214953,0.2934131736526946,0.1850467289719626,Consumer Cyclical,0.2040498442367601,0.4903696987186634
LLY,0.3181818181818182,0.6357142857142857,0.8257575757575758,0.6551401869158878,0.3915887850467289,0.9743589743589745,0.6747663551401869,Healthcare,0.5738317757009345,0.6885031635031635
LLYVK,0.0326086956521739,0.0666666666666666,0.0697674418604651,0.5476635514018692,0.6485981308411215,0.0652173913043478,0.5102803738317757,Communication Services,0.5688473520249221,0.05856504887091335
LMT,0.3555555555555555,0.4444444444444444,0.1659192825112107,0.4616822429906542,0.594392523364486,0.6844444444444444,0.2728971962616822,Industrials,0.44299065420560746,0.4125909317389138
LNG,0.0571428571428571,0.6142857142857143,0.4,0.3570093457943925,0.7364485981308411,0.3857142857142857,0.3934579439252336,Energy,0.49563862928348906,0.36428571428571427
LNT,0.2372881355932203,0.9655172413793104,0.2413793103448276,0.5635514018691589,0.6130841121495327,0.8135593220338984,0.5728971962616822,Utilities,0.5831775700934579,0.5644360023378141
LOAR,0.2222222222222222,0.8977777777777778,0.1973094170403587,0.1392523364485981,0.288785046728972,0.2711111111111111,0.4523364485981308,Industrials,0.29345794392523367,0.39710513203786746
LOPE,0.8923076923076924,0.9230769230769232,0.9076923076923076,0.1775700934579439,0.3373831775700934,0.9692307692307692,0.1271028037383177,Consumer Defensive,0.21401869158878503,0.9230769230769231
LOW,0.1137724550898203,0.5843373493975904,0.806060606060606,0.3663551401869159,0.2401869158878504,0.8323353293413174,0.1887850467289719,Consumer Cyclical,0.2651090342679127,0.5841264349723336
LPX,0.8222222222222222,0.1288888888888889,0.4484304932735426,0.1691588785046729,0.1878504672897196,0.2755555555555555,0.2355140186915887,Industrials,0.19750778816199374,0.4187742899850523
LRCX,0.5701357466063348,0.7802690582959642,0.874439461883408,0.9579439252336448,0.9364485981308412,0.968609865470852,0.966355140186916,Technology,0.953582554517134,0.7983635330641397
LRN,0.8153846153846154,0.7384615384615385,0.5692307692307692,0.0532710280373831,0.7710280373831776,0.8153846153846154,0.1981308411214953,Consumer Defensive,0.34080996884735204,0.7346153846153847
LSCC,0.7963800904977375,0.6591928251121076,0.7802690582959642,0.9420560747663552,0.9448598130841122,0.2825112107623318,0.9289719626168224,Technology,0.9386292834890967,0.6295882961670353
LSTR,0.9022222222222224,0.28,0.8699551569506726,0.6897196261682244,0.7747663551401869,0.6622222222222223,0.8635514018691589,Industrials,0.7760124610591901,0.6785999003487793
LTH,0.3592814371257485,0.0180722891566265,0.1878787878787878,0.4794392523364486,0.719626168224299,0.4311377245508982,0.8579439252336448,Consumer Cyclical,0.6856697819314642,0.24909255967801525
LUMN,0.3260869565217391,0.1777777777777777,0.3255813953488372,0.914018691588785,0.6878504672897197,0.108695652173913,0.3392523364485981,Communication Services,0.6470404984423676,0.23453544545556676
LUV,0.7244444444444444,0.1111111111111111,0.3901345291479821,0.6205607476635514,0.4345794392523364,0.2488888888888888,0.7990654205607477,Industrials,0.6180685358255452,0.3686447433981066
LVS,0.1257485029940119,0.8614457831325302,0.509090909090909,0.5196261682242991,0.1074766355140186,0.6526946107784432,0.1551401869158878,Consumer Cyclical,0.26074766355140183,0.5372449514989736
LW,0.1384615384615384,0.6,0.1538461538461538,0.1719626168224299,0.1,0.3692307692307692,0.2383177570093458,Consumer Defensive,0.17009345794392525,0.3153846153846154
LYFT,0.6425339366515838,0.5067264573991032,0.547085201793722,0.2523364485981308,0.0514018691588785,0.9730941704035876,0.105607476635514,Technology,0.13644859813084112,0.6673599415619991
LYV,0.3478260869565217,0.2444444444444444,0.6046511627906976,0.4439252336448598,0.6794392523364486,0.2608695652173913,0.5822429906542056,Communication Services,0.5685358255451715,0.3644478148522638
M,0.7125748502994012,0.3493975903614458,0.8363636363636363,0.8485981308411215,0.2542056074766355,0.3532934131736527,0.7570093457943925,Consumer Cyclical,0.6199376947040498,0.5629073725495339
MANH,0.7013574660633484,0.9147982062780268,0.9887892376681614,0.1149532710280373,0.1205607476635514,0.9596412556053812,0.1037383177570093,Technology,0.11308411214953268,0.8911465414037294
MAR,0.2095808383233532,0.7409638554216867,0.2484848484848484,0.6915887850467289,0.6925233644859813,0.7065868263473054,0.7588785046728972,Consumer Cyclical,0.7143302180685357,0.47640409214429846
MAS,0.0577777777777777,0.6888888888888889,0.9596412556053812,0.4411214953271028,0.4635514018691589,0.9466666666666668,0.5700934579439252,Industrials,0.4915887850467289,0.6632436472346787
MAT,0.5209580838323353,0.4819277108433735,0.6242424242424243,0.1523364485981308,0.0962616822429906,0.6167664670658682,0.0953271028037383,Consumer Cyclical,0.11464174454828657,0.5609736714960003
MATX,0.8088888888888889,0.3688888888888889,0.2825112107623318,0.791588785046729,0.8299065420560747,0.7422222222222222,0.8700934579439252,Industrials,0.8305295950155763,0.550627802690583
MCD,0.059880239520958,0.9879518072289156,0.3939393939393939,0.3317757009345794,0.2570093457943925,0.8922155688622755,0.2214953271028037,Consumer Cyclical,0.2700934579439252,0.5834967523878857
MCHP,0.2262443438914027,0.5605381165919282,0.2511210762331838,0.6429906542056075,0.8233644859813084,0.2242152466367713,0.822429906542056,Technology,0.7629283489096573,0.31552969583832147
MCK,0.7337662337662337,0.25,0.2045454545454545,0.394392523364486,0.3280373831775701,0.6858974358974359,0.2560747663551402,Healthcare,0.3261682242990654,0.46855228105228097
MDGL,0.448051948051948,0.1214285714285714,0.9696969696969696,0.8242990654205608,0.3205607476635514,0.1602564102564102,0.4439252336448598,Healthcare,0.5295950155763239,0.42485847485847483
MDLZ,0.6615384615384615,0.4153846153846154,0.1384615384615384,0.2542056074766355,0.6233644859813084,0.3230769230769231,0.4682242990654205,Consumer Defensive,0.44859813084112155,0.3846153846153846
MDU,0.8305084745762712,0.2586206896551724,0.2586206896551724,0.6738317757009346,0.6271028037383177,0.4406779661016949,0.5373831775700935,Utilities,0.612772585669782,0.4471069549970777
MEDP,0.8246753246753247,0.8928571428571429,0.6742424242424242,0.6700934579439253,0.1271028037383177,0.9903846153846154,0.2514018691588785,Healthcare,0.34953271028037386,0.8455398767898767
META,0.7608695652173914,0.7333333333333333,0.813953488372093,0.2233644859813084,0.2841121495327103,0.9130434782608696,0.1757009345794392,Communication Services,0.2277258566978193,0.8052999662959219
MGEE,0.9322033898305084,0.396551724137931,0.6379310344827587,0.211214953271028,0.3252336448598131,0.9491525423728814,0.3280373831775701,Utilities,0.2881619937694704,0.7289596727060199
MGM,0.1197604790419161,0.6144578313253012,0.2242424242424242,0.4457943925233645,0.4514018691588785,0.1437125748502994,0.8168224299065421,Consumer Cyclical,0.5713395638629284,0.2755433273649852
MGNI,0.8695652173913043,0.2,0.2325581395348837,0.1037383177570093,0.1570093457943925,0.6739130434782609,0.6981308411214954,Communication Services,0.31962616822429907,0.4940091001011122
MGRC,0.6888888888888889,0.1911111111111111,0.4304932735426009,0.3271028037383177,0.4570093457943925,0.5688888888888889,0.5280373831775701,Industrials,0.4373831775700934,0.4698455406078724
MGY,0.8571428571428571,0.9285714285714286,0.8571428571428571,0.5654205607476636,0.788785046728972,0.8714285714285714,0.4738317757009346,Energy,0.6093457943925235,0.8785714285714287
MHK,0.874251497005988,0.5,0.2303030303030303,0.3504672897196261,0.3093457943925233,0.281437125748503,0.2869158878504673,Consumer Cyclical,0.31557632398753893,0.47149791326438034
MHO,0.844311377245509,0.3433734939759036,0.3090909090909091,0.5233644859813084,0.3635514018691588,0.6047904191616766,0.5990654205607476,Consumer Cyclical,0.49532710280373826,0.5253915498684996
MIDD,0.3511111111111111,0.8133333333333334,0.5291479820627802,0.3476635514018691,0.3757009345794392,0.0444444444444444,0.6757009345794392,Industrials,0.4663551401869159,0.4345092177379173
MIR,0.3644444444444444,0.5555555555555556,0.1883408071748878,0.2271028037383177,0.1177570093457943,0.1644444444444444,0.1476635514018691,Industrials,0.16417445482866036,0.318196312904833
MKC,0.676923076923077,0.5846153846153846,0.1692307692307692,0.0841121495327102,0.0635514018691588,0.7230769230769231,0.0981308411214953,Consumer Defensive,0.08193146417445475,0.5384615384615385
MKSI,0.0950226244343891,0.3004484304932735,0.3094170403587444,0.9626168224299064,0.9523364485981308,0.3632286995515695,0.974766355140187,Technology,0.9632398753894081,0.2670291987094941
MLI,0.9888888888888888,0.8044444444444444,0.8161434977578476,0.8327102803738318,0.6738317757009346,0.9888888888888888,0.7102803738317757,Industrials,0.7389408099688474,0.8995914299950174
MLM,0.5254237288135594,0.847457627118644,0.2203389830508474,0.3299065420560748,0.2130841121495327,0.9322033898305084,0.3336448598130841,Basic Materials,0.2922118380062306,0.6313559322033898
MLYS,,,,0.897196261682243,0.1728971962616822,0.1794871794871795,0.0925233644859813,Healthcare,0.3875389408099688,0.1794871794871795
MMM,0.3377777777777778,0.52,0.7040358744394619,0.3962616822429906,0.3186915887850467,0.6488888888888888,0.4280373831775701,Industrials,0.3809968847352025,0.5526756352765322
MMS,0.2755555555555555,0.4222222222222222,0.7937219730941704,0.2570093457943925,0.0766355140186915,0.7244444444444444,0.0560747663551401,Industrials,0.1299065420560747,0.5539860488290981
MMSI,0.4090909090909091,0.6071428571428571,0.4621212121212121,0.0990654205607476,0.0943925233644859,0.6602564102564102,0.1841121495327102,Healthcare,0.12585669781931458,0.5346528471528471
MNST,0.9923076923076924,0.9384615384615383,0.6461538461538462,0.6523364485981309,0.6242990654205608,0.9384615384615383,0.7691588785046729,Consumer Defensive,0.6819314641744549,0.8788461538461538
MO,0.023076923076923,0.9923076923076924,0.6,0.6074766355140186,0.7560747663551401,0.9923076923076924,0.6738317757009346,Consumer Defensive,0.6791277258566978,0.6519230769230769
MOD,0.9041916167664672,0.2710843373493976,0.4303030303030303,0.9317757009345794,0.9392523364485982,0.4011976047904191,0.891588785046729,Consumer Cyclical,0.9208722741433023,0.5016941473023285
MOG-A,0.6133333333333333,0.4311111111111111,0.5919282511210763,0.8271028037383178,0.7448598130841122,0.5333333333333333,0.9009345794392524,Industrials,0.8242990654205609,0.5424265072247135
MOH,0.5584415584415584,0.2285714285714285,0.3409090909090909,0.0588785046728971,0.5878504672897197,0.4230769230769231,0.7130841121495327,Healthcare,0.45327102803738323,0.3877497502497502
MOS,0.6101694915254238,0.1186440677966101,0.135593220338983,0.0616822429906542,0.3065420560747663,0.2542372881355932,0.1130841121495327,Basic Materials,0.16043613707165108,0.2796610169491525
MP,0.5423728813559322,0.0254237288135593,0.0254237288135593,0.7785046728971963,0.6719626168224299,0.1864406779661017,0.2775700934579439,Basic Materials,0.57601246105919,0.19491525423728812
MPC,0.2714285714285714,0.3,0.5428571428571428,0.7242990654205608,0.8523364485981308,0.5571428571428572,0.7504672897196262,Energy,0.7757009345794392,0.41785714285714287
MPWR,0.98868778280543,0.6322869955156951,0.6860986547085202,0.9037383177570092,0.911214953271028,0.852017937219731,0.7850467289719626,Technology,0.8666666666666666,0.789772842562344
MRCY,0.5866666666666667,0.4488888888888889,0.1255605381165919,0.8439252336448598,0.8093457943925234,0.1066666666666666,0.8439252336448598,Industrials,0.832398753894081,0.3169456900847035
MRK,0.2792207792207792,0.7928571428571428,0.6439393939393939,0.7289719626168224,0.6364485981308411,0.7243589743589743,0.677570093457944,Healthcare,0.6809968847352025,0.6100940725940726
MRNA,0.7272727272727273,0.1,0.0378787878787878,0.8308411214953271,0.8663551401869158,0.1474358974358974,0.9242990654205608,Healthcare,0.8738317757009346,0.25314685314685315
MRVL,0.5203619909502263,0.5829596412556054,0.2286995515695067,0.933644859813084,0.9878504672897196,0.726457399103139,0.9878504672897196,Technology,0.9697819314641745,0.5146196457196194
MSA,0.6,0.8355555555555556,0.8251121076233184,0.3598130841121495,0.4981308411214953,0.8177777777777778,0.288785046728972,Industrials,0.3822429906542056,0.769611360239163
MSFT,0.6787330316742082,0.6905829596412556,0.5695067264573991,0.2186915887850467,0.2271028037383177,0.905829596412556,0.1345794392523364,Technology,0.1934579439252336,0.7111630785463547
MSGE,0.1956521739130435,0.8666666666666667,0.5348837209302325,0.8261682242990654,0.7738317757009345,0.4130434782608695,0.8626168224299066,Communication Services,0.8208722741433022,0.5025615099427031
MSGS,0.0652173913043478,0.2666666666666666,0.2558139534883721,0.8093457943925234,0.8448598130841122,0.1739130434782608,0.8345794392523365,Communication Services,0.829595015576324,0.1904027637344118
MSI,0.0814479638009049,0.6233183856502242,0.5560538116591929,0.322429906542056,0.5214953271028038,0.757847533632287,0.2551401869158878,Technology,0.36635514018691584,0.5046669236856522
MSM,0.6977777777777778,0.3333333333333333,0.9887892376681614,0.6476635514018692,0.7242990654205608,0.7066666666666667,0.8009345794392523,Industrials,0.7242990654205608,0.6816417538614847
MSTR,0.6244343891402715,0.0156950672645739,0.0156950672645739,0.0130841121495327,0.4766355140186916,0.0156950672645739,0.0130841121495327,Technology,0.167601246105919,0.1678798977334983
MTCH,0.0326086956521739,0.8444444444444444,0.9302325581395348,0.5065420560747663,0.577570093457944,0.8913043478260869,0.497196261682243,Communication Services,0.5271028037383177,0.67464751151556
MTDR,0.4714285714285714,0.2428571428571428,0.6428571428571429,0.4560747663551401,0.8046728971962617,0.4714285714285714,0.4252336448598131,Energy,0.5619937694704049,0.4571428571428572
MTH,0.8083832335329342,0.3132530120481928,0.1151515151515151,0.3411214953271028,0.319626168224299,0.4730538922155688,0.5897196261682243,Consumer Cyclical,0.416822429906542,0.42746041323705275
MTN,0.2934131736526946,0.4759036144578313,0.2909090909090909,0.2,0.2037383177570093,0.2514970059880239,0.4654205607476635,Consumer Cyclical,0.2897196261682243,0.32793072125191014
MTRN,0.4915254237288136,0.2033898305084746,0.5254237288135594,0.9411214953271028,0.9093457943925234,0.4406779661016949,0.9672897196261684,Basic Materials,0.9392523364485982,0.4152542372881356
MTSI,0.5384615384615384,0.4080717488789238,0.4798206278026906,0.9439252336448598,0.9728971962616824,0.6860986547085202,0.9532710280373832,Technology,0.9566978193146417,0.5281131424629183
MTX,0.5084745762711864,0.5254237288135594,0.4406779661016949,0.6850467289719626,0.7074766355140187,0.4576271186440678,0.6728971962616822,Basic Materials,0.6884735202492211,0.48305084745762716
MTZ,0.5111111111111111,0.1822222222222222,0.4349775784753363,0.9121495327102804,0.933644859813084,0.3866666666666666,0.8850467289719626,Industrials,0.9102803738317756,0.3787443946188341
MU,0.6606334841628959,0.5201793721973094,0.6591928251121076,0.9878504672897196,0.9878504672897196,0.9551569506726456,0.9878504672897196,Technology,0.9878504672897196,0.6987906580362396
MUR,0.6285714285714286,0.4571428571428571,0.2571428571428571,0.7579439252336448,0.7158878504672898,0.2714285714285714,0.5757009345794393,Energy,0.683177570093458,0.4035714285714285
MUSA,0.311377245508982,0.2048192771084337,0.7515151515151515,0.6411214953271028,0.7831775700934579,0.7844311377245509,0.7906542056074767,Consumer Cyclical,0.7383177570093458,0.5130357029642795
MWA,0.6533333333333333,0.5733333333333334,0.7533632286995515,0.4130841121495327,0.4411214953271028,0.8044444444444444,0.3289719626168224,Industrials,0.394392523364486,0.6961185849526657
MXL,0.5158371040723982,0.1031390134529148,0.672645739910314,0.9878504672897196,0.9878504672897196,0.0156950672645739,0.9878504672897196,Technology,0.9878504672897196,0.32682923117505025
MYRG,0.9511111111111112,0.3777777777777777,0.7130044843049327,0.9327102803738316,0.9570093457943926,0.72,0.9542056074766356,Industrials,0.9479750778816199,0.6904733432984553
MZTI,0.953846153846154,0.7076923076923077,0.4923076923076923,0.0934579439252336,0.0411214953271028,0.8461538461538461,0.0579439252336448,Consumer Defensive,0.0641744548286604,0.75
NATL,0.0678733031674208,0.1121076233183856,0.242152466367713,0.7607476635514019,0.6299065420560748,0.336322869955157,0.508411214953271,Technology,0.6330218068535826,0.1896140657021691
NBIX,0.7727272727272727,0.9071428571428573,0.8787878787878788,0.5392523364485982,0.5579439252336449,0.8910256410256411,0.6672897196261682,Healthcare,0.5881619937694704,0.8624209124209123
NCLH,0.18562874251497,0.0180722891566265,0.2121212121212121,0.208411214953271,0.122429906542056,0.2155688622754491,0.3158878504672897,Consumer Cyclical,0.2155763239875389,0.15784777651706441
NDSN,0.4222222222222222,0.9688888888888888,0.6905829596412556,0.6598130841121496,0.6897196261682244,0.7288888888888889,0.6439252336448598,Industrials,0.6644859813084113,0.7026457399103139
NE,0.5571428571428572,0.6714285714285714,0.2142857142857142,0.8448598130841122,0.9411214953271028,0.3714285714285714,0.6149532710280374,Energy,0.8003115264797508,0.45357142857142857
NEE,0.3050847457627119,0.913793103448276,0.2241379310344827,0.5953271028037384,0.5925233644859813,0.8305084745762712,0.3841121495327103,Utilities,0.52398753894081,0.5683810637054354
NEM,0.847457627118644,0.9915254237288136,0.7627118644067796,0.8401869158878504,0.5542056074766355,0.9661016949152542,0.2878504672897196,Basic Materials,0.5607476635514018,0.8919491525423728
NET,0.0452488687782805,0.3542600896860987,0.452914798206278,0.5,0.5598130841121496,0.1524663677130044,0.5504672897196262,Technology,0.5367601246105919,0.2512225310959154
NFG,0.5285714285714286,0.6285714285714286,0.5142857142857142,0.302803738317757,0.4177570093457944,0.7714285714285715,0.2401869158878504,Energy,0.3202492211838006,0.6107142857142857
NFLX,0.6521739130434783,0.7777777777777778,0.7441860465116279,0.1177570093457943,0.3355140186915888,0.9565217391304348,0.0710280373831775,Communication Services,0.17476635514018687,0.7826648691158298
NGVT,0.0254237288135593,0.8983050847457628,0.8135593220338984,0.7542056074766356,0.5551401869158878,0.0508474576271186,0.6635514018691588,Basic Materials,0.657632398753894,0.4470338983050848
NI,0.3898305084745763,0.3448275862068966,0.603448275862069,0.5523364485981308,0.6448598130841121,0.5423728813559322,0.5149532710280373,Utilities,0.5707165109034268,0.4701198129748685
NJR,0.2542372881355932,0.6896551724137931,0.7241379310344828,0.6224299065420561,0.6915887850467289,0.8983050847457628,0.6457943925233645,Utilities,0.6532710280373831,0.641583869082408
NKE,0.7365269461077845,0.1746987951807229,0.7333333333333333,0.1299065420560747,0.0532710280373831,0.5269461077844312,0.0663551401869158,Consumer Cyclical,0.08317757009345786,0.5428762956015679
NOC,0.44,0.4755555555555555,0.3183856502242152,0.4495327102803738,0.3925233644859813,0.7333333333333333,0.1392523364485981,Industrials,0.32710280373831774,0.491818634778276
NOG,0.1857142857142857,0.1,0.4857142857142857,0.1626168224299065,0.5981308411214953,0.0214285714285714,0.1186915887850467,Energy,0.2931464174454828,0.1982142857142857
NOV,0.6714285714285714,0.5285714285714286,0.7142857142857143,0.7467289719626168,0.7822429906542057,0.2571428571428571,0.5719626168224299,Energy,0.7003115264797509,0.5428571428571428
NOVT,0.5972850678733032,0.2286995515695067,0.3677130044843049,0.5990654205607476,0.7401869158878505,0.3318385650224215,0.7345794392523365,Technology,0.6912772585669781,0.38138404723738406
NOW,0.6742081447963801,0.8878923766816144,0.7533632286995515,0.02803738317757,0.0336448598130841,0.5919282511210763,0.0476635514018691,Technology,0.036448598130841066,0.7268480003246556
NPO,0.6666666666666666,0.7777777777777778,0.4035874439461883,0.7859813084112149,0.8439252336448598,0.1955555555555555,0.897196261682243,Industrials,0.842367601246106,0.5108968609865471
NRG,0.0677966101694915,0.7586206896551724,0.913793103448276,0.2429906542056074,0.2495327102803738,0.1186440677966101,0.1953271028037383,Utilities,0.22928348909657317,0.4647136177673875
NSC,0.2977777777777777,0.7422222222222222,0.0762331838565022,0.5747663551401869,0.5261682242990654,0.5244444444444445,0.416822429906542,Industrials,0.5059190031152647,0.41016940707523664
NSIT,0.579185520361991,0.1434977578475336,0.2556053811659193,0.1074766355140186,0.6831775700934579,0.2556053811659193,0.7626168224299066,Technology,0.5177570093457944,0.3084735101353408
NTAP,0.416289592760181,0.7668161434977578,0.8251121076233184,0.5420560747663551,0.6121495327102804,0.7937219730941704,0.8710280373831776,Technology,0.6750778816199375,0.7004849542438568
NTCT,0.9049773755656108,0.8923766816143498,0.4887892376681614,0.7906542056074767,0.8177570093457944,0.3901345291479821,0.8523364485981308,Technology,0.8202492211838006,0.669069455999026
NTNX,0.1447963800904977,0.7847533632286996,0.9551569506726456,0.0570093457943925,0.2383177570093458,0.6771300448430493,0.2485981308411215,Technology,0.18130841121495325,0.640459184708723
NTRA,0.7662337662337663,0.3214285714285714,0.8863636363636364,0.4981308411214953,0.2728971962616822,0.2884615384615384,0.6551401869158878,Healthcare,0.4753894080996884,0.5656218781218781
NUE,0.6440677966101694,0.3220338983050847,0.4067796610169492,0.8364485981308412,0.8308411214953271,0.6271186440677966,0.8616822429906542,Basic Materials,0.8429906542056075,0.5
NUVB,0.7597402597402597,0.0714285714285714,0.2803030303030303,0.9214953271028036,0.0130841121495327,0.1666666666666666,0.6476635514018692,Healthcare,0.5274143302180685,0.319534632034632
NUVL,,,,0.6420560747663552,0.4046728971962617,0.1282051282051282,0.7785046728971963,Healthcare,0.6084112149532711,0.1282051282051282
NVDA,0.7692307692307693,0.9887892376681614,0.9887892376681614,0.7355140186915888,0.7308411214953271,0.9887892376681614,0.4822429906542056,Technology,0.6495327102803738,0.9338996205588134
NVST,0.435064935064935,0.4785714285714286,0.4318181818181818,0.5700934579439252,0.5093457943925234,0.4294871794871794,0.5242990654205607,Healthcare,0.5345794392523363,0.4437354312354312
NWE,0.6779661016949152,0.6206896551724138,0.7413793103448276,0.7074766355140187,0.6056074766355141,0.2711864406779661,0.569158878504673,Utilities,0.6274143302180685,0.5778053769725306
NWL,0.1846153846153846,0.0615384615384615,0.3538461538461538,0.1009345794392523,0.3570093457943925,0.0461538461538461,0.791588785046729,Consumer Defensive,0.4165109034267913,0.1615384615384615
NWN,0.6440677966101694,0.2413793103448276,0.3275862068965517,0.616822429906542,0.5186915887850467,0.2372881355932203,0.4598130841121495,Utilities,0.5317757009345795,0.3625803623611923
NWS,0.8043478260869565,0.2222222222222222,,0.2532710280373831,0.4401869158878504,0.8043478260869565,0.2906542056074766,Communication Services,0.32803738317757003,0.6103059581320451
NXST,0.1521739130434782,0.4888888888888889,0.4186046511627907,0.4663551401869159,0.3214953271028037,0.3478260869565217,0.1355140186915887,Communication Services,0.3077881619937694,0.35187338501291987
NXT,0.8416289592760181,0.3946188340807174,0.4977578475336323,0.8859813084112149,0.7990654205607477,0.8295964125560538,0.685981308411215,Technology,0.7903426791277258,0.6409005133616054
NYT,0.9891304347826086,0.7111111111111111,0.9069767441860463,0.6570093457943925,0.5018691588785047,0.8695652173913043,0.4467289719626168,Communication Services,0.535202492211838,0.8691958768677677
OC,0.16,0.5333333333333333,0.4573991031390134,0.2355140186915887,0.4327102803738318,0.0666666666666666,0.4214953271028037,Industrials,0.363239875389408,0.3043497757847533
ODFL,0.9888888888888888,0.9111111111111112,0.8026905829596412,0.6289719626168224,0.7570093457943925,0.9644444444444444,0.7747663551401869,Industrials,0.7202492211838006,0.9167837568510215
OGE,0.6610169491525424,0.896551724137931,0.6896551724137931,0.4644859813084112,0.611214953271028,0.7796610169491526,0.5046728971962616,Utilities,0.526791277258567,0.7567212156633548
OGN,0.0844155844155844,0.5,0.3636363636363636,0.6663551401869159,0.950467289719626,0.4679487179487179,0.908411214953271,Healthcare,0.8417445482866043,0.35400016650016647
OGS,0.7288135593220338,0.5862068965517241,0.6551724137931034,0.4953271028037383,0.508411214953271,0.6949152542372882,0.302803738317757,Utilities,0.43551401869158884,0.6662770309760374
OII,0.3857142857142857,0.5428571428571428,0.8714285714285714,0.8252336448598131,0.9037383177570092,0.9428571428571428,0.7355140186915888,Energy,0.8214953271028037,0.6857142857142857
OKE,0.1285714285714285,0.4285714285714285,0.6285714285714286,0.5037383177570094,0.7644859813084112,0.5428571428571428,0.6495327102803738,Energy,0.6392523364485981,0.43214285714285705
OKLO,0.9915254237288136,,,0.4504672897196262,0.1925233644859813,0.0254237288135593,0.0364485981308411,Utilities,0.2264797507788162,0.5084745762711864
OKTA,0.8054298642533937,0.8295964125560538,0.3497757847533632,0.2327102803738317,0.3962616822429906,0.3049327354260089,0.8598130841121495,Technology,0.4962616822429906,0.5724336992472049
OLED,0.9411764705882352,0.8251121076233184,0.3632286995515695,0.0560747663551401,0.1607476635514018,0.7623318385650224,0.0738317757009345,Technology,0.09688473520249213,0.7229622790820364
OLN,0.135593220338983,0.4915254237288136,0.1016949152542373,0.6728971962616822,0.7429906542056075,0.1694915254237288,0.2186915887850467,Basic Materials,0.5448598130841121,0.22457627118644066
OMC,0.6956521739130435,0.5555555555555556,0.0348837209302325,0.405607476635514,0.2934579439252336,0.2391304347826087,0.314018691588785,Communication Services,0.3376947040498442,0.3813054712953601
ON,0.4253393665158371,0.5964125560538116,0.2376681614349775,0.8822429906542056,0.955140186915888,0.4304932735426009,0.9579439252336448,Technology,0.9317757009345794,0.4224783393868068
ONTO,0.9502262443438914,0.6995515695067265,0.2869955156950672,0.9392523364485982,0.9242990654205608,0.4080717488789238,0.9401869158878504,Technology,0.9345794392523364,0.5862112696061522
OPCH,0.3051948051948052,0.3642857142857142,0.5454545454545454,0.0981308411214953,0.0439252336448598,0.6923076923076923,0.0859813084112149,Healthcare,0.07601246105919,0.47681068931068926
OPLN,0.934131736526946,0.9096385542168676,0.1515151515151515,0.7504672897196262,0.6635514018691588,0.3473053892215569,0.8214953271028037,Consumer Cyclical,0.7451713395638628,0.5856477078701305
ORA,0.135593220338983,0.2758620689655172,0.0862068965517241,0.7598130841121495,0.697196261682243,0.2542372881355932,0.5392523364485982,Utilities,0.6654205607476635,0.1879748684979544
ORCL,0.0407239819004524,0.0448430493273542,0.2062780269058296,0.2598130841121495,0.505607476635514,0.5695067264573991,0.1121495327102803,Technology,0.2925233644859812,0.2153379461477588
ORLY,0.3532934131736527,0.7228915662650602,0.8303030303030303,0.3523364485981308,0.4271028037383177,0.9041916167664672,0.2439252336448598,Consumer Cyclical,0.34112149532710273,0.7026699066270525
OSCR,0.8376623376623377,0.7785714285714286,,0.3710280373831776,0.8532710280373832,0.3846153846153846,0.9626168224299064,Healthcare,0.7289719626168224,0.6669497169497168
OSIS,0.2081447963800905,0.1390134529147982,0.3318385650224215,0.2990654205607476,0.1364485981308411,0.5246636771300448,0.1317757009345794,Technology,0.18909657320872272,0.30091512286183875
OSK,0.8711111111111111,0.48,0.336322869955157,0.4934579439252336,0.4,0.5066666666666667,0.3588785046728971,Industrials,0.4174454828660436,0.5485251619332336
OTIS,0.0155555555555555,0.6444444444444445,0.905829596412556,0.1429906542056074,0.1850467289719626,0.8977777777777778,0.1626168224299065,Industrials,0.1635514018691588,0.6159018435475834
OTTR,0.5066666666666667,0.1466666666666666,0.2242152466367713,0.4803738317757009,0.4719626168224299,0.5911111111111111,0.4710280373831775,Industrials,0.47445482866043615,0.36716492277030394
OUST,0.7828054298642534,0.0403587443946188,0.3766816143497757,0.7766355140186916,0.9018691588785048,0.0156950672645739,0.955140186915888,Technology,0.8778816199376948,0.3038852139683055
OVV,0.3,0.8142857142857143,0.9,0.7018691588785047,0.8869158878504673,0.4285714285714285,0.719626168224299,Energy,0.7694704049844235,0.6107142857142857
OXY,0.6857142857142857,0.7285714285714285,0.3142857142857143,0.6140186915887851,0.8504672897196262,0.5857142857142857,0.514018691588785,Energy,0.6595015576323987,0.5785714285714285
P,0.755656108597285,0.3677130044843049,0.9192825112107624,0.7364485981308411,0.6607476635514019,0.4349775784753363,0.2850467289719626,Technology,0.5607476635514019,0.6194073006919222
PACS,0.1168831168831168,0.3071428571428571,0.1287878787878787,0.9476635514018692,0.516822429906542,0.6153846153846154,0.8065420560747664,Healthcare,0.7570093457943926,0.292049617049617
PAG,0.3652694610778443,0.1385542168674698,0.4424242424242424,0.2878504672897196,0.3813084112149533,0.467065868263473,0.5710280373831775,Consumer Cyclical,0.41339563862928347,0.3533284471582574
PANW,0.7873303167420814,0.9192825112107624,0.2959641255605381,0.5831775700934579,0.7869158878504673,0.2959641255605381,0.9074766355140188,Technology,0.7591900311526479,0.57463526976848
PARR,0.3571428571428571,0.2714285714285714,0.9714285714285714,0.8813084112149533,0.8654205607476636,0.9,0.5598130841121496,Energy,0.7688473520249222,0.625
PATH,0.8552036199095022,0.672645739910314,0.8071748878923767,0.2046728971962617,0.0420560747663551,0.7443946188340808,0.0943925233644859,Technology,0.11370716510903423,0.7698547166365685
PATK,0.3772455089820359,0.3674698795180723,0.4484848484848485,0.3467289719626168,0.1719626168224299,0.3592814371257485,0.114018691588785,Consumer Cyclical,0.21090342679127724,0.3881204185276763
PAY,0.9366515837104072,0.2556053811659193,0.820627802690583,0.119626168224299,0.1336448598130841,0.7533632286995515,0.0551401869158878,Technology,0.10280373831775697,0.6915619990666153
PAYC,0.6108597285067874,0.6278026905829597,0.4618834080717489,0.0523364485981308,0.1775700934579439,0.6412556053811659,0.1102803738317757,Technology,0.11339563862928347,0.5854503581356655
PAYX,0.3303167420814479,0.8834080717488789,0.4304932735426009,0.0822429906542056,0.1990654205607476,0.7130044843049327,0.2654205607476635,Technology,0.18224299065420557,0.5893056429194652
PBF,0.5857142857142857,0.1857142857142857,0.0428571428571428,0.7962616822429907,0.8644859813084113,0.4,0.6598130841121496,Energy,0.7735202492211838,0.3035714285714286
PBH,0.422077922077922,0.8142857142857143,0.1742424242424242,0.0495327102803738,0.1373831775700934,0.6730769230769231,0.0841121495327102,Healthcare,0.0903426791277258,0.5209207459207459
PBI,0.0155555555555555,0.9466666666666668,0.7982062780269058,0.7457943925233644,0.8570093457943925,0.4666666666666667,0.9,Industrials,0.8342679127725856,0.5567737917289486
PCAR,0.3777777777777777,0.6222222222222222,0.1076233183856502,0.5439252336448598,0.4074766355140187,0.4933333333333333,0.4766355140186916,Industrials,0.47601246105919004,0.4002391629297459
PCG,0.4576271186440678,0.4137931034482758,0.1551724137931034,0.5093457943925234,0.4831775700934579,0.3220338983050847,0.397196261682243,Utilities,0.4632398753894081,0.3371566335476329
PCOR,0.8144796380090498,0.4618834080717489,0.8565022421524664,0.1018691588785046,0.0271028037383177,0.1076233183856502,0.0130841121495327,Technology,0.04735202492211834,0.5601221516547288
PCTY,0.8733031674208145,0.7174887892376681,0.2645739910313901,0.0663551401869158,0.1009345794392523,0.3991031390134529,0.0887850467289719,Technology,0.08535825545171333,0.5636172716758314
PCVX,0.8441558441558441,,,0.697196261682243,0.5411214953271029,0.1346153846153846,0.4850467289719626,Healthcare,0.5744548286604362,0.48938561438561434
PDFS,0.5882352941176471,0.0627802690582959,0.7130044843049327,0.9009345794392524,0.8990654205607477,0.2466367713004484,0.9682242990654204,Technology,0.9227414330218068,0.40266420469533104
PEG,0.6271186440677966,0.7758620689655172,0.2068965517241379,0.3065420560747663,0.3785046728971962,0.847457627118644,0.385981308411215,Utilities,0.35700934579439253,0.614333722969024
PEGA,0.7737556561085973,0.8116591928251121,0.9887892376681614,0.1,0.0130841121495327,0.9327354260089686,0.0130841121495327,Technology,0.04205607476635514,0.8767348781527098
PEN,0.7077922077922078,0.6428571428571429,0.8333333333333334,0.5897196261682243,0.4710280373831775,0.7948717948717948,0.419626168224299,Healthcare,0.49345794392523357,0.7447136197136197
PENG,0.3257918552036199,0.242152466367713,0.3228699551569506,0.9233644859813084,0.9878504672897196,0.3452914798206278,0.9878504672897196,Technology,0.9663551401869159,0.3090264391372278
PENN,0.1017964071856287,0.0602409638554216,0.1575757575757575,0.3074766355140187,0.6149532710280374,0.059880239520958,0.8130841121495327,Consumer Cyclical,0.5785046728971963,0.09487334203444146
PEP,0.2769230769230769,0.5538461538461539,0.6615384615384615,0.5046728971962616,0.4261682242990654,0.5846153846153846,0.2990654205607476,Consumer Defensive,0.4099688473520249,0.5192307692307693
PFE,0.4025974025974026,0.6642857142857143,0.3181818181818182,0.4775700934579439,0.5205607476635514,0.5576923076923077,0.3327102803738317,Healthcare,0.443613707165109,0.48568931068931065
PFGC,0.3692307692307692,0.123076923076923,0.6153846153846154,0.4364485981308411,0.4691588785046729,0.2,0.585981308411215,Consumer Defensive,0.497196261682243,0.32692307692307687
PG,0.6923076923076923,0.8307692307692308,0.4615384615384615,0.2514018691588785,0.4093457943925234,0.8307692307692308,0.4,Consumer Defensive,0.353582554517134,0.7038461538461538
PGNY,0.8571428571428571,0.6285714285714286,0.7424242424242424,0.4925233644859813,0.322429906542056,0.8012820512820513,0.7523364485981309,Healthcare,0.522429906542056,0.7573551448551449
PH,0.4666666666666667,0.8755555555555555,0.6502242152466368,0.6308411214953271,0.411214953271028,0.8222222222222222,0.5467289719626168,Industrials,0.5295950155763239,0.7036671649227704
PHIN,0.7844311377245509,0.4397590361445783,0.2848484848484848,0.8186915887850468,0.7168224299065421,0.3233532934131736,0.7757009345794392,Consumer Cyclical,0.770404984423676,0.45809798803269686
PHM,0.9281437125748504,0.7289156626506024,0.3636363636363636,0.4747663551401869,0.3495327102803738,0.7724550898203593,0.3878504672897196,Consumer Cyclical,0.4040498442367601,0.6982877071705439
PI,0.0588235294117647,0.4887892376681614,0.6457399103139013,0.6439252336448598,0.1738317757009345,0.0807174887892376,0.1299065420560747,Technology,0.3158878504672896,0.3185175415457662
PII,0.5329341317365269,0.1626506024096385,0.4363636363636363,0.8102803738317756,0.3542056074766355,0.0538922155688622,0.5887850467289719,Consumer Cyclical,0.584423676012461,0.296460146519666
PINS,0.6304347826086957,0.8,0.9883720930232558,0.0355140186915887,0.0813084112149532,0.7391304347826086,0.1018691588785046,Communication Services,0.07289719626168217,0.7894843276036401
PKG,0.5389221556886228,0.5421686746987951,0.1757575757575757,0.4813084112149532,0.4943925233644859,0.562874251497006,0.5878504672897197,Consumer Cyclical,0.5211838006230529,0.4549306644104999
PL,0.2666666666666666,0.6933333333333334,0.2645739910313901,0.9878504672897196,0.9878504672897196,0.0155555555555555,0.7317757009345794,Industrials,0.9024922118380062,0.3100323866467364
PLNT,0.0479041916167664,0.9216867469879518,0.3515151515151515,0.0130841121495327,0.0130841121495327,0.5988023952095808,0.0130841121495327,Consumer Cyclical,0.0130841121495327,0.4799771213323626
PLTR,0.8868778280542986,0.9887892376681614,0.8116591928251121,0.3252336448598131,0.1046728971962616,0.9461883408071748,0.0607476635514018,Technology,0.16355140186915884,0.9083786498386868
PLUS,0.7285067873303167,0.0717488789237668,0.5964125560538116,0.4757009345794392,0.2990654205607476,0.6098654708520179,0.3205607476635514,Technology,0.3651090342679127,0.5016334232899783
PLXS,0.6923076923076923,0.116591928251121,0.1031390134529148,0.8607476635514019,0.9149532710280374,0.4977578475336323,0.9186915887850468,Technology,0.8981308411214953,0.3524491203863401
PM,0.023076923076923,0.9692307692307692,0.5384615384615384,0.3915887850467289,0.7,0.9076923076923076,0.5514018691588785,Consumer Defensive,0.5476635514018691,0.6096153846153846
PNW,0.1525423728813559,0.3103448275862069,0.1896551724137931,0.508411214953271,0.6532710280373831,0.3389830508474576,0.6093457943925233,Utilities,0.5903426791277259,0.24788135593220337
PODD,0.3831168831168831,0.5714285714285714,0.9090909090909092,0.0308411214953271,0.0130841121495327,0.8141025641025641,0.0130841121495327,Healthcare,0.0190031152647975,0.6694347319347319
POOL,0.2533333333333333,0.3555555555555555,0.8968609865470852,0.0757009345794392,0.1383177570093458,0.7911111111111111,0.1214953271028037,Industrials,0.11183800623052957,0.5742152466367714
POR,0.7627118644067796,0.8275862068965517,0.8620689655172413,0.594392523364486,0.4616822429906542,0.2203389830508474,0.4803738317757009,Utilities,0.5121495327102804,0.668176504967855
POST,0.0769230769230769,0.3846153846153846,0.2615384615384615,0.202803738317757,0.3429906542056075,0.2615384615384615,0.1869158878504672,Consumer Defensive,0.24423676012461057,0.2461538461538461
POWI,,0.57847533632287,0.5381165919282511,0.6336448598130842,0.9485981308411215,0.2780269058295964,0.9429906542056076,Technology,0.8417445482866044,0.46487294469357243
POWL,0.9888888888888888,0.8622222222222222,0.7668161434977578,0.9878504672897196,0.9878504672897196,0.9511111111111112,0.9607476635514018,Industrials,0.9788161993769471,0.8922595914299951
PPC,0.5846153846153846,0.2615384615384615,0.3076923076923077,0.0897196261682242,0.1018691588785046,0.6307692307692307,0.0719626168224299,Consumer Defensive,0.08785046728971957,0.4461538461538461
PPG,0.3220338983050847,0.6101694915254238,0.847457627118644,0.3345794392523364,0.4887850467289719,0.6949152542372882,0.591588785046729,Basic Materials,0.4716510903426791,0.6186440677966102
PPL,0.4915254237288136,0.3620689655172414,0.4137931034482758,0.4242990654205607,0.4878504672897196,0.576271186440678,0.3710280373831776,Utilities,0.42772585669781926,0.4609146697837522
PPLI,0.782608695652174,0.1333333333333333,0.5116279069767442,0.4383177570093458,0.4803738317757009,0.3043478260869565,0.5831775700934579,Communication Services,0.5006230529595016,0.43297944051230197
PR,0.7,0.4714285714285714,0.4142857142857143,0.6878504672897197,0.8542056074766355,0.4428571428571428,0.7261682242990655,Energy,0.7560747663551401,0.5071428571428571
PRAX,0.9902597402597404,,,0.9878504672897196,0.7504672897196262,0.141025641025641,0.7766355140186916,Healthcare,0.8383177570093459,0.5656426906426907
PRDO,0.9230769230769232,0.9923076923076924,0.7846153846153846,0.3934579439252336,0.6439252336448598,0.8923076923076924,0.3551401869158878,Consumer Defensive,0.4641744548286604,0.8980769230769232
PRIM,0.7155555555555555,0.1955555555555555,0.3766816143497757,0.7205607476635514,0.2439252336448598,0.5022222222222222,0.0130841121495327,Industrials,0.32585669781931464,0.4475037369207772
PRKS,0.0538922155688622,0.7771084337349398,0.8484848484848485,0.1682242990654205,0.4654205607476635,0.5029940119760479,0.7186915887850467,Consumer Cyclical,0.45077881619937693,0.5456198774411746
PRM,0.2033898305084746,0.7288135593220338,0.423728813559322,0.9102803738317756,0.6074766355140186,0.0847457627118644,0.8560747663551402,Basic Materials,0.7912772585669782,0.36016949152542366
PRMB,0.1538461538461538,0.2923076923076923,0.1846153846153846,0.1411214953271028,0.8214953271028037,0.123076923076923,0.7635514018691589,Consumer Defensive,0.5753894080996885,0.1884615384615384
PRVA,0.9545454545454546,0.4142857142857143,0.1515151515151515,0.3607476635514018,0.3261682242990654,0.4358974358974359,0.3850467289719626,Healthcare,0.3573208722741433,0.48906093906093906
PSKY,0.3695652173913043,0.1111111111111111,0.4883720930232558,0.1869158878504672,0.1560747663551402,0.2826086956521739,0.0785046728971962,Communication Services,0.1404984423676012,0.31291427929446125
PSMT,0.8615384615384616,0.1384615384615384,0.5230769230769231,0.7794392523364486,0.7691588785046729,0.4923076923076923,0.8420560747663551,Consumer Defensive,0.7968847352024923,0.5038461538461538
PSN,0.3393665158371041,0.2242152466367713,0.3542600896860987,0.1401869158878504,0.2121495327102803,0.3766816143497757,0.0616822429906542,Technology,0.138006230529595,0.32363086662743745
PSX,0.3428571428571428,0.2,0.7714285714285715,0.6990654205607477,0.791588785046729,0.5285714285714286,0.6570093457943925,Energy,0.7158878504672898,0.4607142857142857
PTC,0.4932126696832579,0.8609865470852018,0.7085201793721974,0.2093457943925233,0.1869158878504672,0.9147982062780268,0.0373831775700934,Technology,0.1445482866043613,0.7443794006046709
PTCT,0.6883116883116883,0.1071428571428571,0.4166666666666667,0.6691588785046729,0.3102803738317757,0.3076923076923077,0.7046728971962617,Healthcare,0.5613707165109034,0.37995337995337997
PTEN,0.6,0.4,0.0857142857142857,0.8719626168224299,0.9682242990654204,0.1285714285714285,0.788785046728972,Energy,0.8763239875389407,0.30357142857142855
PTON,0.0658682634730539,0.8674698795180723,0.8727272727272727,0.1850467289719626,0.1859813084112149,0.1676646706586826,0.2289719626168224,Consumer Cyclical,0.19999999999999996,0.49343252159427037
PVH,0.6167664670658682,0.4578313253012048,0.6606060606060606,0.6373831775700934,0.702803738317757,0.1796407185628742,0.2785046728971962,Consumer Cyclical,0.5395638629283489,0.47871114288400196
PWR,0.6266666666666667,0.3244444444444444,0.3721973094170404,0.8663551401869158,0.9177570093457944,0.3777777777777777,0.8495327102803738,Industrials,0.8778816199376948,0.42527154957648233
QBTS,0.8280542986425339,0.0156950672645739,0.0156950672645739,0.7813084112149533,0.4607476635514018,0.0156950672645739,0.4607476635514018,Technology,0.567601246105919,0.2187848751090639
QCOM,0.3619909502262443,0.7982062780269058,0.7847533632286996,0.6925233644859813,0.711214953271028,0.8923766816143498,0.7738317757009345,Technology,0.7258566978193146,0.7093318182740499
QLYS,0.7647058823529411,0.9641255605381166,0.8878923766816144,0.1271028037383177,0.0700934579439252,0.9013452914798208,0.2925233644859813,Technology,0.16323987538940807,0.8795172777631232
QRVO,0.3710407239819004,0.5560538116591929,0.4663677130044843,0.5336448598130841,0.6280373831775701,0.4932735426008968,0.6663551401869159,Technology,0.6093457943925233,0.4716839478116186
QS,0.9700598802395208,,,0.8588785046728972,0.1214953271028037,0.0179640718562874,0.0654205607476635,Consumer Cyclical,0.34859813084112146,0.49401197604790414
QSR,0.1916167664670658,0.8554216867469879,0.0848484848484848,0.5102803738317757,0.5822429906542056,0.3353293413173652,0.408411214953271,Consumer Cyclical,0.5003115264797507,0.36680406984497593
QTWO,0.3484162895927601,0.6502242152466368,0.6502242152466368,0.0317757009345794,0.0130841121495327,0.5201793721973094,0.0570093457943925,Technology,0.033956386292834866,0.5422610230708358
QXO,0.6711111111111111,0.2,0.147982062780269,0.1102803738317757,0.1355140186915887,0.0844444444444444,0.102803738317757,Industrials,0.11619937694704047,0.27588440458395613
R,0.0933333333333333,0.2488888888888888,0.2690582959641255,0.7700934579439253,0.7336448598130841,0.2622222222222222,0.8233644859813084,Industrials,0.7757009345794392,0.21837568510214245
RAMP,0.8823529411764706,0.6188340807174888,0.7892376681614349,0.5551401869158878,0.7345794392523365,0.7757847533632287,0.8299065420560747,Technology,0.7065420560747663,0.7665523608546557
RARE,0.8831168831168831,0.0928571428571428,0.7121212121212122,0.0691588785046729,0.0859813084112149,0.0769230769230769,0.4990654205607476,Healthcare,0.2180685358255451,0.44125457875457874
RBA,0.3866666666666666,0.7733333333333333,0.358744394618834,0.308411214953271,0.3841121495327103,0.3066666666666666,0.4364485981308411,Industrials,0.3763239875389408,0.45635276532137514
RBC,0.7555555555555555,0.8888888888888888,0.2914798206278027,0.7317757009345794,0.7299065420560747,0.4888888888888889,0.802803738317757,Industrials,0.7548286604361371,0.6062032884902839
RBLX,0.8260869565217391,0.8222222222222222,0.7674418604651163,0.0130841121495327,0.0130841121495327,0.0869565217391304,0.0130841121495327,Communication Services,0.0130841121495327,0.625676890237052
RBRK,0.1809954751131221,0.600896860986547,0.7443946188340808,0.1327102803738317,0.2074766355140186,0.0493273542600896,0.6018691588785047,Technology,0.314018691588785,0.3939035772984599
RCL,0.3413173652694611,0.536144578313253,0.3333333333333333,0.2981308411214953,0.2859813084112149,0.7664670658682635,0.5317757009345795,Consumer Cyclical,0.3719626168224299,0.4943155856960777
RCUS,0.7207792207792207,0.05,,0.9429906542056076,0.5429906542056074,0.1089743589743589,0.8514018691588785,Healthcare,0.7791277258566979,0.2932511932511932
RDDT,0.9891304347826086,0.9555555555555556,0.9534883720930232,0.402803738317757,0.0327102803738317,0.9347826086956522,0.1962616822429906,Communication Services,0.21059190031152644,0.9582392427817099
RDW,0.8844444444444445,0.0311111111111111,0.0156950672645739,0.3,0.9710280373831776,0.0155555555555555,0.7775700934579439,Industrials,0.6828660436137071,0.23670154459392123
REGN,0.8116883116883117,0.8714285714285714,0.5227272727272727,0.5794392523364486,0.2149532710280373,0.8461538461538461,0.2,Healthcare,0.3314641744548286,0.7629995004995005
RELY,0.8597285067873304,0.4708520179372197,0.968609865470852,0.4,0.8495327102803738,0.6278026905829597,0.7794392523364486,Technology,0.6763239875389409,0.7317482701945904
REYN,0.6766467065868264,0.5903614457831325,0.2181818181818181,0.3775700934579439,0.2822429906542056,0.5508982035928144,0.5411214953271029,Consumer Cyclical,0.40031152647975077,0.5090220435361479
REZI,0.2577777777777778,0.0488888888888888,0.695067264573991,0.6607476635514019,0.1934579439252336,0.0533333333333333,0.1467289719626168,Industrials,0.3336448598130841,0.26376681614349773
RGEN,0.564935064935065,0.5857142857142857,0.0909090909090909,0.2831775700934579,0.0822429906542056,0.4551282051282051,0.2364485981308411,Healthcare,0.20062305295950153,0.42417166167166165
RGLD,0.9322033898305084,0.0254237288135593,0.2033898305084746,0.5682242990654206,0.405607476635514,0.6610169491525424,0.22803738317757,Basic Materials,0.40062305295950157,0.4555084745762712
RH,0.0838323353293413,0.5060240963855421,0.4787878787878787,0.1233644859813084,0.1672897196261682,0.1976047904191616,0.1383177570093458,Consumer Cyclical,0.14299065420560747,0.31656227523048097
RHI,0.88,0.2577777777777778,0.9887892376681614,0.1130841121495327,0.3831775700934579,0.4088888888888889,0.5439252336448598,Industrials,0.34672897196261676,0.633863976083707
RIVN,0.4311377245508982,0.0180722891566265,0.0181818181818181,0.3682242990654205,0.0654205607476635,0.0179640718562874,0.2766355140186916,Consumer Cyclical,0.23676012461059184,0.12133897593640755
RKLB,0.9288888888888888,0.0155555555555555,0.0717488789237668,0.974766355140187,0.9654205607476636,0.0488888888888888,0.8121495327102803,Industrials,0.9174454828660435,0.26627055306427494
RL,0.592814371257485,0.6024096385542169,0.9393939393939394,0.6934579439252336,0.4439252336448598,0.8263473053892215,0.7037383177570093,Consumer Cyclical,0.6137071651090343,0.7402413136487157
RMBS,0.918552036199095,0.9887892376681614,0.6771300448430493,0.9130841121495328,0.8766355140186916,0.8430493273542601,0.7383177570093458,Technology,0.8426791277258566,0.8568801615161414
RMD,0.7532467532467533,0.9285714285714286,0.7045454545454546,0.1785046728971962,0.2233644859813084,0.9487179487179488,0.1009345794392523,Healthcare,0.16760124610591898,0.8337703962703963
RNG,0.0158371040723981,0.6367713004484304,0.9887892376681614,0.7551401869158878,0.822429906542056,0.5022421524663677,0.5009345794392523,Technology,0.6928348909657321,0.5359099486638395
ROAD,0.0977777777777777,0.36,0.2466367713004484,0.414018691588785,0.4476635514018691,0.3155555555555555,0.4616822429906542,Industrials,0.44112149532710276,0.25499252615844537
ROG,0.9230769230769232,0.2825112107623318,0.2331838565022421,0.8626168224299066,0.8242990654205608,0.0986547085201793,0.9214953271028036,Technology,0.8694704049844236,0.3843566747154191
ROK,0.3244444444444444,0.8177777777777778,0.8609865470852018,0.6672897196261682,0.6102803738317757,0.7644444444444445,0.7018691588785047,Industrials,0.6598130841121496,0.6919133034379672
ROKU,0.9347826086956522,0.4222222222222222,0.8837209302325582,0.7401869158878505,0.6046728971962617,0.6086956521739131,0.8149532710280374,Communication Services,0.7199376947040498,0.7123553533310865
ROL,0.6646706586826348,0.8493975903614458,0.9151515151515152,0.2794392523364486,0.2429906542056074,0.940119760479042,0.0990654205607476,Consumer Cyclical,0.20716510903426788,0.8423348811686594
ROP,0.3122171945701357,0.852017937219731,0.1659192825112107,0.0514018691588785,0.0869158878504672,0.4573991031390134,0.1205607476635514,Technology,0.08629283489096569,0.4468883793600227
ROST,0.7305389221556886,0.7710843373493976,0.6424242424242425,0.802803738317757,0.677570093457944,0.8982035928143712,0.7448598130841122,Consumer Cyclical,0.7417445482866043,0.7605627736859251
RPM,0.3050847457627119,0.5932203389830508,0.9915254237288136,0.2728971962616822,0.3121495327102804,0.7966101694915254,0.3485981308411215,Basic Materials,0.311214953271028,0.6716101694915255
RPRX,0.1818181818181818,0.9892857142857144,,0.7485981308411215,0.814018691588785,0.5961538461538461,0.8158878504672897,Healthcare,0.792834890965732,0.5890859140859142
RRC,0.9,0.9,0.7857142857142857,0.2925233644859813,0.6813084112149532,0.9142857142857144,0.2841121495327103,Energy,0.4193146417445483,0.875
RRR,0.0718562874251497,0.8012048192771084,0.4727272727272727,0.4186915887850467,0.2261682242990654,0.3712574850299401,0.4859813084112149,Consumer Cyclical,0.3769470404984423,0.4292614661148677
RRX,0.3422222222222222,0.7466666666666667,0.2869955156950672,0.6831775700934579,0.811214953271028,0.2222222222222222,0.797196261682243,Industrials,0.7638629283489097,0.3995266567015446
RS,0.6610169491525424,0.4406779661016949,0.9661016949152542,0.5130841121495328,0.7130841121495327,0.7288135593220338,0.805607476635514,Basic Materials,0.6772585669781931,0.6991525423728814
RSG,0.2355555555555555,0.8311111111111111,0.4663677130044843,0.1915887850467289,0.3775700934579439,0.56,0.3149532710280374,Industrials,0.29470404984423676,0.5232585949177877
RSI,0.9880239520958084,0.6807228915662651,0.9212121212121211,0.8635514018691589,0.794392523364486,0.497005988023952,0.8785046728971962,Consumer Cyclical,0.8454828660436137,0.7717412382245367
RTX,0.6933333333333334,0.5466666666666666,0.116591928251121,0.5261682242990654,0.394392523364486,0.36,0.4065420560747663,Industrials,0.4423676012461059,0.42914798206278026
RUN,0.0361990950226244,0.0358744394618834,0.0358744394618834,0.9065420560747663,0.1579439252336448,0.3004484304932735,0.0897196261682242,Technology,0.38473520249221177,0.10209910110991618
RUSHA,0.7005988023952096,0.4337349397590361,0.5212121212121212,0.6822429906542056,0.7065420560747664,0.5149700598802395,0.6514018691588785,Consumer Cyclical,0.6800623052959501,0.5426289808116517
RVMD,0.7987012987012987,,,0.9710280373831776,0.9560747663551402,0.0512820512820512,0.9691588785046727,Healthcare,0.9654205607476635,0.42499167499167495
RVTY,0.461038961038961,0.7214285714285714,0.0606060606060606,0.3336448598130841,0.3981308411214953,0.4743589743589743,0.4644859813084112,Healthcare,0.3987538940809969,0.4293581418581418
RXO,0.7288888888888889,0.1377777777777777,0.6098654708520179,0.7644859813084112,0.9214953271028036,0.08,0.9196261682242992,Industrials,0.8685358255451714,0.3891330343796711
S,0.9592760180995475,0.1614349775784753,0.5739910313901345,0.3672897196261682,0.7149532710280374,0.0358744394618834,0.3242990654205607,Technology,0.4688473520249221,0.43264411663251023
SAH,0.1317365269461078,0.1265060240963855,0.6303030303030303,0.3149532710280374,0.6850467289719626,0.1916167664670658,0.7401869158878505,Consumer Cyclical,0.5800623052959502,0.2700405869531473
SAIA,0.9066666666666666,0.3644444444444444,0.2376681614349775,0.8233644859813084,0.805607476635514,0.6133333333333333,0.7411214953271028,Industrials,0.7900311526479751,0.5305281514698554
SAIC,0.085972850678733,0.2645739910313901,0.1883408071748878,0.2644859813084112,0.3551401869158878,0.6457399103139013,0.5261682242990654,Technology,0.38193146417445484,0.29615688979972804
SANM,0.4751131221719457,0.2017937219730941,0.0582959641255605,0.9355140186915888,0.897196261682243,0.3139013452914798,0.9149532710280374,Technology,0.9158878504672897,0.26227603839052005
SATS,0.1304347826086956,0.0333333333333333,0.1395348837209302,0.9878504672897196,0.7233644859813084,0.0326086956521739,0.3700934579439252,Communication Services,0.6937694704049844,0.08397792382878325
SBUX,0.0898203592814371,0.5120481927710844,0.4,0.4710280373831775,0.6626168224299065,0.4071856287425149,0.6056074766355141,Consumer Cyclical,0.5797507788161993,0.35226354519875913
SCCO,0.3559322033898305,0.9491525423728814,0.9322033898305084,0.8766355140186916,0.7467289719626168,0.9915254237288136,0.6392523364485981,Basic Materials,0.7542056074766355,0.8072033898305084
SCI,0.7664670658682635,0.8132530120481928,0.0363636363636363,0.3158878504672897,0.3897196261682243,0.2634730538922156,0.2607476635514019,Consumer Cyclical,0.3221183800623053,0.46988919204307705
SDRL,0.8142857142857143,0.1142857142857142,0.1142857142857142,0.8355140186915888,0.916822429906542,0.1571428571428571,0.4018691588785046,Energy,0.7180685358255451,0.29999999999999993
SEI,0.1,0.0428571428571428,0.3285714285714285,0.9289719626168224,0.9196261682242992,0.3428571428571428,0.8841121495327103,Energy,0.9109034267912772,0.20357142857142851
SEM,0.1623376623376623,0.2928571428571428,0.053030303030303,0.4626168224299065,0.5794392523364486,0.5,0.5925233644859813,Healthcare,0.5448598130841121,0.25205627705627703
SFM,0.2461538461538461,0.3076923076923077,0.9923076923076924,0.0289719626168224,0.5149532710280373,0.7384615384615385,0.3448598130841122,Consumer Defensive,0.29626168224299065,0.5711538461538461
SGI,0.2994011976047904,0.6746987951807228,0.4606060606060606,0.3616822429906542,0.1130841121495327,0.3772455089820359,0.211214953271028,Consumer Cyclical,0.22866043613707165,0.4529878905934024
SHAK,0.4011976047904191,0.1144578313253012,0.6,0.0130841121495327,0.0953271028037383,0.2035928143712574,0.0130841121495327,Consumer Cyclical,0.04049844236760123,0.32981206262174445
SHC,0.0779220779220779,0.4857142857142857,0.2575757575757575,0.6579439252336449,0.2897196261682243,0.5641025641025641,0.322429906542056,Healthcare,0.4233644859813084,0.34632867132867134
SHOO,0.7784431137724551,0.2650602409638554,0.8787878787878788,0.8289719626168224,0.3644859813084112,0.3413173652694611,0.6065420560747663,Consumer Cyclical,0.6,0.5659021496984126
SHW,0.1016949152542373,0.7796610169491526,0.9915254237288136,0.2579439252336448,0.3392523364485981,0.847457627118644,0.3065420560747663,Basic Materials,0.301246105919003,0.6800847457627119
SIRI,0.4347826086956521,0.6444444444444445,0.2093023255813953,0.6766355140186916,0.8074766355140187,0.4565217391304347,0.7822429906542057,Communication Services,0.7554517133956388,0.43626277946298164
SITE,0.4355555555555555,0.2933333333333333,0.9506726457399104,0.3168224299065421,0.2672897196261682,0.4044444444444444,0.1074766355140186,Industrials,0.23052959501557632,0.5210014947683108
SJM,0.3384615384615385,0.6923076923076923,0.2153846153846154,0.4224299065420561,0.4663551401869159,0.0769230769230769,0.5579439252336449,Consumer Defensive,0.4822429906542056,0.33076923076923076
SKY,0.9880239520958084,0.6987951807228916,0.5333333333333333,0.4738317757009346,0.1626168224299065,0.7245508982035929,0.4719626168224299,Consumer Cyclical,0.3694704049844237,0.7361758410889065
SKYW,0.4044444444444444,0.3288888888888889,0.1838565022421524,0.2214953271028037,0.1691588785046729,0.5155555555555555,0.3093457943925233,Industrials,0.2333333333333333,0.3581863477827603
SLAB,0.8914027149321267,0.1255605381165919,0.6995515695067265,0.7392523364485981,0.8962616822429906,0.0941704035874439,0.8093457943925234,Technology,0.8149532710280374,0.4526713065357223
SLB,0.6428571428571429,0.6428571428571429,0.4285714285714285,0.7775700934579439,0.8598130841121495,0.6142857142857143,0.5186915887850467,Energy,0.7186915887850468,0.5821428571428571
SLGN,0.3712574850299401,0.3554216867469879,0.0727272727272727,0.1093457943925233,0.3009345794392523,0.2874251497005988,0.4093457943925234,Consumer Cyclical,0.273208722741433,0.27170789855119987
SM,0.2571428571428571,0.7,0.3428571428571428,0.569158878504673,0.9327102803738316,0.2857142857142857,0.6607476635514019,Energy,0.7208722741433022,0.3964285714285714
SMCI,0.2352941176470588,0.0538116591928251,0.0807174887892376,0.1242990654205607,0.6205607476635514,0.4439461883408072,0.2644859813084112,Technology,0.3364485981308411,0.20344236349248215
SMG,0.0508474576271186,0.6949152542372882,0.8983050847457628,0.319626168224299,0.4579439252336448,0.3898305084745763,0.5112149532710281,Basic Materials,0.42959501557632396,0.5084745762711864
SMR,0.9888888888888888,0.0155555555555555,0.0156950672645739,0.0130841121495327,0.0794392523364486,0.0155555555555555,0.0130841121495327,Industrials,0.035202492211838,0.25892376681614343
SMTC,0.2760180995475113,0.4170403587443946,0.7219730941704036,0.9635514018691588,0.9616822429906542,0.1210762331838565,0.9728971962616824,Technology,0.9660436137071651,0.38402694641154145
SN,0.8922155688622755,0.4277108433734939,0.8848484848484849,0.5495327102803739,0.385981308411215,0.8682634730538922,0.7654205607476635,Consumer Cyclical,0.5669781931464174,0.7682595925345366
SNA,0.8177777777777778,0.9511111111111112,0.7892376681614349,0.5308411214953271,0.5074766355140187,0.8577777777777778,0.5542056074766355,Industrials,0.5308411214953271,0.8539760837070254
SNDR,0.8933333333333333,0.2622222222222222,0.0807174887892376,0.6869158878504673,0.7177570093457943,0.2133333333333333,0.8336448598130841,Industrials,0.7461059190031153,0.36240159441953157
SNOW,0.2941176470588235,0.7040358744394619,0.695067264573991,0.1504672897196261,0.1093457943925233,0.0313901345291479,0.6271028037383177,Technology,0.29563862928348905,0.43115273015035604
SNPS,0.4615384615384615,0.8385650224215246,0.1255605381165919,0.3990654205607477,0.5663551401869159,0.2376681614349775,0.3691588785046729,Technology,0.44485981308411215,0.4158330458778889
SNX,0.6515837104072398,0.1210762331838565,0.1121076233183856,0.8411214953271028,0.8682242990654205,0.3228699551569506,0.9457943925233644,Technology,0.8850467289719625,0.3019093805166081
SO,0.2033898305084746,0.5,0.5862068965517241,0.4158878504672897,0.5626168224299065,0.6440677966101694,0.4485981308411215,Utilities,0.47570093457943924,0.48341613091759206
SOLV,0.3116883116883117,0.2071428571428571,0.5378787878787878,0.3700934579439252,0.3383177570093458,0.8205128205128205,0.3542056074766355,Healthcare,0.3542056074766355,0.46930569430569424
SON,0.4550898203592814,0.216867469879518,0.1212121212121212,0.4962616822429906,0.625233644859813,0.6826347305389222,0.5532710280373832,Consumer Cyclical,0.5582554517133956,0.3689510354974607
SPHR,0.7391304347826086,0.7555555555555555,0.3023255813953488,0.9607476635514018,0.8373831775700935,0.4347826086956521,0.9317757009345794,Communication Services,0.909968847352025,0.5579485451072912
SPSC,0.9638009049773756,0.6547085201793722,0.7982062780269058,0.0130841121495327,0.0130841121495327,0.6591928251121076,0.0495327102803738,Technology,0.025233644859813067,0.7689771320739404
SPXC,0.7866666666666666,0.6533333333333333,0.6457399103139013,0.6233644859813084,0.3719626168224299,0.5822222222222222,0.6448598130841121,Industrials,0.5467289719626168,0.6669905331340309
SR,0.1016949152542373,0.6551724137931034,0.3103448275862069,0.5373831775700935,0.4785046728971963,0.5932203389830508,0.2598130841121495,Utilities,0.4252336448598131,0.4151081239041496
SRE,0.8813559322033898,0.0517241379310344,0.1206896551724138,0.5887850467289719,0.5,0.1864406779661017,0.3887850467289719,Utilities,0.4925233644859813,0.31005260081823494
SRRK,0.2662337662337662,,,0.6785046728971963,0.5850467289719626,0.016025641025641,0.7616822429906542,Healthcare,0.6750778816199378,0.14112970362970362
SSD,0.7288135593220338,0.8305084745762712,0.9152542372881356,0.5186915887850467,0.5710280373831775,0.8983050847457628,0.5953271028037384,Basic Materials,0.5616822429906542,0.8432203389830508
SSNC,0.2307692307692307,0.6816143497757847,0.1434977578475336,0.1934579439252336,0.1261682242990654,0.3811659192825112,0.1607476635514018,Technology,0.16012461059190028,0.35926181441876504
SSRM,0.9915254237288136,0.8813559322033898,0.559322033898305,0.911214953271028,0.7785046728971963,0.4067796610169492,0.6420560747663552,Basic Materials,0.7772585669781931,0.7097457627118644
ST,0.1764705882352941,0.3811659192825112,0.1614349775784753,0.8,0.8280373831775701,0.1973094170403587,0.8532710280373832,Technology,0.8271028037383177,0.22909522553415984
STE,0.6233766233766234,0.7142857142857143,0.3560606060606061,0.2607476635514019,0.2317757009345794,0.75,0.1644859813084112,Healthcare,0.21900311526479746,0.6109307359307359
STLD,0.576271186440678,0.4067796610169492,0.4915254237288136,0.8383177570093457,0.7728971962616823,0.7796610169491526,0.8411214953271028,Basic Materials,0.8174454828660437,0.5635593220338984
STRL,0.8444444444444444,0.8222222222222222,0.6143497757847534,0.9588785046728971,0.9878504672897196,0.8755555555555555,0.9878504672897196,Industrials,0.9781931464174455,0.7891429995017439
STZ,0.1692307692307692,0.8769230769230769,0.3230769230769231,0.2841121495327103,0.5934579439252337,0.5384615384615384,0.3523364485981308,Consumer Defensive,0.40996884735202493,0.47692307692307695
SWK,0.4844444444444444,0.2755555555555555,0.5201793721973094,0.5205607476635514,0.4859813084112149,0.2,0.6429906542056075,Industrials,0.5498442367601246,0.37004484304932733
SWKS,0.6289592760180995,0.4663677130044843,0.2825112107623318,0.3785046728971962,0.6345794392523364,0.42152466367713,0.6401869158878505,Technology,0.5510903426791277,0.44984071586551144
SWX,0.847457627118644,0.1896551724137931,0.4310344827586206,0.5532710280373832,0.5672897196261683,0.9152542372881356,0.5130841121495328,Utilities,0.5445482866043614,0.5958503798947983
SXT,0.3728813559322034,0.3050847457627119,0.7457627118644068,0.5121495327102804,0.6560747663551402,0.6101694915254238,0.7476635514018691,Basic Materials,0.6386292834890965,0.5084745762711864
SYK,0.3766233766233766,0.7428571428571429,0.6060606060606061,0.1878504672897196,0.2532710280373831,0.7435897435897436,0.2009345794392523,Healthcare,0.21401869158878503,0.6172827172827172
SYNA,0.2850678733031674,0.2600896860986547,0.2780269058295964,0.883177570093458,0.9299065420560748,0.1300448430493273,0.930841121495327,Technology,0.9146417445482866,0.23830732707018645
SYRE,0.9902597402597404,,,0.9878504672897196,0.9738317757009346,0.173076923076923,0.9878504672897196,Healthcare,0.9831775700934579,0.5816683316683317
SYY,0.1076923076923077,0.2153846153846154,0.8307692307692308,0.385981308411215,0.4738317757009346,0.4769230769230769,0.3925233644859813,Consumer Defensive,0.41744548286604366,0.4076923076923077
T,0.391304347826087,0.6,0.3488372093023256,0.2813084112149532,0.5177570093457944,0.6956521739130435,0.202803738317757,Communication Services,0.3339563862928349,0.508948432760364
TALO,0.6142857142857143,0.9928571428571428,0.0714285714285714,0.794392523364486,0.8401869158878504,0.0214285714285714,0.6373831775700934,Energy,0.7573208722741432,0.425
TAP,0.7076923076923077,0.6307692307692307,0.2769230769230769,0.2448598130841121,0.2644859813084112,0.023076923076923,0.2065420560747663,Consumer Defensive,0.2386292834890965,0.4096153846153846
TARS,0.6948051948051948,0.2,0.9886363636363636,0.7448598130841122,0.1757009345794392,0.2948717948717949,0.3046728971962616,Healthcare,0.408411214953271,0.5445783383283382
TDC,0.4072398190045249,0.9506726457399104,0.8834080717488789,0.7383177570093458,0.5607476635514018,0.937219730941704,0.625233644859813,Technology,0.6414330218068536,0.7946350668587545
TDG,0.0155555555555555,0.9422222222222222,0.57847533632287,0.2261682242990654,0.3476635514018691,0.7111111111111111,0.3766355140186916,Industrials,0.3168224299065421,0.5618410563029397
TDS,0.8478260869565217,0.0888888888888888,0.1162790697674418,0.5598130841121496,0.4990654205607476,0.391304347826087,0.2700934579439252,Communication Services,0.44299065420560746,0.3610745983597348
TDW,0.4857142857142857,0.8428571428571429,0.7285714285714285,0.811214953271028,0.8925233644859814,0.9285714285714286,0.3644859813084112,Energy,0.6894080996884736,0.7464285714285714
TDY,0.6018099547511312,0.484304932735426,0.2017937219730941,0.5616822429906542,0.6869158878504673,0.5381165919282511,0.4514018691588785,Technology,0.5666666666666665,0.4565063003469756
TE,0.2311111111111111,0.08,0.0358744394618834,0.9878504672897196,0.8336448598130841,0.0155555555555555,0.9355140186915888,Industrials,0.9190031152647974,0.0906352765321375
TECH,0.7142857142857143,0.8071428571428572,0.5303030303030303,0.2850467289719626,0.1897196261682243,0.6089743589743589,0.3355140186915888,Healthcare,0.2700934579439252,0.6651764901764902
TEM,0.0974025974025974,0.15,0.696969696969697,0.0962616822429906,0.108411214953271,0.2435897435897435,0.0794392523364486,Healthcare,0.09470404984423673,0.2969905094905095
TENB,0.3981900452488687,0.726457399103139,0.8340807174887892,0.1467289719626168,0.4233644859813084,0.1704035874439461,0.6242990654205608,Technology,0.3981308411214954,0.5322829373211857
TER,0.8959276018099548,0.3991031390134529,0.8789237668161435,0.9738317757009346,0.9383177570093458,0.9237668161434978,0.9495327102803738,Technology,0.9538940809968848,0.7744303309457622
TEX,0.56,0.3155555555555555,0.1614349775784753,0.585981308411215,0.5271028037383177,0.1777777777777777,0.7373831775700934,Industrials,0.616822429906542,0.30369207772795215
TFX,0.2402597402597402,0.5357142857142857,0.1818181818181818,0.4542056074766355,0.5121495327102804,0.2307692307692307,0.4429906542056074,Healthcare,0.46978193146417446,0.2971403596403596
TGLS,0.7627118644067796,0.2542372881355932,0.8813559322033898,0.0401869158878504,0.1598130841121495,0.8813559322033898,0.2149532710280373,Basic Materials,0.13831775700934573,0.6949152542372881
TGT,0.6153846153846154,0.2461538461538461,0.7384615384615385,0.6560747663551402,0.7495327102803738,0.4461538461538462,0.8,Consumer Defensive,0.735202492211838,0.5115384615384615
THC,0.2142857142857142,0.6857142857142857,0.8636363636363636,0.3841121495327103,0.2850467289719626,0.6794871794871795,0.2327102803738317,Healthcare,0.30062305295950154,0.6107808857808859
THO,0.940119760479042,0.1506024096385542,0.1939393939393939,0.2373831775700934,0.0971962616822429,0.3293413173652694,0.0822429906542056,Consumer Cyclical,0.1389408099688473,0.4035007203555649
TJX,0.5808383233532934,0.6265060240963856,0.7878787878787878,0.602803738317757,0.4495327102803738,0.9101796407185628,0.5448598130841121,Consumer Cyclical,0.532398753894081,0.7263506940117574
TKO,0.5652173913043478,0.9111111111111112,0.3953488372093023,0.4373831775700935,0.2757009345794392,0.3695652173913043,0.4233644859813084,Communication Services,0.378816199376947,0.5603106392540164
TKR,0.4533333333333333,0.5111111111111111,0.5067264573991032,0.8018691588785046,0.8149532710280374,0.4,0.8906542056074767,Industrials,0.8358255451713396,0.4677927254608869
TLN,0.0254237288135593,0.9482758620689656,0.8275862068965517,0.5644859813084112,0.3654205607476635,0.0847457627118644,0.597196261682243,Utilities,0.5090342679127726,0.47150789012273525
TMHC,0.8143712574850299,0.6385542168674698,0.1636363636363636,0.3121495327102804,0.3168224299065421,0.5568862275449101,0.6719626168224299,Consumer Cyclical,0.43364485981308415,0.5433620163834434
TMO,0.2922077922077922,0.6571428571428571,0.1666666666666666,0.4607476635514018,0.1616822429906542,0.6987179487179487,0.208411214953271,Healthcare,0.2769470404984423,0.45368381618381615
TMUS,0.217391304347826,0.6888888888888889,0.5813953488372093,0.2074766355140186,0.3485981308411215,0.6521739130434783,0.2233644859813084,Communication Services,0.2598130841121495,0.5349623637793506
TNET,0.5377777777777778,0.3377777777777778,0.6278026905829597,0.0485981308411214,0.0728971962616822,0.3822222222222222,0.205607476635514,Industrials,0.10903426791277254,0.47139511709018433
TNL,0.0778443113772455,0.7530120481927711,0.7757575757575758,0.6514018691588785,0.2953271028037383,0.3053892215568862,0.6355140186915887,Consumer Cyclical,0.5274143302180686,0.47800078922111966
TOL,0.8502994011976048,0.7590361445783133,0.206060606060606,0.5719626168224299,0.3616822429906542,0.6706586826347305,0.5224299065420561,Consumer Cyclical,0.48535825545171346,0.6215137086178137
TOST,0.9683257918552036,0.3049327354260089,0.8923766816143498,0.0345794392523364,0.02803738317757,0.8161434977578476,0.0934579439252336,Technology,0.05202492211838,0.7454446766633525
TPC,0.8977777777777778,0.6977777777777778,0.1928251121076233,0.819626168224299,0.5831775700934579,0.1911111111111111,0.611214953271028,Industrials,0.6713395638629284,0.4948729446935725
TPL,0.9928571428571428,0.3571428571428571,0.9928571428571428,0.4317757009345794,0.7700934579439253,0.9928571428571428,0.3560747663551402,Energy,0.5193146417445483,0.8339285714285714
TPR,0.2395209580838323,0.9578313253012049,0.9696969696969696,0.7878504672897196,0.5869158878504673,0.7305389221556886,0.6953271028037383,Consumer Cyclical,0.6900311526479751,0.7243970438094238
TREX,0.6222222222222222,0.8844444444444445,0.7443946188340808,0.116822429906542,0.5495327102803739,0.8488888888888889,0.5476635514018692,Industrials,0.4046728971962617,0.7749875435974091
TRGP,0.0214285714285714,0.2285714285714285,0.8285714285714286,0.7728971962616823,0.8672897196261682,0.8,0.8327102803738318,Energy,0.8242990654205608,0.4696428571428571
TRMB,0.6199095022624435,0.3632286995515695,0.4573991031390134,0.1457943925233644,0.0691588785046729,0.4663677130044843,0.0420560747663551,Technology,0.08566978193146413,0.47672625448937767
TRN,0.0488888888888888,0.0444444444444444,0.0493273542600896,0.6644859813084112,0.7037383177570093,0.2666666666666666,0.7233644859813084,Industrials,0.6971962616822429,0.10233183856502236
TSCO,0.3173652694610778,0.2831325301204819,0.7272727272727273,0.0551401869158878,0.0130841121495327,0.7125748502994012,0.0130841121495327,Consumer Cyclical,0.02710280373831773,0.510086344288422
TSLA,0.9520958083832336,0.5180722891566265,0.0909090909090909,0.6056074766355141,0.2186915887850467,0.2455089820359281,0.2373831775700934,Consumer Cyclical,0.3538940809968847,0.4516465426212198
TSN,0.8,0.2307692307692307,0.0461538461538461,0.5757009345794393,0.6317757009345795,0.1692307692307692,0.3373831775700934,Consumer Defensive,0.5149532710280375,0.31153846153846154
TTC,0.4755555555555555,0.8444444444444444,0.9013452914798208,0.6158878504672897,0.6373831775700934,0.7377777777777778,0.5177570093457944,Industrials,0.5903426791277259,0.7397807673143997
TTEK,0.6088888888888889,0.7333333333333333,0.547085201793722,0.1495327102803738,0.1532710280373831,0.7733333333333333,0.1523364485981308,Industrials,0.1517133956386292,0.6656601893373194
TTMI,0.3800904977375565,0.0941704035874439,0.1704035874439461,0.9878504672897196,0.9878504672897196,0.4708520179372197,0.9878504672897196,Technology,0.9878504672897196,0.2788791266765415
TTWO,0.5434782608695652,0.3111111111111111,0.7209302325581395,0.3242990654205607,0.3588785046728971,0.1304347826086956,0.4794392523364486,Communication Services,0.38753894080996876,0.42648859678687784
TWLO,0.6561085972850679,0.4932735426008968,0.4125560538116592,0.7514018691588785,0.7607476635514019,0.2062780269058296,0.8588785046728972,Technology,0.7903426791277258,0.4420540551508634
TWST,0.6753246753246753,0.1285714285714285,0.5681818181818182,0.7981308411214953,0.9373831775700936,0.2564102564102564,0.9878504672897196,Healthcare,0.9077881619937695,0.4071220446220446
TXG,0.7792207792207793,0.75,0.7348484848484849,0.9018691588785048,0.8719626168224299,0.3525641025641026,0.9523364485981308,Healthcare,0.9087227414330218,0.6541583416583416
TXN,0.1855203619909502,0.6098654708520179,0.5336322869955157,0.7420560747663552,0.922429906542056,0.8475336322869955,0.8981308411214953,Technology,0.8542056074766355,0.5441379380313698
TXNM,0.288135593220339,0.1551724137931034,0.7931034482758621,0.408411214953271,0.4504672897196262,0.135593220338983,0.3532710280373832,Utilities,0.40404984423676016,0.3430011689070719
TXRH,0.7544910179640718,0.4457831325301205,0.4121212121212121,0.2588785046728972,0.4542056074766355,0.7904191616766467,0.4887850467289719,Consumer Cyclical,0.40062305295950157,0.6007036310730127
TXT,0.7333333333333333,0.3422222222222222,0.2511210762331838,0.4859813084112149,0.4532710280373832,0.4488888888888889,0.3233644859813084,Industrials,0.42087227414330214,0.4438913801694071
TYL,0.9321266968325792,0.8026905829596412,0.2914798206278027,0.0336448598130841,0.0504672897196261,0.5336322869955157,0.0401869158878504,Technology,0.041433021806853536,0.6399823468538848
U,0.2669683257918552,0.7130044843049327,0.2242152466367713,0.4345794392523364,0.0130841121495327,0.0538116591928251,0.1364485981308411,Technology,0.19470404984423673,0.31449992898159607
UAA,0.497005988023952,0.036144578313253,0.696969696969697,0.1308411214953271,0.6542056074766355,0.0359281437125748,0.4299065420560747,Consumer Cyclical,0.40498442367601245,0.3165121017548692
UAL,0.2844444444444444,0.3066666666666666,0.5426008968609866,0.6364485981308411,0.2392523364485981,0.4133333333333333,0.7327102803738318,Industrials,0.5361370716510904,0.3867613353263577
UBER,0.497737556561086,0.5426008968609866,0.6547085201793722,0.2149532710280373,0.2962616822429906,0.8251121076233184,0.1570093457943925,Technology,0.22274143302180682,0.6300397703061908
UCTT,0.171945701357466,0.0807174887892376,0.2197309417040358,0.9728971962616824,0.9878504672897196,0.0448430493273542,0.9878504672897196,Technology,0.9828660436137072,0.1293092952945234
UEC,0.9928571428571428,0.0214285714285714,0.0214285714285714,0.8757009345794392,0.5635514018691589,0.0428571428571428,0.1149532710280373,Energy,0.5180685358255451,0.2696428571428571
UFPI,0.8813559322033898,0.5084745762711864,0.7796610169491526,0.1887850467289719,0.208411214953271,0.6440677966101694,0.2252336448598131,Basic Materials,0.20747663551401865,0.7033898305084746
UGI,0.5084745762711864,0.8448275862068966,0.9913793103448276,0.3401869158878505,0.3177570093457944,0.8813559322033898,0.3476635514018691,Utilities,0.335202492211838,0.8065093512565752
UHAL,0.3066666666666666,0.04,0.5874439461883408,0.1766355140186916,0.3850467289719626,0.16,0.7271028037383177,Industrials,0.429595015576324,0.2735276532137519
UHS,0.3571428571428571,0.3928571428571428,0.9886363636363636,0.2757009345794392,0.0897196261682242,0.8076923076923077,0.0691588785046729,Healthcare,0.1448598130841121,0.6365821678321678
ULS,0.7733333333333333,0.7866666666666666,0.9641255605381166,0.708411214953271,0.7514018691588785,0.84,0.5607476635514018,Industrials,0.6735202492211837,0.8410313901345292
ULTA,0.6706586826347305,0.6325301204819277,0.9333333333333332,0.3897196261682243,0.202803738317757,0.9461077844311376,0.1177570093457943,Consumer Cyclical,0.23676012461059184,0.7956574802202823
UNF,0.9555555555555556,0.2444444444444444,0.8071748878923767,0.7037383177570093,0.8626168224299066,0.4311111111111111,0.7672897196261682,Industrials,0.7778816199376948,0.609571499750872
UNFI,0.3230769230769231,0.1076923076923077,0.8615384615384616,0.9093457943925234,0.8616822429906542,0.0923076923076923,0.8084112149532711,Consumer Defensive,0.8598130841121496,0.34615384615384615
UNH,0.5324675324675324,0.3857142857142857,0.4242424242424242,0.6037383177570094,0.6570093457943925,0.5705128205128205,0.7859813084112149,Healthcare,0.6822429906542057,0.47823426573426564
UNP,0.1777777777777777,0.9644444444444444,0.2959641255605381,0.525233644859813,0.6186915887850467,0.7777777777777778,0.5299065420560748,Industrials,0.5579439252336448,0.5539910313901345
UPS,0.2444444444444444,0.2977777777777777,0.5246636771300448,0.3822429906542056,0.3990654205607477,0.6177777777777778,0.5635514018691589,Industrials,0.4482866043613707,0.4211659192825112
URBN,0.7964071856287425,0.1927710843373494,0.6727272727272727,0.4093457943925234,0.2616822429906542,0.718562874251497,0.3747663551401869,Consumer Cyclical,0.3485981308411215,0.5951171042362153
URI,0.1066666666666666,0.2533333333333333,0.4977578475336323,0.6271028037383177,0.6514018691588785,0.7022222222222222,0.7514018691588785,Industrials,0.6766355140186916,0.38999501743896364
USFD,0.4923076923076923,0.2,0.6923076923076923,0.3887850467289719,0.5046728971962616,0.4,0.6485981308411215,Consumer Defensive,0.514018691588785,0.4461538461538462
UTHR,0.8766233766233766,0.9428571428571428,0.6590909090909091,0.8570093457943925,0.591588785046729,0.9551282051282052,0.5672897196261683,Healthcare,0.6719626168224299,0.8584249084249085
UTI,0.5076923076923077,0.0461538461538461,0.7230769230769231,0.4252336448598131,0.7953271028037383,0.4307692307692308,0.7831775700934579,Consumer Defensive,0.6679127725856698,0.42692307692307685
UUUU,0.1714285714285714,0.0214285714285714,0.0571428571428571,0.9570093457943926,0.7392523364485981,0.0857142857142857,0.1420560747663551,Energy,0.612772585669782,0.08392857142857141
VAC,0.281437125748503,0.0662650602409638,0.2363636363636363,0.4598130841121495,0.7672897196261682,0.0778443113772455,0.9102803738317756,Consumer Cyclical,0.712461059190031,0.16547753343258714
VC,0.9221556886227544,0.4216867469879518,0.1333333333333333,0.5467289719626168,0.5813084112149532,0.437125748502994,0.6046728971962617,Consumer Cyclical,0.5775700934579439,0.47857537936175837
VECO,0.5339366515837104,0.210762331838565,0.2466367713004484,0.950467289719626,0.9514018691588784,0.2511210762331838,0.9878504672897196,Technology,0.9632398753894079,0.31061420773897686
VEEV,0.922077922077922,0.9892857142857144,0.4469696969696969,0.0439252336448598,0.0915887850467289,0.8269230769230769,0.0644859813084112,Healthcare,0.06666666666666664,0.7963141025641025
VFC,0.3293413173652694,0.4036144578313253,0.7696969696969697,0.680373831775701,0.2411214953271028,0.2215568862275449,0.3383177570093458,Consumer Cyclical,0.41993769470404985,0.4310524077802773
VIAV,0.1402714932126696,0.1524663677130044,0.4932735426008968,0.9878504672897196,0.9878504672897196,0.1255605381165919,0.9710280373831776,Technology,0.9822429906542056,0.22789298541079067
VICR,0.9457013574660632,0.5650224215246636,0.6188340807174888,0.9878504672897196,0.9878504672897196,0.8834080717488789,0.9878504672897196,Technology,0.9878504672897196,0.7532414828642736
VISN,0.98868778280543,0.3318385650224215,0.1210762331838565,0.9700934579439252,0.7897196261682243,0.9887892376681614,0.8570093457943925,Technology,0.8722741433021807,0.6075979546699674
VLO,0.7571428571428571,0.3285714285714285,0.4714285714285714,0.814018691588785,0.8579439252336448,0.6857142857142857,0.7644859813084112,Energy,0.8121495327102802,0.5607142857142857
VLTO,0.3733333333333333,0.9066666666666666,0.9237668161434978,0.2242990654205607,0.211214953271028,0.8711111111111111,0.197196261682243,Industrials,0.21090342679127724,0.7687194818136522
VMC,0.4745762711864407,0.8135593220338984,0.3898305084745763,0.3514018691588785,0.2794392523364486,0.6779661016949152,0.414018691588785,Basic Materials,0.34828660436137077,0.5889830508474576
VMI,0.5688888888888889,0.5244444444444445,0.8475336322869955,0.7616822429906542,0.7186915887850467,0.7822222222222223,0.8271028037383178,Industrials,0.7691588785046729,0.6807722969606378
VNOM,0.8857142857142857,0.0571428571428571,0.1428571428571428,0.5327102803738317,0.7289719626168224,0.2285714285714285,0.502803738317757,Energy,0.5881619937694704,0.3285714285714285
VNT,0.1221719457013574,0.3452914798206278,0.6053811659192825,0.1672897196261682,0.1289719626168224,0.7174887892376681,0.1158878504672897,Technology,0.13738317757009344,0.44758334516973397
VRNS,0.3031674208144796,0.515695067264574,0.5201793721973094,0.0626168224299065,0.2943925233644859,0.0672645739910313,0.3626168224299065,Technology,0.23987538940809963,0.35157660856684864
VRSK,0.0155555555555555,0.9888888888888888,0.8789237668161435,0.0420560747663551,0.1485981308411215,0.9555555555555556,0.1514018691588785,Industrials,0.11401869158878503,0.7097309417040358
VRSN,0.0158371040723981,0.9887892376681614,0.9887892376681614,0.4308411214953271,0.72803738317757,0.9887892376681614,0.2953271028037383,Technology,0.4847352024922118,0.7455512042692206
VRT,0.6311111111111111,0.9555555555555556,0.7847533632286996,0.9401869158878504,0.966355140186916,0.8622222222222222,0.8794392523364486,Industrials,0.9286604361370717,0.8084105630293972
VRTX,0.7922077922077922,0.9214285714285714,0.7196969696969697,0.3102803738317757,0.3626168224299065,0.9230769230769232,0.4981308411214953,Healthcare,0.39034267912772586,0.8391025641025641
VSAT,0.1266968325791855,0.358744394618834,0.0627802690582959,0.9878504672897196,0.9700934579439252,0.1838565022421524,0.8691588785046729,Technology,0.9423676012461059,0.18301949962461694
VSEC,0.8533333333333334,0.0977777777777777,0.0448430493273542,0.5981308411214953,0.4682242990654205,0.2044444444444444,0.6831775700934579,Industrials,0.5831775700934579,0.3000996512207274
VSH,0.4027149321266968,0.0762331838565022,0.1390134529147982,0.9448598130841122,0.9878504672897196,0.1928251121076233,0.9878504672897196,Technology,0.9735202492211839,0.20269667025140511
VST,0.2203389830508474,0.9310344827586208,0.9482758620689656,0.1635514018691588,0.2626168224299065,0.9915254237288136,0.2943925233644859,Utilities,0.24018691588785038,0.7727936879018119
VTRS,0.2337662337662337,0.55,0.0757575757575757,0.8467289719626169,0.8037383177570093,0.3653846153846153,0.7728971962616823,Healthcare,0.8077881619937695,0.3062271062271062
VVV,0.2694610778443114,0.4096385542168674,0.296969696969697,0.2289719626168224,0.5532710280373832,0.2395209580838323,0.6364485981308411,Consumer Cyclical,0.4728971962616822,0.30389757177867704
VVX,0.4,0.2133333333333333,0.1704035874439461,0.7635514018691589,0.780373831775701,0.2444444444444444,0.8186915887850468,Industrials,0.7875389408099688,0.25704534130543094
VZ,0.2608695652173913,0.5333333333333333,0.4418604651162791,0.5485981308411215,0.7121495327102804,0.5652173913043478,0.5196261682242991,Communication Services,0.5934579439252337,0.4503201887428379
W,0.0179640718562874,0.2108433734939759,0.987878787878788,0.6355140186915887,0.0485981308411214,0.0419161676646706,0.3299065420560748,Consumer Cyclical,0.338006230529595,0.3146506002234305
WAB,0.5333333333333333,0.7377777777777778,0.3452914798206278,0.5934579439252337,0.680373831775701,0.4711111111111111,0.7093457943925233,Industrials,0.6610591900311525,0.5218784255107125
WAT,0.5714285714285714,0.45,0.106060606060606,0.3233644859813084,0.2710280373831775,0.5192307692307693,0.4271028037383177,Healthcare,0.3404984423676012,0.4116799866799867
WAY,0.5064935064935064,0.8785714285714286,0.0833333333333333,0.0130841121495327,0.0130841121495327,0.4935897435897436,0.02803738317757,Healthcare,0.018068535825545132,0.49049700299700294
WBD,0.5,0.2888888888888888,0.2790697674418604,0.930841121495327,0.3803738317757009,0.1521739130434782,0.4953271028037383,Communication Services,0.6021806853582554,0.30503314234355683
WCC,0.28,0.16,0.7802690582959642,0.8710280373831776,0.8364485981308412,0.3422222222222222,0.8018691588785046,Industrials,0.8364485981308412,0.3906228201295466
WDAY,0.4434389140271493,0.8340807174887892,0.7757847533632287,0.0271028037383177,0.0130841121495327,0.452914798206278,0.0308411214953271,Technology,0.02367601246105917,0.6265547957713613
WDC,0.665158371040724,0.7219730941704036,0.6233183856502242,0.9878504672897196,0.9878504672897196,0.9887892376681614,0.9878504672897196,Technology,0.9878504672897196,0.7498097721323783
WEC,0.559322033898305,0.5344827586206896,0.2758620689655172,0.4401869158878504,0.5392523364485982,0.7627118644067796,0.4242990654205607,Utilities,0.46791277258566977,0.5330946814728228
WERN,0.4577777777777778,0.1066666666666666,0.085201793721973,0.719626168224299,0.7457943925233644,0.1155555555555555,0.8280373831775701,Industrials,0.7644859813084112,0.1913004484304932
WEX,0.2805429864253393,0.4125560538116592,0.0717488789237668,0.3850467289719626,0.397196261682243,0.273542600896861,0.1532710280373831,Technology,0.3118380062305296,0.25959763001440656
WFRD,0.4,0.5714285714285714,0.9571428571428572,0.8943925233644859,0.8271028037383178,0.8285714285714286,0.4158878504672897,Energy,0.7124610591900312,0.6892857142857143
WH,0.2155688622754491,0.9518072289156626,0.2545454545454545,0.3588785046728971,0.4485981308411215,0.3832335329341317,0.5420560747663551,Consumer Cyclical,0.4498442367601245,0.4512887696676745
WHD,0.9714285714285714,0.9142857142857144,0.8142857142857143,0.6719626168224299,0.8102803738317756,0.7428571428571429,0.5457943925233645,Energy,0.67601246105919,0.8607142857142858
WHR,0.5029940119760479,0.0542168674698795,0.109090909090909,0.0130841121495327,0.0130841121495327,0.1616766467065868,0.0130841121495327,Consumer Cyclical,0.0130841121495327,0.2069946088108558
WING,0.0179640718562874,0.9156626506024096,0.7575757575757576,0.0130841121495327,0.0130841121495327,0.9281437125748504,0.0383177570093457,Consumer Cyclical,0.0214953271028037,0.6548365481523262
WK,0.0497737556561085,0.5695067264573991,0.8609865470852018,0.1373831775700934,0.0130841121495327,0.2017937219730941,0.0336448598130841,Technology,0.0613707165109034,0.42051518779295083
WLK,0.4406779661016949,0.1016949152542373,0.0677966101694915,0.5626168224299065,0.6700934579439253,0.0254237288135593,0.1878504672897196,Basic Materials,0.4735202492211838,0.15889830508474576
WLY,0.4565217391304347,0.4,0.8604651162790697,0.3289719626168224,0.7934579439252336,0.8478260869565217,0.7607476635514019,Communication Services,0.6277258566978193,0.6412032355915065
WM,0.1111111111111111,0.7288888888888889,0.5605381165919282,0.2775700934579439,0.416822429906542,0.5422222222222223,0.3570093457943925,Industrials,0.35046728971962615,0.48569008470353764
WMB,0.1142857142857142,0.4142857142857143,0.5571428571428572,0.6177570093457944,0.7682242990654206,0.5142857142857142,0.6822429906542056,Energy,0.6894080996884734,0.39999999999999997
WMG,0.2826086956521739,0.1555555555555555,0.627906976744186,0.6261682242990654,0.6710280373831776,0.5869565217391305,0.2570093457943925,Communication Services,0.5180685358255451,0.4132569374227615
WMS,0.2488888888888888,0.9155555555555556,0.6995515695067265,0.5018691588785047,0.2925233644859813,0.7688888888888888,0.2915887850467289,Industrials,0.36199376947040496,0.658221225710015
WMT,0.7538461538461538,0.1538461538461538,0.9230769230769232,0.5878504672897197,0.5065420560747663,0.5538461538461539,0.4074766355140187,Consumer Defensive,0.5006230529595016,0.5961538461538461
WOR,0.7466666666666667,0.7022222222222222,0.484304932735426,0.2691588785046729,0.4813084112149532,0.5555555555555556,0.6102803738317757,Industrials,0.4535825545171339,0.6221873442949676
WRBY,0.3701298701298701,0.3785714285714285,0.8939393939393939,0.4579439252336448,0.2878504672897196,0.3974358974358974,0.516822429906542,Healthcare,0.42087227414330214,0.5100191475191476
WS,0.711864406779661,0.3559322033898305,0.576271186440678,0.7691588785046729,0.5485981308411215,0.5423728813559322,0.6,Basic Materials,0.6392523364485981,0.5466101694915254
WSM,0.7485029940119761,0.8313253012048193,0.9272727272727272,0.5364485981308411,0.4457943925233645,0.9520958083832336,0.7140186915887851,Consumer Cyclical,0.5654205607476636,0.8647992077181891
WSO,0.8755555555555555,0.5688888888888889,0.9327354260089686,0.2504672897196262,0.5682242990654206,0.8,0.402803738317757,Industrials,0.4071651090342679,0.7942949676133533
WST,0.7857142857142857,0.6142857142857143,0.4696969696969697,0.7130841121495327,0.6616822429906543,0.8782051282051282,0.7841121495327102,Healthcare,0.7196261682242991,0.6869755244755245
WTRG,0.6101694915254238,0.3275862068965517,0.1724137931034483,0.3485981308411215,0.3682242990654205,0.6610169491525424,0.3168224299065421,Utilities,0.3445482866043614,0.44279661016949157
WTS,0.9111111111111112,0.7066666666666667,0.9147982062780268,0.5766355140186916,0.5196261682242991,0.8666666666666667,0.705607476635514,Industrials,0.6006230529595016,0.8498106626806179
WTTR,0.8,0.1285714285714285,0.6,0.8934579439252337,0.9429906542056076,0.3142857142857143,0.8803738317757009,Energy,0.905607476635514,0.4607142857142857
WWD,0.6844444444444444,0.5822222222222222,0.5829596412556054,0.7271028037383177,0.6953271028037383,0.7866666666666666,0.8383177570093457,Industrials,0.7535825545171339,0.6590732436472346
WYNN,0.0419161676646706,0.6686746987951807,0.3575757575757576,0.4532710280373832,0.1448598130841121,0.2694610778443114,0.2495327102803738,Consumer Cyclical,0.28255451713395635,0.3344069254699801
XEL,0.3389830508474576,0.0258620689655172,0.3793103448275862,0.5429906542056074,0.5757009345794393,0.4576271186440678,0.4401869158878504,Utilities,0.519626168224299,0.3004456458211572
XMTR,0.1644444444444444,0.1022222222222222,0.8834080717488789,0.9373831775700936,0.8411214953271028,0.04,0.9299065420560748,Industrials,0.9028037383177571,0.29751868460388636
XOM,0.9285714285714286,0.3857142857142857,0.7,0.6747663551401869,0.7841121495327102,0.5714285714285714,0.4700934579439252,Energy,0.6429906542056075,0.6464285714285714
XPO,0.12,0.32,0.1569506726457399,0.797196261682243,0.8317757009345794,0.3644444444444444,0.711214953271028,Industrials,0.7800623052959502,0.24034877927254608
XRAY,0.1883116883116883,0.3142857142857143,0.5984848484848485,0.0906542056074766,0.2560747663551402,0.2628205128205128,0.1775700934579439,Healthcare,0.1747663551401869,0.3409756909756909
XYL,0.8577777777777778,0.6133333333333333,0.4618834080717489,0.2158878504672897,0.1588785046728972,0.4977777777777777,0.1448598130841121,Industrials,0.17320872274143298,0.6076930742401594
XYZ,0.502262443438914,0.3721973094170404,0.4394618834080717,0.4037383177570093,0.5158878504672897,0.2690582959641255,0.5271028037383177,Technology,0.4822429906542056,0.39574498305703787
YETI,0.8682634730538922,0.7349397590361446,0.9636363636363636,0.7224299065420561,0.4130841121495327,0.8383233532934131,0.7121495327102804,Consumer Cyclical,0.6158878504672898,0.8512907372549534
YOU,0.6877828054298643,0.9730941704035876,0.7937219730941704,0.922429906542056,0.8906542056074767,0.695067264573991,0.8046728971962617,Technology,0.8725856697819315,0.7874165533754034
YUM,0.0179640718562874,0.927710843373494,0.6848484848484848,0.4551401869158878,0.419626168224299,0.9580838323353292,0.3579439252336449,Consumer Cyclical,0.4109034267912772,0.6471518081033988
ZBH,0.3441558441558441,0.7,0.3939393939393939,0.2710280373831775,0.3308411214953271,0.5384615384615384,0.2813084112149532,Healthcare,0.2943925233644859,0.4941391941391941
ZBRA,0.2714932126696832,0.4260089686098655,0.5650224215246636,0.1728971962616822,0.3514018691588785,0.4618834080717489,0.2691588785046729,Technology,0.2644859813084112,0.43110200271899035
ZETA,0.6470588235294118,0.3497757847533632,0.9147982062780268,0.5869158878504673,0.4355140186915888,0.1390134529147982,0.4542056074766355,Technology,0.49221183800623053,0.5126615668689
ZG,0.9565217391304348,0.4444444444444444,0.6744186046511628,0.0392523364485981,0.0130841121495327,0.3260869565217391,0.0130841121495327,Communication Services,0.021806853582554502,0.6003679361869453
ZM,0.9728506787330315,0.9551569506726456,0.5515695067264574,0.5542056074766355,0.5373831775700935,0.8789237668161435,0.3495327102803738,Technology,0.4803738317757009,0.8396252257370695
ZS,0.3891402714932127,0.7892376681614349,0.6278026905829597,0.0429906542056074,0.1037383177570093,0.1569506726457399,0.0130841121495327,Technology,0.05327102803738313,0.49078282572083676
ZTS,0.1103896103896103,0.8428571428571429,0.7727272727272727,0.0299065420560747,0.0383177570093457,0.9423076923076924,0.0299065420560747,Healthcare,0.0327102803738317,0.6670704295704296
ZWS,0.7377777777777778,0.8933333333333333,0.7488789237668162,0.6467289719626168,0.4317757009345794,0.6755555555555556,0.3813084112149533,Industrials,0.48660436137071655,0.7638863976083707
