ticker,company,sector,industry,M12_1,M6_1,TREND200,ROA,GPA,FCF_MARGIN,DEBT_ASSETS,B2_score,Q_score,Q_components_ok,source_snapshot,generated_at,as_of_date
A,"Agilent Technologies, Inc.",Healthcare,Diagnostics & Research,0.4318398474737845,0.7721639656816015,0.8856053384175405,0.8291139240506329,0.5,0.7222222222222222,0.4936708860759494,0.6965363838576422,0.6362517580872011,4,2026-10-06T142958Z,2026-10-06T17:24:58.165863+00:00,2026-09-30
AA,Alcoa Corporation,Basic Materials,Aluminum,0.773117254528122,0.0133460438512869,0.0562440419447092,0.6545454545454545,0.4363636363636363,0.2727272727272727,0.7818181818181819,0.28090244677470605,0.5363636363636364,4,2026-10-06T142958Z,2026-10-06T17:24:58.165863+00:00,2026-09-30
AAL,American Airlines Group Inc.,Industrials,Airlines,0.4880838894184938,0.6539561487130601,0.3145853193517636,0.107981220657277,0.2701421800947867,0.1408450704225352,0.0798122065727699,0.48554178582777247,0.1496951694368422,4,2026-10-06T142958Z,2026-10-06T17:24:58.165863+00:00,2026-09-30
AAON,"AAON, Inc.",Industrials,Building Products & Equipment,0.1229742612011439,0.2430886558627264,0.1792183031458531,0.6807511737089202,0.6729857819905213,0.0610328638497652,0.6150234741784038,0.18176040673657445,0.5074483234319026,4,2026-10-06T142958Z,2026-10-06T17:24:58.165863+00:00,2026-09-30
AAP,"Advance Auto Parts, Inc.",Consumer Cyclical,Auto Parts,0.0695900857959961,0.0724499523355576,0.0743565300285986,0.1257861635220125,0.5063291139240507,0.0754716981132075,0.4716981132075472,0.07213218938671744,0.2948212721917045,4,2026-10-06T142958Z,2026-10-06T17:24:58.165863+00:00,2026-09-30
AAPL,Apple Inc.,Technology,Consumer Electronics,0.6425166825548141,0.7359389895138226,0.7721639656816015,0.9734513274336284,0.911504424778761,0.8451327433628318,0.4821428571428571,0.7168732125834127,0.8030578381795196,4,2026-10-06T142958Z,2026-10-06T17:24:58.165863+00:00,2026-09-30
ABBV,AbbVie Inc.,Healthcare,Drug Manufacturers - General,0.4861773117254528,0.7445185891325071,0.7836034318398475,0.6012658227848101,0.6029411764705882,0.8958333333333334,0.1582278481012658,0.6714331108992692,0.5645670451724993,4,2026-10-06T142958Z,2026-10-06T17:24:58.165863+00:00,2026-09-30
ABG,"Asbury Automotive Group, Inc.",Consumer Cyclical,Auto & Truck Dealerships,0.1858913250714966,0.5119161105815062,0.1163012392755004,0.3584905660377358,0.3924050632911392,0.1761006289308176,0.4088050314465409,0.2713695583095011,0.3339503224265584,4,2026-10-06T142958Z,2026-10-06T17:24:58.165863+00:00,2026-09-30
ABM,ABM Industries Incorporated,Industrials,Specialty Business Services,0.3736892278360343,0.7035271687321258,0.7244995233555768,0.272300469483568,,0.2206572769953051,0.3896713615023474,0.6005719733079123,0.29420970266040686,3,2026-10-06T142958Z,2026-10-06T17:24:58.165863+00:00,2026-09-30
ABNB,"Airbnb, Inc.",Consumer Cyclical,Travel Services,0.7969494756911344,0.8684461391801716,0.7597712106768351,0.6792452830188679,0.6075949367088608,0.9905660377358492,0.9685534591194968,0.8083889418493803,0.8114899291457686,4,2026-10-06T142958Z,2026-10-06T17:24:58.165863+00:00,2026-09-30
ABT,Abbott Laboratories,Healthcare,Medical Devices,0.1658722592945662,0.4785510009532888,0.4223069590085796,0.6582278481012658,0.4264705882352941,0.7013888888888888,0.4113924050632911,0.3555767397521448,0.549369932572185,4,2026-10-06T142958Z,2026-10-06T17:24:58.165863+00:00,2026-09-30
ACA,"Arcosa, Inc.",Industrials,Engineering & Construction,0.8169685414680649,0.8207816968541468,0.7740705433746425,0.7183098591549296,0.1658767772511848,0.2863849765258216,0.5492957746478874,0.8039402605656182,0.4299668468949559,4,2026-10-06T142958Z,2026-10-06T17:24:58.165863+00:00,2026-09-30
ACAD,Acadia Pharmaceuticals Inc.,Healthcare,Biotechnology,0.6568160152526216,0.7178265014299333,0.1267874165872259,0.9746835443037974,0.8676470588235294,0.5972222222222222,0.8481012658227848,0.5004766444232602,0.8219135227930835,4,2026-10-06T142958Z,2026-10-06T17:24:58.165863+00:00,2026-09-30
ACHC,"Acadia Healthcare Company, Inc.",Healthcare,Medical Care Facilities,0.4051477597712107,0.5776930409914204,0.8293612964728313,0.170886075949367,0.8455882352941176,0.1944444444444444,0.189873417721519,0.6040673657451542,0.35019804335236204,4,2026-10-06T142958Z,2026-10-06T17:24:58.165863+00:00,2026-09-30
ACI,"Albertsons Companies, Inc.",Consumer Defensive,Grocery Stores,0.0972354623450905,0.0133460438512869,0.0648236415633937,0.1111111111111111,0.9919354838709676,0.0483870967741935,0.0793650793650793,0.05846838258659037,0.3076996927803379,4,2026-10-06T142958Z,2026-10-06T17:24:58.165863+00:00,2026-09-30
ACIW,"ACI Worldwide, Inc.",Technology,Software - Infrastructure,0.321258341277407,0.7530981887511916,0.6939942802669209,0.5929203539823009,0.4380530973451327,0.4336283185840708,0.34375,0.5894502700985065,0.4520879424778761,4,2026-10-06T142958Z,2026-10-06T17:24:58.165863+00:00,2026-09-30
ACLS,"Axcelis Technologies, Inc.",Technology,Semiconductor Equipment & Materials,0.5433746425166825,0.567206863679695,0.8226882745471878,0.5398230088495575,0.411504424778761,0.2389380530973451,0.8303571428571429,0.6444232602478551,0.5051556573957016,4,2026-10-06T142958Z,2026-10-06T17:24:58.165863+00:00,2026-09-30
ACM,AECOM,Industrials,Engineering & Construction,0.0133460438512869,0.0591039084842707,0.0591039084842707,0.2253521126760563,0.0473933649289099,0.1690140845070422,0.5539906103286385,0.04385128693994276,0.24893754311016172,4,2026-10-06T142958Z,2026-10-06T17:24:58.165863+00:00,2026-09-30
AD,"Array Digital Infrastructure, Inc.",Communication Services,Telecom Services,0.5367016205910391,0.3164918970448045,0.3079122974261201,0.851063829787234,0.0333333333333333,0.0319148936170212,0.4680851063829787,0.38703527168732127,0.3460992907801418,4,2026-10-06T142958Z,2026-10-06T17:24:58.165863+00:00,2026-09-30
ADBE,Adobe Inc.,Technology,Software - Application,0.1325071496663489,0.6234509056244042,0.3002859866539561,0.9380530973451328,0.9557522123893806,0.9557522123893806,0.4642857142857143,0.3520813473149031,0.828460809102402,4,2026-10-06T142958Z,2026-10-06T17:24:58.165863+00:00,2026-09-30
ADEA,Adeia Inc.,Technology,Software - Application,0.778836987607245,0.2964728312678741,0.5948522402287894,0.7787610619469026,0.9469026548672568,0.9292035398230089,0.1964285714285714,0.5567206863679695,0.712823957016435,4,2026-10-06T142958Z,2026-10-06T17:24:58.165863+00:00,2026-09-30
ADI,"Analog Devices, Inc.",Technology,Semiconductors,0.7816968541468065,0.4985700667302192,0.7988560533841754,0.6460176991150443,0.2345132743362832,0.9070796460176992,0.5267857142857143,0.6930409914204003,0.5785990834386853,4,2026-10-06T142958Z,2026-10-06T17:24:58.165863+00:00,2026-09-30
ADM,Archer-Daniels-Midland Company,Consumer Defensive,Farm Products,0.7664442326024785,0.6110581506196378,0.7283126787416587,0.3333333333333333,0.0483870967741935,0.1935483870967742,0.8571428571428571,0.701938353987925,0.35810291858678955,4,2026-10-06T142958Z,2026-10-06T17:24:58.165863+00:00,2026-09-30
ADP,"Automatic Data Processing, Inc.",Technology,Software - Application,0.3260247855100095,0.8379408960915157,0.7092469018112488,0.5575221238938053,0.1371681415929203,0.6371681415929203,0.6696428571428571,0.6244041944709247,0.5003753160556258,4,2026-10-06T142958Z,2026-10-06T17:24:58.165863+00:00,2026-09-30
ADPT,Adaptive Biotechnologies Corporation,Healthcare,Diagnostics & Research,0.8741658722592945,0.9399428026692088,0.9714013346043852,0.2531645569620253,0.6985294117647058,0.1805555555555555,0.1012658227848101,0.9285033365109628,0.3083788367667742,4,2026-10-06T142958Z,2026-10-06T17:24:58.165863+00:00,2026-09-30
ADSK,"Autodesk, Inc.",Technology,Software - Application,0.0877025738798856,0.2993326978074356,0.3174451858913251,0.8141592920353983,0.8805309734513275,0.9247787610619468,0.3214285714285714,0.2348268191928821,0.7352243994943111,4,2026-10-06T142958Z,2026-10-06T17:24:58.165863+00:00,2026-09-30
ADT,ADT Inc.,Industrials,Security & Protection Services,0.204003813155386,0.5748331744518589,0.205910390848427,0.3098591549295774,0.6445497630331753,0.988262910798122,0.1220657276995305,0.3282491261518906,0.5161843891151013,4,2026-10-06T142958Z,2026-10-06T17:24:58.165863+00:00,2026-09-30
ADUS,Addus HomeCare Corporation,Healthcare,Medical Care Facilities,0.3660629170638703,0.7340324118207817,0.6444232602478551,0.740506329113924,0.5588235294117647,0.5347222222222222,0.8037974683544303,0.5815061963775023,0.6594623872755853,4,2026-10-06T142958Z,2026-10-06T17:24:58.165863+00:00,2026-09-30
AEE,Ameren Corporation,Utilities,Utilities - Regulated Electric,0.3898951382268827,0.2469018112488084,0.3374642516682555,0.7090909090909091,0.4814814814814814,0.3818181818181818,0.6363636363636364,0.3247537337146489,0.5521885521885521,4,2026-10-06T142958Z,2026-10-06T17:24:58.165863+00:00,2026-09-30
AEIS,"Advanced Energy Industries, Inc.",Industrials,Electrical Equipment & Parts,0.8055290753098189,0.0829361296472831,0.4270734032411821,0.6572769953051644,0.7582938388625592,0.272300469483568,0.5633802816901409,0.438512869399428,0.5628128963353581,4,2026-10-06T142958Z,2026-10-06T17:24:58.165863+00:00,2026-09-30
AEO,"American Eagle Outfitters, Inc.",Consumer Cyclical,Apparel Retail,0.3689227836034318,0.2831267874165872,0.3755958055290753,0.5723270440251572,0.8291139240506329,0.389937106918239,0.440251572327044,0.3425484588496981,0.5579074118302683,4,2026-10-06T142958Z,2026-10-06T17:24:58.165863+00:00,2026-09-30
AEP,"American Electric Power Company, Inc.",Utilities,Utilities - Regulated Electric,0.4852240228789323,0.2364156339370829,0.3765490943755958,0.509090909090909,0.7777777777777778,0.5818181818181818,0.5272727272727272,0.36606291706387034,0.598989898989899,4,2026-10-06T142958Z,2026-10-06T17:24:58.165863+00:00,2026-09-30
AES,The AES Corporation,Utilities,Utilities - Diversified,0.4270734032411821,0.4261201143946616,0.5710200190657769,0.8181818181818182,0.074074074074074,0.4727272727272727,0.0272727272727272,0.47473784556720683,0.348063973063973,4,2026-10-06T142958Z,2026-10-06T17:24:58.165863+00:00,2026-09-30
AGCO,AGCO Corporation,Industrials,Farm & Heavy Construction Machinery,0.550047664442326,0.5176358436606292,0.5033365109628217,0.3615023474178404,0.5260663507109005,0.2018779342723004,0.6338028169014085,0.5236733396885923,0.43081236232561243,4,2026-10-06T142958Z,2026-10-06T17:24:58.165863+00:00,2026-09-30
AGX,"Argan, Inc.",Industrials,Engineering & Construction,0.7959961868446139,0.0133460438512869,0.0543374642516682,0.8826291079812206,0.3886255924170616,0.988262910798122,0.971830985915493,0.2878932316491897,0.8078371492779743,4,2026-10-06T142958Z,2026-10-06T17:24:58.165863+00:00,2026-09-30
AGYS,"Agilysys, Inc.",Technology,Software - Application,0.4909437559580553,0.9056244041944708,0.6549094375595805,0.6637168141592921,0.7477876106194691,0.7123893805309734,0.7946428571428571,0.6838258659040356,0.729634165613148,4,2026-10-06T142958Z,2026-10-06T17:24:58.165863+00:00,2026-09-30
AIR,AAR Corp.,Industrials,Aerospace & Defense,0.782650142993327,0.5109628217349858,0.1925643469971401,0.4741784037558685,0.3933649289099526,0.1549295774647887,0.488262910798122,0.49539243724181764,0.37768395523218296,4,2026-10-06T142958Z,2026-10-06T17:24:58.165863+00:00,2026-09-30
AIT,"Applied Industrial Technologies, Inc.",Industrials,Industrial Distribution,0.6129647283126788,0.6625357483317446,0.7569113441372736,0.892018779342723,0.95260663507109,0.5211267605633803,0.8732394366197183,0.6774706069272324,0.8097479028992278,4,2026-10-06T142958Z,2026-10-06T17:24:58.165863+00:00,2026-09-30
AKAM,"Akamai Technologies, Inc.",Technology,Software - Infrastructure,0.7016205910390848,0.1877979027645376,0.4089609151572926,0.2964601769911504,0.2168141592920354,0.4026548672566372,0.0357142857142857,0.432793136320305,0.23791087231352717,4,2026-10-06T142958Z,2026-10-06T17:24:58.165863+00:00,2026-09-30
ALAB,"Astera Labs, Inc.",Technology,Semiconductors,0.6920877025738799,0.9876072449952336,0.9561487130600572,0.911504424778761,0.8230088495575221,0.6769911504424779,0.9888392857142856,0.8786145535430568,0.8500859276232617,4,2026-10-06T142958Z,2026-10-06T17:24:58.165863+00:00,2026-09-30
ALB,Albemarle Corporation,Basic Materials,Specialty Chemicals,0.7931363203050524,0.0448045757864632,0.0133460438512869,0.2909090909090909,0.1636363636363636,0.8909090909090909,0.8,0.28376231331426754,0.5363636363636364,4,2026-10-06T142958Z,2026-10-06T17:24:58.165863+00:00,2026-09-30
ALGM,"Allegro MicroSystems, Inc.",Technology,Semiconductors,0.6110581506196378,0.4852240228789323,0.3803622497616777,0.2123893805309734,0.5132743362831859,0.2831858407079646,0.4955357142857143,0.4922148077534159,0.3760963179519595,4,2026-10-06T142958Z,2026-10-06T17:24:58.165863+00:00,2026-09-30
ALGN,"Align Technology, Inc.",Healthcare,Medical Instruments & Supplies,0.6015252621544328,0.1906577693040991,0.1286939942802669,0.6962025316455697,0.7426470588235294,0.6597222222222222,0.9177215189873418,0.3069590085795996,0.7540733329196658,4,2026-10-06T142958Z,2026-10-06T17:24:58.165863+00:00,2026-09-30
ALGT,Allegiant Travel Company,Industrials,Airlines,0.6253574833174452,0.2030505243088655,0.1496663489037178,0.1314553990610328,0.0710900473933649,0.2488262910798122,0.9624413145539906,0.3260247855100095,0.35345326302205016,4,2026-10-06T142958Z,2026-10-06T17:24:58.165863+00:00,2026-09-30
ALK,"Alaska Air Group, Inc.",Industrials,Airlines,0.1773117254528122,0.4938036224976168,0.1801715919923737,0.1032863849765258,0.0568720379146919,0.0892018779342723,0.3427230046948357,0.28376231331426754,0.1480208263800814,4,2026-10-06T142958Z,2026-10-06T17:24:58.165863+00:00,2026-09-30
ALNY,"Alnylam Pharmaceuticals, Inc.",Healthcare,Biotechnology,0.0352716873212583,0.0657769304099142,0.0390848427073403,0.8860759493670886,0.9191176470588236,0.7152777777777778,0.6012658227848101,0.04671115347950427,0.780434299247125,4,2026-10-06T142958Z,2026-10-06T17:24:58.165863+00:00,2026-09-30
ALRM,"Alarm.com Holdings, Inc.",Technology,Software - Application,0.4251668255481411,0.7492850333651097,0.7559580552907531,0.584070796460177,0.7256637168141593,0.495575221238938,0.2544642857142857,0.6434699714013346,0.51494350505689,4,2026-10-06T142958Z,2026-10-06T17:24:58.165863+00:00,2026-09-30
ALSN,"Allison Transmission Holdings, Inc.",Consumer Cyclical,Auto Parts,0.7874165872259294,0.5014299332697807,0.4585319351763584,0.4842767295597484,0.1962025316455696,0.8553459119496856,0.4276729559748428,0.5824594852240228,0.4908745322824616,4,2026-10-06T142958Z,2026-10-06T17:24:58.165863+00:00,2026-09-30
AM,Antero Midstream Corporation,Energy,Oil & Gas Midstream,0.5853193517635844,0.3183984747378455,0.4432793136320305,0.5068493150684932,0.5205479452054794,0.9931506849315068,0.0416666666666666,0.4489990467111535,0.5155536529680366,4,2026-10-06T142958Z,2026-10-06T17:24:58.165863+00:00,2026-09-30
AMAT,"Applied Materials, Inc.",Technology,Semiconductor Equipment & Materials,0.918970448045758,0.7082936129647283,0.8751191611058151,0.9292035398230089,0.6283185840707964,0.5309734513274337,0.5714285714285714,0.8341277407054338,0.6649810366624527,4,2026-10-06T142958Z,2026-10-06T17:24:58.165863+00:00,2026-09-30
AMBA,"Ambarella, Inc.",Technology,Semiconductor Equipment & Materials,0.0848427073403241,0.7130600571973308,0.5042897998093422,0.079646017699115,0.495575221238938,0.1371681415929203,0.90625,0.43406418811566566,0.40465984513274333,4,2026-10-06T142958Z,2026-10-06T17:24:58.165863+00:00,2026-09-30
AMD,"Advanced Micro Devices, Inc.",Technology,Semiconductors,0.9876072449952336,0.9876072449952336,0.9876072449952336,0.6061946902654868,0.4026548672566372,0.584070796460177,0.75,0.9876072449952336,0.5857300884955752,4,2026-10-06T142958Z,2026-10-06T17:24:58.165863+00:00,2026-09-30
AME,"AMETEK, Inc.",Industrials,Specialty Industrial Machinery,0.6244041944709247,0.4709246901811248,0.6882745471877979,0.7230046948356808,0.3270142180094786,0.9483568075117372,0.8544600938967136,0.5945344772799491,0.7132089535634025,4,2026-10-06T142958Z,2026-10-06T17:24:58.165863+00:00,2026-09-30
AMGN,Amgen Inc.,Healthcare,Drug Manufacturers - General,0.8026692087702574,0.775023832221163,0.7225929456625357,0.7911392405063291,0.4558823529411764,0.875,0.120253164556962,0.7667619955513189,0.5605686895011168,4,2026-10-06T142958Z,2026-10-06T17:24:58.165863+00:00,2026-09-30
AMKR,"Amkor Technology, Inc.",Technology,Semiconductor Equipment & Materials,0.8255481410867492,0.3040991420400381,0.3822688274547188,0.5,0.084070796460177,0.0707964601769911,0.3660714285714285,0.503972036860502,0.25523467130214916,4,2026-10-06T142958Z,2026-10-06T17:24:58.165863+00:00,2026-09-30
AMLX,"Amylyx Pharmaceuticals, Inc.",Healthcare,Drug Manufacturers - Specialty & Generic,0.9704480457578646,0.9876072449952336,0.9551954242135366,0.050632911392405,0.0183823529411764,,0.9113924050632912,0.9710835716555449,0.3268025564656242,3,2026-10-06T142958Z,2026-10-06T17:24:58.165863+00:00,2026-09-30
AMR,"Alpha Metallurgical Resources, Inc.",Basic Materials,Coking Coal,0.6501429933269781,0.3841754051477598,0.2897998093422307,0.1636363636363636,0.0545454545454545,0.109090909090909,0.990909090909091,0.44137273593898957,0.32954545454545453,4,2026-10-06T142958Z,2026-10-06T17:24:58.165863+00:00,2026-09-30
AMRX,"Amneal Pharmaceuticals, Inc.",Healthcare,Drug Manufacturers - Specialty & Generic,0.871306005719733,0.8617731172545281,0.909437559580553,0.569620253164557,0.5882352941176471,0.2083333333333333,0.0569620253164556,0.880838894184938,0.3557877264829982,4,2026-10-06T142958Z,2026-10-06T17:24:58.165863+00:00,2026-09-30
AMTM,"Amentum Holdings, Inc.",Industrials,Specialty Business Services,0.1258341277407054,0.0324118207816968,0.0333651096282173,0.1830985915492957,0.1706161137440758,0.215962441314554,0.3849765258215962,0.06387035271687318,0.2386634181073804,4,2026-10-06T142958Z,2026-10-06T17:24:58.165863+00:00,2026-09-30
AMZN,"Amazon.com, Inc.",Consumer Cyclical,Internet Retail,0.5252621544327931,0.6892278360343184,0.5910390848427073,0.8930817610062893,0.6518987341772152,0.0440251572327044,0.8050314465408805,0.6018430251032729,0.5985092747392724,4,2026-10-06T142958Z,2026-10-06T17:24:58.165863+00:00,2026-09-30
AN,"AutoNation, Inc.",Consumer Cyclical,Auto & Truck Dealerships,0.2430886558627264,0.4146806482364156,0.1143946615824594,0.440251572327044,0.5316455696202531,0.0691823899371069,0.1257861635220125,0.2573879885605338,0.2917164238516041,4,2026-10-06T142958Z,2026-10-06T17:24:58.165863+00:00,2026-09-30
ANDE,"The Andersons, Inc.",Consumer Defensive,Food Distribution,0.8779790276453765,0.2001906577693041,0.4566253574833174,0.3968253968253968,0.3064516129032258,0.0241935483870967,0.7301587301587301,0.511598347632666,0.36440732206861237,4,2026-10-06T142958Z,2026-10-06T17:24:58.165863+00:00,2026-09-30
ANET,"Arista Networks, Inc.",Technology,Computer Hardware,0.6739752144899904,0.8903717826501429,0.892278360343184,0.8805309734513275,0.4513274336283185,0.9889380530973452,0.9888392857142856,0.8188751191611058,0.8274089364728192,4,2026-10-06T142958Z,2026-10-06T17:24:58.165863+00:00,2026-09-30
ANF,Abercrombie & Fitch Co.,Consumer Cyclical,Apparel Retail,0.8560533841754051,0.8760724499523356,0.9218303145853194,0.8742138364779874,0.990506329113924,0.7044025157232704,0.5974842767295597,0.8846520495710201,0.7916517395111854,4,2026-10-06T142958Z,2026-10-06T17:24:58.165863+00:00,2026-09-30
AOS,A. O. Smith Corporation,Industrials,Specialty Industrial Machinery,0.1725452812202097,0.2221163012392755,0.2411820781696854,0.8873239436619719,0.8862559241706162,0.8215962441314554,0.7605633802816901,0.2119478868763902,0.8389348730614333,4,2026-10-06T142958Z,2026-10-06T17:24:58.165863+00:00,2026-09-30
APA,APA Corporation,Energy,Oil & Gas E&P,0.9132507149666348,0.3784556720686368,0.8646329837940896,0.7808219178082192,0.8767123287671232,0.8767123287671232,0.6388888888888888,0.7187797902764537,0.7932838660578386,4,2026-10-06T142958Z,2026-10-06T17:24:58.165863+00:00,2026-09-30
APD,"Air Products and Chemicals, Inc.",Basic Materials,Specialty Chemicals,0.5052430886558628,0.3775023832221163,0.4690181124880839,0.2181818181818181,0.2,0.0727272727272727,0.1636363636363636,0.4505878614553543,0.1636363636363636,4,2026-10-06T142958Z,2026-10-06T17:24:58.165863+00:00,2026-09-30
APG,APi Group Corporation,Industrials,Engineering & Construction,0.5224022878932316,0.224976167778837,0.4213536701620591,0.2957746478873239,0.7061611374407583,0.4366197183098591,0.2910798122065727,0.38957737527804254,0.4324088289611285,4,2026-10-06T142958Z,2026-10-06T17:24:58.165863+00:00,2026-09-30
APH,Amphenol Corporation,Technology,Electronic Components,0.6825548141086749,0.7616777883698761,0.8141086749285034,0.8097345132743363,0.4292035398230088,0.4469026548672566,0.125,0.7527804258023515,0.4527101769911504,4,2026-10-06T142958Z,2026-10-06T17:24:58.165863+00:00,2026-09-30
APLD,Applied Digital Corporation,Technology,Information Technology Services,0.3002859866539561,0.3498570066730219,0.0676835081029551,0.1283185840707964,0.0154867256637168,0.0154867256637168,0.0669642857142857,0.23927550047664436,0.05656408027812893,4,2026-10-06T142958Z,2026-10-06T17:24:58.165863+00:00,2026-09-30
APP,AppLovin Corporation,Communication Services,Advertising Agencies,0.0133460438512869,0.0409914204003813,0.0133460438512869,0.9893617021276596,0.9555555555555556,0.9893617021276596,0.3617021276595745,0.022561169367651703,0.8239952718676123,4,2026-10-06T142958Z,2026-10-06T17:24:58.165863+00:00,2026-09-30
AR,Antero Resources Corporation,Energy,Oil & Gas E&P,0.553860819828408,0.2764537654909437,0.3813155386081983,0.6438356164383562,0.2602739726027397,0.9178082191780822,0.4305555555555556,0.40387670797585,0.5631183409436835,4,2026-10-06T142958Z,2026-10-06T17:24:58.165863+00:00,2026-09-30
ARCB,ArcBest Corporation,Industrials,Trucking,0.9218303145853194,0.784556720686368,0.684461391801716,0.1408450704225352,0.1469194312796208,0.2629107981220657,0.7511737089201878,0.7969494756911345,0.32546225218610236,4,2026-10-06T142958Z,2026-10-06T17:24:58.165863+00:00,2026-09-30
ARMK,Aramark,Industrials,Specialty Business Services,0.7893231649189705,0.8045757864632984,0.7616777883698761,0.244131455399061,0.1374407582938388,0.1877934272300469,0.1455399061032863,0.7851922465840483,0.17872638675655825,4,2026-10-06T142958Z,2026-10-06T17:24:58.165863+00:00,2026-09-30
AROC,"Archrock, Inc.",Energy,Oil & Gas Equipment & Services,0.674928503336511,0.2202097235462345,0.2573879885605338,0.684931506849315,0.684931506849315,0.7397260273972602,0.0833333333333333,0.3841754051477597,0.548230593607306,4,2026-10-06T142958Z,2026-10-06T17:24:58.165863+00:00,2026-09-30
ARQT,"Arcutis Biotherapeutics, Inc.",Healthcare,Biotechnology,0.4671115347950429,0.3031458531935176,0.4938036224976168,0.6708860759493671,0.9558823529411764,0.4791666666666667,0.5949367088607594,0.4213536701620591,0.6752179511044925,4,2026-10-06T142958Z,2026-10-06T17:24:58.165863+00:00,2026-09-30
ARW,"Arrow Electronics, Inc.",Technology,Electronics & Computer Distribution,0.8722592945662536,0.8522402287893232,0.9027645376549094,0.2566371681415929,0.0663716814159292,0.1327433628318584,0.7276785714285714,0.8757546870034955,0.29585769595448796,4,2026-10-06T142958Z,2026-10-06T17:24:58.165863+00:00,2026-09-30
ARWR,"Arrowhead Pharmaceuticals, Inc.",Healthcare,Biotechnology,0.969494756911344,0.8417540514775977,0.1754051477597712,0.2278481012658227,,0.1597222222222222,0.1835443037974683,0.6622179853829043,0.1903715424285044,3,2026-10-06T142958Z,2026-10-06T17:24:58.165863+00:00,2026-09-30
ASAN,"Asana, Inc.",Technology,Software - Application,0.092469018112488,0.9161105815061964,0.6825548141086749,0.0309734513274336,0.9889380530973452,0.3805309734513274,0.2857142857142857,0.5637114712424531,0.42153919089759795,4,2026-10-06T142958Z,2026-10-06T17:24:58.165863+00:00,2026-09-30
ASH,Ashland Inc.,Basic Materials,Specialty Chemicals,0.8074356530028599,0.8265014299332698,0.7140133460438512,0.2727272727272727,0.3454545454545454,0.7272727272727273,0.3818181818181818,0.7826501429933269,0.4318181818181818,4,2026-10-06T142958Z,2026-10-06T17:24:58.165863+00:00,2026-09-30
ASO,"Academy Sports and Outdoors, Inc.",Consumer Cyclical,Specialty Retail,0.1515729265967588,0.0314585319351763,0.4861773117254528,0.5220125786163522,0.6139240506329114,0.3647798742138364,0.610062893081761,0.22306959008579597,0.5276948491362152,4,2026-10-06T142958Z,2026-10-06T17:24:58.165863+00:00,2026-09-30
ASTS,"AST SpaceMobile, Inc.",Technology,Communication Equipment,0.2592945662535748,0.0133460438512869,0.0381315538608198,0.0575221238938053,0.0154867256637168,0.0154867256637168,0.0714285714285714,0.10359072132189383,0.039981036662452576,4,2026-10-06T142958Z,2026-10-06T17:24:58.165863+00:00,2026-09-30
ATEN,"A10 Networks, Inc.",Technology,Software - Infrastructure,0.6949475691134414,0.3641563393708293,0.6997140133460439,0.5221238938053098,0.6504424778761062,0.5530973451327433,0.2633928571428571,0.5862726406101048,0.4972641434892542,4,2026-10-06T142958Z,2026-10-06T17:24:58.165863+00:00,2026-09-30
ATI,ATI Inc.,Industrials,Metal Fabrication,0.9675881792183032,0.8312678741658722,0.775023832221163,0.6713615023474179,0.4502369668246445,0.6197183098591549,0.2957746478873239,0.8579599618684463,0.5092728567296353,4,2026-10-06T142958Z,2026-10-06T17:24:58.165863+00:00,2026-09-30
ATKR,Atkore Inc.,Industrials,Electrical Equipment & Parts,0.7797902764537655,0.886558627264061,0.8732125834127741,0.0375586854460093,0.4786729857819905,0.1830985915492957,0.4037558685446009,0.8465204957102003,0.27577153283047406,4,2026-10-06T142958Z,2026-10-06T17:24:58.165863+00:00,2026-09-30
ATMU,Atmus Filtration Technologies Inc.,Consumer Cyclical,Auto Parts,0.4280266920877025,0.0648236415633937,0.1715919923736892,0.7610062893081762,0.4556962025316455,0.6792452830188679,0.2893081761006289,0.22148077534159513,0.5463139877398296,4,2026-10-06T142958Z,2026-10-06T17:24:58.165863+00:00,2026-09-30
ATO,Atmos Energy Corporation,Utilities,Utilities - Regulated Gas,0.3612964728312678,0.1544327931363203,0.2859866539561487,0.9272727272727272,0.6481481481481481,0.0727272727272727,0.9090909090909092,0.2672386399745789,0.6393097643097643,4,2026-10-06T142958Z,2026-10-06T17:24:58.165863+00:00,2026-09-30
ATR,"AptarGroup, Inc.",Healthcare,Medical Instruments & Supplies,0.2974261201143947,0.3412774070543374,0.3898951382268827,0.7151898734177216,0.4338235294117647,0.4652777777777778,0.5189873417721519,0.34286622179853826,0.533319630594854,4,2026-10-06T142958Z,2026-10-06T17:24:58.165863+00:00,2026-09-30
ATRO,Astronics Corporation,Industrials,Aerospace & Defense,0.9265967588179218,0.7702573879885606,0.6167778836987607,0.784037558685446,0.8909952606635071,0.3661971830985915,0.1408450704225352,0.7712106768350809,0.5455187682175199,4,2026-10-06T142958Z,2026-10-06T17:24:58.165863+00:00,2026-09-30
AU,AngloGold Ashanti plc,Basic Materials,Gold,0.8331744518589133,0.544327931363203,0.4728312678741658,0.990909090909091,0.990909090909091,0.990909090909091,0.8181818181818182,0.6167778836987606,0.9477272727272728,4,2026-10-06T142958Z,2026-10-06T17:24:58.165863+00:00,2026-09-30
AUR,"Aurora Innovation, Inc.",Consumer Cyclical,Auto Parts,0.5490943755958055,0.8875119161105816,0.5824594852240229,0.0157232704402515,0.0158227848101265,0.0157232704402515,0.9905660377358492,0.6730219256434701,0.2594588408566197,4,2026-10-06T142958Z,2026-10-06T17:24:58.165863+00:00,2026-09-30
AVA,Avista Corporation,Utilities,Utilities - Diversified,0.4146806482364156,0.213536701620591,0.2488083889418493,0.5636363636363636,0.8888888888888888,0.7090909090909091,0.7272727272727273,0.292341912932952,0.7222222222222221,4,2026-10-06T142958Z,2026-10-06T17:24:58.165863+00:00,2026-09-30
AVAH,Aveanna Healthcare Holdings Inc.,Healthcare,Medical Care Facilities,0.8160152526215443,0.9876072449952336,0.9237368922783604,0.8670886075949367,0.7058823529411765,0.3888888888888889,0.0632911392405063,0.9091197966317127,0.506287747166377,4,2026-10-06T142958Z,2026-10-06T17:24:58.165863+00:00,2026-09-30
AVAV,"AeroVironment, Inc.",Industrials,Aerospace & Defense,0.0133460438512869,0.0524308865586272,0.0266920877025738,0.0610328638497652,0.0805687203791469,0.0938967136150234,0.8215962441314554,0.030823006037495965,0.26427363549384775,4,2026-10-06T142958Z,2026-10-06T17:24:58.165863+00:00,2026-09-30
AVGO,Broadcom Inc.,Technology,Semiconductors,0.4032411820781696,0.5757864632983795,0.4652049571020019,0.9203539823008848,0.5530973451327433,0.9734513274336284,0.2901785714285714,0.48141086749285034,0.684270306573957,4,2026-10-06T142958Z,2026-10-06T17:24:58.165863+00:00,2026-09-30
AVNT,Avient Corporation,Basic Materials,Specialty Chemicals,0.6930409914204004,0.7168732125834127,0.7292659675881792,0.3454545454545454,0.509090909090909,0.509090909090909,0.4545454545454545,0.7130600571973308,0.4545454545454545,4,2026-10-06T142958Z,2026-10-06T17:24:58.165863+00:00,2026-09-30
AVPT,"AvePoint, Inc.",Technology,Software - Infrastructure,0.2326024785510009,0.8026692087702574,0.8665395614871306,0.6858407079646017,0.7743362831858407,0.6194690265486725,0.8794642857142857,0.6339370829361296,0.7397775758533501,4,2026-10-06T142958Z,2026-10-06T17:24:58.165863+00:00,2026-09-30
AVT,"Avnet, Inc.",Technology,Electronics & Computer Distribution,0.8846520495710201,0.8674928503336511,0.9208770257387988,0.2699115044247787,0.2566371681415929,0.0752212389380531,0.46875,0.8910073085478233,0.26762997787610615,4,2026-10-06T142958Z,2026-10-06T17:24:58.165863+00:00,2026-09-30
AVTR,"Avantor, Inc.",Healthcare,Medical Instruments & Supplies,0.451858913250715,0.9628217349857008,0.9447092469018112,0.3164556962025316,0.2058823529411764,0.4097222222222222,0.3860759493670886,0.786463298379409,0.3295340551832547,4,2026-10-06T142958Z,2026-10-06T17:24:58.165863+00:00,2026-09-30
AVY,Avery Dennison Corporation,Consumer Cyclical,Packaging & Containers,0.432793136320305,0.3603431839847474,0.4795042897998093,0.5534591194968553,0.4620253164556962,0.7295597484276729,0.5094339622641509,0.4242135367016206,0.5636195366610939,4,2026-10-06T142958Z,2026-10-06T17:24:58.165863+00:00,2026-09-30
AWI,"Armstrong World Industries, Inc.",Industrials,Building Products & Equipment,0.1982840800762631,0.3574833174451859,0.3775023832221163,0.9389671361502347,0.8151658767772512,0.7699530516431925,0.5070422535211268,0.31108992691452175,0.7577820795229513,4,2026-10-06T142958Z,2026-10-06T17:24:58.165863+00:00,2026-09-30
AWK,"American Water Works Company, Inc.",Utilities,Utilities - Regulated Water,0.4061010486177311,0.3670162059103908,0.4394661582459485,0.6727272727272727,0.5370370370370371,0.2181818181818181,0.509090909090909,0.40419447092469013,0.4842592592592592,4,2026-10-06T142958Z,2026-10-06T17:24:58.165863+00:00,2026-09-30
AWR,American States Water Company,Utilities,Utilities - Regulated Water,0.6596758817921831,0.6434699714013346,0.5996186844613918,0.9636363636363636,0.9907407407407408,0.8727272727272727,0.8909090909090909,0.6342548458849698,0.929503367003367,4,2026-10-06T142958Z,2026-10-06T17:24:58.165863+00:00,2026-09-30
AXON,"Axon Enterprise, Inc.",Industrials,Aerospace & Defense,0.0915157292659675,0.7645376549094376,0.1325071496663489,0.2394366197183098,0.6398104265402843,0.2676056338028169,0.6103286384976526,0.32952017794725136,0.4392953296397659,4,2026-10-06T142958Z,2026-10-06T17:24:58.165863+00:00,2026-09-30
AXTA,Axalta Coating Systems Ltd.,Basic Materials,Specialty Chemicals,0.6396568160152526,0.8141086749285034,0.5395614871306006,0.4727272727272727,0.7090909090909091,0.6909090909090909,0.2,0.6644423260247856,0.5181818181818182,4,2026-10-06T142958Z,2026-10-06T17:24:58.165863+00:00,2026-09-30
AXTI,"AXT, Inc.",Technology,Semiconductor Equipment & Materials,0.9876072449952336,0.792183031458532,0.9351763584366064,0.1902654867256637,0.0353982300884955,0.0486725663716814,0.6830357142857143,0.9049888782967906,0.23934299936788872,4,2026-10-06T142958Z,2026-10-06T17:24:58.165863+00:00,2026-09-30
AYI,Acuity Inc.,Industrials,Electrical Equipment & Parts,0.2421353670162059,0.6959008579599618,0.4232602478551001,0.7652582159624414,0.9478672985781992,0.7276995305164319,0.7746478873239436,0.4537654909437559,0.803868233095254,4,2026-10-06T142958Z,2026-10-06T17:24:58.165863+00:00,2026-09-30
AZO,"AutoZone, Inc.",Consumer Cyclical,Auto Parts,0.0676835081029551,0.111534795042898,0.1649189704480457,0.7735849056603774,0.7151898734177216,0.5345911949685535,0.220125786163522,0.1147124245312996,0.5608729400525436,4,2026-10-06T142958Z,2026-10-06T17:24:58.165863+00:00,2026-09-30
AZZ,AZZ Inc.,Industrials,Specialty Business Services,0.6310772163965681,0.4833174451858913,0.5567206863679695,0.6901408450704225,0.3554502369668246,0.5586854460093896,0.6244131455399061,0.5570384493168096,0.5571724183966357,4,2026-10-06T142958Z,2026-10-06T17:24:58.165863+00:00,2026-09-30
BA,The Boeing Company,Industrials,Aerospace & Defense,0.2878932316491897,0.2907530981887511,0.1992373689227836,0.1784037558685446,0.0165876777251184,0.1314553990610328,0.5117370892018779,0.2592945662535748,0.2095459804641434,4,2026-10-06T142958Z,2026-10-06T17:24:58.165863+00:00,2026-09-30
BAH,Booz Allen Hamilton Holding Corporation,Industrials,Consulting Services,0.0857959961868446,0.1448999046711153,0.2430886558627264,0.7887323943661971,0.9881516587677726,0.5539906103286385,0.0845070422535211,0.1579281855735621,0.6038454264290323,4,2026-10-06T142958Z,2026-10-06T17:24:58.165863+00:00,2026-09-30
BALL,Ball Corporation,Consumer Cyclical,Packaging & Containers,0.6234509056244042,0.440419447092469,0.3870352716873212,0.4025157232704403,0.1139240506329113,0.3836477987421384,0.5911949685534591,0.48363520813473143,0.3728206352997373,4,2026-10-06T142958Z,2026-10-06T17:24:58.165863+00:00,2026-09-30
BATRK,"Atlanta Braves Holdings, Inc.",Communication Services,Entertainment,0.5958055290753098,0.5986653956148713,0.7082936129647283,0.1063829787234042,0.1777777777777777,0.0638297872340425,0.2340425531914893,0.6342548458849698,0.14550827423167845,4,2026-10-06T142958Z,2026-10-06T17:24:58.165863+00:00,2026-09-30
BAX,Baxter International Inc.,Healthcare,Medical Instruments & Supplies,0.4509056244041944,0.8951382268827455,0.7912297426120114,0.310126582278481,0.1911764705882352,0.4166666666666667,0.1772151898734177,0.7124245312996504,0.27379622735170017,4,2026-10-06T142958Z,2026-10-06T17:24:58.165863+00:00,2026-09-30
BBIO,"BridgeBio Pharma, Inc.",Healthcare,Biotechnology,0.7349857006673022,0.3832221163012392,0.2564346997140133,0.0632911392405063,0.8014705882352942,0.0763888888888889,0.0158227848101265,0.4582141722275182,0.23924335029370397,4,2026-10-06T142958Z,2026-10-06T17:24:58.165863+00:00,2026-09-30
BBWI,"Bath & Body Works, Inc.",Consumer Cyclical,Specialty Retail,0.1067683508102955,0.4632983794089609,0.2402287893231649,0.8805031446540881,0.8860759493670886,0.8238993710691824,0.050314465408805,0.2700985065141404,0.660198232624791,4,2026-10-06T142958Z,2026-10-06T17:24:58.165863+00:00,2026-09-30
BBY,"Best Buy Co., Inc.",Consumer Cyclical,Specialty Retail,0.5548141086749285,0.8303145853193518,0.8522402287893232,0.5974842767295597,0.8670886075949367,0.2641509433962264,0.779874213836478,0.7457896409278678,0.6271495103893001,4,2026-10-06T142958Z,2026-10-06T17:24:58.165863+00:00,2026-09-30
BC,Brunswick Corporation,Consumer Cyclical,Recreational Vehicles,0.5004766444232602,0.3069590085795996,0.1353670162059103,0.0817610062893081,0.379746835443038,0.3962264150943396,0.4968553459119497,0.3142675564029234,0.3386474006846588,4,2026-10-06T142958Z,2026-10-06T17:24:58.165863+00:00,2026-09-30
BCC,Boise Cascade Company,Basic Materials,Lumber & Wood Production,0.323164918970448,0.4108674928503336,0.4251668255481411,0.4,0.8727272727272727,0.2181818181818181,0.7272727272727273,0.3863997457896409,0.5545454545454545,4,2026-10-06T142958Z,2026-10-06T17:24:58.165863+00:00,2026-09-30
BCO,The Brink's Company,Industrials,Security & Protection Services,0.2392755004766444,0.3555767397521449,0.3012392755004766,0.2300469483568075,0.4407582938388625,0.3990610328638497,0.0610328638497652,0.29869717190975525,0.28272478472732127,4,2026-10-06T142958Z,2026-10-06T17:24:58.165863+00:00,2026-09-30
BCPC,Balchem Corporation,Basic Materials,Specialty Chemicals,0.546234509056244,0.3174451858913251,0.4604385128693994,0.8363636363636363,0.7272727272727273,0.8363636363636363,0.8363636363636363,0.44137273593898946,0.8090909090909091,4,2026-10-06T142958Z,2026-10-06T17:24:58.165863+00:00,2026-09-30
BCRX,"BioCryst Pharmaceuticals, Inc.",Healthcare,Drug Manufacturers - Specialty & Generic,0.7102001906577693,0.451858913250715,0.328884652049571,0.0158227848101265,0.9889705882352942,0.9583333333333334,0.0158227848101265,0.4969812519860184,0.49473737279722013,4,2026-10-06T142958Z,2026-10-06T17:24:58.165863+00:00,2026-09-30
BDC,Belden Inc.,Technology,Communication Equipment,0.3412774070543374,0.3536701620591039,0.3355576739752144,0.5619469026548672,0.4867256637168141,0.2300884955752212,0.2321428571428571,0.34350174769621855,0.37772597977243993,4,2026-10-06T142958Z,2026-10-06T17:24:58.165863+00:00,2026-09-30
BDX,"Becton, Dickinson and Company",Healthcare,Medical Instruments & Supplies,0.6329837940896091,0.6882745471877979,0.7378455672068637,0.4367088607594936,0.2647058823529412,0.5486111111111112,0.3544303797468354,0.686367969494757,0.40111405849259535,4,2026-10-06T142958Z,2026-10-06T17:24:58.165863+00:00,2026-09-30
BE,Bloom Energy Corporation,Industrials,Electrical Equipment & Parts,0.9876072449952336,0.9389895138226882,0.9161105815061964,0.4084507042253521,0.4075829383886256,0.9248826291079812,0.107981220657277,0.9475691134413727,0.462224373094809,4,2026-10-06T142958Z,2026-10-06T17:24:58.165863+00:00,2026-09-30
BEAM,Beam Therapeutics Inc.,Healthcare,Biotechnology,0.5090562440419447,0.6873212583412774,0.2621544327931363,0.2974683544303797,,0.0347222222222222,0.6645569620253164,0.4861773117254528,0.3322491795593061,3,2026-10-06T142958Z,2026-10-06T17:24:58.165863+00:00,2026-09-30
BELFB,Bel Fuse Inc.,Technology,Electronic Components,0.8617731172545281,0.6072449952335558,0.6158245948522403,0.4247787610619469,0.3893805309734513,0.2920353982300885,0.8482142857142857,0.6949475691134414,0.4886022439949431,4,2026-10-06T142958Z,2026-10-06T17:24:58.165863+00:00,2026-09-30
BEPC,Brookfield Renewable Corporation,Utilities,Utilities - Renewable,0.2354623450905624,0.0543374642516682,0.0762631077216396,0.0272727272727272,0.0277777777777777,0.4909090909090909,0.9454545454545454,0.12202097235462339,0.37285353535353527,4,2026-10-06T142958Z,2026-10-06T17:24:58.165863+00:00,2026-09-30
BF-B,Brown-Forman Corporation,Consumer Defensive,Beverages - Wineries & Distilleries,0.3670162059103908,0.3965681601525262,0.4709246901811248,0.6507936507936508,0.4354838709677419,0.9516129032258064,0.5873015873015873,0.411503018748014,0.6562980030721967,4,2026-10-06T142958Z,2026-10-06T17:24:58.165863+00:00,2026-09-30
BFAM,Bright Horizons Family Solutions Inc.,Consumer Cyclical,Personal Services,0.0552907530981887,0.094375595805529,0.1344137273593899,0.3836477987421384,0.2088607594936709,0.5094339622641509,0.3081761006289308,0.0946933587543692,0.35252965528222274,4,2026-10-06T142958Z,2026-10-06T17:24:58.165863+00:00,2026-09-30
BFLY,"Butterfly Network, Inc.",Healthcare,Medical Devices,0.9876072449952336,0.9437559580552908,0.9876072449952336,0.1265822784810126,0.2573529411764705,0.1111111111111111,0.8164556962025317,0.9729901493485859,0.3278755067427815,4,2026-10-06T142958Z,2026-10-06T17:24:58.165863+00:00,2026-09-30
BG,Bunge Global SA,Consumer Defensive,Farm Products,0.7778836987607245,0.221163012392755,0.32697807435653,0.238095238095238,0.0241935483870967,0.0241935483870967,0.492063492063492,0.44200826183666986,0.19463645673323085,4,2026-10-06T142958Z,2026-10-06T17:24:58.165863+00:00,2026-09-30
BHE,"Benchmark Electronics, Inc.",Technology,Electronic Components,0.9027645376549094,0.7426120114394662,0.8589132507149666,0.2787610619469026,0.1017699115044247,0.168141592920354,0.6294642857142857,0.8347632666031141,0.29453421302149174,4,2026-10-06T142958Z,2026-10-06T17:24:58.165863+00:00,2026-09-30
BIIB,Biogen Inc.,Healthcare,Drug Manufacturers - General,0.7588179218303146,0.763584366062917,0.763584366062917,0.5,0.3455882352941176,0.8541666666666666,0.5316455696202531,0.7619955513187162,0.5578501178952593,4,2026-10-06T142958Z,2026-10-06T17:24:58.165863+00:00,2026-09-30
BILL,"BILL Holdings, Inc.",Technology,Software - Application,0.2564346997140133,0.7778836987607245,0.5662535748331744,0.1725663716814159,0.0884955752212389,0.6238938053097345,0.53125,0.5335239911026374,0.3540514380530973,4,2026-10-06T142958Z,2026-10-06T17:24:58.165863+00:00,2026-09-30
BIO,"Bio-Rad Laboratories, Inc.",Healthcare,Medical Devices,0.669208770257388,0.8341277407054337,0.8560533841754051,0.4683544303797468,0.0735294117647058,0.6319444444444444,0.7088607594936709,0.786463298379409,0.47067226152064195,4,2026-10-06T142958Z,2026-10-06T17:24:58.165863+00:00,2026-09-30
BIPC,Brookfield Infrastructure Corporation,Utilities,Utilities - Regulated Gas,0.2345090562440419,0.209723546234509,0.2306959008579599,0.0545454545454545,0.6296296296296297,0.990909090909091,0.0909090909090909,0.22497616777883692,0.4414983164983165,4,2026-10-06T142958Z,2026-10-06T17:24:58.165863+00:00,2026-09-30
BJ,"BJ's Wholesale Club Holdings, Inc.",Consumer Defensive,Discount Stores,0.3574833174451859,0.2716873212583413,0.5052430886558628,0.5714285714285714,0.7258064516129032,0.1129032258064516,0.5238095238095238,0.37813790911979667,0.48348694316436247,4,2026-10-06T142958Z,2026-10-06T17:24:58.165863+00:00,2026-09-30
BKD,Brookdale Senior Living Inc.,Healthcare,Medical Care Facilities,0.7378455672068637,0.1086749285033365,0.0857959961868446,0.3417721518987341,0.088235294117647,0.2222222222222222,0.0158227848101265,0.3107721639656816,0.16701311326218243,4,2026-10-06T142958Z,2026-10-06T17:24:58.165863+00:00,2026-09-30
BKE,"The Buckle, Inc.",Consumer Cyclical,Apparel Retail,0.1382268827454718,0.1134413727359389,0.2840800762631077,0.949685534591195,0.8607594936708861,0.8301886792452831,0.5660377358490566,0.1785827772481728,0.8016678608391051,4,2026-10-06T142958Z,2026-10-06T17:24:58.165863+00:00,2026-09-30
BKH,Black Hills Corporation,Utilities,Utilities - Regulated Gas,0.6367969494756911,0.3994280266920877,0.4537654909437559,0.6,0.3518518518518518,0.4545454545454545,0.6909090909090909,0.4966634890371782,0.5243265993265993,4,2026-10-06T142958Z,2026-10-06T17:24:58.165863+00:00,2026-09-30
BKNG,Booking Holdings Inc.,Consumer Cyclical,Travel Services,0.2268827454718779,0.5281220209723546,0.1954242135367016,0.9748427672955976,,0.9905660377358492,0.1446540880503144,0.3168096599936447,0.7033542976939203,3,2026-10-06T142958Z,2026-10-06T17:24:58.165863+00:00,2026-09-30
BKR,Baker Hughes Company,Energy,Oil & Gas Equipment & Services,0.6835081029551954,0.4223069590085796,0.4204003813155386,0.4657534246575342,0.4520547945205479,0.5753424657534246,0.4027777777777778,0.5087384810931045,0.47398211567732107,4,2026-10-06T142958Z,2026-10-06T17:24:58.165863+00:00,2026-09-30
BKV,BKV Corporation,Energy,Oil & Gas E&P,0.4709246901811248,0.207816968541468,0.1048617731172545,0.5616438356164384,0.8082191780821918,0.0547945205479452,0.4583333333333333,0.2612011439466158,0.4707477168949772,4,2026-10-06T142958Z,2026-10-06T17:24:58.165863+00:00,2026-09-30
BLDR,"Builders FirstSource, Inc.",Industrials,Building Products & Equipment,0.0133460438512869,0.0562440419447092,0.0133460438512869,0.1596244131455399,0.8578199052132701,0.2769953051643192,0.1549295774647887,0.027645376549094335,0.3623423002469795,4,2026-10-06T142958Z,2026-10-06T17:24:58.165863+00:00,2026-09-30
BMI,"Badger Meter, Inc.",Technology,Scientific & Technical Instruments,0.103908484270734,0.1277407054337464,0.21163012392755,0.7920353982300885,0.6371681415929203,0.4778761061946903,,0.14775977121067682,0.6356932153392331,3,2026-10-06T142958Z,2026-10-06T17:24:58.165863+00:00,2026-09-30
BMRN,BioMarin Pharmaceutical Inc.,Healthcare,Biotechnology,0.5605338417540515,0.6425166825548141,0.444232602478551,0.3987341772151899,0.3823529411764705,0.7708333333333334,0.3354430379746835,0.5490943755958055,0.47184087242491934,4,2026-10-06T142958Z,2026-10-06T17:24:58.165863+00:00,2026-09-30
BMY,Bristol-Myers Squibb Company,Healthcare,Drug Manufacturers - General,0.8102955195424214,0.6081982840800763,0.5300285986653956,0.8354430379746836,0.6764705882352942,0.8263888888888888,0.1645569620253164,0.6495074674292978,0.6257148692810457,4,2026-10-06T142958Z,2026-10-06T17:24:58.165863+00:00,2026-09-30
BOOT,"Boot Barn Holdings, Inc.",Consumer Cyclical,Apparel Retail,0.1925643469971401,0.2859866539561487,0.0495710200190657,0.6729559748427673,0.5632911392405063,0.3333333333333333,0.710691823899371,0.1760406736574515,0.5700680678289944,4,2026-10-06T142958Z,2026-10-06T17:24:58.165863+00:00,2026-09-30
BOX,"Box, Inc.",Technology,Software - Infrastructure,0.4585319351763584,0.880838894184938,0.8798856053384175,0.668141592920354,0.9380530973451328,0.8141592920353983,0.2232142857142857,0.7397521448999046,0.6608920670037927,4,2026-10-06T142958Z,2026-10-06T17:24:58.165863+00:00,2026-09-30
BR,"Broadridge Financial Solutions, Inc.",Technology,Information Technology Services,0.1143946615824594,0.5367016205910391,0.3536701620591039,0.7876106194690266,0.4070796460176991,0.4557522123893805,0.1875,0.3349221480775341,0.4594856194690265,4,2026-10-06T142958Z,2026-10-06T17:24:58.165863+00:00,2026-09-30
BRC,Brady Corporation,Industrials,Security & Protection Services,0.5328884652049571,0.5681601525262154,0.4594852240228789,0.8262910798122066,0.933649289099526,0.6338028169014085,0.9248826291079812,0.5201779472513505,0.8296564537302806,4,2026-10-06T142958Z,2026-10-06T17:24:58.165863+00:00,2026-09-30
BRKR,Bruker Corporation,Healthcare,Medical Devices,0.8684461391801716,0.9142040038131554,0.8875119161105816,0.3670886075949367,0.4191176470588235,0.2569444444444444,0.4177215189873418,0.8900540197013028,0.3652180545213866,4,2026-10-06T142958Z,2026-10-06T17:24:58.165863+00:00,2026-09-30
BROS,Dutch Bros Inc.,Consumer Cyclical,Restaurants,0.207816968541468,0.1201143946615824,0.0133460438512869,0.2138364779874214,0.1392405063291139,0.3396226415094339,0.6037735849056604,0.11375913568477909,0.3241183026829074,4,2026-10-06T142958Z,2026-10-06T17:24:58.165863+00:00,2026-09-30
BRZE,"Braze, Inc.",Technology,Software - Application,0.5653002859866539,0.8579599618684461,0.6930409914204004,0.0619469026548672,0.8185840707964602,0.2876106194690265,0.6651785714285714,0.7054337464251668,0.45833004108723135,4,2026-10-06T142958Z,2026-10-06T17:24:58.165863+00:00,2026-09-30
BSX,Boston Scientific Corporation,Healthcare,Medical Devices,0.0133460438512869,0.0352716873212583,0.0133460438512869,0.7784810126582279,0.5808823529411765,0.4930555555555556,0.5506329113924051,0.0206545916746107,0.6007629581368412,4,2026-10-06T142958Z,2026-10-06T17:24:58.165863+00:00,2026-09-30
BSY,"Bentley Systems, Incorporated",Technology,Software - Application,0.0486177311725452,0.321258341277407,0.5262154432793136,0.6150442477876106,0.6327433628318584,0.8716814159292036,0.2366071428571428,0.29869717190975525,0.5890190423514539,4,2026-10-06T142958Z,2026-10-06T17:24:58.165863+00:00,2026-09-30
BTSG,"BrightSpring Health Services, Inc.",Healthcare,Health Information Services,0.9428026692087702,0.8408007626310772,0.8188751191611058,0.6645569620253164,0.4926470588235294,0.2916666666666667,0.2594936708860759,0.867492850333651,0.4270910896003971,4,2026-10-06T142958Z,2026-10-06T17:24:58.165863+00:00,2026-09-30
BTU,Peabody Energy Corporation,Energy,Thermal Coal,0.2697807435653003,0.0934223069590085,0.2326024785510009,0.0684931506849315,0.1506849315068493,0.1643835616438356,0.9444444444444444,0.19860184302510323,0.3320015220700152,4,2026-10-06T142958Z,2026-10-06T17:24:58.165863+00:00,2026-09-30
BURL,"Burlington Stores, Inc.",Consumer Cyclical,Apparel Retail,0.3384175405147759,0.0438512869399428,0.2011439466158246,0.5283018867924528,0.8164556962025317,0.2075471698113207,0.2389937106918239,0.1944709246901811,0.44782461587453226,4,2026-10-06T142958Z,2026-10-06T17:24:58.165863+00:00,2026-09-30
BWA,BorgWarner Inc.,Consumer Cyclical,Auto Parts,0.784556720686368,0.7159199237368923,0.5414680648236415,0.2452830188679245,0.2784810126582278,0.5786163522012578,0.7421383647798742,0.6806482364156339,0.461129687126821,4,2026-10-06T142958Z,2026-10-06T17:24:58.165863+00:00,2026-09-30
BWXT,"BWX Technologies, Inc.",Industrials,Aerospace & Defense,0.1935176358436606,0.0333651096282173,0.0343183984747378,0.6291079812206573,0.3364928909952606,0.5023474178403756,0.1596244131455399,0.08706704798220523,0.40689317580045836,4,2026-10-06T142958Z,2026-10-06T17:24:58.165863+00:00,2026-09-30
BYD,Boyd Gaming Corporation,Consumer Cyclical,Resorts & Casinos,0.223069590085796,0.1734985700667302,0.1315538608198284,0.9905660377358492,0.4683544303797468,0.0566037735849056,0.3962264150943396,0.1760406736574515,0.4779376641987103,4,2026-10-06T142958Z,2026-10-06T17:24:58.165863+00:00,2026-09-30
CACI,CACI International Inc,Technology,Information Technology Services,0.5757864632983795,0.5090562440419447,0.7130600571973308,0.415929203539823,0.0398230088495575,0.247787610619469,0.1205357142857142,0.5993009215125517,0.2060188843236409,4,2026-10-06T142958Z,2026-10-06T17:24:58.165863+00:00,2026-09-30
CAG,"Conagra Brands, Inc.",Consumer Defensive,Packaged Foods,0.2049571020019066,0.3431839847473784,0.1839847473784556,0.0238095238095238,0.1129032258064516,0.4838709677419355,0.3809523809523809,0.24404194470924687,0.250384024577573,4,2026-10-06T142958Z,2026-10-06T17:24:58.165863+00:00,2026-09-30
CAH,"Cardinal Health, Inc.",Healthcare,Medical Distribution,0.8198284080076264,0.6253574833174452,0.652049571020019,0.5063291139240507,0.1838235294117647,0.25,0.6835443037974683,0.6990784874483635,0.4059242367833209,4,2026-10-06T142958Z,2026-10-06T17:24:58.165863+00:00,2026-09-30
CAKE,The Cheesecake Factory Incorporated,Consumer Cyclical,Restaurants,0.9208770257387988,0.9609151572926596,0.9485224022878932,0.4528301886792453,0.7341772151898734,0.3584905660377358,0.1509433962264151,0.9434381951064506,0.4241103415333174,4,2026-10-06T142958Z,2026-10-06T17:24:58.165863+00:00,2026-09-30
CALM,"Cal-Maine Foods, Inc.",Consumer Defensive,Farm Products,0.1782650142993327,0.2554814108674929,0.1134413727359389,0.6984126984126984,0.3387096774193548,0.6129032258064516,0.992063492063492,0.18239593263425483,0.6605222734254992,4,2026-10-06T142958Z,2026-10-06T17:24:58.165863+00:00,2026-09-30
CALX,"Calix, Inc.",Technology,Software - Infrastructure,0.0409914204003813,0.0467111534795042,0.0781696854146806,0.4646017699115044,0.9203539823008848,0.243362831858407,0.9107142857142856,0.055290753098188705,0.6347582174462705,4,2026-10-06T142958Z,2026-10-06T17:24:58.165863+00:00,2026-09-30
CALY,Callaway Golf Company,Consumer Cyclical,Leisure,0.8369876072449952,0.5262154432793136,0.3279313632030505,0.0314465408805031,0.5,0.8490566037735849,0.9622641509433962,0.563711471242453,0.5856918238993711,4,2026-10-06T142958Z,2026-10-06T17:24:58.165863+00:00,2026-09-30
CAR,"Avis Budget Group, Inc.",Industrials,Rental & Leasing Services,0.1916110581506196,0.0133460438512869,0.0133460438512869,0.0798122065727699,0.6303317535545023,0.0164319248826291,0.0164319248826291,0.07276771528439781,0.18575195247313261,4,2026-10-06T142958Z,2026-10-06T17:24:58.165863+00:00,2026-09-30
CARG,"CarGurus, Inc.",Communication Services,Internet Content & Information,0.219256434699714,0.2783603431839847,0.2001906577693041,0.9893617021276596,0.9888888888888888,0.851063829787234,0.5531914893617021,0.23260247855100094,0.8456264775413712,4,2026-10-06T142958Z,2026-10-06T17:24:58.165863+00:00,2026-09-30
CARR,Carrier Global Corporation,Industrials,Building Products & Equipment,0.3498570066730219,0.4642516682554814,0.2745471877979027,0.2910798122065727,0.2322274881516587,0.488262910798122,0.4131455399061033,0.3628852875754687,0.35617893776561416,4,2026-10-06T142958Z,2026-10-06T17:24:58.165863+00:00,2026-09-30
CART,Maplebear Inc.,Consumer Cyclical,Internet Retail,0.6682554814108675,0.7273593898951383,0.6472831267874166,0.8490566037735849,0.9493670886075948,0.9905660377358492,0.9905660377358492,0.680965999364474,0.9448889419632196,4,2026-10-06T142958Z,2026-10-06T17:24:58.165863+00:00,2026-09-30
CASY,"Casey's General Stores, Inc.",Consumer Cyclical,Specialty Retail,0.6978074356530028,0.319351763584366,0.1477597712106768,0.6352201257861635,0.7088607594936709,0.220125786163522,0.6981132075471698,0.38830632348268185,0.5655799697476315,4,2026-10-06T142958Z,2026-10-06T17:24:58.165863+00:00,2026-09-30
CAT,Caterpillar Inc.,Industrials,Farm & Heavy Construction Machinery,0.8427073403241182,0.5328884652049571,0.6387035271687321,0.8169014084507042,0.5876777251184834,0.6619718309859155,0.1877934272300469,0.6714331108992692,0.5635860979462876,4,2026-10-06T142958Z,2026-10-06T17:24:58.165863+00:00,2026-09-30
CAVA,"CAVA Group, Inc.",Consumer Cyclical,Restaurants,0.2936129647283126,0.0371782650142993,0.0524308865586272,0.3647798742138364,0.3544303797468354,0.2327044025157232,0.6352201257861635,0.12774070543374635,0.39678369556563964,4,2026-10-06T142958Z,2026-10-06T17:24:58.165863+00:00,2026-09-30
CBT,Cabot Corporation,Basic Materials,Specialty Chemicals,0.444232602478551,0.5138226882745471,0.4623450905624404,0.5272727272727272,0.6,0.6181818181818182,0.4181818181818181,0.4734667937718462,0.5409090909090909,4,2026-10-06T142958Z,2026-10-06T17:24:58.165863+00:00,2026-09-30
CBZ,"CBIZ, Inc.",Industrials,Specialty Business Services,0.328884652049571,0.9685414680648236,0.915157292659676,0.2347417840375587,0.0521327014218009,0.5492957746478874,0.2206572769953051,0.7375278042580234,0.264206884275638,4,2026-10-06T142958Z,2026-10-06T17:24:58.165863+00:00,2026-09-30
CC,The Chemours Company,Basic Materials,Specialty Chemicals,0.2869399428026692,0.0133460438512869,0.0638703527168732,0.109090909090909,0.3272727272727272,0.3272727272727272,0.0909090909090909,0.1213854464569431,0.2136363636363636,4,2026-10-06T142958Z,2026-10-06T17:24:58.165863+00:00,2026-09-30
CCC,CCC Intelligent Solutions Holdings Inc.,Technology,Software - Application,0.1134413727359389,0.6415633937082936,0.6501429933269781,0.2256637168141592,0.3185840707964602,0.7743362831858407,0.2008928571428571,0.4683825865904036,0.37986923198482925,4,2026-10-06T142958Z,2026-10-06T17:24:58.165863+00:00,2026-09-30
CCK,"Crown Holdings, Inc.",Consumer Cyclical,Packaging & Containers,0.5710200190657769,0.5586272640610105,0.4842707340324118,0.4465408805031446,0.2278481012658227,0.5974842767295597,0.4842767295597484,0.5379726723863997,0.43903749701456884,4,2026-10-06T142958Z,2026-10-06T17:24:58.165863+00:00,2026-09-30
CCL,Carnival Corporation Ltd.,Consumer Cyclical,Travel Services,0.1448999046711153,0.1611058150619637,0.3431839847473784,0.4779874213836478,0.2974683544303797,0.7672955974842768,0.3710691823899371,0.21639656816015243,0.4784551389220603,4,2026-10-06T142958Z,2026-10-06T17:24:58.165863+00:00,2026-09-30
CDE,"Coeur Mining, Inc.",Basic Materials,Gold,0.5138226882745471,0.6129647283126788,0.2202097235462345,0.5636363636363636,0.1272727272727272,0.9636363636363636,0.9454545454545454,0.4489990467111535,0.6499999999999999,4,2026-10-06T142958Z,2026-10-06T17:24:58.165863+00:00,2026-09-30
CDNS,"Cadence Design Systems, Inc.",Technology,Software - Application,0.1992373689227836,0.4947569113441373,0.669208770257388,0.7522123893805309,0.7123893805309734,0.8230088495575221,0.4866071428571428,0.4544010168414363,0.6935544405815423,4,2026-10-06T142958Z,2026-10-06T17:24:58.165863+00:00,2026-09-30
CDW,CDW Corporation,Technology,Information Technology Services,0.3088655862726406,0.7264061010486177,0.559580552907531,0.5176991150442478,0.4601769911504424,0.1592920353982301,0.2410714285714285,0.5316174134095965,0.3445598925410872,4,2026-10-06T142958Z,2026-10-06T17:24:58.165863+00:00,2026-09-30
CE,Celanese Corporation,Basic Materials,Chemicals,0.325071496663489,0.0133460438512869,0.2335557673975214,0.0545454545454545,0.1818181818181818,0.5636363636363636,0.0727272727272727,0.19065776930409908,0.21818181818181814,4,2026-10-06T142958Z,2026-10-06T17:24:58.165863+00:00,2026-09-30
CECO,CECO Environmental Corp.,Industrials,Pollution & Treatment Controls,0.7569113441372736,0.7025738798856054,0.5872259294566253,0.0938967136150234,0.1421800947867298,0.0845070422535211,0.7230046948356808,0.6822370511598347,0.26089713637273876,4,2026-10-06T142958Z,2026-10-06T17:24:58.165863+00:00,2026-09-30
CEG,Constellation Energy Corporation,Utilities,Utilities - Independent Power Producers,0.1286939942802669,0.3708293612964728,0.332697807435653,0.8363636363636363,0.1296296296296296,0.8181818181818182,0.990909090909091,0.27740705433746427,0.6937710437710438,4,2026-10-06T142958Z,2026-10-06T17:24:58.165863+00:00,2026-09-30
CENTA,Central Garden & Pet Company,Consumer Defensive,Packaged Foods,0.5986653956148713,0.546234509056244,0.4823641563393708,0.365079365079365,0.4032258064516129,0.5967741935483871,0.4761904761904761,0.5424213536701621,0.4603174603174603,4,2026-10-06T142958Z,2026-10-06T17:24:58.165863+00:00,2026-09-30
CENX,Century Aluminum Company,Basic Materials,Aluminum,0.8245948522402288,0.0285986653956148,0.0409914204003813,0.9636363636363636,0.5636363636363636,0.4909090909090909,0.7090909090909091,0.29806164601207497,0.6818181818181818,4,2026-10-06T142958Z,2026-10-06T17:24:58.165863+00:00,2026-09-30
CF,"CF Industries Holdings, Inc.",Basic Materials,Agricultural Inputs,0.8122020972354623,0.44232602478551,0.5815061963775023,0.9272727272727272,0.6909090909090909,0.9090909090909092,0.6363636363636364,0.6120114394661582,0.7909090909090909,4,2026-10-06T142958Z,2026-10-06T17:24:58.165863+00:00,2026-09-30
CGNX,Cognex Corporation,Technology,Scientific & Technical Instruments,0.684461391801716,0.6997140133460439,0.7759771210676835,0.6371681415929203,0.6061946902654868,0.7300884955752213,0.8258928571428571,0.7200508420718145,0.6998360461441214,4,2026-10-06T142958Z,2026-10-06T17:24:58.165863+00:00,2026-09-30
CGON,"CG Oncology, Inc.",Healthcare,Biotechnology,0.90371782650143,0.5052430886558628,0.6491897044804575,0.1835443037974683,0.0183823529411764,0.0173611111111111,0.9367088607594936,0.6860502065459168,0.28899915715231234,4,2026-10-06T142958Z,2026-10-06T17:24:58.165863+00:00,2026-09-30
CHD,"Church & Dwight Co., Inc.",Consumer Defensive,Household & Personal Products,0.4785510009532888,0.4509056244041944,0.4995233555767397,0.6190476190476191,0.4516129032258064,0.8387096774193549,0.7619047619047619,0.47632666031140763,0.6678187403993856,4,2026-10-06T142958Z,2026-10-06T17:24:58.165863+00:00,2026-09-30
CHDN,Churchill Downs Incorporated,Consumer Cyclical,Gambling,0.2640610104861773,0.3136320305052431,0.1639656816015252,0.4591194968553459,0.120253164556962,0.7924528301886793,0.1698113207547169,0.24721957419764853,0.38540920308892607,4,2026-10-06T142958Z,2026-10-06T17:24:58.165863+00:00,2026-09-30
CHEF,"The Chefs' Warehouse, Inc.",Consumer Defensive,Food Distribution,0.9361296472831268,0.9666348903717826,0.9065776930409916,0.3809523809523809,0.7580645161290323,0.2580645161290322,0.2857142857142857,0.936447410231967,0.42069892473118276,4,2026-10-06T142958Z,2026-10-06T17:24:58.165863+00:00,2026-09-30
CHH,"Choice Hotels International, Inc.",Consumer Cyclical,Lodging,0.2631077216396568,0.2144899904671115,0.3546234509056244,0.7232704402515723,0.4113924050632911,0.4716981132075472,0.1320754716981132,0.2774070543374642,0.434609107555131,4,2026-10-06T142958Z,2026-10-06T17:24:58.165863+00:00,2026-09-30
CHRD,Chord Energy Corporation,Energy,Oil & Gas E&P,0.8207816968541468,0.4337464251668255,0.7349857006673022,0.5342465753424658,0.273972602739726,0.726027397260274,0.9027777777777778,0.6631712742294248,0.6092560882800608,4,2026-10-06T142958Z,2026-10-06T17:24:58.165863+00:00,2026-09-30
CHRW,"C.H. Robinson Worldwide, Inc.",Industrials,Integrated Freight & Logistics,0.4451858913250714,0.1191611058150619,0.1210676835081029,0.8779342723004695,0.6635071090047393,0.2394366197183098,0.4553990610328638,0.22847156021607876,0.5590692655140956,4,2026-10-06T142958Z,2026-10-06T17:24:58.165863+00:00,2026-09-30
CHTR,"Charter Communications, Inc.",Communication Services,Telecom Services,0.0314585319351763,0.0133460438512869,0.0133460438512869,0.425531914893617,0.4,0.3404255319148936,0.1489361702127659,0.019383539879250036,0.32872340425531915,4,2026-10-06T142958Z,2026-10-06T17:24:58.165863+00:00,2026-09-30
CHWY,"Chewy, Inc.",Consumer Cyclical,Internet Retail,0.0419447092469018,0.1525262154432793,0.0505243088655862,0.559748427672956,0.990506329113924,0.2767295597484276,0.7169811320754716,0.08166507785192244,0.6359913621526948,4,2026-10-06T142958Z,2026-10-06T17:24:58.165863+00:00,2026-09-30
CI,The Cigna Group,Healthcare,Healthcare Plans,0.3012392755004766,0.3898951382268827,0.438512869399428,0.5569620253164557,0.1323529411764706,0.3125,0.6392405063291139,0.37654909437559575,0.41026386820551,4,2026-10-06T142958Z,2026-10-06T17:24:58.165863+00:00,2026-09-30
CIEN,Ciena Corporation,Technology,Communication Equipment,0.9380362249761678,0.0266920877025738,0.4775977121067683,0.6769911504424779,0.6548672566371682,0.3849557522123893,0.1517857142857142,0.48077534159516994,0.4671499683944374,4,2026-10-06T142958Z,2026-10-06T17:24:58.165863+00:00,2026-09-30
CIFR,Cipher Digital Inc.,Technology,Information Technology Services,0.6158245948522403,0.7626310772163966,0.1525262154432793,0.0353982300884955,0.0154867256637168,0.0154867256637168,0.03125,0.5103272958373054,0.024405420353982275,4,2026-10-06T142958Z,2026-10-06T17:24:58.165863+00:00,2026-09-30
CL,Colgate-Palmolive Company,Consumer Defensive,Household & Personal Products,0.5424213536701621,0.4814108674928503,0.446139180171592,0.8095238095238095,0.967741935483871,0.8709677419354839,0.2539682539682539,0.48999046711153477,0.7255504352278546,4,2026-10-06T142958Z,2026-10-06T17:24:58.165863+00:00,2026-09-30
CLF,Cleveland-Cliffs Inc.,Basic Materials,Steel,0.2831267874165872,0.8589132507149666,0.6482364156339371,0.0909090909090909,0.0272727272727272,0.0545454545454545,0.2545454545454545,0.5967588179218303,0.10681818181818178,4,2026-10-06T142958Z,2026-10-06T17:24:58.165863+00:00,2026-09-30
CLH,"Clean Harbors, Inc.",Industrials,Waste Management,0.7273593898951383,0.4470924690181125,0.7073403241182078,0.4835680751173709,0.6350710900473934,0.4084507042253521,0.2816901408450704,0.6272640610104862,0.45219500255879674,4,2026-10-06T142958Z,2026-10-06T17:24:58.165863+00:00,2026-09-30
CLMT,"Calumet, Inc.",Basic Materials,Specialty Chemicals,0.9876072449952336,0.882745471877979,0.969494756911344,0.0727272727272727,0.2363636363636363,0.2363636363636363,0.0272727272727272,0.9466158245948523,0.14318181818181813,4,2026-10-06T142958Z,2026-10-06T17:24:58.165863+00:00,2026-09-30
CMCSA,Comcast Corporation,Communication Services,Telecom Services,0.2917063870352717,0.2735938989513822,0.1191611058150619,0.574468085106383,0.6666666666666666,0.574468085106383,0.4893617021276595,0.22815379726723858,0.5762411347517731,4,2026-10-06T142958Z,2026-10-06T17:24:58.165863+00:00,2026-09-30
CMG,"Chipotle Mexican Grill, Inc.",Consumer Cyclical,Restaurants,0.2545281220209723,0.5471877979027645,0.221163012392755,0.89937106918239,0.5379746835443038,0.7861635220125787,0.2138364779874214,0.34095964410549723,0.6093364381816734,4,2026-10-06T142958Z,2026-10-06T17:24:58.165863+00:00,2026-09-30
CMI,Cummins Inc.,Industrials,Specialty Industrial Machinery,0.6415633937082936,0.2945662535748332,0.1963775023832221,0.6197183098591549,0.6113744075829384,0.539906103286385,0.6291079812206573,0.3775023832221163,0.6000267004872839,4,2026-10-06T142958Z,2026-10-06T17:24:58.165863+00:00,2026-09-30
CMS,CMS Energy Corporation,Utilities,Utilities - Regulated Electric,0.3060057197330791,0.1363203050524309,0.2345090562440419,0.4545454545454545,0.4444444444444444,0.2,0.3090909090909091,0.22561169367651726,0.352020202020202,4,2026-10-06T142958Z,2026-10-06T17:24:58.165863+00:00,2026-09-30
CNC,Centene Corporation,Healthcare,Healthcare Plans,0.897998093422307,0.9656816015252622,0.8484270734032412,0.2848101265822785,0.2352941176470588,0.3333333333333333,0.6518987341772152,0.9040355894502702,0.3763340779349714,4,2026-10-06T142958Z,2026-10-06T17:24:58.165863+00:00,2026-09-30
CNK,"Cinemark Holdings, Inc.",Communication Services,Entertainment,0.6348903717826502,0.6186844613918017,0.8417540514775977,0.6382978723404256,0.8222222222222222,0.425531914893617,0.1276595744680851,0.6984429615506832,0.5034278959810875,4,2026-10-06T142958Z,2026-10-06T17:24:58.165863+00:00,2026-09-30
CNM,"Core & Main, Inc.",Industrials,Industrial Distribution,0.1458531935176358,0.107721639656816,0.1620591039084842,0.5539906103286385,0.7772511848341233,0.460093896713615,0.2347417840375587,0.138544645694312,0.5065193689784838,4,2026-10-06T142958Z,2026-10-06T17:24:58.165863+00:00,2026-09-30
CNP,"CenterPoint Energy, Inc.",Utilities,Utilities - Regulated Electric,0.4070543374642517,0.1830314585319351,0.2983794089609151,0.3818181818181818,0.5925925925925926,0.1636363636363636,0.1272727272727272,0.29615506831903393,0.3163299663299663,4,2026-10-06T142958Z,2026-10-06T17:24:58.165863+00:00,2026-09-30
CNR,"Core Natural Resources, Inc.",Energy,Thermal Coal,0.4976167778836987,0.2049571020019066,0.5014299332697807,0.2191780821917808,0.0205479452054794,0.3287671232876712,0.9583333333333334,0.40133460438512863,0.3817066210045662,4,2026-10-06T142958Z,2026-10-06T17:24:58.165863+00:00,2026-09-30
CNX,CNX Resources Corporation,Energy,Oil & Gas E&P,0.4995233555767397,0.2287893231649189,0.215443279313632,0.821917808219178,0.410958904109589,0.8493150684931506,0.5277777777777778,0.31458531935176354,0.6524923896499238,4,2026-10-06T142958Z,2026-10-06T17:24:58.165863+00:00,2026-09-30
COCO,"The Vita Coco Company, Inc.",Consumer Defensive,Beverages - Non-Alcoholic,0.6482364156339371,0.5309818875119161,0.2583412774070543,0.9523809523809524,0.7903225806451613,0.8225806451612904,0.9682539682539684,0.4791865268509692,0.8833845366103431,4,2026-10-06T142958Z,2026-10-06T17:24:58.165863+00:00,2026-09-30
COGT,"Cogent Biosciences, Inc.",Healthcare,Biotechnology,0.9609151572926596,0.2821734985700667,0.1591992373689227,0.0886075949367088,,,0.4430379746835443,0.467429297743883,0.26582278481012656,2,2026-10-06T142958Z,2026-10-06T17:24:58.165863+00:00,2026-09-30
COHR,Coherent Corp.,Technology,Scientific & Technical Instruments,0.9590085795996188,0.3889418493803622,0.771210676835081,0.4070796460176991,0.1238938053097345,0.0530973451327433,0.5089285714285714,0.7063870352716873,0.27324984197218705,4,2026-10-06T142958Z,2026-10-06T17:24:58.165863+00:00,2026-09-30
COHU,"Cohu, Inc.",Technology,Semiconductor Equipment & Materials,0.9504289799809342,0.8446139180171592,0.9876072449952336,0.1150442477876106,0.2079646017699115,0.2256637168141592,0.3839285714285714,0.9275500476644423,0.23315028445006317,4,2026-10-06T142958Z,2026-10-06T17:24:58.165863+00:00,2026-09-30
COKE,"Coca-Cola Consolidated, Inc.",Consumer Defensive,Beverages - Non-Alcoholic,0.8503336510962822,0.3002859866539561,0.6367969494756911,0.8253968253968254,0.935483870967742,0.4516129032258064,0.0634920634920634,0.5958055290753098,0.5689964157706092,4,2026-10-06T142958Z,2026-10-06T17:24:58.165863+00:00,2026-09-30
COLM,Columbia Sportswear Company,Consumer Cyclical,Apparel Manufacturing,0.4413727359389895,0.4032411820781696,0.4099142040038132,0.5471698113207547,0.9113924050632912,0.6163522012578616,0.89937106918239,0.41817604067365743,0.7435713717060743,4,2026-10-06T142958Z,2026-10-06T17:24:58.165863+00:00,2026-09-30
CON,"Concentra Group Holdings Parent, Inc.",Healthcare,Medical Care Facilities,0.8598665395614872,0.9246901811248808,0.9122974261201144,0.7088607594936709,0.3088235294117647,0.5694444444444444,0.0696202531645569,0.8989513822688275,0.41418724662860923,4,2026-10-06T142958Z,2026-10-06T17:24:58.165863+00:00,2026-09-30
COO,"The Cooper Companies, Inc.",Healthcare,Medical Instruments & Supplies,0.3536701620591039,0.3098188751191611,0.094375595805529,0.5759493670886076,0.2941176470588235,0.6805555555555556,0.6455696202531646,0.2526215443279313,0.5490480474890378,4,2026-10-06T142958Z,2026-10-06T17:24:58.165863+00:00,2026-09-30
COP,ConocoPhillips,Energy,Oil & Gas E&P,0.7855100095328885,0.3937082936129647,0.7178265014299333,0.6986301369863014,0.5753424657534246,0.6575342465753424,0.6805555555555556,0.6323482681919289,0.653015601217656,4,2026-10-06T142958Z,2026-10-06T17:24:58.165863+00:00,2026-09-30
COR,"Cencora, Inc.",Healthcare,Medical Distribution,0.446139180171592,0.4194470924690181,0.4766444232602478,0.5126582278481012,0.1397058823529411,0.2291666666666666,0.6962025316455697,0.4474102319669526,0.3944333271283197,4,2026-10-06T142958Z,2026-10-06T17:24:58.165863+00:00,2026-09-30
CORZ,"Core Scientific, Inc.",Technology,Software - Infrastructure,0.3117254528122021,0.5033365109628217,0.1420400381315538,0.0154867256637168,0.0309734513274336,0.0154867256637168,0.015625,0.3190340006355259,0.0193929756637168,4,2026-10-06T142958Z,2026-10-06T17:24:58.165863+00:00,2026-09-30
COST,Costco Wholesale Corporation,Consumer Defensive,Discount Stores,0.3441372735938989,0.1553860819828408,0.3994280266920877,0.7142857142857143,0.6612903225806451,0.2741935483870967,0.9523809523809524,0.29965046075627577,0.6505376344086021,4,2026-10-06T142958Z,2026-10-06T17:24:58.165863+00:00,2026-09-30
CPAY,"Corpay, Inc.",Technology,Software - Infrastructure,0.7645376549094376,0.8388941849380362,0.784556720686368,0.3849557522123893,0.1150442477876106,0.8849557522123894,0.2142857142857142,0.7959961868446138,0.3998103666245259,4,2026-10-06T142958Z,2026-10-06T17:24:58.165863+00:00,2026-09-30
CPB,The Campbell's Company,Consumer Defensive,Packaged Foods,0.0838894184938036,0.330791229742612,0.1744518589132507,0.3174603174603174,0.2096774193548387,0.4032258064516129,0.3174603174603174,0.19637750238322207,0.3119559651817716,4,2026-10-06T142958Z,2026-10-06T17:24:58.165863+00:00,2026-09-30
CPNG,"Coupang, Inc.",Consumer Cyclical,Internet Retail,0.0133460438512869,0.0629170638703527,0.0848427073403241,0.050314465408805,0.8417721518987342,0.0817610062893081,0.6666666666666666,0.0537019383539879,0.41012857256587854,4,2026-10-06T142958Z,2026-10-06T17:24:58.165863+00:00,2026-09-30
CPRT,"Copart, Inc.",Industrials,Specialty Business Services,0.0953288846520495,0.3336510962821735,0.1306005719733079,0.9248826291079812,0.4644549763033175,0.971830985915493,0.9671361502347418,0.18652685096917695,0.8320761853903833,4,2026-10-06T142958Z,2026-10-06T17:24:58.165863+00:00,2026-09-30
CR,Crane Company,Industrials,Specialty Industrial Machinery,0.4842707340324118,0.6358436606291706,0.6301239275500476,0.647887323943662,0.6777251184834123,0.7746478873239436,0.4835680751173709,0.5834127740705434,0.6459571012170973,4,2026-10-06T142958Z,2026-10-06T17:24:58.165863+00:00,2026-09-30
CRC,California Resources Corporation,Energy,Oil & Gas E&P,0.3832221163012392,0.0619637750238322,0.3794089609151573,0.0958904109589041,0.8493150684931506,0.8356164383561644,0.9930555555555556,0.2748649507467429,0.6934693683409436,4,2026-10-06T142958Z,2026-10-06T17:24:58.165863+00:00,2026-09-30
CRGY,Crescent Energy Company,Energy,Oil & Gas E&P,0.8579599618684461,0.4184938036224976,0.8312678741658722,0.136986301369863,0.9452054794520548,0.6027397260273972,0.1944444444444444,0.7025738798856054,0.46984398782343983,4,2026-10-06T142958Z,2026-10-06T17:24:58.165863+00:00,2026-09-30
CRK,"Comstock Resources, Inc.",Energy,Oil & Gas E&P,0.0724499523355576,0.0476644423260247,0.0695900857959961,0.6712328767123288,0.0821917808219178,0.0684931506849315,0.2361111111111111,0.0632348268191928,0.2645072298325723,4,2026-10-06T142958Z,2026-10-06T17:24:58.165863+00:00,2026-09-30
CRL,"Charles River Laboratories International, Inc.",Healthcare,Diagnostics & Research,0.8541468064823642,0.9380362249761678,0.9494756911344138,0.3354430379746835,0.1764705882352941,0.5277777777777778,0.2531645569620253,0.9138862408643152,0.3232139902374452,4,2026-10-06T142958Z,2026-10-06T17:24:58.165863+00:00,2026-09-30
CRM,"Salesforce, Inc.",Technology,Software - Application,0.4699714013346044,0.8560533841754051,0.773117254528122,0.6592920353982301,0.5088495575221239,0.8938053097345132,0.2053571428571428,0.6997140133460439,0.5668260113780025,4,2026-10-06T142958Z,2026-10-06T17:24:58.165863+00:00,2026-09-30
CROX,"Crocs, Inc.",Consumer Cyclical,Footwear & Accessories,0.6892278360343184,0.7664442326024785,0.7102001906577693,0.8427672955974843,0.7848101265822784,0.8805031446540881,0.5408805031446541,0.7219574197648555,0.7622402674946261,4,2026-10-06T142958Z,2026-10-06T17:24:58.165863+00:00,2026-09-30
CRS,Carpenter Technology Corporation,Industrials,Metal Fabrication,0.907530981887512,0.6453765490943756,0.2316491897044804,0.9014084507042254,0.6018957345971564,0.6384976525821596,0.7652582159624414,0.5948522402287894,0.7267650134614957,4,2026-10-06T142958Z,2026-10-06T17:24:58.165863+00:00,2026-09-30
CRUS,"Cirrus Logic, Inc.",Technology,Semiconductors,0.2163965681601525,0.0419447092469018,0.1858913250714966,0.8628318584070797,0.7345132743362832,0.7831858407079646,0.7455357142857143,0.14807753415951697,0.7815166719342604,4,2026-10-06T142958Z,2026-10-06T17:24:58.165863+00:00,2026-09-30
CRWD,"CrowdStrike Holdings, Inc.",Technology,Software - Infrastructure,0.8760724499523356,0.9876072449952336,0.9876072449952336,0.1769911504424778,0.584070796460177,0.8053097345132744,0.7053571428571429,0.9504289799809342,0.567932206068268,4,2026-10-06T142958Z,2026-10-06T17:24:58.165863+00:00,2026-09-30
CSCO,"Cisco Systems, Inc.",Technology,Communication Equipment,0.8379408960915157,0.8074356530028599,0.7893231649189705,0.7168141592920354,0.5265486725663717,0.5707964601769911,0.4508928571428571,0.811566571337782,0.5662630372945638,4,2026-10-06T142958Z,2026-10-06T17:24:58.165863+00:00,2026-09-30
CSL,Carlisle Companies Incorporated,Industrials,Building Products & Equipment,0.3879885605338417,0.3984747378455672,0.3593898951382269,0.8544600938967136,0.7298578199052133,0.8262910798122066,0.1502347417840375,0.38195106450587857,0.6402109338495428,4,2026-10-06T142958Z,2026-10-06T17:24:58.165863+00:00,2026-09-30
CSX,CSX Corporation,Industrials,Railroads,0.7235462345090562,0.6491897044804575,0.6530028598665396,0.5774647887323944,0.1232227488151658,0.9014084507042254,0.2065727699530516,0.6752462662853511,0.45216718955120927,4,2026-10-06T142958Z,2026-10-06T17:24:58.165863+00:00,2026-09-30
CTAS,Cintas Corporation,Industrials,Specialty Business Services,0.32697807435653,0.6339370829361296,0.5977121067683508,0.988262910798122,0.9881516587677726,0.812206572769953,0.5868544600938967,0.5195424213536701,0.843868900607436,4,2026-10-06T142958Z,2026-10-06T17:24:58.165863+00:00,2026-09-30
CTOS,"Custom Truck One Source, Inc.",Industrials,Rental & Leasing Services,0.7264061010486177,0.7988560533841754,0.7855100095328885,0.136150234741784,0.1611374407582938,0.0516431924882629,0.0375586854460093,0.7702573879885605,0.09662238835858751,4,2026-10-06T142958Z,2026-10-06T17:24:58.165863+00:00,2026-09-30
CTRI,"Centuri Holdings, Inc.",Utilities,Utilities - Regulated Gas,0.3145853193517636,0.0133460438512869,0.0476644423260247,0.109090909090909,0.7592592592592593,0.7818181818181819,0.7454545454545455,0.12519860184302506,0.5989057239057239,4,2026-10-06T142958Z,2026-10-06T17:24:58.165863+00:00,2026-09-30
CTSH,Cognizant Technology Solutions Corporation,Technology,Information Technology Services,0.3098188751191611,0.4061010486177311,0.4080076263107721,0.7300884955752213,0.588495575221239,0.3407079646017699,0.6473214285714286,0.3746425166825548,0.5766533659924147,4,2026-10-06T142958Z,2026-10-06T17:24:58.165863+00:00,2026-09-30
CTVA,"Corteva, Inc.",Basic Materials,Agricultural Inputs,0.7311725452812202,0.4251668255481411,0.0133460438512869,0.3272727272727272,0.5818181818181818,0.3090909090909091,0.9272727272727272,0.38989513822688276,0.5363636363636364,4,2026-10-06T142958Z,2026-10-06T17:24:58.165863+00:00,2026-09-30
CVI,"CVR Energy, Inc.",Energy,Oil & Gas Refining & Marketing,0.5414680648236415,0.7969494756911344,0.9876072449952336,0.2328767123287671,0.4794520547945205,0.2602739726027397,0.1805555555555555,0.7753415951700031,0.2882895738203957,4,2026-10-06T142958Z,2026-10-06T17:24:58.165863+00:00,2026-09-30
CVLT,"Commvault Systems, Inc.",Technology,Software - Application,0.0905624404194471,0.9351763584366064,0.90371782650143,0.3584070796460177,0.8362831858407079,0.6150442477876106,0.09375,0.6431522084524945,0.475871128318584,4,2026-10-06T142958Z,2026-10-06T17:24:58.165863+00:00,2026-09-30
CVNA,Carvana Co.,Consumer Cyclical,Auto & Truck Dealerships,0.2497616777883698,0.6043851286939943,0.2278360343183984,0.7295597484276729,0.5443037974683544,0.2452830188679245,0.5471698113207547,0.3606609469335875,0.5165790940211766,4,2026-10-06T142958Z,2026-10-06T17:24:58.165863+00:00,2026-09-30
CVS,CVS Health Corporation,Healthcare,Healthcare Plans,0.6510962821734986,0.7959961868446139,0.4985700667302192,0.4430379746835443,0.3382352941176471,0.2986111111111111,0.4240506329113924,0.6485541785827772,0.37598375320592375,4,2026-10-06T142958Z,2026-10-06T17:24:58.165863+00:00,2026-09-30
CVSA,Covista Inc.,Consumer Defensive,Education & Training Services,0.1820781696854146,0.4909437559580553,0.6320305052430887,0.6349206349206349,0.5645161290322581,0.8870967741935484,0.6666666666666666,0.4350174769621862,0.688300051203277,4,2026-10-06T142958Z,2026-10-06T17:24:58.165863+00:00,2026-09-30
CVX,Chevron Corporation,Energy,Oil & Gas Integrated,0.7511916110581506,0.4842707340324118,0.7311725452812202,0.4931506849315068,0.7945205479452054,0.6164383561643836,0.9166666666666666,0.6555449634572609,0.7051940639269406,4,2026-10-06T142958Z,2026-10-06T17:24:58.165863+00:00,2026-09-30
CW,Curtiss-Wright Corporation,Industrials,Aerospace & Defense,0.4003813155386082,0.0734032411820781,0.098188751191611,0.755868544600939,0.6161137440758294,0.8356807511737089,0.6948356807511737,0.19065776930409908,0.7256246801504127,4,2026-10-06T142958Z,2026-10-06T17:24:58.165863+00:00,2026-09-30
CWEN,"Clearway Energy, Inc.",Utilities,Utilities - Renewable,0.449952335557674,0.0743565300285986,0.1506196377502383,0.0909090909090909,0.1111111111111111,0.990909090909091,0.0545454545454545,0.22497616777883697,0.31186868686868685,4,2026-10-06T142958Z,2026-10-06T17:24:58.165863+00:00,2026-09-30
CWST,"Casella Waste Systems, Inc.",Industrials,Waste Management,0.3965681601525262,0.5319351763584366,0.2878932316491897,0.1126760563380281,0.4123222748815165,0.3333333333333333,0.2488262910798122,0.40546552272005076,0.27678948890817257,4,2026-10-06T142958Z,2026-10-06T17:24:58.165863+00:00,2026-09-30
CWT,California Water Service Group,Utilities,Utilities - Regulated Water,0.5281220209723546,0.5490943755958055,0.4947569113441373,0.3454545454545454,0.8148148148148148,0.2727272727272727,0.9636363636363636,0.5239911026374324,0.5991582491582491,4,2026-10-06T142958Z,2026-10-06T17:24:58.165863+00:00,2026-09-30
CXT,"Crane NXT, Co.",Industrials,Business Equipment & Supplies,0.105815061963775,0.6901811248808389,0.6043851286939943,0.3145539906103286,0.4834123222748815,0.6854460093896714,0.2394366197183098,0.46679377184620274,0.4307122354982978,4,2026-10-06T142958Z,2026-10-06T17:24:58.165863+00:00,2026-09-30
CXW,"CoreCivic, Inc.",Industrials,Security & Protection Services,0.8751191611058151,0.9265967588179218,0.9142040038131554,0.3004694835680751,0.2748815165876777,0.1924882629107981,0.2769953051643192,0.9053066412456308,0.26120864205771754,4,2026-10-06T142958Z,2026-10-06T17:24:58.165863+00:00,2026-09-30
CYTK,"Cytokinetics, Incorporated",Healthcare,Biotechnology,0.667302192564347,0.5767397521448999,0.2421353670162059,0.0443037974683544,0.0183823529411764,0.0173611111111111,0.0886075949367088,0.49539243724181764,0.042163714114337676,4,2026-10-06T142958Z,2026-10-06T17:24:58.165863+00:00,2026-09-30
CZR,"Caesars Entertainment, Inc.",Consumer Cyclical,Resorts & Casinos,0.4528122020972354,0.5300285986653956,0.680648236415634,0.0943396226415094,0.189873417721519,0.3522012578616352,0.10062893081761,0.5544963457260884,0.18426080726056843,4,2026-10-06T142958Z,2026-10-06T17:24:58.165863+00:00,2026-09-30
D,"Dominion Energy, Inc.",Utilities,Utilities - Regulated Electric,0.4775977121067683,0.4861773117254528,0.4013346043851287,0.2909090909090909,0.1481481481481481,0.109090909090909,0.5818181818181818,0.4550365427391166,0.28249158249158246,4,2026-10-06T142958Z,2026-10-06T17:24:58.165863+00:00,2026-09-30
DAL,"Delta Air Lines, Inc.",Industrials,Airlines,0.7225929456625357,0.646329837940896,0.6959008579599618,0.3896713615023474,0.3459715639810427,0.3098591549295774,0.6666666666666666,0.6882745471877979,0.42804218676990846,4,2026-10-06T142958Z,2026-10-06T17:24:58.165863+00:00,2026-09-30
DAN,Dana Incorporated,Consumer Cyclical,Auto Parts,0.8284080076263107,0.2354623450905624,0.2850333651096282,0.9433962264150944,0.0632911392405063,0.1194968553459119,0.7924528301886793,0.44963457260883377,0.47965926279754795,4,2026-10-06T142958Z,2026-10-06T17:24:58.165863+00:00,2026-09-30
DAR,Darling Ingredients Inc.,Consumer Defensive,Packaged Foods,0.9389895138226882,0.3517635843660629,0.7197330791229742,0.4761904761904761,0.1290322580645161,0.6612903225806451,0.4285714285714285,0.6701620591039085,0.4237711213517664,4,2026-10-06T142958Z,2026-10-06T17:24:58.165863+00:00,2026-09-30
DASH,"DoorDash, Inc.",Consumer Cyclical,Internet Retail,0.1391801715919923,0.8512869399428027,0.563393708293613,0.3396226415094339,0.6329113924050633,0.8050314465408805,0.8930817610062893,0.5179536066094693,0.6676618103654168,4,2026-10-06T142958Z,2026-10-06T17:24:58.165863+00:00,2026-09-30
DBD,"Diebold Nixdorf, Incorporated",Technology,Software - Application,0.5567206863679695,0.1220209723546234,0.1973307912297426,0.2920353982300885,0.3628318584070796,0.1991150442477876,0.3928571428571428,0.2920241499841118,0.3117098609355246,4,2026-10-06T142958Z,2026-10-06T17:24:58.165863+00:00,2026-09-30
DBX,"Dropbox, Inc.",Technology,Software - Infrastructure,0.561487130600572,0.8856053384175405,0.8503336510962822,0.8362831858407079,0.9336283185840708,0.9336283185840708,0.015625,0.7658087067047982,0.6797912057522124,4,2026-10-06T142958Z,2026-10-06T17:24:58.165863+00:00,2026-09-30
DCI,"Donaldson Company, Inc.",Industrials,Specialty Industrial Machinery,0.4642516682554814,0.4556720686367969,0.4509056244041944,0.9342723004694836,0.919431279620853,0.6150234741784038,0.7417840375586855,0.4569431204321576,0.8026277729568564,4,2026-10-06T142958Z,2026-10-06T17:24:58.165863+00:00,2026-09-30
DCO,Ducommun Incorporated,Industrials,Aerospace & Defense,0.882745471877979,0.7473784556720686,0.8083889418493804,0.0845070422535211,0.4265402843601896,0.0751173708920187,0.5352112676056338,0.8128376231331428,0.28034399127784076,4,2026-10-06T142958Z,2026-10-06T17:24:58.165863+00:00,2026-09-30
DD,"DuPont de Nemours, Inc.",Basic Materials,Specialty Chemicals,0.6663489037178265,0.2564346997140133,0.3860819828408007,0.2363636363636363,0.2727272727272727,0.6727272727272727,0.7454545454545455,0.4362885287575468,0.4818181818181818,4,2026-10-06T142958Z,2026-10-06T17:24:58.165863+00:00,2026-09-30
DDOG,"Datadog, Inc.",Technology,Software - Application,0.7368922783603432,0.9542421353670162,0.9542421353670162,0.2743362831858407,0.7389380530973452,0.7566371681415929,0.5669642857142857,0.8817921830314585,0.5842189475347661,4,2026-10-06T142958Z,2026-10-06T17:24:58.165863+00:00,2026-09-30
DE,Deere & Company,Industrials,Farm & Heavy Construction Machinery,0.792183031458532,0.6796949475691134,0.7940896091515729,0.3708920187793427,0.2511848341232227,0.3849765258215962,0.0657276995305164,0.7553225293930727,0.2681952695636695,4,2026-10-06T142958Z,2026-10-06T17:24:58.165863+00:00,2026-09-30
DECK,Deckers Outdoor Corporation,Consumer Cyclical,Footwear & Accessories,0.1344137273593899,0.0867492850333651,0.0905624404194471,0.9905660377358492,0.9556962025316456,0.9433962264150944,0.9308176100628932,0.10390848427073403,0.9551190191863707,4,2026-10-06T142958Z,2026-10-06T17:24:58.165863+00:00,2026-09-30
DELL,Dell Technologies Inc.,Technology,Computer Hardware,0.9876072449952336,0.9876072449952336,0.9876072449952336,0.6814159292035398,0.3539823008849557,0.2035398230088495,0.3482142857142857,0.9876072449952336,0.3967880847029076,4,2026-10-06T142958Z,2026-10-06T17:24:58.165863+00:00,2026-09-30
DFTX,"Definium Therapeutics, Inc.",Healthcare,Biotechnology,0.9876072449952336,0.958055290753098,0.8970448045757865,0.0822784810126582,,,0.8670886075949367,0.9475691134413727,0.47468354430379744,2,2026-10-06T142958Z,2026-10-06T17:24:58.165863+00:00,2026-09-30
DG,Dollar General Corporation,Consumer Defensive,Discount Stores,0.6711153479504289,0.436606291706387,0.3641563393708293,0.4444444444444444,0.6129032258064516,0.3387096774193548,0.1746031746031746,0.4906259930092151,0.3926651305683564,4,2026-10-06T142958Z,2026-10-06T17:24:58.165863+00:00,2026-09-30
DGII,Digi International Inc.,Technology,Communication Equipment,0.909437559580553,0.8331744518589133,0.8608198284080076,0.4424778761061947,0.5486725663716814,0.7522123893805309,0.6339285714285714,0.8678106132824913,0.5943228508217446,4,2026-10-06T142958Z,2026-10-06T17:24:58.165863+00:00,2026-09-30
DGX,Quest Diagnostics Incorporated,Healthcare,Diagnostics & Research,0.6901811248808389,0.6720686367969495,0.7454718779790277,0.689873417721519,0.3161764705882353,0.5625,0.3037974683544304,0.7025738798856054,0.46808683916604615,4,2026-10-06T142958Z,2026-10-06T17:24:58.165863+00:00,2026-09-30
DHI,"D.R. Horton, Inc.",Consumer Cyclical,Residential Construction,0.1830314585319351,0.3384175405147759,0.2602478551000953,0.6163522012578616,0.3037974683544304,0.6352201257861635,0.8490566037735849,0.26056561804893547,0.6011065997930101,4,2026-10-06T142958Z,2026-10-06T17:24:58.165863+00:00,2026-09-30
DHR,Danaher Corporation,Healthcare,Diagnostics & Research,0.336510962821735,0.5071496663489037,0.7025738798856054,0.5886075949367089,0.1691176470588235,0.7986111111111112,0.4683544303797468,0.5154115030187479,0.5061726958715975,4,2026-10-06T142958Z,2026-10-06T17:24:58.165863+00:00,2026-09-30
DINO,HF Sinclair Corporation,Energy,Oil & Gas Refining & Marketing,0.9408960915157292,0.9418493803622496,0.9876072449952336,0.8493150684931506,0.7397260273972602,0.3698630136986301,0.7361111111111112,0.9567842389577375,0.673753805175038,4,2026-10-06T142958Z,2026-10-06T17:24:58.165863+00:00,2026-09-30
DIOD,Diodes Incorporated,Technology,Semiconductors,0.8665395614871306,0.6930409914204004,0.8531935176358436,0.336283185840708,0.2743362831858407,0.2743362831858407,0.8169642857142857,0.8042580235144582,0.42548000948166875,4,2026-10-06T142958Z,2026-10-06T17:24:58.165863+00:00,2026-09-30
DIS,The Walt Disney Company,Communication Services,Entertainment,0.2907530981887511,0.5481410867492851,0.5071496663489037,0.5531914893617021,0.3333333333333333,0.3617021276595745,0.7659574468085106,0.4486812837623133,0.5035460992907801,4,2026-10-06T142958Z,2026-10-06T17:24:58.165863+00:00,2026-09-30
DK,"Delek US Holdings, Inc.",Energy,Oil & Gas Refining & Marketing,0.9532888465204956,0.9103908484270734,0.9675881792183032,0.3424657534246575,0.3561643835616438,0.3150684931506849,0.2222222222222222,0.9437559580552909,0.30898021308980206,4,2026-10-06T142958Z,2026-10-06T17:24:58.165863+00:00,2026-09-30
DKNG,DraftKings Inc.,Consumer Cyclical,Gambling,0.0657769304099142,0.4242135367016206,0.0657769304099142,0.0566037735849056,0.8544303797468354,0.5220125786163522,0.4465408805031446,0.18525579917381632,0.46989690311280946,4,2026-10-06T142958Z,2026-10-06T17:24:58.165863+00:00,2026-09-30
DKS,"DICK'S Sporting Goods, Inc.",Consumer Cyclical,Specialty Retail,0.0428979980934223,0.0133460438512869,0.0276453765490943,0.389937106918239,0.5886075949367089,0.1132075471698113,0.4654088050314465,0.027963139497934497,0.3892902635140514,4,2026-10-06T142958Z,2026-10-06T17:24:58.165863+00:00,2026-09-30
DLB,"Dolby Laboratories, Inc.",Industrials,Specialty Business Services,0.209723546234509,0.3279313632030505,0.5081029551954243,0.5586854460093896,0.8483412322274881,0.9577464788732394,0.9577464788732394,0.3485859548776613,0.8306299089958392,4,2026-10-06T142958Z,2026-10-06T17:24:58.165863+00:00,2026-09-30
DLTR,"Dollar Tree, Inc.",Consumer Defensive,Discount Stores,0.7616777883698761,0.6377502383222117,0.4070543374642517,0.7777777777777778,0.8225806451612904,0.5483870967741935,0.0952380952380952,0.6021607880521131,0.5609959037378393,4,2026-10-06T142958Z,2026-10-06T17:24:58.165863+00:00,2026-09-30
DNLI,Denali Therapeutics Inc.,Healthcare,Biotechnology,0.7883698760724499,0.6320305052430887,0.3603431839847474,0.0949367088607595,,0.0173611111111111,0.8860759493670886,0.5935811884334287,0.33279125644631974,3,2026-10-06T142958Z,2026-10-06T17:24:58.165863+00:00,2026-09-30
DNOW,DNOW Inc.,Industrials,Industrial Distribution,0.3698760724499523,0.7597712106768351,0.7645376549094376,0.0469483568075117,0.2890995260663507,0.2112676056338028,0.7887323943661971,0.6313949793454083,0.33401197071846556,4,2026-10-06T142958Z,2026-10-06T17:24:58.165863+00:00,2026-09-30
DOCN,"DigitalOcean Holdings, Inc.",Technology,Software - Infrastructure,0.9876072449952336,0.7244995233555768,0.8894184938036225,0.6194690265486725,0.2699115044247787,0.0929203539823008,0.0892857142857142,0.867175087384811,0.2678966498103666,4,2026-10-06T142958Z,2026-10-06T17:24:58.165863+00:00,2026-09-30
DOCS,"Doximity, Inc.",Healthcare,Health Information Services,0.0133460438512869,0.6291706387035272,0.6453765490943756,0.8987341772151899,0.8161764705882353,0.9722222222222222,0.930379746835443,0.4292977438830632,0.9043781542152727,4,2026-10-06T142958Z,2026-10-06T17:24:58.165863+00:00,2026-09-30
DOCU,"DocuSign, Inc.",Technology,Software - Application,0.2897998093422307,0.8226882745471878,0.894184938036225,0.6238938053097345,0.9292035398230089,0.911504424778761,0.7633928571428571,0.6688910073085479,0.8069986567635904,4,2026-10-06T142958Z,2026-10-06T17:24:58.165863+00:00,2026-09-30
DORM,"Dorman Products, Inc.",Consumer Cyclical,Auto Parts,0.1534795042897998,0.7578646329837941,0.4957102001906577,0.6415094339622641,0.569620253164557,0.660377358490566,0.8238993710691824,0.4690181124880839,0.6738516041716424,4,2026-10-06T142958Z,2026-10-06T17:24:58.165863+00:00,2026-09-30
DOV,Dover Corporation,Industrials,Specialty Industrial Machinery,0.5166825548141086,0.1754051477597712,0.2869399428026692,0.6384976525821596,0.5924170616113744,0.7323943661971831,0.6384976525821596,0.3263425484588497,0.6504516832432191,4,2026-10-06T142958Z,2026-10-06T17:24:58.165863+00:00,2026-09-30
DOW,Dow Inc.,Basic Materials,Chemicals,0.6873212583412774,0.0428979980934223,0.2707340324118207,0.1454545454545454,0.109090909090909,0.3454545454545454,0.4363636363636363,0.3336510962821735,0.25909090909090904,4,2026-10-06T142958Z,2026-10-06T17:24:58.165863+00:00,2026-09-30
DOX,Amdocs Limited,Technology,Software - Infrastructure,0.1191611058150619,0.2592945662535748,0.3069590085795996,0.5752212389380531,0.415929203539823,0.3893805309734513,0.5625,0.22847156021607876,0.48575774336283184,4,2026-10-06T142958Z,2026-10-06T17:24:58.165863+00:00,2026-09-30
DPZ,"Domino's Pizza, Inc.",Consumer Cyclical,Restaurants,0.1363203050524309,0.1658722592945662,0.1630123927550047,0.9905660377358492,0.990506329113924,0.7987421383647799,0.0157232704402515,0.15506831903400062,0.6988844439137011,4,2026-10-06T142958Z,2026-10-06T17:24:58.165863+00:00,2026-09-30
DRI,"Darden Restaurants, Inc.",Consumer Cyclical,Restaurants,0.5233555767397522,0.55767397521449,0.4575786463298379,0.660377358490566,0.3354430379746835,0.5471698113207547,0.3836477987421384,0.5128693994280268,0.48165950163203564,4,2026-10-06T142958Z,2026-10-06T17:24:58.165863+00:00,2026-09-30
DRS,"Leonardo DRS, Inc.",Industrials,Aerospace & Defense,0.1639656816015252,0.0638703527168732,0.1877979027645376,0.6056338028169014,0.5355450236966824,0.5352112676056338,0.9061032863849764,0.138544645694312,0.6456233451260485,4,2026-10-06T142958Z,2026-10-06T17:24:58.165863+00:00,2026-09-30
DT,"Dynatrace, Inc.",Technology,Software - Application,0.3927550047664442,0.8398474737845567,0.9294566253574832,0.3495575221238938,0.6858407079646017,0.7654867256637168,0.7991071428571429,0.7206863679694947,0.6499980246523388,4,2026-10-06T142958Z,2026-10-06T17:24:58.165863+00:00,2026-09-30
DTE,DTE Energy Company,Utilities,Utilities - Regulated Electric,0.3355576739752144,0.1992373689227836,0.2592945662535748,0.3636363636363636,0.3703703703703703,0.6,0.2,0.2646965363838576,0.38350168350168345,4,2026-10-06T142958Z,2026-10-06T17:24:58.165863+00:00,2026-09-30
DTM,"DT Midstream, Inc.",Energy,Oil & Gas Midstream,0.5147759771210677,0.2612011439466158,0.2955195424213536,0.3698630136986301,0.3150684931506849,0.9315068493150684,0.3472222222222222,0.35716555449634574,0.4909151445966514,4,2026-10-06T142958Z,2026-10-06T17:24:58.165863+00:00,2026-09-30
DUK,Duke Energy Corporation,Utilities,Utilities - Regulated Electric,0.3717826501429933,0.2106768350810295,0.3203050524308866,0.5454545454545454,0.4074074074074074,0.509090909090909,0.4181818181818181,0.30092151255163646,0.47003367003367,4,2026-10-06T142958Z,2026-10-06T17:24:58.165863+00:00,2026-09-30
DUOL,"Duolingo, Inc.",Technology,Software - Application,0.0133460438512869,0.9065776930409916,0.780743565300286,0.8982300884955752,0.6902654867256637,0.8982300884955752,0.78125,0.5668891007308549,0.8169939159292035,4,2026-10-06T142958Z,2026-10-06T17:24:58.165863+00:00,2026-09-30
DV,"DoubleVerify Holdings, Inc.",Communication Services,Advertising Agencies,0.5395614871306006,0.7816968541468065,0.8427073403241182,0.5957446808510638,0.8666666666666667,0.7021276595744681,0.9574468085106383,0.721321893867175,0.7804964539007092,4,2026-10-06T142958Z,2026-10-06T17:24:58.165863+00:00,2026-09-30
DVA,DaVita Inc.,Healthcare,Medical Care Facilities,0.7063870352716873,0.6758817921830315,0.6062917063870352,0.6139240506329114,0.3970588235294117,0.5555555555555556,0.050632911392405,0.6628535112805847,0.404292835277571,4,2026-10-06T142958Z,2026-10-06T17:24:58.165863+00:00,2026-09-30
DVN,Devon Energy Corporation,Energy,Oil & Gas E&P,0.7597712106768351,0.2878932316491897,0.6768350810295519,0.547945205479452,0.3013698630136986,0.410958904109589,0.7916666666666666,0.574833174451859,0.5129851598173516,4,2026-10-06T142958Z,2026-10-06T17:24:58.165863+00:00,2026-09-30
DXCM,"DexCom, Inc.",Healthcare,Medical Devices,0.6939942802669209,0.8484270734032412,0.8245948522402288,0.9113924050632912,0.7794117647058824,0.8888888888888888,0.620253164556962,0.7890054019701304,0.799986555803756,4,2026-10-06T142958Z,2026-10-06T17:24:58.165863+00:00,2026-09-30
DY,"Dycom Industries, Inc.",Industrials,Engineering & Construction,0.342230695900858,0.0991420400381315,0.0305052430886558,0.4460093896713615,0.5308056872037915,0.3755868544600939,0.136150234741784,0.15729265967588177,0.3721380415192577,4,2026-10-06T142958Z,2026-10-06T17:24:58.165863+00:00,2026-09-30
DYN,"Dyne Therapeutics, Inc.",Healthcare,Biotechnology,0.9227836034318398,0.8093422306959008,0.0886558627264061,0.0696202531645569,,,0.6075949367088608,0.6069272322847156,0.33860759493670883,2,2026-10-06T142958Z,2026-10-06T17:24:58.165863+00:00,2026-09-30
EAT,"Brinker International, Inc.",Consumer Cyclical,Restaurants,0.888465204957102,0.8932316491897044,0.7578646329837941,0.9245283018867924,0.6012658227848101,0.6289308176100629,0.2012578616352201,0.8465204957102003,0.5889957009792214,4,2026-10-06T142958Z,2026-10-06T17:24:58.165863+00:00,2026-09-30
EBAY,eBay Inc.,Consumer Cyclical,Internet Retail,0.5748331744518589,0.4918970448045758,0.6272640610104862,0.7987421383647799,0.6962025316455697,0.9371069182389936,0.5157232704402516,0.5646647600889736,0.7369437146723987,4,2026-10-06T142958Z,2026-10-06T17:24:58.165863+00:00,2026-09-30
ECHO,EchoStar Corporation,Communication Services,Telecom Services,0.4899904671115348,0.0133460438512869,0.2640610104861773,0.0319148936170212,0.1555555555555555,0.1063829787234042,0.2978723404255319,0.255799173816333,0.1479314420803782,4,2026-10-06T142958Z,2026-10-06T17:24:58.165863+00:00,2026-09-30
ECL,Ecolab Inc.,Basic Materials,Specialty Chemicals,0.3651096282173499,0.3975214489990467,0.540514775977121,0.6909090909090909,0.8181818181818182,0.7090909090909091,0.1272727272727272,0.4343819510645059,0.5863636363636364,4,2026-10-06T142958Z,2026-10-06T17:24:58.165863+00:00,2026-09-30
ED,"Consolidated Edison, Inc.",Utilities,Utilities - Regulated Electric,0.5081029551954243,0.2507149666348903,0.4175405147759771,0.6545454545454545,0.8518518518518519,0.7454545454545455,0.8,0.39211947886876386,0.7629629629629631,4,2026-10-06T142958Z,2026-10-06T17:24:58.165863+00:00,2026-09-30
EE,"Excelerate Energy, Inc.",Energy,Oil & Gas Midstream,0.8274547187797903,0.665395614871306,0.4032411820781696,0.1780821917808219,0.2876712328767123,0.2191780821917808,0.3333333333333333,0.6320305052430887,0.2545662100456621,4,2026-10-06T142958Z,2026-10-06T17:24:58.165863+00:00,2026-09-30
EEFT,"Euronet Worldwide, Inc.",Technology,Software - Infrastructure,0.1525262154432793,0.5166825548141086,0.2535748331744518,0.4026548672566372,0.4247787610619469,0.2123893805309734,0.1383928571428571,0.3075945344772799,0.2945539664981036,4,2026-10-06T142958Z,2026-10-06T17:24:58.165863+00:00,2026-09-30
EFX,Equifax Inc.,Industrials,Consulting Services,0.1410867492850333,0.3927550047664442,0.0867492850333651,0.4976525821596244,0.7440758293838863,0.8403755868544601,0.1643192488262911,0.20686367969494754,0.5616058118060654,4,2026-10-06T142958Z,2026-10-06T17:24:58.165863+00:00,2026-09-30
EHC,Encompass Health Corporation,Healthcare,Medical Care Facilities,0.3203050524308866,0.6196377502383222,0.7359389895138226,0.7848101265822784,0.9338235294117648,0.3958333333333333,0.2974683544303797,0.5586272640610105,0.602983835939439,4,2026-10-06T142958Z,2026-10-06T17:24:58.165863+00:00,2026-09-30
EIX,Edison International,Utilities,Utilities - Regulated Electric,0.434699714013346,0.0571973307912297,0.103908484270734,0.8909090909090909,0.7037037037037037,0.7636363636363637,0.4363636363636363,0.19860184302510323,0.6986531986531987,4,2026-10-06T142958Z,2026-10-06T17:24:58.165863+00:00,2026-09-30
EL,The Estée Lauder Companies Inc.,Consumer Defensive,Household & Personal Products,0.5119161105815062,0.8531935176358436,0.544327931363203,0.1269841269841269,0.8387096774193549,0.5,0.2698412698412698,0.636479186526851,0.4338837685611879,4,2026-10-06T142958Z,2026-10-06T17:24:58.165863+00:00,2026-09-30
ELAN,Elanco Animal Health Incorporated,Healthcare,Drug Manufacturers - Specialty & Generic,0.55767397521449,0.4623450905624404,0.3622497616777884,0.3481012658227848,0.25,0.4444444444444444,0.4620253164556962,0.4607562758182396,0.3761427566807313,4,2026-10-06T142958Z,2026-10-06T17:24:58.165863+00:00,2026-09-30
ELF,"e.l.f. Beauty, Inc.",Consumer Defensive,Household & Personal Products,0.1182078169685414,0.9285033365109628,0.899904671115348,0.2857142857142857,0.7741935483870968,0.7580645161290323,0.4444444444444444,0.6488719415316174,0.5656041986687148,4,2026-10-06T142958Z,2026-10-06T17:24:58.165863+00:00,2026-09-30
ELV,"Elevance Health, Inc.",Healthcare,Healthcare Plans,0.5967588179218303,0.8255481410867492,0.67302192564347,0.5379746835443038,,0.3055555555555556,0.5632911392405063,0.6984429615506832,0.4689404594467885,3,2026-10-06T142958Z,2026-10-06T17:24:58.165863+00:00,2026-09-30
ELVN,"Enliven Therapeutics, Inc.",Healthcare,Biotechnology,0.9876072449952336,0.894184938036225,0.7340324118207817,0.2088607594936709,,,0.990506329113924,0.8719415316174134,0.5996835443037974,2,2026-10-06T142958Z,2026-10-06T17:24:58.165863+00:00,2026-09-30
EME,"EMCOR Group, Inc.",Industrials,Engineering & Construction,0.4747378455672069,0.2755004766444233,0.5204957102001907,0.92018779342723,0.8388625592417062,0.3615023474178404,0.9107981220657276,0.42357801080394025,0.757837705538126,4,2026-10-06T142958Z,2026-10-06T17:24:58.165863+00:00,2026-09-30
EMN,Eastman Chemical Company,Basic Materials,Specialty Chemicals,0.4966634890371783,0.2726406101048618,0.3317445185891325,0.3636363636363636,0.2909090909090909,0.5272727272727272,0.3454545454545454,0.3670162059103909,0.3818181818181818,4,2026-10-06T142958Z,2026-10-06T17:24:58.165863+00:00,2026-09-30
EMR,Emerson Electric Co.,Industrials,Specialty Industrial Machinery,0.5061963775023832,0.5795996186844614,0.7407054337464252,0.5164319248826291,0.5639810426540285,0.8826291079812206,0.3990610328638497,0.6088338099777566,0.590525777095432,4,2026-10-06T142958Z,2026-10-06T17:24:58.165863+00:00,2026-09-30
ENS,EnerSys,Industrials,Electrical Equipment & Parts,0.8141086749285034,0.3260247855100095,0.5433746425166825,0.6854460093896714,0.7156398104265402,0.8873239436619719,0.568075117370892,0.5611693676517319,0.7141212202122689,4,2026-10-06T142958Z,2026-10-06T17:24:58.165863+00:00,2026-09-30
ENSG,"The Ensign Group, Inc.",Healthcare,Medical Care Facilities,0.3136320305052431,0.1182078169685414,0.3736892278360343,0.7025316455696202,0.125,0.4513888888888889,0.2658227848101265,0.2685096917699396,0.3861858298171589,4,2026-10-06T142958Z,2026-10-06T17:24:58.165863+00:00,2026-09-30
ENTG,"Entegris, Inc.",Technology,Semiconductor Equipment & Materials,0.6968541468064824,0.5653002859866539,0.8722592945662536,0.3628318584070796,0.1902654867256637,0.4911504424778761,0.1294642857142857,0.71147124245313,0.2934280183312262,4,2026-10-06T142958Z,2026-10-06T17:24:58.165863+00:00,2026-09-30
EOG,"EOG Resources, Inc.",Energy,Oil & Gas E&P,0.7035271687321258,0.3679694947569113,0.6978074356530028,0.8904109589041096,0.9726027397260274,0.8904109589041096,0.8194444444444444,0.5897680330473467,0.8932172754946728,4,2026-10-06T142958Z,2026-10-06T17:24:58.165863+00:00,2026-09-30
EPAM,"EPAM Systems, Inc.",Technology,Information Technology Services,0.1153479504289799,0.1239275500476644,0.1544327931363203,0.6504424778761062,0.5973451327433629,0.2699115044247787,0.8214285714285714,0.1312360978709882,0.5847819216182047,4,2026-10-06T142958Z,2026-10-06T17:24:58.165863+00:00,2026-09-30
EQT,EQT Corporation,Energy,Oil & Gas E&P,0.3374642516682555,0.1763584366062917,0.3088655862726406,0.589041095890411,0.3972602739726027,0.958904109589041,0.8472222222222222,0.2742294248490626,0.6981069254185692,4,2026-10-06T142958Z,2026-10-06T17:24:58.165863+00:00,2026-09-30
ERAS,"Erasca, Inc.",Healthcare,Biotechnology,0.9876072449952336,0.2268827454718779,0.6053384175405148,0.0316455696202531,,,0.759493670886076,0.6066094693358753,0.39556962025316456,2,2026-10-06T142958Z,2026-10-06T17:24:58.165863+00:00,2026-09-30
ES,Eversource Energy,Utilities,Utilities - Regulated Electric,0.3679694947569113,0.3794089609151573,0.3517635843660629,0.3272727272727272,0.9629629629629628,0.6727272727272727,0.3272727272727272,0.3663806800127105,0.5725589225589225,4,2026-10-06T142958Z,2026-10-06T17:24:58.165863+00:00,2026-09-30
ESAB,ESAB Corporation,Industrials,Metal Fabrication,0.0562440419447092,0.0533841754051477,0.0428979980934223,0.2535211267605634,0.3744075829383886,0.3708920187793427,0.2863849765258216,0.0508420718144264,0.3213014262510291,4,2026-10-06T142958Z,2026-10-06T17:24:58.165863+00:00,2026-09-30
ESE,ESCO Technologies Inc.,Technology,Scientific & Technical Instruments,0.6549094375595805,0.1944709246901811,0.3984747378455672,0.7964601769911505,0.2964601769911504,0.415929203539823,0.7321428571428571,0.4159517000317763,0.5602481036662452,4,2026-10-06T142958Z,2026-10-06T17:24:58.165863+00:00,2026-09-30
ESI,Element Solutions Inc,Basic Materials,Specialty Chemicals,0.6796949475691134,0.3651096282173499,0.6005719733079123,0.3818181818181818,0.6181818181818182,0.4,0.2909090909090909,0.5484588496981252,0.42272727272727273,4,2026-10-06T142958Z,2026-10-06T17:24:58.165863+00:00,2026-09-30
ETR,Entergy Corporation,Utilities,Utilities - Regulated Electric,0.544327931363203,0.2278360343183984,0.3908484270734032,0.4363636363636363,0.3888888888888889,0.1818181818181818,0.4727272727272727,0.38767079758500156,0.3699494949494949,4,2026-10-06T142958Z,2026-10-06T17:24:58.165863+00:00,2026-09-30
ETSY,"Etsy, Inc.",Consumer Cyclical,Internet Retail,0.4804575786463298,0.888465204957102,0.6587225929456625,0.5849056603773585,0.9430379746835444,0.949685534591195,0.0157232704402515,0.6758817921830315,0.6233381100230874,4,2026-10-06T142958Z,2026-10-06T17:24:58.165863+00:00,2026-09-30
EVRG,"Evergy, Inc.",Utilities,Utilities - Regulated Electric,0.4690181124880839,0.3145853193517636,0.4613918017159199,0.5272727272727272,0.5740740740740741,0.2363636363636363,0.3636363636363636,0.4149984111852558,0.4253367003367003,4,2026-10-06T142958Z,2026-10-06T17:24:58.165863+00:00,2026-09-30
EW,Edwards Lifesciences Corporation,Healthcare,Medical Devices,0.5338417540514776,0.5185891325071497,0.555767397521449,0.7468354430379747,0.625,0.8055555555555556,0.8417721518987342,0.5360660946933588,0.7547907876230662,4,2026-10-06T142958Z,2026-10-06T17:24:58.165863+00:00,2026-09-30
EWTX,"Edgewise Therapeutics, Inc.",Healthcare,Biotechnology,0.9876072449952336,0.7435653002859867,0.7797902764537655,0.1075949367088607,,,0.9493670886075948,0.8369876072449952,0.5284810126582278,2,2026-10-06T142958Z,2026-10-06T17:24:58.165863+00:00,2026-09-30
EXC,Exelon Corporation,Utilities,Utilities - Regulated Electric,0.3469971401334604,0.1668255481410867,0.2764537654909437,0.4,0.5185185185185185,0.6545454545454545,0.5636363636363636,0.26342548458849696,0.5341750841750842,4,2026-10-06T142958Z,2026-10-06T17:24:58.165863+00:00,2026-09-30
EXE,Expand Energy Corporation,Energy,Oil & Gas E&P,0.2573879885605338,0.2573879885605338,0.2297426120114394,0.8082191780821918,0.9041095890410958,0.6986301369863014,0.875,0.248172863044169,0.8214897260273972,4,2026-10-06T142958Z,2026-10-06T17:24:58.165863+00:00,2026-09-30
EXEL,"Exelixis, Inc.",Healthcare,Biotechnology,0.7492850333651097,0.7950428979980935,0.8331744518589133,0.990506329113924,0.9705882352941176,0.9895833333333334,0.8227848101265823,0.792500794407372,0.9433656769669894,4,2026-10-06T142958Z,2026-10-06T17:24:58.165863+00:00,2026-09-30
EXLS,"ExlService Holdings, Inc.",Technology,Information Technology Services,0.1868446139180171,0.67302192564347,0.6777883698760725,0.831858407079646,0.827433628318584,0.3495575221238938,0.3348214285714285,0.5125516364791866,0.585917746523388,4,2026-10-06T142958Z,2026-10-06T17:24:58.165863+00:00,2026-09-30
EXP,Eagle Materials Inc.,Basic Materials,Building Materials,0.1506196377502383,0.3870352716873212,0.1229742612011439,0.8727272727272727,0.4909090909090909,0.5818181818181818,0.1454545454545454,0.22020972354623447,0.5227272727272727,4,2026-10-06T142958Z,2026-10-06T17:24:58.165863+00:00,2026-09-30
EXPE,"Expedia Group, Inc.",Consumer Cyclical,Travel Services,0.7292659675881792,0.7855100095328885,0.5090562440419447,0.5345911949685535,0.7215189873417721,0.9905660377358492,0.8553459119496856,0.6746107403876708,0.7755055329989651,4,2026-10-06T142958Z,2026-10-06T17:24:58.165863+00:00,2026-09-30
EXPO,"Exponent, Inc.",Industrials,Engineering & Construction,0.3765490943755958,0.4299332697807436,0.5986653956148713,0.9577464788732394,,0.8450704225352113,0.8497652582159625,0.4683825865904036,0.8841940532081377,3,2026-10-06T142958Z,2026-10-06T17:24:58.165863+00:00,2026-09-30
EXTR,"Extreme Networks, Inc.",Technology,Communication Equipment,0.4099142040038132,0.8455672068636797,0.6796949475691134,0.3539823008849557,0.9247787610619468,0.2345132743362832,0.5758928571428571,0.6450587861455355,0.5222917983565107,4,2026-10-06T142958Z,2026-10-06T17:24:58.165863+00:00,2026-09-30
F,Ford Motor Company,Consumer Cyclical,Auto Manufacturers,0.5938989513822688,0.7368922783603432,0.2888465204957102,0.0754716981132075,0.0158227848101265,0.2578616352201258,0.270440251572327,0.5398792500794408,0.1548990924289467,4,2026-10-06T142958Z,2026-10-06T17:24:58.165863+00:00,2026-09-30
FA,First Advantage Corporation,Industrials,Specialty Business Services,0.7130600571973308,0.9599618684461392,0.7816968541468065,0.1455399061032863,0.4454976303317535,0.6572769953051644,0.0892018779342723,0.8182395932634255,0.33437910241861907,4,2026-10-06T142958Z,2026-10-06T17:24:58.165863+00:00,2026-09-30
FANG,"Diamondback Energy, Inc.",Energy,Oil & Gas E&P,0.7607244995233555,0.4232602478551001,0.5109628217349858,0.2876712328767123,0.2054794520547945,0.8082191780821918,0.7222222222222222,0.5649825230378138,0.5058980213089802,4,2026-10-06T142958Z,2026-10-06T17:24:58.165863+00:00,2026-09-30
FAST,Fastenal Company,Industrials,Industrial Distribution,0.3784556720686368,0.4871306005719733,0.7044804575786463,0.988262910798122,0.9881516587677726,0.704225352112676,0.8826291079812206,0.5233555767397521,0.8908172574149478,4,2026-10-06T142958Z,2026-10-06T17:24:58.165863+00:00,2026-09-30
FBIN,"Fortune Brands Innovations, Inc.",Industrials,Building Products & Equipment,0.1315538608198284,0.5691134413727359,0.1534795042897998,0.2065727699530516,0.7677725118483413,0.5117370892018779,0.1830985915492957,0.284715602160788,0.41729524063814166,4,2026-10-06T142958Z,2026-10-06T17:24:58.165863+00:00,2026-09-30
FCN,"FTI Consulting, Inc.",Industrials,Consulting Services,0.2764537654909437,0.0896091515729265,0.1611058150619637,0.5727699530516432,0.8246445497630331,0.5164319248826291,0.3708920187793427,0.17572291070861126,0.571184611619162,4,2026-10-06T142958Z,2026-10-06T17:24:58.165863+00:00,2026-09-30
FCX,Freeport-McMoRan Inc.,Basic Materials,Copper,0.9056244041944708,0.6587225929456625,0.7588179218303146,0.5454545454545454,0.3090909090909091,0.5454545454545454,0.6909090909090909,0.7743883063234825,0.5227272727272727,4,2026-10-06T142958Z,2026-10-06T17:24:58.165863+00:00,2026-09-30
FDX,FedEx Corporation,Industrials,Integrated Freight & Logistics,0.8589132507149666,0.553860819828408,0.4242135367016206,0.380281690140845,0.5023696682464455,0.3380281690140845,0.2018779342723004,0.6123292024149983,0.3556393654184189,4,2026-10-06T142958Z,2026-10-06T17:24:58.165863+00:00,2026-09-30
FE,FirstEnergy Corp.,Utilities,Utilities - Regulated Electric,0.4175405147759771,0.2125834127740705,0.330791229742612,0.1636363636363636,0.9444444444444444,0.5272727272727272,0.1818181818181818,0.3203050524308865,0.45429292929292925,4,2026-10-06T142958Z,2026-10-06T17:24:58.165863+00:00,2026-09-30
FELE,"Franklin Electric Co., Inc.",Industrials,Specialty Industrial Machinery,0.3746425166825548,0.428979980934223,0.4747378455672069,0.5915492957746479,0.8672985781990521,0.5446009389671361,0.8403755868544601,0.4261201143946616,0.710956099948824,4,2026-10-06T142958Z,2026-10-06T17:24:58.165863+00:00,2026-09-30
FERG,Ferguson Enterprises Inc.,Industrials,Industrial Distribution,0.2993326978074356,0.21163012392755,0.3574833174451859,0.8028169014084507,0.962085308056872,0.3474178403755869,0.3474178403755869,0.28948204639339054,0.6149344725541241,4,2026-10-06T142958Z,2026-10-06T17:24:58.165863+00:00,2026-09-30
FFIV,"F5, Inc.",Technology,Software - Infrastructure,0.5643469971401335,0.7397521448999047,0.9018112488083888,0.7345132743362832,0.6991150442477876,0.8495575221238938,0.8035714285714286,0.7353034636161424,0.7716893173198482,4,2026-10-06T142958Z,2026-10-06T17:24:58.165863+00:00,2026-09-30
FICO,Fair Isaac Corporation,Technology,Software - Application,0.0448045757864632,0.332697807435653,0.0133460438512869,0.9889380530973452,0.9889380530973452,0.9469026548672568,0.015625,0.1302828090244677,0.7351009402654868,4,2026-10-06T142958Z,2026-10-06T17:24:58.165863+00:00,2026-09-30
FIGS,"FIGS, Inc.",Consumer Cyclical,Apparel Manufacturing,0.9351763584366064,0.572926596758818,0.6339370829361296,0.7169811320754716,0.9620253164556962,0.8113207547169812,0.9559748427672956,0.7140133460438514,0.8615755115038612,4,2026-10-06T142958Z,2026-10-06T17:24:58.165863+00:00,2026-09-30
FIS,"Fidelity National Information Services, Inc.",Technology,Information Technology Services,0.0514775977121067,0.1639656816015252,0.0457578646329837,0.5973451327433629,0.0486725663716814,0.4424778761061947,0.0982142857142857,0.0870670479822052,0.29667746523388117,4,2026-10-06T142958Z,2026-10-06T17:24:58.165863+00:00,2026-09-30
FIVE,"Five Below, Inc.",Consumer Cyclical,Specialty Retail,0.8017159199237369,0.3450905624404194,0.5128693994280267,0.779874213836478,0.6265822784810127,0.7358490566037735,0.5534591194968553,0.5532252939307277,0.6739411671045299,4,2026-10-06T142958Z,2026-10-06T17:24:58.165863+00:00,2026-09-30
FIX,"Comfort Systems USA, Inc.",Industrials,Engineering & Construction,0.9084842707340324,0.5128693994280267,0.6968541468064824,0.9671361502347418,0.8625592417061612,0.892018779342723,0.9342723004694836,0.7060692723228472,0.9139966179382774,4,2026-10-06T142958Z,2026-10-06T17:24:58.165863+00:00,2026-09-30
FIZZ,National Beverage Corp.,Consumer Defensive,Beverages - Non-Alcoholic,0.2688274547187798,0.4118207816968541,0.3851286939942803,0.992063492063492,0.8709677419354839,0.6774193548387096,0.9365079365079364,0.3552589768033047,0.8692396313364055,4,2026-10-06T142958Z,2026-10-06T17:24:58.165863+00:00,2026-09-30
FLEX,Flex Ltd.,Technology,Electronic Components,0.9018112488083888,0.9027645376549094,0.7998093422306959,0.411504424778761,0.079646017699115,0.1460176991150442,0.5044642857142857,0.8681283762313314,0.2854081068268015,4,2026-10-06T142958Z,2026-10-06T17:24:58.165863+00:00,2026-09-30
FLR,Fluor Corporation,Industrials,Engineering & Construction,0.67302192564347,0.6949475691134414,0.5786463298379408,0.0164319248826291,0.0165876777251184,0.0985915492957746,0.8450704225352113,0.6488719415316174,0.24417039360968334,4,2026-10-06T142958Z,2026-10-06T17:24:58.165863+00:00,2026-09-30
FLS,Flowserve Corporation,Industrials,Specialty Industrial Machinery,0.76930409914204,0.325071496663489,0.4375595805529075,0.5211267605633803,0.6255924170616114,0.4929577464788732,0.323943661971831,0.5106450587861455,0.490905146518924,4,2026-10-06T142958Z,2026-10-06T17:24:58.165863+00:00,2026-09-30
FLUT,Flutter Entertainment plc,Consumer Cyclical,Gambling,0.0133460438512869,0.2745471877979027,0.0133460438512869,0.0691823899371069,0.3734177215189873,0.1823899371069182,0.4528301886792453,0.10041309183349217,0.26945505931056446,4,2026-10-06T142958Z,2026-10-06T17:24:58.165863+00:00,2026-09-30
FLYW,Flywire Corporation,Technology,Software - Infrastructure,0.7082936129647283,0.899904671115348,0.8369876072449952,0.2876106194690265,0.6194690265486725,0.6283185840707964,0.9888392857142856,0.8150619637750238,0.6310593789506953,4,2026-10-06T142958Z,2026-10-06T17:24:58.165863+00:00,2026-09-30
FND,"Floor & Decor Holdings, Inc.",Consumer Cyclical,Home Improvement Retail,0.0571973307912297,0.3021925643469971,0.1239275500476644,0.3270440251572327,0.5759493670886076,0.2830188679245283,0.6289308176100629,0.16110581506196373,0.45373576944510785,4,2026-10-06T142958Z,2026-10-06T17:24:58.165863+00:00,2026-09-30
FORM,"FormFactor, Inc.",Technology,Semiconductor Equipment & Materials,0.9647283126787416,0.1773117254528122,0.911344137273594,0.672566371681416,0.504424778761062,0.4070796460176991,0.8616071428571429,0.6844613918017158,0.61141948482933,4,2026-10-06T142958Z,2026-10-06T17:24:58.165863+00:00,2026-09-30
FOUR,"Shift4 Payments, Inc.",Technology,Software - Infrastructure,0.0305052430886558,0.3946615824594852,0.0705433746425166,0.2212389380530973,0.247787610619469,0.2079646017699115,0.0491071428571428,0.16523673339688585,0.18152457332490515,4,2026-10-06T142958Z,2026-10-06T17:24:58.165863+00:00,2026-09-30
FOXA,Fox Corporation,Communication Services,Entertainment,0.4470924690181125,0.5881792183031459,0.5224022878932316,0.8085106382978723,,0.3829787234042553,0.5319148936170213,0.51922465840483,0.5744680851063829,3,2026-10-06T142958Z,2026-10-06T17:24:58.165863+00:00,2026-09-30
FROG,JFrog Ltd.,Technology,Software - Application,0.9046711153479504,0.9523355576739752,0.9342230695900858,0.1238938053097345,0.5398230088495575,0.8097345132743363,0.9375,0.9304099142040038,0.6027378318584071,4,2026-10-06T142958Z,2026-10-06T17:24:58.165863+00:00,2026-09-30
FRSH,Freshworks Inc.,Technology,Software - Application,0.5204957102001907,0.915157292659676,0.888465204957102,0.7654867256637168,0.8141592920353983,0.7256637168141593,0.875,0.774706069272323,0.7950774336283186,4,2026-10-06T142958Z,2026-10-06T17:24:58.165863+00:00,2026-09-30
FSLR,"First Solar, Inc.",Technology,Solar,0.217349857006673,0.4375595805529075,0.0877025738798856,0.8008849557522124,0.1814159292035398,0.7876106194690266,0.9151785714285714,0.2475373371464887,0.6712725189633375,4,2026-10-06T142958Z,2026-10-06T17:24:58.165863+00:00,2026-09-30
FSLY,"Fastly, Inc.",Technology,Software - Application,0.9571020019065776,0.0133460438512869,0.8903717826501429,0.0929203539823008,0.4203539823008849,0.1902654867256637,0.375,0.6202732761360025,0.2696349557522123,4,2026-10-06T142958Z,2026-10-06T17:24:58.165863+00:00,2026-09-30
FSS,Federal Signal Corporation,Industrials,Farm & Heavy Construction Machinery,0.3241182078169685,0.4756911344137273,0.5233555767397522,0.8403755868544601,0.7203791469194313,0.7183098591549296,0.7276995305164319,0.44105497299014934,0.7516910308613133,4,2026-10-06T142958Z,2026-10-06T17:24:58.165863+00:00,2026-09-30
FTAI,FTAI Aviation Ltd.,Industrials,Aerospace & Defense,0.5300285986653956,0.0714966634890371,0.0285986653956148,0.8215962441314554,0.5402843601895735,0.0164319248826291,0.0164319248826291,0.21004130918334918,0.34868611352157175,4,2026-10-06T142958Z,2026-10-06T17:24:58.165863+00:00,2026-09-30
FTDR,"Frontdoor, Inc.",Consumer Cyclical,Personal Services,0.572926596758818,0.8798856053384175,0.7778836987607245,0.8050314465408805,0.810126582278481,0.8930817610062893,0.320754716981132,0.7435653002859867,0.7072486267016957,4,2026-10-06T142958Z,2026-10-06T17:24:58.165863+00:00,2026-09-30
FTNT,"Fortinet, Inc.",Technology,Software - Infrastructure,0.8932316491897044,0.9618684461391802,0.9647283126787416,0.9026548672566372,0.8938053097345132,0.9601769911504424,0.7678571428571429,0.9399428026692087,0.8811235777496839,4,2026-10-06T142958Z,2026-10-06T17:24:58.165863+00:00,2026-09-30
FTRE,Fortrea Holdings Inc.,Healthcare,Biotechnology,0.9142040038131554,0.9876072449952336,0.9199237368922784,0.3291139240506329,0.2279411764705882,0.4305555555555556,0.240506329113924,0.940578328566889,0.30702924629767514,4,2026-10-06T142958Z,2026-10-06T17:24:58.165863+00:00,2026-09-30
FTV,Fortive Corporation,Technology,Scientific & Technical Instruments,0.5214489990467112,0.3203050524308866,0.4547187797902765,0.4203539823008849,0.3274336283185841,0.7168141592920354,0.2991071428571428,0.43215761042262474,0.4409272281921618,4,2026-10-06T142958Z,2026-10-06T17:24:58.165863+00:00,2026-09-30
FUL,H.B. Fuller Company,Basic Materials,Specialty Chemicals,0.2383222116301239,0.1954242135367016,0.1696854146806482,0.4545454545454545,0.6545454545454545,0.3636363636363636,0.2181818181818181,0.20114394661582458,0.4227272727272726,4,2026-10-06T142958Z,2026-10-06T17:24:58.165863+00:00,2026-09-30
FWONK,Formula One Group,Communication Services,Entertainment,0.2516682554814108,0.550047664442326,0.5691134413727359,0.4042553191489361,0.1333333333333333,0.6808510638297872,0.6170212765957447,0.4569431204321576,0.4588652482269503,4,2026-10-06T142958Z,2026-10-06T17:24:58.165863+00:00,2026-09-30
GAP,"The Gap, Inc.",Consumer Cyclical,Apparel Retail,0.3946615824594852,0.1429933269780743,0.5023832221163013,0.6918238993710691,0.7658227848101266,0.4213836477987421,0.4591194968553459,0.3466793771846202,0.5845374572088209,4,2026-10-06T142958Z,2026-10-06T17:24:58.165863+00:00,2026-09-30
GATX,GATX Corporation,Industrials,Rental & Leasing Services,0.3555767397521449,0.3527168732125834,0.4061010486177311,0.1924882629107981,0.0379146919431279,0.988262910798122,0.0422535211267605,0.3714648871941531,0.3152298466947021,4,2026-10-06T142958Z,2026-10-06T17:24:58.165863+00:00,2026-09-30
GD,General Dynamics Corporation,Industrials,Aerospace & Defense,0.4356530028598665,0.4070543374642517,0.3441372735938989,0.596244131455399,0.2180094786729857,0.6525821596244131,0.7934272300469484,0.3956148713060057,0.5650657499499365,4,2026-10-06T142958Z,2026-10-06T17:24:58.165863+00:00,2026-09-30
GDDY,GoDaddy Inc.,Technology,Software - Infrastructure,0.1086749285033365,0.7197330791229742,0.6425166825548141,0.7477876106194691,0.6946902654867256,0.8893805309734514,0.1026785714285714,0.49030823006037494,0.6086342446270543,4,2026-10-06T142958Z,2026-10-06T17:24:58.165863+00:00,2026-09-30
GE,GE Aerospace,Industrials,Aerospace & Defense,0.4718779790276454,0.5996186844613918,0.3670162059103908,0.5492957746478874,0.1516587677725118,0.8075117370892019,0.8169014084507042,0.47950428979980936,0.5813419219900764,4,2026-10-06T142958Z,2026-10-06T17:24:58.165863+00:00,2026-09-30
GEF,"Greif, Inc.",Consumer Cyclical,Packaging & Containers,0.7559580552907531,0.7502383222116301,0.7492850333651097,0.2641509433962264,0.2468354430379747,0.4088050314465409,0.8176100628930818,0.751827136955831,0.43435037019345596,4,2026-10-06T142958Z,2026-10-06T17:24:58.165863+00:00,2026-09-30
GEHC,GE HealthCare Technologies Inc.,Healthcare,Medical Devices,0.2297426120114394,0.2897998093422307,0.3050524308865586,0.6392405063291139,0.3014705882352941,0.4375,0.4873417721518987,0.2748649507467429,0.46638821667907665,4,2026-10-06T142958Z,2026-10-06T17:24:58.165863+00:00,2026-09-30
GEN,Gen Digital Inc.,Technology,Software - Infrastructure,0.4918970448045758,0.9208770257387988,0.2831267874165872,0.5442477876106194,0.3584070796460177,0.8584070796460177,0.0535714285714285,0.5653002859866539,0.45365834386852083,4,2026-10-06T142958Z,2026-10-06T17:24:58.165863+00:00,2026-09-30
GEO,"The GEO Group, Inc.",Industrials,Security & Protection Services,0.8045757864632984,0.9370829361296472,0.9256434699714012,0.6103286384976526,0.3317535545023696,0.1502347417840375,0.2112676056338028,0.8891007308547824,0.32589613510446563,4,2026-10-06T142958Z,2026-10-06T17:24:58.165863+00:00,2026-09-30
GEV,GE Vernova Inc.,Industrials,Specialty Industrial Machinery,0.8083889418493804,0.4051477597712107,0.6568160152526216,0.863849765258216,0.1042654028436018,0.988262910798122,0.9389671361502347,0.6234509056244043,0.7238363037625437,4,2026-10-06T142958Z,2026-10-06T17:24:58.165863+00:00,2026-09-30
GFF,Griffon Corporation,Industrials,Building Products & Equipment,0.6358436606291706,0.8150619637750238,0.657769304099142,0.7089201877934272,0.971563981042654,0.5868544600938967,0.0164319248826291,0.7028916428344455,0.5709426384531517,4,2026-10-06T142958Z,2026-10-06T17:24:58.165863+00:00,2026-09-30
GFS,GLOBALFOUNDRIES Inc.,Technology,Semiconductors,0.6072449952335558,0.334604385128694,0.2497616777883698,0.3938053097345133,0.0707964601769911,0.331858407079646,0.6517857142857143,0.39720368605020656,0.3620614728192162,4,2026-10-06T142958Z,2026-10-06T17:24:58.165863+00:00,2026-09-30
GGG,Graco Inc.,Industrials,Specialty Industrial Machinery,0.2507149666348903,0.1849380362249761,0.4127740705433746,0.943661971830986,0.8436018957345972,0.988262910798122,0.9530516431924884,0.282809024467747,0.9321446053890484,4,2026-10-06T142958Z,2026-10-06T17:24:58.165863+00:00,2026-09-30
GH,"Guardant Health, Inc.",Healthcare,Diagnostics & Research,0.9742612011439468,0.9475691134413728,0.9571020019065776,0.1455696202531645,0.6911764705882353,0.125,0.0316455696202531,0.959644105497299,0.2483479151154132,4,2026-10-06T142958Z,2026-10-06T17:24:58.165863+00:00,2026-09-30
GILD,"Gilead Sciences, Inc.",Healthcare,Drug Manufacturers - General,0.7216396568160153,0.4880838894184938,0.6406101048617732,0.2911392405063291,0.7720588235294118,0.9652777777777778,0.1518987341772152,0.6167778836987607,0.5450936439976835,4,2026-10-06T142958Z,2026-10-06T17:24:58.165863+00:00,2026-09-30
GIS,"General Mills, Inc.",Consumer Defensive,Packaged Foods,0.1477597712106768,0.4804575786463298,0.1372735938989513,0.0793650793650793,0.2741935483870967,0.4677419354838709,0.3015873015873015,0.25516364791865265,0.2807219662058371,4,2026-10-06T142958Z,2026-10-06T17:24:58.165863+00:00,2026-09-30
GKOS,Glaukos Corporation,Healthcare,Medical Devices,0.9418493803622496,0.8960915157292659,0.8436606291706387,0.1645569620253164,0.7205882352941176,0.1875,0.7468354430379747,0.8938671750873848,0.45487016008935216,4,2026-10-06T142958Z,2026-10-06T17:24:58.165863+00:00,2026-09-30
GLW,Corning Incorporated,Technology,Electronic Components,0.886558627264061,0.3012392755004766,0.6186844613918017,0.4823008849557522,0.243362831858407,0.3982300884955752,0.3303571428571428,0.602160788052113,0.36356273704171926,4,2026-10-06T142958Z,2026-10-06T17:24:58.165863+00:00,2026-09-30
GM,General Motors Company,Consumer Cyclical,Auto Manufacturers,0.7740705433746425,0.6549094375595805,0.4928503336510962,0.1194968553459119,0.0158227848101265,0.0880503144654088,0.4339622641509434,0.6406101048617732,0.16433305469309767,4,2026-10-06T142958Z,2026-10-06T17:24:58.165863+00:00,2026-09-30
GME,GameStop Corp.,Consumer Cyclical,Specialty Retail,0.0714966634890371,0.0886558627264061,0.7483317445185891,0.5786163522012578,0.0759493670886076,0.9245283018867924,0.5345911949685535,0.30282809024467744,0.5284213040363028,4,2026-10-06T142958Z,2026-10-06T17:24:58.165863+00:00,2026-09-30
GMED,"Globus Medical, Inc.",Healthcare,Medical Devices,0.6882745471877979,0.1286939942802669,0.2669208770257388,0.8037974683544303,0.6691176470588235,0.8333333333333334,0.9050632911392406,0.3612964728312678,0.8028279349714569,4,2026-10-06T142958Z,2026-10-06T17:24:58.165863+00:00,2026-09-30
GNRC,Generac Holdings Inc.,Industrials,Specialty Industrial Machinery,0.4184938036224976,0.2020972354623451,0.5281220209723546,0.3755868544600939,0.7535545023696683,0.4788732394366197,0.5727699530516432,0.3829043533523991,0.5451961373295062,4,2026-10-06T142958Z,2026-10-06T17:24:58.165863+00:00,2026-09-30
GNTX,Gentex Corporation,Consumer Cyclical,Auto Parts,0.1668255481410867,0.4680648236415634,0.3555767397521449,0.8364779874213837,0.4873417721518987,0.9056603773584906,0.9905660377358492,0.33015570384493165,0.8050115436669056,4,2026-10-06T142958Z,2026-10-06T17:24:58.165863+00:00,2026-09-30
GOLF,Acushnet Holdings Corp.,Consumer Cyclical,Leisure,0.4299332697807436,0.1630123927550047,0.2259294566253575,0.6289308176100629,0.7278481012658228,0.4465408805031446,0.5723270440251572,0.2729583730537019,0.5939117108510469,4,2026-10-06T142958Z,2026-10-06T17:24:58.165863+00:00,2026-09-30
GOOGL,Alphabet Inc.,Communication Services,Internet Content & Information,0.7244995233555768,0.5815061963775023,0.551954242135367,0.9574468085106383,0.6444444444444445,0.4893617021276595,0.9148936170212766,0.6193199872894821,0.7515366430260048,4,2026-10-06T142958Z,2026-10-06T17:24:58.165863+00:00,2026-09-30
GPC,Genuine Parts Company,Consumer Cyclical,Auto Parts,0.3336510962821735,0.778836987607245,0.6434699714013346,0.1069182389937107,0.6392405063291139,0.1949685534591195,0.7044025157232704,0.5853193517635843,0.41138245362630366,4,2026-10-06T142958Z,2026-10-06T17:24:58.165863+00:00,2026-09-30
GPGI,"GPGI, Inc.",Industrials,Metal Fabrication,0.0629170638703527,0.0695900857959961,0.0819828408007626,0.0164319248826291,0.0165876777251184,0.0164319248826291,0.988262910798122,0.07149666348903713,0.25942860957212466,4,2026-10-06T142958Z,2026-10-06T17:24:58.165863+00:00,2026-09-30
GPI,"Group 1 Automotive, Inc.",Consumer Cyclical,Auto & Truck Dealerships,0.0495710200190657,0.1210676835081029,0.0552907530981887,0.220125786163522,0.5506329113924051,0.0943396226415094,0.2830188679245283,0.0753098188751191,0.2870292970304912,4,2026-10-06T142958Z,2026-10-06T17:24:58.165863+00:00,2026-09-30
GPK,Graphic Packaging Holding Company,Consumer Cyclical,Packaging & Containers,0.0324118207816968,0.5548141086749285,0.0772163965681601,0.1509433962264151,0.0569620253164556,0.1572327044025157,0.4025157232704403,0.22148077534159513,0.19191346230395667,4,2026-10-06T142958Z,2026-10-06T17:24:58.165863+00:00,2026-09-30
GPN,Global Payments Inc.,Industrials,Specialty Business Services,0.4118207816968541,0.8465204957102002,0.6625357483317446,0.0892018779342723,0.0947867298578199,0.4460093896713615,0.3145539906103286,0.640292341912933,0.2361379970184456,4,2026-10-06T142958Z,2026-10-06T17:24:58.165863+00:00,2026-09-30
GPOR,Gulfport Energy Corporation,Energy,Oil & Gas E&P,0.2926596758817922,0.1315538608198284,0.1849380362249761,0.9315068493150684,0.958904109589041,0.684931506849315,0.4722222222222222,0.20305052430886558,0.7618911719939118,4,2026-10-06T142958Z,2026-10-06T17:24:58.165863+00:00,2026-09-30
GRAL,"GRAIL, Inc.",Healthcare,Diagnostics & Research,0.6062917063870352,0.8989513822688274,0.9876072449952336,0.2341772151898734,0.0183823529411764,0.0416666666666666,0.8734177215189873,0.8309501112170321,0.2919109890791759,4,2026-10-06T142958Z,2026-10-06T17:24:58.165863+00:00,2026-09-30
GRBK,"Green Brick Partners, Inc.",Consumer Cyclical,Residential Construction,0.2459485224022879,0.4594852240228789,0.342230695900858,0.7421383647798742,0.360759493670886,0.3710691823899371,0.9433962264150944,0.3492214807753416,0.6043408168139479,4,2026-10-06T142958Z,2026-10-06T17:24:58.165863+00:00,2026-09-30
GRDN,"Guardian Pharmacy Services, Inc.",Healthcare,Medical Care Facilities,0.8408007626310772,0.3879885605338417,0.7473784556720686,0.9050632911392406,0.9264705882352942,0.3680555555555556,0.7784810126582279,0.6587225929456625,0.7445176118970797,4,2026-10-06T142958Z,2026-10-06T17:24:58.165863+00:00,2026-09-30
GRND,Grindr Inc.,Technology,Software - Application,0.4013346043851287,0.771210676835081,0.4909437559580553,0.9070796460176992,0.9734513274336284,0.8008849557522124,0.015625,0.5544963457260884,0.674260232300885,4,2026-10-06T142958Z,2026-10-06T17:24:58.165863+00:00,2026-09-30
GSAT,"Globalstar, Inc.",Communication Services,Telecom Services,0.9304099142040038,0.561487130600572,0.7426120114394662,0.1914893617021276,0.0888888888888888,0.9893617021276596,0.851063829787234,0.7448363520813474,0.5302009456264775,4,2026-10-06T142958Z,2026-10-06T17:24:58.165863+00:00,2026-09-30
GTES,Gates Industrial Corporation Ltd.,Industrials,Specialty Industrial Machinery,0.2983794089609151,0.5414680648236415,0.6873212583412774,0.4225352112676056,0.4170616113744075,0.6056338028169014,0.4507042253521127,0.5090562440419447,0.4739837127027568,4,2026-10-06T142958Z,2026-10-06T17:24:58.165863+00:00,2026-09-30
GTLB,GitLab Inc.,Technology,Software - Infrastructure,0.3994280266920877,0.9876072449952336,0.9704480457578646,0.1106194690265486,0.8539823008849557,0.5796460176991151,0.9888392857142856,0.7858277724817286,0.6332717683312262,4,2026-10-06T142958Z,2026-10-06T17:24:58.165863+00:00,2026-09-30
GTX,Garrett Motion Inc.,Consumer Cyclical,Auto Parts,0.9237368922783604,0.8846520495710201,0.661582459485224,0.8679245283018868,0.5126582278481012,0.6477987421383647,0.2515723270440251,0.8233238004448683,0.5699884563330945,4,2026-10-06T142958Z,2026-10-06T17:24:58.165863+00:00,2026-09-30
GVA,Granite Construction Incorporated,Industrials,Engineering & Construction,0.440419447092469,0.2812202097235462,0.3412774070543374,0.056338028169014,0.3696682464454976,0.5258215962441315,0.3286384976525822,0.35430568795678424,0.32011659212780635,4,2026-10-06T142958Z,2026-10-06T17:24:58.165863+00:00,2026-09-30
GWRE,"Guidewire Software, Inc.",Technology,Software - Application,0.2011439466158246,0.8217349857006673,0.663489037178265,0.4690265486725664,0.6415929203539823,0.7079646017699115,0.3392857142857143,0.5621226564982523,0.5394674462705437,4,2026-10-06T142958Z,2026-10-06T17:24:58.165863+00:00,2026-09-30
GWW,"W.W. Grainger, Inc.",Industrials,Industrial Distribution,0.7187797902764538,0.6396568160152526,0.6396568160152526,0.988262910798122,0.9881516587677726,0.4413145539906103,0.5023474178403756,0.6660311407689864,0.7300191353492201,4,2026-10-06T142958Z,2026-10-06T17:24:58.165863+00:00,2026-09-30
GXO,"GXO Logistics, Inc.",Industrials,Integrated Freight & Logistics,0.1973307912297426,0.1372735938989513,0.2068636796949475,0.1643192488262911,0.1895734597156398,0.1643192488262911,0.1126760563380281,0.1804893549412138,0.15772200342656253,4,2026-10-06T142958Z,2026-10-06T17:24:58.165863+00:00,2026-09-30
H,Hyatt Hotels Corporation,Consumer Cyclical,Lodging,0.4985700667302192,0.5738798856053384,0.3126787416587226,0.1132075471698113,0.0379746835443038,0.2264150943396226,0.6792452830188679,0.46170956466476015,0.2642106520181514,4,2026-10-06T142958Z,2026-10-06T17:24:58.165863+00:00,2026-09-30
HAE,Haemonetics Corporation,Healthcare,Medical Devices,0.9399428026692088,0.9428026692087702,0.9227836034318398,0.5443037974683544,0.5955882352941176,0.7847222222222222,0.170886075949367,0.9351763584366063,0.5238750827335154,4,2026-10-06T142958Z,2026-10-06T17:24:58.165863+00:00,2026-09-30
HAL,Halliburton Company,Energy,Oil & Gas Equipment & Services,0.8112488083889419,0.2936129647283126,0.3241182078169685,0.5205479452054794,0.547945205479452,0.4246575342465753,0.3888888888888889,0.47632666031140763,0.47050989345509886,4,2026-10-06T142958Z,2026-10-06T17:24:58.165863+00:00,2026-09-30
HALO,"Halozyme Therapeutics, Inc.",Healthcare,Biotechnology,0.8064823641563393,0.9408960915157292,0.9180171591992372,0.9240506329113924,0.8088235294117647,0.9305555555555556,0.0379746835443038,0.8884652049571019,0.6753511003557542,4,2026-10-06T142958Z,2026-10-06T17:24:58.165863+00:00,2026-09-30
HAS,"Hasbro, Inc.",Consumer Cyclical,Leisure,0.6406101048617732,0.3918017159199237,0.5767397521448999,0.8301886792452831,0.7784810126582279,0.9559748427672956,0.2264150943396226,0.5363838576421989,0.6977649072526073,4,2026-10-06T142958Z,2026-10-06T17:24:58.165863+00:00,2026-09-30
HAYW,"Hayward Holdings, Inc.",Industrials,Electrical Equipment & Parts,0.2125834127740705,0.3126787416587226,0.1391801715919923,0.431924882629108,0.3507109004739336,0.8497652582159625,0.4647887323943662,0.22148077534159513,0.5242974434283425,4,2026-10-06T142958Z,2026-10-06T17:24:58.165863+00:00,2026-09-30
HCA,"HCA Healthcare, Inc.",Healthcare,Medical Care Facilities,0.2802669208770257,0.098188751191611,0.440419447092469,0.8417721518987342,0.8308823529411765,0.4583333333333333,0.0443037974683544,0.2729583730537019,0.5438229089103996,4,2026-10-06T142958Z,2026-10-06T17:24:58.165863+00:00,2026-09-30
HCC,"Warrior Met Coal, Inc.",Basic Materials,Coking Coal,0.8303145853193518,0.4957102001906577,0.5490943755958055,0.6727272727272727,0.2181818181818181,0.1636363636363636,0.8909090909090909,0.625039720368605,0.48636363636363633,4,2026-10-06T142958Z,2026-10-06T17:24:58.165863+00:00,2026-09-30
HD,"The Home Depot, Inc.",Consumer Cyclical,Home Improvement Retail,0.1468064823641563,0.2850333651096282,0.1458531935176358,0.8176100628930818,0.740506329113924,0.5911949685534591,0.2641509433962264,0.1925643469971401,0.6033655759891728,4,2026-10-06T142958Z,2026-10-06T17:24:58.165863+00:00,2026-09-30
HEI,HEICO Corporation,Industrials,Aerospace & Defense,0.3632030505243088,0.6329837940896091,0.3384175405147759,0.676056338028169,0.5118483412322274,0.92018779342723,0.6009389671361502,0.4448681283762313,0.6772578599559442,4,2026-10-06T142958Z,2026-10-06T17:24:58.165863+00:00,2026-09-30
HGV,Hilton Grand Vacations Inc.,Consumer Cyclical,Resorts & Casinos,0.2793136320305052,0.3079122974261201,0.0514775977121067,0.1446540880503144,0.4177215189873418,0.4339622641509434,0.1635220125786163,0.21290117572291067,0.28996497094180396,4,2026-10-06T142958Z,2026-10-06T17:24:58.165863+00:00,2026-09-30
HII,"Huntington Ingalls Industries, Inc.",Industrials,Aerospace & Defense,0.3813155386081983,0.0133460438512869,0.0791229742612011,0.4507042253521127,0.1753554502369668,0.1267605633802817,0.6713615023474179,0.1579281855735621,0.35604543532919475,4,2026-10-06T142958Z,2026-10-06T17:24:58.165863+00:00,2026-09-30
HIMS,"Hims & Hers Health, Inc.",Healthcare,Drug Manufacturers - Specialty & Generic,0.0133460438512869,0.8188751191611058,0.6606291706387035,0.3227848101265823,0.8529411764705882,0.2847222222222222,0.2151898734177215,0.4976167778836988,0.4189095205592786,4,2026-10-06T142958Z,2026-10-06T17:24:58.165863+00:00,2026-09-30
HL,Hecla Mining Company,Basic Materials,Other Precious Metals & Mining,0.8817921830314586,0.5271687321258341,0.2287893231649189,0.8181818181818182,0.7818181818181819,0.9272727272727272,0.9090909090909092,0.5459167461074038,0.8590909090909091,4,2026-10-06T142958Z,2026-10-06T17:24:58.165863+00:00,2026-09-30
HLIO,"Helios Technologies, Inc.",Industrials,Specialty Industrial Machinery,0.7149666348903718,0.5023832221163013,0.4489990467111535,0.4037558685446009,0.4312796208530806,0.6431924882629108,0.6901408450704225,0.5554496345726089,0.5420922056827537,4,2026-10-06T142958Z,2026-10-06T17:24:58.165863+00:00,2026-09-30
HLT,Hilton Worldwide Holdings Inc.,Consumer Cyclical,Lodging,0.5786463298379408,0.3393708293612965,0.4976167778836987,0.6666666666666666,0.3227848101265823,0.8364779874213837,0.0691823899371069,0.47187797902764533,0.4737779635379349,4,2026-10-06T142958Z,2026-10-06T17:24:58.165863+00:00,2026-09-30
HNI,HNI Corporation,Consumer Cyclical,"Furnishings, Fixtures & Appliances",0.3975214489990467,0.892278360343184,0.7702573879885606,0.10062893081761,0.5822784810126582,0.1635220125786163,0.6477987421383647,0.6866857324435971,0.37355704163681236,4,2026-10-06T142958Z,2026-10-06T17:24:58.165863+00:00,2026-09-30
HOG,"Harley-Davidson, Inc.",Consumer Cyclical,Recreational Vehicles,0.332697807435653,0.7836034318398475,0.7550047664442326,0.2012578616352201,0.1455696202531645,0.0314465408805031,0.6918238993710691,0.6237686685732444,0.26752448053498923,4,2026-10-06T142958Z,2026-10-06T17:24:58.165863+00:00,2026-09-30
HON,Honeywell International Inc.,Industrials,Conglomerates,0.3431839847473784,0.1229742612011439,0.336510962821735,0.8075117370892019,0.3838862559241706,0.5821596244131455,0.1924882629107981,0.2675564029234191,0.491511470084329,4,2026-10-06T142958Z,2026-10-06T17:24:58.165863+00:00,2026-09-30
HP,"Helmerich & Payne, Inc.",Energy,Oil & Gas Drilling,0.9285033365109628,0.7673975214489991,0.7187797902764538,0.0821917808219178,0.1917808219178082,0.4520547945205479,0.4444444444444444,0.8048935494121386,0.2926179604261796,4,2026-10-06T142958Z,2026-10-06T17:24:58.165863+00:00,2026-09-30
HPE,Hewlett Packard Enterprise Company,Technology,Communication Equipment,0.9494756911344138,0.9876072449952336,0.9876072449952336,0.3407079646017699,0.2256637168141592,0.3008849557522124,0.4151785714285714,0.974896727041627,0.3206088021491782,4,2026-10-06T142958Z,2026-10-06T17:24:58.165863+00:00,2026-09-30
HPQ,HP Inc.,Technology,Computer Hardware,0.6148713060057197,0.9304099142040038,0.9103908484270734,0.4734513274336283,0.3849557522123893,0.2212389380530973,0.4598214285714285,0.8185573562122657,0.38486686156763583,4,2026-10-06T142958Z,2026-10-06T17:24:58.165863+00:00,2026-09-30
HQY,"HealthEquity, Inc.",Healthcare,Health Information Services,0.4480457578646329,0.6444232602478551,0.5748331744518589,0.7278481012658228,0.5073529411764706,0.9375,0.4367088607594936,0.555767397521449,0.6523524758004468,4,2026-10-06T142958Z,2026-10-06T17:24:58.165863+00:00,2026-09-30
HRB,"H&R Block, Inc.",Consumer Cyclical,Personal Services,0.3755958055290753,0.9046711153479504,0.7016205910390848,0.9559748427672956,0.7468354430379747,0.9119496855345912,0.1572327044025157,0.6606291706387034,0.6929981689355942,4,2026-10-06T142958Z,2026-10-06T17:24:58.165863+00:00,2026-09-30
HRI,Herc Holdings Inc.,Industrials,Rental & Leasing Services,0.5023832221163013,0.8741658722592945,0.4118207816968541,0.1267605633802817,0.1184834123222748,0.0798122065727699,0.0469483568075117,0.59612329202415,0.09300113477070952,4,2026-10-06T142958Z,2026-10-06T17:24:58.165863+00:00,2026-09-30
HRL,Hormel Foods Corporation,Consumer Defensive,Packaged Foods,0.2440419447092469,0.323164918970448,0.2106768350810295,0.3015873015873015,0.0967741935483871,0.3709677419354839,0.8253968253968254,0.25929456625357483,0.3986815156169995,4,2026-10-06T142958Z,2026-10-06T17:24:58.165863+00:00,2026-09-30
HSIC,"Henry Schein, Inc.",Healthcare,Medical Distribution,0.7092469018112488,0.684461391801716,0.6072449952335558,0.5253164556962026,0.6323529411764706,0.3263888888888889,0.3481012658227848,0.6669844296155069,0.45803988789608674,4,2026-10-06T142958Z,2026-10-06T17:24:58.165863+00:00,2026-09-30
HSY,The Hershey Company,Consumer Defensive,Confectioners,0.2707340324118207,0.1029551954242135,0.1677788369876072,0.7301587301587301,0.5,0.8548387096774194,0.365079365079365,0.1804893549412138,0.6125192012288787,4,2026-10-06T142958Z,2026-10-06T17:24:58.165863+00:00,2026-09-30
HTO,H2O America,Utilities,Utilities - Regulated Water,0.7464251668255482,0.5347950428979981,0.5424213536701621,0.2,0.4259259259259259,0.1272727272727272,0.8363636363636363,0.6078805211312361,0.39739057239057235,4,2026-10-06T142958Z,2026-10-06T17:24:58.165863+00:00,2026-09-30
HUBB,Hubbell Incorporated,Industrials,Electrical Equipment & Parts,0.4432793136320305,0.1801715919923737,0.4680648236415634,0.6948356807511737,0.5165876777251185,0.7652582159624414,0.1314553990610328,0.3638385764219892,0.5270342433749416,4,2026-10-06T142958Z,2026-10-06T17:24:58.165863+00:00,2026-09-30
HUBS,"HubSpot, Inc.",Technology,Software - Application,0.0343183984747378,0.3765490943755958,0.2545281220209723,0.3805309734513274,0.9646017699115044,0.5486725663716814,0.7098214285714286,0.22179853829043528,0.6509066845764855,4,2026-10-06T142958Z,2026-10-06T17:24:58.165863+00:00,2026-09-30
HUM,Humana Inc.,Healthcare,Healthcare Plans,0.8293612964728313,0.9876072449952336,0.9170638703527167,0.4746835443037974,,0.2361111111111111,0.5443037974683544,0.9113441372735939,0.41836615096108765,3,2026-10-06T142958Z,2026-10-06T17:24:58.165863+00:00,2026-09-30
HURN,Huron Consulting Group Inc.,Industrials,Consulting Services,0.4108674928503336,0.6825548141086749,0.7874165872259294,0.5821596244131455,0.8530805687203792,0.4272300469483568,0.0751173708920187,0.6269462980616459,0.484396902743475,4,2026-10-06T142958Z,2026-10-06T17:24:58.165863+00:00,2026-09-30
HWM,Howmet Aerospace Inc.,Industrials,Aerospace & Defense,0.7025738798856054,0.5100095328884652,0.3040991420400381,0.9061032863849764,0.5971563981042654,0.9061032863849764,0.352112676056338,0.5055608516047029,0.690368911732639,4,2026-10-06T142958Z,2026-10-06T17:24:58.165863+00:00,2026-09-30
HXL,Hexcel Corporation,Industrials,Aerospace & Defense,0.7626310772163966,0.6139180171591992,0.3937082936129647,0.4788732394366197,0.3649289099526066,0.6901408450704225,0.3568075117370892,0.5900857959961868,0.4726876265491845,4,2026-10-06T142958Z,2026-10-06T17:24:58.165863+00:00,2026-09-30
IBM,International Business Machines Corporation,Technology,Information Technology Services,0.1696854146806482,0.2516682554814108,0.207816968541468,0.5663716814159292,0.3716814159292035,0.5442477876106194,0.1339285714285714,0.20972354623450903,0.4040573640960809,4,2026-10-06T142958Z,2026-10-06T17:24:58.165863+00:00,2026-09-30
IBP,"Installed Building Products, Inc.",Consumer Cyclical,Residential Construction,0.3069590085795996,0.1382268827454718,0.0610104861773117,0.7358490566037735,0.6455696202531646,0.6540880503144654,0.3333333333333333,0.1687321258341277,0.5922100151261842,4,2026-10-06T142958Z,2026-10-06T17:24:58.165863+00:00,2026-09-30
IBRX,"ImmunityBio, Inc.",Healthcare,Biotechnology,0.9876072449952336,0.6005719733079123,0.9380362249761678,0.0158227848101265,0.3897058823529412,0.0486111111111111,0.0158227848101265,0.842071814426438,0.11749064077107632,4,2026-10-06T142958Z,2026-10-06T17:24:58.165863+00:00,2026-09-30
ICHR,"Ichor Holdings, Ltd.",Technology,Semiconductor Equipment & Materials,0.973307912297426,0.5195424213536701,0.6701620591039085,0.1017699115044247,0.0442477876106194,0.0663716814159292,0.6205357142857143,0.7210041309183349,0.20823127370417188,4,2026-10-06T142958Z,2026-10-06T17:24:58.165863+00:00,2026-09-30
ICUI,"ICU Medical, Inc.",Healthcare,Medical Instruments & Supplies,0.7073403241182078,0.8017159199237369,0.6901811248808389,0.4050632911392405,0.2720588235294117,0.4027777777777778,0.379746835443038,0.7330791229742611,0.36491168197236695,4,2026-10-06T142958Z,2026-10-06T17:24:58.165863+00:00,2026-09-30
IDA,"IDACORP, Inc.",Utilities,Utilities - Regulated Electric,0.3956148713060057,0.2297426120114394,0.3698760724499523,0.6909090909090909,0.0277777777777777,0.0272727272727272,0.8181818181818182,0.3317445185891325,0.3910353535353535,4,2026-10-06T142958Z,2026-10-06T17:24:58.165863+00:00,2026-09-30
IDCC,"InterDigital, Inc.",Technology,Software - Application,0.2678741658722593,0.4690181124880839,0.6415633937082936,0.8230088495575221,0.4823008849557522,0.9889380530973452,0.5357142857142857,0.459485224022879,0.7074905183312262,4,2026-10-06T142958Z,2026-10-06T17:24:58.165863+00:00,2026-09-30
IDXX,"IDEXX Laboratories, Inc.",Healthcare,Diagnostics & Research,0.1611058150619637,0.1649189704480457,0.2516682554814108,0.990506329113924,0.9411764705882352,0.8819444444444444,0.3924050632911392,0.1925643469971401,0.8015080768594357,4,2026-10-06T142958Z,2026-10-06T17:24:58.165863+00:00,2026-09-30
IDYA,"IDEAYA Biosciences, Inc.",Healthcare,Biotechnology,0.7673975214489991,0.7073403241182078,0.7264061010486177,0.2215189873417721,,0.0972222222222222,0.8987341772151899,0.7337146488719415,0.4058251289263947,3,2026-10-06T142958Z,2026-10-06T17:24:58.165863+00:00,2026-09-30
IEX,IDEX Corporation,Industrials,Specialty Industrial Machinery,0.7044804575786463,0.6348903717826502,0.7368922783603432,0.5868544600938967,0.5545023696682464,0.8591549295774648,0.539906103286385,0.6920877025738799,0.6351044656564981,4,2026-10-06T142958Z,2026-10-06T17:24:58.165863+00:00,2026-09-30
IFF,International Flavors & Fragrances Inc.,Basic Materials,Specialty Chemicals,0.7502383222116301,0.674928503336511,0.6987607244995233,0.2545454545454545,0.4727272727272727,0.4545454545454545,0.5818181818181818,0.7079758500158881,0.44090909090909086,4,2026-10-06T142958Z,2026-10-06T17:24:58.165863+00:00,2026-09-30
ILMN,"Illumina, Inc.",Healthcare,Diagnostics & Research,0.9466158245948524,0.9342230695900858,0.9876072449952336,0.8607594936708861,0.7573529411764706,0.7638888888888888,0.2848101265822785,0.9561487130600573,0.6667028625796311,4,2026-10-06T142958Z,2026-10-06T17:24:58.165863+00:00,2026-09-30
IMVT,"Immunovant, Inc.",Healthcare,Biotechnology,0.958055290753098,0.9008579599618683,0.6024785510009533,0.0379746835443038,,,0.990506329113924,0.8204639339053066,0.5142405063291139,2,2026-10-06T142958Z,2026-10-06T17:24:58.165863+00:00,2026-09-30
INCY,Incyte Corporation,Healthcare,Biotechnology,0.776930409914204,0.7998093422306959,0.6377502383222117,0.9683544303797468,0.9117647058823528,0.9444444444444444,0.9683544303797468,0.7381633301557039,0.9482295027715726,4,2026-10-06T142958Z,2026-10-06T17:24:58.165863+00:00,2026-09-30
INDV,"Indivior Pharmaceuticals, Inc.",Healthcare,Drug Manufacturers - Specialty & Generic,0.7836034318398475,0.5843660629170638,0.5185891325071497,0.990506329113924,0.9632352941176472,0.1736111111111111,0.2341772151898734,0.6288528757546871,0.5903824873831389,4,2026-10-06T142958Z,2026-10-06T17:24:58.165863+00:00,2026-09-30
INGR,Ingredion Incorporated,Consumer Defensive,Packaged Foods,0.1944709246901811,0.1487130600571973,0.2964728312678741,0.5555555555555556,0.3225806451612903,0.3548387096774194,0.8095238095238095,0.21321893867175082,0.5106246799795187,4,2026-10-06T142958Z,2026-10-06T17:24:58.165863+00:00,2026-09-30
INSM,Insmed Incorporated,Healthcare,Biotechnology,0.1487130600571973,0.0495710200190657,0.0829361296472831,0.1012658227848101,0.7647058823529411,0.0625,0.5253164556962026,0.09374006990784871,0.36344704020848845,4,2026-10-06T142958Z,2026-10-06T17:24:58.165863+00:00,2026-09-30
INSP,"Inspire Medical Systems, Inc.",Healthcare,Medical Devices,0.1687321258341277,0.5900857959961868,0.786463298379409,0.8924050632911392,0.9485294117647058,0.6111111111111112,0.879746835443038,0.5150937400699078,0.8329481054024985,4,2026-10-06T142958Z,2026-10-06T17:24:58.165863+00:00,2026-09-30
INSW,"International Seaways, Inc.",Energy,Oil & Gas Midstream,0.9666348903717826,0.8503336510962822,0.9685414680648236,0.9931506849315068,0.8904109589041096,0.7945205479452054,0.625,0.9285033365109627,0.8257705479452054,4,2026-10-06T142958Z,2026-10-06T17:24:58.165863+00:00,2026-09-30
INTA,"Intapp, Inc.",Technology,Software - Application,0.4242135367016206,0.9361296472831268,0.8551000953288846,0.084070796460177,0.9070796460176992,0.6858407079646017,0.8839285714285714,0.7384810931045439,0.6402299304677623,4,2026-10-06T142958Z,2026-10-06T17:24:58.165863+00:00,2026-09-30
INTC,Intel Corporation,Technology,Semiconductors,0.9656816015252622,0.9494756911344138,0.9332697807435651,0.0884955752212389,0.0619469026548672,0.1858407079646017,0.40625,0.9494756911344137,0.18563329646017696,4,2026-10-06T142958Z,2026-10-06T17:24:58.165863+00:00,2026-09-30
INTU,Intuit Inc.,Technology,Software - Application,0.0133460438512869,0.0857959961868446,0.0400381315538608,0.7699115044247787,0.7654867256637168,0.9513274336283186,0.4419642857142857,0.0463933905306641,0.732172487357775,4,2026-10-06T142958Z,2026-10-06T17:24:58.165863+00:00,2026-09-30
IONQ,"IonQ, Inc.",Technology,Computer Hardware,0.0295519542421353,0.7874165872259294,0.4661582459485224,0.0154867256637168,0.0154867256637168,0.0309734513274336,0.9508928571428572,0.42770892913886244,0.2532099399494311,4,2026-10-06T142958Z,2026-10-06T17:24:58.165863+00:00,2026-09-30
IONS,"Ionis Pharmaceuticals, Inc.",Healthcare,Biotechnology,0.1811248808388942,0.0552907530981887,0.0133460438512869,0.2025316455696202,0.4117647058823529,0.0694444444444444,0.1455696202531645,0.08325389259612327,0.20732760403739553,4,2026-10-06T142958Z,2026-10-06T17:24:58.165863+00:00,2026-09-30
IOT,Samsara Inc.,Technology,Software - Infrastructure,0.3126787416587226,0.7016205910390848,0.871306005719733,0.331858407079646,0.8451327433628318,0.3938053097345133,0.8660714285714286,0.6285351128058468,0.6092169721871049,4,2026-10-06T142958Z,2026-10-06T17:24:58.165863+00:00,2026-09-30
IP,International Paper Company,Consumer Cyclical,Packaging & Containers,0.1372735938989513,0.4661582459485224,0.1763584366062917,0.0157232704402515,0.2531645569620253,0.1509433962264151,0.7735849056603774,0.2599300921512551,0.2983540323222673,4,2026-10-06T142958Z,2026-10-06T17:24:58.165863+00:00,2026-09-30
IPAR,"Interparfums, Inc.",Consumer Defensive,Household & Personal Products,0.6024785510009533,0.7321258341277407,0.7464251668255482,0.7619047619047619,0.8870967741935484,0.7741935483870968,0.9206349206349206,0.6936765173180808,0.8359575012800818,4,2026-10-06T142958Z,2026-10-06T17:24:58.165863+00:00,2026-09-30
IPGP,IPG Photonics Corporation,Technology,Semiconductor Equipment & Materials,0.2621544327931363,0.0133460438512869,0.1258341277407054,0.2168141592920354,0.1548672566371681,0.1238938053097345,0.9553571428571428,0.13377820146170954,0.3627330910240202,4,2026-10-06T142958Z,2026-10-06T17:24:58.165863+00:00,2026-09-30
IQV,IQVIA Holdings Inc.,Healthcare,Diagnostics & Research,0.6758817921830315,0.9018112488083888,0.886558627264061,0.5949367088607594,0.2205882352941176,0.6041666666666666,0.1392405063291139,0.821417222751827,0.3897330292876644,4,2026-10-06T142958Z,2026-10-06T17:24:58.165863+00:00,2026-09-30
IR,Ingersoll Rand Inc.,Industrials,Specialty Industrial Machinery,0.2202097235462345,0.2402287893231649,0.4003813155386082,0.4553990610328638,0.3981042654028436,0.7887323943661971,0.5586854460093896,0.28693994280266916,0.5502302917028236,4,2026-10-06T142958Z,2026-10-06T17:24:58.165863+00:00,2026-09-30
IRDM,Iridium Communications Inc.,Communication Services,Telecom Services,0.9714013346043852,0.8570066730219257,0.8951382268827455,0.4893617021276595,0.5333333333333333,0.9361702127659576,0.0851063829787234,0.9078487448363521,0.5109929078014185,4,2026-10-06T142958Z,2026-10-06T17:24:58.165863+00:00,2026-09-30
IRTC,"iRhythm Holdings, Inc.",Healthcare,Medical Devices,0.0734032411820781,0.4156339370829361,0.1601525262154433,0.3544303797468354,0.8382352941176471,0.3472222222222222,0.0759493670886076,0.2163965681601525,0.40395931579382804,4,2026-10-06T142958Z,2026-10-06T17:24:58.165863+00:00,2026-09-30
ISRG,"Intuitive Surgical, Inc.",Healthcare,Medical Instruments & Supplies,0.1601525262154433,0.0772163965681601,0.2812202097235462,0.9177215189873418,0.6176470588235294,0.9166666666666666,0.9746835443037974,0.17286304416904988,0.8566796971953338,4,2026-10-06T142958Z,2026-10-06T17:24:58.165863+00:00,2026-09-30
IT,"Gartner, Inc.",Technology,Information Technology Services,0.0991420400381315,0.7216396568160153,0.6758817921830315,0.6991150442477876,0.8849557522123894,0.5663716814159292,0.1428571428571428,0.49888782967905937,0.5733249051833123,4,2026-10-06T142958Z,2026-10-06T17:24:58.165863+00:00,2026-09-30
ITGR,Integer Holdings Corporation,Healthcare,Medical Devices,0.5795996186844614,0.8732125834127741,0.8960915157292659,0.5316455696202531,0.0808823529411764,0.3819444444444444,0.2468354430379747,0.7829679059421671,0.31032695251096215,4,2026-10-06T142958Z,2026-10-06T17:24:58.165863+00:00,2026-09-30
ITRI,"Itron, Inc.",Technology,Scientific & Technical Instruments,0.107721639656816,0.4013346043851287,0.3918017159199237,0.5796460176991151,0.3407079646017699,0.4601769911504424,0.1696428571428571,0.30028598665395617,0.38754345764854614,4,2026-10-06T142958Z,2026-10-06T17:24:58.165863+00:00,2026-09-30
ITW,Illinois Tool Works Inc.,Industrials,Specialty Industrial Machinery,0.4022878932316492,0.4280266920877025,0.4814108674928503,0.988262910798122,0.9289099526066352,0.8544600938967136,0.0704225352112676,0.43724181760406733,0.7105138731281846,4,2026-10-06T142958Z,2026-10-06T17:24:58.165863+00:00,2026-09-30
J,Jacobs Solutions Inc.,Industrials,Engineering & Construction,0.2888465204957102,0.6053384175405148,0.6015252621544328,0.2582159624413145,0.6540284360189573,0.2816901408450704,0.380281690140845,0.49857006673021925,0.3935540573615468,4,2026-10-06T142958Z,2026-10-06T17:24:58.165863+00:00,2026-09-30
JBHT,"J.B. Hunt Transport Services, Inc.",Industrials,Integrated Freight & Logistics,0.9256434699714012,0.6987607244995233,0.3612964728312678,0.6431924882629108,0.4976303317535545,0.4835680751173709,0.8356807511737089,0.6619002224340641,0.6150179115768862,4,2026-10-06T142958Z,2026-10-06T17:24:58.165863+00:00,2026-09-30
JBL,Jabil Inc.,Technology,Electronic Components,0.7387988560533841,0.5834127740705434,0.4833174451858913,0.3761061946902654,0.1061946902654867,0.163716814159292,0.5803571428571429,0.6018430251032729,0.30659371049304673,4,2026-10-06T142958Z,2026-10-06T17:24:58.165863+00:00,2026-09-30
JBTM,JBT Marel Corporation,Industrials,Specialty Industrial Machinery,0.1420400381315538,0.215443279313632,0.1105815061963775,0.2206572769953051,0.3175355450236967,0.431924882629108,0.7183098591549296,0.1560216078805211,0.4221068909507598,4,2026-10-06T142958Z,2026-10-06T17:24:58.165863+00:00,2026-09-30
JKHY,"Jack Henry & Associates, Inc.",Technology,Information Technology Services,0.5243088655862727,0.4613918017159199,0.3164918970448045,0.8584070796460177,0.6106194690265486,0.5619469026548672,0.9285714285714286,0.4340641881156657,0.7398862199747156,4,2026-10-06T142958Z,2026-10-06T17:24:58.165863+00:00,2026-09-30
JNJ,Johnson & Johnson,Healthcare,Drug Manufacturers - General,0.8007626310772163,0.6177311725452812,0.6148713060057197,0.8164556962025317,0.5661764705882353,0.8125,0.569620253164557,0.6777883698760725,0.691188104988831,4,2026-10-06T142958Z,2026-10-06T17:24:58.165863+00:00,2026-09-30
JOBY,"Joby Aviation, Inc.",Industrials,Airports & Air Services,0.0133460438512869,0.0581506196377502,0.0133460438512869,0.0164319248826291,0.0165876777251184,0.0164319248826291,0.5446009389671361,0.02828090244677467,0.1485131166143782,4,2026-10-06T142958Z,2026-10-06T17:24:58.165863+00:00,2026-09-30
KALU,Kaiser Aluminum Corporation,Basic Materials,Aluminum,0.9370829361296472,0.7149666348903718,0.5757864632983795,0.7454545454545455,0.6363636363636364,0.2545454545454545,0.2727272727272727,0.7426120114394662,0.47727272727272724,4,2026-10-06T142958Z,2026-10-06T17:24:58.165863+00:00,2026-09-30
KBH,KB Home,Consumer Cyclical,Residential Construction,0.1401334604385128,0.3469971401334604,0.1248808388941849,0.270440251572327,0.0822784810126582,0.4654088050314465,0.7358490566037735,0.20400381315538604,0.38849414855505127,4,2026-10-06T142958Z,2026-10-06T17:24:58.165863+00:00,2026-09-30
KBR,"KBR, Inc.",Industrials,Engineering & Construction,0.1277407054337464,0.2955195424213536,0.3098188751191611,0.539906103286385,0.2938388625592417,0.2910798122065727,0.215962441314554,0.244359707658087,0.33519680484168835,4,2026-10-06T142958Z,2026-10-06T17:24:58.165863+00:00,2026-09-30
KD,"Kyndryl Holdings, Inc.",Technology,Information Technology Services,0.0133460438512869,0.3593898951382269,0.0838894184938036,0.2035398230088495,0.3938053097345133,0.1106194690265486,0.15625,0.15220845249443912,0.21605365044247785,4,2026-10-06T142958Z,2026-10-06T17:24:58.165863+00:00,2026-09-30
KDP,Keurig Dr Pepper Inc.,Consumer Defensive,Beverages - Non-Alcoholic,0.6606291706387035,0.7559580552907531,0.6282173498570067,0.2063492063492063,0.0806451612903225,0.532258064516129,0.5396825396825397,0.6816015252621545,0.3397337429595494,4,2026-10-06T142958Z,2026-10-06T17:24:58.165863+00:00,2026-09-30
KEX,Kirby Corporation,Industrials,Marine Shipping,0.8674928503336511,0.3860819828408007,0.5834127740705434,0.4929577464788732,0.2274881516587677,0.7089201877934272,0.7370892018779343,0.6123292024149984,0.5416138219522506,4,2026-10-06T142958Z,2026-10-06T17:24:58.165863+00:00,2026-09-30
KEYS,"Keysight Technologies, Inc.",Technology,Scientific & Technical Instruments,0.8960915157292659,0.5081029551954243,0.8760724499523356,0.7256637168141593,0.6150442477876106,0.6548672566371682,0.4330357142857143,0.7600889736256753,0.6071527338811631,4,2026-10-06T142958Z,2026-10-06T17:24:58.165863+00:00,2026-09-30
KFY,Korn Ferry,Industrials,Staffing & Employment Services,0.6263107721639657,0.8131553860819828,0.572926596758818,0.5633802816901409,0.9881516587677726,0.6009389671361502,0.8028169014084507,0.6707975850015888,0.7388219522506287,4,2026-10-06T142958Z,2026-10-06T17:24:58.165863+00:00,2026-09-30
KGS,"Kodiak Gas Services, Inc.",Energy,Oil & Gas Equipment & Services,0.899904671115348,0.4737845567206863,0.3260247855100095,0.2054794520547945,0.4246575342465753,0.2054794520547945,0.0972222222222222,0.5665713377820146,0.23320966514459665,4,2026-10-06T142958Z,2026-10-06T17:24:58.165863+00:00,2026-09-30
KHC,The Kraft Heinz Company,Consumer Defensive,Packaged Foods,0.3622497616777884,0.5004766444232602,0.3469971401334604,0.0634920634920634,0.064516129032258,0.7258064516129032,0.7142857142857143,0.40324118207816967,0.39202508960573473,4,2026-10-06T142958Z,2026-10-06T17:24:58.165863+00:00,2026-09-30
KLAC,KLA Corporation,Technology,Semiconductor Equipment & Materials,0.797902764537655,0.5529075309818875,0.7931363203050524,0.9557522123893806,0.7920353982300885,0.7787610619469026,0.25,0.7146488719415317,0.6941371681415929,4,2026-10-06T142958Z,2026-10-06T17:24:58.165863+00:00,2026-09-30
KMB,Kimberly-Clark Corporation,Consumer Defensive,Household & Personal Products,0.2335557673975214,0.5624404194470924,0.3708293612964728,0.746031746031746,0.5161290322580645,0.5806451612903226,0.5079365079365079,0.3889418493803622,0.5876856118791602,4,2026-10-06T142958Z,2026-10-06T17:24:58.165863+00:00,2026-09-30
KMI,"Kinder Morgan, Inc.",Energy,Oil & Gas Midstream,0.5271687321258341,0.2602478551000953,0.5271687321258341,0.3835616438356164,0.5068493150684932,0.6712328767123288,0.2083333333333333,0.43819510645058785,0.4424942922374429,4,2026-10-06T142958Z,2026-10-06T17:24:58.165863+00:00,2026-09-30
KMT,Kennametal Inc.,Industrials,Tools & Accessories,0.7302192564346998,0.0791229742612011,0.3975214489990467,0.8356807511737089,0.8056872037914692,0.0704225352112676,0.6197183098591549,0.40228789323164915,0.5828772000089001,4,2026-10-06T142958Z,2026-10-06T17:24:58.165863+00:00,2026-09-30
KMX,"CarMax, Inc.",Consumer Cyclical,Auto & Truck Dealerships,0.6987607244995233,0.8751191611058151,0.7540514775977121,0.1320754716981132,0.0443037974683544,0.2515723270440251,0.1383647798742138,0.7759771210676835,0.14157909402117663,4,2026-10-06T142958Z,2026-10-06T17:24:58.165863+00:00,2026-09-30
KN,Knowles Corporation,Technology,Electronic Components,0.7578646329837941,0.786463298379409,0.8598665395614872,0.5088495575221239,0.3982300884955752,0.3097345132743362,0.59375,0.8013981569748968,0.45264103982300885,4,2026-10-06T142958Z,2026-10-06T17:24:58.165863+00:00,2026-09-30
KNF,Knife River Corporation,Basic Materials,Building Materials,0.1877979027645376,0.0848427073403241,0.0133460438512869,0.4363636363636363,0.4,0.1818181818181818,0.1818181818181818,0.09532888465204953,0.3,4,2026-10-06T142958Z,2026-10-06T17:24:58.165863+00:00,2026-09-30
KNTK,Kinetik Holdings Inc.,Energy,Oil & Gas Midstream,0.7759771210676835,0.663489037178265,0.778836987607245,0.7123287671232876,0.2465753424657534,0.3561643835616438,0.0694444444444444,0.7394343819510644,0.3461282343987823,4,2026-10-06T142958Z,2026-10-06T17:24:58.165863+00:00,2026-09-30
KNX,Knight-Swift Transportation Holdings Inc.,Industrials,Trucking,0.880838894184938,0.6158245948522403,0.5147759771210677,0.1220657276995305,0.0758293838862559,0.3943661971830985,0.6807511737089202,0.6704798220527487,0.3182531206194513,4,2026-10-06T142958Z,2026-10-06T17:24:58.165863+00:00,2026-09-30
KO,The Coca-Cola Company,Consumer Defensive,Beverages - Non-Alcoholic,0.7054337464251669,0.6024785510009533,0.6835081029551954,0.873015873015873,0.4193548387096774,0.967741935483871,0.4126984126984127,0.6638068001271051,0.6682027649769585,4,2026-10-06T142958Z,2026-10-06T17:24:58.165863+00:00,2026-09-30
KR,The Kroger Co.,Consumer Defensive,Grocery Stores,0.224976167778837,0.0705433746425166,0.3336510962821735,0.2539682539682539,0.9516129032258064,0.1290322580645161,0.1904761904761904,0.20972354623450903,0.3812724014336917,4,2026-10-06T142958Z,2026-10-06T17:24:58.165863+00:00,2026-09-30
KRYS,"Krystal Biotech, Inc.",Healthcare,Biotechnology,0.9323164918970448,0.8474737845567207,0.7121067683508103,0.9367088607594936,0.4852941176470588,0.9895833333333334,0.9556962025316456,0.830632348268192,0.8418206285678829,4,2026-10-06T142958Z,2026-10-06T17:24:58.165863+00:00,2026-09-30
KSS,Kohl's Corporation,Consumer Cyclical,Department Stores,0.5681601525262154,0.8703527168732126,0.8045757864632984,0.1572327044025157,0.6835443037974683,0.440251572327044,0.4150943396226415,0.7476962186209088,0.42403073003741737,4,2026-10-06T142958Z,2026-10-06T17:24:58.165863+00:00,2026-09-30
KTB,"Kontoor Brands, Inc.",Consumer Cyclical,Apparel Manufacturing,0.2306959008579599,0.4528122020972354,0.2726406101048618,0.6981132075471698,0.879746835443038,0.779874213836478,0.4213836477987421,0.31871623768668567,0.694779476156357,4,2026-10-06T142958Z,2026-10-06T17:24:58.165863+00:00,2026-09-30
KTOS,"Kratos Defense & Security Solutions, Inc.",Industrials,Aerospace & Defense,0.0133460438512869,0.0133460438512869,0.0133460438512869,0.1549295774647887,0.0663507109004739,0.056338028169014,0.9154929577464788,0.013346043851286899,0.29827781857018887,4,2026-10-06T142958Z,2026-10-06T17:24:58.165863+00:00,2026-09-30
KVUE,Kenvue Inc.,Consumer Defensive,Household & Personal Products,0.6224976167778837,0.5452812202097236,0.4718779790276454,0.492063492063492,0.4838709677419355,0.6451612903225806,0.5555555555555556,0.5465522720050843,0.5441628264208909,4,2026-10-06T142958Z,2026-10-06T17:24:58.165863+00:00,2026-09-30
KVYO,"Klaviyo, Inc.",Technology,Software - Application,0.1010486177311725,0.3508102955195424,0.1982840800762631,0.1858407079646017,0.9424778761061948,0.4734513274336283,0.6785714285714286,0.21671433110899266,0.5700853350189634,4,2026-10-06T142958Z,2026-10-06T17:24:58.165863+00:00,2026-09-30
LAD,"Lithia Motors, Inc.",Consumer Cyclical,Auto & Truck Dealerships,0.555767397521449,0.8779790276453765,0.4280266920877025,0.1886792452830188,0.3291139240506329,0.050314465408805,0.1823899371069182,0.6205910390848427,0.18762439296234373,4,2026-10-06T142958Z,2026-10-06T17:24:58.165863+00:00,2026-09-30
LASR,"nLIGHT, Inc.",Technology,Semiconductors,0.6816015252621545,0.0133460438512869,0.0133460438512869,0.1327433628318584,0.2389380530973451,0.3761061946902654,0.8348214285714286,0.23609787098824275,0.39565225979772434,4,2026-10-06T142958Z,2026-10-06T17:24:58.165863+00:00,2026-09-30
LAUR,"Laureate Education, Inc.",Consumer Defensive,Education & Training Services,0.5128693994280267,0.4089609151572926,0.6854146806482364,0.8888888888888888,0.2903225806451613,0.7419354838709677,0.6507936507936508,0.5357483317445185,0.6429851510496671,4,2026-10-06T142958Z,2026-10-06T17:24:58.165863+00:00,2026-09-30
LB,LandBridge Company LLC,Energy,Oil & Gas E&P,0.7998093422306959,0.7292659675881792,0.8255481410867492,0.3013698630136986,0.6301369863013698,0.9931506849315068,0.25,0.7848744836352082,0.5436643835616438,4,2026-10-06T142958Z,2026-10-06T17:24:58.165863+00:00,2026-09-30
LBRT,Liberty Energy Inc.,Energy,Oil & Gas Equipment & Services,0.8388941849380362,0.0295519542421353,0.0915157292659675,0.3150684931506849,0.1232876712328767,0.136986301369863,0.2916666666666667,0.31998728948204636,0.2167522831050228,4,2026-10-06T142958Z,2026-10-06T17:24:58.165863+00:00,2026-09-30
LDOS,"Leidos Holdings, Inc.",Technology,Information Technology Services,0.0638703527168732,0.0877025738798856,0.1172545281220209,0.6548672566371682,0.2654867256637168,0.3451327433628318,0.1473214285714285,0.08960915157292658,0.3532020385587863,4,2026-10-06T142958Z,2026-10-06T17:24:58.165863+00:00,2026-09-30
LEA,Lear Corporation,Consumer Cyclical,Auto Parts,0.663489037178265,0.5433746425166825,0.3784556720686368,0.3018867924528302,0.050632911392405,0.2389937106918239,0.8867924528301887,0.5284397839211948,0.36957646684181195,4,2026-10-06T142958Z,2026-10-06T17:24:58.165863+00:00,2026-09-30
LECO,"Lincoln Electric Holdings, Inc.",Industrials,Tools & Accessories,0.5586272640610105,0.5967588179218303,0.6034318398474738,0.9107981220657276,0.909952606635071,0.6666666666666666,0.4788732394366197,0.5862726406101049,0.7415726587010212,4,2026-10-06T142958Z,2026-10-06T17:24:58.165863+00:00,2026-09-30
LEGN,Legend Biotech Corporation,Healthcare,Biotechnology,0.0591039084842707,0.6101048617731173,0.1429933269780743,0.3037974683544304,0.7352941176470589,0.1666666666666666,0.6772151898734177,0.27073403241182076,0.47074336063539335,4,2026-10-06T142958Z,2026-10-06T17:24:58.165863+00:00,2026-09-30
LEN,Lennar Corporation,Consumer Cyclical,Residential Construction,0.0581506196377502,0.2497616777883698,0.09628217349857,0.3081761006289308,0.0949367088607595,0.6855345911949685,0.8805031446540881,0.13473149030823,0.4922876363346867,4,2026-10-06T142958Z,2026-10-06T17:24:58.165863+00:00,2026-09-30
LEU,Centrus Energy Corp.,Energy,Uranium,0.0133460438512869,0.1858913250714966,0.0314585319351763,0.2602739726027397,0.0684931506849315,0.0821917808219178,0.1527777777777778,0.07689863361931994,0.1409341704718417,4,2026-10-06T142958Z,2026-10-06T17:24:58.165863+00:00,2026-09-30
LEVI,Levi Strauss & Co.,Consumer Cyclical,Apparel Manufacturing,0.1954242135367016,0.4575786463298379,0.3460438512869399,0.6855345911949685,0.8734177215189873,0.5660377358490566,0.6415094339622641,0.3330155703844931,0.691624870631319,4,2026-10-06T142958Z,2026-10-06T17:24:58.165863+00:00,2026-09-30
LFST,"LifeStance Health Group, Inc.",Healthcare,Medical Care Facilities,0.9618684461391802,0.9723546234509056,0.918970448045758,0.4873417721518987,0.3602941176470588,0.5416666666666666,0.6329113924050633,0.9510645058786147,0.5055534872176719,4,2026-10-06T142958Z,2026-10-06T17:24:58.165863+00:00,2026-09-30
LFUS,"Littelfuse, Inc.",Technology,Electronic Components,0.8341277407054337,0.6968541468064824,0.7969494756911344,0.1592920353982301,0.3761061946902654,0.4690265486725664,0.5491071428571429,0.7759771210676835,0.3883829804045512,4,2026-10-06T142958Z,2026-10-06T17:24:58.165863+00:00,2026-09-30
LH,Labcorp Holdings Inc.,Healthcare,Diagnostics & Research,0.5624404194470924,0.6854146806482364,0.7063870352716873,0.6329113924050633,0.2794117647058823,0.4722222222222222,0.3291139240506329,0.6514140451223387,0.42841482584595014,4,2026-10-06T142958Z,2026-10-06T17:24:58.165863+00:00,2026-09-30
LHX,"L3Harris Technologies, Inc.",Industrials,Aerospace & Defense,0.2183031458531935,0.0276453765490943,0.0686367969494756,0.3568075117370892,0.2085308056872037,0.676056338028169,0.596244131455399,0.10486177311725446,0.4594096967269652,4,2026-10-06T142958Z,2026-10-06T17:24:58.165863+00:00,2026-09-30
LIF,"Life360, Inc.",Technology,Software - Application,0.0133460438512869,0.4966634890371783,0.1830314585319351,0.8185840707964602,0.7300884955752213,0.4867256637168141,0.3125,0.2310136638068001,0.5869745575221239,4,2026-10-06T142958Z,2026-10-06T17:24:58.165863+00:00,2026-09-30
LII,Lennox International Inc.,Industrials,Building Products & Equipment,0.0753098188751191,0.102001906577693,0.0533841754051477,0.9624413145539906,0.8815165876777251,0.7417840375586855,0.1784037558685446,0.07689863361931994,0.6910364239147364,4,2026-10-06T142958Z,2026-10-06T17:24:58.165863+00:00,2026-09-30
LITE,Lumentum Holdings Inc.,Technology,Communication Equipment,0.9876072449952336,0.4995233555767397,0.9408960915157292,0.0154867256637168,0.1725663716814159,0.3053097345132743,0.4464285714285714,0.8093422306959009,0.2349478508217446,4,2026-10-06T142958Z,2026-10-06T17:24:58.165863+00:00,2026-09-30
LKQ,LKQ Corporation,Consumer Cyclical,Auto Parts,0.1734985700667302,0.1420400381315538,0.1086749285033365,0.2515723270440251,0.5569620253164557,0.3018867924528302,0.6226415094339622,0.14140451223387349,0.4332656635618183,4,2026-10-06T142958Z,2026-10-06T17:24:58.165863+00:00,2026-09-30
LLY,Eli Lilly and Company,Healthcare,Drug Manufacturers - General,0.7416587225929456,0.7225929456625357,0.6348903717826502,0.9620253164556962,0.7941176470588235,0.7083333333333334,0.2911392405063291,0.6997140133460439,0.6889038843385455,4,2026-10-06T142958Z,2026-10-06T17:24:58.165863+00:00,2026-09-30
LLYVK,"Liberty Live Holdings, Inc.",Communication Services,Entertainment,0.4537654909437559,0.340324118207817,0.567206863679695,0.0319148936170212,0.0333333333333333,0.1276595744680851,0.0319148936170212,0.4537654909437559,0.056205673758865204,4,2026-10-06T142958Z,2026-10-06T17:24:58.165863+00:00,2026-09-30
LMT,Lockheed Martin Corporation,Industrials,Aerospace & Defense,0.4375595805529075,0.09628217349857,0.2783603431839847,0.7746478873239436,0.2369668246445497,0.6244131455399061,0.4178403755868544,0.27073403241182076,0.5134670582738134,4,2026-10-06T142958Z,2026-10-06T17:24:58.165863+00:00,2026-09-30
LNG,"Cheniere Energy, Inc.",Energy,Oil & Gas Midstream,0.6291706387035272,0.3489037178265014,0.7235462345090562,0.4794520547945205,0.589041095890411,0.6301369863013698,0.0555555555555555,0.567206863679695,0.43854642313546427,4,2026-10-06T142958Z,2026-10-06T17:24:58.165863+00:00,2026-09-30
LNT,Alliant Energy Corporation,Utilities,Utilities - Regulated Electric,0.3908484270734032,0.2326024785510009,0.3060057197330791,0.7818181818181819,0.2592592592592592,0.9636363636363636,0.2363636363636363,0.3098188751191611,0.5602693602693603,4,2026-10-06T142958Z,2026-10-06T17:24:58.165863+00:00,2026-09-30
LOAR,Loar Holdings Inc.,Industrials,Aerospace & Defense,0.1963775023832221,0.6568160152526216,0.3136320305052431,0.2676056338028169,0.1990521327014218,0.863849765258216,0.2253521126760563,0.38894184938036225,0.3889649111096277,4,2026-10-06T142958Z,2026-10-06T17:24:58.165863+00:00,2026-09-30
LOPE,"Grand Canyon Education, Inc.",Consumer Defensive,Education & Training Services,0.0686367969494756,0.1306005719733079,0.4337464251668255,0.992063492063492,0.9193548387096774,0.9193548387096774,0.9047619047619048,0.21099459802986967,0.9338837685611878,4,2026-10-06T142958Z,2026-10-06T17:24:58.165863+00:00,2026-09-30
LOW,"Lowe's Companies, Inc.",Consumer Cyclical,Home Improvement Retail,0.1572926596758818,0.1153479504289799,0.0810295519542421,0.7861635220125787,0.7911392405063291,0.4968553459119497,0.1132075471698113,0.11789005401970126,0.5468414139001672,4,2026-10-06T142958Z,2026-10-06T17:24:58.165863+00:00,2026-09-30
LPG,Dorian LPG Ltd.,Energy,Oil & Gas Midstream,0.9313632030505244,0.9180171591992372,0.958055290753098,0.9452054794520548,0.7671232876712328,0.9041095890410958,0.3194444444444444,0.9358118843342865,0.7339707001522069,4,2026-10-06T142958Z,2026-10-06T17:24:58.165863+00:00,2026-09-30
LPX,Louisiana-Pacific Corporation,Industrials,Building Products & Equipment,0.1029551954242135,0.223069590085796,0.1734985700667302,0.1971830985915492,0.3127962085308057,0.1220657276995305,0.8309859154929577,0.16650778519224654,0.3657577375787108,4,2026-10-06T142958Z,2026-10-06T17:24:58.165863+00:00,2026-09-30
LRCX,Lam Research Corporation,Technology,Semiconductor Equipment & Materials,0.9246901811248808,0.782650142993327,0.8684461391801716,0.9690265486725664,0.8495575221238938,0.6017699115044248,0.5848214285714286,0.8585954877661264,0.7512938527180784,4,2026-10-06T142958Z,2026-10-06T17:24:58.165863+00:00,2026-09-30
LRN,"Stride, Inc.",Consumer Defensive,Education & Training Services,0.0381315538608198,0.2421353670162059,0.325071496663489,0.9047619047619048,0.5483870967741935,0.7096774193548387,0.7936507936507936,0.20177947251350492,0.7391193036354327,4,2026-10-06T142958Z,2026-10-06T17:24:58.165863+00:00,2026-09-30
LSCC,Lattice Semiconductor Corporation,Technology,Semiconductors,0.8093422306959008,0.6215443279313632,0.8131553860819828,0.3716814159292035,0.7964601769911505,0.7345132743362832,0.7901785714285714,0.748013981569749,0.6732083596713021,4,2026-10-06T142958Z,2026-10-06T17:24:58.165863+00:00,2026-09-30
LSTR,"Landstar System, Inc.",Industrials,Integrated Freight & Logistics,0.7702573879885606,0.434699714013346,0.4470924690181125,0.6150234741784038,0.8767772511848341,0.2253521126760563,0.8873239436619719,0.5506831903400063,0.6511191954253165,4,2026-10-06T142958Z,2026-10-06T17:24:58.165863+00:00,2026-09-30
LTH,"Life Time Group Holdings, Inc.",Consumer Cyclical,Leisure,0.8179218303145853,0.8970448045757865,0.8207816968541468,0.4213836477987421,0.2025316455696202,0.0157232704402515,0.3584905660377358,0.8452494439148396,0.24953228246158737,4,2026-10-06T142958Z,2026-10-06T17:24:58.165863+00:00,2026-09-30
LUMN,"Lumen Technologies, Inc. Common Stock",Communication Services,Telecom Services,0.4232602478551001,0.3813155386081983,0.0486177311725452,0.1489361702127659,0.3555555555555555,0.2978723404255319,0.3404255319148936,0.28439783921194783,0.28569739952718676,4,2026-10-06T142958Z,2026-10-06T17:24:58.165863+00:00,2026-09-30
LUV,Southwest Airlines Co.,Industrials,Airlines,0.5834127740705434,0.336510962821735,0.4165872259294566,0.2488262910798122,0.3791469194312796,0.107981220657277,0.676056338028169,0.44550365427391164,0.35300269229913445,4,2026-10-06T142958Z,2026-10-06T17:24:58.165863+00:00,2026-09-30
LVS,Las Vegas Sands Corp.,Consumer Cyclical,Resorts & Casinos,0.1429933269780743,0.0838894184938036,0.0352716873212583,0.610062893081761,0.5189873417721519,0.9308176100628932,0.1069182389937107,0.0873848109310454,0.5416965209776292,4,2026-10-06T142958Z,2026-10-06T17:24:58.165863+00:00,2026-09-30
LW,"Lamb Weston Holdings, Inc.",Consumer Defensive,Packaged Foods,0.1649189704480457,0.7416587225929456,0.451858913250715,0.3492063492063492,0.2258064516129032,0.4354838709677419,0.1269841269841269,0.45281220209723544,0.2843701996927803,4,2026-10-06T142958Z,2026-10-06T17:24:58.165863+00:00,2026-09-30
LYFT,"Lyft, Inc.",Technology,Software - Application,0.102001906577693,0.7283126787416587,0.550047664442326,0.9646017699115044,0.5752212389380531,0.4513274336283185,0.5982142857142857,0.4601207499205593,0.6473411820480404,4,2026-10-06T142958Z,2026-10-06T17:24:58.165863+00:00,2026-09-30
LYV,"Live Nation Entertainment, Inc.",Communication Services,Entertainment,0.4823641563393708,0.5243088655862727,0.5900857959961868,0.2553191489361702,0.5555555555555556,0.2340425531914893,0.4042553191489361,0.5322529393072767,0.3622931442080378,4,2026-10-06T142958Z,2026-10-06T17:24:58.165863+00:00,2026-09-30
M,"Macy's, Inc.",Consumer Cyclical,Department Stores,0.6301239275500476,0.7187797902764538,0.6196377502383222,0.3962264150943396,0.8481012658227848,0.2955974842767295,0.6729559748427673,0.6561804893549411,0.5532202850091553,4,2026-10-06T142958Z,2026-10-06T17:24:58.165863+00:00,2026-09-30
MAN,ManpowerGroup Inc.,Industrials,Staffing & Employment Services,0.8522402287893232,0.9876072449952336,0.9389895138226882,0.1690140845070422,0.8341232227488151,0.136150234741784,0.7793427230046949,0.9262789958690817,0.4796575662505841,4,2026-10-06T142958Z,2026-10-06T17:24:58.165863+00:00,2026-09-30
MANH,"Manhattan Associates, Inc.",Technology,Software - Application,0.4547187797902765,0.9199237368922784,0.8789323164918971,0.9601769911504424,0.9889380530973452,0.9026548672566372,0.6875,0.7511916110581507,0.8848174778761062,4,2026-10-06T142958Z,2026-10-06T17:24:58.165863+00:00,2026-09-30
MAR,"Marriott International, Inc.",Consumer Cyclical,Lodging,0.6339370829361296,0.2974261201143947,0.5471877979027645,0.6540880503144654,0.240506329113924,0.7610062893081762,0.1761006289308176,0.4928503336510963,0.45792532441684575,4,2026-10-06T142958Z,2026-10-06T17:24:58.165863+00:00,2026-09-30
MAS,Masco Corporation,Industrials,Building Products & Equipment,0.3603431839847474,0.6711153479504289,0.449952335557674,0.9483568075117372,0.966824644549763,0.7793427230046949,0.0516431924882629,0.4938036224976168,0.6865418418886146,4,2026-10-06T142958Z,2026-10-06T17:24:58.165863+00:00,2026-09-30
MAT,"Mattel, Inc.",Consumer Cyclical,Leisure,0.1496663489037178,0.2793136320305052,0.5309818875119161,0.5031446540880503,0.620253164556962,0.5157232704402516,0.4779874213836478,0.31998728948204636,0.5292771276172279,4,2026-10-06T142958Z,2026-10-06T17:24:58.165863+00:00,2026-09-30
MATX,"Matson, Inc.",Industrials,Marine Shipping,0.9485224022878932,0.7883698760724499,0.8741658722592945,0.7511737089201878,0.3222748815165877,0.2065727699530516,0.812206572769953,0.8703527168732125,0.523056983289945,4,2026-10-06T142958Z,2026-10-06T17:24:58.165863+00:00,2026-09-30
MBX,"MBX Biosciences, Inc.",Healthcare,Biotechnology,0.9876072449952336,0.969494756911344,0.9056244041944708,0.1518987341772152,,,0.9430379746835444,0.9542421353670161,0.5474683544303798,2,2026-10-06T142958Z,2026-10-06T17:24:58.165863+00:00,2026-09-30
MCD,McDonald's Corporation,Consumer Cyclical,Restaurants,0.213536701620591,0.100095328884652,0.1153479504289799,0.8616352201257862,0.3860759493670886,0.9748427672955976,0.0566037735849056,0.1429933269780743,0.5697894275933445,4,2026-10-06T142958Z,2026-10-06T17:24:58.165863+00:00,2026-09-30
MCHP,Microchip Technology Incorporated,Technology,Semiconductors,0.4871306005719733,0.5042897998093422,0.5919923736892279,0.3230088495575221,0.2876106194690265,0.6327433628318584,0.21875,0.5278042580235144,0.3655282079646017,4,2026-10-06T142958Z,2026-10-06T17:24:58.165863+00:00,2026-09-30
MCK,McKesson Corporation,Healthcare,Medical Distribution,0.5824594852240229,0.4775977121067683,0.6644423260247855,0.6518987341772152,0.1985294117647058,0.2430555555555555,0.7151898734177216,0.574833174451859,0.4521683937287995,4,2026-10-06T142958Z,2026-10-06T17:24:58.165863+00:00,2026-09-30
MD,"Pediatrix Medical Group, Inc.",Healthcare,Medical Care Facilities,0.8188751191611058,0.7092469018112488,0.7321258341277407,0.7721518987341772,0.3529411764705882,0.5763888888888888,0.4556962025316455,0.7534159517000317,0.539294541656325,4,2026-10-06T142958Z,2026-10-06T17:24:58.165863+00:00,2026-09-30
MDGL,"Madrigal Pharmaceuticals, Inc.",Healthcare,Biotechnology,0.5700667302192565,0.3222116301239275,0.4108674928503336,0.1329113924050632,0.9889705882352942,0.1527777777777778,0.5,0.4343819510645059,0.4436649396045338,4,2026-10-06T142958Z,2026-10-06T17:24:58.165863+00:00,2026-09-30
MDLZ,"Mondelez International, Inc.",Consumer Defensive,Confectioners,0.3527168732125834,0.4413727359389895,0.4918970448045758,0.4126984126984127,0.1451612903225806,0.4193548387096774,0.6349206349206349,0.4286622179853829,0.40303379416282636,4,2026-10-06T142958Z,2026-10-06T17:24:58.165863+00:00,2026-09-30
MDU,"MDU Resources Group, Inc.",Utilities,Utilities - Regulated Gas,0.4947569113441373,0.1839847473784556,0.2907530981887511,0.4727272727272727,0.3148148148148148,0.3454545454545454,0.8727272727272727,0.323164918970448,0.5014309764309764,4,2026-10-06T142958Z,2026-10-06T17:24:58.165863+00:00,2026-09-30
MEDP,"Medpace Holdings, Inc.",Healthcare,Diagnostics & Research,0.4594852240228789,0.661582459485224,0.8217349857006673,0.990506329113924,0.6470588235294118,0.8611111111111112,0.8354430379746836,0.6476008897362567,0.8335298254322826,4,2026-10-06T142958Z,2026-10-06T17:24:58.165863+00:00,2026-09-30
META,"Meta Platforms, Inc.",Communication Services,Internet Content & Information,0.1744518589132507,0.4566253574833174,0.8169685414680649,0.8723404255319149,0.7777777777777778,0.6382978723404256,0.6808510638297872,0.48268191928821097,0.7423167848699763,4,2026-10-06T142958Z,2026-10-06T17:24:58.165863+00:00,2026-09-30
MGM,MGM Resorts International,Consumer Cyclical,Resorts & Casinos,0.5510009532888466,0.4976167778836987,0.0629170638703527,0.1383647798742138,0.2341772151898734,0.5534591194968553,0.1194968553459119,0.37051159834763264,0.2613744924767136,4,2026-10-06T142958Z,2026-10-06T17:24:58.165863+00:00,2026-09-30
MGNI,"Magnite, Inc.",Communication Services,Advertising Agencies,0.5872259294566253,0.9742612011439468,0.9475691134413728,0.7446808510638298,0.2222222222222222,0.7872340425531915,0.8936170212765957,0.836352081347315,0.6619385342789599,4,2026-10-06T142958Z,2026-10-06T17:24:58.165863+00:00,2026-09-30
MGY,Magnolia Oil & Gas Corporation,Energy,Oil & Gas E&P,0.5662535748331744,0.1334604385128694,0.2678741658722593,0.9178082191780822,0.863013698630137,0.9452054794520548,0.8888888888888888,0.3225293930727677,0.9037290715372907,4,2026-10-06T142958Z,2026-10-06T17:24:58.165863+00:00,2026-09-30
MHK,"Mohawk Industries, Inc.",Consumer Cyclical,"Furnishings, Fixtures & Appliances",0.3489037178265014,0.8083889418493804,0.667302192564347,0.2767295597484276,0.2594936708860759,0.4779874213836478,0.8742138364779874,0.6081982840800763,0.4721061221240347,4,2026-10-06T142958Z,2026-10-06T17:24:58.165863+00:00,2026-09-30
MHO,"M/I Homes, Inc.",Consumer Cyclical,Residential Construction,0.330791229742612,0.6644423260247855,0.3832221163012392,0.4968553459119497,0.2658227848101265,0.3081761006289308,0.8301886792452831,0.4594852240228789,0.4752607276490725,4,2026-10-06T142958Z,2026-10-06T17:24:58.165863+00:00,2026-09-30
MIDD,The Middleby Corporation,Industrials,Specialty Industrial Machinery,0.3393708293612965,0.3632030505243088,0.1820781696854146,0.0328638497652582,0.5734597156398105,0.7511737089201878,0.3098591549295774,0.2948840165236733,0.41683910731370843,4,2026-10-06T142958Z,2026-10-06T17:24:58.165863+00:00,2026-09-30
MIR,"Mirion Technologies, Inc.",Industrials,Specialty Industrial Machinery,0.0800762631077216,0.1325071496663489,0.0800762631077216,0.1502347417840375,0.2132701421800948,0.6995305164319249,0.3615023474178404,0.09755322529393069,0.35613443695347435,4,2026-10-06T142958Z,2026-10-06T17:24:58.165863+00:00,2026-09-30
MKC,"McCormick & Company, Incorporated",Consumer Defensive,Packaged Foods,0.1239275500476644,0.4175405147759771,0.1334604385128694,0.6825396825396826,0.1612903225806451,0.6935483870967742,0.6825396825396826,0.22497616777883697,0.5549795186891961,4,2026-10-06T142958Z,2026-10-06T17:24:58.165863+00:00,2026-09-30
MKSI,MKS Inc.,Technology,Scientific & Technical Instruments,0.8951382268827455,0.4204003813155386,0.5681601525262154,0.4380530973451327,0.3053097345132743,0.3185840707964602,0.1116071428571428,0.6278995869081665,0.2933885113780025,4,2026-10-06T142958Z,2026-10-06T17:24:58.165863+00:00,2026-09-30
MLI,"Mueller Industries, Inc.",Industrials,Metal Fabrication,0.6205910390848427,0.5424213536701621,0.5376549094375596,0.988262910798122,0.7962085308056872,0.755868544600939,0.988262910798122,0.5668891007308547,0.8821507242507176,4,2026-10-06T142958Z,2026-10-06T17:24:58.165863+00:00,2026-09-30
MLM,"Martin Marietta Materials, Inc.",Basic Materials,Building Materials,0.1353670162059103,0.1010486177311725,0.1296472831267874,0.8909090909090909,0.1454545454545454,0.7454545454545455,0.4909090909090909,0.12202097235462339,0.5681818181818181,4,2026-10-06T142958Z,2026-10-06T17:24:58.165863+00:00,2026-09-30
MMM,3M Company,Industrials,Conglomerates,0.4213536701620591,0.6310772163965681,0.553860819828408,0.6525821596244131,0.7109004739336493,0.7981220657276995,0.3380281690140845,0.5354305687956784,0.6249082170749616,4,2026-10-06T142958Z,2026-10-06T17:24:58.165863+00:00,2026-09-30
MMS,"Maximus, Inc.",Industrials,Specialty Business Services,0.0524308865586272,0.1811248808388942,0.111534795042898,0.6619718309859155,0.7630331753554502,0.4647887323943662,0.2629107981220657,0.11503018748013981,0.5381761342144494,4,2026-10-06T142958Z,2026-10-06T17:24:58.165863+00:00,2026-09-30
MMSI,"Merit Medical Systems, Inc.",Healthcare,Medical Instruments & Supplies,0.4127740705433746,0.76930409914204,0.7530981887511916,0.6265822784810127,0.4485294117647059,0.5902777777777778,0.4746835443037974,0.6450587861455354,0.5350182530818234,4,2026-10-06T142958Z,2026-10-06T17:24:58.165863+00:00,2026-09-30
MNST,Monster Beverage Corporation,Consumer Defensive,Beverages - Non-Alcoholic,0.657769304099142,0.6501429933269781,0.55767397521449,0.9365079365079364,0.6774193548387096,0.935483870967742,0.992063492063492,0.6218620908802034,0.88536866359447,4,2026-10-06T142958Z,2026-10-06T17:24:58.165863+00:00,2026-09-30
MO,"Altria Group, Inc.",Consumer Defensive,Tobacco,0.4652049571020019,0.4356530028598665,0.5805529075309819,0.9682539682539684,0.6451612903225806,0.9919354838709676,0.0238095238095238,0.4938036224976168,0.65729006656426,4,2026-10-06T142958Z,2026-10-06T17:24:58.165863+00:00,2026-09-30
MOD,Modine Manufacturing Company,Consumer Cyclical,Auto Parts,0.6215443279313632,0.1163012392755004,0.1687321258341277,0.4339622641509434,0.4050632911392405,0.1886792452830188,0.8679245283018868,0.3021925643469971,0.4739073322187724,4,2026-10-06T142958Z,2026-10-06T17:24:58.165863+00:00,2026-09-30
MOG-A,Moog Inc.,Industrials,Aerospace & Defense,0.8913250714966635,0.7102001906577693,0.7168732125834127,0.6244131455399061,0.6208530805687204,0.4553990610328638,0.6056338028169014,0.7727994915792818,0.5765747724895979,4,2026-10-06T142958Z,2026-10-06T17:24:58.165863+00:00,2026-09-30
MOH,"Molina Healthcare, Inc.",Healthcare,Healthcare Plans,0.3794089609151573,0.8436606291706387,0.6358436606291706,0.3860759493670886,0.2867647058823529,0.2152777777777778,0.5569620253164557,0.6196377502383222,0.36127011458591873,4,2026-10-06T142958Z,2026-10-06T17:24:58.165863+00:00,2026-09-30
MOS,The Mosaic Company,Basic Materials,Agricultural Inputs,0.09628217349857,0.2631077216396568,0.2163965681601525,0.1272727272727272,0.0727272727272727,0.0272727272727272,0.6,0.19192882109945977,0.20681818181818176,4,2026-10-06T142958Z,2026-10-06T17:24:58.165863+00:00,2026-09-30
MP,MP Materials Corp.,Basic Materials,Other Industrial Metals & Mining,0.098188751191611,0.4080076263107721,0.1277407054337464,0.2,0.0272727272727272,0.0272727272727272,0.5636363636363636,0.21131236097870984,0.2045454545454545,4,2026-10-06T142958Z,2026-10-06T17:24:58.165863+00:00,2026-09-30
MPC,Marathon Petroleum Corporation,Energy,Oil & Gas Refining & Marketing,0.9342230695900858,0.9122974261201144,0.9876072449952336,0.7945205479452054,0.6986301369863014,0.4657534246575342,0.2777777777777778,0.9447092469018114,0.5591704718417047,4,2026-10-06T142958Z,2026-10-06T17:24:58.165863+00:00,2026-09-30
MPWR,"Monolithic Power Systems, Inc.",Technology,Semiconductors,0.6644423260247855,0.3546234509056244,0.776930409914204,0.8761061946902655,0.6769911504424779,0.5088495575221239,0.9888392857142856,0.5986653956148713,0.7626965470922882,4,2026-10-06T142958Z,2026-10-06T17:24:58.165863+00:00,2026-09-30
MRCY,"Mercury Systems, Inc.",Industrials,Aerospace & Defense,0.3641563393708293,0.5395614871306006,0.2631077216396568,0.0985915492957746,0.1279620853080568,0.3896713615023474,0.704225352112676,0.3889418493803622,0.3301125870547137,4,2026-10-06T142958Z,2026-10-06T17:24:58.165863+00:00,2026-09-30
MRK,"Merck & Co., Inc.",Healthcare,Drug Manufacturers - General,0.8798856053384175,0.7349857006673022,0.7673975214489991,0.4936708860759494,0.6397058823529411,0.8402777777777778,0.2278481012658227,0.7940896091515729,0.5503756618681227,4,2026-10-06T142958Z,2026-10-06T17:24:58.165863+00:00,2026-09-30
MRNA,"Moderna, Inc.",Healthcare,Biotechnology,0.9876072449952336,0.9876072449952336,0.9876072449952336,0.120253164556962,0.0367647058823529,0.0833333333333333,0.7341772151898734,0.9876072449952336,0.2436321047406304,4,2026-10-06T142958Z,2026-10-06T17:24:58.165863+00:00,2026-09-30
MRVI,"Maravai LifeSciences Holdings, Inc.",Healthcare,Biotechnology,0.9685414680648236,0.9876072449952336,0.9876072449952336,0.240506329113924,0.0514705882352941,0.1388888888888889,0.4493670886075949,0.9812519860184302,0.22005822371142547,4,2026-10-06T142958Z,2026-10-06T17:24:58.165863+00:00,2026-09-30
MRVL,"Marvell Technology, Inc.",Technology,Semiconductors,0.9628217349857008,0.9637750238322212,0.9876072449952336,0.6902654867256637,0.1946902654867256,0.5265486725663717,0.5178571428571429,0.9714013346043853,0.48234039190897593,4,2026-10-06T142958Z,2026-10-06T17:24:58.165863+00:00,2026-09-30
MSA,MSA Safety Incorporated,Industrials,Security & Protection Services,0.436606291706387,0.5786463298379408,0.5929456625357483,0.8732394366197183,0.8293838862559242,0.8732394366197183,0.5915492957746479,0.5360660946933588,0.7918530138175022,4,2026-10-06T142958Z,2026-10-06T17:24:58.165863+00:00,2026-09-30
MSFT,Microsoft Corporation,Technology,Software - Infrastructure,0.319351763584366,0.8236415633937083,0.8493803622497617,0.8849557522123894,0.4911504424778761,0.5752212389380531,0.6964285714285714,0.6641245630759453,0.6619390012642226,4,2026-10-06T142958Z,2026-10-06T17:24:58.165863+00:00,2026-09-30
MSGE,Madison Square Garden Entertainment Corp.,Communication Services,Entertainment,0.8512869399428027,0.7588179218303146,0.8074356530028599,0.4680851063829787,0.5111111111111111,0.8723404255319149,0.1702127659574468,0.8058468382586591,0.5054373522458628,4,2026-10-06T142958Z,2026-10-06T17:24:58.165863+00:00,2026-09-30
MSGS,Madison Square Garden Sports Corp.,Communication Services,Entertainment,0.8484270734032412,0.655862726406101,0.782650142993327,0.2765957446808511,0.4444444444444444,0.2553191489361702,0.0638297872340425,0.7623133142675563,0.26004728132387706,4,2026-10-06T142958Z,2026-10-06T17:24:58.165863+00:00,2026-09-30
MSI,"Motorola Solutions, Inc.",Technology,Communication Equipment,0.4041944709246902,0.4671115347950429,0.6215443279313632,0.7389380530973452,0.5442477876106194,0.6415929203539823,0.0758928571428571,0.4976167778836988,0.500167904551201,4,2026-10-06T142958Z,2026-10-06T17:24:58.165863+00:00,2026-09-30
MSTR,Strategy Inc,Technology,Software - Application,0.0133460438512869,0.5719733079122974,0.8398474737845567,0.0154867256637168,0.0154867256637168,0.0154867256637168,0.625,0.47505560851604695,0.1678650442477876,4,2026-10-06T142958Z,2026-10-06T17:24:58.165863+00:00,2026-09-30
MTCH,"Match Group, Inc.",Communication Services,Internet Content & Information,0.6081982840800763,0.7893231649189705,0.7683508102955195,0.8936170212765957,0.9111111111111112,0.9148936170212766,0.0319148936170212,0.7219574197648554,0.6878841607565012,4,2026-10-06T142958Z,2026-10-06T17:24:58.165863+00:00,2026-09-30
MTDR,Matador Resources Company,Energy,Oil & Gas E&P,0.7407054337464252,0.2335557673975214,0.5252621544327931,0.4520547945205479,0.6027397260273972,0.0958904109589041,0.3611111111111111,0.49984111852557983,0.3779490106544901,4,2026-10-06T142958Z,2026-10-06T17:24:58.165863+00:00,2026-09-30
MTH,Meritage Homes Corporation,Consumer Cyclical,Residential Construction,0.2554814108674929,0.4766444232602478,0.2688274547187798,0.3522012578616352,0.0886075949367088,0.490566037735849,0.7861635220125787,0.3336510962821735,0.4293846031366929,4,2026-10-06T142958Z,2026-10-06T17:24:58.165863+00:00,2026-09-30
MTN,"Vail Resorts, Inc.",Consumer Cyclical,Resorts & Casinos,0.2535748331744518,0.4547187797902765,0.5700667302192565,0.1949685534591195,0.2911392405063291,0.4150943396226415,0.2578616352201258,0.4261201143946616,0.289765942202054,4,2026-10-06T142958Z,2026-10-06T17:24:58.165863+00:00,2026-09-30
MTRN,Materion Corporation,Basic Materials,Other Industrial Metals & Mining,0.9180171591992372,0.9132507149666348,0.9723546234509056,0.509090909090909,0.5454545454545454,0.2,0.5454545454545454,0.934540832538926,0.44999999999999996,4,2026-10-06T142958Z,2026-10-06T17:24:58.165863+00:00,2026-09-30
MTSI,"MACOM Technology Solutions Holdings, Inc.",Technology,Semiconductors,0.9294566253574832,0.5376549094375596,0.8341277407054337,0.7566371681415929,0.5221238938053098,0.336283185840708,0.5535714285714286,0.7670797585001589,0.5421539190897597,4,2026-10-06T142958Z,2026-10-06T17:24:58.165863+00:00,2026-09-30
MTX,Minerals Technologies Inc.,Basic Materials,Specialty Chemicals,0.5033365109628217,0.3851286939942803,0.319351763584366,0.1818181818181818,0.4181818181818181,0.4727272727272727,0.5272727272727272,0.4026056561804894,0.3999999999999999,4,2026-10-06T142958Z,2026-10-06T17:24:58.165863+00:00,2026-09-30
MTZ,"MasTec, Inc.",Industrials,Engineering & Construction,0.4204003813155386,0.0133460438512869,0.0371782650142993,0.3943661971830985,0.4218009478672986,0.1784037558685446,0.4929577464788732,0.1569748967270416,0.3718821618494537,4,2026-10-06T142958Z,2026-10-06T17:24:58.165863+00:00,2026-09-30
MU,"Micron Technology, Inc.",Technology,Semiconductors,0.9876072449952336,0.9876072449952336,0.9656816015252622,0.9889380530973452,0.8716814159292036,0.827433628318584,0.7589285714285714,0.9802986971719098,0.861745417193426,4,2026-10-06T142958Z,2026-10-06T17:24:58.165863+00:00,2026-09-30
MUR,Murphy Oil Corporation,Energy,Oil & Gas E&P,0.6777883698760725,0.1582459485224022,0.6663489037178265,0.3287671232876712,0.3698630136986301,0.547945205479452,0.6111111111111112,0.5007944073721003,0.4644216133942161,4,2026-10-06T142958Z,2026-10-06T17:24:58.165863+00:00,2026-09-30
MUSA,Murphy USA Inc.,Consumer Cyclical,Specialty Retail,0.678741658722593,0.3565300285986654,0.5367016205910391,0.7924528301886793,0.7531645569620253,0.1698113207547169,0.3270440251572327,0.5239911026374325,0.5106181832656635,4,2026-10-06T142958Z,2026-10-06T17:24:58.165863+00:00,2026-09-30
MWA,"Mueller Water Products, Inc.",Industrials,Specialty Industrial Machinery,0.2526215443279314,0.1143946615824594,0.1401334604385128,0.8309859154929577,0.7251184834123223,0.6713615023474179,0.6619718309859155,0.16904988878296787,0.7223594330596533,4,2026-10-06T142958Z,2026-10-06T17:24:58.165863+00:00,2026-09-30
MXL,"MaxLinear, Inc.",Technology,Semiconductors,0.9876072449952336,0.9876072449952336,0.9876072449952336,0.0442477876106194,0.7035398230088495,0.1017699115044247,0.5446428571428571,0.9876072449952336,0.3485500948166877,4,2026-10-06T142958Z,2026-10-06T17:24:58.165863+00:00,2026-09-30
MYRG,MYR Group Inc.,Industrials,Engineering & Construction,0.7254528122020972,0.2802669208770257,0.2926596758817922,0.7323943661971831,0.7393364928909952,0.2957746478873239,0.9295774647887324,0.432793136320305,0.6742707429410587,4,2026-10-06T142958Z,2026-10-06T17:24:58.165863+00:00,2026-09-30
MZTI,The Marzetti Company,Consumer Defensive,Packaged Foods,0.0467111534795042,0.0343183984747378,0.0753098188751191,0.8571428571428571,0.4677419354838709,0.5645161290322581,0.873015873015873,0.05211312360978704,0.6906041986687148,4,2026-10-06T142958Z,2026-10-06T17:24:58.165863+00:00,2026-09-30
NATL,NCR Atleos Corporation,Technology,Software - Application,0.5195424213536701,0.3755958055290753,0.5853193517635844,0.3451327433628318,0.252212389380531,0.1504424778761062,0.0580357142857142,0.4934858595487766,0.2014558312262958,4,2026-10-06T142958Z,2026-10-06T17:24:58.165863+00:00,2026-09-30
NBIX,"Neurocrine Biosciences, Inc.",Healthcare,Drug Manufacturers - Specialty & Generic,0.5176358436606292,0.6606291706387035,0.4413727359389895,0.8734177215189873,0.8823529411764706,0.8680555555555556,0.7974683544303798,0.5398792500794407,0.8553236431703484,4,2026-10-06T142958Z,2026-10-06T17:24:58.165863+00:00,2026-09-30
NCLH,Norwegian Cruise Line Holdings Ltd.,Consumer Cyclical,Travel Services,0.0476644423260247,0.0676835081029551,0.0667302192564347,0.2578616352201258,0.1835443037974683,0.0157232704402515,0.1949685534591195,0.0606927232284715,0.16302444072924127,4,2026-10-06T142958Z,2026-10-06T17:24:58.165863+00:00,2026-09-30
NCNO,"nCino, Inc.",Technology,Software - Application,0.2316491897044804,0.8112488083889419,0.5738798856053384,0.243362831858407,0.3495575221238938,0.6106194690265486,0.4910714285714285,0.5389259612329202,0.4236528128950695,4,2026-10-06T142958Z,2026-10-06T17:24:58.165863+00:00,2026-09-30
NDSN,Nordson Corporation,Industrials,Specialty Industrial Machinery,0.7121067683508103,0.6739752144899904,0.797902764537655,0.7136150234741784,0.7014218009478673,0.9530516431924884,0.4694835680751174,0.7279949157928186,0.7093930089224129,4,2026-10-06T142958Z,2026-10-06T17:24:58.165863+00:00,2026-09-30
NE,Noble Corporation plc,Energy,Oil & Gas Drilling,0.8646329837940896,0.2449952335557674,0.5100095328884652,0.273972602739726,0.136986301369863,0.5205479452054794,0.5,0.5398792500794407,0.3578767123287671,4,2026-10-06T142958Z,2026-10-06T17:24:58.165863+00:00,2026-09-30
NEE,"NextEra Energy, Inc.",Utilities,Utilities - Regulated Electric,0.4566253574833174,0.1687321258341277,0.2183031458531935,0.8727272727272727,0.2407407407407407,0.9090909090909092,0.2909090909090909,0.28122020972354617,0.5783670033670034,4,2026-10-06T142958Z,2026-10-06T17:24:58.165863+00:00,2026-09-30
NEM,Newmont Corporation,Basic Materials,Gold,0.7940896091515729,0.6091515729265967,0.5967588179218303,0.9454545454545454,0.8,0.990909090909091,0.8727272727272727,0.6666666666666666,0.9022727272727272,4,2026-10-06T142958Z,2026-10-06T17:24:58.165863+00:00,2026-09-30
NEOG,Neogen Corporation,Healthcare,Medical Devices,0.9275500476644424,0.6911344137273594,0.8913250714966635,0.379746835443038,0.0588235294117647,0.3194444444444444,0.5759493670886076,0.836669844296155,0.3334910440969637,4,2026-10-06T142958Z,2026-10-06T17:24:58.165863+00:00,2026-09-30
NET,"Cloudflare, Inc.",Technology,Software - Infrastructure,0.6282173498570067,0.7940896091515729,0.9618684461391802,0.1061946902654867,0.4424778761061947,0.3584070796460177,0.0446428571428571,0.7947251350492532,0.23793062579013904,4,2026-10-06T142958Z,2026-10-06T17:24:58.165863+00:00,2026-09-30
NFG,National Fuel Gas Company,Energy,Oil & Gas Integrated,0.2488083889418493,0.1410867492850333,0.315538608198284,0.6164383561643836,0.3835616438356164,0.5068493150684932,0.3055555555555556,0.23514458214172218,0.4531012176560122,4,2026-10-06T142958Z,2026-10-06T17:24:58.165863+00:00,2026-09-30
NFLX,"Netflix, Inc.",Communication Services,Entertainment,0.0743565300285986,0.0915157292659675,0.1029551954242135,0.9148936170212766,0.7111111111111111,0.7446808510638298,0.7021276595744681,0.08960915157292654,0.7682033096926715,4,2026-10-06T142958Z,2026-10-06T17:24:58.165863+00:00,2026-09-30
NGVT,Ingevity Corporation,Basic Materials,Specialty Chemicals,0.5996186844613918,0.2888465204957102,0.5891325071496664,0.4181818181818181,0.8363636363636363,0.8181818181818182,0.0272727272727272,0.49253257070225615,0.525,4,2026-10-06T142958Z,2026-10-06T17:24:58.165863+00:00,2026-09-30
NI,NiSource Inc.,Utilities,Utilities - Regulated Gas,0.315538608198284,0.1439466158245948,0.2354623450905624,0.4181818181818181,0.6111111111111112,0.3090909090909091,0.3818181818181818,0.23164918970448042,0.430050505050505,4,2026-10-06T142958Z,2026-10-06T17:24:58.165863+00:00,2026-09-30
NJR,New Jersey Resources Corporation,Utilities,Utilities - Regulated Gas,0.5357483317445186,0.2621544327931363,0.3956148713060057,0.9454545454545454,0.7222222222222222,0.6909090909090909,0.2181818181818181,0.3978392119478869,0.6441919191919192,4,2026-10-06T142958Z,2026-10-06T17:24:58.165863+00:00,2026-09-30
NKE,"NIKE, Inc.",Consumer Cyclical,Footwear & Accessories,0.0276453765490943,0.1496663489037178,0.0324118207816968,0.6037735849056604,0.759493670886076,0.3144654088050314,0.7484276729559748,0.0699078487448363,0.6065400843881856,4,2026-10-06T142958Z,2026-10-06T17:24:58.165863+00:00,2026-09-30
NOC,Northrop Grumman Corporation,Industrials,Aerospace & Defense,0.21163012392755,0.0457578646329837,0.1010486177311725,0.704225352112676,0.3033175355450237,0.4741784037558685,0.4413145539906103,0.11947886876390207,0.4807589613510446,4,2026-10-06T142958Z,2026-10-06T17:24:58.165863+00:00,2026-09-30
NOG,"Northern Oil and Gas, Inc.",Energy,Oil & Gas E&P,0.4957102001906577,0.1925643469971401,0.5862726406101049,0.0205479452054794,0.4657534246575342,0.1095890410958904,0.1388888888888889,0.4248490625993009,0.18369482496194822,4,2026-10-06T142958Z,2026-10-06T17:24:58.165863+00:00,2026-09-30
NOV,NOV Inc.,Energy,Oil & Gas Equipment & Services,0.8455672068636797,0.5948522402287894,0.5386081982840801,0.1643835616438356,0.6438356164383562,0.3424657534246575,0.6666666666666666,0.6596758817921832,0.454337899543379,4,2026-10-06T142958Z,2026-10-06T17:24:58.165863+00:00,2026-09-30
NOVT,Novanta Inc.,Technology,Scientific & Technical Instruments,0.7454718779790277,0.7254528122020972,0.646329837940896,0.3053097345132743,0.3141592920353982,0.3274336283185841,0.6116071428571429,0.7057515093740069,0.38962744943109984,4,2026-10-06T142958Z,2026-10-06T17:24:58.165863+00:00,2026-09-30
NOW,"ServiceNow, Inc.",Technology,Software - Application,0.1267874165872259,0.8493803622497617,0.8112488083889419,0.4867256637168141,0.672566371681416,0.8672566371681416,0.3571428571428571,0.5958055290753098,0.5959228824273072,4,2026-10-06T142958Z,2026-10-06T17:24:58.165863+00:00,2026-09-30
NRG,"NRG Energy, Inc.",Utilities,Utilities - Independent Power Producers,0.0610104861773117,0.0381315538608198,0.0133460438512869,0.2727272727272727,0.9074074074074074,0.8,0.0727272727272727,0.03749602796313947,0.5132154882154882,4,2026-10-06T142958Z,2026-10-06T17:24:58.165863+00:00,2026-09-30
NSC,Norfolk Southern Corporation,Industrials,Railroads,0.4728312678741658,0.5891325071496664,0.546234509056244,0.5023474178403756,0.0900473933649289,0.6948356807511737,0.3192488262910798,0.5360660946933588,0.4016198295618895,4,2026-10-06T142958Z,2026-10-06T17:24:58.165863+00:00,2026-09-30
NSIT,"Insight Enterprises, Inc.",Technology,Electronics & Computer Distribution,0.7397521448999047,0.9876072449952336,0.9590085795996188,0.2389380530973451,0.1769911504424778,0.1725663716814159,0.5892857142857143,0.8954559898315857,0.29444532237673826,4,2026-10-06T142958Z,2026-10-06T17:24:58.165863+00:00,2026-09-30
NTAP,"NetApp, Inc.",Technology,Software - Infrastructure,0.8131553860819828,0.9532888465204956,0.973307912297426,0.8053097345132744,0.8008849557522124,0.6592920353982301,0.4285714285714285,0.9132507149666349,0.6735145385587863,4,2026-10-06T142958Z,2026-10-06T17:24:58.165863+00:00,2026-09-30
NTCT,"NetScout Systems, Inc.",Technology,Software - Infrastructure,0.7426120114394662,0.6034318398474738,0.8007626310772163,0.4513274336283185,0.4778761061946903,0.8407079646017699,0.9017857142857144,0.7156021607880522,0.6679243046776233,4,2026-10-06T142958Z,2026-10-06T17:24:58.165863+00:00,2026-09-30
NTNX,"Nutanix, Inc.",Technology,Software - Infrastructure,0.2087702573879885,0.9332697807435651,0.9399428026692088,0.9889380530973452,0.8982300884955752,0.8539823008849557,0.3035714285714285,0.6939942802669208,0.7611804677623262,4,2026-10-06T142958Z,2026-10-06T17:24:58.165863+00:00,2026-09-30
NTRA,"Natera, Inc.",Healthcare,Diagnostics & Research,0.9332697807435651,0.907530981887512,0.9876072449952336,0.2784810126582278,0.8970588235294118,0.2638888888888889,0.7721518987341772,0.9428026692087702,0.5528951559526765,4,2026-10-06T142958Z,2026-10-06T17:24:58.165863+00:00,2026-09-30
NUE,Nucor Corporation,Basic Materials,Steel,0.9103908484270734,0.897998093422307,0.8064823641563393,0.7272727272727273,0.4545454545454545,0.4181818181818181,0.6545454545454545,0.8716237686685733,0.5636363636363635,4,2026-10-06T142958Z,2026-10-06T17:24:58.165863+00:00,2026-09-30
NVDA,NVIDIA Corporation,Technology,Semiconductors,0.5738798856053384,0.7540514775977121,0.8284080076263107,0.9889380530973452,0.9601769911504424,0.9646017699115044,0.6428571428571429,0.7187797902764537,0.8891434892541087,4,2026-10-06T142958Z,2026-10-06T17:24:58.165863+00:00,2026-09-30
NVST,Envista Holdings Corporation,Healthcare,Medical Instruments & Supplies,0.6854146806482364,0.4604385128693994,0.2774070543374642,0.430379746835443,0.4705882352941176,0.5,0.4810126582278481,0.4744200826183667,0.4704951600893522,4,2026-10-06T142958Z,2026-10-06T17:24:58.165863+00:00,2026-09-30
NWE,"NorthWestern Energy Group, Inc.",Utilities,Utilities - Regulated Electric,0.6491897044804575,0.438512869399428,0.5166825548141086,0.2181818181818181,0.7407407407407407,0.5454545454545454,0.6727272727272727,0.5347950428979981,0.5442760942760942,4,2026-10-06T142958Z,2026-10-06T17:24:58.165863+00:00,2026-09-30
NWL,Newell Brands Inc.,Consumer Defensive,Household & Personal Products,0.6043851286939943,0.9466158245948524,0.8322211630123928,0.0952380952380952,0.3870967741935484,0.1451612903225806,0.1587301587301587,0.7944073721004132,0.19655657962109574,4,2026-10-06T142958Z,2026-10-06T17:24:58.165863+00:00,2026-09-30
NWS,News Corporation,Communication Services,Entertainment,0.4223069590085796,0.7044804575786463,0.6263107721639657,0.5106382978723404,,0.4042553191489361,0.8297872340425532,0.5843660629170638,0.5815602836879432,3,2026-10-06T142958Z,2026-10-06T17:24:58.165863+00:00,2026-09-30
NXST,"Nexstar Media Group, Inc.",Communication Services,Broadcasting,0.2478551000953288,0.2697807435653003,0.107721639656816,0.3617021276595745,0.3111111111111111,0.5319148936170213,0.1063829787234042,0.20845249443914837,0.3277777777777778,4,2026-10-06T142958Z,2026-10-06T17:24:58.165863+00:00,2026-09-30
NXT,Nextpower Inc.,Technology,Solar,0.3860819828408007,0.0486177311725452,0.0714966634890371,0.827433628318584,0.4469026548672566,0.411504424778761,0.8080357142857143,0.16873212583412767,0.623469105562579,4,2026-10-06T142958Z,2026-10-06T17:24:58.165863+00:00,2026-09-30
NYT,The New York Times Company,Communication Services,Publishing,0.5843660629170638,0.0600571973307912,0.1944709246901811,0.8297872340425532,0.8888888888888888,0.723404255319149,0.9893617021276596,0.27963139497934536,0.8578605200945627,4,2026-10-06T142958Z,2026-10-06T17:24:58.165863+00:00,2026-09-30
OC,Owens Corning,Industrials,Building Products & Equipment,0.3021925643469971,0.7387988560533841,0.340324118207817,0.0422535211267605,0.4360189573459715,0.5070422535211268,0.1737089201877934,0.46043851286939935,0.28975591304541304,4,2026-10-06T142958Z,2026-10-06T17:24:58.165863+00:00,2026-09-30
ODFL,"Old Dominion Freight Line, Inc.",Industrials,Trucking,0.6768350810295519,0.1706387035271687,0.2554814108674929,0.971830985915493,0.8104265402843602,0.9154929577464788,0.988262910798122,0.36765173180807115,0.9215033486861135,4,2026-10-06T142958Z,2026-10-06T17:24:58.165863+00:00,2026-09-30
OGE,OGE Energy Corp.,Utilities,Utilities - Regulated Electric,0.4080076263107721,0.2659675881792183,0.4480457578646329,0.7272727272727273,0.6666666666666666,0.8909090909090909,0.7090909090909091,0.3740069907848744,0.7484848484848485,4,2026-10-06T142958Z,2026-10-06T17:24:58.165863+00:00,2026-09-30
OGN,Organon & Co.,Healthcare,Drug Manufacturers - General,0.6320305052430887,0.9876072449952336,0.8693994280266921,0.4240506329113924,0.3676470588235294,0.4236111111111111,0.0949367088607595,0.8296790594216713,0.3275613779266981,4,2026-10-06T142958Z,2026-10-06T17:24:58.165863+00:00,2026-09-30
OGS,"ONE Gas, Inc.",Utilities,Utilities - Regulated Gas,0.3841754051477598,0.1725452812202097,0.2697807435653003,0.7636363636363637,0.6851851851851852,0.6363636363636364,0.7636363636363637,0.2755004766444233,0.7122053872053872,4,2026-10-06T142958Z,2026-10-06T17:24:58.165863+00:00,2026-09-30
OII,"Oceaneering International, Inc.",Energy,Oil & Gas Equipment & Services,0.9437559580552908,0.8427073403241182,0.8160152526215443,0.9041095890410958,0.8356164383561644,0.4383561643835616,0.4166666666666667,0.8674928503336511,0.6486872146118721,4,2026-10-06T142958Z,2026-10-06T17:24:58.165863+00:00,2026-09-30
OKE,"ONEOK, Inc.",Energy,Oil & Gas Midstream,0.7206863679694948,0.5214489990467112,0.5795996186844614,0.4246575342465753,0.5616438356164384,0.3972602739726027,0.125,0.6072449952335558,0.3771404109589041,4,2026-10-06T142958Z,2026-10-06T17:24:58.165863+00:00,2026-09-30
OKLO,Oklo Inc.,Utilities,Utilities - Independent Power Producers,0.0133460438512869,0.0762631077216396,0.0133460438512869,0.0272727272727272,,0.0272727272727272,0.990909090909091,0.034318398474737805,0.34848484848484845,3,2026-10-06T142958Z,2026-10-06T17:24:58.165863+00:00,2026-09-30
OKTA,"Okta, Inc.",Technology,Software - Infrastructure,0.8903717826501429,0.9876072449952336,0.9876072449952336,0.3141592920353982,0.3672566371681416,0.8761061946902655,0.9642857142857144,0.9551954242135366,0.6304519595448799,4,2026-10-06T142958Z,2026-10-06T17:24:58.165863+00:00,2026-09-30
OLED,Universal Display Corporation,Technology,Electronic Components,0.0333651096282173,0.1591992373689227,0.1487130600571973,0.7123893805309734,0.3451327433628318,0.7964601769911505,0.9419642857142856,0.11375913568477909,0.6989866466498104,4,2026-10-06T142958Z,2026-10-06T17:24:58.165863+00:00,2026-09-30
OMC,Omnicom Group Inc.,Communication Services,Advertising Agencies,0.4890371782650143,0.559580552907531,0.44232602478551,0.2978723404255319,0.0666666666666666,0.4468085106382978,0.723404255319149,0.49698125198601845,0.3836879432624113,4,2026-10-06T142958Z,2026-10-06T17:24:58.165863+00:00,2026-09-30
ON,ON Semiconductor Corporation,Technology,Semiconductors,0.7912297426120114,0.6062917063870352,0.6310772163965681,0.4336283185840708,0.1991150442477876,0.7035398230088495,0.2678571428571428,0.6761995551318716,0.4010350821744627,4,2026-10-06T142958Z,2026-10-06T17:24:58.165863+00:00,2026-09-30
ONTO,Onto Innovation Inc.,Technology,Semiconductor Equipment & Materials,0.892278360343184,0.5805529075309819,0.880838894184938,0.3982300884955752,0.2123893805309734,0.668141592920354,0.1830357142857142,0.7845567206863678,0.3654491940581542,4,2026-10-06T142958Z,2026-10-06T17:24:58.165863+00:00,2026-09-30
OPCH,"Option Care Health, Inc.",Healthcare,Medical Care Facilities,0.2030505243088655,0.1296472831267874,0.217349857006673,0.6835443037974683,0.5514705882352942,0.3611111111111111,0.3164556962025316,0.1833492214807753,0.4781454248366013,4,2026-10-06T142958Z,2026-10-06T17:24:58.165863+00:00,2026-09-30
OPLN,"OPENLANE, Inc.",Consumer Cyclical,Auto & Truck Dealerships,0.5815061963775023,0.6282173498570067,0.6129647283126788,0.320754716981132,0.1518987341772152,0.8742138364779874,0.9371069182389936,0.607562758182396,0.5709935514688321,4,2026-10-06T142958Z,2026-10-06T17:24:58.165863+00:00,2026-09-30
ORA,"Ormat Technologies, Inc.",Utilities,Utilities - Renewable,0.3803622497616777,0.219256434699714,0.102001906577693,0.1454545454545454,0.0555555555555555,0.2909090909090909,0.1636363636363636,0.2338735303463616,0.16388888888888883,4,2026-10-06T142958Z,2026-10-06T17:24:58.165863+00:00,2026-09-30
ORCL,Oracle Corporation,Technology,Software - Infrastructure,0.0285986653956148,0.4537654909437559,0.2087702573879885,0.5353982300884956,0.1415929203539823,0.0398230088495575,0.0625,0.23037813790911973,0.19482853982300885,4,2026-10-06T142958Z,2026-10-06T17:24:58.165863+00:00,2026-09-30
ORLY,"O'Reilly Automotive, Inc.",Consumer Cyclical,Auto Parts,0.1544327931363203,0.2259294566253575,0.3031458531935176,0.8867924528301887,0.8354430379746836,0.7547169811320755,0.3018867924528302,0.22783603431839847,0.6947098160974445,4,2026-10-06T142958Z,2026-10-06T17:24:58.165863+00:00,2026-09-30
OSCR,"Oscar Health, Inc.",Healthcare,Healthcare Plans,0.8531935176358436,0.9876072449952336,0.9466158245948524,0.6455696202531646,,0.9027777777777778,0.8544303797468354,0.9291388624086432,0.8009259259259259,3,2026-10-06T142958Z,2026-10-06T17:24:58.165863+00:00,2026-09-30
OSIS,"OSI Systems, Inc.",Technology,Electronic Components,0.1563393708293613,0.0390848427073403,0.1067683508102955,0.495575221238938,0.3230088495575221,0.3672566371681416,0.1741071428571428,0.10073085478233236,0.33998696270543616,4,2026-10-06T142958Z,2026-10-06T17:24:58.165863+00:00,2026-09-30
OSK,Oshkosh Corporation,Industrials,Farm & Heavy Construction Machinery,0.5891325071496664,0.449952335557674,0.2755004766444233,0.4694835680751174,0.2985781990521327,0.5915492957746479,0.8591549295774648,0.43819510645058785,0.5546914981198408,4,2026-10-06T142958Z,2026-10-06T17:24:58.165863+00:00,2026-09-30
OTIS,Otis Worldwide Corporation,Industrials,Specialty Industrial Machinery,0.1201143946615824,0.1782650142993327,0.1658722592945662,0.8967136150234741,0.90521327014218,0.6291079812206573,0.0164319248826291,0.15475055608516042,0.6118666978172351,4,2026-10-06T142958Z,2026-10-06T17:24:58.165863+00:00,2026-09-30
OTTR,Otter Tail Corporation,Industrials,Conglomerates,0.5071496663489037,0.32697807435653,0.5319351763584366,0.3849765258215962,0.1943127962085308,0.0657276995305164,0.4976525821596244,0.45535430568795676,0.28566740093006693,4,2026-10-06T142958Z,2026-10-06T17:24:58.165863+00:00,2026-09-30
OUST,"Ouster, Inc.",Technology,Electronic Components,0.6186844613918017,0.9561487130600572,0.9246901811248808,0.0530973451327433,0.336283185840708,0.0353982300884955,0.8125,0.8331744518589131,0.30931969026548667,4,2026-10-06T142958Z,2026-10-06T17:24:58.165863+00:00,2026-09-30
OVV,Ovintiv Inc.,Energy,Oil & Gas E&P,0.8636796949475691,0.5357483317445186,0.7330791229742613,0.3561643835616438,0.9178082191780822,0.821917808219178,0.5138888888888888,0.7108357165554496,0.6524448249619482,4,2026-10-06T142958Z,2026-10-06T17:24:58.165863+00:00,2026-09-30
OXY,Occidental Petroleum Corporation,Energy,Oil & Gas E&P,0.7197330791229742,0.2545281220209723,0.6711153479504289,0.7534246575342466,0.4383561643835616,0.7534246575342466,0.7083333333333334,0.5484588496981252,0.663384703196347,4,2026-10-06T142958Z,2026-10-06T17:24:58.165863+00:00,2026-09-30
P,"Everpure, Inc.",Technology,Computer Hardware,0.4661582459485224,0.9084842707340324,0.9876072449952336,0.4469026548672566,0.9026548672566372,0.1548672566371681,0.7723214285714286,0.7874165872259294,0.5691865518331226,4,2026-10-06T142958Z,2026-10-06T17:24:58.165863+00:00,2026-09-30
PACS,"PACS Group, Inc.",Healthcare,Medical Care Facilities,0.9876072449952336,0.7797902764537655,0.6863679694947569,0.6075949367088608,0.1470588235294117,0.2708333333333333,0.1329113924050632,0.8179218303145852,0.28959962149416724,4,2026-10-06T142958Z,2026-10-06T17:24:58.165863+00:00,2026-09-30
PAG,"Penske Automotive Group, Inc.",Consumer Cyclical,Auto & Truck Dealerships,0.6530028598665396,0.8836987607244995,0.7502383222116301,0.4150943396226415,0.430379746835443,0.1320754716981132,0.3773584905660377,0.7623133142675563,0.33872701218055884,4,2026-10-06T142958Z,2026-10-06T17:24:58.165863+00:00,2026-09-30
PANW,"Palo Alto Networks, Inc.",Technology,Software - Infrastructure,0.8217349857006673,0.9876072449952336,0.9876072449952336,0.1991150442477876,0.163716814159292,0.9203539823008848,0.7410714285714286,0.9323164918970447,0.5060643173198482,4,2026-10-06T142958Z,2026-10-06T17:24:58.165863+00:00,2026-09-30
PARR,"Par Pacific Holdings, Inc.",Energy,Oil & Gas Refining & Marketing,0.9561487130600572,0.7311725452812202,0.9437559580552908,0.9726027397260274,0.9931506849315068,0.3013698630136986,0.5555555555555556,0.8770257387988561,0.7056697108066972,4,2026-10-06T142958Z,2026-10-06T17:24:58.165863+00:00,2026-09-30
PATH,"UiPath, Inc.",Technology,Software - Infrastructure,0.7483317445185891,0.9218303145853194,0.5843660629170638,0.7831858407079646,0.8097345132743363,0.6061946902654868,0.8392857142857143,0.7515093740069907,0.7596001896333755,4,2026-10-06T142958Z,2026-10-06T17:24:58.165863+00:00,2026-09-30
PATK,"Patrick Industries, Inc.",Consumer Cyclical,Recreational Vehicles,0.1248808388941849,0.0133460438512869,0.0133460438512869,0.3710691823899371,0.4240506329113924,0.2012578616352201,0.3522012578616352,0.05052430886558623,0.3371447336995462,4,2026-10-06T142958Z,2026-10-06T17:24:58.165863+00:00,2026-09-30
PAY,"Paymentus Holdings, Inc.",Technology,Software - Infrastructure,0.551954242135367,0.8646329837940896,0.7054337464251669,0.7610619469026548,0.7831858407079646,0.2787610619469026,0.9330357142857144,0.7073403241182078,0.6890111409608091,4,2026-10-06T142958Z,2026-10-06T17:24:58.165863+00:00,2026-09-30
PAYC,"Paycom Software, Inc.",Technology,Software - Application,0.5691134413727359,0.9714013346043852,0.9428026692087702,0.6946902654867256,0.6017699115044248,0.7477876106194691,0.5223214285714286,0.8277724817286304,0.6416423040455119,4,2026-10-06T142958Z,2026-10-06T17:24:58.165863+00:00,2026-09-30
PAYX,"Paychex, Inc.",Technology,Software - Application,0.3937082936129647,0.8360343183984748,0.428979980934223,0.7212389380530974,0.4336283185840708,0.915929203539823,0.3258928571428571,0.5529075309818875,0.5991723293299621,4,2026-10-06T142958Z,2026-10-06T17:24:58.165863+00:00,2026-09-30
PBF,PBF Energy Inc.,Energy,Oil & Gas Refining & Marketing,0.9723546234509056,0.9237368922783604,0.9876072449952336,0.7671232876712328,0.2328767123287671,0.2328767123287671,0.7638888888888888,0.9612329202414999,0.499191400304414,4,2026-10-06T142958Z,2026-10-06T17:24:58.165863+00:00,2026-09-30
PBH,Prestige Consumer Healthcare Inc.,Healthcare,Drug Manufacturers - Specialty & Generic,0.1630123927550047,0.2345090562440419,0.1220209723546234,0.5632911392405063,0.1176470588235294,0.7777777777777778,0.1962025316455696,0.17318080711789,0.4137296268718458,4,2026-10-06T142958Z,2026-10-06T17:24:58.165863+00:00,2026-09-30
PBI,Pitney Bowes Inc.,Industrials,Integrated Freight & Logistics,0.8322211630123928,0.909437559580553,0.8274547187797903,0.5117370892018779,0.8009478672985783,0.943661971830986,0.0328638497652582,0.8563711471242453,0.572302694524175,4,2026-10-06T142958Z,2026-10-06T17:24:58.165863+00:00,2026-09-30
PCAR,PACCAR Inc,Industrials,Farm & Heavy Construction Machinery,0.646329837940896,0.430886558627264,0.2802669208770257,0.488262910798122,0.0995260663507109,0.596244131455399,0.3943661971830985,0.4524944391483952,0.3945998264468326,4,2026-10-06T142958Z,2026-10-06T17:24:58.165863+00:00,2026-09-30
PCG,PG&E Corporation,Utilities,Utilities - Regulated Electric,0.2240228789323164,0.0610104861773117,0.0581506196377502,0.3090909090909091,0.1851851851851851,0.4,0.4909090909090909,0.11439466158245944,0.34629629629629627,4,2026-10-06T142958Z,2026-10-06T17:24:58.165863+00:00,2026-09-30
PCOR,"Procore Technologies, Inc.",Technology,Software - Application,0.1754051477597712,0.432793136320305,0.4671115347950429,0.1371681415929203,0.8407079646017699,0.5575221238938053,0.8526785714285714,0.35843660629170637,0.5970192003792667,4,2026-10-06T142958Z,2026-10-06T17:24:58.165863+00:00,2026-09-30
PCTY,Paylocity Holding Corporation,Technology,Software - Application,0.3183984747378455,0.8598665395614872,0.8122020972354623,0.4557522123893805,0.331858407079646,0.6991150442477876,0.84375,0.663489037178265,0.5826189159292035,4,2026-10-06T142958Z,2026-10-06T17:24:58.165863+00:00,2026-09-30
PCVX,"Vaxcyte, Inc.",Healthcare,Biotechnology,0.7950428979980935,0.3355576739752144,0.9046711153479504,0.1139240506329113,,,0.8607594936708861,0.6784238957737528,0.4873417721518987,2,2026-10-06T142958Z,2026-10-06T17:24:58.165863+00:00,2026-09-30
PDFS,"PDF Solutions, Inc.",Technology,Software - Application,0.8474737845567207,0.7407054337464252,0.8932316491897044,0.247787610619469,0.6238938053097345,0.079646017699115,0.6026785714285714,0.8271369558309501,0.38850150126422245,4,2026-10-06T142958Z,2026-10-06T17:24:58.165863+00:00,2026-09-30
PEG,Public Service Enterprise Group Incorporated,Utilities,Utilities - Regulated Electric,0.2449952335557674,0.1677788369876072,0.2221163012392755,0.8,0.1666666666666666,0.8363636363636363,0.6545454545454545,0.21163012392755007,0.6143939393939394,4,2026-10-06T142958Z,2026-10-06T17:24:58.165863+00:00,2026-09-30
PEGA,Pegasystems Inc.,Technology,Software - Application,0.0543374642516682,0.1401334604385128,0.209723546234509,0.9247787610619468,0.9889380530973452,0.8185840707964602,0.7366071428571429,0.13473149030823,0.8672270069532237,4,2026-10-06T142958Z,2026-10-06T17:24:58.165863+00:00,2026-09-30
PEN,"Penumbra, Inc.",Healthcare,Medical Devices,0.6272640610104862,0.2678741658722593,0.4184938036224976,0.7658227848101266,0.8235294117647058,0.6458333333333334,0.7531645569620253,0.43787734350174773,0.7470875217175478,4,2026-10-06T142958Z,2026-10-06T17:24:58.165863+00:00,2026-09-30
PENG,"Penguin Solutions, Inc.",Technology,Information Technology Services,0.8836987607244995,0.9876072449952336,0.9609151572926596,0.4292035398230088,0.2787610619469026,0.0619469026548672,0.4375,0.9440737210041309,0.30185287610619466,4,2026-10-06T142958Z,2026-10-06T17:24:58.165863+00:00,2026-09-30
PENN,"PENN Entertainment, Inc.",Consumer Cyclical,Resorts & Casinos,0.2221163012392755,0.6263107721639657,0.2612011439466158,0.0377358490566037,0.1772151898734177,0.10062893081761,0.0943396226415094,0.36987607244995235,0.10247989809728521,4,2026-10-06T142958Z,2026-10-06T17:24:58.165863+00:00,2026-09-30
PEP,"PepsiCo, Inc.",Consumer Defensive,Beverages - Non-Alcoholic,0.340324118207817,0.1515729265967588,0.1906577693040991,0.6666666666666666,0.6935483870967742,0.5161290322580645,0.238095238095238,0.2275182713695583,0.5286098310291859,4,2026-10-06T142958Z,2026-10-06T17:24:58.165863+00:00,2026-09-30
PFE,Pfizer Inc.,Healthcare,Drug Manufacturers - General,0.4928503336510962,0.4652049571020019,0.6244041944709247,0.4620253164556962,0.3235294117647059,0.7291666666666666,0.3987341772151899,0.5274864950746743,0.4783638930255646,4,2026-10-06T142958Z,2026-10-06T17:24:58.165863+00:00,2026-09-30
PFGC,Performance Food Group Company,Consumer Defensive,Food Distribution,0.2859866539561487,0.5958055290753098,0.3879885605338417,0.2222222222222222,0.6290322580645161,0.0967741935483871,0.3968253968253968,0.42326024785510014,0.3362135176651306,4,2026-10-06T142958Z,2026-10-06T17:24:58.165863+00:00,2026-09-30
PG,The Procter & Gamble Company,Consumer Defensive,Household & Personal Products,0.3174451858913251,0.3908484270734032,0.4880838894184938,0.8412698412698413,0.532258064516129,0.8064516129032258,0.6984126984126984,0.39879250079440737,0.7195980542754736,4,2026-10-06T142958Z,2026-10-06T17:24:58.165863+00:00,2026-09-30
PGEN,"Precigen, Inc.",Healthcare,Biotechnology,0.9447092469018112,0.9294566253574832,0.9628217349857008,0.0158227848101265,0.7867647058823529,0.0555555555555555,0.1265822784810126,0.9456625357483318,0.24618133118226188,4,2026-10-06T142958Z,2026-10-06T17:24:58.165863+00:00,2026-09-30
PH,Parker-Hannifin Corporation,Industrials,Specialty Industrial Machinery,0.6434699714013346,0.4432793136320305,0.5776930409914204,0.8497652582159625,0.6492890995260664,0.8685446009389671,0.5258215962441315,0.5548141086749285,0.7233551387312819,4,2026-10-06T142958Z,2026-10-06T17:24:58.165863+00:00,2026-09-30
PHIN,PHINIA Inc.,Consumer Cyclical,Auto Parts,0.5910390848427073,0.3088655862726406,0.1468064823641563,0.2955974842767295,0.2848101265822785,0.4591194968553459,0.7610062893081762,0.34890371782650137,0.45013334925563253,4,2026-10-06T142958Z,2026-10-06T17:24:58.165863+00:00,2026-09-30
PHM,"PulteGroup, Inc.",Consumer Cyclical,Residential Construction,0.2469018112488084,0.3727359389895138,0.2936129647283126,0.710691823899371,0.3417721518987341,0.6037735849056604,0.9119496855345912,0.30441690498887825,0.6420468115595892,4,2026-10-06T142958Z,2026-10-06T17:24:58.165863+00:00,2026-09-30
PI,"Impinj, Inc.",Technology,Semiconductors,0.2735938989513822,0.9323164918970448,0.882745471877979,0.0973451327433628,0.6592920353982301,0.4646017699115044,0.0848214285714285,0.696218620908802,0.32651509165613146,4,2026-10-06T142958Z,2026-10-06T17:24:58.165863+00:00,2026-09-30
PII,Polaris Inc.,Consumer Cyclical,Recreational Vehicles,0.3460438512869399,0.5977121067683508,0.1439466158245948,0.0440251572327044,0.4746835443037974,0.1069182389937107,0.5220125786163522,0.3625675246266285,0.2869098797866412,4,2026-10-06T142958Z,2026-10-06T17:24:58.165863+00:00,2026-09-30
PINS,"Pinterest, Inc.",Communication Services,Internet Content & Information,0.0533841754051477,0.5824594852240229,0.3632030505243088,0.723404255319149,0.9888888888888888,0.8085106382978723,0.6595744680851063,0.33301557038449314,0.7950945626477541,4,2026-10-06T142958Z,2026-10-06T17:24:58.165863+00:00,2026-09-30
PKG,Packaging Corporation of America,Consumer Cyclical,Packaging & Containers,0.4623450905624404,0.5929456625357483,0.5548141086749285,0.490566037735849,0.170886075949367,0.5031446540880503,0.5031446540880503,0.5367016205910391,0.4169353554653291,4,2026-10-06T142958Z,2026-10-06T17:24:58.165863+00:00,2026-09-30
PL,Planet Labs PBC,Industrials,Aerospace & Defense,0.5948522402287894,0.0133460438512869,0.0133460438512869,0.0164319248826291,0.2606635071090047,0.3051643192488263,0.3661971830985915,0.2071814426437877,0.2371142335847629,4,2026-10-06T142958Z,2026-10-06T17:24:58.165863+00:00,2026-09-30
PLNT,"Planet Fitness, Inc.",Consumer Cyclical,Leisure,0.0133460438512869,0.0133460438512869,0.0133460438512869,0.5660377358490566,0.3670886075949367,0.89937106918239,0.0377358490566037,0.013346043851286899,0.4675583154207468,4,2026-10-06T142958Z,2026-10-06T17:24:58.165863+00:00,2026-09-30
PLTR,Palantir Technologies Inc.,Technology,Software - Infrastructure,0.2955195424213536,0.7054337464251669,0.8636796949475691,0.9513274336283186,0.7876106194690266,0.9889380530973452,0.8973214285714286,0.6215443279313632,0.9062993836915298,4,2026-10-06T142958Z,2026-10-06T17:24:58.165863+00:00,2026-09-30
PLUS,ePlus inc.,Technology,Software - Application,0.6196377502383222,0.6387035271687321,0.6949475691134414,0.5309734513274337,0.5663716814159292,0.1283185840707964,0.7142857142857143,0.6510962821734986,0.4849873577749684,4,2026-10-06T142958Z,2026-10-06T17:24:58.165863+00:00,2026-09-30
PLXS,Plexus Corp.,Technology,Electronic Components,0.8417540514775977,0.6367969494756911,0.8093422306959008,0.4601769911504424,0.0929203539823008,0.1150442477876106,0.6741071428571429,0.7626310772163967,0.3355621839443742,4,2026-10-06T142958Z,2026-10-06T17:24:58.165863+00:00,2026-09-30
PM,Philip Morris International Inc.,Consumer Defensive,Tobacco,0.5862726406101049,0.6244041944709247,0.665395614871306,0.9206349206349206,0.5967741935483871,0.9919354838709676,0.0238095238095238,0.6253574833174452,0.6332885304659498,4,2026-10-06T142958Z,2026-10-06T17:24:58.165863+00:00,2026-09-30
PNW,Pinnacle West Capital Corporation,Utilities,Utilities - Regulated Electric,0.5185891325071497,0.2688274547187798,0.4451858913250714,0.2545454545454545,0.2222222222222222,0.4181818181818181,0.1454545454545454,0.4108674928503336,0.26010101010101006,4,2026-10-06T142958Z,2026-10-06T17:24:58.165863+00:00,2026-09-30
PODD,Insulet Corporation,Healthcare,Medical Devices,0.0133460438512869,0.0305052430886558,0.0295519542421353,0.8544303797468354,0.9044117647058824,0.5069444444444444,0.430379746835443,0.024467747060692668,0.6740415839331514,4,2026-10-06T142958Z,2026-10-06T17:24:58.165863+00:00,2026-09-30
POOL,Pool Corporation,Industrials,Industrial Distribution,0.0400381315538608,0.1563393708293613,0.0734032411820781,0.7699530516431925,0.8957345971563981,0.3427230046948357,0.1690140845070422,0.08992691452176672,0.544356184500367,4,2026-10-06T142958Z,2026-10-06T17:24:58.165863+00:00,2026-09-30
POR,Portland General Electric Company,Utilities,Utilities - Regulated Electric,0.5529075309818875,0.1973307912297426,0.2526215443279314,0.1818181818181818,0.8703703703703703,0.7272727272727273,0.7818181818181819,0.3342866221798538,0.6403198653198653,4,2026-10-06T142958Z,2026-10-06T17:24:58.165863+00:00,2026-09-30
POST,"Post Holdings, Inc.",Consumer Defensive,Packaged Foods,0.1172545281220209,0.092469018112488,0.0724499523355576,0.2698412698412698,0.2580645161290322,0.3870967741935484,0.0476190476190476,0.09405783285668882,0.2406554019457245,4,2026-10-06T142958Z,2026-10-06T17:24:58.165863+00:00,2026-09-30
POWI,"Power Integrations, Inc.",Technology,Semiconductors,0.6720686367969495,0.2869399428026692,0.3565300285986654,0.3185840707964602,0.5,0.5,,0.438512869399428,0.4395280235988201,3,2026-10-06T142958Z,2026-10-06T17:24:58.165863+00:00,2026-09-30
POWL,"Powell Industries, Inc.",Industrials,Electrical Equipment & Parts,0.8693994280266921,0.205910390848427,0.3727359389895138,0.9295774647887324,0.6682464454976303,0.9342723004694836,0.988262910798122,0.48268191928821097,0.8800897803884921,4,2026-10-06T142958Z,2026-10-06T17:24:58.165863+00:00,2026-09-30
PPC,Pilgrim's Pride Corporation,Consumer Defensive,Packaged Foods,0.0896091515729265,0.0819828408007626,0.1382268827454718,0.4603174603174603,0.1774193548387097,0.1612903225806451,0.6031746031746031,0.10327295837305363,0.35055043522785456,4,2026-10-06T142958Z,2026-10-06T17:24:58.165863+00:00,2026-09-30
PPG,"PPG Industries, Inc.",Basic Materials,Specialty Chemicals,0.430886558627264,0.4823641563393708,0.3689227836034318,0.6363636363636364,0.8545454545454545,0.6363636363636364,0.3636363636363636,0.4273911661900222,0.6227272727272727,4,2026-10-06T142958Z,2026-10-06T17:24:58.165863+00:00,2026-09-30
PPL,PPL Corporation,Utilities,Utilities - Regulated Electric,0.3107721639656816,0.1601525262154433,0.3107721639656816,0.5818181818181818,0.4629629629629629,0.3272727272727272,0.5454545454545454,0.26056561804893547,0.47937710437710435,4,2026-10-06T142958Z,2026-10-06T17:24:58.165863+00:00,2026-09-30
PPLI,People Incorporated,Communication Services,Internet Content & Information,0.4814108674928503,0.2640610104861773,0.5643469971401335,0.6170212765957447,0.4888888888888889,0.0851063829787234,0.8085106382978723,0.43660629170638704,0.4998817966903073,4,2026-10-06T142958Z,2026-10-06T17:24:58.165863+00:00,2026-09-30
PR,Permian Resources Corporation,Energy,Oil & Gas E&P,0.9199237368922784,0.5700667302192565,0.7883698760724499,0.6027397260273972,0.6164383561643836,0.7123287671232876,0.7777777777777778,0.759453447727995,0.6773211567732116,4,2026-10-06T142958Z,2026-10-06T17:24:58.165863+00:00,2026-09-30
PRAX,"Praxis Precision Medicines, Inc.",Healthcare,Biotechnology,0.9876072449952336,0.5853193517635844,0.2459485224022879,0.1392405063291139,,,0.990506329113924,0.6062917063870353,0.5648734177215189,2,2026-10-06T142958Z,2026-10-06T17:24:58.165863+00:00,2026-09-30
PRIM,Primoris Services Corporation,Industrials,Engineering & Construction,0.0133460438512869,0.0133460438512869,0.0133460438512869,0.2863849765258216,0.2227488151658767,0.1596244131455399,0.5305164319248826,0.013346043851286899,0.2998186591905302,4,2026-10-06T142958Z,2026-10-06T17:24:58.165863+00:00,2026-09-30
PRLB,"Proto Labs, Inc.",Industrials,Metal Fabrication,0.8265014299332698,0.8293612964728313,0.9304099142040038,0.3192488262910798,0.7867298578199052,0.5633802816901409,0.988262910798122,0.8620908802033682,0.664405469149812,4,2026-10-06T142958Z,2026-10-06T17:24:58.165863+00:00,2026-09-30
PRM,"Perimeter Solutions, Inc.",Basic Materials,Specialty Chemicals,0.765490943755958,0.7550047664442326,0.3651096282173499,0.0272727272727272,0.3636363636363636,0.7818181818181819,0.2363636363636363,0.6285351128058468,0.35227272727272724,4,2026-10-06T142958Z,2026-10-06T17:24:58.165863+00:00,2026-09-30
PRMB,Primo Brands Corporation,Consumer Defensive,Beverages - Non-Alcoholic,0.3479504289799809,0.6015252621544328,0.3660629170638703,0.1428571428571428,0.2419354838709677,0.3225806451612903,0.1111111111111111,0.438512869399428,0.204621095750128,4,2026-10-06T142958Z,2026-10-06T17:24:58.165863+00:00,2026-09-30
PRVA,"Privia Health Group, Inc.",Healthcare,Health Information Services,0.1763584366062917,0.2392755004766444,0.2449952335557674,0.4493670886075949,0.1544117647058823,0.375,0.9620253164556962,0.2202097235462345,0.48520104244229334,4,2026-10-06T142958Z,2026-10-06T17:24:58.165863+00:00,2026-09-30
PSKY,Paramount Skydance Corporation,Communication Services,Entertainment,0.0390848427073403,0.555767397521449,0.3393708293612965,0.3191489361702128,0.4666666666666667,0.1489361702127659,0.4468085106382978,0.3114076898633619,0.34539007092198576,4,2026-10-06T142958Z,2026-10-06T17:24:58.165863+00:00,2026-09-30
PSMT,"PriceSmart, Inc.",Consumer Defensive,Discount Stores,0.7550047664442326,0.551954242135367,0.6234509056244042,0.5238095238095238,0.5806451612903226,0.0806451612903225,0.8888888888888888,0.6434699714013347,0.5184971838197645,4,2026-10-06T142958Z,2026-10-06T17:24:58.165863+00:00,2026-09-30
PSN,Parsons Corporation,Technology,Information Technology Services,0.0133460438512869,0.0800762631077216,0.0619637750238322,0.2831858407079646,0.3008849557522124,0.1814159292035398,0.3526785714285714,0.0517953606609469,0.27954132427307204,4,2026-10-06T142958Z,2026-10-06T17:24:58.165863+00:00,2026-09-30
PSX,Phillips 66,Energy,Oil & Gas Refining & Marketing,0.9161105815061964,0.8665395614871306,0.9456625357483316,0.7397260273972602,0.821917808219178,0.273972602739726,0.5416666666666666,0.909437559580553,0.5943207762557078,4,2026-10-06T142958Z,2026-10-06T17:24:58.165863+00:00,2026-09-30
PTC,PTC Inc.,Technology,Software - Application,0.0867492850333651,0.3736892278360343,0.9008579599618683,0.8893805309734514,0.668141592920354,0.8805309734513275,0.4107142857142857,0.4537654909437559,0.7121918457648546,4,2026-10-06T142958Z,2026-10-06T17:24:58.165863+00:00,2026-09-30
PTCT,"PTC Therapeutics, Inc.",Healthcare,Biotechnology,0.4833174451858913,0.3689227836034318,0.2144899904671115,0.360759493670886,0.5220588235294118,0.1041666666666666,0.6265822784810127,0.35557673975214493,0.4033918155869943,4,2026-10-06T142958Z,2026-10-06T17:24:58.165863+00:00,2026-09-30
PTEN,"Patterson-UTI Energy, Inc.",Energy,Oil & Gas Drilling,0.9637750238322212,0.6663489037178265,0.7950428979980935,0.1095890410958904,0.0547945205479452,0.2465753424657534,0.5694444444444444,0.8083889418493803,0.24510083713850836,4,2026-10-06T142958Z,2026-10-06T17:24:58.165863+00:00,2026-09-30
PVH,PVH Corp.,Consumer Cyclical,Apparel Manufacturing,0.2001906577693041,0.1477597712106768,0.4528122020972354,0.0880503144654088,0.6582278481012658,0.5283018867924528,0.5786163522012578,0.26692087702573875,0.46329910039009625,4,2026-10-06T142958Z,2026-10-06T17:24:58.165863+00:00,2026-09-30
PWR,"Quanta Services, Inc.",Industrials,Engineering & Construction,0.771210676835081,0.540514775977121,0.7397521448999047,0.4178403755868544,0.4028436018957346,0.4037558685446009,0.647887323943662,0.6838258659040356,0.468081792492713,4,2026-10-06T142958Z,2026-10-06T17:24:58.165863+00:00,2026-09-30
QBTS,D-Wave Quantum Inc.,Technology,Computer Hardware,0.0362249761677788,0.6530028598665396,0.0600571973307912,0.0154867256637168,0.0154867256637168,0.0154867256637168,0.7857142857142857,0.24976167778836986,0.20804361567635904,4,2026-10-06T142958Z,2026-10-06T17:24:58.165863+00:00,2026-09-30
QCOM,QUALCOMM Incorporated,Technology,Semiconductors,0.3508102955195424,0.8036224976167778,0.655862726406101,0.8539823008849557,0.7168141592920354,0.6902654867256637,0.3705357142857143,0.6034318398474737,0.6578994152970923,4,2026-10-06T142958Z,2026-10-06T17:24:58.165863+00:00,2026-09-30
QLYS,"Qualys, Inc.",Technology,Software - Infrastructure,0.680648236415634,0.9675881792183032,0.9666348903717826,0.8938053097345132,0.8584070796460177,0.9889380530973452,0.7544642857142857,0.8716237686685733,0.8739036820480405,4,2026-10-06T142958Z,2026-10-06T17:24:58.165863+00:00,2026-09-30
QRVO,"Qorvo, Inc.",Technology,Semiconductors,0.438512869399428,0.7302192564346998,0.8703527168732126,0.5486725663716814,0.4646017699115044,0.5132743362831859,0.3794642857142857,0.6796949475691134,0.47650323957016427,4,2026-10-06T142958Z,2026-10-06T17:24:58.165863+00:00,2026-09-30
QSR,Restaurant Brands International Inc.,Consumer Cyclical,Restaurants,0.5805529075309819,0.4022878932316492,0.4051477597712107,0.4276729559748428,0.1012658227848101,0.8679245283018868,0.1886792452830188,0.4626628535112806,0.39638563808613964,4,2026-10-06T142958Z,2026-10-06T17:24:58.165863+00:00,2026-09-30
QTWO,"Q2 Holdings, Inc.",Technology,Software - Application,0.2755004766444233,0.776930409914204,0.6110581506196378,0.6283185840707964,0.7433628318584071,0.6637168141592921,0.7767857142857143,0.5544963457260884,0.7030459860935525,4,2026-10-06T142958Z,2026-10-06T17:24:58.165863+00:00,2026-09-30
QXO,"QXO, Inc.",Industrials,Industrial Distribution,0.0600571973307912,0.0133460438512869,0.0133460438512869,0.0751173708920187,0.1327014218009478,0.1737089201877934,0.460093896713615,0.028916428344455,0.21040540239859373,4,2026-10-06T142958Z,2026-10-06T17:24:58.165863+00:00,2026-09-30
R,"Ryder System, Inc.",Industrials,Rental & Leasing Services,0.6701620591039085,0.6682554814108675,0.5529075309818875,0.2816901408450704,0.2654028436018957,0.3286384976525822,0.0938967136150234,0.6304416904988878,0.24240704892864293,4,2026-10-06T142958Z,2026-10-06T17:24:58.165863+00:00,2026-09-30
RAMP,"LiveRamp Holdings, Inc.",Technology,Software - Infrastructure,0.7283126787416587,0.8198284080076264,0.7959961868446139,0.7743362831858407,0.7699115044247787,0.6946902654867256,0.8571428571428571,0.7813790911979663,0.7740202275600505,4,2026-10-06T142958Z,2026-10-06T17:24:58.165863+00:00,2026-09-30
RBA,"RB Global, Inc.",Industrials,Specialty Business Services,0.111534795042898,0.1048617731172545,0.1124880838894185,0.323943661971831,0.3412322274881517,0.568075117370892,0.3333333333333333,0.109628217349857,0.391646085041052,4,2026-10-06T142958Z,2026-10-06T17:24:58.165863+00:00,2026-09-30
RBC,RBC Bearings Incorporated,Industrials,Tools & Accessories,0.661582459485224,0.1353670162059103,0.3298379408960915,0.5305164319248826,0.3080568720379147,0.9107981220657276,0.784037558685446,0.3755958055290753,0.6333522461784927,4,2026-10-06T142958Z,2026-10-06T17:24:58.165863+00:00,2026-09-30
RBLX,Roblox Corporation,Communication Services,Electronic Gaming & Multimedia,0.0133460438512869,0.0133460438512869,0.105815061963775,0.0638297872340425,0.8,0.8297872340425532,0.7872340425531915,0.04416904988878293,0.6202127659574468,4,2026-10-06T142958Z,2026-10-06T17:24:58.165863+00:00,2026-09-30
RBRK,,Technology,Software - Infrastructure,0.4394661582459485,0.9504289799809342,0.9876072449952336,0.0663716814159292,0.7566371681415929,0.5398230088495575,0.1651785714285714,0.792500794407372,0.38200260745891274,4,2026-10-06T142958Z,2026-10-06T17:24:58.165863+00:00,2026-09-30
RCL,Royal Caribbean Cruises Ltd.,Consumer Cyclical,Travel Services,0.1706387035271687,0.2583412774070543,0.4137273593898951,0.7044025157232704,0.310126582278481,0.0377358490566037,0.3396226415094339,0.28090244677470605,0.34797189714194726,4,2026-10-06T142958Z,2026-10-06T17:24:58.165863+00:00,2026-09-30
RCUS,"Arcus Biosciences, Inc.",Healthcare,Biotechnology,0.9475691134413728,0.8064823641563393,0.4899904671115348,0.0759493670886076,,0.0173611111111111,0.7215189873417721,0.748013981569749,0.2716098218471636,3,2026-10-06T142958Z,2026-10-06T17:24:58.165863+00:00,2026-09-30
RDDT,"Reddit, Inc.",Communication Services,Internet Content & Information,0.1105815061963775,0.5605338417540515,0.2440419447092469,0.9361702127659576,0.9333333333333332,0.9574468085106383,0.9893617021276596,0.30505243088655865,0.9540780141843972,4,2026-10-06T142958Z,2026-10-06T17:24:58.165863+00:00,2026-09-30
RDW,Redwire Corporation,Industrials,Aerospace & Defense,0.3279313632030505,0.3956148713060057,0.3527168732125834,0.0164319248826291,0.0331753554502369,0.0328638497652582,0.92018779342723,0.35875436924054654,0.25066473088133856,4,2026-10-06T142958Z,2026-10-06T17:24:58.165863+00:00,2026-09-30
REGN,"Regeneron Pharmaceuticals, Inc.",Healthcare,Biotechnology,0.7330791229742613,0.5233555767397522,0.4632983794089609,0.8227848101265823,0.5367647058823529,0.8194444444444444,0.8291139240506329,0.5732443597076581,0.7520269711260031,4,2026-10-06T142958Z,2026-10-06T17:24:58.165863+00:00,2026-09-30
RELY,"Remitly Global, Inc.",Technology,Software - Infrastructure,0.8551000953288846,0.9256434699714012,0.8026692087702574,0.915929203539823,0.9513274336283186,0.5973451327433629,0.8705357142857143,0.8611375913568478,0.8337843710493047,4,2026-10-06T142958Z,2026-10-06T17:24:58.165863+00:00,2026-09-30
REYN,Reynolds Consumer Products Inc.,Consumer Cyclical,Packaging & Containers,0.2402287893231649,0.3803622497616777,0.4156339370829361,0.5157232704402516,0.2215189873417721,0.559748427672956,0.660377358490566,0.34540832538925953,0.4893420109863864,4,2026-10-06T142958Z,2026-10-06T17:24:58.165863+00:00,2026-09-30
REZI,"Resideo Technologies, Inc.",Industrials,Industrial Distribution,0.0505243088655862,0.0686367969494756,0.0896091515729265,0.4272300469483568,0.6587677725118484,0.0422535211267605,0.2300469483568075,0.06959008579599608,0.3395745722359433,4,2026-10-06T142958Z,2026-10-06T17:24:58.165863+00:00,2026-09-30
RGEN,Repligen Corporation,Healthcare,Medical Instruments & Supplies,0.5309818875119161,0.8636796949475691,0.897998093422307,0.4177215189873418,0.1102941176470588,0.6388888888888888,0.5886075949367089,0.7642198919605975,0.4388780301149996,4,2026-10-06T142958Z,2026-10-06T17:24:58.165863+00:00,2026-09-30
RGLD,"Royal Gold, Inc.",Basic Materials,Gold,0.6863679694947569,0.3241182078169685,0.4261201143946616,0.7090909090909091,0.2545454545454545,0.1272727272727272,0.9636363636363636,0.47886876390212896,0.5136363636363637,4,2026-10-06T142958Z,2026-10-06T17:24:58.165863+00:00,2026-09-30
RH,RH,Consumer Cyclical,Specialty Retail,0.0772163965681601,0.7063870352716873,0.0448045757864632,0.1698113207547169,0.4810126582278481,0.4842767295597484,0.0817610062893081,0.2761360025421036,0.30421542870790536,4,2026-10-06T142958Z,2026-10-06T17:24:58.165863+00:00,2026-09-30
RHI,Robert Half Inc.,Industrials,Staffing & Employment Services,0.6997140133460439,0.9456625357483316,0.7387988560533841,0.3474178403755869,0.9881516587677726,0.2582159624413145,0.8779342723004695,0.7947251350492532,0.6179299334712859,4,2026-10-06T142958Z,2026-10-06T17:24:58.165863+00:00,2026-09-30
RIVN,"Rivian Automotive, Inc.",Consumer Cyclical,Auto Manufacturers,0.5376549094375596,0.3746425166825548,0.2650142993326978,0.0157232704402515,0.0158227848101265,0.0157232704402515,0.6163522012578616,0.3924372418176041,0.16590538173712277,4,2026-10-06T142958Z,2026-10-06T17:24:58.165863+00:00,2026-09-30
RKLB,Rocket Lab Corporation,Industrials,Aerospace & Defense,0.5776930409914204,0.217349857006673,0.2469018112488084,0.0516431924882629,0.0616113744075829,0.0164319248826291,0.943661971830986,0.34731490308230056,0.2683371159023652,4,2026-10-06T142958Z,2026-10-06T17:24:58.165863+00:00,2026-09-30
RL,Ralph Lauren Corporation,Consumer Cyclical,Apparel Manufacturing,0.4156339370829361,0.2488083889418493,0.5157292659675882,0.8113207547169812,0.9367088607594936,0.7735849056603774,0.5283018867924528,0.3933905306641245,0.7624791019823263,4,2026-10-06T142958Z,2026-10-06T17:24:58.165863+00:00,2026-09-30
RMBS,Rambus Inc.,Technology,Semiconductors,0.1334604385128694,0.1620591039084842,0.5481410867492851,0.8407079646017699,0.6637168141592921,0.9424778761061948,0.9241071428571428,0.2812202097235462,0.8427524494311,4,2026-10-06T142958Z,2026-10-06T17:24:58.165863+00:00,2026-09-30
RMD,ResMed Inc.,Healthcare,Medical Instruments & Supplies,0.1677788369876072,0.3374642516682555,0.4737845567206863,0.9430379746835444,0.6544117647058824,0.9097222222222222,0.7658227848101266,0.3263425484588497,0.8182486866054439,4,2026-10-06T142958Z,2026-10-06T17:24:58.165863+00:00,2026-09-30
RNG,"RingCentral, Inc.",Technology,Software - Application,0.9876072449952336,0.973307912297426,0.9876072449952336,0.6106194690265486,0.9889380530973452,0.6504424778761062,0.015625,0.9828408007626311,0.56640625,4,2026-10-06T142958Z,2026-10-06T17:24:58.165863+00:00,2026-09-30
ROAD,"Construction Partners, Inc.",Industrials,Engineering & Construction,0.1306005719733079,0.2183031458531935,0.0953288846520495,0.3286384976525822,0.2559241706161137,0.3145539906103286,0.0985915492957746,0.14807753415951697,0.2494270520436998,4,2026-10-06T142958Z,2026-10-06T17:24:58.165863+00:00,2026-09-30
ROG,Rogers Corporation,Technology,Electronic Components,0.8036224976167778,0.657769304099142,0.8846520495710201,0.252212389380531,0.2212389380530973,0.2964601769911504,0.9196428571428572,0.7820146170956467,0.42238859039190896,4,2026-10-06T142958Z,2026-10-06T17:24:58.165863+00:00,2026-09-30
ROK,"Rockwell Automation, Inc.",Industrials,Specialty Industrial Machinery,0.6034318398474738,0.6272640610104862,0.6596758817921831,0.7981220657276995,0.8720379146919431,0.8169014084507042,0.4225352112676056,0.6301239275500478,0.7273991500344882,4,2026-10-06T142958Z,2026-10-06T17:24:58.165863+00:00,2026-09-30
ROL,"Rollins, Inc.",Consumer Cyclical,Personal Services,0.0438512869399428,0.0133460438512869,0.0133460438512869,0.9056603773584906,0.8924050632911392,0.8427672955974843,0.6540880503144654,0.0235144582141722,0.8237301966403949,4,2026-10-06T142958Z,2026-10-06T17:24:58.165863+00:00,2026-09-30
ROP,"Roper Technologies, Inc.",Technology,Software - Application,0.1849380362249761,0.6301239275500476,0.4699714013346044,0.588495575221239,0.1460176991150442,0.8628318584070797,0.2767857142857143,0.4283444550365427,0.4685327117572693,4,2026-10-06T142958Z,2026-10-06T17:24:58.165863+00:00,2026-09-30
ROST,"Ross Stores, Inc.",Consumer Cyclical,Apparel Retail,0.780743565300286,0.4041944709246902,0.5938989513822688,0.9182389937106918,0.6645569620253164,0.7421383647798742,0.7232704402515723,0.5929456625357483,0.7620511901918637,4,2026-10-06T142958Z,2026-10-06T17:24:58.165863+00:00,2026-09-30
RPM,RPM International Inc.,Basic Materials,Specialty Chemicals,0.2287893231649189,0.4718779790276454,0.2659675881792183,0.7818181818181819,0.9454545454545454,0.6545454545454545,0.3272727272727272,0.3222116301239275,0.6772727272727272,4,2026-10-06T142958Z,2026-10-06T17:24:58.165863+00:00,2026-09-30
RPRX,Royalty Pharma plc,Healthcare,Biotechnology,0.8856053384175405,0.8122020972354623,0.7206863679694948,0.5506329113924051,,0.9895833333333334,0.2025316455696202,0.8061646012074992,0.5809159634317862,3,2026-10-06T142958Z,2026-10-06T17:24:58.165863+00:00,2026-09-30
RRC,Range Resources Corporation,Energy,Oil & Gas E&P,0.4604385128693994,0.2650142993326978,0.4556720686367969,0.8767123287671232,0.726027397260274,0.7808219178082192,0.8611111111111112,0.3937082936129647,0.8111681887366818,4,2026-10-06T142958Z,2026-10-06T17:24:58.165863+00:00,2026-09-30
RRR,"Red Rock Resorts, Inc.",Consumer Cyclical,Resorts & Casinos,0.2726406101048618,0.3479504289799809,0.1935176358436606,0.3144654088050314,0.4430379746835443,0.6415094339622641,0.0628930817610062,0.2713695583095011,0.3654764748029615,4,2026-10-06T142958Z,2026-10-06T17:24:58.165863+00:00,2026-09-30
RRX,Regal Rexnord Corporation,Industrials,Specialty Industrial Machinery,0.4938036224976168,0.1267874165872259,0.1706387035271687,0.2112676056338028,0.2843601895734597,0.4225352112676056,0.3755868544600939,0.26374324753733713,0.3234374652337405,4,2026-10-06T142958Z,2026-10-06T17:24:58.165863+00:00,2026-09-30
RS,"Reliance, Inc.",Basic Materials,Steel,0.7340324118207817,0.773117254528122,0.7664442326024785,0.7636363636363637,0.9636363636363636,0.2909090909090909,0.6727272727272727,0.757864632983794,0.6727272727272727,4,2026-10-06T142958Z,2026-10-06T17:24:58.165863+00:00,2026-09-30
RSG,"Republic Services, Inc.",Industrials,Waste Management,0.3517635843660629,0.3317445185891325,0.4804575786463298,0.5352112676056338,0.4549763033175355,0.7934272300469484,0.244131455399061,0.3879885605338418,0.5069365640922947,4,2026-10-06T142958Z,2026-10-06T17:24:58.165863+00:00,2026-09-30
RSI,"Rush Street Interactive, Inc.",Consumer Cyclical,Gambling,0.7159199237368923,0.6777883698760725,0.2020972354623451,0.3459119496855345,0.9050632911392406,0.710691823899371,0.9905660377358492,0.5319351763584367,0.7380582756149989,4,2026-10-06T142958Z,2026-10-06T17:24:58.165863+00:00,2026-09-30
RTX,RTX Corporation,Industrials,Aerospace & Defense,0.5929456625357483,0.342230695900858,0.3717826501429933,0.3661971830985915,0.1090047393364928,0.647887323943662,0.6854460093896714,0.4356530028598666,0.4521338139421044,4,2026-10-06T142958Z,2026-10-06T17:24:58.165863+00:00,2026-09-30
RUSHA,"Rush Enterprises, Inc.",Consumer Cyclical,Auto & Truck Dealerships,0.7445185891325071,0.563393708293613,0.5328884652049571,0.4716981132075472,0.4936708860759494,0.3270440251572327,0.6855345911949685,0.613600254210359,0.49448690390892447,4,2026-10-06T142958Z,2026-10-06T17:24:58.165863+00:00,2026-09-30
RVMD,"Revolution Medicines, Inc.",Healthcare,Biotechnology,0.9876072449952336,0.9876072449952336,0.9323164918970448,0.0569620253164556,,,0.689873417721519,0.969176993962504,0.3734177215189873,2,2026-10-06T142958Z,2026-10-06T17:24:58.165863+00:00,2026-09-30
RVTY,"Revvity, Inc.",Healthcare,Diagnostics & Research,0.7521448999046711,0.8789323164918971,0.9504289799809342,0.4556962025316455,0.0661764705882353,0.7430555555555556,0.5126582278481012,0.8605020654591674,0.4443966141308844,4,2026-10-06T142958Z,2026-10-06T17:24:58.165863+00:00,2026-09-30
RXO,"RXO, Inc.",Industrials,Trucking,0.6120114394661582,0.7683508102955195,0.9418493803622496,0.0704225352112676,0.5687203791469194,0.1126760563380281,0.6995305164319249,0.7740705433746425,0.362837371782035,4,2026-10-06T142958Z,2026-10-06T17:24:58.165863+00:00,2026-09-30
S,"SentinelOne, Inc.",Technology,Software - Infrastructure,0.4680648236415634,0.8722592945662536,0.9599618684461392,0.0398230088495575,0.5619469026548672,0.1415929203539823,0.9598214285714286,0.7667619955513186,0.42579606510745893,4,2026-10-06T142958Z,2026-10-06T17:24:58.165863+00:00,2026-09-30
SAIA,"Saia, Inc.",Industrials,Trucking,0.5386081982840801,0.1887511916110581,0.2364156339370829,0.6009389671361502,0.2464454976303317,0.4178403755868544,0.9014084507042254,0.32125834127740704,0.5416583227643904,4,2026-10-06T142958Z,2026-10-06T17:24:58.165863+00:00,2026-09-30
SAIC,Science Applications International Corporation,Technology,Information Technology Services,0.6377502383222117,0.7454718779790277,0.8179218303145853,0.5707964601769911,0.168141592920354,0.252212389380531,0.0803571428571428,0.7337146488719415,0.2678768963337547,4,2026-10-06T142958Z,2026-10-06T17:24:58.165863+00:00,2026-09-30
SANM,Sanmina Corporation,Technology,Electronic Components,0.8570066730219257,0.8894184938036225,0.8303145853193518,0.3097345132743362,0.0752212389380531,0.1769911504424778,0.4776785714285714,0.8589132507149667,0.25990636852085963,4,2026-10-06T142958Z,2026-10-06T17:24:58.165863+00:00,2026-09-30
SBUX,Starbucks Corporation,Consumer Cyclical,Restaurants,0.6101048617731173,0.5643469971401335,0.4022878932316492,0.5094339622641509,0.4367088607594936,0.6226415094339622,0.0880503144654088,0.5255799173816332,0.4142086617307539,4,2026-10-06T142958Z,2026-10-06T17:24:58.165863+00:00,2026-09-30
SCCO,Southern Copper Corporation,Basic Materials,Copper,0.8627264061010487,0.6148713060057197,0.7521448999046711,0.990909090909091,0.9272727272727272,0.9454545454545454,0.3090909090909091,0.7432475373371465,0.7931818181818182,4,2026-10-06T142958Z,2026-10-06T17:24:58.165863+00:00,2026-09-30
SCI,Service Corporation International,Consumer Cyclical,Personal Services,0.334604385128694,0.3117254528122021,0.3946615824594852,0.2075471698113207,0.0316455696202531,0.8176100628930818,0.7672955974842768,0.34699714013346045,0.4560245999522331,4,2026-10-06T142958Z,2026-10-06T17:24:58.165863+00:00,2026-09-30
SDGR,"Schrödinger, Inc.",Healthcare,Health Information Services,0.2812202097235462,0.9485224022878932,0.9876072449952336,0.2594936708860759,0.3308823529411764,0.0902777777777777,0.6708860759493671,0.7391166190022244,0.33788496938859924,4,2026-10-06T142958Z,2026-10-06T17:24:58.165863+00:00,2026-09-30
SDRL,Seadrill Limited,Energy,Oil & Gas Drilling,0.8312678741658722,0.4394661582459485,0.6081982840800763,0.1232876712328767,0.0958904109589041,0.1232876712328767,0.6944444444444444,0.6263107721639657,0.2592275494672755,4,2026-10-06T142958Z,2026-10-06T17:24:58.165863+00:00,2026-09-30
SEI,"Solaris Energy Infrastructure, Inc.",Energy,Oil & Gas Equipment & Services,0.540514775977121,0.2535748331744518,0.8512869399428027,0.1917808219178082,0.1643835616438356,0.0410958904109589,0.0208333333333333,0.5484588496981252,0.10452340182648401,4,2026-10-06T142958Z,2026-10-06T17:24:58.165863+00:00,2026-09-30
SFM,"Sprouts Farmers Market, Inc.",Consumer Defensive,Grocery Stores,0.094375595805529,0.3298379408960915,0.1363203050524309,0.7936507936507936,0.9919354838709676,0.2903225806451613,0.2063492063492063,0.18684461391801713,0.5705645161290323,4,2026-10-06T142958Z,2026-10-06T17:24:58.165863+00:00,2026-09-30
SGI,Somnigroup International Inc.,Consumer Cyclical,"Furnishings, Fixtures & Appliances",0.1620591039084842,0.2087702573879885,0.1182078169685414,0.3773584905660377,0.4493670886075949,0.6918238993710691,0.2955974842767295,0.1630123927550047,0.4535367407053578,4,2026-10-06T142958Z,2026-10-06T17:24:58.165863+00:00,2026-09-30
SHAK,Shake Shack Inc.,Consumer Cyclical,Restaurants,0.0810295519542421,0.0362249761677788,0.109628217349857,0.1635220125786163,0.5949367088607594,0.0628930817610062,0.389937106918239,0.0756275818239593,0.30282222752965526,4,2026-10-06T142958Z,2026-10-06T17:24:58.165863+00:00,2026-09-30
SHC,Sotera Health Company,Healthcare,Diagnostics & Research,0.563393708293613,0.7464251668255482,0.6816015252621545,0.620253164556962,0.2426470588235294,0.5208333333333334,0.0822784810126582,0.6638068001271051,0.36650300943162073,4,2026-10-06T142958Z,2026-10-06T17:24:58.165863+00:00,2026-09-30
SHOO,"Steven Madden, Ltd.",Consumer Cyclical,Footwear & Accessories,0.6139180171591992,0.6701620591039085,0.7254528122020972,0.5408805031446541,0.9177215189873418,0.5408805031446541,0.8364779874213837,0.6698442961550684,0.7089901281745083,4,2026-10-06T142958Z,2026-10-06T17:24:58.165863+00:00,2026-09-30
SHW,The Sherwin-Williams Company,Basic Materials,Specialty Chemicals,0.2945662535748332,0.4213536701620591,0.3965681601525262,0.8545454545454545,0.990909090909091,0.8,0.109090909090909,0.3708293612964728,0.6886363636363636,4,2026-10-06T142958Z,2026-10-06T17:24:58.165863+00:00,2026-09-30
SIRI,Sirius XM Holdings Inc.,Communication Services,Entertainment,0.7111534795042898,0.7607244995233555,0.5881792183031459,0.4468085106382978,0.2,0.6595744680851063,0.5106382978723404,0.6866857324435971,0.45425531914893613,4,2026-10-06T142958Z,2026-10-06T17:24:58.165863+00:00,2026-09-30
SITE,"SiteOne Landscape Supply, Inc.",Industrials,Industrial Distribution,0.1048617731172545,0.0400381315538608,0.0419447092469018,0.3990610328638497,0.9383886255924172,0.323943661971831,0.4460093896713615,0.062281537972672364,0.5268506775248649,4,2026-10-06T142958Z,2026-10-06T17:24:58.165863+00:00,2026-09-30
SJM,The J. M. Smucker Company,Consumer Defensive,Packaged Foods,0.6005719733079123,0.8284080076263107,0.6682554814108675,0.1746031746031746,0.3709677419354839,0.7903225806451613,0.3492063492063492,0.6990784874483635,0.4212749615975422,4,2026-10-06T142958Z,2026-10-06T17:24:58.165863+00:00,2026-09-30
SKY,"Champion Homes, Inc.",Consumer Cyclical,Residential Construction,0.4632983794089609,0.5872259294566253,0.5719733079122974,0.6477987421383647,0.5253164556962026,0.6666666666666666,0.9748427672955976,0.5408325389259612,0.7036561579492079,4,2026-10-06T142958Z,2026-10-06T17:24:58.165863+00:00,2026-09-30
SKYW,"SkyWest, Inc.",Industrials,Airlines,0.2774070543374642,0.3698760724499523,0.4785510009532888,0.4647887323943662,0.1563981042654028,0.4131455399061033,0.431924882629108,0.3752780425802351,0.3665643147987451,4,2026-10-06T142958Z,2026-10-06T17:24:58.165863+00:00,2026-09-30
SLAB,Silicon Laboratories Inc.,Technology,Semiconductors,0.8446139180171592,0.4165872259294566,0.6911344137273594,0.1194690265486725,0.7079646017699115,0.084070796460177,0.8928571428571429,0.6507785192246583,0.451090391908976,4,2026-10-06T142958Z,2026-10-06T17:24:58.165863+00:00,2026-09-30
SLB,SLB N.V.,Energy,Oil & Gas Equipment & Services,0.8732125834127741,0.6120114394661582,0.5061963775023832,0.4383561643835616,0.3424657534246575,0.589041095890411,0.5833333333333334,0.6638068001271051,0.48829908675799094,4,2026-10-06T142958Z,2026-10-06T17:24:58.165863+00:00,2026-09-30
SLGN,Silgan Holdings Inc.,Consumer Cyclical,Packaging & Containers,0.3164918970448045,0.4480457578646329,0.1563393708293613,0.2264150943396226,0.0696202531645569,0.3459119496855345,0.3647798742138364,0.30695900857959957,0.2516817928508876,4,2026-10-06T142958Z,2026-10-06T17:24:58.165863+00:00,2026-09-30
SM,SM Energy Company,Energy,Oil & Gas E&P,0.8150619637750238,0.7140133460438512,0.8627264061010487,0.410958904109589,0.3287671232876712,0.6438356164383562,0.2638888888888889,0.7972672386399746,0.4118626331811263,4,2026-10-06T142958Z,2026-10-06T17:24:58.165863+00:00,2026-09-30
SMCI,"Super Micro Computer, Inc.",Technology,Computer Hardware,0.0781696854146806,0.9313632030505244,0.907530981887512,0.6327433628318584,0.1327433628318584,0.0442477876106194,0.3169642857142857,0.6390212901175724,0.2816746997471555,4,2026-10-06T142958Z,2026-10-06T17:24:58.165863+00:00,2026-09-30
SMG,The Scotts Miracle-Gro Company,Basic Materials,Agricultural Inputs,0.3984747378455672,0.1792183031458531,0.100095328884652,0.3090909090909091,0.8909090909090909,0.6,0.0545454545454545,0.22592945662535743,0.46363636363636357,4,2026-10-06T142958Z,2026-10-06T17:24:58.165863+00:00,2026-09-30
SMR,NuScale Power Corporation,Industrials,Specialty Industrial Machinery,0.0133460438512869,0.2411820781696854,0.0133460438512869,0.0164319248826291,0.0165876777251184,0.0164319248826291,0.988262910798122,0.0892913886240864,0.25942860957212466,4,2026-10-06T142958Z,2026-10-06T17:24:58.165863+00:00,2026-09-30
SMTC,Semtech Corporation,Technology,Semiconductors,0.9008579599618683,0.9227836034318398,0.9876072449952336,0.7079646017699115,0.6814159292035398,0.4380530973451327,0.3080357142857143,0.9370829361296472,0.5338673356510746,4,2026-10-06T142958Z,2026-10-06T17:24:58.165863+00:00,2026-09-30
SN,"SharkNinja, Inc.",Consumer Cyclical,"Furnishings, Fixtures & Appliances",0.877025738798856,0.911344137273594,0.9084842707340324,0.8238993710691824,0.8987341772151899,0.7484276729559748,0.9056603773584906,0.8989513822688275,0.8441803996497095,4,2026-10-06T142958Z,2026-10-06T17:24:58.165863+00:00,2026-09-30
SNA,Snap-on Incorporated,Industrials,Tools & Accessories,0.4795042897998093,0.4451858913250714,0.436606291706387,0.8591549295774648,0.7725118483412322,0.9295774647887324,0.8262910798122066,0.4537654909437559,0.846883830629909,4,2026-10-06T142958Z,2026-10-06T17:24:58.165863+00:00,2026-09-30
SNAP,Snap Inc.,Communication Services,Internet Content & Information,0.0667302192564347,0.6768350810295519,0.4890371782650143,0.0851063829787234,0.8444444444444444,0.4680851063829787,0.1914893617021276,0.4108674928503337,0.39728132387706855,4,2026-10-06T142958Z,2026-10-06T17:24:58.165863+00:00,2026-09-30
SNDR,"Schneider National, Inc.",Industrials,Trucking,0.8398474737845567,0.7206863679694948,0.561487130600572,0.2018779342723004,0.0853080568720379,0.2347417840375587,0.892018779342723,0.7073403241182078,0.353486638631155,4,2026-10-06T142958Z,2026-10-06T17:24:58.165863+00:00,2026-09-30
SNOW,Snowflake Inc.,Technology,Software - Application,0.775023832221163,0.9876072449952336,0.9532888465204956,0.0486725663716814,0.7212389380530974,0.6460176991150443,0.28125,0.9053066412456308,0.42429480088495575,4,2026-10-06T142958Z,2026-10-06T17:24:58.165863+00:00,2026-09-30
SNPS,"Synopsys, Inc.",Technology,Software - Infrastructure,0.2068636796949475,0.4003813155386082,0.6920877025738799,0.2654867256637168,0.1106194690265486,0.8362831858407079,0.4553571428571428,0.4331108992691452,0.41693663084702903,4,2026-10-06T142958Z,2026-10-06T17:24:58.165863+00:00,2026-09-30
SNX,TD SYNNEX Corporation,Technology,Electronics & Computer Distribution,0.8360343183984748,0.8169685414680649,0.8836987607244995,0.3008849557522124,0.0973451327433628,0.1061946902654867,0.6383928571428571,0.8455672068636796,0.28570440897597976,4,2026-10-06T142958Z,2026-10-06T17:24:58.165863+00:00,2026-09-30
SO,The Southern Company,Utilities,Utilities - Regulated Electric,0.2964728312678741,0.1916110581506196,0.2993326978074356,0.6363636363636364,0.5555555555555556,0.5636363636363636,0.2545454545454545,0.26247219574197644,0.5025252525252525,4,2026-10-06T142958Z,2026-10-06T17:24:58.165863+00:00,2026-09-30
SOLV,Solventum Corporation,Healthcare,Medical Instruments & Supplies,0.5977121067683508,0.8693994280266921,0.7435653002859867,0.810126582278481,0.5441176470588235,0.2013888888888889,0.3227848101265823,0.7368922783603432,0.4696044820881939,4,2026-10-06T142958Z,2026-10-06T17:24:58.165863+00:00,2026-09-30
SON,Sonoco Products Company,Consumer Cyclical,Packaging & Containers,0.6387035271687321,0.2917063870352717,0.3508102955195424,0.4654088050314465,0.1329113924050632,0.320754716981132,0.490566037735849,0.4270734032411821,0.3524102380383727,4,2026-10-06T142958Z,2026-10-06T17:24:58.165863+00:00,2026-09-30
SONO,"Sonos, Inc.",Technology,Consumer Electronics,0.2783603431839847,0.6510962821734986,0.8055290753098189,0.5265486725663717,0.9690265486725664,0.2566371681415929,0.71875,0.5783285668891007,0.6177405973451328,4,2026-10-06T142958Z,2026-10-06T17:24:58.165863+00:00,2026-09-30
SPHR,Sphere Entertainment Co.,Communication Services,Entertainment,0.9456625357483316,0.5662535748331744,0.1725452812202097,0.2127659574468085,0.2666666666666666,0.7659574468085106,0.7446808510638298,0.5614871306005719,0.49751773049645387,4,2026-10-06T142958Z,2026-10-06T17:24:58.165863+00:00,2026-09-30
SPSC,"SPS Commerce, Inc.",Technology,Software - Application,0.1296472831267874,0.8627264061010487,0.8036224976167778,0.5530973451327433,0.7787610619469026,0.7389380530973452,0.96875,0.5986653956148713,0.7598866150442478,4,2026-10-06T142958Z,2026-10-06T17:24:58.165863+00:00,2026-09-30
SPXC,"SPX Technologies, Inc.",Industrials,Building Products & Equipment,0.3708293612964728,0.2774070543374642,0.1410867492850333,0.568075117370892,0.6066350710900474,0.6807511737089202,0.7981220657276995,0.2631077216396568,0.6633958569743899,4,2026-10-06T142958Z,2026-10-06T17:24:58.165863+00:00,2026-09-30
SR,Spire Inc.,Utilities,Utilities - Regulated Gas,0.3822688274547188,0.1572926596758818,0.323164918970448,0.8545454545454545,0.2777777777777778,0.6181818181818182,0.109090909090909,0.28757546870034956,0.4648989898989898,4,2026-10-06T142958Z,2026-10-06T17:24:58.165863+00:00,2026-09-30
SRE,Sempra,Utilities,Utilities - Diversified,0.2840800762631077,0.1172545281220209,0.2125834127740705,0.2363636363636363,0.0925925925925925,0.0909090909090909,0.9272727272727272,0.2046393390530664,0.33678451178451174,4,2026-10-06T142958Z,2026-10-06T17:24:58.165863+00:00,2026-09-30
SRRK,Scholar Rock Holding Corporation,Healthcare,Biotechnology,0.8226882745471878,0.5862726406101049,0.2478551000953288,0.0158227848101265,,,0.2721518987341772,0.5522720050842072,0.14398734177215186,2,2026-10-06T142958Z,2026-10-06T17:24:58.165863+00:00,2026-09-30
SSD,"Simpson Manufacturing Co., Inc.",Basic Materials,Lumber & Wood Production,0.3918017159199237,0.4489990467111535,0.3479504289799809,0.9090909090909092,0.9090909090909092,0.8727272727272727,0.7636363636363637,0.396250397203686,0.8636363636363636,4,2026-10-06T142958Z,2026-10-06T17:24:58.165863+00:00,2026-09-30
SSNC,"SS&C Technologies Holdings, Inc.",Technology,Software - Application,0.3040991420400381,0.7121067683508103,0.6291706387035272,0.3893805309734513,0.1283185840707964,0.672566371681416,0.2098214285714285,0.5484588496981252,0.35002172882427307,4,2026-10-06T142958Z,2026-10-06T17:24:58.165863+00:00,2026-09-30
SSRM,SSR Mining Inc.,Basic Materials,Gold,0.8465204957102002,0.6920877025738799,0.76930409914204,0.4909090909090909,0.6727272727272727,0.8545454545454545,0.990909090909091,0.76930409914204,0.7522727272727272,4,2026-10-06T142958Z,2026-10-06T17:24:58.165863+00:00,2026-09-30
ST,Sensata Technologies Holding plc,Technology,Scientific & Technical Instruments,0.7178265014299333,0.6835081029551954,0.6120114394661582,0.2300884955752212,0.1504424778761062,0.4203539823008849,0.2276785714285714,0.6711153479504289,0.2571408817951959,4,2026-10-06T142958Z,2026-10-06T17:24:58.165863+00:00,2026-09-30
STE,STERIS plc,Healthcare,Medical Devices,0.2612011439466158,0.3612964728312678,0.3222116301239275,0.7531645569620253,0.375,0.6666666666666666,0.6582278481012658,0.3149030823006037,0.6132647679324894,4,2026-10-06T142958Z,2026-10-06T17:24:58.165863+00:00,2026-09-30
STGW,Stagwell Inc.,Communication Services,Advertising Agencies,0.8608198284080076,0.8350810295519543,0.8674928503336511,0.2340425531914893,0.5777777777777777,0.1914893617021276,0.3829787234042553,0.8544645694312044,0.3465721040189125,4,2026-10-06T142958Z,2026-10-06T17:24:58.165863+00:00,2026-09-30
STLD,"Steel Dynamics, Inc.",Basic Materials,Steel,0.8703527168732126,0.8369876072449952,0.7216396568160153,0.8,0.5272727272727272,0.4363636363636363,0.6181818181818182,0.809659993644741,0.5954545454545455,4,2026-10-06T142958Z,2026-10-06T17:24:58.165863+00:00,2026-09-30
STRL,"Sterling Infrastructure, Inc.",Industrials,Engineering & Construction,0.6587225929456625,0.6205910390848427,0.4146806482364156,0.9154929577464788,0.6824644549763034,0.7464788732394366,0.863849765258216,0.5646647600889736,0.8020715128051087,4,2026-10-06T142958Z,2026-10-06T17:24:58.165863+00:00,2026-09-30
STZ,"Constellation Brands, Inc.",Consumer Defensive,Beverages - Brewers,0.2659675881792183,0.0953288846520495,0.0991420400381315,0.6031746031746031,0.3548387096774194,0.9032258064516128,0.2222222222222222,0.15347950428979976,0.5208653353814644,4,2026-10-06T142958Z,2026-10-06T17:24:58.165863+00:00,2026-09-30
SWK,"Stanley Black & Decker, Inc.",Industrials,Tools & Accessories,0.6911344137273594,0.8551000953288846,0.674928503336511,0.2769953051643192,0.5592417061611374,0.4694835680751174,0.6431924882629108,0.740387670797585,0.48722826691587123,4,2026-10-06T142958Z,2026-10-06T17:24:58.165863+00:00,2026-09-30
SWKS,"Skyworks Solutions, Inc.",Technology,Semiconductors,0.2716873212583413,0.7569113441372736,0.8817921830314586,0.3672566371681416,0.2831858407079646,0.3141592920353982,0.6607142857142857,0.6367969494756911,0.4063290139064475,4,2026-10-06T142958Z,2026-10-06T17:24:58.165863+00:00,2026-09-30
SWX,"Southwest Gas Holdings, Inc.",Utilities,Utilities - Regulated Gas,0.5290753098188751,0.315538608198284,0.3841754051477598,0.990909090909091,0.5,0.1454545454545454,0.8545454545454545,0.4095964410549729,0.6227272727272727,4,2026-10-06T142958Z,2026-10-06T17:24:58.165863+00:00,2026-09-30
SXT,Sensient Technologies Corporation,Basic Materials,Specialty Chemicals,0.7902764537654909,0.8817921830314586,0.8102955195424214,0.6181818181818182,0.7636363636363637,0.1454545454545454,0.4,0.8274547187797903,0.4818181818181818,4,2026-10-06T142958Z,2026-10-06T17:24:58.165863+00:00,2026-09-30
SYK,Stryker Corporation,Healthcare,Medical Devices,0.1792183031458531,0.1868446139180171,0.1916110581506196,0.759493670886076,0.6102941176470589,0.7361111111111112,0.4050632911392405,0.1858913250714966,0.6277405476958716,4,2026-10-06T142958Z,2026-10-06T17:24:58.165863+00:00,2026-09-30
SYNA,Synaptics Incorporated,Technology,Semiconductors,0.7540514775977121,0.765490943755958,0.8388941849380362,0.0154867256637168,0.3097345132743362,0.2654867256637168,0.1785714285714285,0.7861455354305688,0.19231984829329957,4,2026-10-06T142958Z,2026-10-06T17:24:58.165863+00:00,2026-09-30
SYRE,"Spyre Therapeutics, Inc.",Healthcare,Biotechnology,0.9876072449952336,0.9447092469018112,0.9132507149666348,0.1962025316455696,,,0.990506329113924,0.9485224022878932,0.5933544303797468,2,2026-10-06T142958Z,2026-10-06T17:24:58.165863+00:00,2026-09-30
SYY,Sysco Corporation,Consumer Defensive,Food Distribution,0.3298379408960915,0.5338417540514776,0.4194470924690181,0.5079365079365079,0.8064516129032258,0.2258064516129032,0.1428571428571428,0.42770892913886244,0.4207629288274449,4,2026-10-06T142958Z,2026-10-06T17:24:58.165863+00:00,2026-09-30
T,AT&T Inc.,Communication Services,Telecom Services,0.3450905624404194,0.2240228789323164,0.4356530028598665,0.7021276595744681,0.2888888888888888,0.5531914893617021,0.425531914893617,0.3349221480775341,0.49243498817966896,4,2026-10-06T142958Z,2026-10-06T17:24:58.165863+00:00,2026-09-30
TALO,Talos Energy Inc.,Energy,Oil & Gas E&P,0.894184938036225,0.4890371782650143,0.8198284080076264,0.0205479452054794,0.1780821917808219,0.9726027397260274,0.5972222222222222,0.7343501747696219,0.4421137747336378,4,2026-10-06T142958Z,2026-10-06T17:24:58.165863+00:00,2026-09-30
TAP,Molson Coors Beverage Company,Consumer Defensive,Beverages - Brewers,0.2364156339370829,0.1963775023832221,0.1773117254528122,0.0476190476190476,0.1935483870967742,0.6290322580645161,0.5714285714285714,0.20336828725770575,0.36040706605222733,4,2026-10-06T142958Z,2026-10-06T17:24:58.165863+00:00,2026-09-30
TARS,"Tarsus Pharmaceuticals, Inc.",Healthcare,Biotechnology,0.7359389895138226,0.6472831267874166,0.6739752144899904,0.2658227848101265,0.9889705882352942,0.5138888888888888,0.7278481012658228,0.6857324435970765,0.624132590800033,4,2026-10-06T142958Z,2026-10-06T17:24:58.165863+00:00,2026-09-30
TDC,Teradata Corporation,Technology,Software - Infrastructure,0.6625357483317446,0.5290753098188751,0.5119161105815062,0.9336283185840708,0.8628318584070797,0.9690265486725664,0.7232142857142857,0.5678423895773753,0.8721752528445006,4,2026-10-06T142958Z,2026-10-06T17:24:58.165863+00:00,2026-09-30
TDG,TransDigm Group Incorporated,Industrials,Aerospace & Defense,0.2259294566253575,0.2669208770257388,0.2049571020019066,0.6338028169014085,0.5497630331753555,0.8967136150234741,0.0164319248826291,0.23260247855100094,0.5241778474957167,4,2026-10-06T142958Z,2026-10-06T17:24:58.165863+00:00,2026-09-30
TDS,"Telephone and Data Systems, Inc.",Communication Services,Telecom Services,0.2821734985700667,0.0905624404194471,0.2030505243088655,0.6808510638297872,0.1111111111111111,0.0319148936170212,0.8723404255319149,0.19192882109945977,0.42405437352245856,4,2026-10-06T142958Z,2026-10-06T17:24:58.165863+00:00,2026-09-30
TDW,Tidewater Inc.,Energy,Oil & Gas Equipment & Services,0.8894184938036225,0.5252621544327931,0.6892278360343184,0.8356164383561644,0.6712328767123288,0.7671232876712328,0.4861111111111111,0.7013028280902446,0.6900209284627093,4,2026-10-06T142958Z,2026-10-06T17:24:58.165863+00:00,2026-09-30
TDY,Teledyne Technologies Incorporated,Technology,Scientific & Technical Instruments,0.3775023832221163,0.2478551000953288,0.4756911344137273,0.504424778761062,0.1858407079646017,0.5176991150442478,0.6160714285714286,0.3670162059103908,0.456009007585335,4,2026-10-06T142958Z,2026-10-06T17:24:58.165863+00:00,2026-09-30
TECH,Bio-Techne Corporation,Healthcare,Biotechnology,0.5347950428979981,0.8007626310772163,0.8017159199237369,0.7215189873417721,0.5294117647058824,0.7916666666666666,0.740506329113924,0.7124245312996504,0.6957759369570613,4,2026-10-06T142958Z,2026-10-06T17:24:58.165863+00:00,2026-09-30
TEM,"Tempus AI, Inc.",Healthcare,Health Information Services,0.0791229742612011,0.8179218303145853,0.9513822688274548,0.2468354430379747,0.7132352941176471,0.1319444444444444,0.1139240506329113,0.6161423578010804,0.30148480805824435,4,2026-10-06T142958Z,2026-10-06T17:24:58.165863+00:00,2026-09-30
TENB,"Tenable Holdings, Inc.",Technology,Software - Infrastructure,0.5319351763584366,0.9590085795996188,0.9361296472831268,0.1814159292035398,0.831858407079646,0.7212389380530974,0.3616071428571428,0.8090244677470607,0.5240301042983565,4,2026-10-06T142958Z,2026-10-06T17:24:58.165863+00:00,2026-09-30
TER,"Teradyne, Inc.",Technology,Semiconductor Equipment & Materials,0.9599618684461392,0.4699714013346044,0.8989513822688274,0.9424778761061948,0.8761061946902655,0.5221238938053098,0.8883928571428571,0.7762948840165237,0.8072752054361568,4,2026-10-06T142958Z,2026-10-06T17:24:58.165863+00:00,2026-09-30
TEX,Terex Corporation,Industrials,Farm & Heavy Construction Machinery,0.5767397521448999,0.4270734032411821,0.2945662535748332,0.1737089201877934,0.1137440758293838,0.3192488262910798,0.5821596244131455,0.4327931363203051,0.2972153616803506,4,2026-10-06T142958Z,2026-10-06T17:24:58.165863+00:00,2026-09-30
TFX,Teleflex Incorporated,Healthcare,Medical Instruments & Supplies,0.4766444232602478,0.6939942802669209,0.5357483317445186,0.2151898734177215,0.213235294117647,0.6527777777777778,0.2215189873417721,0.5687956784238958,0.32568048316372955,4,2026-10-06T142958Z,2026-10-06T17:24:58.165863+00:00,2026-09-30
TGT,Target Corporation,Consumer Defensive,Discount Stores,0.911344137273594,0.8160152526215443,0.8350810295519543,0.5396825396825397,0.7419354838709677,0.3064516129032258,0.6190476190476191,0.8541468064823642,0.551779313876088,4,2026-10-06T142958Z,2026-10-06T17:24:58.165863+00:00,2026-09-30
THC,Tenet Healthcare Corporation,Healthcare,Medical Care Facilities,0.652049571020019,0.8322211630123928,0.8455672068636797,0.7341772151898734,0.8602941176470589,0.625,0.2088607594936709,0.7766126469653637,0.6070830230826507,4,2026-10-06T142958Z,2026-10-06T17:24:58.165863+00:00,2026-09-30
THO,"THOR Industries, Inc.",Consumer Cyclical,Recreational Vehicles,0.0819828408007626,0.2840800762631077,0.092469018112488,0.1761006289308176,0.1582278481012658,0.1257861635220125,0.9245283018867924,0.1528439783921194,0.3461607356102221,4,2026-10-06T142958Z,2026-10-06T17:24:58.165863+00:00,2026-09-30
TILE,"Interface, Inc.",Consumer Cyclical,"Furnishings, Fixtures & Appliances",0.655862726406101,0.871306005719733,0.7159199237368923,0.7672955974842768,0.6772151898734177,0.5723270440251572,0.8113207547169812,0.7476962186209087,0.7070396465249582,4,2026-10-06T142958Z,2026-10-06T17:24:58.165863+00:00,2026-09-30
TJX,"The TJX Companies, Inc.",Consumer Cyclical,Apparel Retail,0.2583412774070543,0.0810295519542421,0.224976167778837,0.9119496855345912,0.7974683544303798,0.610062893081761,0.559748427672956,0.1881156657133778,0.719807340179922,4,2026-10-06T142958Z,2026-10-06T17:24:58.165863+00:00,2026-09-30
TKO,"TKO Group Holdings, Inc.",Communication Services,Entertainment,0.2850333651096282,0.2526215443279314,0.2735938989513822,0.3829787234042553,0.3777777777777777,0.8936170212765957,0.6382978723404256,0.2704162694629806,0.5731678486997636,4,2026-10-06T142958Z,2026-10-06T17:24:58.165863+00:00,2026-09-30
TKR,The Timken Company,Industrials,Tools & Accessories,0.8350810295519543,0.7006673021925643,0.6101048617731173,0.3051643192488263,0.5071090047393365,0.4507042253521127,0.4272300469483568,0.7152843978392119,0.42255189907215807,4,2026-10-06T142958Z,2026-10-06T17:24:58.165863+00:00,2026-09-30
TLN,Talen Energy Corporation,Utilities,Utilities - Independent Power Producers,0.0705433746425166,0.2163965681601525,0.3584366062917063,0.0727272727272727,0.8333333333333334,0.9454545454545454,0.0272727272727272,0.21512551636479182,0.46969696969696967,4,2026-10-06T142958Z,2026-10-06T17:24:58.165863+00:00,2026-09-30
TMO,Thermo Fisher Scientific Inc.,Healthcare,Diagnostics & Research,0.5452812202097236,0.7330791229742613,0.86558627264061,0.6772151898734177,0.1617647058823529,0.6736111111111112,0.310126582278481,0.7146488719415317,0.45567939728634066,4,2026-10-06T142958Z,2026-10-06T17:24:58.165863+00:00,2026-09-30
TMUS,"T-Mobile US, Inc.",Communication Services,Telecom Services,0.1591992373689227,0.2383222116301239,0.1897044804575786,0.6595744680851063,0.6,0.6170212765957447,0.2127659574468085,0.19574197648554173,0.522340425531915,4,2026-10-06T142958Z,2026-10-06T17:24:58.165863+00:00,2026-09-30
TNET,"TriNet Group, Inc.",Industrials,Staffing & Employment Services,0.44232602478551,0.9571020019065776,0.8541468064823642,0.4413145539906103,0.6919431279620853,0.352112676056338,0.5211267605633803,0.7511916110581506,0.5016242796431034,4,2026-10-06T142958Z,2026-10-06T17:24:58.165863+00:00,2026-09-30
TNL,Travel + Leisure Co.,Consumer Cyclical,Travel Services,0.4575786463298379,0.2011439466158246,0.213536701620591,0.2893081761006289,0.7721518987341772,0.7232704402515723,0.0754716981132075,0.29075309818875117,0.46505055329989653,4,2026-10-06T142958Z,2026-10-06T17:24:58.165863+00:00,2026-09-30
TOL,"Toll Brothers, Inc.",Consumer Cyclical,Residential Construction,0.3565300285986654,0.3584366062917063,0.3489037178265014,0.5911949685534591,0.1645569620253164,0.6981132075471698,0.8427672955974843,0.35462345090562436,0.5741581084308574,4,2026-10-06T142958Z,2026-10-06T17:24:58.165863+00:00,2026-09-30
TOST,"Toast, Inc.",Technology,Software - Infrastructure,0.2602478551000953,0.7235462345090562,0.5243088655862727,0.8495575221238938,0.8893805309734514,0.2610619469026549,0.9732142857142856,0.5027009850651414,0.7433035714285714,4,2026-10-06T142958Z,2026-10-06T17:24:58.165863+00:00,2026-09-30
TPC,Tutor Perini Corporation,Industrials,Engineering & Construction,0.7321258341277407,0.5567206863679695,0.6539561487130601,0.215962441314554,0.1848341232227488,0.5727699530516432,0.8967136150234741,0.6476008897362567,0.4675700331531051,4,2026-10-06T142958Z,2026-10-06T17:24:58.165863+00:00,2026-09-30
TPL,Texas Pacific Land Corporation,Energy,Oil & Gas E&P,0.5014299332697807,0.0781696854146806,0.1887511916110581,0.9931506849315068,0.9931506849315068,0.4931506849315068,0.9930555555555556,0.25611693676517316,0.8681269025875189,4,2026-10-06T142958Z,2026-10-06T17:24:58.165863+00:00,2026-09-30
TPR,"Tapestry, Inc.",Consumer Cyclical,Luxury Goods,0.4089609151572926,0.103908484270734,0.1582459485224022,0.9685534591194968,0.9746835443037974,0.9622641509433962,0.2327044025157232,0.22370511598347628,0.7845513892206033,4,2026-10-06T142958Z,2026-10-06T17:24:58.165863+00:00,2026-09-30
TREX,"Trex Company, Inc.",Industrials,Building Products & Equipment,0.1553860819828408,0.6816015252621545,0.6091515729265967,0.7934272300469484,0.6872037914691943,0.8028169014084507,0.755868544600939,0.4820463933905306,0.7598291168813831,4,2026-10-06T142958Z,2026-10-06T17:24:58.165863+00:00,2026-09-30
TRGP,Targa Resources Corp.,Energy,Oil & Gas Midstream,0.8970448045757865,0.669208770257388,0.792183031458532,0.726027397260274,0.7808219178082192,0.2876712328767123,0.0208333333333333,0.7861455354305688,0.4538384703196347,4,2026-10-06T142958Z,2026-10-06T17:24:58.165863+00:00,2026-09-30
TRLV,Trulieve Cannabis Corp.,Healthcare,Drug Manufacturers - Specialty & Generic,0.7168732125834127,0.9551954242135366,0.8570066730219257,0.189873417721519,0.4411764705882353,0.6875,0.5063291139240507,0.8430251032729584,0.4562197505584512,4,2026-10-06T142958Z,2026-10-06T17:24:58.165863+00:00,2026-09-30
TRMB,Trimble Inc.,Technology,Scientific & Technical Instruments,0.0934223069590085,0.1715919923736892,0.3498570066730219,0.1460176991150442,0.4734513274336283,0.588495575221239,0.5580357142857143,0.20495710200190653,0.4415000790139064,4,2026-10-06T142958Z,2026-10-06T17:24:58.165863+00:00,2026-09-30
TRN,"Trinity Industries, Inc.",Industrials,Railroads,0.3889418493803622,0.1344137273593899,0.1515729265967588,0.3380281690140845,0.0426540284360189,0.0469483568075117,0.056338028169014,0.22497616777883697,0.12099214560665728,4,2026-10-06T142958Z,2026-10-06T17:24:58.165863+00:00,2026-09-30
TSCO,Tractor Supply Company,Consumer Cyclical,Specialty Retail,0.0457578646329837,0.0505243088655862,0.0972354623450905,0.6226415094339622,0.689873417721519,0.1446540880503144,0.3144654088050314,0.06450587861455347,0.44290860600270676,4,2026-10-06T142958Z,2026-10-06T17:24:58.165863+00:00,2026-09-30
TSLA,"Tesla, Inc.",Consumer Cyclical,Auto Manufacturers,0.1887511916110581,0.4585319351763584,0.4041944709246902,0.1823899371069182,0.1075949367088607,0.3773584905660377,0.949685534591195,0.35049253257070223,0.4042572247432529,4,2026-10-06T142958Z,2026-10-06T17:24:58.165863+00:00,2026-09-30
TSN,"Tyson Foods, Inc.",Consumer Defensive,Farm Products,0.3050524308865586,0.0753098188751191,0.204003813155386,0.1904761904761904,0.0241935483870967,0.2096774193548387,0.7777777777777778,0.19478868763902124,0.3005312339989759,4,2026-10-06T142958Z,2026-10-06T17:24:58.165863+00:00,2026-09-30
TTC,The Toro Company,Industrials,Tools & Accessories,0.5919923736892279,0.2926596758817922,0.6224976167778837,0.7464788732394366,0.924170616113744,0.784037558685446,0.4741784037558685,0.5023832221163013,0.7322163629486238,4,2026-10-06T142958Z,2026-10-06T17:24:58.165863+00:00,2026-09-30
TTEK,"Tetra Tech, Inc.",Industrials,Engineering & Construction,0.428979980934223,0.6224976167778837,0.5338417540514776,0.7370892018779343,0.5213270142180095,0.6103286384976526,0.6525821596244131,0.5284397839211947,0.6303317535545023,4,2026-10-06T142958Z,2026-10-06T17:24:58.165863+00:00,2026-09-30
TTMI,"TTM Technologies, Inc.",Technology,Electronic Components,0.9122974261201144,0.667302192564347,0.6205910390848427,0.4778761061946903,0.1592920353982301,0.0884955752212389,0.4017857142857143,0.7333968859231014,0.2818623577749684,4,2026-10-06T142958Z,2026-10-06T17:24:58.165863+00:00,2026-09-30
TTWO,"Take-Two Interactive Software, Inc.",Communication Services,Electronic Gaming & Multimedia,0.1582459485224022,0.4899904671115348,0.2716873212583413,0.1276595744680851,0.7333333333333333,0.2127659574468085,0.5957446808510638,0.30664124563075945,0.41737588652482266,4,2026-10-06T142958Z,2026-10-06T17:24:58.165863+00:00,2026-09-30
TWLO,Twilio Inc.,Technology,Software - Infrastructure,0.9513822688274548,0.9513822688274548,0.9876072449952336,0.7433628318584071,0.3805309734513274,0.504424778761062,0.65625,0.963457260883381,0.5711421460176991,4,2026-10-06T142958Z,2026-10-06T17:24:58.165863+00:00,2026-09-30
TWST,Twist Bioscience Corporation,Healthcare,Biotechnology,0.9876072449952336,0.9876072449952336,0.9876072449952336,0.1772151898734177,0.5735294117647058,0.1180555555555555,0.7025316455696202,0.9876072449952336,0.3928329506908248,4,2026-10-06T142958Z,2026-10-06T17:24:58.165863+00:00,2026-09-30
TXG,"10x Genomics, Inc.",Healthcare,Medical Devices,0.9876072449952336,0.9876072449952336,0.9876072449952336,0.2721518987341772,0.7279411764705882,0.75,0.7911392405063291,0.9876072449952336,0.6353080789277736,4,2026-10-06T142958Z,2026-10-06T17:24:58.165863+00:00,2026-09-30
TXN,Texas Instruments Incorporated,Technology,Semiconductors,0.7473784556720686,0.7521448999046711,0.8265014299332698,0.8716814159292036,0.5353982300884956,0.7699115044247787,0.1919642857142857,0.7753415951700031,0.5922388590391909,4,2026-10-06T142958Z,2026-10-06T17:24:58.165863+00:00,2026-09-30
TXNM,"TXNM Energy, Inc.",Utilities,Utilities - Regulated Electric,0.3870352716873212,0.3050524308865586,0.5290753098188751,0.1272727272727272,0.7962962962962963,0.2545454545454545,0.2727272727272727,0.4070543374642517,0.3627104377104377,4,2026-10-06T142958Z,2026-10-06T17:24:58.165863+00:00,2026-09-30
TXRH,"Texas Roadhouse, Inc.",Consumer Cyclical,Restaurants,0.5262154432793136,0.6167778836987607,0.2383222116301239,0.7484276729559748,0.3987341772151899,0.4276729559748428,0.7295597484276729,0.46043851286939946,0.57609863864342,4,2026-10-06T142958Z,2026-10-06T17:24:58.165863+00:00,2026-09-30
TXT,Textron Inc.,Industrials,Aerospace & Defense,0.2373689227836034,0.1468064823641563,0.1553860819828408,0.4366197183098591,0.2417061611374407,0.3004694835680751,0.7136150234741784,0.1798538290435335,0.4231025966223883,4,2026-10-06T142958Z,2026-10-06T17:24:58.165863+00:00,2026-09-30
TYL,"Tyler Technologies, Inc.",Technology,Software - Application,0.100095328884652,0.5510009532888466,0.3746425166825548,0.4911504424778761,0.2920353982300885,0.831858407079646,0.3973214285714285,0.3419129329520178,0.5030914190897597,4,2026-10-06T142958Z,2026-10-06T17:24:58.165863+00:00,2026-09-30
U,Unity Software Inc.,Technology,Software - Application,0.4165872259294566,0.9647283126787416,0.9370829361296472,0.0707964601769911,0.2610619469026549,0.7433628318584071,0.2589285714285714,0.7727994915792817,0.3335374525916561,4,2026-10-06T142958Z,2026-10-06T17:24:58.165863+00:00,2026-09-30
UAL,"United Airlines Holdings, Inc.",Industrials,Airlines,0.5042897998093422,0.6596758817921831,0.5214489990467112,0.352112676056338,0.4597156398104265,0.2535211267605634,0.2582159624413145,0.5618048935494121,0.3308913512671606,4,2026-10-06T142958Z,2026-10-06T17:24:58.165863+00:00,2026-09-30
UBER,"Uber Technologies, Inc.",Technology,Software - Application,0.1163012392755004,0.4127740705433746,0.321258341277407,0.8451327433628318,0.6460176991150443,0.5353982300884956,0.4732142857142857,0.2834445503654273,0.6249407395701643,4,2026-10-06T142958Z,2026-10-06T17:24:58.165863+00:00,2026-09-30
UCTT,"Ultra Clean Holdings, Inc.",Technology,Semiconductor Equipment & Materials,0.9523355576739752,0.4099142040038132,0.5624404194470924,0.1415929203539823,0.2035398230088495,0.0575221238938053,0.1607142857142857,0.6415633937082935,0.1408422882427307,4,2026-10-06T142958Z,2026-10-06T17:24:58.165863+00:00,2026-09-30
UEC,Uranium Energy Corp.,Energy,Uranium,0.1715919923736892,0.109628217349857,0.0362249761677788,0.0410958904109589,0.0205479452054794,0.0205479452054794,,0.105815061963775,0.027397260273972563,3,2026-10-06T142958Z,2026-10-06T17:24:58.165863+00:00,2026-09-30
UFPI,"UFP Industries, Inc.",Basic Materials,Lumber & Wood Production,0.2278360343183984,0.1744518589132507,0.1782650142993327,0.5818181818181818,0.7454545454545455,0.3818181818181818,0.8545454545454545,0.19351763584366063,0.6409090909090909,4,2026-10-06T142958Z,2026-10-06T17:24:58.165863+00:00,2026-09-30
UGI,UGI Corporation,Utilities,Utilities - Regulated Gas,0.567206863679695,0.4137273593898951,0.5510009532888466,0.9090909090909092,0.9907407407407408,0.8545454545454545,0.4545454545454545,0.5106450587861455,0.8022306397306398,4,2026-10-06T142958Z,2026-10-06T17:24:58.165863+00:00,2026-09-30
UHAL-B,U-Haul Holding Company,Industrials,Rental & Leasing Services,0.5109628217349858,0.780743565300286,0.5653002859866539,0.1173708920187793,0.5781990521327014,0.0375586854460093,0.3051643192488263,0.619002224340642,0.25957323721157904,4,2026-10-06T142958Z,2026-10-06T17:24:58.165863+00:00,2026-09-30
UHS,"Universal Health Services, Inc.",Healthcare,Medical Care Facilities,0.1439466158245948,0.1982840800762631,0.430886558627264,0.7974683544303798,0.9889705882352942,0.3402777777777778,0.360759493670886,0.25770575150937397,0.6218690535285845,4,2026-10-06T142958Z,2026-10-06T17:24:58.165863+00:00,2026-09-30
ULS,UL Solutions Inc.,Industrials,Specialty Business Services,0.3851286939942803,0.1391801715919923,0.1201143946615824,0.9530516431924884,0.957345971563981,0.7230046948356808,0.8075117370892019,0.21480775341595168,0.8602285116703381,4,2026-10-06T142958Z,2026-10-06T17:24:58.165863+00:00,2026-09-30
ULTA,"Ulta Beauty, Inc.",Consumer Cyclical,Specialty Retail,0.3222116301239275,0.3441372735938989,0.4318398474737845,0.9308176100628932,0.930379746835443,0.5849056603773585,0.5849056603773585,0.3660629170638703,0.7577521694132633,4,2026-10-06T142958Z,2026-10-06T17:24:58.165863+00:00,2026-09-30
UNF,UniFirst Corporation,Industrials,Specialty Business Services,0.8436606291706387,0.4747378455672069,0.4871306005719733,0.3427230046948357,0.7914691943127962,0.2300469483568075,0.9483568075117372,0.601843025103273,0.5781489887190441,4,2026-10-06T142958Z,2026-10-06T17:24:58.165863+00:00,2026-09-30
UNFI,"United Natural Foods, Inc.",Consumer Defensive,Food Distribution,0.4337464251668255,0.2459485224022879,0.5004766444232602,0.1587301587301587,0.8548387096774194,0.064516129032258,0.3333333333333333,0.39339053066412455,0.35285458269329234,4,2026-10-06T142958Z,2026-10-06T17:24:58.165863+00:00,2026-09-30
UNH,UnitedHealth Group Incorporated,Healthcare,Healthcare Plans,0.5157292659675882,0.8541468064823642,0.6510962821734986,0.5822784810126582,0.4632352941176471,0.3541666666666667,0.5822784810126582,0.6736574515411503,0.4954897307024076,4,2026-10-06T142958Z,2026-10-06T17:24:58.165863+00:00,2026-09-30
UNP,Union Pacific Corporation,Industrials,Railroads,0.6177311725452812,0.652049571020019,0.6139180171591992,0.7793427230046949,0.2796208530805687,0.9671361502347418,0.1971830985915492,0.6278995869081666,0.5558207062278886,4,2026-10-06T142958Z,2026-10-06T17:24:58.165863+00:00,2026-09-30
UPS,"United Parcel Service, Inc.",Industrials,Integrated Freight & Logistics,0.6472831267874166,0.5061963775023832,0.2793136320305052,0.5446009389671361,0.4691943127962085,0.3568075117370892,0.2535211267605634,0.4775977121067683,0.40603097256524934,4,2026-10-06T142958Z,2026-10-06T17:24:58.165863+00:00,2026-09-30
URBN,"Urban Outfitters, Inc.",Consumer Cyclical,Apparel Retail,0.4489990467111535,0.680648236415634,0.7445185891325071,0.7547169811320755,0.7025316455696202,0.2893081761006289,0.7987421383647799,0.6247219574197649,0.6363247352917761,4,2026-10-06T142958Z,2026-10-06T17:24:58.165863+00:00,2026-09-30
URI,"United Rentals, Inc.",Industrials,Rental & Leasing Services,0.3584366062917063,0.8055290753098189,0.7511916110581506,0.6666666666666666,0.4928909952606635,0.244131455399061,0.1173708920187793,0.6383857642198919,0.3802650023362926,4,2026-10-06T142958Z,2026-10-06T17:24:58.165863+00:00,2026-09-30
USFD,US Foods Holding Corp.,Consumer Defensive,Food Distribution,0.7140133460438512,0.5919923736892279,0.5586272640610105,0.4285714285714285,0.7096774193548387,0.2419354838709677,0.4603174603174603,0.6215443279313632,0.46012544802867383,4,2026-10-06T142958Z,2026-10-06T17:24:58.165863+00:00,2026-09-30
UTHR,United Therapeutics Corporation,Healthcare,Drug Manufacturers - Specialty & Generic,0.4556720686367969,0.1248808388941849,0.5452812202097236,0.9556962025316456,0.6617647058823529,0.9513888888888888,0.8924050632911392,0.3752780425802351,0.8653137151485066,4,2026-10-06T142958Z,2026-10-06T17:24:58.165863+00:00,2026-09-30
UUUU,Energy Fuels Inc.,Energy,Uranium,0.1839847473784556,0.0667302192564347,0.0133460438512869,0.0547945205479452,0.0410958904109589,0.0205479452054794,0.1666666666666666,0.08802033682872573,0.07077625570776253,4,2026-10-06T142958Z,2026-10-06T17:24:58.165863+00:00,2026-09-30
VAC,Marriott Vacations Worldwide Corporation,Consumer Cyclical,Resorts & Casinos,0.7988560533841754,0.877025738798856,0.877025738798856,0.0628930817610062,0.2721518987341772,0.1383647798742138,0.2452830188679245,0.8509691769939626,0.17967319480933044,4,2026-10-06T142958Z,2026-10-06T17:24:58.165863+00:00,2026-09-30
VAL,Valaris Limited,Energy,Oil & Gas Drilling,0.8875119161105816,0.1696854146806482,0.5347950428979981,0.958904109589041,0.1095890410958904,0.1917808219178082,0.6527777777777778,0.530664124563076,0.4782629375951293,4,2026-10-06T142958Z,2026-10-06T17:24:58.165863+00:00,2026-09-30
VC,Visteon Corporation,Consumer Cyclical,Auto Parts,0.1801715919923737,0.5710200190657769,0.219256434699714,0.3333333333333333,0.1265822784810126,0.270440251572327,0.9182389937106918,0.32348268191928825,0.4121487142743412,4,2026-10-06T142958Z,2026-10-06T17:24:58.165863+00:00,2026-09-30
VECO,Veeco Instruments Inc.,Technology,Semiconductor Equipment & Materials,0.6453765490943756,0.678741658722593,0.8579599618684461,0.2345132743362832,0.2300884955752212,0.2168141592920354,0.5133928571428571,0.7273593898951383,0.29870219658659924,4,2026-10-06T142958Z,2026-10-06T17:24:58.165863+00:00,2026-09-30
VEEV,Veeva Systems Inc.,Healthcare,Health Information Services,0.2650142993326978,0.918970448045758,0.9285033365109628,0.8481012658227848,0.4779411764705882,0.9895833333333334,0.9240506329113924,0.7041626946298062,0.8099191021345247,4,2026-10-06T142958Z,2026-10-06T17:24:58.165863+00:00,2026-09-30
VFC,V.F. Corporation,Consumer Cyclical,Apparel Manufacturing,0.1906577693040991,0.0514775977121067,0.1448999046711153,0.2327044025157232,0.8227848101265823,0.4025157232704403,0.3459119496855345,0.12901175722910704,0.4509792213995701,4,2026-10-06T142958Z,2026-10-06T17:24:58.165863+00:00,2026-09-30
VIAV,Viavi Solutions Inc.,Technology,Communication Equipment,0.9876072449952336,0.204003813155386,0.8779790276453765,0.1504424778761062,0.5575221238938053,0.1946902654867256,0.3883928571428571,0.6898633619319986,0.32276193109987356,4,2026-10-06T142958Z,2026-10-06T17:24:58.165863+00:00,2026-09-30
VICR,Vicor Corporation,Technology,Electronic Components,0.9876072449952336,0.5910390848427073,0.9275500476644424,0.8672566371681416,0.5176991150442478,0.3230088495575221,0.9464285714285714,0.8353987925007944,0.6635982932996207,4,2026-10-06T142958Z,2026-10-06T17:24:58.165863+00:00,2026-09-30
VLO,Valero Energy Corporation,Energy,Oil & Gas Refining & Marketing,0.9542421353670162,0.8913250714966635,0.9742612011439468,0.863013698630137,0.7123287671232876,0.3835616438356164,0.75,0.9399428026692088,0.6772260273972603,4,2026-10-06T142958Z,2026-10-06T17:24:58.165863+00:00,2026-09-30
VLTO,Veralto Corporation,Industrials,Pollution & Treatment Controls,0.2411820781696854,0.5157292659675882,0.5958055290753098,0.8685446009389671,0.914691943127962,0.8779342723004695,0.2676056338028169,0.45090562440419446,0.732194112542554,4,2026-10-06T142958Z,2026-10-06T17:24:58.165863+00:00,2026-09-30
VMC,Vulcan Materials Company,Basic Materials,Building Materials,0.1897044804575786,0.1820781696854146,0.1868446139180171,0.6,0.3818181818181818,0.7636363636363637,0.509090909090909,0.18620908802033675,0.5636363636363636,4,2026-10-06T142958Z,2026-10-06T17:24:58.165863+00:00,2026-09-30
VNOM,"Viper Energy, Inc.",Energy,Oil & Gas Midstream,0.6091515729265967,0.2983794089609151,0.3889418493803622,0.1506849315068493,0.2191780821917808,0.5342465753424658,0.8333333333333334,0.4321576104226246,0.43436073059360736,4,2026-10-06T142958Z,2026-10-06T17:24:58.165863+00:00,2026-09-30
VNT,Vontier Corporation,Technology,Scientific & Technical Instruments,0.1210676835081029,0.1935176358436606,0.334604385128694,0.6415929203539823,0.5929203539823009,0.3628318584070796,0.1071428571428571,0.2163965681601525,0.426121997471555,4,2026-10-06T142958Z,2026-10-06T17:24:58.165863+00:00,2026-09-30
VRNS,"Varonis Systems, Inc.",Technology,Software - Infrastructure,0.1124880838894185,0.9704480457578646,0.9313632030505244,0.0752212389380531,0.5309734513274337,0.4823008849557522,0.2946428571428571,0.6714331108992692,0.34578460809102407,4,2026-10-06T142958Z,2026-10-06T17:24:58.165863+00:00,2026-09-30
VRSK,"Verisk Analytics, Inc.",Industrials,Consulting Services,0.109628217349857,0.3622497616777884,0.1811248808388942,0.988262910798122,0.943127962085308,0.988262910798122,0.0164319248826291,0.2176676199555132,0.7340214271410452,4,2026-10-06T142958Z,2026-10-06T17:24:58.165863+00:00,2026-09-30
VRSN,"VeriSign, Inc.",Technology,Software - Infrastructure,0.4194470924690181,0.4728312678741658,0.7035271687321258,0.9889380530973452,0.9889380530973452,0.9889380530973452,0.015625,0.5319351763584366,0.7456097898230089,4,2026-10-06T142958Z,2026-10-06T17:24:58.165863+00:00,2026-09-30
VRT,Vertiv Holdings Co,Industrials,Electrical Equipment & Parts,0.8493803622497617,0.3717826501429933,0.3927550047664442,0.8450704225352113,0.7345971563981043,0.9624413145539906,0.7089201877934272,0.5379726723863998,0.8127572703201833,4,2026-10-06T142958Z,2026-10-06T17:24:58.165863+00:00,2026-09-30
VRTX,Vertex Pharmaceuticals Incorporated,Healthcare,Biotechnology,0.7006673021925643,0.7511916110581506,0.6253574833174452,0.930379746835443,0.6838235294117647,0.9236111111111112,0.810126582278481,0.69240546552272,0.8369852424091999,4,2026-10-06T142958Z,2026-10-06T17:24:58.165863+00:00,2026-09-30
VSAT,"Viasat, Inc.",Technology,Communication Equipment,0.9551954242135366,0.8274547187797903,0.7626310772163966,0.163716814159292,0.0530973451327433,0.3539823008849557,0.1160714285714285,0.8484270734032412,0.17171697218710488,4,2026-10-06T142958Z,2026-10-06T17:24:58.165863+00:00,2026-09-30
VSEC,VSE Corporation,Industrials,Aerospace & Defense,0.5881792183031459,0.446139180171592,0.1572926596758818,0.1877934272300469,0.0165876777251184,0.1173708920187793,0.6572769953051644,0.3972036860502066,0.24475724806977725,4,2026-10-06T142958Z,2026-10-06T17:24:58.165863+00:00,2026-09-30
VSH,"Vishay Intertechnology, Inc.",Technology,Semiconductors,0.9170638703527167,0.9170638703527167,0.8446139180171592,0.1946902654867256,0.1194690265486725,0.0973451327433628,0.5,0.8929138862408642,0.22787610619469023,4,2026-10-06T142958Z,2026-10-06T17:24:58.165863+00:00,2026-09-30
VST,Vistra Corp.,Utilities,Utilities - Independent Power Producers,0.0762631077216396,0.2316491897044804,0.3450905624404194,0.990909090909091,0.925925925925926,0.9272727272727272,0.3454545454545454,0.21766761995551312,0.7973905723905724,4,2026-10-06T142958Z,2026-10-06T17:24:58.165863+00:00,2026-09-30
VTRS,Viatris Inc.,Healthcare,Drug Manufacturers - Specialty & Generic,0.8789323164918971,0.7483317445185891,0.7902764537654909,0.3734177215189873,0.1029411764705882,0.5833333333333334,0.2784810126582278,0.8058468382586591,0.33454331099528417,4,2026-10-06T142958Z,2026-10-06T17:24:58.165863+00:00,2026-09-30
VVV,Valvoline Inc.,Consumer Cyclical,Auto & Truck Dealerships,0.2020972354623451,0.2068636796949475,0.2240228789323164,0.2389937106918239,0.3164556962025316,0.4528301886792453,0.2767295597484276,0.21099459802986967,0.3212522888305071,4,2026-10-06T142958Z,2026-10-06T17:24:58.165863+00:00,2026-09-30
VVX,"V2X, Inc.",Industrials,Aerospace & Defense,0.6539561487130601,0.4795042897998093,0.434699714013346,0.2629107981220657,0.1800947867298578,0.1971830985915492,0.4084507042253521,0.5227200508420718,0.2621598469172062,4,2026-10-06T142958Z,2026-10-06T17:24:58.165863+00:00,2026-09-30
VZ,Verizon Communications Inc.,Communication Services,Telecom Services,0.6053384175405148,0.444232602478551,0.5138226882745471,0.5319148936170213,0.4222222222222222,0.5957446808510638,0.2553191489361702,0.5211312360978709,0.45130023640661937,4,2026-10-06T142958Z,2026-10-06T17:24:58.165863+00:00,2026-09-30
W,Wayfair Inc.,Consumer Cyclical,Internet Retail,0.4737845567206863,0.797902764537655,0.8360343183984748,0.0157232704402515,0.990506329113924,0.2138364779874214,0.0314465408805031,0.7025738798856054,0.312878154605525,4,2026-10-06T142958Z,2026-10-06T17:24:58.165863+00:00,2026-09-30
WAB,Westinghouse Air Brake Technologies Corporation,Industrials,Railroads,0.7435653002859867,0.5224022878932316,0.7273593898951383,0.460093896713615,0.3601895734597156,0.7605633802816901,0.5164319248826291,0.6644423260247855,0.5243196938344125,4,2026-10-06T142958Z,2026-10-06T17:24:58.165863+00:00,2026-09-30
WAT,Waters Corporation,Healthcare,Diagnostics & Research,0.6444232602478551,0.8102955195424214,0.8408007626310772,0.3924050632911392,0.0441176470588235,0.4861111111111111,0.6139240506329114,0.7651731808071179,0.3841394680234963,4,2026-10-06T142958Z,2026-10-06T17:24:58.165863+00:00,2026-09-30
WAY,Waystar Holding Corp.,Healthcare,Health Information Services,0.0619637750238322,0.5147759771210677,0.678741658722593,0.4810126582278481,0.0955882352941176,0.7569444444444444,0.5379746835443038,0.41849380362249766,0.4678800053776785,4,2026-10-06T142958Z,2026-10-06T17:24:58.165863+00:00,2026-09-30
WBD,"Warner Bros. Discovery, Inc.",Communication Services,Entertainment,0.7721639656816015,0.3660629170638703,0.7302192564346998,0.1702127659574468,0.2444444444444444,0.2765957446808511,0.574468085106383,0.6228153797267239,0.3164302600472813,4,2026-10-06T142958Z,2026-10-06T17:24:58.165863+00:00,2026-09-30
WCC,"WESCO International, Inc.",Industrials,Industrial Distribution,0.8236415633937083,0.6863679694947569,0.8236415633937083,0.3333333333333333,0.7488151658767772,0.1455399061032863,0.3004694835680751,0.7778836987607245,0.38203947222036794,4,2026-10-06T142958Z,2026-10-06T17:24:58.165863+00:00,2026-09-30
WDAY,"Workday, Inc.",Technology,Software - Application,0.215443279313632,0.90371782650143,0.8379408960915157,0.6017699115044248,0.8053097345132744,0.7920353982300885,0.4196428571428571,0.6523673339688592,0.6546894753476612,4,2026-10-06T142958Z,2026-10-06T17:24:58.165863+00:00,2026-09-30
WDC,Western Digital Corporation,Technology,Computer Hardware,0.9876072449952336,0.86558627264061,0.7006673021925643,0.9889380530973452,0.7522123893805309,0.7610619469026548,0.6919642857142857,0.8512869399428027,0.7985441687737042,4,2026-10-06T142958Z,2026-10-06T17:24:58.165863+00:00,2026-09-30
WEC,"WEC Energy Group, Inc.",Utilities,Utilities - Regulated Electric,0.3079122974261201,0.1897044804575786,0.3021925643469971,0.7454545454545455,0.2962962962962963,0.4363636363636363,0.6,0.2666031140768986,0.5195286195286195,4,2026-10-06T142958Z,2026-10-06T17:24:58.165863+00:00,2026-09-30
WEX,WEX Inc.,Technology,Software - Infrastructure,0.5900857959961868,0.7111534795042898,0.6329837940896091,0.2610619469026549,0.0575221238938053,0.1194690265486725,0.2723214285714285,0.6447410231966951,0.17759363147914028,4,2026-10-06T142958Z,2026-10-06T17:24:58.165863+00:00,2026-09-30
WFRD,Weatherford International plc,Energy,Oil & Gas Equipment & Services,0.7683508102955195,0.328884652049571,0.2268827454718779,0.6575342465753424,0.9315068493150684,0.5616438356164384,0.375,0.44137273593898946,0.6314212328767124,4,2026-10-06T142958Z,2026-10-06T17:24:58.165863+00:00,2026-09-30
WGS,GeneDx Holdings Corp.,Healthcare,Diagnostics & Research,0.0886558627264061,0.7740705433746425,0.432793136320305,0.1582278481012658,0.875,0.1458333333333333,0.3417721518987341,0.43183984747378457,0.38020833333333326,4,2026-10-06T142958Z,2026-10-06T17:24:58.165863+00:00,2026-09-30
WH,"Wyndham Hotels & Resorts, Inc.",Consumer Cyclical,Lodging,0.2144899904671115,0.105815061963775,0.2974261201143947,0.4088050314465409,0.2151898734177215,0.9685534591194968,0.2075471698113207,0.20591039084842708,0.4500238834487699,4,2026-10-06T142958Z,2026-10-06T17:24:58.165863+00:00,2026-09-30
WHD,"Cactus, Inc.",Energy,Oil & Gas Equipment & Services,0.9065776930409916,0.8608198284080076,0.7607244995233555,0.5753424657534246,0.7534246575342466,0.863013698630137,0.9722222222222222,0.8427073403241182,0.7910007610350076,4,2026-10-06T142958Z,2026-10-06T17:24:58.165863+00:00,2026-09-30
WING,Wingstop Inc.,Consumer Cyclical,Restaurants,0.0133460438512869,0.0133460438512869,0.0133460438512869,0.9371069182389936,0.8037974683544303,0.8867924528301887,0.0157232704402515,0.013346043851286899,0.660855027465966,4,2026-10-06T142958Z,2026-10-06T17:24:58.165863+00:00,2026-09-30
WK,Workiva Inc.,Technology,Software - Application,0.221163012392755,0.7759771210676835,0.7416587225929456,0.3274336283185841,0.8672566371681416,0.5929203539823009,0.0401785714285714,0.5795996186844613,0.4569472977243995,4,2026-10-06T142958Z,2026-10-06T17:24:58.165863+00:00,2026-09-30
WLK,Westlake Corporation,Basic Materials,Specialty Chemicals,0.2745471877979027,0.0133460438512869,0.0467111534795042,0.0272727272727272,0.0909090909090909,0.0909090909090909,0.4727272727272727,0.11153479504289794,0.17045454545454541,4,2026-10-06T142958Z,2026-10-06T17:24:58.165863+00:00,2026-09-30
WLY,"John Wiley & Sons, Inc.",Communication Services,Publishing,0.665395614871306,0.7912297426120114,0.8150619637750238,0.7872340425531915,0.7555555555555555,0.5106382978723404,0.3191489361702128,0.7572291070861138,0.593144208037825,4,2026-10-06T142958Z,2026-10-06T17:24:58.165863+00:00,2026-09-30
WM,"Waste Management, Inc.",Industrials,Waste Management,0.3727359389895138,0.2306959008579599,0.3117254528122021,0.5258215962441315,0.5450236966824644,0.7370892018779343,0.1032863849765258,0.3050524308865586,0.477805219945264,4,2026-10-06T142958Z,2026-10-06T17:24:58.165863+00:00,2026-09-30
WMB,"The Williams Companies, Inc.",Energy,Oil & Gas Midstream,0.5471877979027645,0.3460438512869399,0.5176358436606292,0.3972602739726027,0.4931506849315068,0.1780821917808219,0.1111111111111111,0.4702891642834445,0.2949010654490107,4,2026-10-06T142958Z,2026-10-06T17:24:58.165863+00:00,2026-09-30
WMG,Warner Music Group Corp.,Communication Services,Entertainment,0.2106768350810295,0.5938989513822688,0.4299332697807436,0.7659574468085106,0.6222222222222222,0.1702127659574468,0.2765957446808511,0.411503018748014,0.4587470449172577,4,2026-10-06T142958Z,2026-10-06T17:24:58.165863+00:00,2026-09-30
WMS,"Advanced Drainage Systems, Inc.",Industrials,Building Products & Equipment,0.2669208770257388,0.2440419447092469,0.2373689227836034,0.7417840375586855,0.6966824644549763,0.8309859154929577,0.272300469483568,0.24944391483952968,0.6354382217475469,4,2026-10-06T142958Z,2026-10-06T17:24:58.165863+00:00,2026-09-30
WMT,Walmart Inc.,Consumer Defensive,Discount Stores,0.4137273593898951,0.1067683508102955,0.2392755004766444,0.5873015873015873,0.9032258064516128,0.1774193548387097,0.746031746031746,0.25325707022561167,0.603494623655914,4,2026-10-06T142958Z,2026-10-06T17:24:58.165863+00:00,2026-09-30
WOR,"Worthington Enterprises, Inc.",Industrials,Metal Fabrication,0.4613918017159199,0.6406101048617732,0.7149666348903718,0.6995305164319249,0.4881516587677725,0.7136150234741784,0.7464788732394366,0.605656180489355,0.661944017978328,4,2026-10-06T142958Z,2026-10-06T17:24:58.165863+00:00,2026-09-30
WRBY,Warby Parker Inc.,Healthcare,Medical Instruments & Supplies,0.205910390848427,0.5204957102001907,0.6177311725452812,0.4113924050632911,0.8897058823529411,0.2777777777777778,0.3734177215189873,0.448045757864633,0.4880734466782493,4,2026-10-06T142958Z,2026-10-06T17:24:58.165863+00:00,2026-09-30
WSM,"Williams-Sonoma, Inc.",Consumer Cyclical,Specialty Retail,0.5100095328884652,0.6978074356530028,0.765490943755958,0.9622641509433962,0.9240506329113924,0.8616352201257862,0.7547169811320755,0.657769304099142,0.8756667462781627,4,2026-10-06T142958Z,2026-10-06T17:24:58.165863+00:00,2026-09-30
WSO,"Watsco, Inc.",Industrials,Industrial Distribution,0.1220209723546234,0.0972354623450905,0.0934223069590085,0.7276995305164319,0.9004739336492891,0.5305164319248826,0.8685446009389671,0.10422624721957413,0.7568086242573926,4,2026-10-06T142958Z,2026-10-06T17:24:58.165863+00:00,2026-09-30
WST,"West Pharmaceutical Services, Inc.",Healthcare,Medical Instruments & Supplies,0.6167778836987607,0.7902764537654909,0.8617731172545281,0.879746835443038,0.5147058823529411,0.6180555555555556,0.7848101265822784,0.7562758182395933,0.6993295999834532,4,2026-10-06T142958Z,2026-10-06T17:24:58.165863+00:00,2026-09-30
WTRG,"Essential Utilities, Inc.",Utilities,Utilities - Regulated Water,0.4756911344137273,0.3822688274547188,0.4966634890371783,0.6181818181818182,0.2037037037037037,0.3636363636363636,0.6181818181818182,0.45154115030187486,0.4509259259259259,4,2026-10-06T142958Z,2026-10-06T17:24:58.165863+00:00,2026-09-30
WTTR,"Select Water Solutions, Inc.",Energy,Oil & Gas Equipment & Services,0.915157292659676,0.7931363203050524,0.8465204957102002,0.2465753424657534,0.5342465753424658,0.1506849315068493,0.8055555555555556,0.851604702891643,0.434265601217656,4,2026-10-06T142958Z,2026-10-06T17:24:58.165863+00:00,2026-09-30
WWD,"Woodward, Inc.",Industrials,Aerospace & Defense,0.6959008579599618,0.1534795042897998,0.2917063870352717,0.812206572769953,0.5829383886255924,0.4976525821596244,0.5774647887323944,0.3803622497616778,0.6175655830718911,4,2026-10-06T142958Z,2026-10-06T17:24:58.165863+00:00,2026-09-30
WYNN,"Wynn Resorts, Limited",Consumer Cyclical,Resorts & Casinos,0.0648236415633937,0.1458531935176358,0.0571973307912297,0.2830188679245283,0.3481012658227848,0.7169811320754716,0.0440251572327044,0.08929138862408638,0.3480316057638723,4,2026-10-06T142958Z,2026-10-06T17:24:58.165863+00:00,2026-09-30
XEL,Xcel Energy Inc.,Utilities,Utilities - Regulated Electric,0.3031458531935176,0.2373689227836034,0.3183984747378455,0.4909090909090909,0.3333333333333333,0.0545454545454545,0.4,0.2863044169049888,0.3196969696969697,4,2026-10-06T142958Z,2026-10-06T17:24:58.165863+00:00,2026-09-30
XMTR,"Xometry, Inc.",Industrials,Industrial Distribution,0.8989513822688274,0.9876072449952336,0.9523355576739752,0.0657276995305164,0.8199052132701422,0.1032863849765258,0.4366197183098591,0.946298061646012,0.35638475402176084,4,2026-10-06T142958Z,2026-10-06T17:24:58.165863+00:00,2026-09-30
XOM,ExxonMobil Holdings Corporation,Energy,Oil & Gas Integrated,0.786463298379409,0.3107721639656816,0.7111534795042898,0.6301369863013698,0.6575342465753424,0.4794520547945205,0.9305555555555556,0.6027963139497935,0.674419710806697,4,2026-10-06T142958Z,2026-10-06T17:24:58.165863+00:00,2026-09-30
XPO,"XPO, Inc.",Industrials,Trucking,0.763584366062917,0.1506196377502383,0.3679694947569113,0.4131455399061033,0.2037914691943128,0.380281690140845,0.1267605633802817,0.42739116619002226,0.2809948156553857,4,2026-10-06T142958Z,2026-10-06T17:24:58.165863+00:00,2026-09-30
XXI,"Twenty One Capital, Inc.",Consumer Defensive,Education & Training Services,0.0133460438512869,0.3060057197330791,0.4642516682554814,0.0238095238095238,,,0.8412698412698413,0.2612011439466158,0.43253968253968256,2,2026-10-06T142958Z,2026-10-06T17:24:58.165863+00:00,2026-09-30
XYL,Xylem Inc.,Industrials,Specialty Industrial Machinery,0.0829361296472831,0.1258341277407054,0.1668255481410867,0.5070422535211268,0.4739336492890995,0.5774647887323944,0.7699530516431925,0.12519860184302506,0.5820984357964533,4,2026-10-06T142958Z,2026-10-06T17:24:58.165863+00:00,2026-09-30
XYZ,"Block, Inc.",Technology,Software - Infrastructure,0.4261201143946616,0.8245948522402288,0.6720686367969495,0.2079646017699115,0.4557522123893805,0.4292035398230088,0.5401785714285714,0.6409278678106133,0.408274731352718,4,2026-10-06T142958Z,2026-10-06T17:24:58.165863+00:00,2026-09-30
YETI,"YETI Holdings, Inc.",Consumer Cyclical,Leisure,0.5481410867492851,0.5386081982840801,0.2821734985700667,0.8553459119496856,0.9683544303797468,0.6729559748427673,0.8616352201257862,0.4563075945344773,0.8395728843244965,4,2026-10-06T142958Z,2026-10-06T17:24:58.165863+00:00,2026-09-30
YOU,"Clear Secure, Inc.",Technology,Software - Application,0.7530981887511916,0.1124880838894185,0.223069590085796,0.7035398230088495,0.7610619469026548,0.9889380530973452,0.7008928571428571,0.3628852875754687,0.7886081700379267,4,2026-10-06T142958Z,2026-10-06T17:24:58.165863+00:00,2026-09-30
YUM,"Yum! Brands, Inc.",Consumer Cyclical,Restaurants,0.3546234509056244,0.2707340324118207,0.2507149666348903,0.9905660377358492,0.6708860759493671,0.9182389937106918,0.0157232704402515,0.2920241499841118,0.6488535944590399,4,2026-10-06T142958Z,2026-10-06T17:24:58.165863+00:00,2026-09-30
ZBH,"Zimmer Biomet Holdings, Inc.",Healthcare,Medical Devices,0.3317445185891325,0.4928503336510962,0.5195424213536701,0.5189873417721519,0.4044117647058823,0.6944444444444444,0.3670886075949367,0.4480457578646329,0.49623303962935383,4,2026-10-06T142958Z,2026-10-06T17:24:58.165863+00:00,2026-09-30
ZBRA,Zebra Technologies Corporation,Technology,Communication Equipment,0.5719733079122974,0.9275500476644424,0.9265967588179218,0.5132743362831859,0.5707964601769911,0.4247787610619469,0.2455357142857142,0.8087067047982206,0.4385963179519595,4,2026-10-06T142958Z,2026-10-06T17:24:58.165863+00:00,2026-09-30
ZETA,Zeta Global Holdings Corp.,Technology,Software - Infrastructure,0.86558627264061,0.9876072449952336,0.9637750238322212,0.168141592920354,0.915929203539823,0.3716814159292035,0.6071428571428571,0.9389895138226882,0.5157237673830594,4,2026-10-06T142958Z,2026-10-06T17:24:58.165863+00:00,2026-09-30
ZG,"Zillow Group, Inc.",Communication Services,Internet Content & Information,0.0133460438512869,0.1105815061963775,0.0133460438512869,0.3404255319148936,0.6888888888888889,0.3191489361702128,0.9361702127659576,0.045757864632983765,0.5711583924349882,4,2026-10-06T142958Z,2026-10-06T17:24:58.165863+00:00,2026-09-30
ZM,"Zoom Communications, Inc.",Technology,Software - Application,0.559580552907531,0.6482364156339371,0.5605338417540515,0.9469026548672568,0.4690265486725664,0.9380530973451328,0.9888392857142856,0.5894502700985066,0.8357053966498104,4,2026-10-06T142958Z,2026-10-06T17:24:58.165863+00:00,2026-09-30
ZS,"Zscaler, Inc.",Technology,Software - Infrastructure,0.0371782650142993,0.7378455672068637,0.8474737845567207,0.1548672566371681,0.5796460176991151,0.6814159292035398,0.4241071428571428,0.5408325389259613,0.46000908659924145,4,2026-10-06T142958Z,2026-10-06T17:24:58.165863+00:00,2026-09-30
ZTS,Zoetis Inc.,Healthcare,Drug Manufacturers - Specialty & Generic,0.0266920877025738,0.0133460438512869,0.0438512869399428,0.9493670886075948,0.75,0.8472222222222222,0.1075949367088607,0.027963139497934497,0.6635460618846695,4,2026-10-06T142958Z,2026-10-06T17:24:58.165863+00:00,2026-09-30
ZWS,Zurn Elkay Water Solutions Corporation,Industrials,Pollution & Treatment Controls,0.3593898951382269,0.4318398474737845,0.4852240228789323,0.7605633802816901,0.7819905213270142,0.9389671361502347,0.7323943661971831,0.4254845884969812,0.8034788509890305,4,2026-10-06T142958Z,2026-10-06T17:24:58.165863+00:00,2026-09-30
